"炼雀老磊","瘤开(矫)","瘤开(焙)","乞闭 扁柯(∑C)","弥绊 扁柯(∑C)","弥历 扁柯(∑C)","傈斥 扁柯(∑C)","乞斥 扁柯(∑C)","乞斥 弥绊 扁柯(∑C)","乞斥 弥历 扁柯(∑C)","乞闭 碍荐樊(mm)","傈斥 碍荐樊(mm)","乞斥 碍荐樊(mm)","乞闭 老炼矫埃(hr)","傈斥 老炼矫埃(hr)","乞斥 老炼矫埃(hr)","乞闭 老荤樊(MJ/С)","傈斥 老荤樊(MJ/С)","乞斥 老荤樊(MJ/С)","乞闭 嚼档(%)","傈斥 嚼档(%)","乞斥 嚼档(%)","乞闭 款樊(1/10)","傈斥 款樊(1/10)","乞斥 款樊(1/10)","乞闭 利汲樊(cm)","傈斥 利汲樊(cm)","乞斥 利汲樊(cm)","乞闭 鉴埃弥措浅加(m/s)","傈斥 鉴埃弥措浅加(m/s)","乞斥 鉴埃弥措浅加(m/s)"
"20241231","堡林","巢备","4.1","6.5","0.2","5.9","1.2","5.9","-2.7","0.0","0.8","0.9","9.1","0.1","4.9","12.99","1.92","0.0","54.9","89.6","68.2","0.0","9.4","4.7","0.0","0.0","0.0","8.6","9.4","1.7"
"20241230","堡林","巢备","5.8","11.6","1.5","3.9","1.2","5.9","-2.7","0.0","0.5","1.0","3.4","0.9","5.0","6.74","5.36","0.0","72.9","90.3","67.3","6.6","6.8","4.7","0.0","0.0","0.0","7.1","2.8","1.7"
"20241229","堡林","巢备","3.5","7.9","-0.6","3.2","1.3","6.0","-2.5","0.0","0.0","1.1","8.0","7.9","5.2","11.87","10.94","0.0","71.8","84.3","65.5","2.4","0.6","4.5","2.0","0.0","0.0","5.7","3.8","1.8"
"20241228","堡林","巢备","0.3","2.0","-1.4","3.5","1.5","6.2","-2.2","3.2","0.0","1.1","4.4","5.1","5.2","6.86","7.95","0.0","82.0","87.4","64.8","8.5","1.1","4.6","8.2","0.0","0.0","6.1","5.4","1.8"
"20241227","堡林","巢备","2.0","4.3","0.2","4.9","1.7","6.5","-2.0","0.7","0.0","0.9","2.9","8.0","5.4","7.99","11.08","0.0","66.8","85.5","64.7","8.1","2.6","4.4","0.8","0.0","0.0","12.3","3.3","1.8"
"20241226","堡林","巢备","3.6","8.1","1.9","3.5","2.0","6.8","-1.8","0.0","0.0","1.0","5.7","5.6","5.5","9.49","9.7","0.0","67.8","83.3","65.1","5.6","8.3","4.4","0.0","0.0","0.0","8.7","4.3","1.8"
"20241225","堡林","巢备","3.5","7.7","-0.5","1.2","2.4","7.2","-1.4","0.0","0.0","1.0","2.8","3.1","5.5","8.02","7.39","0.0","72.6","84.9","66.2","6.5","6.4","4.5","0.0","0.0","0.0","5.6","5.6","1.8"
"20241224","堡林","巢备","3.7","8.2","0.4","0.3","2.7","7.6","-1.2","0.0","0.1","0.8","7.4","3.2","5.3","11.68","7.02","0.0","64.1","88.3","68.2","3.6","7.9","4.6","0.0","2.4","0.0","4.8","4.0","1.7"
"20241223","堡林","巢备","2.6","8.5","-3.1","-2.1","3.0","8.0","-1.0","0.0","0.0","1.0","7.5","8.4","5.0","10.78","11.13","0.0","66.6","73.6","69.6","5.1","3.6","4.7","0.0","2.1","0.0","5.3","5.4","1.6"
"20241222","堡林","巢备","0.3","3.5","-1.7","-5.8","3.2","8.2","-0.8","0.0","0.0","1.1","8.9","9.1","4.9","12.86","12.93","0.0","57.0","73.5","69.9","2.8","1.4","4.7","0.0","3.6","0.0","9.5","6.7","1.6"
"20241221","堡林","巢备","2.5","5.2","0.8","-6.4","3.2","8.1","-0.9","0.6","0.5","1.1","2.9","5.3","4.8","7.15","9.47","0.0","74.3","83.9","70.0","9.3","5.6","4.7","0.0","6.4","0.0","9.8","7.0","1.6"
"20241220","堡林","巢备","2.3","6.9","-2.3","-1.6","3.0","7.9","-1.1","0.0","0.9","1.0","3.8","2.4","5.0","7.33","6.14","0.0","66.3","92.4","69.0","7.6","7.5","4.7","0.0","3.1","0.0","5.4","6.8","1.6"
"20241219","堡林","巢备","0.3","6.5","-4.6","1.7","2.8","7.6","-1.1","0.0","0.0","1.1","7.6","1.5","4.9","11.83","6.04","0.0","53.0","65.5","68.5","1.9","7.5","4.7","0.0","0.0","0.0","7.9","5.5","1.7"
"20241218","堡林","巢备","0.8","3.7","-1.9","-2.3","2.7","7.5","-1.2","0.0","0.0","0.8","0.0","4.3","5.0","0.0","7.84","0.0","67.5","68.8","67.2","5.9","7.8","4.8","0.0","1.9","0.0","6.3","6.8","1.7"
"20241217","堡林","巢备","4.3","8.9","0.8","-4.3","2.7","7.4","-1.3","0.0","0.0","0.7","8.3","7.0","5.2","11.84","4.21","0.0","61.8","76.5","66.1","4.4","4.4","4.8","0.0","11.0","0.0","5.8","6.4","1.8"
"20241216","堡林","巢备","4.8","8.1","1.4","0.3","2.7","7.4","-1.2","0.0","7.5","0.7","4.3","0.4","5.1","9.04","3.73","0.0","61.9","98.8","65.4","6.8","10.0","5.0","0.0","11.0","0.0","4.8","7.3","1.9"
"20241215","堡林","巢备","4.3","6.9","0.6","11.0","2.9","7.6","-1.0","1.5","27.1","0.8","0.8","0.0","4.8","3.49","1.65","0.0","70.8","99.0","65.6","7.3","10.0","5.1","0.0","0.0","0.0","8.3","6.8","1.8"
"20241214","堡林","巢备","1.9","4.5","-0.6","11.4","3.1","7.7","-0.9","0.1","19.4","0.8","2.8","0.0","4.9","7.06","1.53","0.0","78.9","93.1","65.0","6.9","9.8","5.1","1.0","0.0","0.0","6.5","4.0","1.8"
"20241213","堡林","巢备","2.6","7.3","0.3","10.8","3.3","7.8","-0.5","1.2","0.0","0.7","2.4","2.4","4.9","6.2","8.64","0.0","64.0","86.6","65.3","5.8","8.1","5.2","0.0","0.0","0.0","8.3","4.9","1.9"
"20241212","堡林","巢备","3.5","8.0","-0.1","9.4","3.5","8.0","-0.3","0.0","0.2","1.1","7.9","0.2","4.8","11.97","2.64","0.0","54.8","99.0","66.3","2.5","9.3","5.2","0.0","0.0","0.0","5.9","5.8","1.8"
"20241211","堡林","巢备","5.3","10.2","2.5","13.3","3.7","8.3","-0.2","0.0","21.4","1.2","5.9","0.0","4.8","9.02","1.68","0.0","58.1","99.0","66.5","4.8","10.0","5.2","0.0","0.0","0.0","4.3","7.9","1.8"
"20241210","堡林","巢备","5.1","9.6","2.2","15.3","3.8","8.4","-0.2","0.0","1.4","1.3","8.9","2.4","4.9","12.0","6.93","0.0","64.8","89.0","66.7","3.4","8.3","5.1","0.0","0.0","0.0","6.5","5.0","1.8"
"20241209","堡林","巢备","4.3","8.1","0.1","15.9","4.0","8.6","0.0","0.0","0.0","1.3","2.3","3.4","4.8","7.2","7.66","0.0","63.1","89.1","67.5","7.3","5.3","5.2","0.0","0.0","0.0","4.8","5.7","1.8"
"20241208","堡林","巢备","2.3","6.4","0.3","14.1","4.0","8.6","-0.1","0.3","0.0","1.8","6.6","8.5","5.0","10.86","11.37","0.0","71.8","75.6","67.6","3.1","2.1","5.0","0.2","0.0","0.0","8.8","10.6","1.7"
"20241207","堡林","巢备","2.5","4.1","0.5","8.7","3.9","8.6","-0.1","1.7","0.0","1.7","1.5","8.7","4.8","4.53","12.05","0.0","80.1","54.8","67.4","6.3","0.0","5.1","0.0","0.0","0.0","4.2","7.5","1.8"
"20241206","堡林","巢备","6.4","9.6","3.5","8.7","4.1","8.8","0.1","0.3","0.4","2.0","4.8","0.7","4.8","7.4","6.2","0.0","64.9","85.5","68.1","5.4","7.4","5.2","0.0","0.0","0.0","6.1","9.2","1.8"
"20241205","堡林","巢备","7.1","11.5","3.2","7.6","4.3","9.1","0.4","0.0","0.0","2.2","5.6","8.4","4.9","9.14","11.71","0.0","59.3","68.8","67.6","3.5","3.4","5.1","0.0","0.0","0.0","7.6","4.0","1.8"
"20241204","堡林","巢备","4.3","9.3","0.8","4.4","4.7","9.5","0.6","0.0","0.0","2.2","4.2","6.7","5.0","7.74","11.18","0.0","57.8","71.8","67.1","6.6","3.9","5.0","0.0","0.0","0.0","6.7","2.8","1.8"
"20241203","堡林","巢备","5.1","9.4","1.6","5.5","5.1","10.2","1.0","0.0","0.0","1.8","6.5","9.0","5.1","11.44","12.57","0.0","53.1","72.0","66.7","4.6","1.4","4.8","0.0","0.0","0.0","5.7","4.7","1.8"
"20241202","堡林","巢备","9.9","17.7","4.6","4.1","5.7","10.8","1.4","0.0","0.0","2.0","7.9","0.0","5.3","11.34","4.35","0.0","77.6","74.4","66.8","2.4","8.8","4.5","0.0","0.0","0.0","7.4","3.5","1.7"
"20241201","堡林","巢备","8.0","14.1","3.3","1.7","6.1","11.3","1.8","0.2","0.0","1.6","3.3","2.9","5.3","7.91","8.33","0.0","81.0","72.4","66.3","4.6","7.3","4.5","0.0","0.0","0.0","4.7","7.2","1.7"
"20241130","堡林","巢备","7.4","12.5","3.0","1.2","6.4","11.7","2.1","0.1","0.0","1.4","8.2","6.3","5.4","12.2","12.45","0.0","75.1","64.3","66.1","1.4","5.6","4.4","0.0","0.0","0.0","7.0","8.0","1.6"
"20241129","堡林","巢备","4.6","6.9","2.5","5.5","6.6","11.8","2.3","18.3","0.0","1.7","0.8","2.4","5.3","4.17","5.96","0.0","88.8","75.6","66.6","9.3","8.5","4.5","0.0","0.0","0.0","7.7","6.0","1.6"
"20241128","堡林","巢备","6.2","9.5","2.8","6.4","6.9","12.0","2.6","3.8","0.3","1.8","3.0","6.8","5.1","6.34","11.14","0.0","68.5","70.6","67.3","7.6","2.8","4.8","0.0","0.0","0.0","14.5","5.5","1.6"
"20241127","堡林","巢备","4.6","7.3","1.8","8.9","7.0","12.2","2.8","4.7","0.9","1.6","1.4","0.4","5.1","5.04","4.23","0.0","70.8","82.0","67.2","9.1","6.8","4.8","0.0","0.0","0.0","12.9","4.1","1.6"
"20241126","堡林","巢备","9.6","13.8","6.9","5.3","7.3","12.5","2.9","10.5","0.0","2.1","1.9","0.0","5.3","5.97","0.0","0.0","65.5","52.9","67.3","9.3","5.3","4.8","0.0","0.0","0.0","11.7","4.2","1.7"
"20241125","堡林","巢备","12.2","17.4","6.6","1.9","7.4","12.8","2.9","2.3","0.0","2.1","6.9","0.0","5.3","10.52","0.0","0.0","67.8","42.8","67.4","5.8","0.0","4.7","0.0","0.0","0.0","8.6","8.5","1.6"
"20241124","堡林","巢备","9.3","15.6","3.5","4.0","7.6","13.1","2.9","0.0","0.0","1.8","8.3","1.5","5.5","12.31","5.84","0.0","64.8","58.1","66.4","3.0","6.0","4.5","0.0","0.0","0.0","2.9","10.8","1.6"
"20241123","堡林","巢备","6.9","12.7","2.3","13.3","7.7","13.2","2.9","0.0","0.0","1.7","8.9","6.0","5.7","13.12","10.16","0.0","56.1","84.4","65.5","3.6","6.9","4.3","0.0","0.0","0.0","4.5","8.1","1.6"
"20241122","堡林","巢备","9.0","13.6","4.9","11.3","7.7","13.1","3.0","0.0","0.0","1.6","8.7","8.8","5.7","13.19","13.2","0.0","62.9","87.4","65.2","1.0","2.6","4.3","0.0","0.0","0.0","8.8","6.0","1.7"
"20241121","堡林","巢备","9.9","16.1","6.4","8.8","7.7","13.1","3.0","0.0","0.0","1.1","6.3","9.3","5.6","10.12","14.21","0.0","69.3","80.4","65.2","1.9","0.0","4.4","0.0","0.0","0.0","6.0","5.4","1.7"
"20241120","堡林","巢备","9.4","15.1","5.5","9.0","7.7","13.0","3.3","0.0","0.0","1.6","5.6","9.4","5.3","11.0","14.36","0.0","59.6","61.9","65.6","4.6","0.0","4.6","0.0","0.0","0.0","8.2","5.6","1.7"
"20241119","堡林","巢备","7.7","13.3","1.6","9.2","8.1","13.2","3.7","0.0","0.0","1.7","4.4","5.7","5.2","10.04","11.45","0.0","51.0","85.4","65.7","7.4","3.9","4.8","0.0","0.0","0.0","4.3","7.1","1.8"
"20241118","堡林","巢备","5.5","10.2","2.7","4.6","8.4","13.6","4.0","0.0","1.5","1.8","9.3","1.8","5.3","15.14","4.56","0.0","33.1","78.8","65.3","0.5","7.5","4.8","0.0","3.8","0.0","13.0","9.6","1.8"
"20241117","堡林","巢备","11.8","17.0","7.4","4.9","8.7","13.9","4.3","0.0","9.3","1.7","0.6","3.6","5.3","5.79","7.53","0.0","53.8","87.5","65.1","8.1","8.8","4.7","0.0","1.0","0.0","11.3","9.5","1.8"
"20241116","堡林","巢备","17.5","22.6","13.4","7.2","9.1","14.2","4.8","0.3","12.7","1.5","5.1","0.0","5.3","9.97","2.57","0.0","74.3","96.3","65.1","6.3","8.6","4.6","0.0","0.0","0.0","5.2","5.1","1.8"
"20241115","堡林","巢备","16.2","20.2","13.6","8.7","9.6","14.8","5.2","0.0","0.0","1.3","0.6","7.6","5.4","6.09","12.77","0.0","75.5","79.1","65.5","9.3","2.0","4.6","0.0","0.0","0.0","4.8","4.6","1.7"
"20241114","堡林","巢备","14.9","18.6","11.3","8.2","9.9","15.2","5.5","0.0","0.0","1.4","1.9","3.5","5.8","7.42","9.25","0.0","74.8","74.0","65.3","7.1","6.4","4.2","0.0","0.0","0.0","3.5","5.6","1.7"
"20241113","堡林","巢备","14.9","22.0","8.7","5.4","10.4","15.6","6.1","0.0","0.0","1.5","8.5","8.8","5.7","13.32","14.96","0.0","69.8","68.4","66.5","1.0","2.1","4.4","0.0","0.0","0.0","4.9","7.7","1.8"
"20241112","堡林","巢备","14.0","19.8","10.0","5.7","10.9","16.1","6.5","0.0","0.0","2.0","8.6","6.5","5.5","11.91","11.53","0.0","75.6","64.6","67.3","1.5","6.3","4.6","0.0","0.0","0.0","5.8","8.4","1.8"
"20241111","堡林","巢备","14.8","21.9","9.1","5.5","11.2","16.5","6.7","0.0","0.0","2.2","9.3","7.3","5.7","14.23","13.25","0.0","72.4","56.5","67.0","0.0","5.3","4.6","0.0","0.0","0.0","3.2","7.8","1.8"
"20241110","堡林","巢备","14.4","17.6","12.0","8.5","11.4","16.6","7.0","0.0","3.5","2.2","0.5","8.2","5.6","5.19","13.04","0.0","77.8","65.4","66.8","7.1","4.9","4.7","0.0","0.0","0.0","4.2","9.0","1.8"
"20241109","堡林","巢备","14.2","20.4","8.8","15.4","11.8","17.1","7.4","0.0","14.7","2.3","7.0","3.9","5.3","13.21","9.22","0.0","73.9","85.8","68.4","5.1","6.6","5.0","0.0","0.0","0.0","3.4","4.1","1.8"
"20241108","堡林","巢备","13.3","19.0","8.4","11.4","12.1","17.7","7.6","0.0","0.0","2.2","6.4","8.2","5.4","11.72","14.74","0.0","72.4","62.8","68.8","6.0","1.9","4.8","0.0","0.0","0.0","3.6","5.0","1.7"
"20241107","堡林","巢备","10.3","17.4","3.7","10.8","12.4","18.2","7.5","0.0","0.0","2.1","8.9","6.1","5.5","15.08","11.97","0.0","61.0","65.3","69.4","3.6","3.4","4.6","0.0","0.0","0.0","3.5","8.8","1.5"
"20241106","堡林","巢备","9.8","14.7","6.3","16.2","12.4","18.5","7.4","0.0","26.8","1.8","9.6","3.0","5.8","16.21","7.35","0.0","51.1","77.8","69.5","0.8","7.3","4.3","0.0","0.0","0.0","12.5","12.9","1.4"
"20241105","堡林","巢备","11.6","15.9","8.0","20.7","12.5","18.8","7.3","0.0","1.8","1.4","8.1","2.0","6.1","15.35","6.88","0.0","55.4","93.3","69.0","3.4","8.5","3.8","0.0","0.0","0.0","7.7","9.8","1.3"
"20241104","堡林","巢备","15.0","21.0","12.1","20.0","12.3","18.5","7.1","0.2","0.4","1.0","5.4","2.5","6.3","9.66","9.14","0.0","75.0","93.3","68.5","5.1","6.5","3.8","0.0","0.0","0.0","7.3","6.0","1.3"
"20241103","堡林","巢备","17.1","22.8","12.7","19.4","12.0","18.0","7.0","0.0","0.0","1.0","8.7","7.7","6.4","14.35","13.0","0.0","73.9","85.1","68.1","0.3","2.8","3.7","0.0","0.0","0.0","4.1","6.8","1.4"
"20241102","堡林","巢备","17.6","23.4","14.4","19.7","11.9","17.7","7.0","8.0","0.0","1.2","4.8","9.3","6.4","11.92","15.46","0.0","83.9","74.9","67.5","5.1","1.8","3.8","0.0","0.0","0.0","6.1","6.0","1.5"
"20241101","堡林","巢备","14.6","16.2","13.6","18.6","12.1","17.7","7.3","18.3","0.0","1.2","0.0","7.4","6.5","2.26","13.75","0.0","92.3","85.0","66.8","10.0","3.6","3.9","0.0","0.0","0.0","8.5","7.5","1.5"
"20241031","堡林","巢备","17.2","23.8","12.3","15.7","12.3","17.9","7.7","0.0","0.0","1.5","6.7","9.6","6.4","13.81","16.08","0.0","68.9","75.1","66.7","7.0","0.8","4.1","0.0","0.0","0.0","5.3","4.0","1.6"
"20241030","堡林","巢备","16.4","23.5","11.7","16.1","12.7","18.3","8.1","0.0","0.0","1.6","9.0","9.7","6.5","15.84","16.11","0.0","72.6","82.1","66.2","1.1","0.6","4.1","0.0","0.0","0.0","6.6","3.4","1.6"
"20241029","堡林","巢备","17.1","21.3","14.3","16.0","13.0","18.8","8.2","0.0","0.0","1.7","4.7","9.8","6.7","12.09","15.9","0.0","71.8","81.0","65.5","6.8","2.1","3.9","0.0","0.0","0.0","5.7","3.5","1.6"
"20241028","堡林","巢备","16.3","19.5","12.9","14.9","13.3","19.1","8.5","0.0","0.0","1.3","3.7","9.8","7.0","10.66","16.26","0.0","77.9","81.6","65.0","7.5","0.0","3.8","0.0","0.0","0.0","3.0","4.5","1.6"
"20241027","堡林","巢备","16.3","18.7","14.4","15.6","13.7","19.5","8.9","0.6","0.0","1.5","0.1","9.7","6.9","5.39","16.93","0.0","83.0","73.3","66.0","9.5","1.4","3.7","0.0","0.0","0.0","3.1","5.6","1.6"
"20241026","堡林","巢备","17.7","24.6","12.0","17.8","14.0","19.8","9.1","0.0","0.0","1.2","9.8","9.0","6.8","16.79","15.11","0.0","74.8","88.0","66.8","1.4","4.5","3.6","0.0","0.0","0.0","3.7","5.7","1.6"
"20241025","堡林","巢备","15.1","20.6","8.7","17.2","14.3","20.1","9.4","0.0","0.0","1.1","5.0","9.7","6.8","11.8","16.24","0.0","74.9","85.3","66.9","4.9","0.6","3.6","0.0","0.0","0.0","4.6","3.5","1.6"
"20241024","堡林","巢备","14.1","20.5","8.8","15.0","14.7","20.4","9.9","0.0","0.0","1.4","10.0","7.6","6.5","18.26","12.84","0.0","63.5","78.3","67.5","0.0","4.3","3.9","0.0","0.0","0.0","7.9","3.1","1.6"
"20241023","堡林","巢备","15.0","18.5","11.3","14.9","15.1","20.8","10.3","0.1","0.0","1.7","5.7","9.3","6.3","12.64","16.46","0.0","70.9","80.4","68.6","3.4","0.5","3.9","0.0","0.0","0.0","6.5","4.4","1.6"
"20241022","堡林","巢备","18.3","21.0","16.0","12.9","15.4","21.2","10.5","33.3","0.0","1.7","0.1","5.9","6.3","4.69","12.21","0.0","94.6","82.8","68.4","10.0","6.1","3.9","0.0","0.0","0.0","6.7","2.8","1.6"
"20241021","堡林","巢备","16.1","20.8","10.7","12.5","15.5","21.4","10.6","14.2","0.4","1.6","0.8","7.7","6.5","8.99","13.64","0.0","77.6","70.6","67.7","8.6","1.4","4.0","0.0","0.0","0.0","6.3","7.1","1.6"
"20241020","堡林","巢备","15.0","20.4","11.0","13.3","15.6","21.7","10.7","0.0","1.9","1.6","9.3","7.9","6.7","17.51","16.54","0.0","63.3","69.5","67.4","5.1","5.4","3.8","0.0","0.0","0.0","9.6","9.8","1.6"
"20241019","堡林","巢备","19.4","23.0","15.7","17.2","15.7","21.8","10.5","0.4","5.4","0.9","0.4","3.4","6.9","4.41","12.47","0.0","85.1","89.4","67.4","8.3","7.4","3.6","0.0","0.0","0.0","8.6","5.6","1.5"
"20241018","堡林","巢备","22.5","27.3","17.4","16.3","15.6","21.8","10.5","3.4","0.0","0.9","0.7","10.2","7.0","8.51","18.74","0.0","84.6","71.1","66.6","9.1","1.1","3.6","0.0","0.0","0.0","10.5","5.4","1.6"
"20241017","堡林","巢备","20.1","25.9","17.2","14.9","15.7","21.8","10.6","0.0","0.0","0.9","4.8","10.2","7.1","13.44","19.11","0.0","75.8","75.1","66.2","6.5","0.0","3.6","0.0","0.0","0.0","4.1","5.5","1.6"
"20241016","堡林","巢备","20.8","26.7","16.9","15.8","15.8","21.9","10.9","0.0","0.0","1.2","8.5","9.7","7.1","16.65","17.87","0.0","76.9","77.8","66.3","7.1","1.0","3.6","0.0","0.0","0.0","5.1","6.8","1.6"
"20241015","堡林","巢备","20.1","22.6","17.8","17.1","16.1","22.2","11.1","0.7","0.0","1.4","0.0","9.0","6.9","5.24","16.03","0.0","91.9","83.1","66.4","9.4","2.5","3.9","0.0","0.0","0.0","2.7","7.0","1.6"
"20241014","堡林","巢备","18.7","22.5","16.9","17.5","16.4","22.3","11.5","29.9","0.0","1.6","0.0","5.9","6.8","5.12","13.81","0.0","83.0","82.1","66.3","10.0","6.3","4.0","0.0","0.0","0.0","6.7","6.9","1.6"
"20241013","堡林","巢备","18.7","23.9","13.6","18.1","16.7","22.6","11.9","0.0","0.0","1.7","4.2","1.2","6.9","12.94","11.38","0.0","70.8","70.5","66.7","5.9","8.9","4.1","0.0","0.0","0.0","3.5","3.0","1.6"
"20241012","堡林","巢备","19.1","25.5","14.0","18.4","17.1","22.9","12.2","0.0","0.0","1.9","10.1","9.7","6.7","18.66","19.39","0.0","66.6","65.3","67.7","1.8","3.8","4.2","0.0","0.0","0.0","3.9","6.9","1.6"
"20241011","堡林","巢备","18.9","25.0","13.7","18.6","17.3","23.2","12.3","0.0","0.0","1.7","10.2","10.1","6.8","19.34","18.98","0.0","68.9","72.9","67.6","0.0","0.9","4.1","0.0","0.0","0.0","3.4","5.3","1.6"
"20241010","堡林","巢备","19.0","24.6","16.0","18.0","17.4","23.3","12.5","3.4","0.0","1.7","6.7","8.2","7.0","15.94","17.17","0.0","77.9","79.8","68.0","5.0","2.9","3.9","0.0","0.0","0.0","5.3","6.2","1.6"
"20241009","堡林","巢备","18.9","24.2","13.6","18.7","17.6","23.5","12.7","2.9","0.0","2.0","6.5","3.4","7.0","15.35","12.89","0.0","73.5","80.0","68.2","6.0","7.8","4.0","0.0","0.0","0.0","3.8","4.6","1.6"
"20241008","堡林","巢备","17.8","23.5","13.4","17.9","17.7","23.6","12.8","0.0","1.4","2.0","6.9","3.4","7.1","15.38","11.92","0.0","76.8","84.0","68.1","2.4","7.8","4.0","0.0","0.0","0.0","4.7","5.9","1.6"
"20241007","堡林","巢备","16.7","19.9","13.6","17.5","17.7","23.5","13.0","2.4","0.1","2.6","0.0","0.9","7.0","8.12","8.92","0.0","80.9","75.6","67.7","10.0","9.6","4.1","0.0","0.0","0.0","3.7","4.9","1.7"
"20241006","堡林","巢备","16.9","20.6","14.4","16.7","17.9","23.5","13.2","4.2","0.0","2.6","0.4","3.8","6.7","6.02","13.71","0.0","82.1","56.6","68.5","9.6","8.9","4.5","0.0","0.0","0.0","4.4","4.7","1.7"
"20241005","堡林","巢备","18.5","24.6","12.9","16.7","18.1","23.7","13.5","0.0","0.0","2.4","10.2","8.9","6.7","19.32","20.81","0.0","69.5","51.6","68.6","3.3","5.6","4.6","0.0","0.0","0.0","4.5","9.7","1.7"
"20241004","堡林","巢备","17.4","24.4","10.5","18.3","18.3","23.9","13.8","0.0","0.9","2.9","10.5","8.4","6.7","21.11","19.04","0.0","70.5","84.4","69.3","0.3","6.1","4.5","0.0","0.0","0.0","5.4","4.7","1.8"
"20241003","堡林","巢备","14.2","16.5","12.6","16.9","18.7","24.2","14.3","2.7","1.4","3.5","0.0","0.1","6.4","4.96","5.16","0.0","78.6","87.5","70.6","7.4","6.8","4.8","0.0","0.0","0.0","7.2","5.1","1.7"
"20241002","堡林","巢备","16.4","20.6","13.5","18.9","19.0","24.5","14.7","0.0","0.0","4.3","7.6","9.1","6.3","18.46","20.64","0.0","51.3","66.3","71.6","5.8","5.4","5.0","0.0","0.0","0.0","9.4","9.1","1.7"
"20241001","堡林","巢备","19.8","25.9","17.6","19.6","19.3","24.6","15.1","0.0","0.0","4.8","3.5","10.4","6.0","10.09","21.44","0.0","69.4","66.0","71.8","6.4","2.0","5.2","0.0","0.0","0.0","8.7","9.2","1.8"
"20240930","堡林","巢备","22.8","28.6","17.3","19.2","19.6","24.7","15.4","0.0","2.6","4.9","10.7","6.4","5.6","21.64","15.18","0.0","60.9","87.6","71.9","1.0","7.6","5.6","0.0","0.0","0.0","4.0","6.0","1.8"
"20240929","堡林","巢备","23.3","29.1","19.1","21.7","19.8","25.0","15.6","0.0","0.0","4.2","7.3","7.6","5.7","17.68","19.09","0.0","66.8","81.4","71.4","2.6","5.1","5.5","0.0","0.0","0.0","6.8","4.0","1.8"
"20240928","堡林","巢备","23.7","29.3","19.6","22.9","20.0","25.2","15.7","0.0","0.0","3.2","5.7","7.9","6.0","13.26","17.17","0.0","72.6","89.9","70.2","2.6","4.4","5.4","0.0","0.0","0.0","5.2","4.9","1.8"
"20240927","堡林","巢备","23.5","28.7","19.6","22.5","20.2","25.4","15.8","0.0","0.9","1.5","10.5","1.5","6.2","20.68","9.72","0.0","70.8","97.1","70.0","2.6","8.9","5.3","0.0","0.0","0.0","4.9","6.5","1.7"
"20240926","堡林","巢备","24.4","28.2","20.4","23.2","20.4","25.8","15.9","0.0","0.3","2.0","6.4","0.1","6.4","16.03","5.85","0.0","75.3","96.1","70.3","5.1","9.9","5.0","0.0","0.0","0.0","4.0","6.4","1.7"
"20240925","堡林","巢备","23.8","29.5","18.4","22.6","20.5","25.8","16.0","0.0","0.0","2.9","8.6","0.8","6.5","19.62","11.18","0.0","70.4","83.0","70.8","2.6","9.1","4.8","0.0","0.0","0.0","5.9","6.6","1.7"
"20240924","堡林","巢备","21.8","26.8","16.0","21.5","20.5","25.9","16.1","0.0","0.0","3.2","8.2","8.0","6.5","18.44","18.43","0.0","69.1","75.0","70.9","6.4","4.8","4.8","0.0","0.0","0.0","4.9","8.1","1.7"
"20240923","堡林","巢备","21.4","26.5","18.7","20.5","20.6","25.8","16.3","2.4","0.0","4.1","3.9","3.9","6.2","13.17","13.84","0.0","78.6","80.5","71.5","7.8","7.4","4.9","0.0","0.0","0.0","5.6","6.9","1.8"
"20240922","堡林","巢备","21.1","22.7","20.0","20.9","20.8","26.0","16.5","16.9","0.0","4.5","0.0","8.0","6.1","5.62","20.15","0.0","95.0","85.1","71.7","10.0","3.9","5.0","0.0","0.0","0.0","4.9","3.9","1.8"
"20240921","堡林","巢备","24.5","26.0","21.7","21.3","21.1","26.3","16.8","60.2","3.0","3.6","0.0","0.0","6.3","3.52","8.37","0.0","95.1","98.1","71.1","10.0","8.6","4.9","0.0","0.0","0.0","11.1","6.4","1.9"
"20240920","堡林","巢备","25.9","28.6","23.6","23.6","21.4","26.7","17.1","87.1","11.0","3.1","0.4","0.0","6.4","6.31","4.15","0.0","91.5","99.0","70.9","9.9","9.8","4.8","0.0","0.0","0.0","12.4","10.3","1.9"
"20240919","堡林","巢备","29.9","35.8","24.7","24.5","21.7","26.9","17.6","0.0","0.0","4.2","10.8","6.8","6.4","21.34","17.14","0.0","67.6","86.9","71.3","4.1","6.3","5.0","0.0","0.0","0.0","7.5","3.8","2.0"
"20240918","堡林","巢备","29.0","35.2","24.6","25.3","22.0","27.1","17.9","0.0","0.0","4.6","7.2","8.7","6.4","16.75","19.18","0.0","76.4","90.0","72.0","4.0","4.5","5.0","0.0","0.0","0.0","7.6","5.1","2.0"
"20240917","堡林","巢备","29.0","35.7","25.4","24.7","22.2","27.3","18.1","2.2","3.2","5.3","6.9","3.2","6.5","16.99","15.29","0.0","77.1","95.4","72.4","3.6","7.8","5.0","0.0","0.0","0.0","8.3","5.9","2.1"
"20240916","堡林","巢备","28.3","30.8","25.5","23.7","22.3","27.3","18.3","0.6","34.0","7.3","0.1","0.6","6.2","7.35","4.94","0.0","76.0","99.0","73.6","7.6","7.0","5.3","0.0","0.0","0.0","7.1","6.4","2.1"
"20240915","堡林","巢备","29.6","35.7","24.9","23.9","22.4","27.3","18.5","0.0","42.8","7.4","8.7","1.9","6.0","20.7","9.5","0.0","71.6","98.8","74.5","3.8","8.3","5.5","0.0","0.0","0.0","6.5","0.0","2.1"
"20240914","堡林","巢备","29.2","34.8","24.6","22.2","22.5","27.3","18.7","0.0","14.1","6.6","10.8","0.6","5.4","22.0","7.97","0.0","70.9","98.5","75.3","0.8","9.6","5.8","0.0","0.0","0.0","3.8","8.1","2.1"
"20240913","堡林","巢备","29.2","34.5","25.0","22.5","22.6","27.3","18.9","0.0","30.1","7.2","9.8","0.0","5.0","21.67","7.54","0.0","71.6","98.9","75.7","4.5","10.0","6.2","0.0","0.0","0.0","4.8","5.5","2.0"
"20240912","堡林","巢备","29.0","34.1","25.7","25.1","22.7","27.4","19.1","0.0","0.0","6.3","6.7","3.1","5.0","18.74","15.72","0.0","74.5","80.1","75.7","7.3","8.1","6.2","0.0","0.0","0.0","6.6","4.3","1.9"
"20240911","堡林","巢备","28.3","31.9","26.1","25.4","22.8","27.5","19.1","0.1","0.0","5.1","1.5","8.5","4.8","12.3","19.59","0.0","76.9","79.9","76.0","9.1","5.3","6.2","0.0","0.0","0.0","6.2","4.7","1.9"
"20240910","堡林","巢备","28.9","33.9","24.4","25.3","23.0","27.7","19.3","0.0","0.0","4.9","8.0","5.8","4.8","16.57","17.71","0.0","71.4","86.3","76.0","1.5","6.8","6.2","0.0","0.0","0.0","5.5","4.1","1.8"
"20240909","堡林","巢备","28.1","32.9","23.7","25.1","23.2","28.0","19.4","0.0","0.0","4.5","5.6","10.8","5.2","13.55","23.47","0.0","74.1","80.9","75.9","2.0","1.5","6.0","0.0","0.0","0.0","4.5","4.6","1.8"
"20240908","堡林","巢备","27.2","32.5","23.1","24.7","23.3","28.1","19.5","0.0","0.0","3.6","9.5","11.6","5.3","22.89","25.13","0.0","74.3","71.5","76.2","2.3","0.0","5.9","0.0","0.0","0.0","4.7","4.6","1.9"
"20240907","堡林","巢备","25.5","28.6","24.4","25.7","23.4","28.1","19.8","6.3","0.0","5.6","0.3","11.6","5.2","6.55","25.39","0.0","90.8","68.5","76.7","8.6","0.0","6.1","0.0","0.0","0.0","7.2","6.0","1.9"
"20240906","堡林","巢备","26.6","30.0","24.4","27.0","23.8","28.5","20.1","5.6","0.0","5.8","0.6","10.5","5.6","8.14","23.37","0.0","82.4","82.3","76.1","9.0","1.5","5.9","0.0","0.0","0.0","5.4","6.2","1.9"
"20240905","堡林","巢备","27.4","32.5","22.3","27.0","24.0","28.7","20.3","0.0","0.0","6.0","10.2","8.7","5.6","21.55","20.87","0.0","70.5","83.1","75.9","4.3","4.1","5.9","0.0","0.0","0.0","5.2","5.3","1.9"
"20240904","堡林","巢备","26.9","32.5","22.1","26.6","24.1","28.8","20.7","0.0","8.0","6.6","11.7","8.9","5.6","24.8","20.43","0.0","64.4","90.1","76.4","0.5","6.0","5.9","0.0","0.0","0.0","6.4","6.3","2.0"
"20240903","堡林","巢备","26.8","31.1","23.1","27.1","24.5","29.2","20.9","0.0","0.0","6.4","3.6","5.9","6.0","13.26","17.45","0.0","69.8","91.5","76.0","6.0","6.1","5.7","0.0","0.0","0.0","5.7","5.8","1.9"
"20240902","堡林","巢备","25.8","29.9","23.0","24.3","24.6","29.3","21.0","0.0","2.5","6.3","3.1","0.6","6.1","15.2","10.22","0.0","69.5","98.1","75.9","7.1","6.8","5.7","0.0","0.0","0.0","5.7","4.6","2.0"
"20240901","堡林","巢备","27.4","32.5","22.9","24.6","24.5","29.0","21.1","0.0","0.0","6.8","10.3","7.9","5.6","22.73","19.44","0.0","70.4","83.5","76.9","2.9","4.9","6.1","0.0","0.0","0.0","5.0","6.4","2.1"
"20240831","堡林","巢备","26.9","32.0","22.1","23.6","24.6","29.1","21.2","0.0","0.1","8.0","11.3","8.3","5.4","25.59","21.78","0.0","67.5","90.3","77.5","0.8","5.3","6.2","0.0","0.0","0.0","5.4","5.4","2.1"
"20240830","堡林","巢备","28.1","33.2","23.9","21.9","24.8","29.3","21.3","0.0","14.0","8.4","11.6","0.0","5.6","24.36","4.04","0.0","67.8","99.0","77.5","0.3","9.0","6.1","0.0","0.0","0.0","8.2","4.0","2.1"
"20240829","堡林","巢备","29.2","34.1","24.3","25.5","24.8","29.2","21.4","0.0","37.5","10.6","11.5","0.1","5.3","24.96","7.56","0.0","63.1","99.0","78.3","0.9","9.6","6.3","0.0","0.0","0.0","10.2","9.3","2.1"
"20240828","堡林","巢备","27.3","32.6","21.9","26.9","24.9","29.2","21.5","0.0","6.4","10.6","11.6","4.5","5.1","24.3","16.2","0.0","73.0","93.4","78.7","2.3","9.0","6.3","0.0","0.0","0.0","8.2","8.8","2.0"
"20240827","堡林","巢备","26.8","31.9","24.1","27.0","25.1","29.5","21.7","7.6","0.0","12.6","1.9","7.5","5.0","13.07","19.32","0.0","84.0","87.8","78.9","9.0","5.4","6.3","0.0","0.0","0.0","6.3","5.2","2.0"
"20240826","堡林","巢备","27.6","33.2","24.6","26.0","25.2","29.5","21.9","3.6","0.0","12.7","7.3","11.6","4.9","18.78","25.45","0.0","78.6","83.4","79.2","5.3","2.1","6.4","0.0","0.0","0.0","8.7","5.0","2.0"
"20240825","堡林","巢备","28.3","32.9","25.0","26.2","25.3","29.6","22.1","0.0","0.0","12.6","8.7","8.6","4.6","21.32","20.65","0.0","77.0","88.9","79.2","2.6","3.3","6.7","0.0","0.0","0.0","4.7","4.8","2.1"
"20240824","堡林","巢备","28.7","33.5","24.3","25.2","25.4","29.7","22.2","0.0","34.9","11.2","9.8","1.0","4.7","24.49","6.76","0.0","72.5","99.0","79.1","2.0","7.5","6.7","0.0","0.0","0.0","5.1","6.0","2.0"
"20240823","堡林","巢备","28.3","32.7","24.5","25.4","25.7","30.1","22.5","0.0","58.9","11.2","9.0","0.6","4.8","20.43","9.25","0.0","77.8","99.0","79.0","3.1","9.3","6.6","0.0","0.0","0.0","5.7","7.6","2.0"
"20240822","堡林","巢备","27.8","31.2","25.7","28.4","25.9","30.2","22.7","9.6","0.3","9.7","3.3","8.5","5.0","13.32","21.85","0.0","84.9","90.0","78.8","6.1","5.5","6.4","0.0","0.0","0.0","9.2","8.5","2.0"
"20240821","堡林","巢备","28.8","32.5","26.3","28.8","26.0","30.3","22.8","18.2","0.0","9.8","6.3","11.5","5.2","16.76","24.43","0.0","83.1","86.9","78.3","8.4","3.5","6.4","0.0","0.0","0.0","8.6","8.8","2.0"
"20240820","堡林","巢备","29.0","32.9","26.1","28.6","26.2","30.6","23.0","24.9","0.0","12.3","8.2","8.6","5.3","20.89","20.82","0.0","79.6","86.5","78.1","6.1","3.3","6.2","0.0","0.0","0.0","9.4","6.7","2.0"
"20240819","堡林","巢备","29.2","33.5","24.6","28.3","26.5","31.0","23.2","0.0","0.0","12.4","10.3","7.0","5.5","24.29","18.87","0.0","71.9","89.3","77.7","2.6","6.3","6.2","0.0","0.0","0.0","6.5","4.7","2.0"
"20240818","堡林","巢备","27.2","31.9","22.9","27.3","26.5","31.0","23.3","0.0","74.5","11.7","5.8","9.8","5.4","15.34","25.0","0.0","79.8","90.1","77.9","5.8","5.5","6.3","0.0","0.0","0.0","3.8","6.3","2.0"
"20240817","堡林","巢备","25.9","33.1","23.5","27.5","26.7","31.2","23.4","3.6","0.0","10.3","4.9","6.7","5.4","15.38","18.34","0.0","85.0","88.1","77.7","4.9","7.1","6.3","0.0","0.0","0.0","6.6","6.1","2.0"
"20240816","堡林","巢备","26.9","33.2","23.5","27.7","26.8","31.2","23.6","29.8","0.0","9.7","7.3","9.4","5.4","18.07","24.26","0.0","81.0","87.0","78.2","7.3","5.0","6.4","0.0","0.0","0.0","10.4","5.2","2.0"
"20240815","堡林","巢备","27.5","33.7","23.4","28.1","26.9","31.2","23.7","1.6","0.0","7.8","6.9","8.5","5.3","18.31","21.33","0.0","77.3","89.4","78.5","6.6","6.3","6.4","0.0","0.0","0.0","7.8","5.4","2.0"
"20240814","堡林","巢备","29.1","34.1","25.2","28.5","26.9","31.1","23.8","0.0","3.7","8.4","8.6","6.5","5.2","22.18","20.82","0.0","70.1","90.3","78.9","3.4","6.5","6.6","0.0","0.0","0.0","4.9","4.4","2.1"
"20240813","堡林","巢备","29.4","34.9","26.7","27.7","26.9","31.2","23.8","0.5","0.0","8.0","6.5","6.3","5.1","21.34","17.01","0.0","73.4","88.4","78.8","4.5","5.1","6.6","0.0","0.0","0.0","6.0","3.9","2.1"
"20240812","堡林","巢备","29.5","35.0","25.0","26.6","27.0","31.2","23.8","0.0","0.2","9.6","9.0","5.8","5.1","21.85","17.62","0.0","70.3","90.4","78.9","2.6","5.4","6.7","0.0","0.0","0.0","6.0","3.8","2.1"
"20240811","堡林","巢备","28.8","34.1","24.4","26.8","27.1","31.3","23.9","0.0","0.0","9.6","10.8","8.3","5.1","24.14","23.74","0.0","72.5","88.4","78.7","2.1","5.9","6.6","0.0","0.0","0.0","5.8","8.5","2.2"
"20240810","堡林","巢备","28.1","34.2","25.6","23.3","27.1","31.5","23.9","16.3","92.4","11.5","6.7","0.2","5.4","17.58","6.19","0.0","80.1","99.0","78.5","4.8","9.5","6.5","0.0","0.0","0.0","9.8","13.5","2.3"
"20240809","堡林","巢备","28.5","33.7","25.0","26.2","27.2","31.6","24.0","0.0","1.0","13.3","9.3","0.4","5.4","22.76","8.89","0.0","75.5","98.1","78.4","3.9","8.4","6.3","0.0","0.0","0.0","6.4","10.5","2.3"
"20240808","堡林","巢备","28.6","32.6","25.8","28.8","27.4","31.9","24.1","2.1","5.5","13.8","6.4","9.4","5.8","18.19","24.0","0.0","77.3","89.3","77.8","7.0","4.1","6.1","0.0","0.0","0.0","5.9","5.8","2.3"
"20240807","堡林","巢备","29.7","34.3","26.3","29.1","27.5","32.2","24.1","0.0","8.4","12.0","7.0","7.6","6.1","19.9","20.43","0.0","75.5","90.3","77.0","3.4","5.1","5.7","0.0","0.0","0.0","5.3","7.5","2.3"
"20240806","堡林","巢备","28.6","33.3","24.0","29.9","27.6","32.2","24.1","0.0","0.0","12.6","9.6","9.0","6.3","21.35","22.38","0.0","78.3","87.9","76.6","4.4","4.4","5.5","0.0","0.0","0.0","6.4","5.7","2.3"
"20240805","堡林","巢备","26.9","33.1","24.0","30.2","27.6","32.1","24.2","14.3","0.0","9.9","3.8","11.6","6.3","9.87","25.17","0.0","85.1","82.6","76.3","4.3","0.9","5.4","0.0","0.0","0.0","5.6","4.9","2.4"
"20240804","堡林","巢备","31.0","35.8","26.9","29.6","27.7","32.2","24.3","0.0","0.0","7.3","11.5","9.5","6.4","26.97","19.62","0.0","70.1","84.0","75.9","3.1","3.3","5.4","0.0","0.0","0.0","4.6","5.1","2.4"
"20240803","堡林","巢备","30.6","34.8","27.3","29.4","27.8","32.2","24.4","0.0","0.0","7.8","7.8","8.1","6.4","19.32","16.67","0.0","74.9","84.1","76.0","3.3","2.5","5.4","0.0","0.0","0.0","4.4","6.4","2.5"
"20240802","堡林","巢备","30.1","34.6","27.1","29.3","27.8","32.2","24.6","0.0","3.4","8.1","6.9","7.6","6.3","18.95","21.04","0.0","77.1","89.1","76.2","5.5","4.1","5.6","0.0","0.0","0.0","5.3","6.1","2.6"
"20240801","堡林","巢备","29.7","34.8","27.1","29.9","27.9","32.3","24.7","0.0","0.0","7.1","7.4","10.4","6.2","22.6","25.27","0.0","75.3","82.1","76.6","5.5","3.5","5.8","0.0","0.0","0.0","6.5","5.7","2.5"
"20240731","堡林","巢备","29.4","34.2","25.9","28.6","27.9","32.3","24.6","0.0","0.0","6.8","8.5","8.4","6.1","23.14","21.65","0.0","74.4","86.8","76.9","4.4","5.1","6.0","0.0","0.0","0.0","6.9","5.8","2.4"
"20240730","堡林","巢备","28.9","33.4","25.8","28.5","27.7","32.2","24.5","0.0","0.0","6.6","10.7","10.1","5.9","26.02","23.34","0.0","72.6","85.1","77.5","3.1","2.8","6.2","0.0","0.0","0.0","5.6","7.6","2.4"
"20240729","堡林","巢备","28.6","32.6","26.2","29.6","27.6","32.0","24.3","0.0","0.0","5.5","8.5","10.8","5.7","21.2","26.27","0.0","74.9","82.4","77.4","5.1","4.3","6.3","0.0","0.0","0.0","7.1","4.8","2.3"
"20240728","堡林","巢备","29.2","33.2","26.7","28.0","27.4","31.9","24.2","0.0","0.0","5.3","11.2","1.7","5.8","24.27","15.63","0.0","74.3","91.6","77.3","4.0","7.8","6.3","0.0","0.0","0.0","10.4","5.3","2.3"
"20240727","堡林","巢备","27.8","31.3","25.5","28.2","27.3","31.8","24.1","7.6","0.0","5.2","4.9","9.0","5.9","13.96","24.91","0.0","85.4","88.6","77.2","6.6","4.0","6.3","0.0","0.0","0.0","7.2","7.1","2.4"
"20240726","堡林","巢备","27.8","30.7","25.4","27.4","27.2","31.7","24.0","7.1","0.6","5.3","3.6","6.8","5.7","14.49","21.69","0.0","80.8","92.8","77.3","7.9","6.1","6.4","0.0","0.0","0.0","8.8","7.2","2.4"
"20240725","堡林","巢备","29.2","33.4","25.6","27.1","27.1","31.6","24.0","0.2","0.0","5.4","10.0","3.6","5.7","25.03","15.46","0.0","74.6","94.3","77.1","4.0","7.1","6.4","0.0","0.0","0.0","9.3","6.4","2.5"
"20240724","堡林","巢备","28.8","33.3","25.8","25.2","27.1","31.5","23.9","4.8","100.3","5.3","7.4","1.5","5.8","21.56","12.6","0.0","73.5","98.9","77.5","5.4","9.5","6.4","0.0","0.0","0.0","7.5","6.0","2.6"
"20240723","堡林","巢备","28.3","31.8","26.6","25.9","27.0","31.3","23.9","0.0","48.0","5.5","1.4","0.2","5.6","12.91","7.62","0.0","70.9","98.8","78.1","9.1","10.0","6.5","0.0","0.0","0.0","8.8","7.9","2.6"
"20240722","堡林","巢备","28.6","31.9","25.8","24.5","26.9","31.2","23.8","0.0","13.9","5.4","5.5","0.1","5.3","18.09","4.67","0.0","69.5","97.3","78.5","7.5","8.8","6.6","0.0","0.0","0.0","9.0","8.2","2.6"
"20240721","堡林","巢备","27.9","32.2","23.7","27.1","26.8","31.1","23.6","6.8","0.0","5.5","8.6","8.9","5.5","24.19","25.58","0.0","77.3","80.9","78.4","5.4","3.1","6.4","0.0","0.0","0.0","9.8","7.5","2.6"
"20240720","堡林","巢备","26.5","31.3","22.8","26.9","26.6","30.9","23.4","37.1","3.7","5.2","3.7","5.8","5.5","13.05","20.92","0.0","81.3","89.5","78.3","8.1","7.3","6.4","0.0","0.0","0.0","10.0","5.1","2.5"
"20240719","堡林","巢备","24.9","28.7","23.1","26.2","26.3","30.6","23.2","28.4","2.9","6.0","1.8","4.1","5.2","10.2","16.15","0.0","88.9","94.0","78.8","7.4","8.6","6.5","0.0","0.0","0.0","6.7","5.0","2.5"
"20240718","堡林","巢备","26.4","28.4","24.3","24.5","26.1","30.2","23.0","5.0","64.7","7.8","0.0","0.2","4.9","6.16","5.98","0.0","89.9","99.0","79.4","9.4","9.6","6.8","0.0","0.0","0.0","10.5","6.9","2.5"
"20240717","堡林","巢备","26.7","30.0","24.3","25.0","25.8","29.9","22.8","3.9","66.6","9.9","0.7","3.5","4.6","12.19","15.03","0.0","86.8","98.4","80.0","9.5","9.4","7.1","0.0","0.0","0.0","10.4","9.0","2.5"
"20240716","堡林","巢备","24.5","26.7","22.7","24.2","25.6","29.7","22.7","49.7","54.2","10.6","0.0","1.9","4.4","5.1","10.54","0.0","97.5","98.0","80.4","9.3","9.5","7.3","0.0","0.0","0.0","5.3","6.5","2.4"
"20240715","堡林","巢备","26.1","30.3","23.1","24.7","25.4","29.5","22.6","0.0","56.3","12.0","6.8","0.0","4.0","20.72","3.08","0.0","89.3","99.0","81.3","7.5","10.0","7.5","0.0","0.0","0.0","8.7","12.8","2.5"
"20240714","堡林","巢备","24.6","27.7","22.8","25.4","25.3","29.3","22.5","8.6","51.6","14.0","2.0","0.0","3.8","9.63","2.51","0.0","98.9","99.0","81.7","8.5","10.0","7.7","0.0","0.0","0.0","6.5","13.8","2.5"
"20240713","堡林","巢备","25.7","29.8","22.4","26.1","25.2","29.1","22.4","0.8","4.4","15.8","4.6","0.0","3.6","18.62","4.87","0.0","93.3","99.0","82.0","6.9","10.0","7.8","0.0","0.0","0.0","8.2","6.5","2.5"
"20240712","堡林","巢备","25.5","29.7","22.4","25.8","25.1","29.0","22.3","0.0","2.8","16.1","3.0","0.4","3.7","15.04","8.43","0.0","94.4","99.0","81.8","7.6","9.8","7.8","0.0","0.0","0.0","6.1","8.1","2.5"
"20240711","堡林","巢备","24.0","27.3","22.2","24.8","25.1","28.9","22.2","0.0","87.6","16.5","0.1","0.1","3.5","8.64","4.99","0.0","98.9","99.0","81.8","9.3","9.5","7.9","0.0","0.0","0.0","5.2","14.3","2.5"
"20240710","堡林","巢备","24.7","27.9","23.4","27.4","25.0","28.9","22.0","22.7","6.4","14.5","0.8","7.3","3.7","9.93","21.39","0.0","98.3","94.4","81.2","9.5","7.5","7.8","0.0","0.0","0.0","13.4","11.1","2.4"
"20240709","堡林","巢备","24.8","27.1","23.9","27.2","24.9","28.9","21.9","8.5","0.0","13.4","0.0","1.4","4.0","5.04","10.55","0.0","99.0","98.1","80.6","10.0","8.9","7.7","0.0","0.0","0.0","7.5","7.9","2.4"
"20240708","堡林","巢备","26.0","27.6","25.4","26.5","24.8","28.9","21.8","8.9","0.0","10.2","0.0","3.8","4.3","4.01","15.73","0.0","99.0","97.1","80.2","9.9","8.4","7.6","0.0","0.0","0.0","8.2","7.8","2.4"
"20240707","堡林","巢备","26.8","28.9","25.7","23.7","24.7","28.9","21.6","0.0","60.0","9.8","0.0","0.0","4.2","6.53","3.25","0.0","99.0","98.6","80.4","9.8","9.9","7.6","0.0","0.0","0.0","6.0","6.4","2.3"
"20240706","堡林","巢备","27.4","30.4","25.3","26.3","24.5","28.7","21.5","0.0","0.0","9.6","0.0","8.3","4.1","0.0","24.7","0.0","97.4","81.0","80.8","8.1","6.8","7.7","0.0","0.0","0.0","10.2","5.7","2.3"
"20240705","堡林","巢备","26.7","31.4","23.3","25.6","24.4","28.5","21.5","9.6","32.0","11.3","0.0","7.3","3.9","0.0","23.32","0.0","92.1","88.4","81.5","7.4","4.1","7.8","0.0","0.0","0.0","9.3","7.5","2.4"
"20240704","堡林","巢备","27.5","32.7","23.3","24.7","24.4","28.3","21.5","0.0","27.0","10.7","9.0","0.0","3.4","23.49","5.52","0.0","92.5","98.9","82.1","5.8","9.6","8.1","0.0","0.0","0.0","7.2","7.4","2.4"
"20240703","堡林","巢备","26.9","31.2","23.8","27.1","24.3","28.1","21.4","24.9","0.0","13.3","7.8","3.2","3.3","22.54","17.46","0.0","90.9","94.5","82.5","5.9","8.1","8.2","0.0","0.0","0.0","9.1","5.8","2.4"
"20240702","堡林","巢备","27.0","31.2","23.7","26.8","24.1","27.9","21.4","10.6","0.0","11.8","2.2","7.1","3.1","12.8","23.16","0.0","96.6","91.0","82.6","9.6","6.0","8.4","0.0","0.0","0.0","11.6","5.3","2.4"
"20240701","堡林","巢备","26.0","30.0","22.4","25.3","24.1","27.9","21.2","5.2","1.6","11.6","7.7","3.7","3.2","22.91","15.14","0.0","92.5","96.1","82.1","7.5","7.8","8.3","0.0","0.0","0.0","5.5","5.8","2.4"
"20240630","堡林","巢备","24.1","25.7","23.3","24.1","24.0","27.9","21.0","61.2","14.7","10.9","0.0","0.1","3.4","5.84","6.48","0.0","99.0","99.0","81.4","9.5","10.0","8.0","0.0","0.0","0.0","10.1","8.0","2.3"
"20240629","堡林","巢备","23.9","26.6","22.4","24.6","23.8","27.9","20.8","43.3","38.3","11.2","0.1","0.0","3.7","5.21","4.35","0.0","97.8","99.0","80.7","9.8","10.0","7.8","0.0","0.0","0.0","7.8","13.1","2.3"
"20240628","堡林","巢备","25.0","31.8","18.6","22.7","23.7","27.9","20.6","0.0","153.3","9.1","8.4","0.0","3.8","23.43","7.81","0.0","82.1","99.0","79.9","4.4","10.0","7.7","0.0","0.0","0.0","6.7","9.5","2.3"
"20240627","堡林","巢备","22.0","24.7","19.8","25.0","23.6","27.9","20.3","0.0","130.2","9.8","1.1","5.7","4.1","8.42","18.51","0.0","79.8","94.6","78.7","8.6","9.0","7.5","0.0","0.0","0.0","5.7","15.5","2.3"
"20240626","堡林","巢备","24.3","30.7","18.1","24.0","23.3","27.7","20.0","0.0","74.3","10.4","10.5","0.0","4.0","28.76","5.31","0.0","69.0","99.0","78.0","5.3","10.0","7.5","0.0","0.0","0.0","9.5","8.1","2.2"
"20240625","堡林","巢备","23.5","28.7","19.1","22.7","23.2","27.6","19.9","0.0","7.1","9.4","9.0","1.7","4.0","23.84","12.36","0.0","69.0","91.1","77.1","7.1","9.8","7.5","0.0","0.0","0.0","6.2","6.7","2.2"
"20240624","堡林","巢备","24.2","28.5","21.6","25.6","23.1","27.6","19.7","0.0","0.0","8.7","1.8","7.5","4.3","12.49","23.19","0.0","96.1","75.8","76.2","9.3","7.8","7.4","0.0","0.0","0.0","6.6","6.3","2.2"
"20240623","堡林","巢备","24.0","28.4","22.1","25.0","23.3","27.9","19.7","0.3","0.0","7.6","1.8","11.8","4.8","9.92","28.1","0.0","97.0","78.0","74.9","8.8","4.6","7.2","0.0","0.0","0.0","7.5","7.2","2.1"
"20240622","堡林","巢备","23.6","24.7","21.6","22.8","23.3","28.1","19.6","37.6","0.0","6.3","0.0","6.2","5.2","3.83","20.51","0.0","98.8","85.6","74.8","10.0","5.5","6.9","0.0","0.0","0.0","10.5","5.7","2.1"
"20240621","堡林","巢备","26.0","32.4","21.1","22.2","23.3","28.4","19.5","0.0","0.5","4.8","7.1","0.3","5.6","22.14","6.5","0.0","79.8","98.4","74.2","7.1","9.5","6.6","0.0","0.0","0.0","7.5","6.6","2.0"
"20240620","堡林","巢备","23.3","25.1","21.7","24.3","23.3","28.4","19.4","0.0","8.9","5.4","0.8","4.6","5.7","7.9","15.68","0.0","77.8","73.9","73.9","9.0","8.4","6.5","0.0","0.0","0.0","6.1","7.5","2.0"
"20240619","堡林","巢备","27.3","37.2","20.2","26.6","23.3","28.5","19.3","0.0","0.0","4.9","9.5","10.6","5.9","26.72","26.01","0.0","53.5","70.1","73.0","7.0","5.1","6.4","0.0","0.0","0.0","7.3","6.8","2.0"
"20240618","堡林","巢备","25.8","34.0","19.0","25.8","23.1","28.5","18.9","0.0","0.0","4.3","13.0","9.3","5.9","30.77","27.94","0.0","57.1","60.1","71.9","1.1","4.1","6.2","0.0","0.0","0.0","6.2","5.6","2.0"
"20240617","堡林","巢备","23.2","28.7","18.5","24.8","23.0","28.5","18.8","0.0","0.0","3.8","2.0","8.6","6.1","15.78","23.55","0.0","76.1","68.9","70.8","7.4","7.5","6.1","0.0","0.0","0.0","3.7","5.2","2.0"
"20240616","堡林","巢备","24.6","30.1","21.2","24.3","22.9","28.3","18.6","0.0","0.0","3.8","11.4","12.8","6.1","27.36","30.32","0.0","73.5","69.9","70.4","4.0","1.5","6.0","0.0","0.0","0.0","5.2","5.7","2.0"
"20240615","堡林","巢备","26.2","32.4","21.8","22.8","22.8","28.3","18.4","0.0","0.0","3.2","10.6","12.7","6.3","26.66","30.47","0.0","78.4","66.9","69.7","4.9","0.9","5.9","0.0","0.0","0.0","5.2","5.2","2.0"
"20240614","堡林","巢备","26.4","32.6","20.5","22.8","22.6","28.2","18.3","0.0","0.0","3.0","10.1","9.4","6.3","23.81","24.04","0.0","74.4","69.8","69.8","4.6","2.1","5.8","0.0","0.0","0.0","8.1","6.1","2.0"
"20240613","堡林","巢备","26.7","36.2","19.7","23.4","22.5","27.9","18.3","0.0","0.0","3.2","11.6","10.6","6.0","29.82","26.29","0.0","59.4","72.4","70.5","1.3","4.3","6.0","0.0","0.0","0.0","6.6","5.3","2.0"
"20240612","堡林","巢备","25.5","32.9","19.5","23.8","22.5","27.8","18.3","0.0","0.0","4.3","12.4","8.5","5.9","30.14","27.4","0.0","67.9","78.8","70.9","2.4","3.3","6.2","0.0","0.0","0.0","7.1","7.2","2.1"
"20240611","堡林","巢备","25.1","32.3","19.9","24.5","22.5","27.9","18.3","0.0","0.0","4.1","11.2","6.6","6.1","27.62","19.2","0.0","76.1","82.0","70.4","4.0","6.9","6.3","0.0","0.0","0.0","5.3","7.6","2.1"
"20240610","堡林","巢备","24.6","31.7","18.1","24.1","22.3","27.7","18.2","0.0","0.0","3.6","11.6","8.0","5.9","29.1","25.93","0.0","73.5","78.8","70.7","3.1","6.3","6.4","0.0","0.0","0.0","6.0","8.8","2.1"
"20240609","堡林","巢备","22.9","29.0","18.3","24.2","22.3","27.7","18.0","0.0","0.0","3.1","8.3","8.9","5.9","23.01","27.38","0.0","84.1","71.4","70.4","6.0","4.3","6.3","0.0","0.0","0.0","4.9","6.6","2.0"
"20240608","堡林","巢备","20.2","21.6","18.5","22.5","22.2","27.8","17.9","6.7","0.0","3.1","0.0","7.1","6.2","6.38","23.58","0.0","97.4","79.6","69.8","9.3","6.0","6.2","0.0","0.0","0.0","4.2","6.9","2.0"
"20240607","堡林","巢备","22.2","28.2","18.2","21.7","22.1","27.9","17.6","0.0","0.0","2.1","5.7","11.5","6.5","19.32","26.51","0.0","72.4","79.4","68.7","8.9","6.5","5.9","0.0","0.0","0.0","6.4","6.5","1.9"
"20240606","堡林","巢备","22.1","27.3","17.9","21.6","22.0","27.8","17.4","0.0","0.0","1.6","7.3","10.5","6.7","23.25","28.47","0.0","70.8","75.8","67.8","6.9","3.6","5.7","0.0","0.0","0.0","5.7","6.0","1.8"
"20240605","堡林","巢备","22.4","28.3","18.0","21.2","21.9","27.9","17.2","0.0","0.0","1.6","7.5","3.2","7.0","22.97","16.71","0.0","78.4","75.3","66.6","8.0","7.9","5.5","0.0","0.0","0.0","7.0","4.9","1.9"
"20240604","堡林","巢备","21.6","28.6","16.7","22.4","21.8","27.8","16.9","0.0","0.0","2.8","11.8","9.8","7.1","29.31","25.85","0.0","76.1","57.8","65.8","2.5","6.6","5.4","0.0","0.0","0.0","5.5","5.5","1.9"
"20240603","堡林","巢备","21.7","29.5","15.0","22.0","21.6","27.6","16.6","0.0","0.0","3.1","12.7","12.6","7.2","31.04","30.51","0.0","62.4","63.6","65.1","2.4","1.8","5.3","0.0","0.0","0.0","6.1","9.7","2.0"
"20240602","堡林","巢备","20.7","27.2","14.6","22.2","21.3","27.3","16.2","0.0","3.5","3.1","11.9","11.4","7.5","27.34","29.06","0.0","60.1","84.1","64.4","5.9","4.0","5.1","0.0","0.0","0.0","8.7","6.6","2.0"
"20240601","堡林","巢备","19.5","24.8","16.5","19.0","21.0","27.0","16.0","0.0","10.4","3.4","10.0","0.0","7.4","27.41","6.13","0.0","73.8","91.4","64.5","5.3","9.1","5.2","0.0","0.0","0.0","7.4","3.7","2.0"
"20240531","堡林","巢备","21.1","27.5","17.2","22.9","21.0","27.2","15.7","0.0","1.3","3.2","11.8","12.5","7.6","30.35","29.54","0.0","69.8","70.6","64.0","3.5","4.4","5.0","0.0","0.0","0.0","7.3","7.5","2.0"
"20240530","堡林","巢备","21.5","26.5","17.7","21.4","20.8","27.0","15.5","0.1","4.1","2.6","1.2","0.0","7.6","15.21","9.25","0.0","73.9","98.1","63.8","9.3","9.8","4.9","0.0","0.0","0.0","5.6","5.9","2.0"
"20240529","堡林","巢备","22.1","29.3","15.4","21.2","20.6","26.7","15.2","0.0","43.7","2.3","0.0","0.0","7.7","0.0","3.37","0.0","69.5","99.0","63.5","2.0","10.0","4.9","0.0","0.0","0.0","6.8","10.0","2.0"
"20240528","堡林","巢备","20.6","26.3","14.4","22.7","20.4","26.5","15.2","0.0","1.3","2.6","11.5","0.5","7.3","28.54","9.0","0.0","63.3","97.1","63.5","3.4","9.4","5.1","0.0","0.0","0.0","8.6","9.3","2.0"
"20240527","堡林","巢备","19.4","24.2","15.6","22.7","20.4","26.5","15.1","0.0","0.0","2.0","9.8","2.3","7.4","25.0","15.53","0.0","62.9","81.9","63.5","7.9","9.1","5.1","0.0","0.0","0.0","8.5","10.6","2.0"
"20240526","堡林","巢备","20.8","24.2","16.2","21.4","20.1","26.0","15.0","2.5","0.0","2.5","3.3","2.8","7.1","12.89","14.4","0.0","81.8","69.6","64.0","7.8","8.6","5.2","0.0","0.0","0.0","10.6","5.7","2.1"
"20240525","堡林","巢备","22.0","27.4","17.5","21.2","20.1","26.0","14.9","0.0","0.0","2.0","11.1","5.6","7.5","26.5","20.59","0.0","69.1","53.4","63.9","1.9","6.8","5.1","0.0","0.0","0.0","6.5","7.3","2.2"
"20240524","堡林","巢备","22.3","31.0","16.0","20.0","20.1","26.1","14.8","0.0","0.0","1.7","12.4","6.2","7.7","29.09","20.12","0.0","71.3","61.5","63.8","0.0","7.1","4.9","0.0","0.0","0.0","5.8","6.5","2.2"
"20240523","堡林","巢备","22.9","30.2","17.9","19.0","20.0","26.1","14.6","0.0","0.0","1.9","12.7","12.2","7.9","29.22","28.73","0.0","66.3","65.1","63.6","1.8","0.3","4.8","0.0","0.0","0.0","6.2","6.8","2.1"
"20240522","堡林","巢备","22.2","29.0","16.9","17.0","19.8","26.0","14.3","0.0","0.0","2.0","11.2","1.9","8.1","26.39","9.6","0.0","83.8","80.4","63.2","4.9","6.6","4.6","0.0","0.0","0.0","5.6","5.8","2.2"
"20240521","堡林","巢备","21.5","28.4","16.1","18.7","19.6","25.8","14.1","0.0","0.0","2.0","9.8","8.7","8.2","24.75","25.61","0.0","82.0","86.6","63.4","4.3","5.5","4.6","0.0","0.0","0.0","6.6","5.9","2.2"
"20240520","堡林","巢备","21.3","29.2","14.2","20.6","19.3","25.5","13.8","0.0","0.0","2.7","12.7","9.2","7.8","29.1","24.47","0.0","64.9","82.0","64.1","3.1","4.1","4.7","0.0","0.0","0.0","4.7","6.6","2.2"
"20240519","堡林","巢备","21.8","29.5","14.6","20.4","18.9","25.0","13.6","0.0","0.0","2.9","12.9","6.2","7.6","30.76","20.32","0.0","55.5","81.1","64.6","0.5","4.1","4.8","0.0","0.0","0.0","4.7","6.1","2.2"
"20240518","堡林","巢备","21.5","28.8","14.4","18.2","18.7","24.6","13.6","0.0","17.8","3.0","12.8","0.0","7.3","29.84","7.02","0.0","64.8","96.0","65.6","0.0","9.8","5.1","0.0","0.0","0.0","5.3","7.4","2.2"
"20240517","堡林","巢备","19.1","25.6","12.9","23.4","18.6","24.4","13.6","0.0","0.0","3.4","10.7","10.9","6.8","25.73","28.43","0.0","66.6","69.3","66.8","1.8","4.4","5.5","0.0","0.0","0.0","9.0","8.9","2.2"
"20240516","堡林","巢备","15.7","21.4","9.5","23.2","18.5","24.4","13.5","0.0","0.0","3.2","12.8","12.1","6.9","30.66","28.77","0.0","68.3","62.8","66.4","1.1","0.3","5.5","0.0","0.0","0.0","10.7","7.3","2.1"
"20240515","堡林","巢备","14.8","24.3","10.4","20.9","18.4","24.3","13.3","0.6","0.0","2.7","8.3","10.0","7.0","23.96","24.82","0.0","80.6","63.4","65.9","4.1","3.1","5.4","0.0","0.0","0.0","11.2","6.7","2.1"
"20240514","堡林","巢备","19.1","26.5","11.8","19.3","18.2","23.9","13.1","0.0","0.0","2.9","12.9","11.8","6.9","30.13","27.42","0.0","57.5","63.4","66.9","0.0","0.9","5.4","0.0","0.0","0.0","4.7","6.0","2.1"
"20240513","堡林","巢备","18.3","25.7","11.8","18.7","17.9","23.8","12.8","0.0","0.0","3.7","12.9","9.8","7.0","30.65","24.48","0.0","56.8","72.0","66.6","0.0","4.4","5.3","0.0","0.0","0.0","6.3","6.5","2.1"
"20240512","堡林","巢备","17.3","23.3","12.2","18.6","17.6","23.5","12.5","8.8","0.0","4.2","10.5","2.0","7.2","28.62","17.74","0.0","63.3","70.0","66.5","5.4","8.8","5.1","0.0","0.0","0.0","7.9","6.4","2.1"
"20240511","堡林","巢备","19.3","25.8","16.0","19.6","17.4","23.3","12.3","17.0","0.0","4.5","6.1","9.6","7.0","17.71","24.58","0.0","87.4","54.6","66.3","6.6","3.8","5.2","0.0","0.0","0.0","11.1","6.4","2.2"
"20240510","堡林","巢备","18.1","25.8","10.9","18.8","17.4","23.4","12.4","0.0","0.0","4.4","12.5","12.1","6.9","29.42","29.41","0.0","63.6","49.4","65.7","1.0","2.9","5.3","0.0","0.0","0.0","8.0","5.8","2.2"
"20240509","堡林","巢备","16.6","23.3","10.1","17.0","17.5","23.6","12.3","0.0","0.0","4.6","12.9","12.8","7.0","29.33","29.6","0.0","61.6","55.8","64.7","0.0","0.5","5.2","0.0","0.0","0.0","6.0","7.7","2.2"
"20240508","堡林","巢备","15.3","21.1","10.6","15.4","17.5","23.5","12.2","5.3","0.0","4.4","8.0","11.8","6.7","23.66","27.89","0.0","78.1","57.8","64.6","5.8","6.3","5.3","0.0","0.0","0.0","8.5","6.3","2.2"
"20240507","堡林","巢备","14.7","16.3","13.3","12.2","17.6","23.7","12.1","3.0","1.4","3.6","0.1","0.1","6.9","4.97","7.22","0.0","98.6","97.0","63.1","9.6","7.5","5.1","0.0","0.0","0.0","6.0","8.2","2.2"
"20240506","堡林","巢备","15.5","17.9","14.6","17.2","17.6","23.8","12.0","0.4","5.7","3.2","0.0","0.0","7.4","6.03","5.04","0.0","97.8","99.0","62.4","9.9","9.9","4.8","0.0","0.0","0.0","7.9","8.9","2.3"
"20240505","堡林","巢备","19.1","20.0","17.9","19.9","17.4","23.6","11.8","61.9","95.7","3.8","0.0","0.0","7.3","4.22","3.73","0.0","99.0","99.0","63.0","10.0","10.0","4.7","0.0","0.0","0.0","12.6","8.6","2.3"
"20240504","堡林","巢备","20.3","27.4","12.3","18.1","17.3","23.6","11.7","0.0","19.1","3.4","9.5","0.0","7.4","26.07","4.79","0.0","71.0","89.9","63.0","5.3","10.0","4.8","0.0","0.0","0.0","8.2","8.5","2.3"
"20240503","堡林","巢备","19.3","27.7","11.0","17.9","17.2","23.6","11.7","0.0","0.0","2.7","12.6","0.4","7.5","29.63","12.03","0.0","58.3","64.5","63.3","0.0","8.6","4.7","0.0","0.0","0.0","5.3","7.7","2.3"
"20240502","堡林","巢备","17.0","23.1","12.4","18.2","17.2","23.5","11.8","0.0","0.0","2.8","7.4","10.4","7.3","22.46","26.72","0.0","78.9","40.4","64.4","5.3","4.8","4.9","0.0","0.0","0.0","4.7","7.5","2.4"
"20240501","堡林","巢备","14.8","17.6","12.7","16.4","17.0","23.1","11.6","2.4","0.0","3.7","0.9","12.6","6.8","6.99","28.95","0.0","98.8","47.8","65.6","8.6","0.1","5.1","0.0","0.0","0.0","4.6","6.9","2.4"
"20240430","堡林","巢备","16.8","22.4","13.1","14.3","16.7","23.0","11.2","0.0","0.0","3.3","5.6","12.3","7.1","21.55","28.67","0.0","87.3","65.5","64.7","8.8","0.4","5.0","0.0","0.0","0.0","4.9","9.6","2.4"
"20240429","堡林","巢备","16.4","20.6","14.2","15.0","16.1","22.5","10.6","8.7","6.2","3.1","0.0","0.1","7.1","5.4","3.48","0.0","97.1","95.0","63.8","10.0","9.4","4.9","0.0","0.0","0.0","6.9","6.6","2.3"
"20240428","堡林","巢备","20.9","29.5","13.0","16.8","15.7","22.1","10.0","0.0","0.0","3.4","8.6","6.2","7.3","25.07","18.92","0.0","65.5","74.9","62.5","6.3","5.8","4.7","0.0","0.0","0.0","7.0","7.8","2.3"
"20240427","堡林","巢备","19.6","28.2","12.0","14.0","15.1","21.8","9.3","0.0","0.0","3.4","12.4","12.4","7.6","29.09","28.6","0.0","62.0","67.0","61.0","0.0","2.0","4.5","0.0","0.0","0.0","5.3","6.7","2.2"
"20240426","堡林","巢备","17.9","24.4","12.7","10.2","14.8","21.5","8.9","0.0","0.0","2.3","6.4","9.2","7.9","18.2","24.47","0.0","76.8","74.5","59.4","6.3","2.3","4.3","0.0","0.0","0.0","4.8","8.2","2.1"
"20240425","堡林","巢备","16.4","25.6","8.1","10.9","14.6","21.1","8.9","0.0","1.3","2.6","12.1","0.0","7.7","28.86","4.39","0.0","77.0","84.9","59.9","1.1","9.1","4.4","0.0","0.0","0.0","5.0","6.1","2.1"
"20240424","堡林","巢备","14.0","17.7","10.5","15.3","14.6","21.0","9.1","1.4","0.0","3.1","6.0","1.3","7.5","16.31","11.73","0.0","88.1","50.2","60.8","5.9","9.6","4.6","0.0","0.0","0.0","9.4","6.1","2.1"
"20240423","堡林","巢备","15.5","20.3","11.6","16.0","14.7","21.0","9.3","3.4","0.0","3.3","4.7","0.8","7.3","14.5","13.55","0.0","87.8","41.8","61.3","6.9","8.8","4.8","0.0","0.0","0.0","5.2","5.3","2.2"
"20240422","堡林","巢备","16.5","19.5","14.9","17.5","14.7","20.8","9.5","2.4","0.0","3.2","0.0","10.0","6.9","7.91","24.65","0.0","97.9","42.9","62.2","9.4","3.8","5.0","0.0","0.0","0.0","4.7","5.6","2.2"
"20240421","堡林","巢备","15.6","16.9","14.3","18.1","14.7","20.8","9.4","2.8","0.0","3.7","0.0","7.9","6.7","3.5","22.35","0.0","99.0","76.0","63.0","9.6","3.3","5.2","0.0","0.0","0.0","2.8","6.0","2.3"
"20240420","堡林","巢备","16.5","19.4","12.6","20.6","14.6","20.8","9.3","10.0","0.0","3.5","0.0","11.1","6.6","3.61","24.85","0.0","85.1","79.1","62.8","9.9","1.0","5.2","0.0","0.0","0.0","8.5","6.4","2.4"
"20240419","堡林","巢备","19.1","27.0","11.0","19.9","14.5","20.9","9.0","0.0","0.0","4.1","10.7","2.2","6.7","24.81","11.22","0.0","50.8","92.0","62.1","5.1","7.4","5.0","0.0","0.0","0.0","5.4","6.5","2.4"
"20240418","堡林","巢备","17.9","25.2","11.2","18.2","14.2","20.9","8.5","0.0","0.0","3.7","11.8","0.0","7.1","26.81","4.37","0.0","58.1","90.1","60.9","0.0","8.6","4.7","0.0","0.0","0.0","6.3","9.6","2.3"
"20240417","堡林","巢备","15.9","24.4","9.1","14.7","14.0","20.9","8.0","0.0","0.0","3.3","0.0","11.3","7.4","0.0","25.84","0.0","67.9","57.9","59.5","6.4","0.8","4.5","0.0","0.0","0.0","5.6","9.0","2.3"
"20240416","堡林","巢备","15.5","22.1","11.5","12.0","13.6","20.6","7.6","0.0","0.0","3.0","6.1","6.7","7.6","18.64","19.36","0.0","81.1","78.1","58.7","4.5","6.1","4.4","0.0","0.0","0.0","5.7","8.1","2.2"
"20240415","堡林","巢备","17.7","20.1","14.0","14.3","13.2","20.1","7.2","2.3","0.5","2.8","0.1","6.0","7.6","7.5","18.24","0.0","89.6","85.4","58.0","9.4","6.0","4.3","0.0","0.0","0.0","11.2","9.5","2.2"
"20240414","堡林","巢备","20.0","26.1","13.1","14.0","12.8","19.6","7.0","0.0","4.0","1.7","11.1","0.3","7.5","22.95","7.25","0.0","64.5","76.0","57.7","4.4","8.6","4.4","0.0","0.0","0.0","9.8","4.4","2.2"
"20240413","堡林","巢备","19.5","27.6","12.2","15.1","12.5","19.1","6.9","0.0","0.0","1.7","11.7","10.3","7.1","25.85","24.93","0.0","69.1","24.9","58.7","0.5","2.0","4.7","0.0","0.0","0.0","6.8","5.5","2.2"
"20240411","堡林","巢备","16.1","20.8","12.6","16.0","12.4","18.6","7.2","0.0","0.0","2.4","3.6","1.1","6.4","14.01","6.72","0.0","74.1","77.4","59.8","6.1","8.4","5.1","0.0","0.0","0.0","5.0","10.7","2.2"
"20240410","堡林","巢备","15.4","21.4","10.1","13.5","12.5","18.9","7.2","0.0","0.0","2.2","10.0","11.3","6.7","24.01","25.39","0.0","66.8","49.6","59.2","4.6","0.0","5.1","0.0","0.0","0.0","6.3","7.7","2.2"
"20240409","堡林","巢备","15.8","23.4","10.1","11.0","12.4","18.8","7.1","0.0","0.0","2.3","11.5","11.7","6.8","25.47","26.89","0.0","64.8","47.5","60.2","3.5","0.3","5.0","0.0","0.0","0.0","9.2","7.2","2.1"
"20240408","堡林","巢备","17.5","23.5","11.5","9.2","12.2","18.5","6.8","0.0","0.0","3.0","1.8","11.1","6.6","11.88","25.15","0.0","52.3","47.6","60.5","7.6","0.8","5.1","0.0","0.0","0.0","4.6","9.1","2.1"
"20240407","堡林","巢备","16.8","24.9","8.5","8.8","12.1","18.6","6.5","0.0","0.6","3.1","11.4","5.7","7.0","23.47","16.07","0.0","58.0","77.3","60.0","4.8","5.0","4.8","0.0","0.0","0.0","5.7","7.0","2.0"
"20240406","堡林","巢备","14.2","20.1","9.1","9.6","11.7","18.3","6.1","0.0","6.9","2.8","5.4","0.0","7.2","14.78","3.86","0.0","77.0","94.5","59.8","5.5","10.0","4.6","0.0","0.0","0.0","3.9","6.2","2.0"
"20240405","堡林","巢备","14.3","20.2","11.4","13.6","11.4","17.9","5.9","0.0","34.2","2.8","5.7","0.0","7.1","17.37","2.76","0.0","84.4","94.5","59.8","5.3","10.0","4.5","0.0","0.0","0.0","5.6","13.6","2.0"
"20240404","堡林","巢备","14.0","15.6","12.9","15.9","11.2","17.7","5.6","0.5","12.8","2.7","0.0","1.4","7.3","4.38","10.84","0.0","99.0","62.3","58.5","9.8","9.3","4.4","0.0","0.0","0.0","5.6","14.3","2.1"
"20240403","堡林","巢备","14.3","15.2","13.4","17.9","11.0","17.7","5.5","31.8","0.0","2.2","0.0","11.4","7.5","4.06","24.87","0.0","99.0","25.9","57.1","9.9","4.0","4.1","0.0","0.0","0.0","7.9","9.3","2.1"
"20240402","堡林","巢备","15.5","24.2","10.0","17.5","10.7","17.3","5.3","16.3","0.0","2.0","3.7","11.5","7.3","14.15","25.34","0.0","72.0","25.5","57.5","8.9","0.0","4.2","0.0","0.0","0.0","11.7","9.0","2.1"
"20240401","堡林","巢备","15.4","24.0","7.1","16.9","10.5","17.1","5.2","0.0","0.0","1.8","11.5","11.2","7.3","25.14","23.41","0.0","53.9","28.1","57.9","0.5","1.9","4.2","0.0","0.0","0.0","5.7","6.8","2.1"
"20240331","堡林","巢备","13.5","21.0","6.0","16.3","10.4","16.9","5.1","0.0","0.0","1.9","7.9","11.0","7.1","18.54","24.83","0.0","62.1","28.8","58.3","3.6","0.8","4.5","0.0","0.0","0.0","7.2","6.9","2.2"
"20240330","堡林","巢备","13.1","22.6","4.8","14.7","10.2","16.7","4.9","0.0","0.0","1.6","8.6","8.1","6.8","20.33","18.35","0.0","79.1","40.3","58.3","3.0","7.1","4.7","0.0","0.0","0.0","7.9","5.9","2.1"
"20240329","堡林","巢备","10.9","15.6","7.0","12.9","10.0","16.5","4.6","0.0","0.0","1.1","3.8","11.2","6.9","9.87","24.01","0.0","95.3","46.3","58.6","3.6","2.5","4.7","0.0","0.0","0.0","9.0","5.8","2.1"
"20240328","堡林","巢备","10.5","11.4","9.4","10.1","9.7","16.2","4.3","24.0","0.0","1.4","0.0","7.8","7.0","2.78","18.82","0.0","95.0","40.9","58.6","8.6","1.6","4.7","0.0","0.0","0.0","5.1","6.3","2.1"
"20240327","堡林","巢备","10.5","16.0","4.9","8.1","9.3","15.6","4.0","0.0","0.0","1.4","3.3","11.2","6.9","15.22","25.17","0.0","86.8","29.0","58.8","8.9","1.8","4.8","0.0","0.0","0.0","4.9","6.6","2.1"
"20240326","堡林","巢备","8.7","12.2","5.9","9.9","8.9","15.0","3.6","23.0","0.0","1.5","0.2","9.4","6.8","8.17","22.32","0.0","96.6","43.9","59.1","7.0","4.1","4.8","0.0","0.0","0.0","4.9","7.9","2.0"
"20240325","堡林","巢备","11.0","14.7","8.7","10.7","8.6","14.6","3.5","19.0","0.0","1.7","0.0","0.1","6.9","4.14","7.5","0.0","97.5","77.0","59.1","9.6","8.9","4.7","0.0","0.0","0.0","9.3","3.8","2.0"
"20240324","堡林","巢备","12.7","15.8","11.1","10.4","8.2","14.1","3.4","7.6","0.0","2.1","0.0","0.0","6.8","4.21","7.35","0.0","98.0","68.3","59.7","9.8","7.9","4.8","0.0","0.0","0.0","5.4","4.7","2.0"
"20240323","堡林","巢备","17.4","23.5","13.1","14.7","8.1","14.0","3.3","0.0","22.5","2.2","8.8","0.2","6.6","21.15","7.38","0.0","64.9","91.1","60.1","7.4","9.9","4.8","0.0","0.0","0.0","6.7","5.5","2.1"
"20240322","堡林","巢备","11.4","17.9","3.8","16.2","8.3","14.3","3.3","1.2","1.6","2.2","5.6","3.8","6.5","16.04","11.3","0.0","72.6","75.4","60.0","8.0","7.1","4.8","0.0","0.0","0.0","13.1","5.6","2.2"
"20240321","堡林","巢备","6.7","13.9","0.6","16.3","8.6","14.8","3.4","0.0","0.0","2.4","11.1","10.2","6.6","23.5","21.22","0.0","54.9","38.4","60.3","1.4","4.0","4.7","0.0","0.0","0.0","6.0","6.5","2.3"
"20240320","堡林","巢备","5.4","9.7","2.9","11.3","8.7","14.8","3.4","0.0","0.0","2.8","10.0","8.8","6.4","21.5","21.56","0.0","49.3","47.9","61.3","1.0","4.8","4.7","0.0","0.0","0.0","9.4","6.9","2.3"
"20240319","堡林","巢备","8.2","15.2","4.8","9.7","8.7","15.0","3.2","0.0","0.0","2.8","4.9","10.5","6.4","12.77","22.49","0.0","56.4","45.1","61.3","5.8","2.6","4.8","0.0","0.0","0.0","13.1","4.2","2.2"
"20240318","堡林","巢备","8.8","17.7","1.9","10.3","8.5","14.8","3.2","0.0","0.0","2.8","9.3","8.4","6.2","22.08","20.89","0.0","46.8","27.9","62.0","3.8","3.5","4.9","0.0","0.0","0.0","5.6","7.1","2.2"
"20240317","堡林","巢备","9.8","15.1","4.9","9.4","8.3","14.4","3.0","0.0","0.0","3.3","6.0","0.0","6.2","16.52","7.88","0.0","74.3","26.0","62.5","6.0","9.1","5.0","0.0","0.0","0.0","8.4","6.3","2.2"
"20240316","堡林","巢备","11.4","21.9","2.5","8.7","7.9","13.9","2.8","0.2","0.0","3.3","8.0","9.4","6.1","20.19","20.8","0.0","59.6","22.3","62.1","5.5","4.9","5.0","0.0","0.0","0.0","6.2","8.4","2.2"
"20240315","堡林","巢备","9.8","19.6","1.6","14.0","7.6","13.9","2.4","0.0","0.0","2.8","10.8","9.0","6.3","22.95","19.83","0.0","54.0","61.8","61.1","0.0","5.1","4.9","0.0","0.0","0.0","5.7","10.6","2.1"
"20240314","堡林","巢备","7.9","16.4","1.3","9.9","7.3","13.6","2.1","0.0","0.0","2.6","10.6","10.8","6.5","20.77","22.78","0.0","59.9","44.5","59.5","1.4","1.0","4.7","0.0","0.0","0.0","5.1","9.2","2.1"
"20240313","堡林","巢备","6.5","14.0","0.9","5.3","6.9","13.3","1.6","0.0","0.0","2.2","10.6","10.7","6.9","22.61","22.66","0.0","64.3","27.5","57.8","1.3","0.8","4.5","0.0","0.0","0.0","9.0","6.4","2.1"
"20240312","堡林","巢备","5.3","9.2","2.9","8.8","6.6","12.8","1.4","0.0","10.7","1.7","0.4","0.7","7.0","6.67","3.79","0.0","93.5","69.6","57.5","5.5","7.4","4.4","0.0","0.0","0.0","6.6","10.2","2.1"
"20240311","堡林","巢备","7.2","12.7","1.4","16.5","6.4","12.6","1.2","0.0","0.0","1.3","2.7","7.4","6.8","9.55","17.03","0.0","70.8","37.0","57.3","6.3","5.1","4.4","0.0","0.0","0.0","8.9","5.9","2.1"
"20240310","堡林","巢备","5.6","14.1","-1.6","15.3","6.1","12.3","1.0","0.0","0.0","1.3","10.8","9.6","6.7","22.02","18.59","0.0","50.3","51.5","57.8","1.0","0.0","4.4","0.0","0.0","0.0","4.7","6.3","2.1"
"20240309","堡林","巢备","3.5","9.3","-0.7","15.6","5.9","11.7","1.1","0.0","0.0","1.4","10.8","7.0","6.3","21.98","15.87","0.0","52.0","67.3","59.8","0.0","3.1","4.5","0.0","0.0","0.0","7.6","6.2","2.1"
"20240308","堡林","巢备","4.2","8.7","1.1","14.5","5.9","11.6","1.1","0.0","0.0","1.7","9.4","10.0","6.1","21.18","18.22","0.0","55.8","52.3","61.5","1.9","2.6","4.7","0.0","0.0","0.0","11.0","10.5","2.1"
"20240307","堡林","巢备","4.8","8.3","2.4","13.1","5.9","11.7","1.1","0.0","0.0","2.0","6.8","9.0","5.8","15.01","17.33","0.0","69.5","48.9","62.4","4.6","0.8","4.9","0.0","0.0","0.0","7.3","8.6","2.1"
"20240306","堡林","巢备","9.0","14.7","4.5","9.9","5.8","11.5","1.0","0.0","0.0","2.3","8.8","10.4","5.8","17.95","20.23","0.0","73.4","52.5","63.2","5.1","0.0","5.0","0.0","0.0","0.0","6.2","5.4","2.1"
"20240305","堡林","巢备","6.9","8.9","5.2","9.3","5.7","11.3","1.0","4.1","0.0","2.2","0.0","9.8","5.7","3.1","18.31","0.0","95.9","46.0","63.5","9.9","1.9","5.0","0.0","0.0","0.0","10.0","5.5","2.1"
"20240304","堡林","巢备","8.3","13.8","3.0","8.5","5.5","11.3","0.7","0.0","0.0","2.0","0.0","7.6","6.0","0.0","18.53","0.0","68.8","36.5","62.7","6.9","5.4","4.9","0.0","0.0","0.0","6.9","5.2","2.0"
"20240303","堡林","巢备","6.4","11.5","1.6","5.1","5.4","11.1","0.6","0.4","0.0","1.9","6.7","10.3","6.1","13.61","20.23","0.0","75.4","35.6","62.3","3.9","1.4","4.9","0.0","0.0","0.0","9.8","7.5","2.0"
"20240302","堡林","巢备","0.5","7.1","-5.4","3.5","5.3","11.0","0.6","0.0","0.0","1.8","10.1","10.5","5.9","20.26","21.04","0.0","60.9","32.6","62.3","0.6","0.0","5.1","0.0","0.0","0.0","7.6","8.4","2.0"
"20240301","堡林","巢备","-0.9","4.2","-3.7","8.3","5.3","11.0","0.6","0.0","0.0","1.8","9.0","4.7","6.1","17.42","12.41","0.0","53.1","54.0","62.0","2.3","5.3","4.9","0.0","0.0","0.0","11.1","7.9","1.9"
"20240229","堡林","巢备","6.4","8.9","4.1","8.1","5.3","10.9","0.6","2.3","0.0","1.9","0.0","10.2","6.1","4.26","19.94","0.0","85.1","59.3","62.0","9.3","1.8","5.0","0.0","0.0","0.0","7.2","6.7","1.9"
"20240228","堡林","巢备","8.5","15.6","1.7","8.1","5.2","10.8","0.6","0.0","0.0","1.9","8.2","10.2","6.0","18.11","19.94","0.0","57.6","59.3","61.9","5.1","1.8","5.0","0.0","0.0","0.0","6.3","6.7","1.9"
"20240227","堡林","巢备","7.0","12.5","2.4","5.7","5.3","10.9","0.8","0.0","0.0","2.4","5.7","10.6","5.7","14.34","20.45","0.0","64.5","41.5","62.1","5.6","0.0","5.1","0.0","0.0","0.0","5.9","5.7","2.0"
"20240226","堡林","巢备","5.5","12.0","0.6","3.0","5.3","10.9","0.5","0.0","0.0","2.2","9.8","10.5","5.8","18.73","20.12","0.0","80.1","38.3","60.9","3.1","0.0","5.0","0.0","0.0","0.0","7.9","5.0","2.0"
"20240225","堡林","巢备","4.1","6.9","1.7","1.9","4.9","10.6","0.1","0.9","0.0","2.0","0.0","10.3","6.3","5.59","19.56","0.0","96.1","40.4","59.7","8.4","1.3","4.7","0.0","0.0","0.0","5.1","8.1","2.0"
"20240224","堡林","巢备","4.2","8.1","1.8","6.0","4.6","10.3","-0.2","6.6","0.0","2.0","1.2","9.4","6.0","7.82","17.62","0.0","89.8","44.3","60.5","9.9","3.4","4.8","0.0","0.0","0.0","6.7","9.0","2.0"
"20240223","堡林","巢备","4.1","5.3","3.2","5.4","4.3","10.0","-0.5","1.7","1.0","2.3","0.0","9.0","6.1","3.22","17.93","0.0","99.0","58.6","59.9","9.8","6.6","4.6","0.0","0.0","0.0","6.1","5.8","2.1"
"20240222","堡林","巢备","4.5","5.6","3.6","3.8","4.0","9.8","-1.0","4.6","0.8","1.7","0.0","7.7","6.6","3.49","16.85","0.0","99.0","54.5","59.7","10.0","5.3","4.2","0.0","0.0","0.0","6.6","6.6","2.1"
"20240221","堡林","巢备","7.1","9.0","5.1","0.4","3.7","9.5","-1.1","14.3","0.0","1.9","0.0","10.2","6.6","3.16","18.52","0.0","99.0","36.1","59.9","10.0","0.8","4.2","0.0","0.0","0.0","6.6","7.6","2.1"
"20240220","堡林","巢备","6.9","8.5","4.9","1.5","3.5","9.2","-1.3","7.1","0.0","1.7","0.0","9.9","6.4","2.33","18.06","0.0","99.0","52.4","59.6","9.8","1.3","4.2","0.0","0.0","0.0","5.8","11.3","2.1"
"20240219","堡林","巢备","11.6","17.0","5.6","4.5","3.2","8.7","-1.4","4.2","1.4","1.3","0.0","4.9","6.6","1.78","10.55","0.0","99.0","69.8","58.8","10.0","4.9","4.1","0.0","0.0","0.0","10.9","8.2","2.1"
"20240218","堡林","巢备","10.9","14.9","4.2","8.3","3.0","8.5","-1.6","37.7","2.1","1.2","0.0","0.0","6.6","2.91","2.58","0.0","92.8","83.8","59.2","8.3","9.9","4.3","0.0","0.0","0.0","8.4","2.6","2.1"
"20240217","堡林","巢备","7.7","15.8","0.5","5.2","2.9","8.1","-1.4","0.0","0.0","1.3","10.1","0.0","6.1","18.35","6.62","0.0","75.3","58.9","59.5","0.0","9.4","4.6","0.0","0.0","0.0","6.4","3.9","2.1"
"20240216","堡林","巢备","4.2","10.9","-1.3","4.4","2.9","8.3","-1.4","0.0","0.0","1.3","9.5","1.6","6.0","17.65","9.04","0.0","66.0","66.8","60.1","2.5","6.1","4.7","0.0","0.0","0.0","4.6","5.1","2.0"
"20240215","堡林","巢备","6.4","12.4","0.5","3.0","3.1","8.4","-1.4","0.0","0.0","1.9","0.9","0.0","6.1","3.51","6.32","0.0","82.9","62.3","60.8","7.0","9.0","4.7","0.0","0.0","0.0","9.3","3.3","2.1"
"20240214","堡林","巢备","13.5","19.0","10.6","3.3","3.1","8.4","-1.4","5.8","0.0","2.1","3.6","9.0","6.0","8.1","16.55","0.0","95.6","62.4","61.0","7.1","2.9","4.6","0.0","0.0","0.0","6.1","7.6","2.0"
"20240213","堡林","巢备","10.6","17.6","3.4","7.3","3.0","8.4","-1.5","0.0","0.0","2.2","8.7","3.8","6.0","15.54","11.06","0.0","73.5","70.6","61.4","4.6","7.0","4.6","0.0","0.0","0.0","10.1","6.5","2.0"
"20240212","堡林","巢备","5.8","13.0","-0.9","5.2","2.7","8.1","-1.8","0.0","0.8","1.9","9.7","1.3","6.0","17.15","6.56","0.0","67.3","73.4","61.9","0.0","7.9","4.5","0.0","0.0","0.0","4.4","6.6","1.9"
"20240211","堡林","巢备","3.2","9.1","-1.2","4.3","2.3","7.4","-2.0","0.0","0.0","1.8","7.6","1.9","6.0","13.79","7.96","0.0","75.8","79.3","62.5","1.0","5.9","4.5","0.0","0.0","0.0","8.3","5.8","1.9"
"20240210","堡林","巢备","3.2","9.3","-1.8","4.8","1.9","6.8","-2.1","0.0","6.6","1.6","8.4","5.2","5.7","13.92","11.93","0.0","78.0","82.0","63.5","0.8","5.6","4.8","0.0","0.0","0.0","4.4","7.9","1.9"
"20240209","堡林","巢备","2.3","7.7","-1.7","5.9","1.8","6.8","-2.4","0.0","2.1","1.3","8.3","3.7","5.6","14.83","9.76","0.0","74.4","52.3","63.8","1.5","9.1","4.9","0.0","0.0","0.0","5.6","7.7","1.9"
"20240208","堡林","巢备","1.7","6.9","-2.5","4.5","1.7","6.7","-2.4","0.0","0.0","0.9","8.7","9.0","5.6","15.26","15.53","0.0","77.5","53.3","64.0","3.1","2.8","4.9","0.0","0.0","0.0","4.4","6.3","1.9"
"20240207","堡林","巢备","2.4","6.1","-0.6","6.1","1.6","6.6","-2.5","0.0","0.0","0.9","9.4","7.8","5.8","16.02","14.67","0.0","69.1","41.0","63.7","2.8","2.3","4.8","0.0","0.0","0.0","5.6","4.4","1.9"
"20240206","堡林","巢备","4.6","6.4","3.1","5.2","1.6","6.6","-2.6","0.0","0.0","0.8","0.0","5.8","5.7","4.88","12.84","0.0","87.1","34.9","63.2","9.4","5.1","4.6","0.0","0.0","0.0","5.4","2.7","1.9"
"20240205","堡林","巢备","5.9","7.3","4.9","2.8","1.4","6.5","-2.9","13.8","0.0","0.7","0.0","9.7","5.9","3.9","16.61","0.0","99.0","45.9","63.2","10.0","0.0","4.4","0.0","0.0","0.0","9.1","3.7","1.8"
"20240204","堡林","巢备","7.2","11.7","4.4","1.6","1.2","6.1","-3.0","7.4","0.0","0.7","0.4","9.5","6.2","7.39","14.5","0.0","92.5","54.3","62.7","9.4","0.0","4.2","0.0","0.0","0.0","6.9","6.2","1.8"
"20240203","堡林","巢备","5.9","10.5","2.7","0.9","0.9","5.9","-3.2","4.5","0.0","0.9","0.0","8.3","6.2","5.44","14.67","0.0","87.9","38.1","62.6","9.5","3.1","4.2","0.0","0.0","0.0","5.8","6.1","1.9"
"20240202","堡林","巢备","5.4","11.1","2.9","0.7","0.9","5.9","-3.1","0.0","0.0","1.0","5.1","6.2","6.0","11.24","13.01","0.0","78.8","39.8","63.2","6.6","6.3","4.3","0.0","0.0","0.0","5.1","7.4","1.9"
"20240201","堡林","巢备","6.5","8.7","4.9","3.9","0.9","5.8","-3.1","0.4","0.0","1.0","0.0","8.5","6.0","4.77","13.56","0.0","72.1","58.1","63.4","10.0","5.3","4.5","0.0","0.0","0.0","5.2","8.8","1.9"
"20240131","堡林","巢备","8.9","16.1","3.9","3.7","1.0","5.9","-2.8","1.0","0.0","0.9","6.4","9.3","5.7","13.4","14.97","0.0","78.0","56.5","63.4","6.9","0.8","4.6","0.0","0.0","0.0","5.7","7.7","1.8"
"20240130","堡林","巢备","4.2","10.7","-2.1","1.8","1.1","6.0","-2.8","0.2","0.0","0.9","5.6","9.4","5.5","12.37","15.66","0.0","61.9","38.6","63.7","6.3","0.0","4.7","0.0","0.0","0.0","4.5","8.6","1.8"
"20240129","堡林","巢备","1.4","5.8","-2.2","1.3","1.1","5.9","-2.9","0.0","0.0","0.9","7.8","7.4","5.6","14.05","12.8","0.0","67.1","70.0","64.0","2.8","3.9","4.6","0.0","0.0","0.0","5.0","7.0","1.8"
"20240128","堡林","巢备","1.8","6.1","-1.4","-2.8","0.9","5.6","-3.0","0.0","0.0","0.8","6.7","6.7","5.7","11.22","12.56","0.0","67.4","59.0","64.1","2.9","5.3","4.5","0.0","0.0","0.0","6.6","8.1","1.8"
"20240127","堡林","巢备","2.4","7.5","-1.0","-2.8","0.7","5.5","-3.1","0.0","0.0","0.9","7.4","7.3","5.6","12.92","13.02","0.0","73.5","56.1","64.7","5.0","3.9","4.5","0.0","0.0","0.0","5.0","10.0","1.8"
"20240126","堡林","巢备","1.4","6.3","-3.5","-2.7","0.5","5.2","-3.4","0.0","0.0","0.8","8.3","0.0","5.7","13.5","3.67","0.0","73.9","66.8","64.5","2.4","9.4","4.5","0.0","0.0","0.0","5.3","2.8","1.9"
"20240125","堡林","巢备","-1.7","2.4","-5.5","-7.9","0.4","4.9","-3.3","0.0","0.0","1.1","9.0","9.2","5.5","13.68","15.65","0.0","66.3","42.9","65.8","2.3","0.0","4.7","4.3","0.0","0.0","6.2","8.0","1.9"
"20240124","堡林","巢备","-3.7","-1.0","-7.0","-7.7","0.4","4.8","-3.1","0.0","0.1","1.1","4.2","2.4","5.1","6.02","8.33","0.0","79.6","63.5","66.6","5.8","7.9","5.1","9.6","2.5","0.0","9.1","11.2","2.0"
"20240123","堡林","巢备","-5.2","-3.4","-6.7","3.1","0.5","4.8","-3.0","1.3","0.0","1.4","0.3","6.6","4.9","3.64","12.26","0.0","91.9","57.6","66.7","8.5","4.8","5.3","10.6","0.0","0.0","7.4","8.4","2.0"
"20240122","堡林","巢备","-2.7","2.1","-5.0","2.6","0.7","5.0","-2.7","0.0","0.0","1.6","2.7","0.0","4.8","7.8","5.26","0.0","81.3","38.8","67.0","9.0","9.4","5.4","2.1","0.0","0.0","8.5","6.0","2.0"
"20240121","堡林","巢备","5.0","8.8","2.0","-0.9","1.0","5.4","-2.5","0.2","0.0","1.5","1.1","9.2","4.8","5.86","14.2","0.0","96.1","43.3","66.5","9.3","4.0","5.5","0.0","0.0","0.0","6.2","5.9","1.9"
"20240120","堡林","巢备","5.7","6.9","4.6","0.7","1.1","5.7","-2.5","15.7","0.0","1.3","0.0","7.4","5.0","2.83","11.17","0.0","98.4","52.9","65.8","10.0","5.1","5.2","0.0","0.0","0.0","9.4","10.2","1.9"
"20240119","堡林","巢备","7.4","9.2","5.8","2.6","1.2","5.9","-2.5","0.1","0.0","1.1","0.0","6.5","5.1","3.43","11.26","0.0","93.5","63.9","65.2","10.0","4.8","5.0","0.0","0.0","0.0","7.0","6.9","1.9"
"20240118","堡林","巢备","8.5","10.1","7.5","0.9","1.3","5.9","-2.5","4.1","0.0","1.0","0.0","5.7","5.1","2.82","9.54","0.0","99.0","68.0","64.6","10.0","4.5","5.1","0.0","0.0","0.0","3.9","4.6","1.8"
"20240117","堡林","巢备","6.4","9.7","3.0","-0.4","1.1","5.9","-2.8","0.9","0.0","1.1","0.0","8.4","5.2","3.06","12.81","0.0","76.4","52.1","63.9","9.4","2.3","4.9","0.0","0.0","0.0","2.9","6.8","1.8"
"20240116","堡林","巢备","2.4","8.7","-3.3","-1.0","1.1","5.7","-2.7","0.0","0.0","1.2","8.1","8.8","5.2","12.45","13.49","0.0","47.3","54.0","64.1","4.5","3.1","4.8","0.0","0.0","0.0","5.8","8.8","1.9"
"20240115","堡林","巢备","0.6","5.2","-2.6","1.9","1.1","5.6","-2.5","0.0","0.0","1.2","9.3","0.0","4.9","14.1","3.03","0.0","59.4","74.4","64.6","0.3","9.9","5.1","0.0","0.0","0.0","5.5","8.9","1.9"
"20240114","堡林","巢备","5.4","14.7","-1.0","8.0","1.1","5.5","-2.6","0.7","0.0","1.2","6.0","0.0","4.8","9.79","3.23","0.0","78.3","94.0","65.1","4.8","9.6","5.2","0.0","0.0","0.0","7.2","5.3","1.9"
"20240113","堡林","巢备","3.3","8.5","-0.9","14.3","1.0","5.5","-2.6","0.0","24.2","1.2","9.2","0.0","5.1","13.28","2.63","0.0","49.1","95.9","65.4","0.0","9.8","5.1","0.0","0.0","0.0","3.6","8.5","1.9"
"20240112","堡林","巢备","5.2","10.3","1.7","9.5","1.1","5.4","-2.5","0.0","0.1","0.8","8.1","5.9","5.0","11.68","10.83","0.0","60.4","70.8","65.6","2.0","4.5","5.1","0.0","0.0","0.0","5.2","5.6","1.9"
"20240111","堡林","巢备","2.4","7.5","-2.8","5.5","1.0","5.4","-2.6","0.0","0.0","0.8","5.4","8.6","5.1","10.91","12.07","0.0","79.3","64.6","66.0","5.5","1.3","5.1","0.0","0.0","0.0","5.7","3.6","1.9"
"20240110","堡林","巢备","2.4","6.6","-1.1","3.8","1.0","5.5","-2.6","0.0","0.0","0.9","9.0","8.2","5.2","12.52","12.73","0.0","77.9","59.6","66.5","2.3","2.3","5.0","0.0","0.0","0.0","5.8","3.4","1.9"
"20240109","堡林","巢备","2.2","6.2","-2.0","3.9","1.1","5.6","-2.6","2.1","0.0","1.2","0.0","4.4","5.2","4.39","7.84","0.0","77.4","68.3","66.6","9.5","4.1","5.0","0.0","0.0","0.0","2.7","6.1","2.0"
"20240108","堡林","巢备","-0.6","4.6","-4.9","3.2","1.2","5.7","-2.4","0.0","0.0","1.2","8.7","8.3","5.2","13.37","11.42","0.0","56.5","66.4","66.8","0.9","0.0","5.1","0.0","0.0","0.0","3.7","2.8","2.0"
"20240107","堡林","巢备","0.8","3.7","-2.2","4.6","1.3","5.9","-2.6","0.0","0.0","1.4","6.2","3.3","5.1","11.0","6.52","0.0","66.5","54.8","66.5","4.1","4.4","5.1","0.2","0.0","0.0","8.1","7.5","2.0"
"20240106","堡林","巢备","4.4","8.1","1.4","3.7","1.3","6.0","-2.6","0.0","2.4","1.4","8.8","6.6","5.3","11.98","9.93","0.0","70.3","81.4","65.9","2.0","4.9","4.9","0.0","0.0","0.0","5.0","5.5","1.9"
"20240105","堡林","巢备","6.9","12.6","1.4","3.0","1.4","6.1","-2.6","0.0","0.0","1.2","5.0","5.1","5.5","9.18","8.95","0.0","81.1","75.3","65.3","6.5","6.3","4.7","0.0","0.0","0.0","6.8","2.3","1.9"
"20240104","堡林","巢备","3.6","8.6","-0.6","0.4","1.4","6.3","-2.6","0.0","0.0","0.8","8.8","6.1","5.5","12.09","9.63","0.0","79.1","62.4","65.9","0.0","1.9","4.6","0.0","0.0","0.0","4.9","5.4","1.8"
"20240103","堡林","巢备","4.0","7.6","2.1","0.2","1.2","6.1","-2.8","4.8","0.0","0.7","2.6","9.1","5.4","7.07","12.47","0.0","84.5","57.0","66.6","6.8","0.8","4.5","0.0","0.0","0.0","7.2","6.7","1.7"
"20240102","堡林","巢备","-99.0","8.3","3.8","-0.2","1.2","6.0","-2.8","0.0","0.0","0.7","0.0","8.7","5.4","0.0","12.42","0.0","0.0","47.4","67.6","0.0","3.6","4.4","0.0","0.0","0.0","4.6","7.2","1.7"
"20240101","堡林","巢备","5.5","9.3","1.3","1.3","1.2","6.0","-2.7","0.0","0.0","0.8","4.3","7.5","5.2","8.62","9.97","0.0","81.5","64.6","68.4","5.9","1.0","4.6","0.0","0.0","0.0","3.5","5.2","1.7"
"20231231","堡林","巢备","5.9","8.0","4.8","1.4","1.2","5.9","-2.7","0.8","0.0","0.9","0.1","8.6","4.9","1.92","12.02","0.0","89.6","66.1","68.2","9.4","1.4","4.7","0.0","0.0","0.0","9.4","5.5","1.7"
"20231230","堡林","巢备","3.9","8.0","-0.7","1.0","1.2","5.9","-2.7","0.5","0.0","1.0","0.9","5.5","5.0","5.36","9.25","0.0","90.3","70.4","67.3","6.8","6.3","4.7","0.0","0.0","0.0","2.8","3.4","1.7"
"20231229","堡林","巢备","3.2","8.7","-0.9","0.7","1.3","6.0","-2.5","0.0","0.0","1.1","7.9","8.6","5.2","10.94","12.25","0.0","84.3","63.3","65.5","0.6","2.1","4.5","0.0","0.0","0.0","3.8","5.5","1.8"
"20231228","堡林","巢备","3.5","9.4","-0.2","-0.2","1.5","6.2","-2.2","0.0","0.0","1.1","5.1","5.5","5.2","7.95","9.62","0.0","87.4","75.4","64.8","1.1","5.3","4.6","0.0","0.0","0.0","5.4","5.5","1.8"
"20231227","堡林","巢备","4.9","10.8","0.9","0.3","1.7","6.5","-2.0","0.0","0.0","0.9","8.0","9.0","5.4","11.08","13.08","0.0","85.5","74.1","64.7","2.6","1.8","4.4","0.0","0.0","0.0","3.3","4.4","1.8"
"20231226","堡林","巢备","3.5","8.7","-0.7","-0.6","2.0","6.8","-1.8","0.0","0.0","1.0","5.6","6.6","5.5","9.7","10.04","0.0","83.3","78.8","65.1","8.3","2.6","4.4","0.0","0.0","0.0","4.3","4.7","1.8"
"20231225","堡林","巢备","1.2","4.7","-1.7","-2.7","2.4","7.2","-1.4","0.0","0.0","1.0","3.1","5.5","5.5","7.39","9.7","0.0","84.9","76.9","66.2","6.4","4.1","4.5","0.0","0.0","0.0","5.6","7.2","1.8"
"20231224","堡林","巢备","0.3","3.2","-1.6","-5.0","2.7","7.6","-1.2","0.1","0.1","0.8","3.2","4.5","5.3","7.02","7.5","0.0","88.3","75.8","68.2","7.9","3.4","4.6","2.4","0.1","0.0","4.0","4.7","1.7"
"20231223","堡林","巢备","-2.1","2.8","-7.3","-4.1","3.0","8.0","-1.0","0.0","13.9","1.0","8.4","0.0","5.0","11.13","1.32","0.0","73.6","88.4","69.6","3.6","8.0","4.7","2.1","32.9","0.0","5.4","8.3","1.6"
"20231222","堡林","巢备","-5.8","-1.4","-9.6","-1.5","3.2","8.2","-0.8","0.0","2.5","1.1","9.1","0.6","4.9","12.93","2.94","0.0","73.5","78.4","69.9","1.4","8.3","4.7","3.6","8.9","0.0","6.7","9.8","1.6"
"20231221","堡林","巢备","-6.4","-3.5","-8.1","2.6","3.2","8.1","-0.9","0.5","4.2","1.1","5.3","0.1","4.8","9.47","3.28","0.0","83.9","90.4","70.0","5.6","8.1","4.7","6.4","0.0","0.0","7.0","5.1","1.6"
"20231220","堡林","巢备","-1.6","2.7","-6.5","0.8","3.0","7.9","-1.1","0.9","0.0","1.0","2.4","8.2","5.0","6.14","12.47","0.0","92.4","74.4","69.0","7.5","3.0","4.7","3.1","0.0","0.0","6.8","4.1","1.6"
"20231219","堡林","巢备","1.7","4.3","-1.8","-2.9","2.8","7.6","-1.1","0.0","0.1","1.1","1.5","6.5","4.9","6.04","9.43","0.0","65.5","74.6","68.5","7.5","3.8","4.7","0.0","0.9","0.0","5.5","4.1","1.7"
"20231218","堡林","巢备","-2.3","1.1","-6.7","-5.0","2.7","7.5","-1.2","0.0","4.6","0.8","4.3","5.0","5.0","7.84","6.08","0.0","68.8","72.8","67.2","7.8","5.6","4.8","1.9","11.9","0.0","6.8","5.8","1.7"
"20231217","堡林","巢备","-4.3","-1.7","-6.2","-2.2","2.7","7.4","-1.3","0.0","2.9","0.7","7.0","4.2","5.2","4.21","5.56","0.0","76.5","57.6","66.1","4.4","6.3","4.8","11.0","4.5","0.0","6.4","10.7","1.8"
"20231216","堡林","巢备","0.3","6.8","-3.0","0.4","2.7","7.4","-1.2","7.5","0.0","0.7","0.4","4.7","5.1","3.73","8.64","0.0","98.8","39.9","65.4","10.0","8.1","5.0","11.0","0.0","0.0","7.3","5.8","1.9"
"20231215","堡林","巢备","11.0","16.7","6.8","1.3","2.9","7.6","-1.0","27.1","0.1","0.8","0.0","7.5","4.8","1.65","10.98","0.0","99.0","61.3","65.6","10.0","6.3","5.1","0.0","0.0","0.0","6.8","6.1","1.8"
"20231214","堡林","巢备","11.4","12.1","10.4","-2.3","3.1","7.7","-0.9","19.4","1.7","0.8","0.0","8.9","4.9","1.53","12.13","0.0","93.1","63.9","65.0","9.8","3.0","5.1","0.0","5.2","0.0","4.0","7.8","1.8"
"20231213","堡林","巢备","10.8","15.3","6.9","5.1","3.3","7.8","-0.5","0.0","0.5","0.7","2.4","3.3","4.9","8.64","6.66","0.0","86.6","57.9","65.3","8.1","7.0","5.2","0.0","0.2","0.0","4.9","9.7","1.9"
"20231212","堡林","巢备","9.4","13.2","8.3","3.8","3.5","8.0","-0.3","0.2","0.0","1.1","0.2","1.9","4.8","2.64","5.82","0.0","99.0","66.0","66.3","9.3","7.4","5.2","0.0","0.0","0.0","5.8","3.9","1.8"
"20231211","堡林","巢备","13.3","14.3","12.6","5.1","3.7","8.3","-0.2","21.4","0.0","1.2","0.0","8.9","4.8","1.68","11.91","0.0","99.0","50.1","66.5","10.0","2.0","5.2","0.0","0.0","0.0","7.9","6.2","1.8"
"20231210","堡林","巢备","15.3","20.3","11.4","5.1","3.8","8.4","-0.2","1.4","0.0","1.3","2.4","0.6","4.9","6.93","4.73","0.0","89.0","66.3","66.7","8.3","6.3","5.1","0.0","0.0","0.0","5.0","5.2","1.8"
"20231209","堡林","巢备","15.9","20.2","12.6","7.4","4.0","8.6","0.0","0.0","0.0","1.3","3.4","2.3","4.8","7.66","6.98","0.0","89.1","62.4","67.5","5.3","4.9","5.2","0.0","0.0","0.0","5.7","4.6","1.8"
"20231208","堡林","巢备","14.1","19.9","6.4","6.5","4.0","8.6","-0.1","0.0","0.0","1.8","8.5","6.6","5.0","11.37","11.37","0.0","75.6","55.1","67.6","2.1","5.1","5.0","0.0","0.0","0.0","10.6","6.0","1.7"
"20231207","堡林","巢备","8.7","13.5","4.9","5.5","3.9","8.6","-0.1","0.0","0.0","1.7","8.7","8.7","4.8","12.05","11.77","0.0","54.8","53.8","67.4","0.0","1.4","5.1","0.0","0.0","0.0","7.5","7.7","1.8"
"20231206","堡林","巢备","8.7","14.7","3.6","3.3","4.1","8.8","0.1","0.4","0.0","2.0","0.7","7.5","4.8","6.2","10.55","0.0","85.5","44.4","68.1","7.4","4.4","5.2","0.0","0.0","0.0","9.2","9.2","1.8"
"20231205","堡林","巢备","7.6","15.0","1.9","0.7","4.3","9.1","0.4","0.0","0.0","2.2","8.4","6.3","4.9","11.71","10.14","0.0","68.8","30.0","67.6","3.4","4.4","5.1","0.0","0.0","0.0","4.0","8.1","1.8"
"20231204","堡林","巢备","4.4","9.6","-1.4","2.4","4.7","9.5","0.6","0.0","0.0","2.2","6.7","4.2","5.0","11.18","8.78","0.0","71.8","36.1","67.1","3.9","6.9","5.0","0.0","0.0","0.0","2.8","9.2","1.8"
"20231203","堡林","巢备","5.5","9.6","1.7","5.6","5.1","10.2","1.0","0.0","0.0","1.8","9.0","1.2","5.1","12.57","6.4","0.0","72.0","60.9","66.7","1.4","8.3","4.8","0.0","0.0","0.0","4.7","4.7","1.8"
"20231202","堡林","巢备","4.1","6.8","-0.1","2.2","5.7","10.8","1.4","0.0","0.0","2.0","0.0","9.3","5.3","4.35","13.07","0.0","74.4","43.6","66.8","8.8","3.1","4.5","0.0","0.0","0.0","3.5","5.8","1.7"
"20231201","堡林","巢备","1.7","5.2","-1.0","0.2","6.1","11.3","1.8","0.0","0.0","1.6","2.9","7.2","5.3","8.33","11.31","0.0","72.4","41.8","66.3","7.3","6.4","4.5","0.0","0.0","0.0","7.2","8.4","1.7"
"20231130","堡林","巢备","1.2","4.4","-1.0","0.5","6.4","11.7","2.1","0.0","0.0","1.4","6.3","5.2","5.4","12.45","9.41","0.0","64.3","49.3","66.1","5.6","8.8","4.4","0.0","0.0","0.0","8.0","10.5","1.6"
"20231129","堡林","巢备","5.5","8.2","2.4","11.3","6.6","11.8","2.3","0.0","7.2","1.7","2.4","0.0","5.3","5.96","3.71","0.0","75.6","69.3","66.6","8.5","9.8","4.5","0.0","0.0","0.0","6.0","8.8","1.6"
"20231128","堡林","巢备","6.4","9.3","3.3","15.6","6.9","12.0","2.6","0.3","4.8","1.8","6.8","0.6","5.1","11.14","3.63","0.0","70.6","87.4","67.3","2.8","7.5","4.8","0.0","0.0","0.0","5.5","6.6","1.6"
"20231127","堡林","巢备","8.9","12.1","6.5","9.7","7.0","12.2","2.8","0.9","0.0","1.6","0.4","6.5","5.1","4.23","11.45","0.0","82.0","39.6","67.2","6.8","4.3","4.8","0.0","0.0","0.0","4.1","4.0","1.6"
"20231126","堡林","巢备","5.3","11.5","-1.3","11.1","7.3","12.5","2.9","0.0","0.0","2.1","0.0","8.7","5.3","0.0","12.2","0.0","52.9","52.4","67.3","5.3","1.8","4.8","0.0","0.0","0.0","4.2","5.9","1.7"
"20231125","堡林","巢备","1.9","7.1","-1.8","11.6","7.4","12.8","2.9","0.0","0.0","2.1","0.0","7.7","5.3","0.0","11.54","0.0","42.8","62.6","67.4","0.0","4.5","4.7","0.0","0.0","0.0","8.5","4.1","1.6"
"20231124","堡林","巢备","4.0","7.3","0.8","11.0","7.6","13.1","2.9","0.0","0.0","1.8","1.5","7.0","5.5","5.84","11.17","0.0","58.1","60.9","66.4","6.0","4.3","4.5","0.0","0.0","0.0","10.8","4.9","1.6"
"20231123","堡林","巢备","13.3","19.0","7.1","11.9","7.7","13.2","2.9","0.0","0.8","1.7","6.0","8.1","5.7","10.16","11.27","0.0","84.4","70.8","65.5","6.9","4.5","4.3","0.0","0.0","0.0","8.1","6.5","1.6"
"20231122","堡林","巢备","11.3","18.7","3.9","12.5","7.7","13.1","3.0","0.0","1.9","1.6","8.8","0.0","5.7","13.2","3.76","0.0","87.4","78.0","65.2","2.6","10.0","4.3","0.0","0.0","0.0","6.0","5.2","1.7"
"20231121","堡林","巢备","8.8","16.5","2.3","12.6","7.7","13.1","3.0","0.0","0.0","1.1","9.3","2.7","5.6","14.21","8.58","0.0","80.4","74.9","65.2","0.0","5.5","4.4","0.0","0.0","0.0","5.4","3.9","1.7"
"20231120","堡林","巢备","9.0","15.4","4.6","13.6","7.7","13.0","3.3","0.0","0.4","1.6","9.4","0.9","5.3","14.36","6.13","0.0","61.9","77.9","65.6","0.0","5.9","4.6","0.0","0.0","0.0","5.6","2.7","1.7"
"20231119","堡林","巢备","9.2","14.6","3.0","13.5","8.1","13.2","3.7","0.0","0.0","1.7","5.7","7.8","5.2","11.45","12.62","0.0","85.4","50.1","65.7","3.9","3.3","4.8","0.0","0.0","0.0","7.1","5.7","1.8"
"20231118","堡林","巢备","4.6","8.0","-0.8","11.8","8.4","13.6","4.0","1.5","0.0","1.8","1.8","9.3","5.3","4.56","14.13","0.0","78.8","50.9","65.3","7.5","0.0","4.8","3.8","0.0","0.0","9.6","3.1","1.8"
"20231117","堡林","巢备","4.9","8.4","0.4","11.3","8.7","13.9","4.3","9.3","0.0","1.7","3.6","9.0","5.3","7.53","13.53","0.0","87.5","50.8","65.1","8.8","3.0","4.7","1.0","0.0","0.0","9.5","4.6","1.8"
"20231116","堡林","巢备","7.2","8.3","5.5","10.8","9.1","14.2","4.8","12.7","0.0","1.5","0.0","8.9","5.3","2.57","12.89","0.0","96.3","62.4","65.1","8.6","3.8","4.6","0.0","0.0","0.0","5.1","7.6","1.8"
"20231115","堡林","巢备","8.7","15.0","4.2","9.5","9.6","14.8","5.2","0.0","0.0","1.3","7.6","8.9","5.4","12.77","12.78","0.0","79.1","64.4","65.5","2.0","0.3","4.6","0.0","0.0","0.0","4.6","5.7","1.7"
"20231114","堡林","巢备","8.2","13.2","3.9","10.7","9.9","15.2","5.5","0.0","0.0","1.4","3.5","4.3","5.8","9.25","9.47","0.0","74.0","70.0","65.3","6.4","6.6","4.2","0.0","0.0","0.0","5.6","6.2","1.7"
"20231113","堡林","巢备","5.4","10.0","1.6","11.6","10.4","15.6","6.1","0.0","10.5","1.5","8.8","0.0","5.7","14.96","3.95","0.0","68.4","79.1","66.5","2.1","9.3","4.4","0.0","0.0","0.0","7.7","9.3","1.8"
"20231112","堡林","巢备","5.7","9.5","3.5","18.5","10.9","16.1","6.5","0.0","21.1","2.0","6.5","4.1","5.5","11.53","9.77","0.0","64.6","79.6","67.3","6.3","7.1","4.6","0.0","0.0","0.0","8.4","8.8","1.8"
"20231111","堡林","巢备","5.5","10.2","1.8","16.7","11.2","16.5","6.7","0.0","0.0","2.2","7.3","8.3","5.7","13.25","12.72","0.0","56.5","56.4","67.0","5.3","2.0","4.6","0.0","0.0","0.0","7.8","4.9","1.8"
"20231110","堡林","巢备","8.5","15.6","3.2","15.0","11.4","16.6","7.0","3.5","0.0","2.2","8.2","8.8","5.6","13.04","12.83","0.0","65.4","50.6","66.8","4.9","2.6","4.7","0.0","0.0","0.0","9.0","3.2","1.8"
"20231109","堡林","巢备","15.4","20.6","8.6","12.4","11.8","17.1","7.4","14.7","0.0","2.3","3.9","8.9","5.3","9.22","13.27","0.0","85.8","59.6","68.4","6.6","2.9","5.0","0.0","0.0","0.0","4.1","3.1","1.8"
"20231108","堡林","巢备","11.4","19.0","3.6","12.1","12.1","17.7","7.6","0.0","0.0","2.2","8.2","9.5","5.4","14.74","13.75","0.0","62.8","65.4","68.8","1.9","1.0","4.8","0.0","0.0","0.0","5.0","4.2","1.7"
"20231107","堡林","巢备","10.8","14.8","6.5","11.4","12.4","18.2","7.5","0.0","0.0","2.1","6.1","9.0","5.5","11.97","13.3","0.0","65.3","60.5","69.4","3.4","0.6","4.6","0.0","0.0","0.0","8.8","4.0","1.5"
"20231106","堡林","巢备","16.2","22.5","12.2","9.7","12.4","18.5","7.4","26.8","0.0","1.8","3.0","9.3","5.8","7.35","14.28","0.0","77.8","62.1","69.5","7.3","1.5","4.3","0.0","0.0","0.0","12.9","5.4","1.4"
"20231105","堡林","巢备","20.7","24.2","18.6","9.1","12.5","18.8","7.3","1.8","0.0","1.4","2.0","9.6","6.1","6.88","15.6","0.0","93.3","43.6","69.0","8.5","0.5","3.8","0.0","0.0","0.0","9.8","6.4","1.3"
"20231104","堡林","巢备","20.0","24.8","16.9","8.9","12.3","18.5","7.1","0.4","0.0","1.0","2.5","9.4","6.3","9.14","15.39","0.0","93.3","43.9","68.5","6.5","3.0","3.8","0.0","0.0","0.0","6.0","8.6","1.3"
"20231103","堡林","巢备","19.4","25.9","14.4","12.2","12.0","18.0","7.0","0.0","0.0","1.0","7.7","8.9","6.4","13.0","13.99","0.0","85.1","56.9","68.1","2.8","2.5","3.7","0.0","0.0","0.0","6.8","5.3","1.4"
"20231102","堡林","巢备","19.7","27.0","15.1","13.0","11.9","17.7","7.0","0.0","0.0","1.2","9.3","9.7","6.4","15.46","15.25","0.0","74.9","65.0","67.5","1.8","0.0","3.8","0.0","0.0","0.0","6.0","4.7","1.5"
"20231101","堡林","巢备","18.6","24.9","13.1","14.5","12.1","17.7","7.3","0.0","0.0","1.2","7.4","9.3","6.5","13.75","14.38","0.0","85.0","74.8","66.8","3.6","0.0","3.9","0.0","0.0","0.0","7.5","6.1","1.5"
"20231031","堡林","巢备","15.7","23.2","9.6","15.4","12.3","17.9","7.7","0.0","0.0","1.5","9.6","9.3","6.4","16.08","15.06","0.0","75.1","65.9","66.7","0.8","2.4","4.1","0.0","0.0","0.0","4.0","5.2","1.6"
"20231030","堡林","巢备","16.1","22.1","11.2","15.9","12.7","18.3","8.1","0.0","0.0","1.6","9.7","9.8","6.5","16.11","15.41","0.0","82.1","65.0","66.2","0.6","2.5","4.1","0.0","0.0","0.0","3.4","4.7","1.6"
"20231029","堡林","巢备","16.0","22.6","10.4","15.1","13.0","18.8","8.2","0.0","0.0","1.7","9.8","7.7","6.7","15.9","12.59","0.0","81.0","66.0","65.5","2.1","3.4","3.9","0.0","0.0","0.0","3.5","4.2","1.6"
"20231028","堡林","巢备","14.9","20.9","9.1","14.7","13.3","19.1","8.5","0.0","0.0","1.3","9.8","9.7","7.0","16.26","15.32","0.0","81.6","71.5","65.0","0.0","0.0","3.8","0.0","0.0","0.0","4.5","4.2","1.6"
"20231027","堡林","巢备","15.6","19.8","12.5","15.1","13.7","19.5","8.9","0.0","0.0","1.5","9.7","9.7","6.9","16.93","15.97","0.0","73.3","56.0","66.0","1.4","2.1","3.7","0.0","0.0","0.0","5.6","5.6","1.6"
"20231026","堡林","巢备","17.8","23.5","13.3","13.6","14.0","19.8","9.1","0.0","0.0","1.2","9.0","6.5","6.8","15.11","13.85","0.0","88.0","49.0","66.8","4.5","6.4","3.6","0.0","0.0","0.0","5.7","4.4","1.6"
"20231025","堡林","巢备","17.2","23.7","11.7","11.6","14.3","20.1","9.4","0.0","0.0","1.1","9.7","10.0","6.8","16.24","16.83","0.0","85.3","46.3","66.9","0.6","0.0","3.6","0.0","0.0","0.0","3.5","6.4","1.6"
"20231024","堡林","巢备","15.0","21.1","9.6","11.6","14.7","20.4","9.9","0.0","0.0","1.4","7.6","9.8","6.5","12.84","17.39","0.0","78.3","46.5","67.5","4.3","0.5","3.9","0.0","0.0","0.0","3.1","9.8","1.6"
"20231023","堡林","巢备","14.9","21.5","9.7","14.7","15.1","20.8","10.3","0.0","0.0","1.7","9.3","9.8","6.3","16.46","16.25","0.0","80.4","62.8","68.6","0.5","1.8","3.9","0.0","0.0","0.0","4.4","6.5","1.6"
"20231022","堡林","巢备","12.9","19.0","7.3","17.3","15.4","21.2","10.5","0.0","0.4","1.7","5.9","10.0","6.3","12.21","16.56","0.0","82.8","69.8","68.4","6.1","3.1","3.9","0.0","0.0","0.0","2.8","4.8","1.6"
"20231021","堡林","巢备","12.5","17.8","8.5","14.8","15.5","21.4","10.6","0.4","0.0","1.6","7.7","2.4","6.5","13.64","10.13","0.0","70.6","71.9","67.7","1.4","8.9","4.0","0.0","0.0","0.0","7.1","3.2","1.6"
"20231020","堡林","巢备","13.3","17.1","10.8","13.9","15.6","21.7","10.7","1.9","0.0","1.6","7.9","10.0","6.7","16.54","18.1","0.0","69.5","50.6","67.4","5.4","1.8","3.8","0.0","0.0","0.0","9.8","6.3","1.6"
"20231019","堡林","巢备","17.2","23.4","12.1","11.3","15.7","21.8","10.5","5.4","0.0","0.9","3.4","10.2","6.9","12.47","18.14","0.0","89.4","56.8","67.4","7.4","0.0","3.6","0.0","0.0","0.0","5.6","10.1","1.5"
"20231018","堡林","巢备","16.3","23.7","9.3","11.1","15.6","21.8","10.5","0.0","0.0","0.9","10.2","10.2","7.0","18.74","18.73","0.0","71.1","42.6","66.6","1.1","0.0","3.6","0.0","0.0","0.0","5.4","9.5","1.6"
"20231017","堡林","巢备","14.9","21.7","9.4","14.4","15.7","21.8","10.6","0.0","0.0","0.9","10.2","9.4","7.1","19.11","18.33","0.0","75.1","47.1","66.2","0.0","3.4","3.6","0.0","0.0","0.0","5.5","10.3","1.6"
"20231016","堡林","巢备","15.8","20.6","12.4","18.1","15.8","21.9","10.9","0.0","0.0","1.2","9.7","9.6","7.1","17.87","16.13","0.0","77.8","73.8","66.3","1.0","3.5","3.6","0.0","0.0","0.0","6.8","5.8","1.6"
"20231015","堡林","巢备","17.1","22.4","13.2","18.5","16.1","22.2","11.1","0.0","0.0","1.4","9.0","9.9","6.9","16.03","17.51","0.0","83.1","76.9","66.4","2.5","1.9","3.9","0.0","0.0","0.0","7.0","4.0","1.6"
"20231014","堡林","巢备","17.5","22.5","13.2","17.5","16.4","22.3","11.5","0.0","0.0","1.6","5.9","8.6","6.8","13.81","17.69","0.0","82.1","73.6","66.3","6.3","3.8","4.0","0.0","0.0","0.0","6.9","3.7","1.6"
"20231013","堡林","巢备","18.1","22.0","13.9","17.1","16.7","22.6","11.9","0.0","0.0","1.7","1.2","8.0","6.9","11.38","15.63","0.0","70.5","67.5","66.7","8.9","0.9","4.1","0.0","0.0","0.0","3.0","5.2","1.6"
"20231012","堡林","巢备","18.4","24.2","13.2","14.7","17.1","22.9","12.2","0.0","0.0","1.9","9.7","0.0","6.7","19.39","0.0","0.0","65.3","66.6","67.7","3.8","0.0","4.2","0.0","0.0","0.0","6.9","4.5","1.6"
"20231011","堡林","巢备","18.6","24.3","13.3","13.9","17.3","23.2","12.3","0.0","0.0","1.7","10.1","10.1","6.8","18.98","19.2","0.0","72.9","66.5","67.6","0.9","1.8","4.1","0.0","0.0","0.0","5.3","7.7","1.6"
"20231010","堡林","巢备","18.0","22.5","14.5","12.8","17.4","23.3","12.5","0.0","2.2","1.7","8.2","4.7","7.0","17.17","12.61","0.0","79.8","74.4","68.0","2.9","7.1","3.9","0.0","0.0","0.0","6.2","9.6","1.6"
"20231009","堡林","巢备","18.7","23.2","15.7","14.5","17.6","23.5","12.7","0.0","2.3","2.0","3.4","0.0","7.0","12.89","5.14","0.0","80.0","88.9","68.2","7.8","10.0","4.0","0.0","0.0","0.0","4.6","6.2","1.6"
"20231008","堡林","巢备","17.9","22.7","14.9","16.7","17.7","23.6","12.8","1.4","0.0","2.0","3.4","4.6","7.1","11.92","12.31","0.0","84.0","63.8","68.1","7.8","6.4","4.0","0.0","0.0","0.0","5.9","6.5","1.6"
"20231007","堡林","巢备","17.5","20.3","14.2","16.3","17.7","23.5","13.0","0.1","0.0","2.6","0.9","8.0","7.0","8.92","16.92","0.0","75.6","61.3","67.7","9.6","6.1","4.1","0.0","0.0","0.0","4.9","8.3","1.7"
"20231006","堡林","巢备","16.7","21.2","12.8","17.1","17.9","23.5","13.2","0.0","0.0","2.6","3.8","6.0","6.7","13.71","14.76","0.0","56.6","69.1","68.5","8.9","8.5","4.5","0.0","0.0","0.0","4.7","5.9","1.7"
"20231005","堡林","巢备","16.7","20.5","14.2","16.9","18.1","23.7","13.5","0.0","0.0","2.4","8.9","8.9","6.7","20.81","19.48","0.0","51.6","63.5","68.6","5.6","6.9","4.6","0.0","0.0","0.0","9.7","5.8","1.7"
"20231004","堡林","巢备","18.3","24.6","12.7","19.5","18.3","23.9","13.8","0.9","33.4","2.9","8.4","0.8","6.7","19.04","6.35","0.0","84.4","86.1","69.3","6.1","9.6","4.5","0.0","0.0","0.0","4.7","12.2","1.8"
"20231003","堡林","巢备","16.9","19.8","14.6","26.1","18.7","24.2","14.3","1.4","0.0","3.5","0.1","1.2","6.4","5.16","8.6","0.0","87.5","79.6","70.6","6.8","9.6","4.8","0.0","0.0","0.0","5.1","8.7","1.7"
"20231002","堡林","巢备","18.9","24.7","13.7","23.6","19.0","24.5","14.7","0.0","0.0","4.3","9.1","9.5","6.3","20.64","18.92","0.0","66.3","67.6","71.6","5.4","7.3","5.0","0.0","0.0","0.0","9.1","9.6","1.7"
"20231001","堡林","巢备","19.6","24.0","15.7","22.9","19.3","24.6","15.1","0.0","0.0","4.8","10.4","9.9","6.0","21.44","19.66","0.0","66.0","64.1","71.8","2.0","2.9","5.2","0.0","0.0","0.0","9.2","4.4","1.8"
"20230930","堡林","巢备","19.2","23.6","15.1","21.7","19.6","24.7","15.4","2.6","0.0","4.9","6.4","10.7","5.6","15.18","20.81","0.0","87.6","66.9","71.9","7.6","0.4","5.6","0.0","0.0","0.0","6.0","3.9","1.8"
"20230929","堡林","巢备","21.7","27.1","16.5","20.9","19.8","25.0","15.6","0.0","0.0","4.2","7.6","10.8","5.7","19.09","21.74","0.0","81.4","67.5","71.4","5.1","0.0","5.5","0.0","0.0","0.0","4.0","4.0","1.8"
"20230928","堡林","巢备","22.9","27.5","20.1","21.1","20.0","25.2","15.7","0.0","0.0","3.2","7.9","2.3","6.0","17.17","11.42","0.0","89.9","76.8","70.2","4.4","7.5","5.4","0.0","0.0","0.0","4.9","2.6","1.8"
"20230927","堡林","巢备","22.5","25.5","20.9","21.7","20.2","25.4","15.8","0.9","0.0","1.5","1.5","10.8","6.2","9.72","21.59","0.0","97.1","68.5","70.0","8.9","1.8","5.3","0.0","0.0","0.0","6.5","4.1","1.7"
"20230926","堡林","巢备","23.2","25.6","21.4","19.8","20.4","25.8","15.9","0.3","0.0","2.0","0.1","0.7","6.4","5.85","9.6","0.0","96.1","71.8","70.3","9.9","9.0","5.0","0.0","0.0","0.0","6.4","3.3","1.7"
"20230925","堡林","巢备","22.6","26.7","18.9","20.0","20.5","25.8","16.0","0.0","0.0","2.9","0.8","2.9","6.5","11.18","13.74","0.0","83.0","64.3","70.8","9.1","8.9","4.8","0.0","0.0","0.0","6.6","3.7","1.7"
"20230924","堡林","巢备","21.5","27.9","16.7","19.1","20.5","25.9","16.1","0.0","0.0","3.2","8.0","8.2","6.5","18.43","22.1","0.0","75.0","59.3","70.9","4.8","5.8","4.8","0.0","0.0","0.0","8.1","8.0","1.7"
"20230923","堡林","巢备","20.5","25.4","16.3","19.5","20.6","25.8","16.3","0.0","0.0","4.1","3.9","8.5","6.2","13.84","19.28","0.0","80.5","69.1","71.5","7.4","5.4","4.9","0.0","0.0","0.0","6.9","6.8","1.8"
"20230922","堡林","巢备","20.9","26.5","16.9","20.3","20.8","26.0","16.5","0.0","0.0","4.5","8.0","8.6","6.1","20.15","21.06","0.0","85.1","60.6","71.7","3.9","5.0","5.0","0.0","0.0","0.0","3.9","5.4","1.8"
"20230921","堡林","巢备","21.3","25.0","19.6","20.1","21.1","26.3","16.8","3.0","0.0","3.6","0.0","8.9","6.3","8.37","18.56","0.0","98.1","61.5","71.1","8.6","3.6","4.9","0.0","0.0","0.0","6.4","5.3","1.9"
"20230920","堡林","巢备","23.6","25.5","21.3","20.8","21.4","26.7","17.1","11.0","0.0","3.1","0.0","6.3","6.4","4.15","15.92","0.0","99.0","62.5","70.9","9.8","4.4","4.8","0.0","0.0","0.0","10.3","5.2","1.9"
"20230919","堡林","巢备","24.5","28.6","21.2","25.4","21.7","26.9","17.6","0.0","0.0","4.2","6.8","10.4","6.4","17.14","20.84","0.0","86.9","66.3","71.3","6.3","5.3","5.0","0.0","0.0","0.0","3.8","10.2","2.0"
"20230918","堡林","巢备","25.3","30.4","22.1","28.7","22.0","27.1","17.9","0.0","0.0","4.6","8.7","5.7","6.4","19.18","18.39","0.0","90.0","71.0","72.0","4.5","8.3","5.0","0.0","0.0","0.0","5.1","11.9","2.0"
"20230917","堡林","巢备","24.7","28.7","22.2","27.9","22.2","27.3","18.1","3.2","0.0","5.3","3.2","8.8","6.5","15.29","21.17","0.0","95.4","75.8","72.4","7.8","7.4","5.0","0.0","0.0","0.0","5.9","5.8","2.1"
"20230916","堡林","巢备","23.7","27.1","22.7","26.8","22.3","27.3","18.3","34.0","0.0","7.3","0.6","6.7","6.2","4.94","17.34","0.0","99.0","82.5","73.6","7.0","6.0","5.3","0.0","0.0","0.0","6.4","9.9","2.1"
"20230915","堡林","巢备","23.9","27.7","21.5","26.5","22.4","27.3","18.5","42.8","0.0","7.4","1.9","9.2","6.0","9.5","21.2","0.0","98.8","72.5","74.5","8.3","4.8","5.5","0.0","0.0","0.0","0.0","9.6","2.1"
"20230914","堡林","巢备","22.2","26.0","20.2","25.3","22.5","27.3","18.7","14.1","0.0","6.6","0.6","9.2","5.4","7.97","18.01","0.0","98.5","68.4","75.3","9.6","5.9","5.8","0.0","0.0","0.0","8.1","8.7","2.1"
"20230913","堡林","巢备","22.5","25.4","20.1","24.3","22.6","27.3","18.9","30.1","0.2","7.2","0.0","0.0","5.0","7.54","7.66","0.0","98.9","90.0","75.7","10.0","10.0","6.2","0.0","0.0","0.0","5.5","6.2","2.0"
"20230912","堡林","巢备","25.1","29.2","21.5","23.1","22.7","27.4","19.1","0.0","2.0","6.3","3.1","0.0","5.0","15.72","6.65","0.0","80.1","98.9","75.7","8.1","10.0","6.2","0.0","0.0","0.0","4.3","5.0","1.9"
"20230911","堡林","巢备","25.4","30.6","20.9","24.1","22.8","27.5","19.1","0.0","0.0","5.1","8.5","6.6","4.8","19.59","18.74","0.0","79.9","81.8","76.0","5.3","6.4","6.2","0.0","0.0","0.0","4.7","4.6","1.9"
"20230910","堡林","巢备","25.3","30.7","21.8","22.6","23.0","27.7","19.3","0.0","0.0","4.9","5.8","2.7","4.8","17.71","14.03","0.0","86.3","85.0","76.0","6.8","8.0","6.2","0.0","0.0","0.0","4.1","5.8","1.8"
"20230909","堡林","巢备","25.1","30.7","19.8","24.1","23.2","28.0","19.4","0.0","0.0","4.5","10.8","4.2","5.2","23.47","10.58","0.0","80.9","74.8","75.9","1.5","5.8","6.0","0.0","0.0","0.0","4.6","5.3","1.8"
"20230908","堡林","巢备","24.7","29.9","19.3","23.0","23.3","28.1","19.5","0.0","0.0","3.6","11.6","8.5","5.3","25.13","19.95","0.0","71.5","73.9","76.2","0.0","4.6","5.9","0.0","0.0","0.0","4.6","4.5","1.9"
"20230907","堡林","巢备","25.7","30.6","21.6","22.2","23.4","28.1","19.8","0.0","0.0","5.6","11.6","11.2","5.2","25.39","24.72","0.0","68.5","77.6","76.7","0.0","2.8","6.1","0.0","0.0","0.0","6.0","6.0","1.9"
"20230906","堡林","巢备","27.0","32.6","22.4","21.5","23.8","28.5","20.1","0.0","32.8","5.8","10.5","5.0","5.6","23.37","13.83","0.0","82.3","89.8","76.1","1.5","5.3","5.9","0.0","0.0","0.0","6.2","13.5","1.9"
"20230905","堡林","巢备","27.0","32.2","22.8","24.0","24.0","28.7","20.3","0.0","50.7","6.0","8.7","0.0","5.6","20.87","2.82","0.0","83.1","99.0","75.9","4.1","10.0","5.9","0.0","0.0","0.0","5.3","11.3","1.9"
"20230904","堡林","巢备","26.6","32.8","23.3","26.5","24.1","28.8","20.7","8.0","3.5","6.6","8.9","2.9","5.6","20.43","15.8","0.0","90.1","89.4","76.4","6.0","9.3","5.9","0.0","0.0","0.0","6.3","9.0","2.0"
"20230903","堡林","巢备","27.1","31.1","23.1","24.9","24.5","29.2","20.9","0.0","0.0","6.4","5.9","1.6","6.0","17.45","13.49","0.0","91.5","86.8","76.0","6.1","8.4","5.7","0.0","0.0","0.0","5.8","8.1","1.9"
"20230902","堡林","巢备","24.3","27.2","22.0","23.1","24.6","29.3","21.0","2.5","0.0","6.3","0.6","2.6","6.1","10.22","12.6","0.0","98.1","88.3","75.9","6.8","8.6","5.7","0.0","0.0","0.0","4.6","8.4","2.0"
"20230901","堡林","巢备","24.6","30.1","20.3","22.6","24.5","29.0","21.1","0.0","0.0","6.8","7.9","1.9","5.6","19.44","9.52","0.0","83.5","94.1","76.9","4.9","8.3","6.1","0.0","0.0","0.0","6.4","4.9","2.1"
"20230831","堡林","巢备","23.6","28.9","19.9","23.0","24.6","29.1","21.2","0.1","4.4","8.0","8.3","2.8","5.4","21.78","13.16","0.0","90.3","92.9","77.5","5.3","8.8","6.2","0.0","0.0","0.0","5.4","6.4","2.1"
"20230830","堡林","巢备","21.9","23.6","19.8","24.8","24.8","29.3","21.3","14.0","1.3","8.4","0.0","0.1","5.6","4.04","7.92","0.0","99.0","96.5","77.5","9.0","9.1","6.1","0.0","0.0","0.0","4.0","5.8","2.1"
"20230829","堡林","巢备","25.5","28.9","23.1","21.7","24.8","29.2","21.4","37.5","0.0","10.6","0.1","0.0","5.3","7.56","7.12","0.0","99.0","88.4","78.3","9.6","7.5","6.3","0.0","0.0","0.0","9.3","5.3","2.1"
"20230828","堡林","巢备","26.9","30.3","24.3","22.9","24.9","29.2","21.5","6.4","0.0","10.6","4.5","7.9","5.1","16.2","22.23","0.0","93.4","67.0","78.7","9.0","5.8","6.3","0.0","0.0","0.0","8.8","6.6","2.0"
"20230827","堡林","巢备","27.0","32.2","22.6","22.8","25.1","29.5","21.7","0.0","0.0","12.6","7.5","6.1","5.0","19.32","18.73","0.0","87.8","75.5","78.9","5.4","4.3","6.3","0.0","0.0","0.0","5.2","6.6","2.0"
"20230826","堡林","巢备","26.0","32.3","20.7","24.5","25.2","29.5","21.9","0.0","0.0","12.7","11.6","11.4","4.9","25.45","26.29","0.0","83.4","71.3","79.2","2.1","3.9","6.4","0.0","0.0","0.0","5.0","6.3","2.0"
"20230825","堡林","巢备","26.2","31.2","23.1","24.9","25.3","29.6","22.1","0.0","0.0","12.6","8.6","8.2","4.6","20.65","21.67","0.0","88.9","77.8","79.2","3.3","6.1","6.7","0.0","0.0","0.0","4.8","6.5","2.1"
"20230824","堡林","巢备","25.2","28.9","23.7","25.7","25.4","29.7","22.2","34.9","2.4","11.2","1.0","3.9","4.7","6.76","15.35","0.0","99.0","89.3","79.1","7.5","7.4","6.7","0.0","0.0","0.0","6.0","5.5","2.0"
"20230823","堡林","巢备","25.4","29.9","23.2","26.5","25.7","30.1","22.5","58.9","24.7","11.2","0.6","0.0","4.8","9.25","6.33","0.0","99.0","97.5","79.0","9.3","9.9","6.6","0.0","0.0","0.0","7.6","6.0","2.0"
"20230822","堡林","巢备","28.4","32.5","26.2","28.0","25.9","30.2","22.7","0.3","0.0","9.7","8.5","9.1","5.0","21.85","24.87","0.0","90.0","81.0","78.8","5.5","7.1","6.4","0.0","0.0","0.0","8.5","5.7","2.0"
"20230821","堡林","巢备","28.8","33.0","25.3","27.4","26.0","30.3","22.8","0.0","0.0","9.8","11.5","6.7","5.2","24.43","18.1","0.0","86.9","90.4","78.3","3.5","7.5","6.4","0.0","0.0","0.0","8.8","3.8","2.0"
"20230820","堡林","巢备","28.6","34.1","24.8","26.6","26.2","30.6","23.0","0.0","32.2","12.3","8.6","1.4","5.3","20.82","6.61","0.0","86.5","98.4","78.1","3.3","6.5","6.2","0.0","0.0","0.0","6.7","6.9","2.0"
"20230819","堡林","巢备","28.3","32.7","24.5","27.4","26.5","31.0","23.2","0.0","0.0","12.4","7.0","4.6","5.5","18.87","16.29","0.0","89.3","92.9","77.7","6.3","7.9","6.2","0.0","0.0","0.0","4.7","9.3","2.0"
"20230818","堡林","巢备","27.3","33.5","24.2","26.1","26.5","31.0","23.3","74.5","0.0","11.7","9.8","0.0","5.4","25.0","0.0","0.0","90.1","83.0","77.9","5.5","4.0","6.3","0.0","0.0","0.0","6.3","5.9","2.0"
"20230817","堡林","巢备","27.5","32.8","23.9","26.0","26.7","31.2","23.4","0.0","0.1","10.3","6.7","0.0","5.4","18.34","1.25","0.0","88.1","94.0","77.7","7.1","6.6","6.3","0.0","0.0","0.0","6.1","4.8","2.0"
"20230816","堡林","巢备","27.7","32.7","24.5","26.5","26.8","31.2","23.6","0.0","17.0","9.7","9.4","0.0","5.4","24.26","5.98","0.0","87.0","98.9","78.2","5.0","9.8","6.4","0.0","0.0","0.0","5.2","9.4","2.0"
"20230815","堡林","巢备","28.1","32.5","24.4","29.4","26.9","31.2","23.7","0.0","0.0","7.8","8.5","6.5","5.3","21.33","20.37","0.0","89.4","89.6","78.5","6.3","8.4","6.4","0.0","0.0","0.0","5.4","12.6","2.0"
"20230814","堡林","巢备","28.5","33.6","25.0","29.4","26.9","31.1","23.8","3.7","0.0","8.4","6.5","7.0","5.2","20.82","21.5","0.0","90.3","89.1","78.9","6.5","7.3","6.6","0.0","0.0","0.0","4.4","9.1","2.1"
"20230813","堡林","巢备","27.7","31.8","23.5","27.9","26.9","31.2","23.8","0.0","0.1","8.0","6.3","3.2","5.1","17.01","13.48","0.0","88.4","95.6","78.8","5.1","7.4","6.6","0.0","0.0","0.0","3.9","7.7","2.1"
"20230812","堡林","巢备","26.6","30.2","22.8","27.9","27.0","31.2","23.8","0.2","0.5","9.6","5.8","5.2","5.1","17.62","17.12","0.0","90.4","91.1","78.9","5.4","8.1","6.7","0.0","0.0","0.0","3.8","4.3","2.1"
"20230811","堡林","巢备","26.8","31.6","23.0","26.3","27.1","31.3","23.9","0.0","9.1","9.6","8.3","0.0","5.1","23.74","3.46","0.0","88.4","99.0","78.7","5.9","9.6","6.6","0.0","0.0","0.0","8.5","5.7","2.2"
"20230810","堡林","巢备","23.3","25.1","22.2","28.3","27.1","31.5","23.9","92.4","0.0","11.5","0.2","0.9","5.4","6.19","11.8","0.0","99.0","93.5","78.5","9.5","9.0","6.5","0.0","0.0","0.0","13.5","7.5","2.3"
"20230809","堡林","巢备","26.2","29.0","24.3","28.7","27.2","31.6","24.0","1.0","0.0","13.3","0.4","3.5","5.4","8.89","16.85","0.0","98.1","91.1","78.4","8.4","8.5","6.3","0.0","0.0","0.0","10.5","10.6","2.3"
"20230808","堡林","巢备","28.8","35.5","24.9","28.8","27.4","31.9","24.1","5.5","0.0","13.8","9.4","3.4","5.8","24.0","16.7","0.0","89.3","90.9","77.8","4.1","7.9","6.1","0.0","0.0","0.0","5.8","11.2","2.3"
"20230807","堡林","巢备","29.1","35.4","25.6","29.9","27.5","32.2","24.1","8.4","0.0","12.0","7.6","8.2","6.1","20.43","22.59","0.0","90.3","89.0","77.0","5.1","5.9","5.7","0.0","0.0","0.0","7.5","9.7","2.3"
"20230806","堡林","巢备","29.9","35.6","26.3","29.9","27.6","32.2","24.1","0.0","0.0","12.6","9.0","6.7","6.3","22.38","19.79","0.0","87.9","91.4","76.6","4.4","6.9","5.5","0.0","0.0","0.0","5.7","6.3","2.3"
"20230805","堡林","巢备","30.2","35.7","25.4","29.0","27.6","32.1","24.2","0.0","0.0","9.9","11.6","4.8","6.3","25.17","15.4","0.0","82.6","93.3","76.3","0.9","6.4","5.4","0.0","0.0","0.0","4.9","6.7","2.4"
"20230804","堡林","巢备","29.6","34.4","25.0","29.0","27.7","32.2","24.3","0.0","0.0","7.3","9.5","8.3","6.4","19.62","21.88","0.0","84.0","90.6","75.9","3.3","5.3","5.4","0.0","0.0","0.0","5.1","6.1","2.4"
"20230803","堡林","巢备","29.4","34.1","25.5","27.9","27.8","32.2","24.4","0.0","11.4","7.8","8.1","4.5","6.4","16.67","16.36","0.0","84.1","97.3","76.0","2.5","7.4","5.4","0.0","0.0","0.0","6.4","6.2","2.5"
"20230802","堡林","巢备","29.3","34.9","25.9","28.0","27.8","32.2","24.6","3.4","1.7","8.1","7.6","4.4","6.3","21.04","15.1","0.0","89.1","95.3","76.2","4.1","7.3","5.6","0.0","0.0","0.0","6.1","8.1","2.6"
"20230801","堡林","巢备","29.9","35.1","25.2","27.6","27.9","32.3","24.7","0.0","1.5","7.1","10.4","0.5","6.2","25.27","10.0","0.0","82.1","98.4","76.6","3.5","7.5","5.8","0.0","0.0","0.0","5.7","10.4","2.5"
"20230731","堡林","巢备","28.6","34.3","24.0","26.4","27.9","32.3","24.6","0.0","26.4","6.8","8.4","0.0","6.1","21.65","7.62","0.0","86.8","97.8","76.9","5.1","9.6","6.0","0.0","0.0","0.0","5.8","9.5","2.4"
"20230730","堡林","巢备","28.5","33.4","25.0","28.5","27.7","32.2","24.5","0.0","0.0","6.6","10.1","2.8","5.9","23.34","11.24","0.0","85.1","84.1","77.5","2.8","7.1","6.2","0.0","0.0","0.0","7.6","6.3","2.4"
"20230729","堡林","巢备","29.6","34.7","24.5","30.3","27.6","32.0","24.3","0.0","0.0","5.5","10.8","11.0","5.7","26.27","23.25","0.0","82.4","76.1","77.4","4.3","2.5","6.3","0.0","0.0","0.0","4.8","5.7","2.3"
"20230728","堡林","巢备","28.0","32.4","24.7","28.5","27.4","31.9","24.2","0.0","0.0","5.3","1.7","12.4","5.8","15.63","27.23","0.0","91.6","79.3","77.3","7.8","2.5","6.3","0.0","0.0","0.0","5.3","7.5","2.3"
"20230727","堡林","巢备","28.2","34.0","23.8","27.3","27.3","31.8","24.1","0.0","0.0","5.2","9.0","10.3","5.9","24.91","25.54","0.0","88.6","80.0","77.2","4.0","5.3","6.3","0.0","0.0","0.0","7.1","6.6","2.4"
"20230726","堡林","巢备","27.4","32.7","24.6","27.3","27.2","31.7","24.0","0.6","0.0","5.3","6.8","5.6","5.7","21.69","17.56","0.0","92.8","86.6","77.3","6.1","5.5","6.4","0.0","0.0","0.0","7.2","5.8","2.4"
"20230725","堡林","巢备","27.1","30.8","24.3","26.7","27.1","31.6","24.0","0.0","0.0","5.4","3.6","5.5","5.7","15.46","18.99","0.0","94.3","88.6","77.1","7.1","5.4","6.4","0.0","0.0","0.0","6.4","4.9","2.5"
"20230724","堡林","巢备","25.2","29.0","21.6","23.9","27.1","31.5","23.9","100.3","14.2","5.3","1.5","0.0","5.8","12.6","5.4","0.0","98.9","99.0","77.5","9.5","9.0","6.4","0.0","0.0","0.0","6.0","8.0","2.6"
"20230723","堡林","巢备","25.9","28.9","24.7","25.1","27.0","31.3","23.9","48.0","22.6","5.5","0.2","2.9","5.6","7.62","13.31","0.0","98.8","90.6","78.1","10.0","8.8","6.5","0.0","0.0","0.0","7.9","8.0","2.6"
"20230722","堡林","巢备","24.5","26.6","21.7","25.1","26.9","31.2","23.8","13.9","0.0","5.4","0.1","4.5","5.3","4.67","14.77","0.0","97.3","88.1","78.5","8.8","4.6","6.6","0.0","0.0","0.0","8.2","5.1","2.6"
"20230721","堡林","巢备","27.1","33.0","23.3","24.6","26.8","31.1","23.6","0.0","3.8","5.5","8.9","1.0","5.5","25.58","9.01","0.0","80.9","96.0","78.4","3.1","8.4","6.4","0.0","0.0","0.0","7.5","14.6","2.6"
"20230720","堡林","巢备","26.9","31.8","23.6","27.2","26.6","30.9","23.4","3.7","0.8","5.2","5.8","10.2","5.5","20.92","24.49","0.0","89.5","81.6","78.3","7.3","6.9","6.4","0.0","0.0","0.0","5.1","7.3","2.5"
"20230719","堡林","巢备","26.2","30.8","23.5","26.2","26.3","30.6","23.2","2.9","0.7","6.0","4.1","9.9","5.2","16.15","24.28","0.0","94.0","88.0","78.8","8.6","7.1","6.5","0.0","0.0","0.0","5.0","6.4","2.5"
"20230718","堡林","巢备","24.5","26.5","23.3","23.7","26.1","30.2","23.0","64.7","54.1","7.8","0.2","0.0","4.9","5.98","3.79","0.0","99.0","99.0","79.4","9.6","8.9","6.8","0.0","0.0","0.0","6.9","7.7","2.5"
"20230717","堡林","巢备","25.0","32.0","22.8","26.4","25.8","29.9","22.8","66.6","0.0","9.9","3.5","0.1","4.6","15.03","12.26","0.0","98.4","93.6","80.0","9.4","9.4","7.1","0.0","0.0","0.0","9.0","5.4","2.5"
"20230716","堡林","巢备","24.2","29.1","22.1","26.5","25.6","29.7","22.7","54.2","0.0","10.6","1.9","11.6","4.4","10.54","26.67","0.0","98.0","80.4","80.4","9.5","6.4","7.3","0.0","0.0","0.0","6.5","8.2","2.4"
"20230715","堡林","巢备","24.7","26.6","22.2","27.0","25.4","29.5","22.6","56.3","0.0","12.0","0.0","11.2","4.0","3.08","24.61","0.0","99.0","79.6","81.3","10.0","4.4","7.5","0.0","0.0","0.0","12.8","4.3","2.5"
"20230714","堡林","巢备","25.4","26.4","24.3","27.3","25.3","29.3","22.5","51.6","13.0","14.0","0.0","9.0","3.8","2.51","23.22","0.0","99.0","88.9","81.7","10.0","7.1","7.7","0.0","0.0","0.0","13.8","8.5","2.5"
"20230713","堡林","巢备","26.1","27.7","24.8","26.0","25.2","29.1","22.4","4.4","0.0","15.8","0.0","0.7","3.6","4.87","10.49","0.0","99.0","92.6","82.0","10.0","9.3","7.8","0.0","0.0","0.0","6.5","9.3","2.5"
"20230712","堡林","巢备","25.8","28.8","23.6","27.4","25.1","29.0","22.3","2.8","0.0","16.1","0.4","3.6","3.7","8.43","19.42","0.0","99.0","91.0","81.8","9.8","8.3","7.8","0.0","0.0","0.0","8.1","7.6","2.5"
"20230711","堡林","巢备","24.8","27.5","22.2","27.1","25.1","28.9","22.2","87.6","14.3","16.5","0.1","2.6","3.5","4.99","14.03","0.0","99.0","92.5","81.8","9.5","7.9","7.9","0.0","0.0","0.0","14.3","5.9","2.5"
"20230710","堡林","巢备","27.4","32.3","22.5","28.2","25.0","28.9","22.0","6.4","0.0","14.5","7.3","7.2","3.7","21.39","21.65","0.0","94.4","85.5","81.2","7.5","6.3","7.8","0.0","0.0","0.0","11.1","8.0","2.4"
"20230709","堡林","巢备","27.2","31.0","25.4","27.0","24.9","28.9","21.9","0.0","0.0","13.4","1.4","5.9","4.0","10.55","18.49","0.0","98.1","88.1","80.6","8.9","6.3","7.7","0.0","0.0","0.0","7.9","5.7","2.4"
"20230708","堡林","巢备","26.5","30.6","24.1","26.6","24.8","28.9","21.8","0.0","4.8","10.2","3.8","2.0","4.3","15.73","9.62","0.0","97.1","96.5","80.2","8.4","6.6","7.6","0.0","0.0","0.0","7.8","5.9","2.4"
"20230707","堡林","巢备","23.7","24.9","21.7","28.8","24.7","28.9","21.6","60.0","4.9","9.8","0.0","6.2","4.2","3.25","18.66","0.0","98.6","88.1","80.4","9.9","6.5","7.6","0.0","0.0","0.0","6.4","9.9","2.3"
"20230706","堡林","巢备","26.3","33.4","21.3","29.1","24.5","28.7","21.5","0.0","0.0","9.6","8.3","9.4","4.1","24.7","23.23","0.0","81.0","84.0","80.8","6.8","7.1","7.7","0.0","0.0","0.0","5.7","8.6","2.3"
"20230705","堡林","巢备","25.6","30.0","22.7","27.4","24.4","28.5","21.5","32.0","7.3","11.3","7.3","3.2","3.9","23.32","16.95","0.0","88.4","93.1","81.5","4.1","8.1","7.8","0.0","0.0","0.0","7.5","4.2","2.4"
"20230704","堡林","巢备","24.7","25.9","23.5","27.2","24.4","28.3","21.5","27.0","2.1","10.7","0.0","3.1","3.4","5.52","15.14","0.0","98.9","91.0","82.1","9.6","7.9","8.1","0.0","0.0","0.0","7.4","5.0","2.4"
"20230703","堡林","巢备","27.1","31.7","24.4","28.9","24.3","28.1","21.4","0.0","0.0","13.3","3.2","6.6","3.3","17.46","19.43","0.0","94.5","74.5","82.5","8.1","5.8","8.2","0.0","0.0","0.0","5.8","6.0","2.4"
"20230702","堡林","巢备","26.8","31.5","22.5","28.5","24.1","27.9","21.4","0.0","0.0","11.8","7.1","11.1","3.1","23.16","25.54","0.0","91.0","76.6","82.6","6.0","3.6","8.4","0.0","0.0","0.0","5.3","4.5","2.4"
"20230701","堡林","巢备","25.3","31.2","22.7","28.2","24.1","27.9","21.2","1.6","0.0","11.6","3.7","11.7","3.2","15.14","26.18","0.0","96.1","76.5","82.1","7.8","2.0","8.3","0.0","0.0","0.0","5.8","7.9","2.4"
"20230630","堡林","巢备","24.1","25.9","22.8","27.1","24.0","27.9","21.0","14.7","1.7","10.9","0.1","4.0","3.4","6.48","15.13","0.0","99.0","93.4","81.4","10.0","7.3","8.0","0.0","0.0","0.0","8.0","7.4","2.3"
"20230629","堡林","巢备","24.6","26.3","23.3","26.5","23.8","27.9","20.8","38.3","8.5","11.2","0.0","1.6","3.7","4.35","12.99","0.0","99.0","98.1","80.7","10.0","9.9","7.8","0.0","0.0","0.0","13.1","11.3","2.3"
"20230628","堡林","巢备","22.7","25.3","19.6","27.7","23.7","27.9","20.6","153.3","0.0","9.1","0.0","2.2","3.8","7.81","12.84","0.0","99.0","87.0","79.9","10.0","8.8","7.7","0.0","0.0","0.0","9.5","11.3","2.3"
"20230627","堡林","巢备","25.0","30.2","20.7","27.3","23.6","27.9","20.3","130.2","0.9","9.8","5.7","0.5","4.1","18.51","10.5","0.0","94.6","92.6","78.7","9.0","8.3","7.5","0.0","0.0","0.0","15.5","13.0","2.3"
"20230626","堡林","巢备","24.0","26.0","21.2","27.3","23.3","27.7","20.0","74.3","0.0","10.4","0.0","4.0","4.0","5.31","15.73","0.0","99.0","91.4","78.0","10.0","7.4","7.5","0.0","0.0","0.0","8.1","11.3","2.2"
"20230625","堡林","巢备","22.7","28.0","20.5","26.5","23.2","27.6","19.9","7.1","0.0","9.4","1.7","5.1","4.0","12.36","19.45","0.0","91.1","91.3","77.1","9.8","5.9","7.5","0.0","0.0","0.0","6.7","9.5","2.2"
"20230624","堡林","巢备","25.6","31.9","21.4","24.6","23.1","27.6","19.7","0.0","27.2","8.7","7.5","3.0","4.3","23.19","13.61","0.0","75.8","95.1","76.2","7.8","7.8","7.4","0.0","0.0","0.0","6.3","12.6","2.2"
"20230623","堡林","巢备","25.0","32.1","19.0","25.5","23.3","27.9","19.7","0.0","28.7","7.6","11.8","1.4","4.8","28.1","9.89","0.0","78.0","96.0","74.9","4.6","8.9","7.2","0.0","0.0","0.0","7.2","10.6","2.1"
"20230622","堡林","巢备","22.8","27.5","20.2","27.0","23.3","28.1","19.6","0.0","0.0","6.3","6.2","12.1","5.2","20.51","28.66","0.0","85.6","80.0","74.8","5.5","3.0","6.9","0.0","0.0","0.0","5.7","6.4","2.1"
"20230621","堡林","巢备","22.2","23.4","20.7","26.7","23.3","28.4","19.5","0.5","0.0","4.8","0.3","7.4","5.6","6.5","23.26","0.0","98.4","85.5","74.2","9.5","6.5","6.6","0.0","0.0","0.0","6.6","6.3","2.0"
"20230620","堡林","巢备","24.3","30.2","20.9","26.3","23.3","28.4","19.4","8.9","24.3","5.4","4.6","11.2","5.7","15.68","27.24","0.0","73.9","85.0","73.9","8.4","6.0","6.5","0.0","0.0","0.0","7.5","10.7","2.0"
"20230619","堡林","巢备","26.6","34.0","20.2","25.7","23.3","28.5","19.3","0.0","0.0","4.9","10.6","6.4","5.9","26.01","21.35","0.0","70.1","85.1","73.0","5.1","6.5","6.4","0.0","0.0","0.0","6.8","4.8","2.0"
"20230618","堡林","巢备","25.8","33.5","21.0","24.9","23.1","28.5","18.9","0.0","1.3","4.3","9.3","9.2","5.9","27.94","25.93","0.0","60.1","82.6","71.9","4.1","5.0","6.2","0.0","0.0","0.0","5.6","8.5","2.0"
"20230617","堡林","巢备","24.8","31.3","19.7","23.8","23.0","28.5","18.8","0.0","3.3","3.8","8.6","3.2","6.1","23.55","17.86","0.0","68.9","86.6","70.8","7.5","6.8","6.1","0.0","0.0","0.0","5.2","7.1","2.0"
"20230616","堡林","巢备","24.3","32.4","17.5","23.3","22.9","28.3","18.6","0.0","0.0","3.8","12.8","7.2","6.1","30.32","23.57","0.0","69.9","72.6","70.4","1.5","4.8","6.0","0.0","0.0","0.0","5.7","5.9","2.0"
"20230615","堡林","巢备","22.8","29.3","17.6","21.3","22.8","28.3","18.4","0.0","2.1","3.2","12.7","5.2","6.3","30.47","17.25","0.0","66.9","88.5","69.7","0.9","6.5","5.9","0.0","0.0","0.0","5.2","9.9","2.0"
"20230614","堡林","巢备","22.8","29.1","18.2","18.8","22.6","28.2","18.3","0.0","1.1","3.0","9.4","0.0","6.3","24.04","10.6","0.0","69.8","91.6","69.8","2.1","8.4","5.8","0.0","0.0","0.0","6.1","7.5","2.0"
"20230613","堡林","巢备","23.4","29.3","18.7","22.0","22.5","27.9","18.3","0.0","0.0","3.2","10.6","0.7","6.0","26.29","12.59","0.0","72.4","71.0","70.5","4.3","9.4","6.0","0.0","0.0","0.0","5.3","5.9","2.0"
"20230612","堡林","巢备","23.8","30.8","19.9","22.6","22.5","27.8","18.3","0.0","0.1","4.3","8.5","5.5","5.9","27.4","16.49","0.0","78.8","85.6","70.9","3.3","5.8","6.2","0.0","0.0","0.0","7.2","7.3","2.1"
"20230611","堡林","巢备","24.5","30.7","21.4","23.0","22.5","27.9","18.3","0.0","0.0","4.1","6.6","8.1","6.1","19.2","25.65","0.0","82.0","77.6","70.4","6.9","4.3","6.3","0.0","0.0","0.0","7.6","9.5","2.1"
"20230610","堡林","巢备","24.1","30.9","20.8","22.4","22.3","27.7","18.2","0.0","0.0","3.6","8.0","5.9","5.9","25.93","20.67","0.0","78.8","72.3","70.7","6.3","5.5","6.4","0.0","0.0","0.0","8.8","6.4","2.1"
"20230609","堡林","巢备","24.2","30.5","19.2","21.6","22.3","27.7","18.0","0.0","0.0","3.1","8.9","10.1","5.9","27.38","26.03","0.0","71.4","77.0","70.4","4.3","4.4","6.3","0.0","0.0","0.0","6.6","7.1","2.0"
"20230608","堡林","巢备","22.5","29.0","18.1","19.5","22.2","27.8","17.9","0.0","3.2","3.1","7.1","2.2","6.2","23.58","13.13","0.0","79.6","85.3","69.8","6.0","7.6","6.2","0.0","0.0","0.0","6.9","6.5","2.0"
"20230607","堡林","巢备","21.7","28.6","16.4","19.1","22.1","27.9","17.6","0.0","7.1","2.1","11.5","2.5","6.5","26.51","16.61","0.0","79.4","87.9","68.7","6.5","8.6","5.9","0.0","0.0","0.0","6.5","7.4","1.9"
"20230606","堡林","巢备","21.6","28.4","17.6","20.2","22.0","27.8","17.4","0.0","0.0","1.6","10.5","4.7","6.7","28.47","17.01","0.0","75.8","86.8","67.8","3.6","7.0","5.7","0.0","0.0","0.0","6.0","4.8","1.8"
"20230605","堡林","巢备","21.2","25.2","18.9","18.3","21.9","27.9","17.2","0.0","22.2","1.6","3.2","0.0","7.0","16.71","4.77","0.0","75.3","94.0","66.6","7.9","9.9","5.5","0.0","0.0","0.0","4.9","8.2","1.9"
"20230604","堡林","巢备","22.4","28.0","17.1","24.7","21.8","27.8","16.9","0.0","0.0","2.8","9.8","8.7","7.1","25.85","24.63","0.0","57.8","49.6","65.8","6.6","7.1","5.4","0.0","0.0","0.0","5.5","8.3","1.9"
"20230603","堡林","巢备","22.0","28.2","16.0","24.8","21.6","27.6","16.6","0.0","0.0","3.1","12.6","11.0","7.2","30.51","28.19","0.0","63.6","64.4","65.1","1.8","1.5","5.3","0.0","0.0","0.0","9.7","7.3","2.0"
"20230602","堡林","巢备","22.2","27.9","18.1","22.7","21.3","27.3","16.2","3.5","0.0","3.1","11.4","11.5","7.5","29.06","29.27","0.0","84.1","75.0","64.4","4.0","1.8","5.1","0.0","0.0","0.0","6.6","4.9","2.0"
"20230601","堡林","巢备","19.0","21.1","17.5","23.6","21.0","27.0","16.0","10.4","0.0","3.4","0.0","11.4","7.4","6.13","29.83","0.0","91.4","45.3","64.5","9.1","4.1","5.2","0.0","0.0","0.0","3.7","7.5","2.0"
"20230531","堡林","巢备","22.9","28.9","18.4","22.1","21.0","27.2","15.7","1.3","0.0","3.2","12.5","13.0","7.6","29.54","30.61","0.0","70.6","47.9","64.0","4.4","1.6","5.0","0.0","0.0","0.0","7.5","7.2","2.0"
"20230530","堡林","巢备","21.4","23.9","20.1","19.8","20.8","27.0","15.5","4.1","0.0","2.6","0.0","0.0","7.6","9.25","6.58","0.0","98.1","92.0","63.8","9.8","9.0","4.9","0.0","0.0","0.0","5.9","4.7","2.0"
"20230529","堡林","巢备","21.2","22.2","20.8","22.0","20.6","26.7","15.2","43.7","0.0","2.3","0.0","11.0","7.7","3.37","28.96","0.0","99.0","67.4","63.5","10.0","5.5","4.9","0.0","0.0","0.0","10.0","11.2","2.0"
"20230528","堡林","巢备","22.7","26.8","20.2","22.3","20.4","26.5","15.2","1.3","0.0","2.6","0.5","8.5","7.3","9.0","23.31","0.0","97.1","61.1","63.5","9.4","6.0","5.1","0.0","0.0","0.0","9.3","6.8","2.0"
"20230527","堡林","巢备","22.7","27.8","21.0","20.8","20.4","26.5","15.1","0.0","0.0","2.0","2.3","12.9","7.4","15.53","30.14","0.0","81.9","66.0","63.5","9.1","0.0","5.1","0.0","0.0","0.0","10.6","7.9","2.0"
"20230526","堡林","巢备","21.4","25.9","17.4","20.5","20.1","26.0","15.0","0.0","0.4","2.5","2.8","12.3","7.1","14.4","30.0","0.0","69.6","58.3","64.0","8.6","3.5","5.2","0.0","0.0","0.0","5.7","6.0","2.1"
"20230525","堡林","巢备","21.2","27.0","16.8","22.3","20.1","26.0","14.9","0.0","0.0","2.0","5.6","11.4","7.5","20.59","26.47","0.0","53.4","62.3","63.9","6.8","4.0","5.1","0.0","0.0","0.0","7.3","6.7","2.2"
"20230524","堡林","巢备","20.0","25.5","14.0","22.9","20.1","26.1","14.8","0.0","0.0","1.7","6.2","12.9","7.7","20.12","28.78","0.0","61.5","52.8","63.8","7.1","0.0","4.9","0.0","0.0","0.0","6.5","6.9","2.2"
"20230523","堡林","巢备","19.0","26.7","12.8","22.6","20.0","26.1","14.6","0.0","0.0","1.9","12.2","10.9","7.9","28.73","25.15","0.0","65.1","61.0","63.6","0.3","4.0","4.8","0.0","0.0","0.0","6.8","6.1","2.1"
"20230522","堡林","巢备","17.0","21.3","14.5","21.8","19.8","26.0","14.3","0.0","0.0","2.0","1.9","12.0","8.1","9.6","28.17","0.0","80.4","70.5","63.2","6.6","0.5","4.6","0.0","0.0","0.0","5.8","7.2","2.2"
"20230521","堡林","巢备","18.7","24.1","16.1","20.7","19.6","25.8","14.1","0.0","0.0","2.0","8.7","13.0","8.2","25.61","29.2","0.0","86.6","69.6","63.4","5.5","0.3","4.6","0.0","0.0","0.0","5.9","5.6","2.2"
"20230520","堡林","巢备","20.6","27.8","16.4","20.2","19.3","25.5","13.8","0.0","0.0","2.7","9.2","3.6","7.8","24.47","18.0","0.0","82.0","60.1","64.1","4.1","8.3","4.7","0.0","0.0","0.0","6.6","6.6","2.2"
"20230519","堡林","巢备","20.4","25.3","15.1","20.7","18.9","25.0","13.6","0.0","0.0","2.9","6.2","5.1","7.6","20.32","18.85","0.0","81.1","41.3","64.6","4.1","7.8","4.8","0.0","0.0","0.0","6.1","7.2","2.2"
"20230518","堡林","巢备","18.2","22.0","16.5","21.6","18.7","24.6","13.6","17.8","0.0","3.0","0.0","12.8","7.3","7.02","27.98","0.0","96.0","43.6","65.6","9.8","0.9","5.1","0.0","0.0","0.0","7.4","9.4","2.2"
"20230517","堡林","巢备","23.4","30.3","16.6","19.9","18.6","24.4","13.6","0.0","0.0","3.4","10.9","12.7","6.8","28.43","28.28","0.0","69.3","51.5","66.8","4.4","0.8","5.5","0.0","0.0","0.0","8.9","8.8","2.2"
"20230516","堡林","巢备","23.2","32.0","16.3","17.4","18.5","24.4","13.5","0.0","0.0","3.2","12.1","12.8","6.9","28.77","29.77","0.0","62.8","40.9","66.4","0.3","1.4","5.5","0.0","0.0","0.0","7.3","7.5","2.1"
"20230515","堡林","巢备","20.9","28.5","13.2","16.0","18.4","24.3","13.3","0.0","0.0","2.7","10.0","12.0","7.0","24.82","29.78","0.0","63.4","38.9","65.9","3.1","5.4","5.4","0.0","0.0","0.0","6.7","7.6","2.1"
"20230514","堡林","巢备","19.3","26.6","12.3","16.4","18.2","23.9","13.1","0.0","0.0","2.9","11.8","10.8","6.9","27.42","28.25","0.0","63.4","41.5","66.9","0.9","4.4","5.4","0.0","0.0","0.0","6.0","7.8","2.1"
"20230513","堡林","巢备","18.7","24.6","14.8","17.9","17.9","23.8","12.8","0.0","0.0","3.7","9.8","0.2","7.0","24.48","7.13","0.0","72.0","68.9","66.6","4.4","8.1","5.3","0.0","0.0","0.0","6.5","5.8","2.1"
"20230512","堡林","巢备","18.6","24.3","14.5","21.1","17.6","23.5","12.5","0.0","0.0","4.2","2.0","1.7","7.2","17.74","14.51","0.0","70.0","63.9","66.5","8.8","8.9","5.1","0.0","0.0","0.0","6.4","5.5","2.1"
"20230511","堡林","巢备","19.6","27.8","12.6","20.8","17.4","23.3","12.3","0.0","0.0","4.5","9.6","5.0","7.0","24.58","20.43","0.0","54.6","58.6","66.3","3.8","8.3","5.2","0.0","0.0","0.0","6.4","4.8","2.2"
"20230510","堡林","巢备","18.8","26.7","11.2","18.4","17.4","23.4","12.4","0.0","0.0","4.4","12.1","5.4","6.9","29.41","22.45","0.0","49.4","57.1","65.7","2.9","8.6","5.3","0.0","0.0","0.0","5.8","8.8","2.2"
"20230509","堡林","巢备","17.0","25.3","8.7","17.3","17.5","23.6","12.3","0.0","0.0","4.6","12.8","1.6","7.0","29.6","13.1","0.0","55.8","72.5","64.7","0.5","7.8","5.2","0.0","0.0","0.0","7.7","5.4","2.2"
"20230508","堡林","巢备","15.4","23.1","7.4","17.4","17.5","23.5","12.2","0.0","0.0","4.4","11.8","10.3","6.7","27.89","25.56","0.0","57.8","56.8","64.6","6.3","6.5","5.3","0.0","0.0","0.0","6.3","8.0","2.2"
"20230507","堡林","巢备","12.2","15.3","9.5","18.2","17.6","23.7","12.1","1.4","0.0","3.6","0.1","11.5","6.9","7.22","25.29","0.0","97.0","66.1","63.1","7.5","2.3","5.1","0.0","0.0","0.0","8.2","7.6","2.2"
"20230506","堡林","巢备","17.2","20.5","15.2","20.7","17.6","23.8","12.0","5.7","0.0","3.2","0.0","12.2","7.4","5.04","28.53","0.0","99.0","64.6","62.4","9.9","0.9","4.8","0.0","0.0","0.0","8.9","5.9","2.3"
"20230505","堡林","巢备","19.9","22.0","18.1","19.0","17.4","23.6","11.8","95.7","0.0","3.8","0.0","12.8","7.3","3.73","29.73","0.0","99.0","62.6","63.0","10.0","0.0","4.7","0.0","0.0","0.0","8.6","5.9","2.3"
"20230504","堡林","巢备","18.1","19.5","17.0","17.0","17.3","23.6","11.7","19.1","0.0","3.4","0.0","12.8","7.4","4.79","28.87","0.0","89.9","55.4","63.0","10.0","0.0","4.8","0.0","0.0","0.0","8.5","5.5","2.3"
"20230503","堡林","巢备","17.9","22.1","13.5","14.4","17.2","23.6","11.7","0.0","0.0","2.7","0.4","12.8","7.5","12.03","29.51","0.0","64.5","50.4","63.3","8.6","0.0","4.7","0.0","0.0","0.0","7.7","5.1","2.3"
"20230502","堡林","巢备","18.2","27.1","10.3","13.9","17.2","23.5","11.8","0.0","0.0","2.8","10.4","12.0","7.3","26.72","27.77","0.0","40.4","52.8","64.4","4.8","2.6","4.9","0.0","0.0","0.0","7.5","6.1","2.4"
"20230501","堡林","巢备","16.4","22.7","10.3","13.6","17.0","23.1","11.6","0.0","0.0","3.7","12.6","11.9","6.8","28.95","29.33","0.0","47.8","54.5","65.6","0.1","2.3","5.1","0.0","0.0","0.0","6.9","6.0","2.4"
"20230430","堡林","巢备","14.3","21.6","7.9","13.4","16.7","23.0","11.2","0.0","0.0","3.3","12.3","2.7","7.1","28.67","13.17","0.0","65.5","74.3","64.7","0.4","8.4","5.0","0.0","0.0","0.0","9.6","5.4","2.4"
"20230429","堡林","巢备","15.0","18.6","10.0","14.2","16.1","22.5","10.6","6.2","15.5","3.1","0.1","5.0","7.1","3.48","16.07","0.0","95.0","84.8","63.8","9.4","9.3","4.9","0.0","0.0","0.0","6.6","6.0","2.3"
"20230428","堡林","巢备","16.8","23.1","8.9","16.8","15.7","22.1","10.0","0.0","0.0","3.4","6.2","7.5","7.3","18.92","21.54","0.0","74.9","65.9","62.5","5.8","6.1","4.7","0.0","0.0","0.0","7.8","7.7","2.3"
"20230427","堡林","巢备","14.0","24.2","3.9","16.9","15.1","21.8","9.3","0.0","0.0","3.4","12.4","11.4","7.6","28.6","25.1","0.0","67.0","54.3","61.0","2.0","5.1","4.5","0.0","0.0","0.0","6.7","8.4","2.2"
"20230426","堡林","巢备","10.2","16.4","5.9","17.8","14.8","21.5","8.9","0.0","5.8","2.3","9.2","0.0","7.9","24.47","4.17","0.0","74.5","99.0","59.4","2.3","7.8","4.3","0.0","0.0","0.0","8.2","8.7","2.1"
"20230425","堡林","巢备","10.9","13.0","8.6","19.7","14.6","21.1","8.9","1.3","24.4","2.6","0.0","4.1","7.7","4.39","15.82","0.0","84.9","80.4","59.9","9.1","9.1","4.4","0.0","0.0","0.0","6.1","7.2","2.1"
"20230424","堡林","巢备","15.3","18.3","12.9","20.7","14.6","21.0","9.1","0.0","0.0","3.1","1.3","11.4","7.5","11.73","26.62","0.0","50.2","75.8","60.8","9.6","2.1","4.6","0.0","0.0","0.0","6.1","6.5","2.1"
"20230423","堡林","巢备","16.0","20.8","11.7","19.5","14.7","21.0","9.3","0.0","0.0","3.3","0.8","6.0","7.3","13.55","19.26","0.0","41.8","75.0","61.3","8.8","7.9","4.8","0.0","0.0","0.0","5.3","8.5","2.2"
"20230422","堡林","巢备","17.5","23.9","13.9","17.6","14.7","20.8","9.5","0.0","0.0","3.2","10.0","11.3","6.9","24.65","25.96","0.0","42.9","74.4","62.2","3.8","3.4","5.0","0.0","0.0","0.0","5.6","9.3","2.2"
"20230421","堡林","巢备","18.1","25.5","13.9","15.4","14.7","20.8","9.4","0.0","0.0","3.7","7.9","4.1","6.7","22.35","12.44","0.0","76.0","53.4","63.0","3.3","4.9","5.2","0.0","0.0","0.0","6.0","5.2","2.3"
"20230420","堡林","巢备","20.6","28.4","15.5","16.3","14.6","20.8","9.3","0.0","0.0","3.5","11.1","12.2","6.6","24.85","27.85","0.0","79.1","40.6","62.8","1.0","0.5","5.2","0.0","0.0","0.0","6.4","7.8","2.4"
"20230419","堡林","巢备","19.9","24.3","17.1","16.3","14.5","20.9","9.0","0.0","0.0","4.1","2.2","12.0","6.7","11.22","27.48","0.0","92.0","30.9","62.1","7.4","1.6","5.0","0.0","0.0","0.0","6.5","6.9","2.4"
"20230418","堡林","巢备","18.2","20.3","16.0","16.4","14.2","20.9","8.5","0.0","0.0","3.7","0.0","8.9","7.1","4.37","21.97","0.0","90.1","30.9","60.9","8.6","7.6","4.7","0.0","0.0","0.0","9.6","6.5","2.3"
"20230417","堡林","巢备","14.7","23.3","6.6","13.8","14.0","20.9","8.0","0.0","0.0","3.3","11.3","11.9","7.4","25.84","27.92","0.0","57.9","38.5","59.5","0.8","3.1","4.5","0.0","0.0","0.0","9.0","8.3","2.3"
"20230416","堡林","巢备","12.0","19.1","9.1","13.3","13.6","20.6","7.6","0.0","0.0","3.0","6.7","11.6","7.6","19.36","27.03","0.0","78.1","45.5","58.7","6.1","2.1","4.4","0.0","0.0","0.0","8.1","8.6","2.2"
"20230415","堡林","巢备","14.3","20.1","9.7","14.4","13.2","20.1","7.2","0.5","0.0","2.8","6.0","11.8","7.6","18.24","26.98","0.0","85.4","57.6","58.0","6.0","3.8","4.3","0.0","0.0","0.0","9.5","8.3","2.2"
"20230414","堡林","巢备","14.0","18.7","10.0","15.4","12.8","19.6","7.0","4.0","0.1","1.7","0.3","2.5","7.5","7.25","15.46","0.0","76.0","78.3","57.7","8.6","9.0","4.4","0.0","0.0","0.0","4.4","7.3","2.2"
"20230413","堡林","巢备","15.1","24.9","5.5","17.9","12.5","19.1","6.9","0.0","2.4","1.7","10.3","0.0","7.1","24.93","7.47","0.0","24.9","94.0","58.7","2.0","9.4","4.7","0.0","0.0","0.0","5.5","8.4","2.2"
"20230412","堡林","巢备","13.2","19.4","7.7","21.1","12.4","18.7","7.1","0.0","0.0","2.0","11.5","9.2","6.6","27.04","23.97","0.0","19.4","79.5","59.7","0.5","5.0","5.0","0.0","0.0","0.0","7.8","6.7","2.2"
"20230411","堡林","巢备","16.0","21.4","12.4","20.5","12.4","18.6","7.2","0.0","0.0","2.4","1.1","9.7","6.4","6.72","21.81","0.0","77.4","77.4","59.8","8.4","3.1","5.1","0.0","0.0","0.0","10.7","9.2","2.2"
"20230410","堡林","巢备","13.5","22.1","5.0","18.7","12.5","18.9","7.2","0.0","0.0","2.2","11.3","9.7","6.7","25.39","23.91","0.0","49.6","52.1","59.2","0.0","4.9","5.1","0.0","0.0","0.0","7.7","8.4","2.2"
"20230409","堡林","巢备","11.0","19.2","3.7","17.8","12.4","18.8","7.1","0.0","0.0","2.3","11.7","11.4","6.8","26.89","25.0","0.0","47.5","38.4","60.2","0.3","1.0","5.0","0.0","0.0","0.0","7.2","9.8","2.1"
"20230408","堡林","巢备","9.2","16.1","2.8","14.8","12.2","18.5","6.8","0.0","0.0","3.0","11.1","11.7","6.6","25.15","26.23","0.0","47.6","40.3","60.5","0.8","0.4","5.1","0.0","0.0","0.0","9.1","6.7","2.1"
"20230407","堡林","巢备","8.8","14.6","5.0","12.2","12.1","18.6","6.5","0.6","1.2","3.1","5.7","8.2","7.0","16.07","22.65","0.0","77.3","60.6","60.0","5.0","2.8","4.8","0.0","0.0","0.0","7.0","6.6","2.0"
"20230406","堡林","巢备","9.6","11.6","7.8","12.5","11.7","18.3","6.1","6.9","0.0","2.8","0.0","11.3","7.2","3.86","24.12","0.0","94.5","56.5","59.8","10.0","0.0","4.6","0.0","0.0","0.0","6.2","6.0","2.0"
"20230405","堡林","巢备","13.6","16.6","9.3","11.0","11.4","17.9","5.9","34.2","0.0","2.8","0.0","8.6","7.1","2.76","20.45","0.0","94.5","39.9","59.8","10.0","5.6","4.5","0.0","0.0","0.0","13.6","6.7","2.0"
"20230404","堡林","巢备","15.9","20.1","12.7","11.1","11.2","17.7","5.6","12.8","0.0","2.7","1.4","11.6","7.3","10.84","26.06","0.0","62.3","44.9","58.5","9.3","0.5","4.4","0.0","0.0","0.0","14.3","6.5","2.1"
"20230403","堡林","巢备","17.9","25.9","10.4","9.7","11.0","17.7","5.5","0.0","0.0","2.2","11.4","11.6","7.5","24.87","25.57","0.0","25.9","47.6","57.1","4.0","0.8","4.1","0.0","0.0","0.0","9.3","6.4","2.1"
"20230402","堡林","巢备","17.5","25.3","9.6","8.4","10.7","17.3","5.3","0.0","0.0","2.0","11.5","11.6","7.3","25.34","26.1","0.0","25.5","53.6","57.5","0.0","0.0","4.2","0.0","0.0","0.0","9.0","5.8","2.1"
"20230401","堡林","巢备","16.9","26.9","8.6","10.0","10.5","17.1","5.2","0.0","0.0","1.8","11.2","7.9","7.3","23.41","19.12","0.0","28.1","65.8","57.9","1.9","4.3","4.2","0.0","0.0","0.0","6.8","8.0","2.1"
"20230331","堡林","巢备","16.3","25.2","8.4","10.8","10.4","16.9","5.1","0.0","0.0","1.9","11.0","0.5","7.1","24.83","10.9","0.0","28.8","84.9","58.3","0.8","8.6","4.5","0.0","0.0","0.0","6.9","5.6","2.2"
"20230330","堡林","巢备","14.7","23.3","6.8","14.9","10.2","16.7","4.9","0.0","0.0","1.6","8.1","3.4","6.8","18.35","13.86","0.0","40.3","77.0","58.3","7.1","7.1","4.7","0.0","0.0","0.0","5.9","7.0","2.1"
"20230329","堡林","巢备","12.9","22.2","4.5","11.9","10.0","16.5","4.6","0.0","0.0","1.1","11.2","11.4","6.9","24.01","24.71","0.0","46.3","55.5","58.6","2.5","0.0","4.7","0.0","0.0","0.0","5.8","5.1","2.1"
"20230328","堡林","巢备","10.1","17.0","3.1","9.4","9.7","16.2","4.3","0.0","0.0","1.4","7.8","9.6","7.0","18.82","20.53","0.0","40.9","41.5","58.6","1.6","3.3","4.7","0.0","0.0","0.0","6.3","6.0","2.1"
"20230327","堡林","巢备","8.1","15.4","2.5","8.9","9.3","15.6","4.0","0.0","0.0","1.4","11.2","9.7","6.9","25.17","21.2","0.0","29.0","61.9","58.8","1.8","5.4","4.8","0.0","0.0","0.0","6.6","7.5","2.1"
"20230326","堡林","巢备","9.9","16.1","5.5","10.5","8.9","15.0","3.6","0.0","37.2","1.5","9.4","0.0","6.8","22.32","3.55","0.0","43.9","96.9","59.1","4.1","9.6","4.8","0.0","0.0","0.0","7.9","10.9","2.0"
"20230325","堡林","巢备","10.7","13.9","7.4","14.6","8.6","14.6","3.5","0.0","27.5","1.7","0.1","1.3","6.9","7.5","10.62","0.0","77.0","76.8","59.1","8.9","8.5","4.7","0.0","0.0","0.0","3.8","14.2","2.0"
"20230324","堡林","巢备","10.4","14.7","8.0","9.8","8.2","14.1","3.4","0.0","0.0","2.1","0.0","9.7","6.8","7.35","21.72","0.0","68.3","60.4","59.7","7.9","1.0","4.8","0.0","0.0","0.0","4.7","7.4","2.0"
"20230323","堡林","巢备","14.7","17.8","9.8","7.4","8.1","14.0","3.3","22.5","0.0","2.2","0.2","4.2","6.6","7.38","13.34","0.0","91.1","62.6","60.1","9.9","5.8","4.8","0.0","0.0","0.0","5.5","5.2","2.1"
"20230322","堡林","巢备","16.2","22.1","11.0","8.2","8.3","14.3","3.3","1.6","0.0","2.2","3.8","8.7","6.5","11.3","20.5","0.0","75.4","47.4","60.0","7.1","7.4","4.8","0.0","0.0","0.0","5.6","7.4","2.2"
"20230321","堡林","巢备","16.3","24.5","9.8","7.4","8.6","14.8","3.4","0.0","0.0","2.4","10.2","5.7","6.6","21.22","16.04","0.0","38.4","51.1","60.3","4.0","7.9","4.7","0.0","0.0","0.0","6.5","4.5","2.3"
"20230320","堡林","巢备","11.3","19.3","3.3","5.2","8.7","14.8","3.4","0.0","0.0","2.8","8.8","0.2","6.4","21.56","8.83","0.0","47.9","82.1","61.3","4.8","8.1","4.7","0.0","0.0","0.0","6.9","5.5","2.3"
"20230319","堡林","巢备","9.7","18.3","4.0","5.3","8.7","15.0","3.2","0.0","10.0","2.8","10.5","0.1","6.4","22.49","4.17","0.0","45.1","88.5","61.3","2.6","9.4","4.8","0.0","0.0","0.0","4.2","8.7","2.2"
"20230318","堡林","巢备","10.3","16.4","6.1","8.5","8.5","14.8","3.2","0.0","4.6","2.8","8.4","0.0","6.2","20.89","5.11","0.0","27.9","96.6","62.0","3.5","9.6","4.9","0.0","0.0","0.0","7.1","6.8","2.2"
"20230317","堡林","巢备","9.4","12.5","5.2","11.3","8.3","14.4","3.0","0.0","5.6","3.3","0.0","0.0","6.2","7.88","3.93","0.0","26.0","80.1","62.5","9.1","10.0","5.0","0.0","0.0","0.0","6.3","6.7","2.2"
"20230316","堡林","巢备","8.7","15.2","3.8","13.3","7.9","13.9","2.8","0.0","0.0","3.3","9.4","9.2","6.1","20.8","21.25","0.0","22.3","59.0","62.1","4.9","3.1","5.0","0.0","0.0","0.0","8.4","4.0","2.2"
"20230315","堡林","巢备","14.0","22.1","8.0","10.3","7.6","13.9","2.4","0.0","0.0","2.8","9.0","9.8","6.3","19.83","21.46","0.0","61.8","72.3","61.1","5.1","3.1","4.9","0.0","0.0","0.0","10.6","7.4","2.1"
"20230314","堡林","巢备","9.9","18.9","1.3","11.9","7.3","13.6","2.1","0.0","1.0","2.6","10.8","0.0","6.5","22.78","4.5","0.0","44.5","97.5","59.5","1.0","8.8","4.7","0.0","0.0","0.0","9.2","7.6","2.1"
"20230313","堡林","巢备","5.3","11.0","1.0","15.2","6.9","13.3","1.6","0.0","16.4","2.2","10.7","0.0","6.9","22.66","2.18","0.0","27.5","95.1","57.8","0.8","9.4","4.5","0.0","0.0","0.0","6.4","8.8","2.1"
"20230312","堡林","巢备","8.8","16.8","2.1","17.1","6.6","12.8","1.4","10.7","0.0","1.7","0.7","6.2","7.0","3.79","15.4","0.0","69.6","75.9","57.5","7.4","7.3","4.4","0.0","0.0","0.0","10.2","12.6","2.1"
"20230311","堡林","巢备","16.5","24.6","9.3","14.6","6.4","12.6","1.2","0.0","0.0","1.3","7.4","2.8","6.8","17.03","11.02","0.0","37.0","70.6","57.3","5.1","6.6","4.4","0.0","0.0","0.0","5.9","6.5","2.1"
"20230310","堡林","巢备","15.3","25.0","6.7","11.3","6.1","12.3","1.0","0.0","0.0","1.3","9.6","9.0","6.7","18.59","17.37","0.0","51.5","50.3","57.8","0.0","4.8","4.4","0.0","0.0","0.0","6.3","5.4","2.1"
"20230309","堡林","巢备","15.6","22.2","10.5","9.5","5.9","11.7","1.1","0.0","0.0","1.4","7.0","10.7","6.3","15.87","21.15","0.0","67.3","53.4","59.8","3.1","0.0","4.5","0.0","0.0","0.0","6.2","4.8","2.1"
"20230308","堡林","巢备","14.5","20.5","6.8","7.2","5.9","11.6","1.1","0.0","0.0","1.7","10.0","10.6","6.1","18.22","20.64","0.0","52.3","52.4","61.5","2.6","1.5","4.7","0.0","0.0","0.0","10.5","5.4","2.1"
"20230307","堡林","巢备","13.1","21.5","5.5","4.8","5.9","11.7","1.1","0.0","0.0","2.0","9.0","8.4","5.8","17.33","17.42","0.0","48.9","43.6","62.4","0.8","4.9","4.9","0.0","0.0","0.0","8.6","5.7","2.1"
"20230306","堡林","巢备","9.9","18.2","2.5","3.3","5.8","11.5","1.0","0.0","0.0","2.3","10.4","0.0","5.8","20.23","0.0","0.0","52.5","40.1","63.2","0.0","2.6","5.0","0.0","0.0","0.0","5.4","7.7","2.1"
"20230305","堡林","巢备","9.3","17.4","2.5","5.2","5.7","11.3","1.0","0.0","0.0","2.2","9.8","7.4","5.7","18.31","17.12","0.0","46.0","50.4","63.5","1.9","0.1","5.0","0.0","0.0","0.0","5.5","10.4","2.1"
"20230304","堡林","巢备","8.5","17.0","1.9","10.5","5.5","11.3","0.7","0.0","0.0","2.0","7.6","7.1","6.0","18.53","16.42","0.0","36.5","67.5","62.7","5.4","4.9","4.9","0.0","0.0","0.0","5.2","11.5","2.0"
"20230303","堡林","巢备","5.1","13.8","-2.3","6.7","5.4","11.1","0.6","0.0","0.0","1.9","10.3","10.1","6.1","20.23","18.71","0.0","35.6","67.0","62.3","1.4","0.0","4.9","0.0","0.0","0.0","7.5","6.3","2.0"
"20230302","堡林","巢备","3.5","7.5","-0.4","4.1","5.3","11.0","0.6","0.0","0.0","1.8","10.5","10.6","5.9","21.04","20.29","0.0","32.6","55.0","62.3","0.0","0.8","5.1","0.0","0.0","0.0","8.4","6.4","2.0"
"20230301","堡林","巢备","8.3","12.9","4.4","7.1","5.3","11.0","0.6","0.0","2.9","1.8","4.7","2.9","6.1","12.41","10.26","0.0","54.0","85.3","62.0","5.3","7.3","4.9","0.0","0.0","0.0","7.9","6.5","1.9"
"20230228","堡林","巢备","8.1","16.5","-0.5","7.6","5.2","10.8","0.6","0.0","0.0","1.9","10.2","6.5","6.0","19.94","15.95","0.0","59.3","46.4","61.9","1.8","4.0","5.0","0.0","0.0","0.0","6.7","7.3","1.9"
"20230227","堡林","巢备","5.7","15.2","-1.9","6.0","5.3","10.9","0.8","0.0","0.0","2.4","10.6","10.6","5.7","20.45","20.27","0.0","41.5","40.6","62.1","0.0","0.0","5.1","0.0","0.0","0.0","5.7","6.4","2.0"
"20230226","堡林","巢备","3.0","10.7","-2.8","6.0","5.3","10.9","0.5","0.0","0.0","2.2","10.5","8.2","5.8","20.12","17.29","0.0","38.3","71.4","60.9","0.0","4.8","5.0","0.0","0.0","0.0","5.0","11.4","2.0"
"20230225","堡林","巢备","1.9","6.9","-0.9","3.3","4.9","10.6","0.1","0.0","0.0","2.0","10.3","9.7","6.3","19.56","17.92","0.0","40.4","64.4","59.7","1.3","0.3","4.7","0.0","0.0","0.0","8.1","6.1","2.0"
"20230224","堡林","巢备","6.0","12.4","1.5","0.0","4.6","10.3","-0.2","0.0","0.0","2.0","9.4","8.0","6.0","17.62","14.92","0.0","44.3","50.5","60.5","3.4","2.1","4.8","0.0","0.0","0.0","9.0","6.9","2.0"
"20230223","堡林","巢备","5.4","11.3","0.4","-2.0","4.3","10.0","-0.5","1.0","0.0","2.3","9.0","8.0","6.1","17.93","17.24","0.0","58.6","43.8","59.9","6.6","4.3","4.6","0.0","0.0","0.0","5.8","7.8","2.1"
"20230222","堡林","巢备","3.8","11.9","-2.7","0.2","4.0","9.8","-1.0","0.8","0.0","1.7","7.7","8.9","6.6","16.85","17.34","0.0","54.5","50.5","59.7","5.3","5.1","4.2","0.0","0.0","0.0","6.6","7.8","2.1"
"20230221","堡林","巢备","0.4","6.3","-4.5","1.0","3.7","9.5","-1.1","0.0","0.0","1.9","10.2","7.5","6.6","18.52","15.28","0.0","36.1","60.1","59.9","0.8","4.1","4.2","0.0","0.0","0.0","7.6","9.4","2.1"
"20230220","堡林","巢备","1.5","8.0","-1.3","-2.1","3.5","9.2","-1.3","0.0","0.3","1.7","9.9","9.2","6.4","18.06","15.96","0.0","52.4","60.5","59.6","1.3","4.0","4.2","0.0","1.8","0.0","11.3","10.4","2.1"
"20230219","堡林","巢备","4.5","8.5","0.1","2.2","3.2","8.7","-1.4","1.4","0.0","1.3","4.9","1.2","6.6","10.55","8.18","0.0","69.8","56.1","58.8","4.9","9.3","4.1","0.0","0.0","0.0","8.2","8.7","2.1"
"20230218","堡林","巢备","8.3","9.8","6.1","1.4","3.0","8.5","-1.6","2.1","0.0","1.2","0.0","9.0","6.6","2.58","17.03","0.0","83.8","50.0","59.2","9.9","6.0","4.3","0.0","0.0","0.0","2.6","5.5","2.1"
"20230217","堡林","巢备","5.2","9.3","0.1","-3.9","2.9","8.1","-1.4","0.0","0.0","1.3","0.0","9.9","6.1","6.62","18.93","0.0","58.9","56.5","59.5","9.4","2.8","4.6","0.0","0.0","0.0","3.9","8.8","2.1"
"20230216","堡林","巢备","4.4","8.4","1.5","-3.1","2.9","8.3","-1.4","0.0","1.1","1.3","1.6","3.6","6.0","9.04","9.63","0.0","66.8","83.0","60.1","6.1","7.4","4.7","0.0","2.2","0.0","5.1","9.1","2.0"
"20230215","堡林","巢备","3.0","6.2","-0.6","-0.5","3.1","8.4","-1.4","0.0","0.0","1.9","0.0","2.8","6.1","6.32","9.31","0.0","62.3","65.4","60.8","9.0","7.8","4.7","0.0","0.0","0.0","3.3","8.8","2.1"
"20230214","堡林","巢备","3.3","8.6","-0.9","5.6","3.1","8.4","-1.4","0.0","0.0","2.1","9.0","8.5","6.0","16.55","14.13","0.0","62.4","59.4","61.0","2.9","2.9","4.6","0.0","0.0","0.0","7.6","7.5","2.0"
"20230213","堡林","巢备","7.3","12.5","3.6","7.8","3.0","8.4","-1.5","0.0","0.0","2.2","3.8","5.1","6.0","11.06","11.67","0.0","70.6","45.6","61.4","7.0","7.5","4.6","0.0","0.0","0.0","6.5","6.4","2.0"
"20230212","堡林","巢备","5.2","8.9","0.2","6.9","2.7","8.1","-1.8","0.8","0.0","1.9","1.3","9.5","6.0","6.56","16.31","0.0","73.4","43.0","61.9","7.9","3.5","4.5","0.0","0.0","0.0","6.6","6.6","1.9"
"20230211","堡林","巢备","4.3","8.7","0.2","4.8","2.3","7.4","-2.0","0.0","0.0","1.8","1.9","9.7","6.0","7.96","16.2","0.0","79.3","45.0","62.5","5.9","2.8","4.5","0.0","0.0","0.0","5.8","5.6","1.9"
"20230210","堡林","巢备","4.8","10.0","1.6","4.2","1.9","6.8","-2.1","6.6","0.0","1.6","5.2","9.6","5.7","11.93","16.23","0.0","82.0","45.3","63.5","5.6","2.1","4.8","0.0","0.0","0.0","7.9","7.4","1.9"
"20230209","堡林","巢备","5.9","12.7","0.1","3.3","1.8","6.8","-2.4","2.1","0.0","1.3","3.7","5.9","5.6","9.76","12.26","0.0","52.3","53.5","63.8","9.1","5.6","4.9","0.0","0.0","0.0","7.7","4.8","1.9"
"20230208","堡林","巢备","4.5","11.4","-0.2","1.8","1.7","6.7","-2.4","0.0","0.0","0.9","9.0","9.2","5.6","15.53","15.46","0.0","53.3","48.3","64.0","2.8","2.6","4.9","0.0","0.0","0.0","6.3","7.5","1.9"
"20230207","堡林","巢备","6.1","14.1","0.2","-0.1","1.6","6.6","-2.5","0.0","0.0","0.9","7.8","0.2","5.8","14.67","6.52","0.0","41.0","48.0","63.7","2.3","8.4","4.8","0.0","0.0","0.0","4.4","6.6","1.9"
"20230206","堡林","巢备","5.2","13.0","-2.6","-1.4","1.6","6.6","-2.6","0.0","0.2","0.8","5.8","4.6","5.7","12.84","9.68","0.0","34.9","77.9","63.2","5.1","4.5","4.6","0.0","1.6","0.0","2.7","8.7","1.9"
"20230205","堡林","巢备","2.8","11.1","-3.4","-2.1","1.4","6.5","-2.9","0.0","0.3","0.7","9.7","5.7","5.9","16.61","11.52","0.0","45.9","78.8","63.2","0.0","8.0","4.4","0.0","1.8","0.0","3.7","8.2","1.8"
"20230204","堡林","巢备","1.6","7.3","-2.5","-0.6","1.2","6.1","-3.0","0.0","0.2","0.7","9.5","7.0","6.2","14.5","12.97","0.0","54.3","59.3","62.7","0.0","6.6","4.2","0.0","1.5","0.0","6.2","8.1","1.8"
"20230203","堡林","巢备","0.9","5.6","-1.5","0.5","0.9","5.9","-3.2","0.0","0.0","0.9","8.3","9.7","6.2","14.67","15.92","0.0","38.1","45.9","62.6","3.1","4.1","4.2","0.0","0.0","0.0","6.1","8.0","1.9"
"20230202","堡林","巢备","0.7","6.3","-2.5","1.4","0.9","5.9","-3.1","0.0","0.0","1.0","6.2","7.6","6.0","13.01","13.94","0.0","39.8","55.5","63.2","6.3","4.8","4.3","0.0","0.0","0.0","7.4","7.0","1.9"
"20230201","堡林","巢备","3.9","10.7","-0.8","1.8","0.9","5.8","-3.1","0.0","0.6","1.0","8.5","3.2","6.0","13.56","7.73","0.0","58.1","70.9","63.4","5.3","6.6","4.5","0.0","0.5","0.0","8.8","9.0","1.9"
"20230131","堡林","巢备","3.7","11.5","-3.7","1.4","1.0","5.9","-2.8","0.0","0.1","0.9","9.3","9.5","5.7","14.97","15.3","0.0","56.5","56.3","63.4","0.8","1.3","4.6","0.0","0.0","0.0","7.7","4.7","1.8"
"20230130","堡林","巢备","1.8","6.3","-1.3","0.7","1.1","6.0","-2.8","0.0","0.0","0.9","9.4","9.5","5.5","15.66","15.01","0.0","38.6","45.9","63.7","0.0","4.0","4.7","0.0","0.0","0.0","8.6","6.8","1.8"
"20230129","堡林","巢备","1.3","6.2","-3.5","0.6","1.1","5.9","-2.9","0.0","0.0","0.9","7.4","0.0","5.6","12.8","0.0","0.0","70.0","47.8","64.0","3.9","6.9","4.6","0.0","0.0","0.0","7.0","6.7","1.8"
"20230128","堡林","巢备","-2.8","1.9","-7.7","1.0","0.9","5.6","-3.0","0.0","0.0","0.8","6.7","9.0","5.7","12.56","14.65","0.0","59.0","51.8","64.1","5.3","4.3","4.5","0.0","0.0","0.0","8.1","6.2","1.8"
"20230127","堡林","巢备","-2.8","-0.3","-4.5","2.4","0.7","5.5","-3.1","0.0","0.0","0.9","7.3","8.4","5.6","13.02","13.48","0.0","56.1","51.6","64.7","3.9","4.5","4.5","0.0","0.0","0.0","10.0","5.9","1.8"
"20230126","堡林","巢备","-2.7","0.6","-7.4","4.1","0.5","5.2","-3.4","0.0","0.0","0.8","0.0","6.9","5.7","3.67","11.75","0.0","66.8","60.6","64.5","9.4","5.0","4.5","0.0","0.0","0.0","2.8","7.5","1.9"
"20230125","堡林","巢备","-7.9","-1.8","-13.4","5.7","0.4","4.9","-3.3","0.0","0.0","1.1","9.2","0.0","5.5","15.65","3.78","0.0","42.9","71.5","65.8","0.0","8.5","4.7","0.0","0.0","0.0","8.0","5.0","1.9"
"20230124","堡林","巢备","-7.7","-0.4","-9.9","6.0","0.4","4.8","-3.1","0.1","0.0","1.1","2.4","1.8","5.1","8.33","7.65","0.0","63.5","65.6","66.6","7.9","7.3","5.1","2.5","0.0","0.0","11.2","4.3","2.0"
"20230123","堡林","巢备","3.1","9.7","-1.4","7.1","0.5","4.8","-3.0","0.0","0.0","1.4","6.6","0.1","4.9","12.26","6.41","0.0","57.6","62.8","66.7","4.8","7.8","5.3","0.0","0.0","0.0","8.4","4.5","2.0"
"20230122","堡林","巢备","2.6","6.6","-1.9","7.1","0.7","5.0","-2.7","0.0","0.0","1.6","0.0","0.8","4.8","5.26","7.8","0.0","38.8","57.0","67.0","9.4","8.6","5.4","0.0","0.0","0.0","6.0","4.1","2.0"
"20230121","堡林","巢备","-0.9","4.7","-5.3","1.7","1.0","5.4","-2.5","0.0","0.0","1.5","9.2","8.6","4.8","14.2","12.95","0.0","43.3","59.6","66.5","4.0","3.9","5.5","0.0","0.0","0.0","5.9","4.2","1.9"
"20230120","堡林","巢备","0.7","4.4","-3.4","-1.4","1.1","5.7","-2.5","0.0","0.0","1.3","7.4","9.3","5.0","11.17","13.98","0.0","52.9","52.5","65.8","5.1","0.1","5.2","0.0","0.0","0.0","10.2","8.2","1.9"
"20230119","堡林","巢备","2.6","7.3","-1.6","-0.1","1.2","5.9","-2.5","0.0","0.0","1.1","6.5","7.6","5.1","11.26","12.41","0.0","63.9","59.9","65.2","4.8","4.4","5.0","0.0","0.0","0.0","6.9","6.8","1.9"
"20230118","堡林","巢备","0.9","4.9","-2.8","-1.3","1.3","5.9","-2.5","0.0","0.0","1.0","5.7","9.4","5.1","9.54","14.44","0.0","68.0","40.8","64.6","4.5","0.0","5.1","0.0","0.0","0.0","4.6","8.4","1.8"
"20230117","堡林","巢备","-0.4","4.4","-4.8","0.4","1.1","5.9","-2.8","0.0","0.0","1.1","8.4","4.5","5.2","12.81","9.38","0.0","52.1","63.0","63.9","2.3","5.5","4.9","0.0","0.0","0.0","6.8","8.9","1.8"
"20230116","堡林","巢备","-1.0","2.1","-3.8","1.9","1.1","5.7","-2.7","0.0","0.0","1.2","8.8","4.6","5.2","13.49","11.28","0.0","54.0","66.6","64.1","3.1","6.4","4.8","0.0","0.0","0.0","8.8","9.2","1.9"
"20230115","堡林","巢备","1.9","5.6","-0.2","2.2","1.1","5.6","-2.5","0.0","0.0","1.2","0.0","4.7","4.9","3.03","9.81","0.0","74.4","54.5","64.6","9.9","5.0","5.1","0.0","0.0","0.0","8.9","3.5","1.9"
"20230114","堡林","巢备","8.0","11.5","5.4","-0.9","1.1","5.5","-2.6","0.0","0.0","1.2","0.0","8.5","4.8","3.23","13.72","0.0","94.0","49.3","65.1","9.6","3.4","5.2","0.0","0.0","0.0","5.3","6.5","1.9"
"20230113","堡林","巢备","14.3","16.1","11.5","-2.5","1.0","5.5","-2.6","24.2","0.0","1.2","0.0","2.1","5.1","2.63","6.38","0.0","95.9","72.0","65.4","9.8","8.9","5.1","0.0","0.4","0.0","8.5","11.2","1.9"
"20230112","堡林","巢备","9.5","16.5","0.7","-2.5","1.1","5.4","-2.5","0.1","0.0","0.8","5.9","6.6","5.0","10.83","9.76","0.0","70.8","64.4","65.6","4.5","6.5","5.1","0.0","0.0","0.0","5.6","6.6","1.9"
"20230111","堡林","巢备","5.5","13.0","-0.2","-1.6","1.0","5.4","-2.6","0.0","0.2","0.8","8.6","3.5","5.1","12.07","8.22","0.0","64.6","82.4","66.0","1.3","9.8","5.1","0.0","2.3","0.0","3.6","10.9","1.9"
"20230110","堡林","巢备","3.8","10.9","-2.6","2.8","1.0","5.5","-2.6","0.0","0.0","0.9","8.2","7.6","5.2","12.73","11.41","0.0","59.6","71.3","66.5","2.3","5.4","5.0","0.0","0.0","0.0","3.4","5.5","1.9"
"20230109","堡林","巢备","3.9","11.5","0.4","3.3","1.1","5.6","-2.6","0.0","0.0","1.2","4.4","5.1","5.2","7.84","9.5","0.0","68.3","74.3","66.6","4.1","5.8","5.0","0.0","0.0","0.0","6.1","5.7","2.0"
"20230108","堡林","巢备","3.2","9.1","-2.3","1.7","1.2","5.7","-2.4","0.0","0.0","1.2","8.3","9.1","5.2","11.42","12.69","0.0","66.4","62.0","66.8","0.0","2.5","5.1","0.0","0.0","0.0","2.8","4.2","2.0"
"20230107","堡林","巢备","4.6","7.3","1.2","0.9","1.3","5.9","-2.6","0.0","0.0","1.4","3.3","9.0","5.1","6.52","13.38","0.0","54.8","56.3","66.5","4.4","0.0","5.1","0.0","0.0","0.0","7.5","3.7","2.0"
"20230106","堡林","巢备","3.7","8.4","-1.2","2.4","1.3","6.0","-2.6","2.4","0.0","1.4","6.6","9.2","5.3","9.93","12.98","0.0","81.4","44.4","65.9","4.9","0.6","4.9","0.0","0.0","0.0","5.5","6.0","1.9"
"20230105","堡林","巢备","3.0","8.0","-0.5","2.2","1.4","6.1","-2.6","0.0","0.0","1.2","5.1","0.0","5.5","8.95","4.53","0.0","75.3","37.1","65.3","6.3","9.3","4.7","0.0","0.0","0.0","2.3","5.3","1.9"
"20230104","堡林","巢备","0.4","5.4","-4.1","2.0","1.4","6.3","-2.6","0.0","0.0","0.8","6.1","8.5","5.5","9.63","12.34","0.0","62.4","54.8","65.9","1.9","4.3","4.6","0.0","0.0","0.0","5.4","6.7","1.8"
"20230103","堡林","巢备","0.2","4.8","-3.2","0.4","1.2","6.1","-2.8","0.0","0.0","0.7","9.1","8.9","5.4","12.47","13.18","0.0","57.0","70.0","66.6","0.8","0.3","4.5","0.0","0.0","0.0","6.7","4.7","1.7"
"20230102","堡林","巢备","-0.2","3.2","-2.5","0.7","1.2","6.0","-2.8","0.0","0.0","0.7","8.7","4.0","5.4","12.42","7.43","0.0","47.4","67.1","67.6","3.6","2.6","4.4","0.0","0.0","0.0","7.2","5.5","1.7"
"20230101","堡林","巢备","1.3","7.0","-2.9","-0.1","1.2","6.0","-2.7","0.0","0.0","0.8","7.5","8.0","5.2","9.97","11.91","0.0","64.6","39.4","68.4","1.0","5.4","4.6","0.0","0.0","0.0","5.2","6.6","1.7"
"20221231","堡林","巢备","1.4","6.0","-1.5","-1.9","1.2","5.9","-2.7","0.0","0.0","0.9","8.6","6.9","4.9","12.02","10.95","0.0","66.1","62.5","68.2","1.4","2.9","4.7","0.0","0.1","0.0","5.5","8.9","1.7"
"20221230","堡林","巢备","1.0","5.4","-2.2","1.9","1.2","5.9","-2.7","0.0","1.0","1.0","5.5","6.0","5.0","9.25","9.89","0.0","70.4","67.1","67.3","6.3","6.1","4.7","0.0","1.7","0.0","3.4","10.7","1.7"
"20221229","堡林","巢备","0.7","5.1","-3.7","4.5","1.3","6.0","-2.5","0.0","0.0","1.1","8.6","3.6","5.2","12.25","7.77","0.0","63.3","70.4","65.5","2.1","8.3","4.5","0.0","0.0","0.0","5.5","8.7","1.8"
"20221228","堡林","巢备","-0.2","5.2","-3.4","3.3","1.5","6.2","-2.2","0.0","0.0","1.1","5.5","2.4","5.2","9.62","7.49","0.0","75.4","69.3","64.8","5.3","6.8","4.6","0.0","0.0","0.0","5.5","6.1","1.8"
"20221227","堡林","巢备","0.3","5.7","-4.2","-2.1","1.7","6.5","-2.0","0.0","0.0","0.9","9.0","6.5","5.4","13.08","11.35","0.0","74.1","65.9","64.7","1.8","3.4","4.4","0.0","0.0","0.0","4.4","6.2","1.8"
"20221226","堡林","巢备","-0.6","4.3","-4.9","-5.2","2.0","6.8","-1.8","0.0","0.0","1.0","6.6","9.0","5.5","10.04","12.71","0.0","78.8","53.6","65.1","2.6","1.5","4.4","0.0","0.0","0.0","4.7","8.8","1.8"
"20221225","堡林","巢备","-2.7","3.7","-8.0","-3.8","2.4","7.2","-1.4","0.0","0.0","1.0","5.5","3.1","5.5","9.7","7.03","0.0","76.9","63.5","66.2","4.1","7.3","4.5","0.0","0.0","0.0","7.2","10.3","1.8"
"20221224","堡林","巢备","-5.0","-1.4","-7.3","3.7","2.7","7.6","-1.2","0.1","0.0","0.8","4.5","3.1","5.3","7.5","7.21","0.0","75.8","68.8","68.2","3.4","6.0","4.6","0.1","0.0","0.0","4.7","10.0","1.7"
"20221223","堡林","巢备","-4.1","-3.0","-4.9","5.4","3.0","8.0","-1.0","13.9","0.0","1.0","0.0","8.8","5.0","1.32","11.48","0.0","88.4","53.4","69.6","8.0","0.9","4.7","32.9","0.0","0.0","8.3","4.9","1.6"
"20221222","堡林","巢备","-1.5","2.2","-4.4","5.8","3.2","8.2","-0.8","2.5","0.0","1.1","0.6","8.9","4.9","2.94","12.23","0.0","78.4","58.0","69.9","8.3","0.0","4.7","8.9","0.0","0.0","9.8","4.1","1.6"
"20221221","堡林","巢备","2.6","5.1","1.3","7.0","3.2","8.1","-0.9","4.2","0.0","1.1","0.1","7.3","4.8","3.28","9.63","0.0","90.4","82.9","70.0","8.1","1.1","4.7","0.0","0.0","0.0","5.1","5.2","1.6"
"20221220","堡林","巢备","0.8","7.0","-5.3","6.1","3.0","7.9","-1.1","0.0","0.0","1.0","8.2","7.1","5.0","12.47","9.46","0.0","74.4","74.8","69.0","3.0","2.1","4.7","0.0","0.0","0.0","4.1","9.1","1.6"
"20221219","堡林","巢备","-2.9","1.7","-7.5","3.3","2.8","7.6","-1.1","0.1","0.1","1.1","6.5","7.3","4.9","9.43","10.55","0.0","74.6","74.3","68.5","3.8","3.9","4.7","0.9","0.0","0.0","4.1","6.8","1.7"
"20221218","堡林","巢备","-5.0","-1.6","-6.9","-2.3","2.7","7.5","-1.2","4.6","0.0","0.8","5.0","8.3","5.0","6.08","10.5","0.0","72.8","68.5","67.2","5.6","4.1","4.8","11.9","0.0","0.0","5.8","6.9","1.7"
"20221217","堡林","巢备","-2.2","2.5","-5.7","0.2","2.7","7.4","-1.3","2.9","3.5","0.7","4.2","1.9","5.2","5.56","4.92","0.0","57.6","79.0","66.1","6.3","7.6","4.8","4.5","8.6","0.0","10.7","12.1","1.8"
"20221216","堡林","巢备","0.4","3.4","-1.2","7.8","2.7","7.4","-1.2","0.0","0.5","0.7","4.7","0.7","5.1","8.64","5.67","0.0","39.9","92.0","65.4","8.1","8.3","5.0","0.0","0.0","0.0","5.8","3.4","1.9"
"20221215","堡林","巢备","1.3","7.1","-5.2","7.5","2.9","7.6","-1.0","0.1","0.0","0.8","7.5","4.7","4.8","10.98","8.58","0.0","61.3","82.3","65.6","6.3","4.9","5.1","0.0","0.0","0.0","6.1","3.5","1.8"
"20221214","堡林","巢备","-2.3","1.4","-4.5","3.5","3.1","7.7","-0.9","1.7","0.0","0.8","8.9","5.7","4.9","12.13","9.93","0.0","63.9","66.0","65.0","3.0","5.0","5.1","5.2","0.0","0.0","7.8","4.6","1.8"
"20221213","堡林","巢备","5.1","8.4","0.6","1.0","3.3","7.8","-0.5","0.5","0.0","0.7","3.3","9.1","4.9","6.66","12.83","0.0","57.9","50.9","65.3","7.0","0.1","5.2","0.2","0.0","0.0","9.7","6.8","1.9"
"20221212","堡林","巢备","3.8","7.7","-0.6","6.3","3.5","8.0","-0.3","0.0","0.0","1.1","1.9","2.8","4.8","5.82","6.12","0.0","66.0","69.8","66.3","7.4","4.0","5.2","0.0","0.0","0.0","3.9","8.6","1.8"
"20221211","堡林","巢备","5.1","9.3","1.7","8.6","3.7","8.3","-0.2","0.0","0.0","1.2","8.9","7.1","4.8","11.91","10.37","0.0","50.1","81.8","66.5","2.0","5.5","5.2","0.0","0.0","0.0","6.2","3.6","1.8"
"20221210","堡林","巢备","5.1","8.0","1.5","9.9","3.8","8.4","-0.2","0.0","0.0","1.3","0.6","3.7","4.9","4.73","7.8","0.0","66.3","86.6","66.7","6.3","5.3","5.1","0.0","0.0","0.0","5.2","5.8","1.8"
"20221209","堡林","巢备","7.4","12.1","2.8","8.3","4.0","8.6","0.0","0.0","0.0","1.3","2.3","3.6","4.8","6.98","8.08","0.0","62.4","77.4","67.5","4.9","6.1","5.2","0.0","0.0","0.0","4.6","5.2","1.8"
"20221208","堡林","巢备","6.5","12.7","0.5","8.1","4.0","8.6","-0.1","0.0","0.0","1.8","6.6","9.0","5.0","11.37","12.13","0.0","55.1","71.8","67.6","5.1","0.3","5.0","0.0","0.0","0.0","6.0","4.1","1.7"
"20221207","堡林","巢备","5.5","11.2","1.4","8.0","3.9","8.6","-0.1","0.0","0.0","1.7","8.7","8.7","4.8","11.77","11.56","0.0","53.8","75.1","67.4","1.4","0.0","5.1","0.0","0.0","0.0","7.7","6.2","1.8"
"20221206","堡林","巢备","3.3","9.6","-2.0","8.3","4.1","8.8","0.1","0.0","0.0","2.0","7.5","8.9","4.8","10.55","12.14","0.0","44.4","77.8","68.1","4.4","4.1","5.2","0.0","0.0","0.0","9.2","4.9","1.8"
"20221205","堡林","巢备","0.7","4.5","-1.5","5.4","4.3","9.1","0.4","0.0","0.0","2.2","6.3","9.1","4.9","10.14","12.22","0.0","30.0","72.1","67.6","4.4","0.8","5.1","0.0","0.0","0.0","8.1","3.2","1.8"
"20221204","堡林","巢备","2.4","7.3","-1.0","4.7","4.7","9.5","0.6","0.0","0.0","2.2","4.2","1.7","5.0","8.78","6.47","0.0","36.1","67.4","67.1","6.9","4.0","5.0","0.0","0.0","0.0","9.2","5.6","1.8"
"20221203","堡林","巢备","5.6","10.1","0.8","5.9","5.1","10.2","1.0","0.0","0.5","1.8","1.2","2.6","5.1","6.4","6.6","0.0","60.9","76.5","66.7","8.3","6.9","4.8","0.0","0.0","0.0","4.7","8.2","1.8"
"20221202","堡林","巢备","2.2","7.4","-2.0","4.2","5.7","10.8","1.4","0.0","0.0","2.0","9.3","6.0","5.3","13.07","10.64","0.0","43.6","67.9","66.8","3.1","8.0","4.5","0.0","0.0","0.0","5.8","4.8","1.7"
"20221201","堡林","巢备","0.2","3.9","-2.5","2.4","6.1","11.3","1.8","0.0","1.5","1.6","7.2","0.6","5.3","11.31","4.57","0.0","41.8","81.1","66.3","6.4","9.6","4.5","0.0","0.0","0.0","8.4","7.7","1.7"
"20221130","堡林","巢备","0.5","4.5","-1.7","8.7","6.4","11.7","2.1","0.0","23.2","1.4","5.2","0.0","5.4","9.41","1.73","0.0","49.3","86.5","66.1","8.8","9.1","4.4","0.0","0.0","0.0","10.5","8.5","1.6"
"20221129","堡林","巢备","11.3","18.2","4.5","8.9","6.6","11.8","2.3","7.2","0.0","1.7","0.0","8.8","5.3","3.71","12.51","0.0","69.3","69.6","66.6","9.8","2.4","4.5","0.0","0.0","0.0","8.8","3.7","1.6"
"20221128","堡林","巢备","15.6","19.5","10.0","7.7","6.9","12.0","2.6","4.8","0.0","1.8","0.6","9.2","5.1","3.63","13.06","0.0","87.4","60.8","67.3","7.5","3.3","4.8","0.0","0.0","0.0","6.6","2.9","1.6"
"20221127","堡林","巢备","9.7","17.0","2.8","7.0","7.0","12.2","2.8","0.0","0.0","1.6","6.5","9.4","5.1","11.45","13.67","0.0","39.6","60.0","67.2","4.3","0.0","4.8","0.0","0.0","0.0","4.0","4.9","1.6"
"20221126","堡林","巢备","11.1","17.6","6.0","7.6","7.3","12.5","2.9","0.0","0.0","2.1","8.7","9.1","5.3","12.2","13.54","0.0","52.4","60.1","67.3","1.8","0.0","4.8","0.0","0.0","0.0","5.9","6.9","1.7"
"20221125","堡林","巢备","11.6","18.3","4.9","9.8","7.4","12.8","2.9","0.0","0.0","2.1","7.7","7.4","5.3","11.54","10.51","0.0","62.6","73.3","67.4","4.5","2.8","4.7","0.0","0.0","0.0","4.1","5.5","1.6"
"20221124","堡林","巢备","11.0","17.1","6.4","8.3","7.6","13.1","2.9","0.0","0.0","1.8","7.0","5.6","5.5","11.17","9.21","0.0","60.9","76.4","66.4","4.3","5.0","4.5","0.0","0.0","0.0","4.9","8.1","1.6"
"20221123","堡林","巢备","11.9","16.5","7.9","4.0","7.7","13.2","2.9","0.8","8.5","1.7","8.1","0.6","5.7","11.27","4.52","0.0","70.8","97.0","65.5","4.5","9.6","4.3","0.0","0.0","0.0","6.5","7.0","1.6"
"20221122","堡林","巢备","12.5","16.0","10.8","7.3","7.7","13.1","3.0","1.9","1.9","1.6","0.0","1.9","5.7","3.76","6.92","0.0","78.0","73.6","65.2","10.0","7.9","4.3","0.0","0.0","0.0","5.2","9.3","1.7"
"20221121","堡林","巢备","12.6","18.2","7.7","12.3","7.7","13.1","3.0","0.0","0.0","1.1","2.7","0.4","5.6","8.58","5.23","0.0","74.9","91.4","65.2","5.5","8.5","4.4","0.0","0.0","0.0","3.9","2.3","1.7"
"20221120","堡林","巢备","13.6","18.4","10.9","10.9","7.7","13.0","3.3","0.4","0.0","1.6","0.9","5.5","5.3","6.13","10.44","0.0","77.9","91.8","65.6","5.9","4.9","4.6","0.0","0.0","0.0","2.7","2.7","1.7"
"20221119","堡林","巢备","13.5","21.2","6.6","11.5","8.1","13.2","3.7","0.0","0.0","1.7","7.8","8.3","5.2","12.62","12.1","0.0","50.1","87.1","65.7","3.3","2.3","4.8","0.0","0.0","0.0","5.7","3.2","1.8"
"20221118","堡林","巢备","11.8","20.1","4.9","10.5","8.4","13.6","4.0","0.0","0.0","1.8","9.3","9.0","5.3","14.13","12.86","0.0","50.9","79.1","65.3","0.0","2.1","4.8","0.0","0.0","0.0","3.1","4.0","1.8"
"20221117","堡林","巢备","11.3","17.8","6.5","9.5","8.7","13.9","4.3","0.0","0.0","1.7","9.0","8.8","5.3","13.53","13.58","0.0","50.8","72.3","65.1","3.0","3.1","4.7","0.0","0.0","0.0","4.6","4.3","1.8"
"20221116","堡林","巢备","10.8","16.4","7.5","10.6","9.1","14.2","4.8","0.0","0.0","1.5","8.9","8.9","5.3","12.89","12.26","0.0","62.4","69.8","65.1","3.8","3.1","4.6","0.0","0.0","0.0","7.6","4.9","1.8"
"20221115","堡林","巢备","9.5","15.1","5.0","10.8","9.6","14.8","5.2","0.0","0.0","1.3","8.9","8.6","5.4","12.78","12.34","0.0","64.4","82.9","65.5","0.3","2.9","4.6","0.0","0.0","0.0","5.7","3.5","1.7"
"20221114","堡林","巢备","10.7","16.1","8.0","10.3","9.9","15.2","5.5","0.0","0.0","1.4","4.3","6.7","5.8","9.47","10.63","0.0","70.0","83.5","65.3","6.6","2.9","4.2","0.0","0.0","0.0","6.2","3.9","1.7"
"20221113","堡林","巢备","11.6","19.3","9.4","9.1","10.4","15.6","6.1","10.5","0.0","1.5","0.0","5.5","5.7","3.95","11.1","0.0","79.1","85.9","66.5","9.3","4.3","4.4","0.0","0.0","0.0","9.3","4.7","1.8"
"20221112","堡林","巢备","18.5","24.1","12.5","7.0","10.9","16.1","6.5","21.1","2.2","2.0","4.1","4.7","5.5","9.77","9.13","0.0","79.6","90.4","67.3","7.1","5.8","4.6","0.0","0.0","0.0","8.8","8.5","1.8"
"20221111","堡林","巢备","16.7","24.4","11.0","8.1","11.2","16.5","6.7","0.0","7.3","2.2","8.3","1.5","5.7","12.72","5.4","0.0","56.4","94.9","67.0","2.0","8.5","4.6","0.0","0.0","0.0","4.9","5.6","1.8"
"20221110","堡林","巢备","15.0","22.2","8.5","7.8","11.4","16.6","7.0","0.0","20.6","2.2","8.8","1.3","5.6","12.83","4.73","0.0","50.6","94.4","66.8","2.6","10.0","4.7","0.0","0.0","0.0","3.2","10.0","1.8"
"20221109","堡林","巢备","12.4","19.9","5.8","8.4","11.8","17.1","7.4","0.0","0.5","2.3","8.9","0.8","5.3","13.27","5.36","0.0","59.6","79.1","68.4","2.9","9.4","5.0","0.0","0.0","0.0","3.1","10.6","1.8"
"20221108","堡林","巢备","12.1","19.9","6.0","11.6","12.1","17.7","7.6","0.0","21.2","2.2","9.5","1.0","5.4","13.75","4.73","0.0","65.4","82.1","68.8","1.0","9.1","4.8","0.0","0.0","0.0","4.2","11.6","1.7"
"20221107","堡林","巢备","11.4","19.1","5.1","16.6","12.4","18.2","7.5","0.0","0.0","2.1","9.0","8.0","5.5","13.3","14.6","0.0","60.5","61.4","69.4","0.6","3.8","4.6","0.0","0.0","0.0","4.0","7.4","1.5"
"20221106","堡林","巢备","9.7","17.0","3.4","15.7","12.4","18.5","7.4","0.0","0.0","1.8","9.3","8.8","5.8","14.28","14.78","0.0","62.1","58.5","69.5","1.5","1.6","4.3","0.0","0.0","0.0","5.4","6.8","1.4"
"20221105","堡林","巢备","9.1","15.2","4.0","13.7","12.5","18.8","7.3","0.0","0.0","1.4","9.6","4.9","6.1","15.6","10.83","0.0","43.6","72.9","69.0","0.5","5.1","3.8","0.0","0.0","0.0","6.4","4.9","1.3"
"20221104","堡林","巢备","8.9","12.5","5.6","13.9","12.3","18.5","7.1","0.0","0.4","1.0","9.4","9.4","6.3","15.39","14.78","0.0","43.9","78.5","68.5","3.0","2.3","3.8","0.0","0.0","0.0","8.6","4.3","1.3"
"20221103","堡林","巢备","12.2","20.1","5.6","12.2","12.0","18.0","7.0","0.0","0.0","1.0","8.9","8.0","6.4","13.99","14.77","0.0","56.9","72.4","68.1","2.5","4.1","3.7","0.0","0.0","0.0","5.3","6.2","1.4"
"20221102","堡林","巢备","13.0","20.9","8.9","12.1","11.9","17.7","7.0","0.0","0.0","1.2","9.7","6.1","6.4","15.25","12.29","0.0","65.0","79.0","67.5","0.0","3.5","3.8","0.0","0.0","0.0","4.7","4.7","1.5"
"20221101","堡林","巢备","14.5","21.0","9.1","14.5","12.1","17.7","7.3","0.0","0.0","1.2","9.3","8.3","6.5","14.38","13.22","0.0","74.8","80.0","66.8","0.0","3.4","3.9","0.0","0.0","0.0","6.1","5.0","1.5"
"20221031","堡林","巢备","15.4","21.4","11.8","14.7","12.3","17.9","7.7","0.0","0.0","1.5","9.3","9.7","6.4","15.06","15.7","0.0","65.9","75.6","66.7","2.4","1.6","4.1","0.0","0.0","0.0","5.2","4.9","1.6"
"20221030","堡林","巢备","15.9","21.9","10.0","13.9","12.7","18.3","8.1","0.0","0.0","1.6","9.8","1.8","6.5","15.41","6.63","0.0","65.0","75.9","66.2","2.5","5.6","4.1","0.0","0.0","0.0","4.7","2.3","1.6"
"20221029","堡林","巢备","15.1","21.4","9.7","15.1","13.0","18.8","8.2","0.0","0.0","1.7","7.7","8.5","6.7","12.59","14.71","0.0","66.0","66.4","65.5","3.4","4.0","3.9","0.0","0.0","0.0","4.2","4.7","1.6"
"20221028","堡林","巢备","14.7","22.1","9.1","13.8","13.3","19.1","8.5","0.0","0.0","1.3","9.7","9.9","7.0","15.32","17.39","0.0","71.5","61.8","65.0","0.0","0.8","3.8","0.0","0.0","0.0","4.2","3.8","1.6"
"20221027","堡林","巢备","15.1","21.9","10.0","14.1","13.7","19.5","8.9","0.0","0.0","1.5","9.7","9.9","6.9","15.97","15.61","0.0","56.0","71.6","66.0","2.1","1.4","3.7","0.0","0.0","0.0","5.6","5.6","1.6"
"20221026","堡林","巢备","13.6","19.9","7.2","13.6","14.0","19.8","9.1","0.0","0.0","1.2","6.5","9.6","6.8","13.85","16.37","0.0","49.0","69.1","66.8","6.4","3.6","3.6","0.0","0.0","0.0","4.4","3.9","1.6"
"20221025","堡林","巢备","11.6","18.0","4.7","13.1","14.3","20.1","9.4","0.0","0.0","1.1","10.0","9.8","6.8","16.83","17.03","0.0","46.3","70.8","66.9","0.0","1.3","3.6","0.0","0.0","0.0","6.4","5.0","1.6"
"20221024","堡林","巢备","11.6","15.9","8.0","13.0","14.7","20.4","9.9","0.0","0.0","1.4","9.8","9.5","6.5","17.39","15.96","0.0","46.5","62.5","67.5","0.5","5.0","3.9","0.0","0.0","0.0","9.8","6.1","1.6"
"20221023","堡林","巢备","14.7","19.9","11.1","12.6","15.1","20.8","10.3","0.0","0.0","1.7","9.8","10.1","6.3","16.25","18.25","0.0","62.8","59.4","68.6","1.8","0.0","3.9","0.0","0.0","0.0","6.5","5.0","1.6"
"20221022","堡林","巢备","17.3","22.8","13.5","11.6","15.4","21.2","10.5","0.4","0.0","1.7","10.0","10.1","6.3","16.56","17.73","0.0","69.8","61.1","68.4","3.1","0.1","3.9","0.0","0.0","0.0","4.8","9.8","1.6"
"20221021","堡林","巢备","14.8","19.9","9.0","11.3","15.5","21.4","10.6","0.0","0.0","1.6","2.4","9.4","6.5","10.13","17.83","0.0","71.9","71.3","67.7","8.9","4.5","4.0","0.0","0.0","0.0","3.2","5.6","1.6"
"20221020","堡林","巢备","13.9","21.8","5.9","10.5","15.6","21.7","10.7","0.0","0.0","1.6","10.0","5.7","6.7","18.1","13.02","0.0","50.6","64.0","67.4","1.8","7.3","3.8","0.0","0.0","0.0","6.3","4.5","1.6"
"20221019","堡林","巢备","11.3","17.9","4.9","11.9","15.7","21.8","10.5","0.0","0.8","0.9","10.2","5.0","6.9","18.14","11.65","0.0","56.8","77.8","67.4","0.0","6.0","3.6","0.0","0.0","0.0","10.1","7.6","1.5"
"20221018","堡林","巢备","11.1","15.2","7.3","11.4","15.6","21.8","10.5","0.0","0.0","0.9","10.2","9.9","7.0","18.73","19.2","0.0","42.6","53.1","66.6","0.0","3.0","3.6","0.0","0.0","0.0","9.5","5.4","1.6"
"20221017","堡林","巢备","14.4","18.0","10.4","8.2","15.7","21.8","10.6","0.0","0.0","0.9","9.4","10.2","7.1","18.33","20.19","0.0","47.1","43.0","66.2","3.4","1.3","3.6","0.0","0.0","0.0","10.3","11.2","1.6"
"20221016","堡林","巢备","18.1","24.0","13.6","13.6","15.8","21.9","10.9","0.0","4.3","1.2","9.6","0.0","7.1","16.13","6.75","0.0","73.8","70.8","66.3","3.5","9.5","3.6","0.0","0.0","0.0","5.8","10.9","1.6"
"20221015","堡林","巢备","18.5","25.6","12.9","19.4","16.1","22.2","11.1","0.0","12.3","1.4","9.9","2.1","6.9","17.51","10.14","0.0","76.9","88.0","66.4","1.9","8.4","3.9","0.0","0.0","0.0","4.0","5.0","1.6"
"20221014","堡林","巢备","17.5","24.3","12.5","21.8","16.4","22.3","11.5","0.0","0.0","1.6","8.6","7.9","6.8","17.69","14.09","0.0","73.6","85.4","66.3","3.8","5.1","4.0","0.0","0.0","0.0","3.7","5.7","1.6"
"20221013","堡林","巢备","17.1","23.5","11.5","20.1","16.7","22.6","11.9","0.0","0.0","1.7","8.0","0.9","6.9","15.63","10.16","0.0","67.5","90.6","66.7","0.9","8.4","4.1","0.0","0.0","0.0","5.2","5.2","1.6"
"20221012","堡林","巢备","14.7","21.7","8.3","17.4","17.1","22.9","12.2","0.0","5.9","1.9","0.0","0.0","6.7","0.0","3.81","0.0","66.6","98.9","67.7","0.0","10.0","4.2","0.0","0.0","0.0","4.5","6.4","1.6"
"20221011","堡林","巢备","13.9","18.8","10.9","15.9","17.3","23.2","12.3","0.0","9.9","1.7","10.1","0.0","6.8","19.2","4.91","0.0","66.5","98.8","67.6","1.8","10.0","4.1","0.0","0.0","0.0","7.7","8.5","1.6"
"20221010","堡林","巢备","12.8","16.2","10.7","24.1","17.4","23.3","12.5","2.2","2.1","1.7","4.7","4.9","7.0","12.61","12.74","0.0","74.4","90.6","68.0","7.1","6.8","3.9","0.0","0.0","0.0","9.6","6.0","1.6"
"20221009","堡林","巢备","14.5","16.7","12.8","24.7","17.6","23.5","12.7","2.3","0.0","2.0","0.0","8.1","7.0","5.14","16.77","0.0","88.9","80.4","68.2","10.0","5.5","4.0","0.0","0.0","0.0","6.2","5.9","1.6"
"20221008","堡林","巢备","16.7","21.5","11.9","22.3","17.7","23.6","12.8","0.0","0.0","2.0","4.6","1.6","7.1","12.31","10.27","0.0","63.8","93.3","68.1","6.4","8.5","4.0","0.0","0.0","0.0","6.5","6.0","1.6"
"20221007","堡林","巢备","16.3","20.4","13.8","22.2","17.7","23.5","13.0","0.0","0.0","2.6","8.0","4.5","7.0","16.92","10.76","0.0","61.3","91.8","67.7","6.1","3.9","4.1","0.0","0.0","0.0","8.3","5.6","1.7"
"20221006","堡林","巢备","17.1","21.3","13.9","23.9","17.9","23.5","13.2","0.0","0.0","2.6","6.0","10.5","6.7","14.76","20.81","0.0","69.1","81.5","68.5","8.5","2.6","4.5","0.0","0.0","0.0","5.9","6.2","1.7"
"20221005","堡林","巢备","16.9","21.4","14.2","24.4","18.1","23.7","13.5","0.0","0.0","2.4","8.9","9.5","6.7","19.48","18.9","0.0","63.5","84.1","68.6","6.9","2.3","4.6","0.0","0.0","0.0","5.8","5.7","1.7"
"20221004","堡林","巢备","19.5","25.2","16.0","25.5","18.3","23.9","13.8","33.4","0.0","2.9","0.8","8.0","6.7","6.35","17.12","0.0","86.1","83.0","69.3","9.6","5.1","4.5","0.0","0.0","0.0","12.2","9.3","1.8"
"20221003","堡林","巢备","26.1","29.9","23.6","23.7","18.7","24.2","14.3","0.0","0.0","3.5","1.2","10.5","6.4","8.6","20.29","0.0","79.6","77.8","70.6","9.6","2.5","4.8","0.0","0.0","0.0","8.7","7.3","1.7"
"20221002","堡林","巢备","23.6","29.8","17.8","22.8","19.0","24.5","14.7","0.0","0.0","4.3","9.5","8.1","6.3","18.92","13.76","0.0","67.6","84.1","71.6","7.3","1.1","5.0","0.0","0.0","0.0","9.6","3.2","1.7"
"20221001","堡林","巢备","22.9","30.5","15.8","22.0","19.3","24.6","15.1","0.0","0.0","4.8","9.9","5.8","6.0","19.66","11.15","0.0","64.1","88.0","71.8","2.9","2.5","5.2","0.0","0.0","0.0","4.4","3.3","1.8"
"20220930","堡林","巢备","21.7","29.7","15.2","23.5","19.6","24.7","15.4","0.0","2.0","4.9","10.7","0.0","5.6","20.81","0.0","0.0","66.9","67.9","71.9","0.4","1.5","5.6","0.0","0.0","0.0","3.9","0.0","1.8"
"20220929","堡林","巢备","20.9","28.1","16.1","22.7","19.8","25.0","15.6","0.0","31.2","4.2","10.8","0.0","5.7","21.74","3.32","0.0","67.5","97.8","71.4","0.0","9.8","5.5","0.0","0.0","0.0","4.0","7.0","1.8"
"20220928","堡林","巢备","21.1","25.0","17.3","22.7","20.0","25.2","15.7","0.0","0.3","3.2","2.3","1.5","6.0","11.42","10.69","0.0","76.8","83.8","70.2","7.5","9.1","5.4","0.0","0.0","0.0","2.6","5.0","1.8"
"20220927","堡林","巢备","21.7","28.6","15.9","23.0","20.2","25.4","15.8","0.0","0.0","1.5","10.8","3.4","6.2","21.59","12.17","0.0","68.5","73.8","70.0","1.8","8.4","5.3","0.0","0.0","0.0","4.1","5.0","1.7"
"20220926","堡林","巢备","19.8","23.5","17.1","22.2","20.4","25.8","15.9","0.0","0.0","2.0","0.7","2.2","6.4","9.6","13.07","0.0","71.8","78.0","70.3","9.0","8.4","5.0","0.0","0.0","0.0","3.3","5.5","1.7"
"20220925","堡林","巢备","20.0","25.3","16.7","21.9","20.5","25.8","16.0","0.0","0.0","2.9","2.9","5.2","6.5","13.74","15.58","0.0","64.3","79.8","70.8","8.9","6.5","4.8","0.0","0.0","0.0","3.7","6.5","1.7"
"20220924","堡林","巢备","19.1","24.6","14.1","20.9","20.5","25.9","16.1","0.0","0.0","3.2","8.2","8.7","6.5","22.1","19.35","0.0","59.3","76.6","70.9","5.8","3.6","4.8","0.0","0.0","0.0","8.0","4.6","1.7"
"20220923","堡林","巢备","19.5","25.3","15.5","21.5","20.6","25.8","16.3","0.0","0.0","4.1","8.5","10.1","6.2","19.28","21.43","0.0","69.1","72.6","71.5","5.4","2.9","4.9","0.0","0.0","0.0","6.8","6.9","1.8"
"20220922","堡林","巢备","20.3","26.0","13.9","23.2","20.8","26.0","16.5","0.0","1.9","4.5","8.6","8.8","6.1","21.06","18.2","0.0","60.6","84.8","71.7","5.0","3.3","5.0","0.0","0.0","0.0","5.4","9.1","1.8"
"20220921","堡林","巢备","20.1","25.4","15.9","22.5","21.1","26.3","16.8","0.0","32.0","3.6","8.9","3.8","6.3","18.56","11.06","0.0","61.5","92.9","71.1","3.6","6.4","4.9","0.0","0.0","0.0","5.3","11.9","1.9"
"20220920","堡林","巢备","20.8","25.9","16.9","23.9","21.4","26.7","17.1","0.0","0.0","3.1","6.3","10.6","6.4","15.92","21.96","0.0","62.5","78.6","70.9","4.4","4.6","4.8","0.0","0.0","0.0","5.2","10.9","1.9"
"20220919","堡林","巢备","25.4","30.1","20.6","23.5","21.7","26.9","17.6","0.0","0.0","4.2","10.4","7.8","6.4","20.84","17.94","0.0","66.3","77.1","71.3","5.3","4.0","5.0","0.0","0.0","0.0","10.2","5.5","2.0"
"20220918","堡林","巢备","28.7","34.5","24.6","23.3","22.0","27.1","17.9","0.0","0.0","4.6","5.7","5.0","6.4","18.39","13.75","0.0","71.0","81.8","72.0","8.3","7.1","5.0","0.0","0.0","0.0","11.9","4.7","2.0"
"20220917","堡林","巢备","27.9","33.5","24.6","23.2","22.2","27.3","18.1","0.0","3.2","5.3","8.8","4.3","6.5","21.17","15.23","0.0","75.8","86.5","72.4","7.4","7.6","5.0","0.0","0.0","0.0","5.8","10.4","2.1"
"20220916","堡林","巢备","26.8","31.3","24.2","21.3","22.3","27.3","18.3","0.0","2.0","7.3","6.7","3.3","6.2","17.34","9.8","0.0","82.5","82.5","73.6","6.0","7.8","5.3","0.0","0.0","0.0","9.9","8.8","2.1"
"20220915","堡林","巢备","26.5","31.3","22.3","24.1","22.4","27.3","18.5","0.0","0.0","7.4","9.2","10.3","6.0","21.2","22.98","0.0","72.5","64.1","74.5","4.8","5.0","5.5","0.0","0.0","0.0","9.6","9.8","2.1"
"20220914","堡林","巢备","25.3","30.1","21.5","22.5","22.5","27.3","18.7","0.0","2.5","6.6","9.2","0.5","5.4","18.01","7.06","0.0","68.4","85.1","75.3","5.9","9.3","5.8","0.0","0.0","0.0","8.7","10.3","2.1"
"20220913","堡林","巢备","24.3","27.3","21.8","24.2","22.6","27.3","18.9","0.2","0.0","7.2","0.0","4.0","5.0","7.66","15.62","0.0","90.0","69.8","75.7","10.0","8.8","6.2","0.0","0.0","0.0","6.2","8.0","2.0"
"20220912","堡林","巢备","23.1","24.3","21.5","24.8","22.7","27.4","19.1","2.0","0.0","6.3","0.0","8.0","5.0","6.65","18.2","0.0","98.9","83.3","75.7","10.0","7.0","6.2","0.0","0.0","0.0","5.0","5.2","1.9"
"20220911","堡林","巢备","24.1","29.1","19.0","24.9","22.8","27.5","19.1","0.0","0.0","5.1","6.6","8.2","4.8","18.74","20.67","0.0","81.8","83.9","76.0","6.4","2.9","6.2","0.0","0.0","0.0","4.6","3.7","1.9"
"20220910","堡林","巢备","22.6","26.9","19.6","23.1","23.0","27.7","19.3","0.0","0.0","4.9","2.7","0.3","4.8","14.03","7.33","0.0","85.0","93.0","76.0","8.0","8.5","6.2","0.0","0.0","0.0","5.8","2.8","1.8"
"20220909","堡林","巢备","24.1","30.0","19.1","23.1","23.2","28.0","19.4","0.0","0.0","4.5","4.2","4.3","5.2","10.58","16.68","0.0","74.8","84.5","75.9","5.8","7.8","6.0","0.0","0.0","0.0","5.3","4.2","1.8"
"20220908","堡林","巢备","23.0","29.3","16.9","22.7","23.3","28.1","19.5","0.0","0.0","3.6","8.5","7.0","5.3","19.95","19.76","0.0","73.9","84.4","76.2","4.6","5.9","5.9","0.0","0.0","0.0","4.5","5.2","1.9"
"20220907","堡林","巢备","22.2","29.2","16.7","22.4","23.4","28.1","19.8","0.0","2.4","5.6","11.2","0.4","5.2","24.72","6.73","0.0","77.6","94.4","76.7","2.8","9.3","6.1","0.0","0.0","0.0","6.0","6.7","1.9"
"20220906","堡林","巢备","21.5","25.5","18.6","21.2","23.8","28.5","20.1","32.8","2.1","5.8","5.0","0.0","5.6","13.83","6.07","0.0","89.8","93.3","76.1","5.3","9.9","5.9","0.0","0.0","0.0","13.5","9.7","1.9"
"20220905","堡林","巢备","24.0","26.0","22.1","21.6","24.0","28.7","20.3","50.7","1.1","6.0","0.0","0.0","5.6","2.82","5.99","0.0","99.0","91.1","75.9","10.0","10.0","5.9","0.0","0.0","0.0","11.3","6.8","1.9"
"20220904","堡林","巢备","26.5","31.4","23.6","23.4","24.1","28.8","20.7","3.5","0.0","6.6","2.9","3.8","5.6","15.8","13.17","0.0","89.4","88.6","76.4","9.3","8.8","5.9","0.0","0.0","0.0","9.0","6.4","2.0"
"20220903","堡林","巢备","24.9","28.9","21.9","22.4","24.5","29.2","20.9","0.0","1.3","6.4","1.6","2.9","6.0","13.49","14.17","0.0","86.8","94.1","76.0","8.4","8.8","5.7","0.0","0.0","0.0","8.1","5.3","1.9"
"20220902","堡林","巢备","23.1","27.1","20.1","21.6","24.6","29.3","21.0","0.0","3.4","6.3","2.6","0.0","6.1","12.6","5.69","0.0","88.3","98.4","75.9","8.6","9.5","5.7","0.0","0.0","0.0","8.4","5.7","2.0"
"20220901","堡林","巢备","22.6","26.4","20.2","24.5","24.5","29.0","21.1","0.0","45.7","6.8","1.9","0.4","5.6","9.52","5.5","0.0","94.1","97.4","76.9","8.3","9.4","6.1","0.0","0.0","0.0","4.9","8.8","2.1"
"20220831","堡林","巢备","23.0","27.0","21.1","26.5","24.6","29.1","21.2","4.4","0.0","8.0","2.8","5.2","5.4","13.16","18.43","0.0","92.9","89.5","77.5","8.8","7.0","6.2","0.0","0.0","0.0","6.4","7.6","2.1"
"20220830","堡林","巢备","24.8","27.7","22.0","25.5","24.8","29.3","21.3","1.3","1.9","8.4","0.1","3.4","5.6","7.92","16.25","0.0","96.5","91.0","77.5","9.1","7.9","6.1","0.0","0.0","0.0","5.8","7.2","2.1"
"20220829","堡林","巢备","21.7","23.5","19.8","25.5","24.8","29.2","21.4","0.0","24.6","10.6","0.0","0.7","5.3","7.12","9.2","0.0","88.4","97.8","78.3","7.5","9.5","6.3","0.0","0.0","0.0","5.3","7.9","2.1"
"20220828","堡林","巢备","22.9","28.7","17.2","25.1","24.9","29.2","21.5","0.0","0.0","10.6","7.9","5.9","5.1","22.23","19.74","0.0","67.0","84.3","78.7","5.8","6.1","6.3","0.0","0.0","0.0","6.6","4.7","2.0"
"20220827","堡林","巢备","22.8","26.8","19.0","23.5","25.1","29.5","21.7","0.0","10.6","12.6","6.1","0.4","5.0","18.73","7.63","0.0","75.5","98.9","78.9","4.3","8.3","6.3","0.0","0.0","0.0","6.6","11.9","2.0"
"20220826","堡林","巢备","24.5","29.9","21.0","26.3","25.2","29.5","21.9","0.0","0.0","12.7","11.4","6.4","4.9","26.29","21.14","0.0","71.3","82.4","79.2","3.9","5.9","6.4","0.0","0.0","0.0","6.3","5.0","2.0"
"20220825","堡林","巢备","24.9","29.9","21.8","25.2","25.3","29.6","22.1","0.0","10.7","12.6","8.2","0.4","4.6","21.67","8.42","0.0","77.8","97.9","79.2","6.1","9.8","6.7","0.0","0.0","0.0","6.5","7.1","2.1"
"20220824","堡林","巢备","25.7","30.9","22.8","25.2","25.4","29.7","22.2","2.4","29.6","11.2","3.9","0.0","4.7","15.35","0.0","0.0","89.3","98.8","79.1","7.4","9.4","6.7","0.0","0.0","0.0","5.5","15.4","2.0"
"20220823","堡林","巢备","26.5","29.0","24.5","24.1","25.7","30.1","22.5","24.7","30.6","11.2","0.0","0.0","4.8","6.33","0.0","0.0","97.5","98.8","79.0","9.9","9.9","6.6","0.0","0.0","0.0","6.0","7.4","2.0"
"20220822","堡林","巢备","28.0","32.7","23.9","25.8","25.9","30.2","22.7","0.0","0.0","9.7","9.1","6.2","5.0","24.87","18.26","0.0","81.0","89.5","78.8","7.1","7.9","6.4","0.0","0.0","0.0","5.7","5.1","2.0"
"20220821","堡林","巢备","27.4","32.1","24.1","24.5","26.0","30.3","22.8","0.0","19.9","9.8","6.7","0.0","5.2","18.1","3.8","0.0","90.4","98.0","78.3","7.5","9.0","6.4","0.0","0.0","0.0","3.8","11.4","2.0"
"20220820","堡林","巢备","26.6","28.9","24.7","24.8","26.2","30.6","23.0","32.2","0.0","12.3","1.4","9.3","5.3","6.61","21.48","0.0","98.4","84.0","78.1","6.5","3.1","6.2","0.0","0.0","0.0","6.9","7.4","2.0"
"20220819","堡林","巢备","27.4","32.2","22.5","22.7","26.5","31.0","23.2","0.0","19.2","12.4","4.6","5.4","5.5","16.29","15.44","0.0","92.9","90.6","77.7","7.9","6.4","6.2","0.0","0.0","0.0","9.3","10.0","2.0"
"20220818","堡林","巢备","26.1","32.0","21.3","22.7","26.5","31.0","23.3","0.0","22.7","11.7","0.0","4.5","5.4","0.0","13.72","0.0","83.0","93.4","77.9","4.0","6.9","6.3","0.0","0.0","0.0","5.9","6.7","2.0"
"20220817","堡林","巢备","26.0","30.2","23.6","25.5","26.7","31.2","23.4","0.1","17.2","10.3","0.0","9.5","5.4","1.25","24.47","0.0","94.0","73.9","77.7","6.6","7.0","6.3","0.0","0.0","0.0","4.8","6.6","2.0"
"20220816","堡林","巢备","26.5","28.4","24.5","25.7","26.8","31.2","23.6","17.0","0.0","9.7","0.0","0.0","5.4","5.98","0.0","0.0","98.9","79.5","78.2","9.8","4.6","6.4","0.0","0.0","0.0","9.4","6.3","2.0"
"20220815","堡林","巢备","29.4","32.9","27.6","24.7","26.9","31.2","23.7","0.0","13.7","7.8","6.5","5.6","5.3","20.37","16.53","0.0","89.6","87.5","78.5","8.4","7.3","6.4","0.0","0.0","0.0","12.6","5.5","2.0"
"20220814","堡林","巢备","29.4","33.4","26.9","24.3","26.9","31.1","23.8","0.0","12.8","8.4","7.0","3.4","5.2","21.5","15.5","0.0","89.1","88.9","78.9","7.3","7.9","6.6","0.0","0.0","0.0","9.1","7.7","2.1"
"20220813","堡林","巢备","27.9","31.8","24.4","25.6","26.9","31.2","23.8","0.1","4.0","8.0","3.2","0.3","5.1","13.48","11.44","0.0","95.6","90.0","78.8","7.4","9.3","6.6","0.0","0.0","0.0","7.7","6.4","2.1"
"20220812","堡林","巢备","27.9","32.0","25.6","26.3","27.0","31.2","23.8","0.5","0.6","9.6","5.2","3.9","5.1","17.12","14.3","0.0","91.1","84.8","78.9","8.1","7.1","6.7","0.0","0.0","0.0","4.3","4.5","2.1"
"20220811","堡林","巢备","26.3","27.4","25.6","26.5","27.1","31.3","23.9","9.1","0.0","9.6","0.0","6.1","5.1","3.46","17.82","0.0","99.0","83.1","78.7","9.6","5.3","6.6","0.0","0.0","0.0","5.7","7.6","2.2"
"20220810","堡林","巢备","28.3","31.0","26.6","27.6","27.1","31.5","23.9","0.0","0.0","11.5","0.9","7.1","5.4","11.8","20.12","0.0","93.5","80.6","78.5","9.0","7.0","6.5","0.0","0.0","0.0","7.5","6.8","2.3"
"20220809","堡林","巢备","28.7","32.2","26.8","27.2","27.2","31.6","24.0","0.0","0.0","13.3","3.5","10.1","5.4","16.85","25.99","0.0","91.1","81.3","78.4","8.5","5.0","6.3","0.0","0.0","0.0","10.6","6.0","2.3"
"20220808","堡林","巢备","28.8","31.6","27.4","26.0","27.4","31.9","24.1","0.0","5.0","13.8","3.4","1.7","5.8","16.7","10.24","0.0","90.9","91.0","77.8","7.9","7.6","6.1","0.0","0.0","0.0","11.2","4.4","2.3"
"20220807","堡林","巢备","29.9","34.2","27.3","27.8","27.5","32.2","24.1","0.0","0.0","12.0","8.2","10.4","6.1","22.59","25.37","0.0","89.0","79.1","77.0","5.9","4.8","5.7","0.0","0.0","0.0","9.7","5.1","2.3"
"20220806","堡林","巢备","29.9","34.1","27.1","26.6","27.6","32.2","24.1","0.0","59.4","12.6","6.7","9.5","6.3","19.79","24.15","0.0","91.4","85.0","76.6","6.9","3.8","5.5","0.0","0.0","0.0","6.3","15.2","2.3"
"20220805","堡林","巢备","29.0","32.5","26.6","28.8","27.6","32.1","24.2","0.0","0.0","9.9","4.8","5.9","6.3","15.4","18.02","0.0","93.3","79.3","76.3","6.4","4.1","5.4","0.0","0.0","0.0","6.7","6.2","2.4"
"20220804","堡林","巢备","29.0","33.3","26.3","28.6","27.7","32.2","24.3","0.0","0.0","7.3","8.3","9.1","6.4","21.88","23.1","0.0","90.6","79.5","75.9","5.3","3.4","5.4","0.0","0.0","0.0","6.1","5.4","2.4"
"20220803","堡林","巢备","27.9","31.4","25.6","27.0","27.8","32.2","24.4","11.4","9.9","7.8","4.5","5.6","6.4","16.36","17.07","0.0","97.3","90.5","76.0","7.4","7.0","5.4","0.0","0.0","0.0","6.2","6.4","2.5"
"20220802","堡林","巢备","28.0","31.4","25.4","26.9","27.8","32.2","24.6","1.7","45.3","8.1","4.4","2.4","6.3","15.1","12.71","0.0","95.3","96.1","76.2","7.3","9.3","5.6","0.0","0.0","0.0","8.1","5.9","2.6"
"20220801","堡林","巢备","27.6","30.0","25.5","28.2","27.9","32.3","24.7","1.5","1.0","7.1","0.5","3.3","6.2","10.0","16.19","0.0","98.4","86.3","76.6","7.5","8.6","5.8","0.0","0.0","0.0","10.4","6.7","2.5"
"20220731","堡林","巢备","26.4","28.5","25.3","29.1","27.9","32.3","24.6","26.4","25.4","6.8","0.0","8.4","6.1","7.62","23.36","0.0","97.8","80.1","76.9","9.6","6.3","6.0","0.0","0.0","0.0","9.5","5.8","2.4"
"20220730","堡林","巢备","28.5","30.5","26.0","28.1","27.7","32.2","24.5","0.0","0.4","6.6","2.8","6.9","5.9","11.24","20.07","0.0","84.1","77.5","77.5","7.1","6.3","6.2","0.0","0.0","0.0","6.3","7.2","2.4"
"20220729","堡林","巢备","30.3","34.5","25.5","29.0","27.6","32.0","24.3","0.0","0.0","5.5","11.0","7.7","5.7","23.25","20.75","0.0","76.1","72.9","77.4","2.5","4.9","6.3","0.0","0.0","0.0","5.7","7.3","2.3"
"20220728","堡林","巢备","28.5","33.2","23.8","28.9","27.4","31.9","24.2","0.0","0.0","5.3","12.4","7.3","5.8","27.23","19.15","0.0","79.3","71.9","77.3","2.5","4.4","6.3","0.0","0.0","0.0","7.5","6.9","2.3"
"20220727","堡林","巢备","27.3","31.9","22.7","28.3","27.3","31.8","24.1","0.0","0.0","5.2","10.3","9.7","5.9","25.54","19.96","0.0","80.0","67.9","77.2","5.3","1.8","6.3","0.0","0.0","0.0","6.6","6.2","2.4"
"20220726","堡林","巢备","27.3","32.1","23.7","28.3","27.2","31.7","24.0","0.0","0.0","5.3","5.6","8.3","5.7","17.56","20.25","0.0","86.6","67.3","77.3","5.5","5.1","6.4","0.0","0.0","0.0","5.8","7.5","2.4"
"20220725","堡林","巢备","26.7","31.1","23.4","29.0","27.1","31.6","24.0","0.0","0.0","5.4","5.5","8.0","5.7","18.99","22.94","0.0","88.6","61.5","77.1","5.4","6.6","6.4","0.0","0.0","0.0","4.9","8.2","2.5"
"20220724","堡林","巢备","23.9","25.1","23.2","29.1","27.1","31.5","23.9","14.2","0.0","5.3","0.0","9.1","5.8","5.4","22.86","0.0","99.0","68.3","77.5","9.0","7.9","6.4","0.0","0.0","0.0","8.0","6.1","2.6"
"20220723","堡林","巢备","25.1","28.7","22.4","28.7","27.0","31.3","23.9","22.6","0.0","5.5","2.9","7.9","5.6","13.31","22.38","0.0","90.6","70.9","78.1","8.8","6.8","6.5","0.0","0.0","0.0","8.0","6.9","2.6"
"20220722","堡林","巢备","25.1","30.1","21.9","28.7","26.9","31.2","23.8","0.0","0.0","5.4","4.5","10.6","5.3","14.77","23.56","0.0","88.1","70.5","78.5","4.6","4.8","6.6","0.0","0.0","0.0","5.1","7.3","2.6"
"20220721","堡林","巢备","24.6","26.4","21.9","29.0","26.8","31.1","23.6","3.8","0.0","5.5","1.0","10.9","5.5","9.01","26.22","0.0","96.0","74.6","78.4","8.4","3.8","6.4","0.0","0.0","0.0","14.6","6.5","2.6"
"20220720","堡林","巢备","27.2","33.0","22.9","27.7","26.6","30.9","23.4","0.8","0.0","5.2","10.2","3.2","5.5","24.49","17.52","0.0","81.6","81.5","78.3","6.9","7.5","6.4","0.0","0.0","0.0","7.3","5.3","2.5"
"20220719","堡林","巢备","26.2","30.7","22.8","27.8","26.3","30.6","23.2","0.7","0.0","6.0","9.9","7.9","5.2","24.28","20.79","0.0","88.0","78.4","78.8","7.1","6.0","6.5","0.0","0.0","0.0","6.4","5.9","2.5"
"20220718","堡林","巢备","23.7","26.5","20.2","27.3","26.1","30.2","23.0","54.1","0.0","7.8","0.0","6.4","4.9","3.79","22.12","0.0","99.0","77.8","79.4","8.9","5.9","6.8","0.0","0.0","0.0","7.7","6.6","2.5"
"20220717","堡林","巢备","26.4","29.4","23.7","26.2","25.8","29.9","22.8","0.0","0.2","9.9","0.1","9.5","4.6","12.26","23.31","0.0","93.6","82.1","80.0","9.4","5.6","7.1","0.0","0.0","0.0","5.4","6.2","2.5"
"20220716","堡林","巢备","26.5","32.0","22.3","25.9","25.6","29.7","22.7","0.0","1.4","10.6","11.6","6.8","4.4","26.67","18.0","0.0","80.4","92.5","80.4","6.4","5.4","7.3","0.0","0.0","0.0","8.2","7.8","2.4"
"20220715","堡林","巢备","27.0","31.4","23.0","28.7","25.4","29.5","22.6","0.0","0.0","12.0","11.2","9.6","4.0","24.61","26.02","0.0","79.6","78.4","81.3","4.4","6.0","7.5","0.0","0.0","0.0","4.3","7.0","2.5"
"20220714","堡林","巢备","27.3","31.1","24.4","28.2","25.3","29.3","22.5","13.0","0.0","14.0","9.0","2.2","3.8","23.22","16.15","0.0","88.9","84.8","81.7","7.1","7.9","7.7","0.0","0.0","0.0","8.5","7.0","2.5"
"20220713","堡林","巢备","26.0","28.1","24.3","28.4","25.2","29.1","22.4","0.0","0.0","15.8","0.7","8.1","3.6","10.49","22.3","0.0","92.6","81.5","82.0","9.3","5.6","7.8","0.0","0.0","0.0","9.3","8.1","2.5"
"20220712","堡林","巢备","27.4","31.8","25.0","28.1","25.1","29.0","22.3","0.0","0.0","16.1","3.6","6.3","3.7","19.42","21.16","0.0","91.0","87.5","81.8","8.3","6.5","7.8","0.0","0.0","0.0","7.6","6.7","2.5"
"20220711","堡林","巢备","27.1","30.9","23.9","27.2","25.1","28.9","22.2","14.3","0.0","16.5","2.6","4.0","3.5","14.03","17.66","0.0","92.5","90.5","81.8","7.9","6.1","7.9","0.0","0.0","0.0","5.9","6.0","2.5"
"20220710","堡林","巢备","28.2","33.9","24.3","26.4","25.0","28.9","22.0","0.0","0.0","14.5","7.2","4.9","3.7","21.65","19.24","0.0","85.5","90.9","81.2","6.3","5.6","7.8","0.0","0.0","0.0","8.0","9.1","2.4"
"20220709","堡林","巢备","27.0","31.9","23.6","25.8","24.9","28.9","21.9","0.0","4.2","13.4","5.9","4.7","4.0","18.49","17.77","0.0","88.1","94.4","80.6","6.3","7.5","7.7","0.0","0.0","0.0","5.7","6.6","2.4"
"20220708","堡林","巢备","26.6","30.0","24.4","25.6","24.8","28.9","21.8","4.8","0.9","10.2","2.0","0.8","4.3","9.62","11.66","0.0","96.5","96.9","80.2","6.6","9.5","7.6","0.0","0.0","0.0","5.9","5.8","2.4"
"20220707","堡林","巢备","28.8","33.0","26.0","25.2","24.7","28.9","21.6","4.9","17.9","9.8","6.2","0.1","4.2","18.66","7.0","0.0","88.1","99.0","80.4","6.5","10.0","7.6","0.0","0.0","0.0","9.9","7.6","2.3"
"20220706","堡林","巢备","29.1","34.5","25.0","23.1","24.5","28.7","21.5","0.0","119.5","9.6","9.4","0.0","4.1","23.23","3.27","0.0","84.0","99.0","80.8","7.1","10.0","7.7","0.0","0.0","0.0","8.6","4.5","2.3"
"20220705","堡林","巢备","27.4","32.0","25.2","21.9","24.4","28.5","21.5","7.3","29.1","11.3","3.2","0.0","3.9","16.95","5.21","0.0","93.1","98.6","81.5","8.1","10.0","7.8","0.0","0.0","0.0","4.2","5.6","2.4"
"20220704","堡林","巢备","27.2","31.5","24.1","23.1","24.4","28.3","21.5","2.1","1.6","10.7","3.1","0.1","3.4","15.14","8.93","0.0","91.0","96.6","82.1","7.9","9.6","8.1","0.0","0.0","0.0","5.0","14.6","2.4"
"20220703","堡林","巢备","28.9","33.7","24.9","23.7","24.3","28.1","21.4","0.0","27.0","13.3","6.6","0.3","3.3","19.43","5.56","0.0","74.5","93.9","82.5","5.8","9.0","8.2","0.0","0.0","0.0","6.0","10.2","2.4"
"20220702","堡林","巢备","28.5","34.8","22.8","26.1","24.1","27.9","21.4","0.0","0.0","11.8","11.1","4.0","3.1","25.54","17.21","0.0","76.6","81.8","82.6","3.6","7.1","8.4","0.0","0.0","0.0","4.5","7.2","2.4"
"20220701","堡林","巢备","28.2","33.3","23.9","25.7","24.1","27.9","21.2","0.0","0.0","11.6","11.7","8.6","3.2","26.18","23.86","0.0","76.5","77.6","82.1","2.0","4.8","8.3","0.0","0.0","0.0","7.9","8.8","2.4"
"20220630","堡林","巢备","27.1","30.2","24.5","23.9","24.0","27.9","21.0","1.7","3.0","10.9","4.0","2.4","3.4","15.13","16.01","0.0","93.4","84.6","81.4","7.3","7.0","8.0","0.0","0.0","0.0","7.4","4.4","2.3"
"20220629","堡林","巢备","26.5","29.8","24.7","23.2","23.8","27.9","20.8","8.5","1.1","11.2","1.6","3.8","3.7","12.99","18.5","0.0","98.1","88.3","80.7","9.9","6.9","7.8","0.0","0.0","0.0","11.3","5.9","2.3"
"20220628","堡林","巢备","27.7","30.6","25.8","22.8","23.7","27.9","20.6","0.0","18.8","9.1","2.2","5.0","3.8","12.84","15.34","0.0","87.0","91.3","79.9","8.8","5.4","7.7","0.0","0.0","0.0","11.3","8.5","2.3"
"20220627","堡林","巢备","27.3","29.4","25.1","24.7","23.6","27.9","20.3","0.9","0.9","9.8","0.5","7.4","4.1","10.5","19.62","0.0","92.6","76.4","78.7","8.3","5.1","7.5","0.0","0.0","0.0","13.0","5.7","2.3"
"20220626","堡林","巢备","27.3","31.1","24.8","23.9","23.3","27.7","20.0","0.0","0.3","10.4","4.0","3.6","4.0","15.73","17.02","0.0","91.4","79.3","78.0","7.4","8.1","7.5","0.0","0.0","0.0","11.3","6.4","2.2"
"20220625","堡林","巢备","26.5","30.4","23.5","23.4","23.2","27.6","19.9","0.0","6.4","9.4","5.1","4.7","4.0","19.45","18.37","0.0","91.3","81.1","77.1","5.9","6.8","7.5","0.0","0.0","0.0","9.5","5.4","2.2"
"20220624","堡林","巢备","24.6","28.3","22.5","23.0","23.1","27.6","19.7","27.2","0.0","8.7","3.0","3.9","4.3","13.61","16.34","0.0","95.1","79.6","76.2","7.8","7.1","7.4","0.0","0.0","0.0","12.6","4.9","2.2"
"20220623","堡林","巢备","25.5","29.2","23.3","23.0","23.3","27.9","19.7","28.7","0.2","7.6","1.4","4.1","4.8","9.89","15.77","0.0","96.0","81.1","74.9","8.9","6.8","7.2","0.0","0.0","0.0","10.6","8.5","2.1"
"20220622","堡林","巢备","27.0","33.5","21.5","24.3","23.3","28.1","19.6","0.0","0.0","6.3","12.1","9.5","5.2","28.66","25.03","0.0","80.0","70.0","74.8","3.0","3.6","6.9","0.0","0.0","0.0","6.4","6.9","2.1"
"20220621","堡林","巢备","26.7","33.7","23.2","25.1","23.3","28.4","19.5","0.0","0.0","4.8","7.4","12.7","5.6","23.26","30.89","0.0","85.5","55.4","74.2","6.5","1.9","6.6","0.0","0.0","0.0","6.3","6.0","2.0"
"20220620","堡林","巢备","26.3","33.6","22.4","24.0","23.3","28.4","19.4","24.3","0.0","5.4","11.2","10.4","5.7","27.24","27.47","0.0","85.0","64.8","73.9","6.0","5.8","6.5","0.0","0.0","0.0","10.7","7.2","2.0"
"20220619","堡林","巢备","25.7","31.6","21.4","23.1","23.3","28.5","19.3","0.0","0.0","4.9","6.4","8.8","5.9","21.35","24.58","0.0","85.1","80.0","73.0","6.5","4.6","6.4","0.0","0.0","0.0","4.8","4.1","2.0"
"20220618","堡林","巢备","24.9","29.7","21.9","21.3","23.1","28.5","18.9","1.3","4.1","4.3","9.2","0.0","5.9","25.93","0.0","0.0","82.6","97.4","71.9","5.0","9.6","6.2","0.0","0.0","0.0","8.5","3.9","2.0"
"20220617","堡林","巢备","23.8","29.2","19.6","22.4","23.0","28.5","18.8","3.3","0.9","3.8","3.2","2.5","6.1","17.86","10.65","0.0","86.6","82.9","70.8","6.8","8.6","6.1","0.0","0.0","0.0","7.1","3.5","2.0"
"20220616","堡林","巢备","23.3","28.1","19.1","23.4","22.9","28.3","18.6","0.0","0.0","3.8","7.2","8.5","6.1","23.57","24.6","0.0","72.6","76.9","70.4","4.8","7.1","6.0","0.0","0.0","0.0","5.9","8.8","2.0"
"20220615","堡林","巢备","21.3","27.0","17.1","20.9","22.8","28.3","18.4","2.1","21.2","3.2","5.2","0.0","6.3","17.25","5.95","0.0","88.5","93.8","69.7","6.5","9.6","5.9","0.0","0.0","0.0","9.9","10.1","2.0"
"20220614","堡林","巢备","18.8","21.3","17.1","23.4","22.6","28.2","18.3","1.1","0.0","3.0","0.0","4.5","6.3","10.6","20.03","0.0","91.6","82.3","69.8","8.4","7.5","5.8","0.0","0.0","0.0","7.5","7.3","2.0"
"20220613","堡林","巢备","22.0","26.1","19.3","23.9","22.5","27.9","18.3","0.0","0.0","3.2","0.7","7.4","6.0","12.59","25.61","0.0","71.0","83.8","70.5","9.4","6.0","6.0","0.0","0.0","0.0","5.9","6.3","2.0"
"20220612","堡林","巢备","22.6","27.3","19.1","25.1","22.5","27.8","18.3","0.1","0.0","4.3","5.5","8.1","5.9","16.49","21.84","0.0","85.6","83.4","70.9","5.8","7.4","6.2","0.0","0.0","0.0","7.3","7.6","2.1"
"20220611","堡林","巢备","23.0","31.1","18.6","24.3","22.5","27.9","18.3","0.0","27.4","4.1","8.1","6.6","6.1","25.65","23.36","0.0","77.6","84.4","70.4","4.3","7.0","6.3","0.0","0.0","0.0","9.5","9.1","2.1"
"20220610","堡林","巢备","22.4","27.6","16.9","23.6","22.3","27.7","18.2","0.0","9.7","3.6","5.9","2.2","5.9","20.67","11.99","0.0","72.3","70.8","70.7","5.5","9.3","6.4","0.0","0.0","0.0","6.4","11.3","2.1"
"20220609","堡林","巢备","21.6","28.0","16.1","26.0","22.3","27.7","18.0","0.0","0.0","3.1","10.1","12.2","5.9","26.03","28.61","0.0","77.0","61.5","70.4","4.4","3.3","6.3","0.0","0.0","0.0","7.1","7.6","2.0"
"20220608","堡林","巢备","19.5","24.0","15.8","25.5","22.2","27.8","17.9","3.2","0.0","3.1","2.2","11.7","6.2","13.13","28.42","0.0","85.3","57.5","69.8","7.6","3.8","6.2","0.0","0.0","0.0","6.5","5.3","2.0"
"20220607","堡林","巢备","19.1","23.7","16.1","24.1","22.1","27.9","17.6","7.1","0.0","2.1","2.5","10.6","6.5","16.61","25.55","0.0","87.9","56.3","68.7","8.6","4.1","5.9","0.0","0.0","0.0","7.4","5.1","1.9"
"20220606","堡林","巢备","20.2","25.1","16.6","22.8","22.0","27.8","17.4","0.0","0.0","1.6","4.7","10.6","6.7","17.01","25.15","0.0","86.8","61.6","67.8","7.0","1.6","5.7","0.0","0.0","0.0","4.8","8.1","1.8"
"20220605","堡林","巢备","18.3","22.8","16.8","20.9","21.9","27.9","17.2","22.2","0.0","1.6","0.0","9.0","7.0","4.77","22.66","0.0","94.0","81.1","66.6","9.9","2.9","5.5","0.0","0.0","0.0","8.2","7.8","1.9"
"20220604","堡林","巢备","24.7","30.4","18.2","20.0","21.8","27.8","16.9","0.0","1.4","2.8","8.7","11.1","7.1","24.63","29.77","0.0","49.6","67.1","65.8","7.1","4.6","5.4","0.0","0.0","0.0","8.3","6.8","1.9"
"20220603","堡林","巢备","24.8","34.1","18.9","19.8","21.6","27.6","16.6","0.0","22.7","3.1","11.0","0.0","7.2","28.19","5.13","0.0","64.4","92.6","65.1","1.5","9.5","5.3","0.0","0.0","0.0","7.3","7.4","2.0"
"20220602","堡林","巢备","22.7","30.5","16.7","23.4","21.3","27.3","16.2","0.0","0.0","3.1","11.5","7.5","7.5","29.27","21.53","0.0","75.0","61.0","64.4","1.8","6.6","5.1","0.0","0.0","0.0","4.9","8.0","2.0"
"20220601","堡林","巢备","23.6","32.4","17.4","23.5","21.0","27.0","16.0","0.0","0.0","3.4","11.4","11.8","7.4","29.83","27.42","0.0","45.3","51.3","64.5","4.1","4.0","5.2","0.0","0.0","0.0","7.5","5.1","2.0"
"20220531","堡林","巢备","22.1","30.3","14.8","23.7","21.0","27.2","15.7","0.0","0.0","3.2","13.0","11.2","7.6","30.61","28.51","0.0","47.9","43.0","64.0","1.6","3.0","5.0","0.0","0.0","0.0","7.2","5.6","2.0"
"20220530","堡林","巢备","19.8","21.8","17.6","22.1","20.8","27.0","15.5","0.0","0.0","2.6","0.0","12.4","7.6","6.58","29.57","0.0","92.0","49.1","63.8","9.0","2.4","4.9","0.0","0.0","0.0","4.7","7.8","2.0"
"20220529","堡林","巢备","22.0","29.3","16.0","19.4","20.6","26.7","15.2","0.0","0.0","2.3","11.0","12.8","7.7","28.96","29.2","0.0","67.4","68.8","63.5","5.5","1.1","4.9","0.0","0.0","0.0","11.2","4.9","2.0"
"20220528","堡林","巢备","22.3","29.7","16.7","17.9","20.4","26.5","15.2","0.0","10.0","2.6","8.5","9.2","7.3","23.31","19.25","0.0","61.1","80.6","63.5","6.0","4.1","5.1","0.0","0.0","0.0","6.8","13.6","2.0"
"20220527","堡林","巢备","20.8","27.9","15.0","16.8","20.4","26.5","15.1","0.0","0.0","2.0","12.9","5.4","7.4","30.14","14.99","0.0","66.0","84.9","63.5","0.0","5.9","5.1","0.0","0.0","0.0","7.9","7.4","2.0"
"20220526","堡林","巢备","20.5","27.3","15.5","18.3","20.1","26.0","15.0","0.4","0.0","2.5","12.3","2.5","7.1","30.0","15.72","0.0","58.3","59.8","64.0","3.5","10.0","5.2","0.0","0.0","0.0","6.0","10.4","2.1"
"20220525","堡林","巢备","22.3","30.9","16.6","17.6","20.1","26.0","14.9","0.0","0.0","2.0","11.4","8.7","7.5","26.47","24.88","0.0","62.3","62.1","63.9","4.0","5.4","5.1","0.0","0.0","0.0","6.7","10.2","2.2"
"20220524","堡林","巢备","22.9","31.9","15.7","19.9","20.1","26.1","14.8","0.0","0.4","1.7","12.9","8.9","7.7","28.78","25.07","0.0","52.8","68.9","63.8","0.0","5.0","4.9","0.0","0.0","0.0","6.9","6.5","2.2"
"20220523","堡林","巢备","22.6","30.3","16.8","22.0","20.0","26.1","14.6","0.0","0.0","1.9","10.9","9.5","7.9","25.15","25.99","0.0","61.0","66.4","63.6","4.0","5.9","4.8","0.0","0.0","0.0","6.1","6.5","2.1"
"20220522","堡林","巢备","21.8","29.6","15.1","19.3","19.8","26.0","14.3","0.0","0.0","2.0","12.0","13.0","8.1","28.17","29.55","0.0","70.5","67.3","63.2","0.5","1.5","4.6","0.0","0.0","0.0","7.2","6.0","2.2"
"20220521","堡林","巢备","20.7","27.7","14.6","16.4","19.6","25.8","14.1","0.0","0.2","2.0","13.0","6.4","8.2","29.2","19.07","0.0","69.6","82.1","63.4","0.3","6.5","4.6","0.0","0.0","0.0","5.6","9.7","2.2"
"20220520","堡林","巢备","20.2","26.6","16.7","16.5","19.3","25.5","13.8","0.0","11.2","2.7","3.6","0.0","7.8","18.0","5.17","0.0","60.1","93.4","64.1","8.3","9.9","4.7","0.0","0.0","0.0","6.6","9.1","2.2"
"20220519","堡林","巢备","20.7","26.1","15.9","21.2","18.9","25.0","13.6","0.0","0.0","2.9","5.1","8.4","7.6","18.85","26.71","0.0","41.3","63.3","64.6","7.8","6.4","4.8","0.0","0.0","0.0","7.2","5.5","2.2"
"20220518","堡林","巢备","21.6","28.9","15.1","18.1","18.7","24.6","13.6","0.0","0.0","3.0","12.8","6.1","7.3","27.98","20.51","0.0","43.6","82.1","65.6","0.9","7.5","5.1","0.0","0.0","0.0","9.4","5.6","2.2"
"20220517","堡林","巢备","19.9","28.2","11.5","15.9","18.6","24.4","13.6","0.0","1.4","3.4","12.7","0.0","6.8","28.28","6.29","0.0","51.5","98.1","66.8","0.8","8.4","5.5","0.0","0.0","0.0","8.8","5.8","2.2"
"20220516","堡林","巢备","17.4","25.0","10.0","20.8","18.5","24.4","13.5","0.0","59.6","3.2","12.8","0.1","6.9","29.77","5.31","0.0","40.9","99.0","66.4","1.4","10.0","5.5","0.0","0.0","0.0","7.5","8.9","2.1"
"20220515","堡林","巢备","16.0","21.7","11.7","21.6","18.4","24.3","13.3","0.0","30.2","2.7","12.0","0.0","7.0","29.78","6.27","0.0","38.9","96.1","65.9","5.4","10.0","5.4","0.0","0.0","0.0","7.6","9.6","2.1"
"20220514","堡林","巢备","16.4","22.7","11.7","23.0","18.2","23.9","13.1","0.0","0.0","2.9","10.8","6.0","6.9","28.25","20.85","0.0","41.5","66.8","66.9","4.4","8.5","5.4","0.0","0.0","0.0","7.8","7.8","2.1"
"20220513","堡林","巢备","17.9","20.7","14.7","22.5","17.9","23.8","12.8","0.0","0.0","3.7","0.2","11.7","7.0","7.13","27.09","0.0","68.9","62.8","66.6","8.1","2.8","5.3","0.0","0.0","0.0","5.8","7.0","2.1"
"20220512","堡林","巢备","21.1","26.3","17.8","22.2","17.6","23.5","12.5","0.0","0.0","4.2","1.7","8.7","7.2","14.51","23.31","0.0","63.9","48.5","66.5","8.9","4.9","5.1","0.0","0.0","0.0","5.5","6.6","2.1"
"20220511","堡林","巢备","20.8","25.7","16.4","19.4","17.4","23.3","12.3","0.0","0.0","4.5","5.0","0.5","7.0","20.43","13.85","0.0","58.6","55.8","66.3","8.3","9.3","5.2","0.0","0.0","0.0","4.8","7.5","2.2"
"20220510","堡林","巢备","18.4","24.8","13.0","18.3","17.4","23.4","12.4","0.0","0.0","4.4","5.4","0.3","6.9","22.45","11.37","0.0","57.1","39.8","65.7","8.6","9.5","5.3","0.0","0.0","0.0","8.8","8.0","2.2"
"20220509","堡林","巢备","17.3","22.1","14.7","17.5","17.5","23.6","12.3","0.0","0.0","4.6","1.6","12.3","7.0","13.1","29.04","0.0","72.5","43.8","64.7","7.8","1.6","5.2","0.0","0.0","0.0","5.4","7.4","2.2"
"20220508","堡林","巢备","17.4","23.7","12.0","16.2","17.5","23.5","12.2","0.0","0.0","4.4","10.3","11.0","6.7","25.56","27.0","0.0","56.8","58.9","64.6","6.5","3.3","5.3","0.0","0.0","0.0","8.0","11.0","2.2"
"20220507","堡林","巢备","18.2","24.4","13.4","16.3","17.6","23.7","12.1","0.0","0.0","3.6","11.5","6.8","6.9","25.29","14.29","0.0","66.1","49.9","63.1","2.3","4.8","5.1","0.0","0.0","0.0","7.6","10.9","2.2"
"20220506","堡林","巢备","20.7","27.6","14.3","16.0","17.6","23.8","12.0","0.0","0.0","3.2","12.2","8.4","7.4","28.53","22.42","0.0","64.6","43.6","62.4","0.9","6.1","4.8","0.0","0.0","0.0","5.9","7.0","2.3"
"20220505","堡林","巢备","19.0","26.6","10.9","15.0","17.4","23.6","11.8","0.0","0.0","3.8","12.8","12.2","7.3","29.73","29.19","0.0","62.6","57.1","63.0","0.0","2.9","4.7","0.0","0.0","0.0","5.9","8.9","2.3"
"20220504","堡林","巢备","17.0","26.1","8.6","17.4","17.3","23.6","11.7","0.0","13.6","3.4","12.8","0.0","7.4","28.87","7.68","0.0","55.4","87.1","63.0","0.0","9.8","4.8","0.0","0.0","0.0","5.5","10.6","2.3"
"20220503","堡林","巢备","14.4","22.5","6.9","15.6","17.2","23.6","11.7","0.0","0.0","2.7","12.8","10.5","7.5","29.51","28.3","0.0","50.4","61.9","63.3","0.0","2.9","4.7","0.0","0.0","0.0","5.1","7.7","2.3"
"20220502","堡林","巢备","13.9","22.2","8.9","12.3","17.2","23.5","11.8","0.0","0.0","2.8","12.0","7.0","7.3","27.77","20.18","0.0","52.8","69.5","64.4","2.6","3.9","4.9","0.0","0.0","0.0","6.1","5.1","2.4"
"20220501","堡林","巢备","13.6","19.4","8.2","10.6","17.0","23.1","11.6","0.0","12.8","3.7","11.9","2.8","6.8","29.33","11.22","0.0","54.5","78.8","65.6","2.3","7.6","5.1","0.0","0.0","0.0","6.0","8.0","2.4"
"20220430","堡林","巢备","13.4","16.8","11.1","14.7","16.7","23.0","11.2","0.0","0.3","3.3","2.7","9.4","7.1","13.17","27.07","0.0","74.3","59.8","64.7","8.4","6.1","5.0","0.0","0.0","0.0","5.4","9.8","2.4"
"20220429","堡林","巢备","14.2","19.3","10.7","17.4","16.1","22.5","10.6","15.5","1.8","3.1","5.0","9.9","7.1","16.07","26.41","0.0","84.8","47.5","63.8","9.3","6.1","4.9","0.0","0.0","0.0","6.0","16.0","2.3"
"20220428","堡林","巢备","16.8","24.6","10.5","17.9","15.7","22.1","10.0","0.0","0.0","3.4","7.5","7.6","7.3","21.54","21.43","0.0","65.9","53.8","62.5","6.1","8.3","4.7","0.0","0.0","0.0","7.7","6.2","2.3"
"20220427","堡林","巢备","16.9","24.3","11.9","16.6","15.1","21.8","9.3","0.0","0.0","3.4","11.4","1.7","7.6","25.1","15.23","0.0","54.3","53.8","61.0","5.1","8.6","4.5","0.0","0.0","0.0","8.4","7.3","2.2"
"20220426","堡林","巢备","17.8","19.1","15.6","16.5","14.8","21.5","8.9","5.8","0.0","2.3","0.0","12.2","7.9","4.17","26.52","0.0","99.0","50.6","59.4","7.8","4.8","4.3","0.0","0.0","0.0","8.7","7.0","2.1"
"20220425","堡林","巢备","19.7","26.6","14.6","17.8","14.6","21.1","8.9","24.4","0.0","2.6","4.1","8.3","7.7","15.82","22.24","0.0","80.4","51.1","59.9","9.1","3.1","4.4","0.0","0.0","0.0","7.2","9.5","2.1"
"20220424","堡林","巢备","20.7","28.2","16.4","19.1","14.6","21.0","9.1","0.0","0.0","3.1","11.4","10.4","7.5","26.62","26.14","0.0","75.8","33.5","60.8","2.1","5.5","4.6","0.0","0.0","0.0","6.5","6.3","2.1"
"20220423","堡林","巢备","19.5","26.7","15.0","21.3","14.7","21.0","9.3","0.0","0.0","3.3","6.0","6.1","7.3","19.26","21.81","0.0","75.0","28.4","61.3","7.9","7.6","4.8","0.0","0.0","0.0","8.5","9.5","2.2"
"20220422","堡林","巢备","17.6","25.7","10.2","19.7","14.7","20.8","9.5","0.0","0.0","3.2","11.3","0.3","6.9","25.96","10.47","0.0","74.4","36.5","62.2","3.4","9.5","5.0","0.0","0.0","0.0","9.3","8.0","2.2"
"20220421","堡林","巢备","15.4","20.6","11.5","19.2","14.7","20.8","9.4","0.0","0.0","3.7","4.1","6.3","6.7","12.44","19.37","0.0","53.4","37.9","63.0","4.9","8.1","5.2","0.0","0.0","0.0","5.2","6.8","2.3"
"20220420","堡林","巢备","16.3","25.1","8.3","15.9","14.6","20.8","9.3","0.0","0.0","3.5","12.2","12.0","6.6","27.85","27.0","0.0","40.6","48.9","62.8","0.5","1.9","5.2","0.0","0.0","0.0","7.8","5.2","2.4"
"20220419","堡林","巢备","16.3","25.7","9.4","12.8","14.5","20.9","9.0","0.0","0.0","4.1","12.0","12.3","6.7","27.48","28.14","0.0","30.9","53.4","62.1","1.6","0.4","5.0","0.0","0.0","0.0","6.9","6.7","2.4"
"20220418","堡林","巢备","16.4","23.0","10.1","11.0","14.2","20.9","8.5","0.0","0.0","3.7","8.9","12.0","7.1","21.97","27.94","0.0","30.9","49.4","60.9","7.6","0.9","4.7","0.0","0.0","0.0","6.5","11.5","2.3"
"20220417","堡林","巢备","13.8","21.8","5.7","11.3","14.0","20.9","8.0","0.0","0.0","3.3","11.9","9.7","7.4","27.92","25.17","0.0","38.5","55.6","59.5","3.1","2.8","4.5","0.0","0.0","0.0","8.3","12.4","2.3"
"20220416","堡林","巢备","13.3","20.7","7.1","13.1","13.6","20.6","7.6","0.0","0.0","3.0","11.6","0.2","7.6","27.03","10.87","0.0","45.5","67.5","58.7","2.1","9.0","4.4","0.0","0.0","0.0","8.6","6.6","2.2"
"20220415","堡林","巢备","14.4","20.6","10.4","11.8","13.2","20.1","7.2","0.0","0.0","2.8","11.8","11.2","7.6","26.98","24.84","0.0","57.6","36.6","58.0","3.8","3.4","4.3","0.0","0.0","0.0","8.3","7.1","2.2"
"20220414","堡林","巢备","15.4","20.0","11.9","9.4","12.8","19.6","7.0","0.1","0.0","1.7","2.5","11.9","7.5","15.46","27.8","0.0","78.3","41.3","57.7","9.0","2.0","4.4","0.0","0.0","0.0","7.3","9.3","2.2"
"20220413","堡林","巢备","17.9","22.3","14.0","10.0","12.5","19.1","6.9","2.4","0.3","1.7","0.0","6.8","7.1","7.47","17.96","0.0","94.0","76.4","58.7","9.4","6.1","4.7","0.0","0.0","0.0","8.4","8.3","2.2"
"20220412","堡林","巢备","21.1","29.2","15.0","13.9","12.4","18.7","7.1","0.0","16.9","2.0","9.2","0.0","6.6","23.97","4.33","0.0","79.5","78.3","59.7","5.0","10.0","5.0","0.0","0.0","0.0","6.7","9.6","2.2"
"20220411","堡林","巢备","20.5","28.0","14.7","15.6","12.4","18.6","7.2","0.0","0.0","2.4","9.7","11.1","6.4","21.81","26.0","0.0","77.4","38.9","59.8","3.1","2.4","5.1","0.0","0.0","0.0","9.2","7.8","2.2"
"20220410","堡林","巢备","18.7","27.1","11.3","13.6","12.5","18.9","7.2","0.0","0.0","2.2","9.7","11.6","6.7","23.91","23.83","0.0","52.1","54.9","59.2","4.9","2.1","5.1","0.0","0.0","0.0","8.4","6.8","2.2"
"20220409","堡林","巢备","17.8","25.3","11.2","13.3","12.4","18.8","7.1","0.0","0.0","2.3","11.4","11.7","6.8","25.0","24.85","0.0","38.4","41.0","60.2","1.0","2.6","5.0","0.0","0.0","0.0","9.8","7.5","2.1"
"20220408","堡林","巢备","14.8","25.1","5.9","12.9","12.2","18.5","6.8","0.0","0.0","3.0","11.7","10.8","6.6","26.23","26.36","0.0","40.3","40.9","60.5","0.4","2.5","5.1","0.0","0.0","0.0","6.7","7.0","2.1"
"20220407","堡林","巢备","12.2","19.5","6.8","14.1","12.1","18.6","6.5","1.2","0.0","3.1","8.2","11.6","7.0","22.65","26.05","0.0","60.6","44.0","60.0","2.8","1.0","4.8","0.0","0.0","0.0","6.6","6.6","2.0"
"20220406","堡林","巢备","12.5","21.9","5.9","12.4","11.7","18.3","6.1","0.0","0.0","2.8","11.3","7.7","7.2","24.12","22.13","0.0","56.5","52.4","59.8","0.0","2.8","4.6","0.0","0.0","0.0","6.0","6.6","2.0"
"20220405","堡林","巢备","11.0","19.3","3.4","12.4","11.4","17.9","5.9","0.0","0.0","2.8","8.6","11.6","7.1","20.45","26.75","0.0","39.9","56.3","59.8","5.6","0.0","4.5","0.0","0.0","0.0","6.7","6.6","2.0"
"20220404","堡林","巢备","11.1","20.0","4.3","11.0","11.2","17.7","5.6","0.0","3.3","2.7","11.6","0.0","7.3","26.06","3.6","0.0","44.9","97.9","58.5","0.5","9.6","4.4","0.0","0.0","0.0","6.5","4.5","2.1"
"20220403","堡林","巢备","9.7","18.2","2.1","16.8","11.0","17.7","5.5","0.0","11.6","2.2","11.6","0.0","7.5","25.57","3.49","0.0","47.6","87.8","57.1","0.8","10.0","4.1","0.0","0.0","0.0","6.4","10.2","2.1"
"20220402","堡林","巢备","8.4","16.2","3.1","18.7","10.7","17.3","5.3","0.0","0.0","2.0","11.6","3.8","7.3","26.1","13.43","0.0","53.6","44.3","57.5","0.0","8.0","4.2","0.0","0.0","0.0","5.8","7.2","2.1"
"20220401","堡林","巢备","10.0","16.0","5.2","16.7","10.5","17.1","5.2","0.0","0.0","1.8","7.9","2.2","7.3","19.12","15.06","0.0","65.8","36.6","57.9","4.3","8.1","4.2","0.0","0.0","0.0","8.0","8.7","2.1"
"20220331","堡林","巢备","10.8","14.1","7.5","15.3","10.4","16.9","5.1","0.0","0.0","1.9","0.5","9.0","7.1","10.9","21.86","0.0","84.9","43.6","58.3","8.6","5.4","4.5","0.0","0.0","0.0","5.6","4.4","2.2"
"20220330","堡林","巢备","14.9","21.6","7.9","14.0","10.2","16.7","4.9","0.0","0.0","1.6","3.4","8.5","6.8","13.86","22.3","0.0","77.0","33.0","58.3","7.1","2.8","4.7","0.0","0.0","0.0","7.0","7.4","2.1"
"20220329","堡林","巢备","11.9","20.0","4.6","13.1","10.0","16.5","4.6","0.0","0.0","1.1","11.4","7.0","6.9","24.71","18.87","0.0","55.5","53.0","58.6","0.0","5.1","4.7","0.0","0.0","0.0","5.1","6.5","2.1"
"20220328","堡林","巢备","9.4","16.4","3.2","12.4","9.7","16.2","4.3","0.0","0.5","1.4","9.6","5.0","7.0","20.53","13.85","0.0","41.5","85.6","58.6","3.3","6.8","4.7","0.0","0.0","0.0","6.0","8.4","2.1"
"20220327","堡林","巢备","8.9","18.1","4.2","14.7","9.3","15.6","4.0","0.0","38.5","1.4","9.7","0.0","6.9","21.2","4.23","0.0","61.9","83.6","58.8","5.4","9.4","4.8","0.0","0.0","0.0","7.5","9.0","2.1"
"20220326","堡林","巢备","10.5","16.2","6.8","14.8","8.9","15.0","3.6","37.2","0.0","1.5","0.0","10.9","6.8","3.55","21.84","0.0","96.9","46.9","59.1","9.6","3.6","4.8","0.0","0.0","0.0","10.9","7.2","2.0"
"20220325","堡林","巢备","14.6","17.7","8.6","13.3","8.6","14.6","3.5","27.5","0.0","1.7","1.3","11.2","6.9","10.62","23.73","0.0","76.8","59.9","59.1","8.5","0.3","4.7","0.0","0.0","0.0","14.2","5.4","2.0"
"20220324","堡林","巢备","9.8","18.0","2.2","11.8","8.2","14.1","3.4","0.0","0.0","2.1","9.7","5.7","6.8","21.72","15.14","0.0","60.4","56.3","59.7","1.0","5.4","4.8","0.0","0.0","0.0","7.4","6.0","2.0"
"20220323","堡林","巢备","7.4","13.1","4.7","10.1","8.1","14.0","3.3","0.0","0.0","2.2","4.2","11.0","6.6","13.34","22.66","0.0","62.6","61.4","60.1","5.8","0.0","4.8","0.0","0.0","0.0","5.2","9.5","2.1"
"20220322","堡林","巢备","8.2","13.3","3.8","7.5","8.3","14.3","3.3","0.0","0.0","2.2","8.7","10.9","6.5","20.5","23.98","0.0","47.4","47.8","60.0","7.4","1.3","4.8","0.0","0.0","0.0","7.4","9.4","2.2"
"20220321","堡林","巢备","7.4","13.3","1.4","6.8","8.6","14.8","3.4","0.0","0.0","2.4","5.7","6.6","6.6","16.04","17.19","0.0","51.1","63.0","60.3","7.9","8.8","4.7","0.0","0.0","0.0","4.5","11.8","2.3"
"20220320","堡林","巢备","5.2","8.8","3.0","9.7","8.7","14.8","3.4","0.0","11.1","2.8","0.2","0.0","6.4","8.83","3.75","0.0","82.1","94.6","61.3","8.1","10.0","4.7","0.0","0.0","0.0","5.5","5.5","2.3"
"20220319","堡林","巢备","5.3","7.4","3.6","13.9","8.7","15.0","3.2","10.0","0.0","2.8","0.1","7.5","6.4","4.17","18.9","0.0","88.5","60.3","61.3","9.4","7.4","4.8","0.0","0.0","0.0","8.7","6.2","2.2"
"20220318","堡林","巢备","8.5","10.8","7.3","11.7","8.5","14.8","3.2","4.6","0.0","2.8","0.0","10.7","6.2","5.11","21.93","0.0","96.6","62.4","62.0","9.6","2.1","4.9","0.0","0.0","0.0","6.8","6.2","2.2"
"20220317","堡林","巢备","11.3","14.8","8.4","9.7","8.3","14.4","3.0","5.6","0.0","3.3","0.0","9.3","6.2","3.93","21.09","0.0","80.1","53.6","62.5","10.0","1.8","5.0","0.0","0.0","0.0","6.7","6.8","2.2"
"20220316","堡林","巢备","13.3","22.2","5.8","11.3","7.9","13.9","2.8","0.0","3.5","3.3","9.2","10.3","6.1","21.25","21.36","0.0","59.0","64.8","62.1","3.1","3.8","5.0","0.0","0.0","0.0","4.0","6.9","2.2"
"20220315","堡林","巢备","10.3","20.6","3.2","12.3","7.6","13.9","2.4","0.0","2.4","2.8","9.8","7.7","6.3","21.46","17.43","0.0","72.3","69.3","61.1","3.1","5.8","4.9","0.0","0.0","0.0","7.4","8.3","2.1"
"20220314","堡林","巢备","11.9","15.9","6.4","9.8","7.3","13.6","2.1","1.0","0.0","2.6","0.0","9.9","6.5","4.5","20.73","0.0","97.5","67.5","59.5","8.8","0.4","4.7","0.0","0.0","0.0","7.6","6.2","2.1"
"20220313","堡林","巢备","15.2","17.3","13.7","9.6","6.9","13.3","1.6","16.4","0.0","2.2","0.0","10.5","6.9","2.18","20.62","0.0","95.1","74.8","57.8","9.4","0.6","4.5","0.0","0.0","0.0","8.8","5.9","2.1"
"20220312","堡林","巢备","17.1","22.8","12.2","9.2","6.6","12.8","1.4","0.0","16.2","1.7","6.2","0.0","7.0","15.4","6.05","0.0","75.9","93.9","57.5","7.3","8.0","4.4","0.0","0.0","0.0","12.6","8.1","2.1"
"20220311","堡林","巢备","14.6","19.9","9.3","11.8","6.4","12.6","1.2","0.0","1.6","1.3","2.8","7.7","6.8","11.02","17.85","0.0","70.6","58.5","57.3","6.6","7.9","4.4","0.0","0.0","0.0","6.5","4.9","2.1"
"20220310","堡林","巢备","11.3","19.4","3.1","10.6","6.1","12.3","1.0","0.0","0.0","1.3","9.0","10.4","6.7","17.37","20.71","0.0","50.3","45.1","57.8","4.8","0.0","4.4","0.0","0.0","0.0","5.4","8.0","2.1"
"20220309","堡林","巢备","9.5","18.9","1.8","8.6","5.9","11.7","1.1","0.0","0.0","1.4","10.7","8.1","6.3","21.15","18.48","0.0","53.4","48.6","59.8","0.0","5.5","4.5","0.0","0.0","0.0","4.8","6.6","2.1"
"20220308","堡林","巢备","7.2","16.3","-0.5","8.6","5.9","11.6","1.1","0.0","0.0","1.7","10.6","8.8","6.1","20.64","19.79","0.0","52.4","66.1","61.5","1.5","4.6","4.7","0.0","0.0","0.0","5.4","5.6","2.1"
"20220307","堡林","巢备","4.8","13.2","-0.9","8.7","5.9","11.7","1.1","0.0","0.0","2.0","8.4","3.0","5.8","17.42","12.78","0.0","43.6","69.9","62.4","4.9","7.6","4.9","0.0","0.0","0.0","5.7","3.9","2.1"
"20220306","堡林","巢备","3.3","9.1","0.1","10.4","5.8","11.5","1.0","0.0","0.0","2.3","0.0","6.5","5.8","0.0","14.83","0.0","40.1","67.6","63.2","2.6","7.0","5.0","0.0","0.0","0.0","7.7","6.9","2.1"
"20220305","堡林","巢备","5.2","9.6","1.7","10.7","5.7","11.3","1.0","0.0","0.0","2.2","7.4","8.7","5.7","17.12","19.82","0.0","50.4","71.5","63.5","0.1","3.8","5.0","0.0","0.0","0.0","10.4","5.6","2.1"
"20220304","堡林","巢备","10.5","17.3","5.9","6.9","5.5","11.3","0.7","0.0","8.9","2.0","7.1","0.0","6.0","16.42","5.31","0.0","67.5","85.8","62.7","4.9","9.5","4.9","0.0","0.0","0.0","11.5","5.2","2.0"
"20220303","堡林","巢备","6.7","14.7","-0.3","6.2","5.4","11.1","0.6","0.0","0.0","1.9","10.1","8.7","6.1","18.71","18.39","0.0","67.0","64.9","62.3","0.0","4.5","4.9","0.0","0.0","0.0","6.3","5.2","2.0"
"20220302","堡林","巢备","4.1","10.0","-0.4","4.7","5.3","11.0","0.6","0.0","0.0","1.8","10.6","6.9","5.9","20.29","15.61","0.0","55.0","74.8","62.3","0.8","5.1","5.1","0.0","0.0","0.0","6.4","7.8","2.0"
"20220301","堡林","巢备","7.1","13.0","2.5","11.5","5.3","11.0","0.6","2.9","39.7","1.8","2.9","0.0","6.1","10.26","3.51","0.0","85.3","95.9","62.0","7.3","9.4","4.9","0.0","0.0","0.0","6.5","10.0","1.9"
"20220228","堡林","巢备","7.6","16.5","-0.7","8.9","5.2","10.8","0.6","0.0","0.4","1.9","6.5","0.4","6.0","15.95","6.06","0.0","46.4","70.9","61.9","4.0","9.8","5.0","0.0","0.0","0.0","7.3","4.7","1.9"
"20220227","堡林","巢备","6.0","12.4","1.2","9.4","5.3","10.9","0.8","0.0","0.0","2.4","10.6","8.5","5.7","20.27","17.92","0.0","40.6","46.0","62.1","0.0","6.3","5.1","0.0","0.0","0.0","6.4","9.1","2.0"
"20220226","堡林","巢备","6.0","14.1","-0.4","9.7","5.3","10.9","0.5","0.0","0.0","2.2","8.2","7.3","5.8","17.29","15.45","0.0","71.4","59.1","60.9","4.8","8.3","5.0","0.0","0.0","0.0","11.4","12.9","2.0"
"20220225","堡林","巢备","3.3","11.4","-3.9","4.7","4.9","10.6","0.1","0.0","14.8","2.0","9.7","0.0","6.3","17.92","2.83","0.0","64.4","86.1","59.7","0.3","9.6","4.7","0.0","0.0","0.0","6.1","8.0","2.0"
"20220224","堡林","巢备","0.0","5.4","-4.8","3.9","4.6","10.3","-0.2","0.0","0.0","2.0","8.0","0.0","6.0","14.92","5.49","0.0","50.5","42.0","60.5","2.1","7.0","4.8","0.0","0.0","0.0","6.9","4.1","2.0"
"20220223","堡林","巢备","-2.0","2.8","-4.9","3.6","4.3","10.0","-0.5","0.0","0.0","2.3","8.0","9.4","6.1","17.24","16.24","0.0","43.8","38.5","59.9","4.3","2.8","4.6","0.0","0.0","0.0","7.8","5.7","2.1"
"20220222","堡林","巢备","0.2","4.2","-2.8","10.5","4.0","9.8","-1.0","0.0","0.0","1.7","8.9","9.9","6.6","17.34","16.61","0.0","50.5","62.1","59.7","5.1","0.0","4.2","0.0","0.0","0.0","7.8","8.5","2.1"
"20220221","堡林","巢备","1.0","7.6","-4.5","13.0","3.7","9.5","-1.1","0.0","0.0","1.9","7.5","10.2","6.6","15.28","17.9","0.0","60.1","65.0","59.9","4.1","0.0","4.2","0.0","0.0","0.0","9.4","10.8","2.1"
"20220220","堡林","巢备","-2.1","2.1","-4.0","10.6","3.5","9.2","-1.3","0.3","0.0","1.7","9.2","9.6","6.4","15.96","16.01","0.0","60.5","74.8","59.6","4.0","0.0","4.2","1.8","0.0","0.0","10.4","6.8","2.1"
"20220219","堡林","巢备","2.2","5.7","-1.3","3.8","3.2","8.7","-1.4","0.0","0.0","1.3","1.2","9.9","6.6","8.18","18.39","0.0","56.1","65.4","58.8","9.3","1.1","4.1","0.0","0.0","0.0","8.7","7.5","2.1"
"20220218","堡林","巢备","1.4","8.8","-6.4","-2.2","3.0","8.5","-1.6","0.0","0.2","1.2","9.0","6.1","6.6","17.03","9.52","0.0","50.0","69.1","59.2","6.0","8.6","4.3","0.0","1.7","0.0","5.5","9.3","2.1"
"20220217","堡林","巢备","-3.9","0.4","-7.8","-4.5","2.9","8.1","-1.4","0.0","1.5","1.3","9.9","1.6","6.1","18.93","6.82","0.0","56.5","83.4","59.5","2.8","9.6","4.6","0.0","5.9","0.0","8.8","9.7","2.1"
"20220216","堡林","巢备","-3.1","-0.8","-4.5","0.4","2.9","8.3","-1.4","1.1","0.9","1.3","3.6","7.0","6.0","9.63","13.96","0.0","83.0","60.5","60.1","7.4","4.5","4.7","2.2","1.9","0.0","9.1","11.2","2.0"
"20220215","堡林","巢备","-0.5","2.8","-3.1","3.9","3.1","8.4","-1.4","0.0","0.6","1.9","2.8","2.8","6.1","9.31","7.26","0.0","65.4","65.9","60.8","7.8","8.9","4.7","0.0","0.0","0.0","8.8","11.3","2.1"
"20220214","堡林","巢备","5.6","13.8","1.2","10.9","3.1","8.4","-1.4","0.0","0.0","2.1","8.5","1.0","6.0","14.13","7.98","0.0","59.4","55.1","61.0","2.9","9.1","4.6","0.0","0.0","0.0","7.5","3.9","2.0"
"20220213","堡林","巢备","7.8","13.1","3.9","10.6","3.0","8.4","-1.5","0.0","0.0","2.2","5.1","9.9","6.0","11.67","16.83","0.0","45.6","41.0","61.4","7.5","0.8","4.6","0.0","0.0","0.0","6.4","4.6","2.0"
"20220212","堡林","巢备","6.9","14.2","1.6","9.3","2.7","8.1","-1.8","0.0","0.0","1.9","9.5","8.8","6.0","16.31","15.04","0.0","43.0","47.0","61.9","3.5","6.1","4.5","0.0","0.0","0.0","6.6","3.3","1.9"
"20220211","堡林","巢备","4.8","12.1","-1.8","6.4","2.3","7.4","-2.0","0.0","0.0","1.8","9.7","2.1","6.0","16.2","10.21","0.0","45.0","63.6","62.5","2.8","8.5","4.5","0.0","0.0","0.0","5.6","4.5","1.9"
"20220210","堡林","巢备","4.2","9.2","1.1","4.0","1.9","6.8","-2.1","0.0","0.0","1.6","9.6","9.2","5.7","16.23","15.93","0.0","45.3","58.1","63.5","2.1","2.0","4.8","0.0","0.0","0.0","7.4","4.9","1.9"
"20220209","堡林","巢备","3.3","10.1","-2.5","1.7","1.8","6.8","-2.4","0.0","0.0","1.3","5.9","9.9","5.6","12.26","17.32","0.0","53.5","40.1","63.8","5.6","0.0","4.9","0.0","0.0","0.0","4.8","5.3","1.9"
"20220208","堡林","巢备","1.8","7.6","-2.6","0.3","1.7","6.7","-2.4","0.0","0.0","0.9","9.2","9.8","5.6","15.46","17.29","0.0","48.3","44.8","64.0","2.6","0.0","4.9","0.0","0.0","0.0","7.5","8.2","1.9"
"20220207","堡林","巢备","-0.1","2.3","-2.9","7.4","1.6","6.6","-2.5","0.0","0.0","0.9","0.2","8.6","5.8","6.52","14.14","0.0","48.0","65.8","63.7","8.4","4.0","4.8","0.0","0.0","0.0","6.6","6.2","1.9"
"20220206","堡林","巢备","-1.4","4.9","-5.1","5.7","1.6","6.6","-2.6","0.2","0.0","0.8","4.6","1.1","5.7","9.68","6.55","0.0","77.9","71.4","63.2","4.5","6.9","4.6","1.6","0.0","0.0","8.7","5.5","1.9"
"20220205","堡林","巢备","-2.1","0.4","-4.4","2.8","1.4","6.5","-2.9","0.3","0.0","0.7","5.7","3.8","5.9","11.52","11.02","0.0","78.8","41.0","63.2","8.0","6.1","4.4","1.8","0.0","0.0","8.2","3.5","1.8"
"20220204","堡林","巢备","-0.6","4.7","-4.1","1.6","1.2","6.1","-3.0","0.2","1.1","0.7","7.0","9.9","6.2","12.97","16.67","0.0","59.3","49.1","62.7","6.6","1.3","4.2","1.5","0.3","0.0","8.1","6.5","1.8"
"20220203","堡林","巢备","0.5","5.9","-2.9","0.3","0.9","5.9","-3.2","0.0","0.0","0.9","9.7","8.9","6.2","15.92","16.03","0.0","45.9","50.3","62.6","4.1","2.0","4.2","0.0","0.3","0.0","8.0","5.8","1.9"
"20220202","堡林","巢备","1.4","5.9","-1.8","-1.0","0.9","5.9","-3.1","0.0","0.0","1.0","7.6","9.6","6.0","13.94","16.45","0.0","55.5","45.6","63.2","4.8","0.6","4.3","0.0","0.0","0.0","7.0","8.9","1.9"
"20220201","堡林","巢备","1.8","4.5","-0.1","8.3","0.9","5.8","-3.1","0.6","11.6","1.0","3.2","0.0","6.0","7.73","4.36","0.0","70.9","90.6","63.4","6.6","9.1","4.5","0.5","0.0","0.0","9.0","6.8","1.9"
"20220131","堡林","巢备","1.4","8.0","-3.7","6.2","1.0","5.9","-2.8","0.1","1.8","0.9","9.5","7.1","5.7","15.3","11.52","0.0","56.3","77.6","63.4","1.3","6.0","4.6","0.0","0.0","0.0","4.7","8.2","1.8"
"20220130","堡林","巢备","0.7","6.4","-2.2","1.8","1.1","6.0","-2.8","0.0","0.1","0.9","9.5","4.9","5.5","15.01","9.81","0.0","45.9","74.0","63.7","4.0","4.6","4.7","0.0","0.0","0.0","6.8","8.0","1.8"
"20220129","堡林","巢备","0.6","5.0","-1.3","-3.2","1.1","5.9","-2.9","0.0","0.0","0.9","0.0","9.0","5.6","0.0","15.34","0.0","47.8","63.8","64.0","6.9","2.5","4.6","0.0","0.1","0.0","6.7","6.6","1.8"
"20220128","堡林","巢备","1.0","5.8","-1.5","0.7","0.9","5.6","-3.0","0.0","1.0","0.8","9.0","3.6","5.7","14.65","6.84","0.0","51.8","71.8","64.1","4.3","7.9","4.5","0.0","3.5","0.0","6.2","12.9","1.8"
"20220127","堡林","巢备","2.4","7.2","-0.5","5.1","0.7","5.5","-3.1","0.0","0.0","0.9","8.4","7.9","5.6","13.48","14.25","0.0","51.6","41.8","64.7","4.5","4.9","4.5","0.0","0.0","0.0","5.9","9.1","1.8"
"20220126","堡林","巢备","4.1","8.9","1.4","6.5","0.5","5.2","-3.4","0.0","8.7","0.8","6.9","0.1","5.7","11.75","3.79","0.0","60.6","90.6","64.5","5.0","9.8","4.5","0.0","0.0","0.0","7.5","5.5","1.9"
"20220125","堡林","巢备","5.7","7.6","3.4","8.8","0.4","4.9","-3.3","0.0","0.0","1.1","0.0","9.2","5.5","3.78","13.75","0.0","71.5","66.8","65.8","8.5","5.1","4.7","0.0","0.0","0.0","5.0","3.8","1.9"
"20220124","堡林","巢备","6.0","10.9","0.6","8.8","0.4","4.8","-3.1","0.0","0.0","1.1","1.8","8.4","5.1","7.65","12.93","0.0","65.6","70.5","66.6","7.3","3.6","5.1","0.0","0.0","0.0","4.3","6.6","2.0"
"20220123","堡林","巢备","7.1","11.8","3.6","9.3","0.5","4.8","-3.0","0.0","4.0","1.4","0.1","0.0","4.9","6.41","3.29","0.0","62.8","96.8","66.7","7.8","10.0","5.3","0.0","0.0","0.0","4.5","8.6","2.0"
"20220122","堡林","巢备","7.1","12.2","2.7","9.4","0.7","5.0","-2.7","0.0","2.9","1.6","0.8","0.0","4.8","7.8","4.14","0.0","57.0","97.9","67.0","8.6","9.9","5.4","0.0","0.0","0.0","4.1","2.6","2.0"
"20220121","堡林","巢备","1.7","8.2","-4.9","7.6","1.0","5.4","-2.5","0.0","6.8","1.5","8.6","2.5","4.8","12.95","5.47","0.0","59.6","81.4","66.5","3.9","8.3","5.5","0.0","0.0","0.0","4.2","3.6","1.9"
"20220120","堡林","巢备","-1.4","5.0","-6.4","3.2","1.1","5.7","-2.5","0.0","0.0","1.3","9.3","8.8","5.0","13.98","13.68","0.0","52.5","51.1","65.8","0.1","2.6","5.2","0.0","0.0","0.0","8.2","3.6","1.9"
"20220119","堡林","巢备","-0.1","7.5","-6.3","-1.3","1.2","5.9","-2.5","0.0","0.0","1.1","7.6","9.4","5.1","12.41","14.39","0.0","59.9","46.0","65.2","4.4","0.0","5.0","0.0","0.0","0.0","6.8","6.7","1.9"
"20220118","堡林","巢备","-1.3","4.3","-5.6","0.6","1.3","5.9","-2.5","0.0","4.0","1.0","9.4","2.9","5.1","14.44","5.69","0.0","40.8","77.1","64.6","0.0","8.0","5.1","0.0","8.5","0.0","8.4","10.0","1.8"
"20220117","堡林","巢备","0.4","4.6","-3.0","-1.5","1.1","5.9","-2.8","0.0","0.0","1.1","4.5","9.1","5.2","9.38","13.86","0.0","63.0","60.4","63.9","5.5","4.6","4.9","0.0","0.0","0.0","8.9","7.2","1.8"
"20220116","堡林","巢备","1.9","5.5","-0.9","0.3","1.1","5.7","-2.7","0.0","0.0","1.2","4.6","2.4","5.2","11.28","7.43","0.0","66.6","60.9","64.1","6.4","8.3","4.8","0.0","0.0","0.0","9.2","9.4","1.9"
"20220115","堡林","巢备","2.2","7.7","-2.5","7.9","1.1","5.6","-2.5","0.0","0.0","1.2","4.7","2.2","4.9","9.81","7.46","0.0","54.5","83.9","64.6","5.0","8.0","5.1","0.0","0.0","0.0","3.5","10.1","1.9"
"20220114","堡林","巢备","-0.9","4.8","-5.0","6.6","1.1","5.5","-2.6","0.0","0.0","1.2","8.5","8.5","4.8","13.72","12.16","0.0","49.3","76.8","65.1","3.4","0.1","5.2","0.0","0.0","0.0","6.5","4.7","1.9"
"20220113","堡林","巢备","-2.5","-0.3","-4.0","4.3","1.0","5.5","-2.6","0.0","0.0","1.2","2.1","8.1","5.1","6.38","11.74","0.0","72.0","77.5","65.4","8.9","3.4","5.1","0.4","0.0","0.0","11.2","8.5","1.9"
"20220112","堡林","巢备","-2.5","1.2","-5.7","-0.5","1.1","5.4","-2.5","0.0","0.0","0.8","6.6","5.3","5.0","9.76","10.78","0.0","64.4","80.4","65.6","6.5","5.5","5.1","0.0","1.9","0.0","6.6","5.6","1.9"
"20220111","堡林","巢备","-1.6","3.0","-3.5","-2.1","1.0","5.4","-2.6","0.2","0.0","0.8","3.5","0.1","5.1","8.22","5.82","0.0","82.4","78.6","66.0","9.8","8.1","5.1","2.3","0.0","0.0","10.9","3.9","1.9"
"20220110","堡林","巢备","2.8","9.7","-2.2","-5.1","1.0","5.5","-2.6","0.0","0.0","0.9","7.6","3.2","5.2","11.41","9.5","0.0","71.3","74.3","66.5","5.4","4.4","5.0","0.0","0.0","0.0","5.5","3.8","1.9"
"20220109","堡林","巢备","3.3","9.2","0.4","-7.6","1.1","5.6","-2.6","0.0","0.0","1.2","5.1","8.9","5.2","9.5","13.02","0.0","74.3","52.6","66.6","5.8","1.9","5.0","0.0","0.2","0.0","5.7","7.3","2.0"
"20220108","堡林","巢备","1.7","8.2","-4.6","-9.9","1.2","5.7","-2.4","0.0","0.0","1.2","9.1","8.0","5.2","12.69","12.15","0.0","62.0","55.8","66.8","2.5","2.8","5.1","0.0","0.0","0.0","4.2","7.8","2.0"
"20220107","堡林","巢备","0.9","8.4","-4.3","-8.4","1.3","5.9","-2.6","0.0","2.0","1.4","9.0","0.0","5.1","13.38","5.16","0.0","56.3","69.1","66.5","0.0","8.6","5.1","0.0","8.5","0.0","3.7","9.2","2.0"
"20220106","堡林","巢备","2.4","6.9","-0.7","-2.4","1.3","6.0","-2.6","0.0","1.2","1.4","9.2","6.9","5.3","12.98","10.95","0.0","44.4","65.9","65.9","0.6","7.5","4.9","0.0","4.3","0.0","6.0","8.0","1.9"
"20220105","堡林","巢备","2.2","4.7","-0.9","-0.2","1.4","6.1","-2.6","0.0","0.0","1.2","0.0","3.0","5.5","4.53","7.74","0.0","37.1","64.9","65.3","9.3","8.0","4.7","0.0","0.0","0.0","5.3","8.5","1.9"
"20220104","堡林","巢备","2.0","7.2","-1.0","1.2","1.4","6.3","-2.6","0.0","0.0","0.8","8.5","5.8","5.5","12.34","10.07","0.0","54.8","71.8","65.9","4.3","3.1","4.6","0.0","0.0","0.0","6.7","4.1","1.8"
"20220103","堡林","巢备","0.4","6.8","-4.5","-0.6","1.2","6.1","-2.8","0.0","0.0","0.7","8.9","6.1","5.4","13.18","10.37","0.0","70.0","54.6","66.6","0.3","7.3","4.5","0.0","0.0","0.0","4.7","6.6","1.7"
"20220102","堡林","巢备","0.7","6.5","-3.8","-0.3","1.2","6.0","-2.8","0.0","0.5","0.7","4.0","8.6","5.4","7.43","12.54","0.0","67.1","67.8","67.6","2.6","3.8","4.4","0.0","2.2","0.0","5.5","7.9","1.7"
"20220101","堡林","巢备","-0.1","5.4","-5.2","-0.6","1.2","6.0","-2.7","0.0","0.0","0.8","8.0","4.3","5.2","11.91","9.0","0.0","39.4","83.1","68.4","5.4","7.3","4.6","0.0","0.3","0.0","6.6","5.3","1.7"
"20211231","堡林","巢备","-1.9","1.7","-4.4","-4.3","1.2","5.9","-2.7","0.0","0.6","0.9","6.9","5.7","4.9","10.95","11.56","0.0","62.5","79.8","68.2","2.9","5.1","4.7","0.1","3.4","0.0","8.9","5.8","1.7"
"20211230","堡林","巢备","1.9","6.0","-0.5","-5.1","1.2","5.9","-2.7","1.0","5.1","1.0","6.0","1.0","5.0","9.89","1.94","0.0","67.1","89.0","67.3","6.1","9.8","4.7","1.7","16.9","0.0","10.7","7.6","1.7"
"20211229","堡林","巢备","4.5","9.8","0.6","3.3","1.3","6.0","-2.5","0.0","3.8","1.1","3.6","2.5","5.2","7.77","6.17","0.0","70.4","89.6","65.5","8.3","7.9","4.5","0.0","1.6","0.0","8.7","7.2","1.8"
"20211228","堡林","巢备","3.3","8.2","-0.1","5.8","1.5","6.2","-2.2","0.0","0.0","1.1","2.4","6.1","5.2","7.49","10.51","0.0","69.3","89.1","64.8","6.8","3.8","4.6","0.0","0.0","0.0","6.1","3.6","1.8"
"20211227","堡林","巢备","-2.1","4.4","-7.7","5.2","1.7","6.5","-2.0","0.0","7.9","0.9","6.5","0.0","5.4","11.35","3.1","0.0","65.9","81.1","64.7","3.4","8.5","4.4","0.0","0.0","0.0","6.2","6.3","1.8"
"20211226","堡林","巢备","-5.2","-0.6","-8.3","3.9","2.0","6.8","-1.8","0.0","0.0","1.0","9.0","8.3","5.5","12.71","11.33","0.0","53.6","61.4","65.1","1.5","7.0","4.4","0.0","0.0","0.0","8.8","3.6","1.8"
"20211225","堡林","巢备","-3.8","0.6","-6.3","2.7","2.4","7.2","-1.4","0.0","0.0","1.0","3.1","7.0","5.5","7.03","11.05","0.0","63.5","65.9","66.2","7.3","5.8","4.5","0.0","0.0","0.0","10.3","7.6","1.8"
"20211224","堡林","巢备","3.7","11.3","0.5","5.1","2.7","7.6","-1.2","0.0","0.0","0.8","3.1","7.6","5.3","7.21","10.89","0.0","68.8","63.9","68.2","6.0","4.3","4.6","0.0","0.0","0.0","10.0","8.8","1.7"
"20211223","堡林","巢备","5.4","12.5","-0.2","3.9","3.0","8.0","-1.0","0.0","0.0","1.0","8.8","3.9","5.0","11.48","8.06","0.0","53.4","79.3","69.6","0.9","5.9","4.7","0.0","0.0","0.0","4.9","2.3","1.6"
"20211222","堡林","巢备","5.8","13.3","0.6","2.6","3.2","8.2","-0.8","0.0","0.0","1.1","8.9","3.9","4.9","12.23","7.19","0.0","58.0","74.3","69.9","0.0","4.3","4.7","0.0","0.0","0.0","4.1","2.5","1.6"
"20211221","堡林","巢备","7.0","14.1","2.4","1.2","3.2","8.1","-0.9","0.0","0.0","1.1","7.3","3.3","4.8","9.63","7.71","0.0","82.9","61.5","70.0","1.1","3.1","4.7","0.0","0.0","0.0","5.2","5.0","1.6"
"20211220","堡林","巢备","6.1","12.8","0.7","0.9","3.0","7.9","-1.1","0.0","0.0","1.0","7.1","5.9","5.0","9.46","9.17","0.0","74.8","45.3","69.0","2.1","4.8","4.7","0.0","0.0","0.0","9.1","5.3","1.6"
"20211219","堡林","巢备","3.3","7.5","0.2","-0.6","2.8","7.6","-1.1","0.1","0.0","1.1","7.3","9.0","4.9","10.55","13.16","0.0","74.3","31.1","68.5","3.9","2.9","4.7","0.0","0.0","0.0","6.8","8.8","1.7"
"20211218","堡林","巢备","-2.3","2.0","-7.6","1.7","2.7","7.5","-1.2","0.0","0.0","0.8","8.3","5.0","5.0","10.5","8.25","0.0","68.5","62.8","67.2","4.1","7.0","4.8","0.0","0.0","0.0","6.9","6.6","1.7"
"20211217","堡林","巢备","0.2","7.6","-5.1","-0.3","2.7","7.4","-1.3","3.5","0.0","0.7","1.9","9.0","5.2","4.92","12.26","0.0","79.0","55.4","66.1","7.6","0.8","4.8","8.6","0.0","0.0","12.1","6.2","1.8"
"20211216","堡林","巢备","7.8","11.6","5.4","-2.2","2.7","7.4","-1.2","0.5","0.0","0.7","0.7","8.0","5.1","5.67","11.13","0.0","92.0","59.6","65.4","8.3","5.1","5.0","0.0","0.0","0.0","3.4","7.9","1.9"
"20211215","堡林","巢备","7.5","14.5","2.4","-2.7","2.9","7.6","-1.0","0.0","0.0","0.8","4.7","9.2","4.8","8.58","12.75","0.0","82.3","46.9","65.6","4.9","3.6","5.1","0.0","0.0","0.0","3.5","8.4","1.8"
"20211214","堡林","巢备","3.5","9.8","-2.5","-1.5","3.1","7.7","-0.9","0.0","0.0","0.8","5.7","8.5","4.9","9.93","12.03","0.0","66.0","45.9","65.0","5.0","7.0","5.1","0.0","0.0","0.0","4.6","9.3","1.8"
"20211213","堡林","巢备","1.0","5.6","-1.6","3.5","3.3","7.8","-0.5","0.0","1.3","0.7","9.1","2.7","4.9","12.83","6.32","0.0","50.9","66.1","65.3","0.1","6.1","5.2","0.0","0.0","0.0","6.8","9.9","1.9"
"20211212","堡林","巢备","6.3","10.9","2.0","6.6","3.5","8.0","-0.3","0.0","0.0","1.1","2.8","8.5","4.8","6.12","11.91","0.0","69.8","51.4","66.3","4.0","3.1","5.2","0.0","0.0","0.0","8.6","9.7","1.8"
"20211211","堡林","巢备","8.6","13.3","5.0","7.0","3.7","8.3","-0.2","0.0","0.0","1.2","7.1","2.4","4.8","10.37","6.58","0.0","81.8","80.5","66.5","5.5","8.9","5.2","0.0","0.0","0.0","3.6","3.1","1.8"
"20211210","堡林","巢备","9.9","15.4","7.3","6.5","3.8","8.4","-0.2","0.0","0.0","1.3","3.7","2.2","4.9","7.8","6.07","0.0","86.6","55.6","66.7","5.3","7.8","5.1","0.0","0.0","0.0","5.8","4.1","1.8"
"20211209","堡林","巢备","8.3","13.5","3.0","3.9","4.0","8.6","0.0","0.0","0.0","1.3","3.6","9.1","4.8","8.08","12.58","0.0","77.4","49.3","67.5","6.1","1.3","5.2","0.0","0.0","0.0","5.2","4.5","1.8"
"20211208","堡林","巢备","8.1","15.2","2.3","3.4","4.0","8.6","-0.1","0.0","0.0","1.8","9.0","5.8","5.0","12.13","9.68","0.0","71.8","56.8","67.6","0.3","4.4","5.0","0.0","0.0","0.0","4.1","6.2","1.7"
"20211207","堡林","巢备","8.0","14.0","3.3","5.1","3.9","8.6","-0.1","0.0","0.0","1.7","8.7","1.2","4.8","11.56","6.24","0.0","75.1","69.9","67.4","0.0","6.0","5.1","0.0","0.0","0.0","6.2","7.6","1.8"
"20211206","堡林","巢备","8.3","15.1","3.3","5.1","4.1","8.8","0.1","0.0","0.0","2.0","8.9","9.2","4.8","12.14","12.32","0.0","77.8","61.1","68.1","4.1","0.0","5.2","0.0","0.0","0.0","4.9","4.2","1.8"
"20211205","堡林","巢备","5.4","11.9","-0.1","4.5","4.3","9.1","0.4","0.0","0.0","2.2","9.1","9.2","4.9","12.22","12.5","0.0","72.1","55.0","67.6","0.8","1.5","5.1","0.0","0.0","0.0","3.2","5.2","1.8"
"20211204","堡林","巢备","4.7","8.7","1.4","3.3","4.7","9.5","0.6","0.0","0.0","2.2","1.7","9.2","5.0","6.47","11.47","0.0","67.4","54.3","67.1","4.0","1.8","5.0","0.0","0.0","0.0","5.6","7.0","1.8"
"20211203","堡林","巢备","5.9","8.0","4.2","4.3","5.1","10.2","1.0","0.5","0.0","1.8","2.6","8.7","5.1","6.6","12.5","0.0","76.5","51.5","66.7","6.9","4.4","4.8","0.0","0.0","0.0","8.2","7.0","1.8"
"20211202","堡林","巢备","4.2","8.9","0.3","5.3","5.7","10.8","1.4","0.0","0.0","2.0","6.0","5.9","5.3","10.64","10.7","0.0","67.9","35.0","66.8","8.0","3.5","4.5","0.0","0.0","0.0","4.8","5.7","1.7"
"20211201","堡林","巢备","2.4","5.0","0.1","4.3","6.1","11.3","1.8","1.5","0.0","1.6","0.6","8.5","5.3","4.57","12.83","0.0","81.1","35.9","66.3","9.6","2.0","4.5","0.0","0.0","0.0","7.7","5.3","1.7"
"20211130","堡林","巢备","8.7","12.8","4.4","4.4","6.4","11.7","2.1","23.2","0.0","1.4","0.0","8.4","5.4","1.73","12.49","0.0","86.5","57.1","66.1","9.1","2.4","4.4","0.0","0.0","0.0","8.5","6.6","1.6"
"20211129","堡林","巢备","8.9","17.0","2.0","4.5","6.6","11.8","2.3","0.0","0.0","1.7","8.8","1.7","5.3","12.51","6.26","0.0","69.6","61.0","66.6","2.4","7.8","4.5","0.0","0.0","0.0","3.7","5.4","1.6"
"20211128","堡林","巢备","7.7","15.8","1.1","5.1","6.9","12.0","2.6","0.0","0.0","1.8","9.2","7.0","5.1","13.06","11.39","0.0","60.8","49.9","67.3","3.3","8.5","4.8","0.0","0.0","0.0","2.9","7.3","1.6"
"20211127","堡林","巢备","7.0","13.7","2.6","7.7","7.0","12.2","2.8","0.0","0.0","1.6","9.4","1.2","5.1","13.67","5.56","0.0","60.0","58.6","67.2","0.0","8.6","4.8","0.0","0.0","0.0","4.9","8.9","1.6"
"20211126","堡林","巢备","7.6","12.9","3.1","9.1","7.3","12.5","2.9","0.0","0.0","2.1","9.1","6.3","5.3","13.54","11.1","0.0","60.1","57.1","67.3","0.0","6.0","4.8","0.0","0.0","0.0","6.9","5.7","1.7"
"20211125","堡林","巢备","9.8","16.1","6.1","8.1","7.4","12.8","2.9","0.0","0.0","2.1","7.4","9.0","5.3","10.51","13.25","0.0","73.3","51.0","67.4","2.8","2.8","4.7","0.0","0.0","0.0","5.5","7.3","1.6"
"20211124","堡林","巢备","8.3","13.8","4.0","6.9","7.6","13.1","2.9","0.0","0.0","1.8","5.6","6.3","5.5","9.21","11.88","0.0","76.4","40.8","66.4","5.0","5.6","4.5","0.0","0.0","0.0","8.1","5.4","1.6"
"20211123","堡林","巢备","4.0","5.4","2.2","5.9","7.7","13.2","2.9","8.5","0.0","1.7","0.6","4.9","5.7","4.52","9.25","0.0","97.0","60.5","65.5","9.6","4.6","4.3","0.0","0.0","0.0","7.0","6.5","1.6"
"20211122","堡林","巢备","7.3","12.8","3.9","9.5","7.7","13.1","3.0","1.9","1.6","1.6","1.9","0.1","5.7","6.92","3.37","0.0","73.6","85.9","65.2","7.9","9.5","4.3","0.0","0.0","0.0","9.3","5.8","1.7"
"20211121","堡林","巢备","12.3","15.7","8.0","10.0","7.7","13.1","3.0","0.0","0.0","1.1","0.4","8.0","5.6","5.23","13.36","0.0","91.4","66.6","65.2","8.5","3.8","4.4","0.0","0.0","0.0","2.3","7.1","1.7"
"20211120","堡林","巢备","10.9","17.5","6.1","9.0","7.7","13.0","3.3","0.0","0.0","1.6","5.5","0.0","5.3","10.44","2.71","0.0","91.8","73.4","65.6","4.9","9.5","4.6","0.0","0.0","0.0","2.7","7.3","1.7"
"20211119","堡林","巢备","11.5","18.1","6.0","17.4","8.1","13.2","3.7","0.0","21.1","1.7","8.3","0.0","5.2","12.1","1.67","0.0","87.1","92.1","65.7","2.3","8.9","4.8","0.0","0.0","0.0","3.2","13.3","1.8"
"20211118","堡林","巢备","10.5","17.3","5.5","19.7","8.4","13.6","4.0","0.0","0.5","1.8","9.0","1.7","5.3","12.86","7.4","0.0","79.1","89.3","65.3","2.1","8.1","4.8","0.0","0.0","0.0","4.0","11.3","1.8"
"20211117","堡林","巢备","9.5","16.0","4.3","16.6","8.7","13.9","4.3","0.0","3.1","1.7","8.8","2.4","5.3","13.58","7.29","0.0","72.3","77.5","65.1","3.1","6.0","4.7","0.0","0.0","0.0","4.3","6.9","1.8"
"20211116","堡林","巢备","10.6","17.1","6.4","14.5","9.1","14.2","4.8","0.0","0.0","1.5","8.9","8.5","5.3","12.26","13.56","0.0","69.8","60.3","65.1","3.1","5.5","4.6","0.0","0.0","0.0","4.9","5.3","1.8"
"20211115","堡林","巢备","10.8","16.6","5.3","13.7","9.6","14.8","5.2","0.0","0.0","1.3","8.6","8.4","5.4","12.34","13.19","0.0","82.9","68.6","65.5","2.9","4.5","4.6","0.0","0.0","0.0","3.5","4.1","1.7"
"20211114","堡林","巢备","10.3","17.4","5.1","13.2","9.9","15.2","5.5","0.0","0.0","1.4","6.7","8.3","5.8","10.63","13.02","0.0","83.5","66.8","65.3","2.9","0.4","4.2","0.0","0.0","0.0","3.9","2.9","1.7"
"20211113","堡林","巢备","9.1","15.3","4.6","11.7","10.4","15.6","6.1","0.0","0.0","1.5","5.5","9.0","5.7","11.1","13.54","0.0","85.9","67.6","66.5","4.3","0.0","4.4","0.0","0.0","0.0","4.7","4.4","1.8"
"20211112","堡林","巢备","7.0","11.4","4.4","11.5","10.9","16.1","6.5","2.2","0.0","2.0","4.7","9.5","5.5","9.13","14.35","0.0","90.4","59.0","67.3","5.8","0.0","4.6","0.0","0.0","0.0","8.5","3.1","1.8"
"20211111","堡林","巢备","8.1","11.0","5.2","10.6","11.2","16.5","6.7","7.3","0.0","2.2","1.5","9.5","5.7","5.4","14.84","0.0","94.9","50.6","67.0","8.5","0.0","4.6","0.0","0.0","0.0","5.6","6.5","1.8"
"20211110","堡林","巢备","7.8","10.1","5.6","9.7","11.4","16.6","7.0","20.6","0.0","2.2","1.3","9.5","5.6","4.73","15.18","0.0","94.4","48.9","66.8","10.0","0.8","4.7","0.0","0.0","0.0","10.0","6.9","1.8"
"20211109","堡林","巢备","8.4","11.0","7.1","8.6","11.8","17.1","7.4","0.5","0.0","2.3","0.8","9.5","5.3","5.36","15.39","0.0","79.1","41.9","68.4","9.4","0.1","5.0","0.0","0.0","0.0","10.6","9.1","1.8"
"20211108","堡林","巢备","11.6","18.5","7.4","10.5","12.1","17.7","7.6","21.2","0.0","2.2","1.0","9.3","5.4","4.73","14.57","0.0","82.1","60.9","68.8","9.1","0.4","4.8","0.0","0.0","0.0","11.6","7.6","1.7"
"20211107","堡林","巢备","16.6","23.8","10.3","13.4","12.4","18.2","7.5","0.0","0.0","2.1","8.0","7.7","5.5","14.6","12.8","0.0","61.4","77.1","69.4","3.8","2.5","4.6","0.0","0.0","0.0","7.4","6.8","1.5"
"20211106","堡林","巢备","15.7","21.9","11.3","12.7","12.4","18.5","7.4","0.0","0.0","1.8","8.8","0.0","5.8","14.78","3.12","0.0","58.5","65.1","69.5","1.6","7.6","4.3","0.0","0.0","0.0","6.8","1.8","1.4"
"20211105","堡林","巢备","13.7","19.3","8.8","10.0","12.5","18.8","7.3","0.0","0.0","1.4","4.9","7.0","6.1","10.83","13.83","0.0","72.9","45.4","69.0","5.1","6.8","3.8","0.0","0.0","0.0","4.9","2.9","1.3"
"20211104","堡林","巢备","13.9","20.8","8.3","7.9","12.3","18.5","7.1","0.4","0.0","1.0","9.4","9.6","6.3","14.78","16.27","0.0","78.5","43.3","68.5","2.3","1.4","3.8","0.0","0.0","0.0","4.3","8.9","1.3"
"20211103","堡林","巢备","12.2","18.1","6.5","8.8","12.0","18.0","7.0","0.0","0.0","1.0","8.0","8.0","6.4","14.77","14.68","0.0","72.4","54.5","68.1","4.1","5.5","3.7","0.0","0.0","0.0","6.2","10.9","1.4"
"20211102","堡林","巢备","12.1","17.1","8.4","13.1","11.9","17.7","7.0","0.0","0.3","1.2","6.1","5.9","6.4","12.29","12.92","0.0","79.0","71.8","67.5","3.5","5.6","3.8","0.0","0.0","0.0","4.7","6.5","1.5"
"20211101","堡林","巢备","14.5","20.0","10.8","12.4","12.1","17.7","7.3","0.0","1.7","1.2","8.3","0.0","6.5","13.22","2.67","0.0","80.0","91.6","66.8","3.4","10.0","3.9","0.0","0.0","0.0","5.0","5.3","1.5"
"20211031","堡林","巢备","14.7","22.1","8.6","13.6","12.3","17.9","7.7","0.0","0.0","1.5","9.7","9.0","6.4","15.7","15.67","0.0","75.6","59.1","66.7","1.6","3.6","4.1","0.0","0.0","0.0","4.9","4.0","1.6"
"20211030","堡林","巢备","13.9","17.4","11.0","12.8","12.7","18.3","8.1","0.0","0.0","1.6","1.8","9.8","6.5","6.63","16.4","0.0","75.9","54.5","66.2","5.6","0.6","4.1","0.0","0.0","0.0","2.3","4.2","1.6"
"20211029","堡林","巢备","15.1","21.0","9.1","12.2","13.0","18.8","8.2","0.0","0.0","1.7","8.5","9.8","6.7","14.71","16.58","0.0","66.4","44.0","65.5","4.0","2.0","3.9","0.0","0.0","0.0","4.7","4.8","1.6"
"20211028","堡林","巢备","13.8","21.6","7.6","15.1","13.3","19.1","8.5","0.0","0.0","1.3","9.9","5.8","7.0","17.39","11.95","0.0","61.8","66.5","65.0","0.8","4.9","3.8","0.0","0.0","0.0","3.8","6.1","1.6"
"20211027","堡林","巢备","14.1","20.8","10.0","14.6","13.7","19.5","8.9","0.0","0.0","1.5","9.9","8.3","6.9","15.61","15.12","0.0","71.6","70.4","66.0","1.4","5.5","3.7","0.0","0.0","0.0","5.6","3.0","1.6"
"20211026","堡林","巢备","13.6","20.1","6.9","13.4","14.0","19.8","9.1","0.0","0.0","1.2","9.6","9.0","6.8","16.37","15.74","0.0","69.1","71.4","66.8","3.6","3.3","3.6","0.0","0.0","0.0","3.9","5.7","1.6"
"20211025","堡林","巢备","13.1","19.5","8.1","12.9","14.3","20.1","9.4","0.0","0.0","1.1","9.8","8.9","6.8","17.03","16.12","0.0","70.8","71.1","66.9","1.3","1.4","3.6","0.0","0.0","0.0","5.0","5.7","1.6"
"20211024","堡林","巢备","13.0","19.9","7.2","11.5","14.7","20.4","9.9","0.0","0.0","1.4","9.5","10.1","6.5","15.96","18.17","0.0","62.5","52.3","67.5","5.0","2.1","3.9","0.0","0.0","0.0","6.1","7.8","1.6"
"20211023","堡林","巢备","12.6","20.3","6.6","12.0","15.1","20.8","10.3","0.0","0.0","1.7","10.1","8.5","6.3","18.25","17.52","0.0","59.4","50.1","68.6","0.0","3.9","3.9","0.0","0.0","0.0","5.0","9.1","1.6"
"20211022","堡林","巢备","11.6","17.1","6.0","13.7","15.4","21.2","10.5","0.0","0.0","1.7","10.1","1.6","6.3","17.73","9.85","0.0","61.1","76.1","68.4","0.1","8.0","3.9","0.0","0.0","0.0","9.8","7.6","1.6"
"20211021","堡林","巢备","11.3","17.1","6.4","14.4","15.5","21.4","10.6","0.0","10.7","1.6","9.4","0.1","6.5","17.83","4.73","0.0","71.3","85.6","67.7","4.5","9.5","4.0","0.0","0.0","0.0","5.6","3.6","1.6"
"20211020","堡林","巢备","10.5","15.3","6.8","16.2","15.6","21.7","10.7","0.0","0.0","1.6","5.7","10.0","6.7","13.02","17.67","0.0","64.0","59.6","67.4","7.3","0.8","3.8","0.0","0.0","0.0","4.5","3.5","1.6"
"20211019","堡林","巢备","11.9","17.4","9.3","15.6","15.7","21.8","10.5","0.8","0.0","0.9","5.0","8.4","6.9","11.65","15.85","0.0","77.8","61.6","67.4","6.0","3.6","3.6","0.0","0.0","0.0","7.6","6.6","1.5"
"20211018","堡林","巢备","11.4","19.1","3.6","15.0","15.6","21.8","10.5","0.0","0.0","0.9","9.9","10.1","7.0","19.2","17.93","0.0","53.1","64.1","66.6","3.0","3.3","3.6","0.0","0.0","0.0","5.4","5.8","1.6"
"20211017","堡林","巢备","8.2","13.7","4.1","14.3","15.7","21.8","10.6","0.0","0.0","0.9","10.2","9.8","7.1","20.19","17.68","0.0","43.0","71.3","66.2","1.3","2.4","3.6","0.0","0.0","0.0","11.2","5.8","1.6"
"20211016","堡林","巢备","13.6","17.3","8.9","13.8","15.8","21.9","10.9","4.3","0.0","1.2","0.0","0.1","7.1","6.75","6.95","0.0","70.8","54.0","66.3","9.5","8.4","3.6","0.0","0.0","0.0","10.9","4.2","1.6"
"20211015","堡林","巢备","19.4","23.7","16.7","15.0","16.1","22.2","11.1","12.3","0.0","1.4","2.1","8.5","6.9","10.14","18.51","0.0","88.0","36.4","66.4","8.4","5.8","3.9","0.0","0.0","0.0","5.0","6.8","1.6"
"20211014","堡林","巢备","21.8","26.9","18.1","14.8","16.4","22.3","11.5","0.0","0.0","1.6","7.9","1.0","6.8","14.09","8.52","0.0","85.4","56.1","66.3","5.1","5.1","4.0","0.0","0.0","0.0","5.7","6.8","1.6"
"20211013","堡林","巢备","20.1","24.3","16.6","14.8","16.7","22.6","11.9","0.0","0.0","1.7","0.9","4.0","6.9","10.16","12.78","0.0","90.6","52.5","66.7","8.4","6.9","4.1","0.0","0.0","0.0","5.2","6.8","1.6"
"20211012","堡林","巢备","17.4","18.8","15.7","17.8","17.1","22.9","12.2","5.9","0.0","1.9","0.0","7.2","6.7","3.81","15.32","0.0","98.9","76.6","67.7","10.0","5.3","4.2","0.0","0.0","0.0","6.4","7.2","1.6"
"20211011","堡林","巢备","15.9","20.8","14.2","18.7","17.3","23.2","12.3","9.9","0.0","1.7","0.0","7.1","6.8","4.91","15.56","0.0","98.8","77.4","67.6","10.0","6.4","4.1","0.0","0.0","0.0","8.5","4.6","1.6"
"20211010","堡林","巢备","24.1","30.7","20.3","18.2","17.4","23.3","12.5","2.1","0.0","1.7","4.9","10.1","7.0","12.74","19.37","0.0","90.6","66.6","68.0","6.8","4.6","3.9","0.0","0.0","0.0","6.0","4.8","1.6"
"20211009","堡林","巢备","24.7","29.6","20.2","17.6","17.6","23.5","12.7","0.0","0.0","2.0","8.1","10.4","7.0","16.77","19.23","0.0","80.4","57.0","68.2","5.5","2.4","4.0","0.0","0.0","0.0","5.9","8.3","1.6"
"20211008","堡林","巢备","22.3","25.7","19.5","18.2","17.7","23.6","12.8","0.0","0.0","2.0","1.6","10.6","7.1","10.27","20.56","0.0","93.3","57.8","68.1","8.5","0.0","4.0","0.0","0.0","0.0","6.0","9.8","1.6"
"20211007","堡林","巢备","22.2","26.8","19.1","17.7","17.7","23.5","13.0","0.0","0.0","2.6","4.5","9.4","7.0","10.76","19.33","0.0","91.8","50.6","67.7","3.9","5.0","4.1","0.0","0.0","0.0","5.6","7.3","1.7"
"20211006","堡林","巢备","23.9","29.9","18.7","15.9","17.9","23.5","13.2","0.0","0.0","2.6","10.5","10.0","6.7","20.81","21.07","0.0","81.5","56.6","68.5","2.6","2.9","4.5","0.0","0.0","0.0","6.2","8.4","1.7"
"20211005","堡林","巢备","24.4","30.4","19.9","15.3","18.1","23.7","13.5","0.0","0.0","2.4","9.5","9.3","6.7","18.9","19.39","0.0","84.1","53.8","68.6","2.3","4.6","4.6","0.0","0.0","0.0","5.7","9.7","1.7"
"20211004","堡林","巢备","25.5","30.2","22.9","18.3","18.3","23.9","13.8","0.0","0.9","2.9","8.0","0.0","6.7","17.12","3.96","0.0","83.0","90.8","69.3","5.1","9.9","4.5","0.0","0.0","0.0","9.3","7.8","1.8"
"20211003","堡林","巢备","23.7","29.9","17.6","20.7","18.7","24.2","14.3","0.0","0.5","3.5","10.5","5.7","6.4","20.29","15.95","0.0","77.8","82.6","70.6","2.5","8.4","4.8","0.0","0.0","0.0","7.3","6.0","1.7"
"20211002","堡林","巢备","22.8","29.4","18.3","20.8","19.0","24.5","14.7","0.0","0.0","4.3","8.1","8.7","6.3","13.76","18.36","0.0","84.1","78.4","71.6","1.1","5.8","5.0","0.0","0.0","0.0","3.2","6.6","1.7"
"20211001","堡林","巢备","22.0","28.4","18.5","20.3","19.3","24.6","15.1","0.0","0.0","4.8","5.8","6.3","6.0","11.15","16.15","0.0","88.0","80.8","71.8","2.5","7.1","5.2","0.0","0.0","0.0","3.3","7.0","1.8"
"20210930","堡林","巢备","23.5","32.4","17.2","19.3","19.6","24.7","15.4","2.0","0.0","4.9","0.0","8.5","5.6","0.0","18.08","0.0","67.9","82.0","71.9","1.5","3.5","5.6","0.0","0.0","0.0","0.0","6.2","1.8"
"20210929","堡林","巢备","22.7","26.5","21.2","19.5","19.8","25.0","15.6","31.2","0.0","4.2","0.0","8.9","5.7","3.32","18.94","0.0","97.8","74.5","71.4","9.8","4.8","5.5","0.0","0.0","0.0","7.0","5.6","1.8"
"20210928","堡林","巢备","22.7","25.8","20.8","19.9","20.0","25.2","15.7","0.3","0.0","3.2","1.5","10.8","6.0","10.69","21.43","0.0","83.8","69.3","70.2","9.1","1.6","5.4","0.0","0.0","0.0","5.0","5.3","1.8"
"20210927","堡林","巢备","23.0","26.5","19.1","21.0","20.2","25.4","15.8","0.0","0.0","1.5","3.4","10.7","6.2","12.17","22.15","0.0","73.8","71.4","70.0","8.4","2.3","5.3","0.0","0.0","0.0","5.0","5.1","1.7"
"20210926","堡林","巢备","22.2","26.5","19.1","20.9","20.4","25.8","15.9","0.0","0.0","2.0","2.2","9.1","6.4","13.07","20.61","0.0","78.0","74.6","70.3","8.4","4.9","5.0","0.0","0.0","0.0","5.5","5.3","1.7"
"20210925","堡林","巢备","21.9","27.0","17.4","21.3","20.5","25.8","16.0","0.0","0.0","2.9","5.2","8.3","6.5","15.58","18.95","0.0","79.8","74.1","70.8","6.5","3.1","4.8","0.0","0.0","0.0","6.5","6.6","1.7"
"20210924","堡林","巢备","20.9","27.1","15.8","21.2","20.5","25.9","16.1","0.0","0.0","3.2","8.7","5.9","6.5","19.35","18.01","0.0","76.6","70.5","70.9","3.6","5.4","4.8","0.0","0.0","0.0","4.6","6.5","1.7"
"20210923","堡林","巢备","21.5","26.6","17.8","18.8","20.6","25.8","16.3","0.0","0.0","4.1","10.1","0.4","6.2","21.43","10.78","0.0","72.6","75.6","71.5","2.9","8.1","4.9","0.0","0.0","0.0","6.9","5.6","1.8"
"20210922","堡林","巢备","23.2","29.0","18.6","18.4","20.8","26.0","16.5","1.9","0.0","4.5","8.8","5.1","6.1","18.2","15.19","0.0","84.8","70.9","71.7","3.3","5.8","5.0","0.0","0.0","0.0","9.1","5.7","1.8"
"20210921","堡林","巢备","22.5","26.0","20.1","18.9","21.1","26.3","16.8","32.0","0.0","3.6","3.8","10.5","6.3","11.06","20.45","0.0","92.9","68.6","71.1","6.4","3.4","4.9","0.0","0.0","0.0","11.9","5.1","1.9"
"20210920","堡林","巢备","23.9","28.3","19.2","19.1","21.4","26.7","17.1","0.0","0.0","3.1","10.6","9.9","6.4","21.96","20.56","0.0","78.6","76.3","70.9","4.6","0.9","4.8","0.0","0.0","0.0","10.9","5.0","1.9"
"20210919","堡林","巢备","23.5","28.8","19.1","19.9","21.7","26.9","17.6","0.0","0.0","4.2","7.8","9.7","6.4","17.94","19.37","0.0","77.1","83.1","71.3","4.0","3.4","5.0","0.0","0.0","0.0","5.5","7.6","2.0"
"20210918","堡林","巢备","23.3","27.9","19.8","19.9","22.0","27.1","17.9","0.0","3.7","4.6","5.0","5.1","6.4","13.75","14.42","0.0","81.8","86.9","72.0","7.1","7.0","5.0","0.0","0.0","0.0","4.7","6.3","2.0"
"20210917","堡林","巢备","23.2","28.0","19.8","20.7","22.2","27.3","18.1","3.2","2.0","5.3","4.3","0.0","6.5","15.23","6.91","0.0","86.5","92.0","72.4","7.6","10.0","5.0","0.0","0.0","0.0","10.4","3.7","2.1"
"20210916","堡林","巢备","21.3","25.3","18.2","22.1","22.3","27.3","18.3","2.0","2.8","7.3","3.3","0.8","6.2","9.8","8.6","0.0","82.5","96.4","73.6","7.8","8.8","5.3","0.0","0.0","0.0","8.8","6.5","2.1"
"20210915","堡林","巢备","24.1","29.3","20.7","22.7","22.4","27.3","18.5","0.0","0.0","7.4","10.3","7.6","6.0","22.98","18.17","0.0","64.1","82.1","74.5","5.0","6.0","5.5","0.0","0.0","0.0","9.8","7.5","2.1"
"20210914","堡林","巢备","22.5","25.6","20.4","22.3","22.5","27.3","18.7","2.5","0.0","6.6","0.5","8.4","5.4","7.06","20.27","0.0","85.1","84.6","75.3","9.3","6.6","5.8","0.0","0.0","0.0","10.3","5.2","2.1"
"20210913","堡林","巢备","24.2","28.8","20.6","20.7","22.6","27.3","18.9","0.0","4.2","7.2","4.0","0.9","5.0","15.62","7.89","0.0","69.8","97.9","75.7","8.8","8.9","6.2","0.0","0.0","0.0","8.0","4.5","2.0"
"20210912","堡林","巢备","24.8","30.1","20.6","21.4","22.7","27.4","19.1","0.0","5.8","6.3","8.0","0.8","5.0","18.2","11.66","0.0","83.3","93.8","75.7","7.0","9.9","6.2","0.0","0.0","0.0","5.2","6.2","1.9"
"20210911","堡林","巢备","24.9","30.3","20.7","20.2","22.8","27.5","19.1","0.0","26.6","5.1","8.2","0.0","4.8","20.67","3.5","0.0","83.9","98.1","76.0","2.9","9.9","6.2","0.0","0.0","0.0","3.7","5.1","1.9"
"20210910","堡林","巢备","23.1","25.9","21.0","22.8","23.0","27.7","19.3","0.0","0.0","4.9","0.3","4.8","4.8","7.33","15.46","0.0","93.0","89.1","76.0","8.5","8.4","6.2","0.0","0.0","0.0","2.8","3.1","1.8"
"20210909","堡林","巢备","23.1","28.5","18.3","21.6","23.2","28.0","19.4","0.0","25.3","4.5","4.3","4.0","5.2","16.68","12.78","0.0","84.5","92.8","75.9","7.8","8.3","6.0","0.0","0.0","0.0","4.2","10.2","1.8"
"20210908","堡林","巢备","22.7","27.5","20.0","24.1","23.3","28.1","19.5","0.0","0.0","3.6","7.0","5.8","5.3","19.76","15.67","0.0","84.4","89.3","76.2","5.9","5.5","5.9","0.0","0.0","0.0","5.2","8.6","1.9"
"20210907","堡林","巢备","22.4","25.3","20.2","20.1","23.4","28.1","19.8","2.4","30.1","5.6","0.4","0.5","5.2","6.73","6.26","0.0","94.4","97.9","76.7","9.3","8.6","6.1","0.0","0.0","0.0","6.7","13.5","1.9"
"20210906","堡林","巢备","21.2","23.1","18.0","20.6","23.8","28.5","20.1","2.1","11.3","5.8","0.0","0.0","5.6","6.07","5.86","0.0","93.3","97.4","76.1","9.9","10.0","5.9","0.0","0.0","0.0","9.7","12.9","1.9"
"20210905","堡林","巢备","21.6","24.3","19.2","22.0","24.0","28.7","20.3","1.1","0.0","6.0","0.0","0.0","5.6","5.99","6.73","0.0","91.1","92.4","75.9","10.0","10.0","5.9","0.0","0.0","0.0","6.8","5.5","1.9"
"20210904","堡林","巢备","23.4","26.8","20.1","24.1","24.1","28.8","20.7","0.0","0.0","6.6","3.8","8.4","5.6","13.17","19.74","0.0","88.6","78.6","76.4","8.8","2.6","5.9","0.0","0.0","0.0","6.4","6.3","2.0"
"20210903","堡林","巢备","22.4","27.5","19.7","23.6","24.5","29.2","20.9","1.3","17.0","6.4","2.9","7.8","6.0","14.17","20.66","0.0","94.1","87.5","76.0","8.8","5.3","5.7","0.0","0.0","0.0","5.3","14.9","1.9"
"20210902","堡林","巢备","21.6","24.0","20.6","24.9","24.6","29.3","21.0","3.4","49.4","6.3","0.0","0.1","6.1","5.69","6.3","0.0","98.4","97.8","75.9","9.5","10.0","5.7","0.0","0.0","0.0","5.7","12.8","2.0"
"20210901","堡林","巢备","24.5","26.5","22.0","26.7","24.5","29.0","21.1","45.7","0.1","6.8","0.4","5.9","5.6","5.5","15.61","0.0","97.4","88.0","76.9","9.4","7.4","6.1","0.0","0.0","0.0","8.8","7.0","2.1"
"20210831","堡林","巢备","26.5","31.0","22.9","27.2","24.6","29.1","21.2","0.0","10.0","8.0","5.2","4.1","5.4","18.43","13.63","0.0","89.5","95.3","77.5","7.0","5.4","6.2","0.0","0.0","0.0","7.6","7.4","2.1"
"20210830","堡林","巢备","25.5","29.9","22.7","28.4","24.8","29.3","21.3","1.9","0.0","8.4","3.4","9.0","5.6","16.25","21.05","0.0","91.0","85.6","77.5","7.9","6.0","6.1","0.0","0.0","0.0","7.2","4.9","2.1"
"20210829","堡林","巢备","25.5","27.7","23.5","27.1","24.8","29.2","21.4","24.6","26.7","10.6","0.7","2.7","5.3","9.2","14.45","0.0","97.8","95.1","78.3","9.5","8.1","6.3","0.0","0.0","0.0","7.9","9.6","2.1"
"20210828","堡林","巢备","25.1","30.4","20.6","28.4","24.9","29.2","21.5","0.0","0.0","10.6","5.9","8.6","5.1","19.74","21.46","0.0","84.3","86.5","78.7","6.1","6.0","6.3","0.0","0.0","0.0","4.7","9.0","2.0"
"20210827","堡林","巢备","23.5","28.2","21.0","28.4","25.1","29.5","21.7","10.6","0.0","12.6","0.4","6.8","5.0","7.63","16.91","0.0","98.9","88.3","78.9","8.3","8.3","6.3","0.0","0.0","0.0","11.9","16.5","2.0"
"20210826","堡林","巢备","26.3","31.3","23.1","27.6","25.2","29.5","21.9","0.0","33.6","12.7","6.4","2.1","4.9","21.14","5.6","0.0","82.4","86.0","79.2","5.9","9.1","6.4","0.0","0.0","0.0","5.0","16.9","2.0"
"20210825","堡林","巢备","25.2","28.7","23.3","29.0","25.3","29.6","22.1","10.7","0.0","12.6","0.4","10.1","4.6","8.42","20.88","0.0","97.9","76.3","79.2","9.8","3.9","6.7","0.0","0.0","0.0","7.1","9.4","2.1"
"20210824","堡林","巢备","25.2","28.0","22.5","28.3","25.4","29.7","22.2","29.6","0.0","11.2","0.0","10.6","4.7","0.0","23.14","0.0","98.8","81.1","79.1","9.4","3.0","6.7","0.0","0.0","0.0","15.4","7.9","2.0"
"20210823","堡林","巢备","24.1","26.1","22.7","27.4","25.7","30.1","22.5","30.6","0.0","11.2","0.0","5.4","4.8","0.0","18.45","0.0","98.8","86.4","79.0","9.9","6.5","6.6","0.0","0.0","0.0","7.4","4.6","2.0"
"20210822","堡林","巢备","25.8","29.8","22.4","27.2","25.9","30.2","22.7","0.0","0.0","9.7","6.2","1.9","5.0","18.26","13.05","0.0","89.5","85.9","78.8","7.9","9.1","6.4","0.0","0.0","0.0","5.1","6.2","2.0"
"20210821","堡林","巢备","24.5","25.9","23.3","27.9","26.0","30.3","22.8","19.9","0.0","9.8","0.0","0.0","5.2","3.8","0.0","0.0","98.0","85.0","78.3","9.0","3.9","6.4","0.0","0.0","0.0","11.4","5.7","2.0"
"20210820","堡林","巢备","24.8","29.8","19.9","28.2","26.2","30.6","23.0","0.0","0.0","12.3","9.3","10.3","5.3","21.48","25.35","0.0","84.0","82.0","78.1","3.1","2.5","6.2","0.0","0.0","0.0","7.4","5.4","2.0"
"20210819","堡林","巢备","22.7","28.3","20.2","28.2","26.5","31.0","23.2","19.2","0.0","12.4","5.4","12.3","5.5","15.44","26.81","0.0","90.6","79.8","77.7","6.4","1.0","6.2","0.0","0.0","0.0","10.0","5.6","2.0"
"20210818","堡林","巢备","22.7","28.8","20.0","28.6","26.5","31.0","23.3","22.7","0.0","11.7","4.5","10.7","5.4","13.72","25.62","0.0","93.4","82.1","77.9","6.9","2.4","6.3","0.0","0.0","0.0","6.7","4.9","2.0"
"20210817","堡林","巢备","25.5","30.7","20.4","28.6","26.7","31.2","23.4","17.2","0.0","10.3","9.5","8.6","5.4","24.47","22.05","0.0","73.9","84.5","77.7","7.0","4.1","6.3","0.0","0.0","0.0","6.6","5.5","2.0"
"20210816","堡林","巢备","25.7","30.4","21.2","28.3","26.8","31.2","23.6","0.0","0.0","9.7","0.0","9.8","5.4","0.0","24.17","0.0","79.5","87.1","78.2","4.6","4.4","6.4","0.0","0.0","0.0","6.3","7.4","2.0"
"20210815","堡林","巢备","24.7","30.8","21.8","28.6","26.9","31.2","23.7","13.7","0.0","7.8","5.6","9.5","5.3","16.53","24.0","0.0","87.5","84.4","78.5","7.3","3.5","6.4","0.0","0.0","0.0","5.5","8.8","2.0"
"20210814","堡林","巢备","24.3","27.9","22.3","28.9","26.9","31.1","23.8","12.8","0.0","8.4","3.4","7.5","5.2","15.5","20.31","0.0","88.9","88.4","78.9","7.9","5.6","6.6","0.0","0.0","0.0","7.7","8.7","2.1"
"20210813","堡林","巢备","25.6","29.5","22.8","28.4","26.9","31.2","23.8","4.0","0.0","8.0","0.3","8.0","5.1","11.44","21.73","0.0","90.0","91.3","78.8","9.3","5.0","6.6","0.0","0.0","0.0","6.4","10.3","2.1"
"20210812","堡林","巢备","26.3","30.3","22.8","27.6","27.0","31.2","23.8","0.6","4.6","9.6","3.9","2.4","5.1","14.3","12.79","0.0","84.8","96.4","78.9","7.1","8.8","6.7","0.0","0.0","0.0","4.5","9.4","2.1"
"20210811","堡林","巢备","26.5","30.9","22.5","26.9","27.1","31.3","23.9","0.0","9.3","9.6","6.1","0.9","5.1","17.82","11.06","0.0","83.1","98.4","78.7","5.3","9.8","6.6","0.0","0.0","0.0","7.6","10.7","2.2"
"20210810","堡林","巢备","27.6","32.3","24.8","25.8","27.1","31.5","23.9","0.0","72.3","11.5","7.1","0.8","5.4","20.12","5.02","0.0","80.6","98.4","78.5","7.0","9.4","6.5","0.0","0.0","0.0","6.8","8.8","2.3"
"20210809","堡林","巢备","27.2","33.0","22.7","27.7","27.2","31.6","24.0","0.0","17.6","13.3","10.1","7.3","5.4","25.99","19.64","0.0","81.3","88.0","78.4","5.0","7.5","6.3","0.0","0.0","0.0","6.0","11.2","2.3"
"20210808","堡林","巢备","26.0","29.9","22.9","25.0","27.4","31.9","24.1","5.0","255.5","13.8","1.7","0.0","5.8","10.24","3.86","0.0","91.0","98.8","77.8","7.6","10.0","6.1","0.0","0.0","0.0","4.4","10.1","2.3"
"20210807","堡林","巢备","27.8","34.0","22.8","24.5","27.5","32.2","24.1","0.0","259.5","12.0","10.4","0.0","6.1","25.37","2.33","0.0","79.1","99.0","77.0","4.8","10.0","5.7","0.0","0.0","0.0","5.1","10.0","2.3"
"20210806","堡林","巢备","26.6","34.5","20.2","25.5","27.6","32.2","24.1","59.4","38.8","12.6","9.5","0.0","6.3","24.15","3.23","0.0","85.0","99.0","76.6","3.8","9.9","5.5","0.0","0.0","0.0","15.2","11.5","2.3"
"20210805","堡林","巢备","28.8","33.2","24.7","28.2","27.6","32.1","24.2","0.0","6.6","9.9","5.9","3.8","6.3","18.02","15.59","0.0","79.3","89.9","76.3","4.1","8.1","5.4","0.0","0.0","0.0","6.2","10.4","2.4"
"20210804","堡林","巢备","28.6","34.2","23.6","28.5","27.7","32.2","24.3","0.0","0.0","7.3","9.1","7.2","6.4","23.1","22.2","0.0","79.5","84.4","75.9","3.4","7.8","5.4","0.0","0.0","0.0","5.4","10.7","2.4"
"20210803","堡林","巢备","27.0","31.3","23.3","27.7","27.8","32.2","24.4","9.9","0.0","7.8","5.6","2.7","6.4","17.07","16.02","0.0","90.5","90.4","76.0","7.0","8.1","5.4","0.0","0.0","0.0","6.4","13.6","2.5"
"20210802","堡林","巢备","26.9","30.4","24.5","27.4","27.8","32.2","24.6","45.3","0.7","8.1","2.4","3.3","6.3","12.71","16.25","0.0","96.1","91.1","76.2","9.3","8.6","5.6","0.0","0.0","0.0","5.9","11.4","2.6"
"20210801","堡林","巢备","28.2","32.6","25.7","26.3","27.9","32.3","24.7","1.0","2.9","7.1","3.3","3.4","6.2","16.19","15.06","0.0","86.3","93.5","76.6","8.6","8.6","5.8","0.0","0.0","0.0","6.7","8.9","2.5"
"20210731","堡林","巢备","29.1","34.0","25.2","27.4","27.9","32.3","24.6","25.4","0.0","6.8","8.4","2.0","6.1","23.36","15.27","0.0","80.1","91.5","76.9","6.3","8.9","6.0","0.0","0.0","0.0","5.8","4.7","2.4"
"20210730","堡林","巢备","28.1","33.2","23.6","26.8","27.7","32.2","24.5","0.4","3.2","6.6","6.9","3.5","5.9","20.07","15.89","0.0","77.5","96.6","77.5","6.3","8.5","6.2","0.0","0.0","0.0","7.2","7.6","2.4"
"20210729","堡林","巢备","29.0","34.6","25.0","24.9","27.6","32.0","24.3","0.0","115.5","5.5","7.7","0.0","5.7","20.75","5.24","0.0","72.9","99.0","77.4","4.9","9.8","6.3","0.0","0.0","0.0","7.3","5.3","2.3"
"20210728","堡林","巢备","28.9","33.9","24.7","25.0","27.4","31.9","24.2","0.0","47.8","5.3","7.3","0.2","5.8","19.15","9.52","0.0","71.9","98.1","77.3","4.4","10.0","6.3","0.0","0.0","0.0","6.9","10.1","2.3"
"20210727","堡林","巢备","28.3","34.3","23.0","23.2","27.3","31.8","24.1","0.0","8.9","5.2","9.7","0.0","5.9","19.96","9.47","0.0","67.9","94.1","77.2","1.8","10.0","6.3","0.0","0.0","0.0","6.2","4.1","2.4"
"20210726","堡林","巢备","28.3","32.8","24.7","23.3","27.2","31.7","24.0","0.0","0.0","5.3","8.3","3.8","5.7","20.25","16.79","0.0","67.3","88.8","77.3","5.1","8.1","6.4","0.0","0.0","0.0","7.5","5.7","2.4"
"20210725","堡林","巢备","29.0","34.0","25.5","22.0","27.1","31.6","24.0","0.0","1.6","5.4","8.0","0.4","5.7","22.94","8.49","0.0","61.5","97.4","77.1","6.6","9.0","6.4","0.0","0.0","0.0","8.2","4.6","2.5"
"20210724","堡林","巢备","29.1","32.8","25.8","20.9","27.1","31.5","23.9","0.0","21.9","5.3","9.1","0.0","5.8","22.86","6.87","0.0","68.3","98.9","77.5","7.9","9.3","6.4","0.0","0.0","0.0","6.1","13.7","2.6"
"20210723","堡林","巢备","28.7","33.6","24.4","22.8","27.0","31.3","23.9","0.0","54.1","5.5","7.9","0.1","5.6","22.38","4.67","0.0","70.9","98.4","78.1","6.8","10.0","6.5","0.0","0.0","0.0","6.9","12.5","2.6"
"20210722","堡林","巢备","28.7","32.9","23.7","23.0","26.9","31.2","23.8","0.0","19.7","5.4","10.6","0.0","5.3","23.56","5.19","0.0","70.5","99.0","78.5","4.8","10.0","6.6","0.0","0.0","0.0","7.3","4.9","2.6"
"20210721","堡林","巢备","29.0","35.1","23.2","24.7","26.8","31.1","23.6","0.0","9.4","5.5","10.9","4.0","5.5","26.22","19.51","0.0","74.6","87.8","78.4","3.8","9.0","6.4","0.0","0.0","0.0","6.5","5.5","2.6"
"20210720","堡林","巢备","27.7","31.1","24.7","24.8","26.6","30.9","23.4","0.0","6.1","5.2","3.2","0.5","5.5","17.52","11.25","0.0","81.5","94.1","78.3","7.5","10.0","6.4","0.0","0.0","0.0","5.3","10.9","2.5"
"20210719","堡林","巢备","27.8","32.5","24.1","26.2","26.3","30.6","23.2","0.0","0.0","6.0","7.9","1.1","5.2","20.79","12.8","0.0","78.4","88.6","78.8","6.0","9.8","6.5","0.0","0.0","0.0","5.9","11.5","2.5"
"20210718","堡林","巢备","27.3","32.1","23.4","23.7","26.1","30.2","23.0","0.0","0.0","7.8","6.4","2.8","4.9","22.12","17.23","0.0","77.8","79.8","79.4","5.9","9.6","6.8","0.0","0.0","0.0","6.6","9.1","2.5"
"20210717","堡林","巢备","26.2","31.6","21.5","24.4","25.8","29.9","22.8","0.2","0.0","9.9","9.5","4.8","4.6","23.31","20.8","0.0","82.1","84.0","80.0","5.6","6.6","7.1","0.0","0.0","0.0","6.2","5.5","2.5"
"20210716","堡林","巢备","25.9","32.7","22.8","22.7","25.6","29.7","22.7","1.4","0.0","10.6","6.8","5.4","4.4","18.0","20.37","0.0","92.5","89.5","80.4","5.4","6.8","7.3","0.0","0.0","0.0","7.8","5.6","2.4"
"20210715","堡林","巢备","28.7","33.4","24.0","19.8","25.4","29.5","22.6","0.0","9.8","12.0","9.6","0.0","4.0","26.02","5.79","0.0","78.4","98.6","81.3","6.0","9.8","7.5","0.0","0.0","0.0","7.0","4.3","2.5"
"20210714","堡林","巢备","28.2","31.4","26.0","19.5","25.3","29.3","22.5","0.0","1.3","14.0","2.2","0.0","3.8","16.15","4.11","0.0","84.8","98.8","81.7","7.9","9.8","7.7","0.0","0.0","0.0","7.0","8.6","2.5"
"20210713","堡林","巢备","28.4","32.3","25.5","21.5","25.2","29.1","22.4","0.0","121.2","15.8","8.1","0.8","3.6","22.3","8.1","0.0","81.5","98.0","82.0","5.6","9.8","7.8","0.0","0.0","0.0","8.1","13.4","2.5"
"20210712","堡林","巢备","28.1","32.4","24.9","21.9","25.1","29.0","22.3","0.0","37.0","16.1","6.3","0.0","3.7","21.16","4.84","0.0","87.5","94.4","81.8","6.5","10.0","7.8","0.0","0.0","0.0","6.7","7.4","2.5"
"20210711","堡林","巢备","27.2","31.8","23.1","24.9","25.1","28.9","22.2","0.0","0.0","16.5","4.0","2.6","3.5","17.66","16.16","0.0","90.5","88.1","81.8","6.1","9.4","7.9","0.0","0.0","0.0","6.0","7.8","2.5"
"20210710","堡林","巢备","26.4","31.3","23.7","24.7","25.0","28.9","22.0","0.0","68.1","14.5","4.9","1.9","3.7","19.24","14.42","0.0","90.9","91.3","81.2","5.6","9.1","7.8","0.0","0.0","0.0","9.1","10.5","2.4"
"20210709","堡林","巢备","25.8","30.2","23.5","25.0","24.9","28.9","21.9","4.2","0.0","13.4","4.7","5.0","4.0","17.77","17.78","0.0","94.4","82.0","80.6","7.5","6.4","7.7","0.0","0.0","0.0","6.6","6.2","2.4"
"20210708","堡林","巢备","25.6","29.8","23.3","24.8","24.8","28.9","21.8","0.9","0.0","10.2","0.8","9.1","4.3","11.66","25.17","0.0","96.9","81.1","80.2","9.5","5.9","7.6","0.0","0.0","0.0","5.8","4.9","2.4"
"20210707","堡林","巢备","25.2","27.8","24.1","25.3","24.7","28.9","21.6","17.9","0.0","9.8","0.1","8.4","4.2","7.0","23.24","0.0","99.0","82.9","80.4","10.0","4.9","7.6","0.0","0.0","0.0","7.6","6.2","2.3"
"20210706","堡林","巢备","23.1","24.5","21.4","22.9","24.5","28.7","21.5","119.5","0.3","9.6","0.0","0.5","4.1","3.27","7.84","0.0","99.0","95.4","80.8","10.0","8.9","7.7","0.0","0.0","0.0","4.5","6.7","2.3"
"20210705","堡林","巢备","21.9","23.1","20.1","22.5","24.4","28.5","21.5","29.1","0.0","11.3","0.0","2.2","3.9","5.21","15.89","0.0","98.6","88.4","81.5","10.0","7.5","7.8","0.0","0.0","0.0","5.6","6.7","2.4"
"20210704","堡林","巢备","23.1","25.4","21.9","20.1","24.4","28.3","21.5","1.6","0.0","10.7","0.1","0.0","3.4","8.93","7.31","0.0","96.6","95.0","82.1","9.6","9.1","8.1","0.0","0.0","0.0","14.6","4.3","2.4"
"20210703","堡林","巢备","23.7","25.4","22.4","20.3","24.3","28.1","21.4","27.0","7.4","13.3","0.3","0.0","3.3","5.56","5.88","0.0","93.9","88.9","82.5","9.0","10.0","8.2","0.0","0.0","0.0","10.2","9.4","2.4"
"20210702","堡林","巢备","26.1","31.4","22.4","23.1","24.1","27.9","21.4","0.0","0.0","11.8","4.0","3.0","3.1","17.21","15.21","0.0","81.8","80.4","82.6","7.1","8.3","8.4","0.0","0.0","0.0","7.2","6.1","2.4"
"20210701","堡林","巢备","25.7","31.2","20.3","22.1","24.1","27.9","21.2","0.0","0.0","11.6","8.6","7.4","3.2","23.86","23.35","0.0","77.6","75.6","82.1","4.8","6.9","8.3","0.0","0.0","0.0","8.8","5.4","2.4"
"20210630","堡林","巢备","23.9","28.8","20.7","20.0","24.0","27.9","21.0","3.0","4.9","10.9","2.4","0.1","3.4","16.01","8.0","0.0","84.6","96.9","81.4","7.0","9.6","8.0","0.0","0.0","0.0","4.4","10.9","2.3"
"20210629","堡林","巢备","23.2","29.3","19.7","21.4","23.8","27.9","20.8","1.1","41.5","11.2","3.8","0.0","3.7","18.5","5.43","0.0","88.3","96.8","80.7","6.9","9.4","7.8","0.0","0.0","0.0","5.9","10.8","2.3"
"20210628","堡林","巢备","22.8","28.8","20.0","25.0","23.7","27.9","20.6","18.8","0.0","9.1","5.0","12.6","3.8","15.34","28.27","0.0","91.3","75.8","79.9","5.4","2.0","7.7","0.0","0.0","0.0","8.5","6.4","2.3"
"20210627","堡林","巢备","24.7","29.5","20.0","25.1","23.6","27.9","20.3","0.9","0.0","9.8","7.4","5.6","4.1","19.62","20.33","0.0","76.4","80.3","78.7","5.1","5.6","7.5","0.0","0.0","0.0","5.7","6.3","2.3"
"20210626","堡林","巢备","23.9","29.2","20.2","23.8","23.3","27.7","20.0","0.3","0.0","10.4","3.6","7.3","4.0","17.02","23.34","0.0","79.3","80.4","78.0","8.1","6.9","7.5","0.0","0.0","0.0","6.4","5.2","2.2"
"20210625","堡林","巢备","23.4","28.8","19.4","22.2","23.2","27.6","19.9","6.4","0.0","9.4","4.7","0.0","4.0","18.37","5.86","0.0","81.1","94.5","77.1","6.8","10.0","7.5","0.0","0.0","0.0","5.4","7.0","2.2"
"20210624","堡林","巢备","23.0","27.5","20.0","23.1","23.1","27.6","19.7","0.0","8.6","8.7","3.9","0.0","4.3","16.34","6.31","0.0","79.6","88.9","76.2","7.1","10.0","7.4","0.0","0.0","0.0","4.9","10.5","2.2"
"20210623","堡林","巢备","23.0","27.6","20.8","25.4","23.3","27.9","19.7","0.2","0.0","7.6","4.1","9.4","4.8","15.77","25.84","0.0","81.1","65.1","74.9","6.8","6.5","7.2","0.0","0.0","0.0","8.5","8.6","2.1"
"20210622","堡林","巢备","24.3","29.7","19.5","24.5","23.3","28.1","19.6","0.0","0.0","6.3","9.5","10.8","5.2","25.03","25.25","0.0","70.0","77.1","74.8","3.6","2.6","6.9","0.0","0.0","0.0","6.9","6.9","2.1"
"20210621","堡林","巢备","25.1","32.8","19.3","24.2","23.3","28.4","19.5","0.0","0.0","4.8","12.7","9.1","5.6","30.89","23.21","0.0","55.4","77.3","74.2","1.9","5.0","6.6","0.0","0.0","0.0","6.0","7.7","2.0"
"20210620","堡林","巢备","24.0","30.5","18.6","22.9","23.3","28.4","19.4","0.0","0.0","5.4","10.4","4.3","5.7","27.47","18.12","0.0","64.8","82.5","73.9","5.8","6.4","6.5","0.0","0.0","0.0","7.2","4.4","2.0"
"20210619","堡林","巢备","23.1","29.0","18.7","22.2","23.3","28.5","19.3","0.0","2.4","4.9","8.8","7.7","5.9","24.58","24.82","0.0","80.0","81.8","73.0","4.6","6.6","6.4","0.0","0.0","0.0","4.1","6.4","2.0"
"20210618","堡林","巢备","21.3","23.6","19.0","18.3","23.1","28.5","18.9","4.1","33.8","4.3","0.0","0.0","5.9","0.0","5.22","0.0","97.4","98.6","71.9","9.6","10.0","6.2","0.0","0.0","0.0","3.9","9.1","2.0"
"20210617","堡林","巢备","22.4","25.7","19.9","22.2","23.0","28.5","18.8","0.9","2.0","3.8","2.5","3.2","6.1","10.65","16.04","0.0","82.9","78.9","70.8","8.6","9.0","6.1","0.0","0.0","0.0","3.5","6.5","2.0"
"20210616","堡林","巢备","23.4","28.0","19.7","24.0","22.9","28.3","18.6","0.0","0.0","3.8","8.5","11.3","6.1","24.6","27.97","0.0","76.9","65.5","70.4","7.1","6.9","6.0","0.0","0.0","0.0","8.8","6.3","2.0"
"20210615","堡林","巢备","20.9","22.6","19.4","23.5","22.8","28.3","18.4","21.2","0.0","3.2","0.0","11.9","6.3","5.95","29.3","0.0","93.8","68.5","69.7","9.6","3.8","5.9","0.0","0.0","0.0","10.1","6.3","2.0"
"20210614","堡林","巢备","23.4","27.5","18.9","23.1","22.6","28.2","18.3","0.0","50.3","3.0","4.5","1.5","6.3","20.03","8.47","0.0","82.3","92.1","69.8","7.5","8.9","5.8","0.0","0.0","0.0","7.3","9.4","2.0"
"20210613","堡林","巢备","23.9","30.0","20.2","23.9","22.5","27.9","18.3","0.0","36.3","3.2","7.4","0.3","6.0","25.61","8.47","0.0","83.8","96.0","70.5","6.0","10.0","6.0","0.0","0.0","0.0","6.3","6.8","2.0"
"20210612","堡林","巢备","25.1","30.3","21.3","25.4","22.5","27.8","18.3","0.0","15.9","4.3","8.1","4.5","5.9","21.84","20.29","0.0","83.4","86.6","70.9","7.4","8.3","6.2","0.0","0.0","0.0","7.6","7.3","2.1"
"20210611","堡林","巢备","24.3","29.6","20.0","25.4","22.5","27.9","18.3","27.4","0.5","4.1","6.6","3.0","6.1","23.36","13.2","0.0","84.4","90.0","70.4","7.0","7.6","6.3","0.0","0.0","0.0","9.1","4.8","2.1"
"20210610","堡林","巢备","23.6","26.4","21.2","24.9","22.3","27.7","18.2","9.7","3.5","3.6","2.2","7.8","5.9","11.99","21.11","0.0","70.8","77.4","70.7","9.3","6.5","6.4","0.0","0.0","0.0","11.3","9.7","2.1"
"20210609","堡林","巢备","26.0","32.1","20.2","26.7","22.3","27.7","18.0","0.0","0.0","3.1","12.2","11.7","5.9","28.61","28.6","0.0","61.5","55.6","70.4","3.3","2.9","6.3","0.0","0.0","0.0","7.6","8.8","2.0"
"20210608","堡林","巢备","25.5","31.9","18.7","26.0","22.2","27.8","17.9","0.0","0.0","3.1","11.7","12.7","6.2","28.42","29.34","0.0","57.5","58.6","69.8","3.8","0.0","6.2","0.0","0.0","0.0","5.3","8.3","2.0"
"20210607","堡林","巢备","24.1","30.3","17.4","24.3","22.1","27.9","17.6","0.0","0.0","2.1","10.6","9.4","6.5","25.55","25.89","0.0","56.3","71.3","68.7","4.1","3.8","5.9","0.0","0.0","0.0","5.1","6.7","1.9"
"20210606","堡林","巢备","22.8","28.7","17.4","24.0","22.0","27.8","17.4","0.0","0.2","1.6","10.6","5.9","6.7","25.15","21.74","0.0","61.6","83.9","67.8","1.6","7.5","5.7","0.0","0.0","0.0","8.1","7.6","1.8"
"20210605","堡林","巢备","20.9","27.0","14.9","25.0","21.9","27.9","17.2","0.0","0.0","1.6","9.0","8.6","7.0","22.66","25.15","0.0","81.1","78.6","66.6","2.9","6.8","5.5","0.0","0.0","0.0","7.8","6.4","1.9"
"20210604","堡林","巢备","20.0","25.2","16.3","24.9","21.8","27.8","16.9","1.4","0.0","2.8","11.1","10.7","7.1","29.77","28.52","0.0","67.1","72.5","65.8","4.6","4.3","5.4","0.0","0.0","0.0","6.8","7.1","1.9"
"20210603","堡林","巢备","19.8","21.5","18.2","22.7","21.6","27.6","16.6","22.7","0.0","3.1","0.0","3.6","7.2","5.13","15.54","0.0","92.6","83.4","65.1","9.5","8.3","5.3","0.0","0.0","0.0","7.4","7.0","2.0"
"20210602","堡林","巢备","23.4","28.4","19.0","21.3","21.3","27.3","16.2","0.0","0.0","3.1","7.5","9.3","7.5","21.53","25.32","0.0","61.0","61.3","64.4","6.6","5.3","5.1","0.0","0.0","0.0","8.0","10.0","2.0"
"20210601","堡林","巢备","23.5","29.6","17.1","21.1","21.0","27.0","16.0","0.0","0.0","3.4","11.8","9.1","7.4","27.42","27.27","0.0","51.3","64.4","64.5","4.0","4.0","5.2","0.0","0.0","0.0","5.1","7.3","2.0"
"20210531","堡林","巢备","23.7","29.3","17.8","20.1","21.0","27.2","15.7","0.0","3.3","3.2","11.2","1.5","7.6","28.51","15.59","0.0","43.0","79.4","64.0","3.0","9.6","5.0","0.0","0.0","0.0","5.6","9.3","2.0"
"20210530","堡林","巢备","22.1","29.5","15.1","22.1","20.8","27.0","15.5","0.0","0.0","2.6","12.4","2.8","7.6","29.57","18.11","0.0","49.1","52.9","63.8","2.4","8.9","4.9","0.0","0.0","0.0","7.8","5.9","2.0"
"20210529","堡林","巢备","19.4","25.9","13.1","21.3","20.6","26.7","15.2","0.0","0.0","2.3","12.8","12.1","7.7","29.2","27.36","0.0","68.8","65.1","63.5","1.1","5.1","4.9","0.0","0.0","0.0","4.9","8.0","2.0"
"20210528","堡林","巢备","17.9","23.6","12.9","18.6","20.4","26.5","15.2","10.0","0.0","2.6","9.2","11.3","7.3","19.25","27.12","0.0","80.6","74.4","63.5","4.1","3.9","5.1","0.0","0.0","0.0","13.6","8.8","2.0"
"20210527","堡林","巢备","16.8","22.8","13.8","19.5","20.4","26.5","15.1","0.0","0.0","2.0","5.4","12.5","7.4","14.99","27.8","0.0","84.9","62.6","63.5","5.9","4.9","5.1","0.0","0.0","0.0","7.4","7.6","2.0"
"20210526","堡林","巢备","18.3","24.9","13.6","18.9","20.1","26.0","15.0","0.0","0.0","2.5","2.5","6.6","7.1","15.72","17.6","0.0","59.8","76.5","64.0","10.0","7.0","5.2","0.0","0.0","0.0","10.4","7.0","2.1"
"20210525","堡林","巢备","17.6","22.8","13.3","18.5","20.1","26.0","14.9","0.0","0.0","2.0","8.7","2.9","7.5","24.88","18.01","0.0","62.1","81.6","63.9","5.4","9.1","5.1","0.0","0.0","0.0","10.2","4.9","2.2"
"20210524","堡林","巢备","19.9","24.9","15.4","18.3","20.1","26.1","14.8","0.4","8.0","1.7","8.9","1.1","7.7","25.07","7.71","0.0","68.9","92.5","63.8","5.0","8.5","4.9","0.0","0.0","0.0","6.5","6.9","2.2"
"20210523","堡林","巢备","22.0","30.4","14.2","20.2","20.0","26.1","14.6","0.0","0.0","1.9","9.5","12.6","7.9","25.99","28.68","0.0","66.4","67.1","63.6","5.9","2.4","4.8","0.0","0.0","0.0","6.5","6.7","2.1"
"20210522","堡林","巢备","19.3","26.4","12.4","19.6","19.8","26.0","14.3","0.0","0.0","2.0","13.0","12.3","8.1","29.55","28.61","0.0","67.3","61.0","63.2","1.5","2.4","4.6","0.0","0.0","0.0","6.0","8.7","2.2"
"20210521","堡林","巢备","16.4","20.4","13.9","18.1","19.6","25.8","14.1","0.2","0.0","2.0","6.4","11.3","8.2","19.07","28.48","0.0","82.1","71.1","63.4","6.5","4.1","4.6","0.0","0.0","0.0","9.7","7.8","2.2"
"20210520","堡林","巢备","16.5","20.6","13.6","15.7","19.3","25.5","13.8","11.2","0.0","2.7","0.0","11.6","7.8","5.17","27.25","0.0","93.4","70.1","64.1","9.9","1.9","4.7","0.0","0.0","0.0","9.1","6.5","2.2"
"20210519","堡林","巢备","21.2","28.2","14.4","13.5","18.9","25.0","13.6","0.0","4.2","2.9","8.4","1.3","7.6","26.71","7.12","0.0","63.3","89.1","64.6","6.4","7.9","4.8","0.0","0.0","0.0","5.5","11.1","2.2"
"20210518","堡林","巢备","18.1","24.0","13.6","18.8","18.7","24.6","13.6","0.0","14.3","3.0","6.1","4.1","7.3","20.51","17.87","0.0","82.1","84.8","65.6","7.5","6.5","5.1","0.0","0.0","0.0","5.6","12.5","2.2"
"20210517","堡林","巢备","15.9","18.1","14.4","20.6","18.6","24.4","13.6","1.4","0.0","3.4","0.0","8.8","6.8","6.29","24.57","0.0","98.1","79.5","66.8","8.4","6.3","5.5","0.0","0.0","0.0","5.8","7.6","2.2"
"20210516","堡林","巢备","20.8","23.7","18.1","19.1","18.5","24.4","13.5","59.6","0.0","3.2","0.1","5.1","6.9","5.31","18.77","0.0","99.0","89.5","66.4","10.0","8.6","5.5","0.0","0.0","0.0","8.9","5.7","2.1"
"20210515","堡林","巢备","21.6","23.4","19.3","18.2","18.4","24.3","13.3","30.2","14.5","2.7","0.0","0.0","7.0","6.27","3.31","0.0","96.1","94.0","65.9","10.0","10.0","5.4","0.0","0.0","0.0","9.6","9.6","2.1"
"20210514","堡林","巢备","23.0","28.7","17.6","19.8","18.2","23.9","13.1","0.0","0.0","2.9","6.0","2.2","6.9","20.85","8.24","0.0","66.8","43.0","66.9","8.5","7.0","5.4","0.0","0.0","0.0","7.8","7.9","2.1"
"20210513","堡林","巢备","22.5","30.0","16.5","16.9","17.9","23.8","12.8","0.0","0.0","3.7","11.7","12.9","7.0","27.09","30.31","0.0","62.8","50.4","66.6","2.8","0.4","5.3","0.0","0.0","0.0","7.0","7.7","2.1"
"20210512","堡林","巢备","22.2","29.0","15.1","16.7","17.6","23.5","12.5","0.0","0.0","4.2","8.7","12.4","7.2","23.31","26.95","0.0","48.5","64.4","66.5","4.9","1.6","5.1","0.0","0.0","0.0","6.6","10.9","2.1"
"20210511","堡林","巢备","19.4","23.2","15.8","18.8","17.4","23.3","12.3","0.0","0.0","4.5","0.5","10.0","7.0","13.85","27.78","0.0","55.8","66.5","66.3","9.3","5.6","5.2","0.0","0.0","0.0","7.5","7.3","2.2"
"20210510","堡林","巢备","18.3","22.6","14.6","15.0","17.4","23.4","12.4","0.0","0.0","4.4","0.3","2.7","6.9","11.37","13.42","0.0","39.8","93.0","65.7","9.5","6.4","5.3","0.0","0.0","0.0","8.0","6.8","2.2"
"20210509","堡林","巢备","17.5","24.5","10.5","17.0","17.5","23.6","12.3","0.0","22.4","4.6","12.3","0.2","7.0","29.04","5.94","0.0","43.8","96.1","64.7","1.6","10.0","5.2","0.0","0.0","0.0","7.4","10.8","2.2"
"20210508","堡林","巢备","16.2","24.3","8.3","18.1","17.5","23.5","12.2","0.0","4.4","4.4","11.0","7.6","6.7","27.0","23.07","0.0","58.9","59.5","64.6","3.3","8.0","5.3","0.0","0.0","0.0","11.0","11.1","2.2"
"20210507","堡林","巢备","16.3","22.1","11.5","19.9","17.6","23.7","12.1","0.0","0.0","3.6","6.8","12.6","6.9","14.29","28.89","0.0","49.9","45.3","63.1","4.8","3.1","5.1","0.0","0.0","0.0","10.9","9.1","2.2"
"20210506","堡林","巢备","16.0","23.4","7.1","21.6","17.6","23.8","12.0","0.0","0.0","3.2","8.4","12.5","7.4","22.42","29.65","0.0","43.6","62.8","62.4","6.1","0.5","4.8","0.0","0.0","0.0","7.0","10.5","2.3"
"20210505","堡林","巢备","15.0","20.6","10.9","17.9","17.4","23.6","11.8","0.0","0.0","3.8","12.2","2.0","7.3","29.19","15.29","0.0","57.1","78.4","63.0","2.9","8.3","4.7","0.0","0.0","0.0","8.9","7.7","2.3"
"20210504","堡林","巢备","17.4","20.8","15.1","19.5","17.3","23.6","11.7","13.6","0.0","3.4","0.0","8.7","7.4","7.68","23.16","0.0","87.1","78.1","63.0","9.8","6.0","4.8","0.0","0.0","0.0","10.6","8.2","2.3"
"20210503","堡林","巢备","15.6","23.8","7.6","19.1","17.2","23.6","11.7","0.0","25.4","2.7","10.5","1.6","7.5","28.3","12.13","0.0","61.9","91.0","63.3","2.9","8.9","4.7","0.0","0.0","0.0","7.7","9.7","2.3"
"20210502","堡林","巢备","12.3","18.7","8.2","20.6","17.2","23.5","11.8","0.0","0.3","2.8","7.0","1.1","7.3","20.18","11.14","0.0","69.5","76.6","64.4","3.9","8.9","4.9","0.0","0.0","0.0","5.1","8.3","2.4"
"20210501","堡林","巢备","10.6","14.1","8.6","21.6","17.0","23.1","11.6","12.8","0.0","3.7","2.8","6.9","6.8","11.22","19.45","0.0","78.8","77.6","65.6","7.6","7.4","5.1","0.0","0.0","0.0","8.0","12.8","2.4"
"20210430","堡林","巢备","14.7","19.7","10.1","18.4","16.7","23.0","11.2","0.3","0.0","3.3","9.4","11.2","7.1","27.07","26.73","0.0","59.8","60.0","64.7","6.1","3.6","5.0","0.0","0.0","0.0","9.8","13.4","2.4"
"20210429","堡林","巢备","17.4","23.3","11.8","15.7","16.1","22.5","10.6","1.8","0.0","3.1","9.9","12.5","7.1","26.41","28.46","0.0","47.5","41.6","63.8","6.1","0.0","4.9","0.0","0.0","0.0","16.0","7.4","2.3"
"20210428","堡林","巢备","17.9","23.2","13.8","13.4","15.7","22.1","10.0","0.0","0.0","3.4","7.6","12.5","7.3","21.43","28.4","0.0","53.8","53.6","62.5","8.3","0.0","4.7","0.0","0.0","0.0","6.2","10.2","2.3"
"20210427","堡林","巢备","16.6","21.6","11.9","12.8","15.1","21.8","9.3","0.0","0.0","3.4","1.7","12.5","7.6","15.23","28.33","0.0","53.8","39.1","61.0","8.6","0.0","4.5","0.0","0.0","0.0","7.3","8.3","2.2"
"20210426","堡林","巢备","16.5","22.7","12.1","13.0","14.8","21.5","8.9","0.0","0.0","2.3","12.2","11.9","7.9","26.52","27.73","0.0","50.6","44.3","59.4","4.8","1.6","4.3","0.0","0.0","0.0","7.0","10.7","2.1"
"20210425","堡林","巢备","17.8","25.9","12.5","14.2","14.6","21.1","8.9","0.0","0.0","2.6","8.3","11.2","7.7","22.24","26.43","0.0","51.1","56.0","59.9","3.1","0.8","4.4","0.0","0.0","0.0","9.5","14.8","2.1"
"20210424","堡林","巢备","19.1","27.2","13.4","11.2","14.6","21.0","9.1","0.0","0.0","3.1","10.4","12.6","7.5","26.14","29.19","0.0","33.5","40.9","60.8","5.5","0.0","4.6","0.0","0.0","0.0","6.3","12.3","2.1"
"20210423","堡林","巢备","21.3","26.9","17.2","9.5","14.7","21.0","9.3","0.0","0.0","3.3","6.1","11.5","7.3","21.81","26.88","0.0","28.4","46.9","61.3","7.6","2.8","4.8","0.0","0.0","0.0","9.5","11.0","2.2"
"20210422","堡林","巢备","19.7","23.5","15.7","8.8","14.7","20.8","9.5","0.0","0.0","3.2","0.3","11.0","6.9","10.47","27.01","0.0","36.5","39.6","62.2","9.5","2.3","5.0","0.0","0.0","0.0","8.0","14.2","2.2"
"20210421","堡林","巢备","19.2","26.6","11.3","10.0","14.7","20.8","9.4","0.0","0.0","3.7","6.3","10.7","6.7","19.37","27.93","0.0","37.9","47.3","63.0","8.1","4.6","5.2","0.0","0.0","0.0","6.8","11.9","2.3"
"20210420","堡林","巢备","15.9","26.4","6.4","11.6","14.6","20.8","9.3","0.0","0.0","3.5","12.0","3.5","6.6","27.0","16.68","0.0","48.9","78.5","62.8","1.9","7.4","5.2","0.0","0.0","0.0","5.2","9.5","2.4"
"20210419","堡林","巢备","12.8","21.0","4.8","11.5","14.5","20.9","9.0","0.0","27.3","4.1","12.3","0.0","6.7","28.14","3.66","0.0","53.4","89.6","62.1","0.4","9.6","5.0","0.0","0.0","0.0","6.7","10.1","2.4"
"20210418","堡林","巢备","11.0","16.5","7.5","13.0","14.2","20.9","8.5","0.0","0.0","3.7","12.0","9.5","7.1","27.94","25.13","0.0","49.4","73.8","60.9","0.9","4.8","4.7","0.0","0.0","0.0","11.5","9.9","2.3"
"20210417","堡林","巢备","11.3","16.5","7.8","13.4","14.0","20.9","8.0","0.0","21.2","3.3","9.7","3.2","7.4","25.17","11.3","0.0","55.6","85.6","59.5","2.8","6.3","4.5","0.0","0.0","0.0","12.4","9.1","2.3"
"20210416","堡林","巢备","13.1","18.7","8.6","14.6","13.6","20.6","7.6","0.0","0.0","3.0","0.2","11.5","7.6","10.87","27.09","0.0","67.5","49.4","58.7","9.0","2.9","4.4","0.0","0.0","0.0","6.6","10.4","2.2"
"20210415","堡林","巢备","11.8","19.5","3.6","12.9","13.2","20.1","7.2","0.0","0.0","2.8","11.2","7.2","7.6","24.84","21.2","0.0","36.6","39.5","58.0","3.4","7.6","4.3","0.0","0.0","0.0","7.1","9.3","2.2"
"20210414","堡林","巢备","9.4","15.4","4.5","12.5","12.8","19.6","7.0","0.0","0.0","1.7","11.9","11.5","7.5","27.8","27.14","0.0","41.3","41.9","57.7","2.0","1.5","4.4","0.0","0.0","0.0","9.3","6.0","2.2"
"20210413","堡林","巢备","10.0","14.5","5.5","9.5","12.5","19.1","6.9","0.3","0.0","1.7","6.8","11.1","7.1","17.96","24.01","0.0","76.4","56.9","58.7","6.1","2.1","4.7","0.0","0.0","0.0","8.3","8.8","2.2"
"20210412","堡林","巢备","13.9","15.0","12.6","8.6","12.4","18.7","7.1","16.9","1.5","2.0","0.0","4.4","6.6","4.33","16.35","0.0","78.3","77.9","59.7","10.0","6.1","5.0","0.0","0.0","0.0","9.6","10.3","2.2"
"20210411","堡林","巢备","15.6","23.3","8.4","7.8","12.4","18.6","7.2","0.0","5.3","2.4","11.1","0.0","6.4","26.0","6.92","0.0","38.9","79.9","59.8","2.4","9.8","5.1","0.0","0.0","0.0","7.8","5.5","2.2"
"20210410","堡林","巢备","13.6","20.8","7.8","10.7","12.5","18.9","7.2","0.0","0.0","2.2","11.6","3.7","6.7","23.83","14.61","0.0","54.9","48.6","59.2","2.1","7.1","5.1","0.0","0.0","0.0","6.8","8.0","2.2"
"20210409","堡林","巢备","13.3","20.8","7.1","9.8","12.4","18.8","7.1","0.0","0.0","2.3","11.7","10.4","6.8","24.85","23.76","0.0","41.0","39.1","60.2","2.6","2.1","5.0","0.0","0.0","0.0","7.5","7.7","2.1"
"20210408","堡林","巢备","12.9","19.0","8.6","11.1","12.2","18.5","6.8","0.0","0.0","3.0","10.8","11.6","6.6","26.36","24.98","0.0","40.9","32.8","60.5","2.5","0.0","5.1","0.0","0.0","0.0","7.0","9.6","2.1"
"20210407","堡林","巢备","14.1","23.2","6.9","12.1","12.1","18.6","6.5","0.0","0.0","3.1","11.6","11.4","7.0","26.05","24.02","0.0","44.0","50.5","60.0","1.0","1.8","4.8","0.0","0.0","0.0","6.6","7.6","2.0"
"20210406","堡林","巢备","12.4","20.0","7.4","9.6","11.7","18.3","6.1","0.0","0.0","2.8","7.7","8.7","7.2","22.13","23.7","0.0","52.4","41.0","59.8","2.8","4.4","4.6","0.0","0.0","0.0","6.6","7.0","2.0"
"20210405","堡林","巢备","12.4","19.4","7.1","7.8","11.4","17.9","5.9","0.0","0.0","2.8","11.6","11.7","7.1","26.75","27.18","0.0","56.3","37.1","59.8","0.0","0.6","4.5","0.0","0.0","0.0","6.6","8.3","2.0"
"20210404","堡林","巢备","11.0","13.2","9.8","8.9","11.2","17.7","5.6","3.3","0.0","2.7","0.0","11.6","7.3","3.6","25.23","0.0","97.9","45.6","58.5","9.6","0.0","4.4","0.0","0.0","0.0","4.5","9.0","2.1"
"20210403","堡林","巢备","16.8","18.5","13.1","10.9","11.0","17.7","5.5","11.6","0.0","2.2","0.0","11.6","7.5","3.49","24.75","0.0","87.8","35.9","57.1","10.0","0.8","4.1","0.0","0.0","0.0","10.2","9.0","2.1"
"20210402","堡林","巢备","18.7","22.5","13.8","10.6","10.7","17.3","5.3","0.0","0.0","2.0","3.8","10.2","7.3","13.43","22.29","0.0","44.3","42.5","57.5","8.0","2.8","4.2","0.0","0.0","0.0","7.2","6.4","2.1"
"20210401","堡林","巢备","16.7","22.7","10.6","10.7","10.5","17.1","5.2","0.0","0.0","1.8","2.2","7.7","7.3","15.06","19.81","0.0","36.6","50.1","57.9","8.1","4.6","4.2","0.0","0.0","0.0","8.7","11.4","2.1"
"20210331","堡林","巢备","15.3","24.0","7.2","12.8","10.4","16.9","5.1","0.0","0.0","1.9","9.0","10.8","7.1","21.86","23.1","0.0","43.6","53.9","58.3","5.4","3.5","4.5","0.0","0.0","0.0","4.4","6.7","2.2"
"20210330","堡林","巢备","14.0","21.3","8.5","11.9","10.2","16.7","4.9","0.0","0.0","1.6","8.5","10.7","6.8","22.3","22.79","0.0","33.0","56.5","58.3","2.8","5.6","4.7","0.0","0.0","0.0","7.4","6.8","2.1"
"20210329","堡林","巢备","13.1","18.4","9.8","9.0","10.0","16.5","4.6","0.0","0.0","1.1","7.0","7.8","6.9","18.87","21.61","0.0","53.0","52.8","58.6","5.1","4.1","4.7","0.0","0.0","0.0","6.5","8.0","2.1"
"20210328","堡林","巢备","12.4","17.3","10.2","7.3","9.7","16.2","4.3","0.5","0.0","1.4","5.0","0.0","7.0","13.85","10.92","0.0","85.6","42.8","58.6","6.8","8.4","4.7","0.0","0.0","0.0","8.4","10.4","2.1"
"20210327","堡林","巢备","14.7","17.0","11.4","10.5","9.3","15.6","4.0","38.5","5.1","1.4","0.0","3.1","6.9","4.23","8.16","0.0","83.6","84.4","58.8","9.4","7.0","4.8","0.0","0.0","0.0","9.0","8.9","2.1"
"20210326","堡林","巢备","14.8","25.0","5.8","13.7","8.9","15.0","3.6","0.0","17.7","1.5","10.9","0.0","6.8","21.84","3.42","0.0","46.9","94.5","59.1","3.6","10.0","4.8","0.0","0.0","0.0","7.2","5.6","2.0"
"20210325","堡林","巢备","13.3","22.5","6.6","14.2","8.6","14.6","3.5","0.0","0.0","1.7","11.2","10.3","6.9","23.73","23.13","0.0","59.9","46.9","59.1","0.3","3.5","4.7","0.0","0.0","0.0","5.4","7.8","2.0"
"20210324","堡林","巢备","11.8","17.1","5.7","11.4","8.2","14.1","3.4","0.0","0.0","2.1","5.7","11.1","6.8","15.14","23.37","0.0","56.3","55.9","59.7","5.4","0.0","4.8","0.0","0.0","0.0","6.0","6.9","2.0"
"20210323","堡林","巢备","10.1","17.6","3.7","10.8","8.1","14.0","3.3","0.0","0.0","2.2","11.0","11.3","6.6","22.66","23.7","0.0","61.4","46.0","60.1","0.0","0.0","4.8","0.0","0.0","0.0","9.5","8.2","2.1"
"20210322","堡林","巢备","7.5","12.6","3.7","14.6","8.3","14.3","3.3","0.0","0.0","2.2","10.9","10.2","6.5","23.98","23.12","0.0","47.8","48.4","60.0","1.3","3.3","4.8","0.0","0.0","0.0","9.4","11.1","2.2"
"20210321","堡林","巢备","6.8","11.0","5.0","14.2","8.6","14.8","3.4","0.0","0.0","2.4","6.6","10.4","6.6","17.19","20.66","0.0","63.0","57.5","60.3","8.8","0.4","4.7","0.0","0.0","0.0","11.8","10.6","2.3"
"20210320","堡林","巢备","9.7","13.3","6.8","10.6","8.7","14.8","3.4","11.1","0.0","2.8","0.0","10.9","6.4","3.75","23.23","0.0","94.6","32.6","61.3","10.0","0.0","4.7","0.0","0.0","0.0","5.5","8.4","2.3"
"20210319","堡林","巢备","13.9","21.1","9.2","10.3","8.7","15.0","3.2","0.0","0.0","2.8","7.5","8.6","6.4","18.9","19.25","0.0","60.3","54.3","61.3","7.4","0.9","4.8","0.0","0.0","0.0","6.2","12.6","2.2"
"20210318","堡林","巢备","11.7","21.0","4.8","12.5","8.5","14.8","3.2","0.0","0.0","2.8","10.7","10.0","6.2","21.93","23.27","0.0","62.4","53.3","62.0","2.1","1.8","4.9","0.0","0.0","0.0","6.2","9.5","2.2"
"20210317","堡林","巢备","9.7","19.4","2.3","9.2","8.3","14.4","3.0","0.0","0.0","3.3","9.3","10.6","6.2","21.09","21.45","0.0","53.6","63.4","62.5","1.8","1.5","5.0","0.0","0.0","0.0","6.8","12.8","2.2"
"20210316","堡林","巢备","11.3","17.2","4.8","5.4","7.9","13.9","2.8","3.5","0.0","3.3","10.3","10.2","6.1","21.36","22.8","0.0","64.8","43.6","62.1","3.8","2.1","5.0","0.0","0.0","0.0","6.9","8.0","2.2"
"20210315","堡林","巢备","12.3","20.2","5.3","7.0","7.6","13.9","2.4","2.4","0.0","2.8","7.7","10.5","6.3","17.43","21.35","0.0","69.3","50.5","61.1","5.8","3.5","4.9","0.0","0.0","0.0","8.3","15.0","2.1"
"20210314","堡林","巢备","9.8","16.0","4.4","5.9","7.3","13.6","2.1","0.0","0.0","2.6","9.9","10.9","6.5","20.73","23.34","0.0","67.5","43.3","59.5","0.4","1.4","4.7","0.0","0.0","0.0","6.2","9.4","2.1"
"20210313","堡林","巢备","9.6","16.7","4.9","8.0","6.9","13.3","1.6","0.0","0.0","2.2","10.5","7.8","6.9","20.62","18.44","0.0","74.8","45.0","57.8","0.6","8.4","4.5","0.0","0.0","0.0","5.9","8.7","2.1"
"20210312","堡林","巢备","9.2","12.4","7.1","7.5","6.6","12.8","1.4","16.2","0.0","1.7","0.0","10.7","7.0","6.05","22.29","0.0","93.9","46.9","57.5","8.0","1.6","4.4","0.0","0.0","0.0","8.1","9.0","2.1"
"20210311","堡林","巢备","11.8","19.6","5.6","5.6","6.4","12.6","1.2","1.6","0.0","1.3","7.7","10.8","6.8","17.85","23.14","0.0","58.5","43.6","57.3","7.9","0.0","4.4","0.0","0.0","0.0","4.9","12.8","2.1"
"20210310","堡林","巢备","10.6","19.3","3.2","6.7","6.1","12.3","1.0","0.0","7.1","1.3","10.4","0.0","6.7","20.71","3.37","0.0","45.1","86.3","57.8","0.0","7.9","4.4","0.0","0.0","0.0","8.0","8.9","2.1"
"20210309","堡林","巢备","8.6","14.9","5.1","9.4","5.9","11.7","1.1","0.0","4.5","1.4","8.1","0.3","6.3","18.48","8.66","0.0","48.6","84.3","59.8","5.5","9.3","4.5","0.0","0.0","0.0","6.6","7.8","2.1"
"20210308","堡林","巢备","8.6","16.1","5.0","9.6","5.9","11.6","1.1","0.0","0.0","1.7","8.8","9.9","6.1","19.79","21.02","0.0","66.1","73.0","61.5","4.6","3.1","4.7","0.0","0.0","0.0","5.6","5.7","2.1"
"20210307","堡林","巢备","8.7","13.7","6.0","5.7","5.9","11.7","1.1","0.0","9.1","2.0","3.0","0.1","5.8","12.78","3.72","0.0","69.9","87.4","62.4","7.6","8.5","4.9","0.0","0.0","0.0","3.9","5.8","2.1"
"20210306","堡林","巢备","10.4","17.2","5.7","5.7","5.8","11.5","1.0","0.0","0.0","2.3","6.5","10.7","5.8","14.83","21.93","0.0","67.6","43.1","63.2","7.0","2.1","5.0","0.0","0.0","0.0","6.9","5.1","2.1"
"20210305","堡林","巢备","10.7","19.5","4.1","3.7","5.7","11.3","1.0","0.0","0.0","2.2","8.7","10.6","5.7","19.82","21.47","0.0","71.5","46.8","63.5","3.8","1.5","5.0","0.0","0.0","0.0","5.6","8.1","2.1"
"20210304","堡林","巢备","6.9","8.8","4.5","4.9","5.5","11.3","0.7","8.9","0.0","2.0","0.0","8.2","6.0","5.31","19.07","0.0","85.8","57.6","62.7","9.5","6.1","4.9","0.0","0.0","0.0","5.2","11.5","2.0"
"20210303","堡林","巢备","6.2","12.6","-0.1","7.8","5.4","11.1","0.6","0.0","0.0","1.9","8.7","5.2","6.1","18.39","15.1","0.0","64.9","65.3","62.3","4.5","7.6","4.9","0.0","0.0","0.0","5.2","9.6","2.0"
"20210302","堡林","巢备","4.7","8.7","1.3","6.0","5.3","11.0","0.6","0.0","0.0","1.8","6.9","9.9","5.9","15.61","21.9","0.0","74.8","52.4","62.3","5.1","4.1","5.1","0.0","0.0","0.0","7.8","6.9","2.0"
"20210301","堡林","巢备","11.5","16.0","5.1","6.9","5.3","11.0","0.6","39.7","0.0","1.8","0.0","0.4","6.1","3.51","9.7","0.0","95.9","82.5","62.0","9.4","7.9","4.9","0.0","0.0","0.0","10.0","6.0","1.9"
"20210228","堡林","巢备","8.9","11.9","5.6","6.9","5.2","10.8","0.6","0.4","2.4","1.9","0.4","0.0","6.0","6.06","3.28","0.0","70.9","80.6","61.9","9.8","9.4","5.0","0.0","0.0","0.0","4.7","6.0","1.9"
"20210227","堡林","巢备","9.4","15.8","4.2","7.2","5.3","10.9","0.8","0.0","0.0","2.4","8.5","9.6","5.7","17.92","18.06","0.0","46.0","67.9","62.1","6.3","2.5","5.1","0.0","0.0","0.0","9.1","5.5","2.0"
"20210226","堡林","巢备","9.7","15.5","5.0","8.8","5.3","10.9","0.5","0.0","2.1","2.2","7.3","4.4","5.8","15.45","10.44","0.0","59.1","83.4","60.9","8.3","5.5","5.0","0.0","0.0","0.0","12.9","8.1","2.0"
"20210225","堡林","巢备","4.7","6.0","2.5","12.4","4.9","10.6","0.1","14.8","7.8","2.0","0.0","0.0","6.3","2.83","1.32","0.0","86.1","97.0","59.7","9.6","10.0","4.7","0.0","0.0","0.0","8.0","6.8","2.0"
"20210224","堡林","巢备","3.9","7.9","-0.6","8.3","4.6","10.3","-0.2","0.0","0.9","2.0","0.0","7.1","6.0","5.49","15.56","0.0","42.0","65.8","60.5","7.0","5.3","4.8","0.0","0.0","0.0","4.1","6.5","2.0"
"20210223","堡林","巢备","3.6","9.3","-0.9","5.0","4.3","10.0","-0.5","0.0","0.0","2.3","9.4","10.3","6.1","16.24","19.37","0.0","38.5","52.5","59.9","2.8","0.0","4.6","0.0","0.0","0.0","5.7","5.2","2.1"
"20210222","堡林","巢备","10.5","19.0","3.0","7.2","4.0","9.8","-1.0","0.0","2.1","1.7","9.9","7.1","6.6","16.61","13.8","0.0","62.1","62.4","59.7","0.0","3.5","4.2","0.0","0.0","0.0","8.5","9.8","2.1"
"20210221","堡林","巢备","13.0","22.6","5.2","9.3","3.7","9.5","-1.1","0.0","3.0","1.9","10.2","5.9","6.6","17.9","11.86","0.0","65.0","69.8","59.9","0.0","6.6","4.2","0.0","0.0","0.0","10.8","9.5","2.1"
"20210220","堡林","巢备","10.6","17.6","4.7","7.6","3.5","9.2","-1.3","0.0","0.0","1.7","9.6","10.0","6.4","16.01","18.12","0.0","74.8","62.6","59.6","0.0","1.9","4.2","0.0","0.0","0.0","6.8","5.2","2.1"
"20210219","堡林","巢备","3.8","11.0","-2.7","3.7","3.2","8.7","-1.4","0.0","0.0","1.3","9.9","8.2","6.6","18.39","16.75","0.0","65.4","66.9","58.8","1.1","5.8","4.1","0.0","0.0","0.0","7.5","4.9","2.1"
"20210218","堡林","巢备","-2.2","0.8","-5.4","0.5","3.0","8.5","-1.6","0.2","0.0","1.2","6.1","10.0","6.6","9.52","18.37","0.0","69.1","60.4","59.2","8.6","2.1","4.3","1.7","0.0","0.0","9.3","6.5","2.1"
"20210217","堡林","巢备","-4.5","-1.5","-5.8","-2.0","2.9","8.1","-1.4","1.5","6.2","1.3","1.6","1.5","6.1","6.82","2.54","0.0","83.4","85.5","59.5","9.6","8.3","4.6","5.9","10.9","0.0","9.7","10.7","2.1"
"20210216","堡林","巢备","0.4","7.0","-3.1","1.3","2.9","8.3","-1.4","0.9","7.4","1.3","7.0","1.0","6.0","13.96","5.4","0.0","60.5","88.8","60.1","4.5","9.5","4.7","1.9","4.8","0.0","11.2","10.8","2.0"
"20210215","堡林","巢备","3.9","9.0","0.2","10.8","3.1","8.4","-1.4","0.6","4.8","1.9","2.8","3.4","6.1","7.26","8.45","0.0","65.9","74.9","60.8","8.9","6.9","4.7","0.0","0.0","0.0","11.3","7.8","2.1"
"20210214","堡林","巢备","10.9","16.5","6.3","11.3","3.1","8.4","-1.4","0.0","0.0","2.1","1.0","9.8","6.0","7.98","17.25","0.0","55.1","60.6","61.0","9.1","4.0","4.6","0.0","0.0","0.0","3.9","3.7","2.0"
"20210213","堡林","巢备","10.6","19.6","1.8","8.4","3.0","8.4","-1.5","0.0","0.1","2.2","9.9","0.8","6.0","16.83","5.12","0.0","41.0","91.5","61.4","0.8","7.6","4.6","0.0","0.0","0.0","4.6","4.2","2.0"
"20210212","堡林","巢备","9.3","17.0","3.8","9.9","2.7","8.1","-1.8","0.0","10.9","1.9","8.8","0.0","6.0","15.04","2.16","0.0","47.0","96.5","61.9","6.1","9.8","4.5","0.0","0.0","0.0","3.3","9.9","1.9"
"20210211","堡林","巢备","6.4","11.6","1.0","7.8","2.3","7.4","-2.0","0.0","0.1","1.8","2.1","6.0","6.0","10.21","11.96","0.0","63.6","53.9","62.5","8.5","7.0","4.5","0.0","0.0","0.0","4.5","7.6","1.9"
"20210210","堡林","巢备","4.0","11.7","-2.8","5.6","1.9","6.8","-2.1","0.0","0.0","1.6","9.2","8.1","5.7","15.93","14.08","0.0","58.1","56.8","63.5","2.0","2.8","4.8","0.0","0.0","0.0","4.9","4.5","1.9"
"20210209","堡林","巢备","1.7","8.6","-3.6","2.5","1.8","6.8","-2.4","0.0","0.0","1.3","9.9","9.8","5.6","17.32","16.21","0.0","40.1","53.0","63.8","0.0","1.1","4.9","0.0","0.0","0.0","5.3","8.0","1.9"
"20210208","堡林","巢备","0.3","3.9","-1.7","3.0","1.7","6.7","-2.4","0.0","0.0","0.9","9.8","6.0","5.6","17.29","12.32","0.0","44.8","52.4","64.0","0.0","4.3","4.9","0.0","0.0","0.0","8.2","9.9","1.9"
"20210207","堡林","巢备","7.4","14.3","2.5","1.1","1.6","6.6","-2.5","0.0","0.0","0.9","8.6","8.2","5.8","14.14","12.92","0.0","65.8","43.1","63.7","4.0","6.1","4.8","0.0","0.0","0.0","6.2","6.6","1.9"
"20210206","堡林","巢备","5.7","11.0","-0.2","-2.2","1.6","6.6","-2.6","0.0","0.0","0.8","1.1","6.8","5.7","6.55","12.99","0.0","71.4","32.6","63.2","6.9","4.1","4.6","0.0","0.0","0.0","5.5","6.4","1.9"
"20210205","堡林","巢备","2.8","8.4","-3.0","-1.7","1.4","6.5","-2.9","0.0","0.0","0.7","3.8","9.8","5.9","11.02","16.87","0.0","41.0","44.5","63.2","6.1","1.1","4.4","0.0","0.0","0.0","3.5","9.2","1.8"
"20210204","堡林","巢备","1.6","5.6","-1.4","2.1","1.2","6.1","-3.0","1.1","0.0","0.7","9.9","9.6","6.2","16.67","16.01","0.0","49.1","49.4","62.7","1.3","1.3","4.2","0.3","0.0","0.0","6.5","6.3","1.8"
"20210203","堡林","巢备","0.3","5.5","-4.8","2.0","0.9","5.9","-3.2","0.0","0.0","0.9","8.9","6.0","6.2","16.03","12.28","0.0","50.3","65.8","62.6","2.0","4.5","4.2","0.3","0.0","0.0","5.8","7.1","1.9"
"20210202","堡林","巢备","-1.0","4.1","-2.9","4.0","0.9","5.9","-3.1","0.0","0.0","1.0","9.6","9.3","6.0","16.45","12.96","0.0","45.6","66.1","63.2","0.6","3.6","4.3","0.0","0.0","0.0","8.9","5.7","1.9"
"20210201","堡林","巢备","8.3","10.3","4.1","3.9","0.9","5.8","-3.1","11.6","0.0","1.0","0.0","4.3","6.0","4.36","9.68","0.0","90.6","74.3","63.4","9.1","3.0","4.5","0.0","0.0","0.0","6.8","5.6","1.9"
"20210131","堡林","巢备","6.2","13.3","-1.0","4.3","1.0","5.9","-2.8","1.8","0.0","0.9","7.1","2.6","5.7","11.52","8.72","0.0","77.6","68.5","63.4","6.0","6.3","4.6","0.0","0.0","0.0","8.2","6.2","1.8"
"20210130","堡林","巢备","1.8","9.3","-5.0","5.9","1.1","6.0","-2.8","0.1","0.0","0.9","4.9","5.7","5.5","9.81","11.02","0.0","74.0","73.1","63.7","4.6","5.9","4.7","0.0","0.0","0.0","8.0","7.7","1.8"
"20210129","堡林","巢备","-3.2","0.4","-6.4","6.6","1.1","5.9","-2.9","0.0","0.0","0.9","9.0","0.0","5.6","15.34","4.71","0.0","63.8","84.9","64.0","2.5","9.6","4.6","0.1","0.0","0.0","6.6","5.0","1.8"
"20210128","堡林","巢备","0.7","6.9","-4.3","7.3","0.9","5.6","-3.0","1.0","0.0","0.8","3.6","4.5","5.7","6.84","11.41","0.0","71.8","81.9","64.1","7.9","8.3","4.5","3.5","0.0","0.0","12.9","4.3","1.8"
"20210127","堡林","巢备","5.1","10.3","2.0","6.0","0.7","5.5","-3.1","0.0","14.3","0.9","7.9","0.0","5.6","14.25","2.27","0.0","41.8","94.5","64.7","4.9","9.3","4.5","0.0","0.0","0.0","9.1","9.9","1.8"
"20210126","堡林","巢备","6.5","8.8","4.6","8.2","0.5","5.2","-3.4","8.7","0.0","0.8","0.1","2.2","5.7","3.79","8.01","0.0","90.6","68.1","64.5","9.8","9.3","4.5","0.0","0.0","0.0","5.5","7.4","1.9"
"20210125","堡林","巢备","8.8","15.5","4.4","7.4","0.4","4.9","-3.3","0.0","0.0","1.1","9.2","0.0","5.5","13.75","5.51","0.0","66.8","71.5","65.8","5.1","10.0","4.7","0.0","0.0","0.0","3.8","2.4","1.9"
"20210124","堡林","巢备","8.8","14.0","4.8","7.1","0.4","4.8","-3.1","0.0","0.0","1.1","8.4","7.7","5.1","12.93","12.3","0.0","70.5","57.8","66.6","3.6","6.4","5.1","0.0","0.0","0.0","6.6","6.0","2.0"
"20210123","堡林","巢备","9.3","11.5","7.9","7.5","0.5","4.8","-3.0","4.0","1.1","1.4","0.0","1.9","4.9","3.29","6.96","0.0","96.8","85.1","66.7","10.0","9.4","5.3","0.0","0.0","0.0","8.6","7.3","2.0"
"20210122","堡林","巢备","9.4","11.5","7.8","5.4","0.7","5.0","-2.7","2.9","9.2","1.6","0.0","0.0","4.8","4.14","2.01","0.0","97.9","82.5","67.0","9.9","9.9","5.4","0.0","0.0","0.0","2.6","7.2","2.0"
"20210121","堡林","巢备","7.6","12.2","3.7","3.6","1.0","5.4","-2.5","6.8","0.0","1.5","2.5","9.2","4.8","5.47","14.43","0.0","81.4","38.8","66.5","8.3","1.0","5.5","0.0","0.0","0.0","3.6","7.4","1.9"
"20210120","堡林","巢备","3.2","10.7","-3.8","4.0","1.1","5.7","-2.5","0.0","0.0","1.3","8.8","5.4","5.0","13.68","10.13","0.0","51.1","63.1","65.8","2.6","4.3","5.2","0.0","0.0","0.0","3.6","7.0","1.9"
"20210119","堡林","巢备","-1.3","3.6","-5.3","3.0","1.2","5.9","-2.5","0.0","0.0","1.1","9.4","0.7","5.1","14.39","5.35","0.0","46.0","75.6","65.2","0.0","6.1","5.0","0.0","0.0","0.0","6.7","5.7","1.9"
"20210118","堡林","巢备","0.6","6.0","-2.2","2.2","1.3","5.9","-2.5","4.0","0.0","1.0","2.9","9.3","5.1","5.69","13.66","0.0","77.1","56.5","64.6","8.0","0.4","5.1","8.5","0.0","0.0","10.0","7.7","1.8"
"20210117","堡林","巢备","-1.5","2.1","-4.7","2.6","1.1","5.9","-2.8","0.0","0.0","1.1","9.1","7.6","5.2","13.86","10.98","0.0","60.4","39.1","63.9","4.6","5.6","4.9","0.0","0.0","0.0","7.2","6.2","1.8"
"20210116","堡林","巢备","0.3","3.7","-2.2","2.3","1.1","5.7","-2.7","0.0","0.0","1.2","2.4","6.8","5.2","7.43","11.74","0.0","60.9","44.6","64.1","8.3","8.0","4.8","0.0","0.0","0.0","9.4","8.1","1.9"
"20210115","堡林","巢备","7.9","15.5","3.4","0.9","1.1","5.6","-2.5","0.0","0.0","1.2","2.2","6.4","4.9","7.46","11.01","0.0","83.9","61.8","64.6","8.0","3.9","5.1","0.0","0.0","0.0","10.1","8.4","1.9"
"20210114","堡林","巢备","6.6","12.7","0.6","2.0","1.1","5.5","-2.6","0.0","0.0","1.2","8.5","5.6","4.8","12.16","9.22","0.0","76.8","54.1","65.1","0.1","5.9","5.2","0.0","0.0","0.0","4.7","7.6","1.9"
"20210113","堡林","巢备","4.3","11.4","-2.2","2.3","1.0","5.5","-2.6","0.0","0.0","1.2","8.1","3.0","5.1","11.74","7.74","0.0","77.5","59.0","65.4","3.4","7.6","5.1","0.0","0.0","0.0","8.5","8.0","1.9"
"20210112","堡林","巢备","-0.5","4.0","-4.8","3.4","1.1","5.4","-2.5","0.0","0.0","0.8","5.3","0.7","5.0","10.78","5.66","0.0","80.4","62.1","65.6","5.5","7.9","5.1","1.9","0.0","0.0","5.6","6.9","1.9"
"20210111","堡林","巢备","-2.1","0.2","-4.9","3.6","1.0","5.4","-2.6","0.0","0.0","0.8","0.1","6.3","5.1","5.82","10.35","0.0","78.6","59.6","66.0","8.1","5.1","5.1","0.0","0.0","0.0","3.9","5.6","1.9"
"20210110","堡林","巢备","-5.1","1.0","-10.7","2.8","1.0","5.5","-2.6","0.0","0.0","0.9","3.2","8.2","5.2","9.5","12.54","0.0","74.3","61.5","66.5","4.4","3.6","5.0","0.0","0.0","0.0","3.8","5.4","1.9"
"20210109","堡林","巢备","-7.6","-1.8","-11.6","3.2","1.1","5.6","-2.6","0.0","0.0","1.2","8.9","6.8","5.2","13.02","10.21","0.0","52.6","66.1","66.6","1.9","6.6","5.0","0.2","0.0","0.0","7.3","7.0","2.0"
"20210108","堡林","巢备","-9.9","-5.5","-13.5","5.0","1.2","5.7","-2.4","0.0","2.8","1.2","8.0","0.0","5.2","12.15","1.17","0.0","55.8","83.9","66.8","2.8","9.9","5.1","0.0","0.0","0.0","7.8","14.9","2.0"
"20210107","堡林","巢备","-8.4","-1.7","-11.6","13.1","1.3","5.9","-2.6","2.0","32.0","1.4","0.0","0.0","5.1","5.16","1.45","0.0","69.1","97.6","66.5","8.6","10.0","5.1","8.5","0.0","0.0","9.2","19.8","2.0"
"20210106","堡林","巢备","-2.4","1.9","-5.9","7.1","1.3","6.0","-2.6","1.2","15.5","1.4","6.9","0.0","5.3","10.95","1.68","0.0","65.9","82.4","65.9","7.5","10.0","4.9","4.3","0.0","0.0","8.0","5.0","1.9"
"20210105","堡林","巢备","-0.2","3.5","-4.0","4.9","1.4","6.1","-2.6","0.0","0.0","1.2","3.0","7.7","5.5","7.74","12.72","0.0","64.9","54.1","65.3","8.0","2.9","4.7","0.0","0.0","0.0","8.5","5.7","1.9"
"20210104","堡林","巢备","1.2","6.9","-3.6","3.4","1.4","6.3","-2.6","0.0","0.0","0.8","5.8","7.7","5.5","10.07","10.89","0.0","71.8","73.1","65.9","3.1","2.3","4.6","0.0","0.0","0.0","4.1","7.6","1.8"
"20210103","堡林","巢备","-0.6","3.7","-3.5","3.8","1.2","6.1","-2.8","0.0","0.0","0.7","6.1","7.8","5.4","10.37","10.83","0.0","54.6","71.5","66.6","7.3","2.0","4.5","0.0","0.0","0.0","6.6","5.9","1.7"
"20210102","堡林","巢备","-0.3","2.6","-3.2","2.6","1.2","6.0","-2.8","0.5","0.0","0.7","8.6","8.7","5.4","12.54","11.06","0.0","67.8","69.0","67.6","3.8","2.0","4.4","2.2","0.0","0.0","7.9","5.9","1.7"
"20210101","堡林","巢备","-0.6","3.5","-5.0","-0.3","1.2","6.0","-2.7","0.0","0.0","0.8","4.3","4.0","5.2","9.0","8.62","0.0","83.1","58.0","68.4","7.3","4.3","4.6","0.3","0.0","0.0","5.3","7.3","1.7"
