"炼雀老磊","瘤开(矫)","瘤开(焙)","乞闭 扁柯(∑C)","弥绊 扁柯(∑C)","弥历 扁柯(∑C)","傈斥 扁柯(∑C)","乞斥 扁柯(∑C)","乞斥 弥绊 扁柯(∑C)","乞斥 弥历 扁柯(∑C)","乞闭 碍荐樊(mm)","傈斥 碍荐樊(mm)","乞斥 碍荐樊(mm)","乞闭 老炼矫埃(hr)","傈斥 老炼矫埃(hr)","乞斥 老炼矫埃(hr)","乞闭 老荤樊(MJ/С)","傈斥 老荤樊(MJ/С)","乞斥 老荤樊(MJ/С)","乞闭 嚼档(%)","傈斥 嚼档(%)","乞斥 嚼档(%)","乞闭 款樊(1/10)","傈斥 款樊(1/10)","乞斥 款樊(1/10)","乞闭 利汲樊(cm)","傈斥 利汲樊(cm)","乞斥 利汲樊(cm)","乞闭 鉴埃弥措浅加(m/s)","傈斥 鉴埃弥措浅加(m/s)","乞斥 鉴埃弥措浅加(m/s)"
"20241231","措备","合备","4.2","7.2","-0.4","4.6","0.0","0.0","0.0","0.0","1.2","0.0","8.9","0.1","0.0","11.73","2.88","0.0","32.5","80.1","0.0","0.5","7.1","0.0","0.0","0.0","0.0","12.7","13.3","0.0"
"20241230","措备","合备","4.5","11.8","-2.4","2.9","0.0","0.0","0.0","0.0","0.7","0.0","5.4","3.1","0.0","8.8","6.39","0.0","62.6","75.8","0.0","7.0","5.1","0.0","0.0","0.0","0.0","7.9","5.1","0.0"
"20241229","措备","合备","1.8","8.2","-3.7","3.1","0.0","0.0","0.0","0.0","0.0","0.0","8.7","8.5","0.0","11.05","10.41","0.0","61.5","65.8","0.0","3.4","1.3","0.0","0.0","0.0","0.0","6.0","5.7","0.0"
"20241228","措备","合备","-0.1","3.0","-2.3","3.5","0.0","0.0","0.0","0.0","0.0","0.0","8.9","8.4","0.0","10.97","10.09","0.0","50.3","63.1","0.0","2.0","0.0","0.0","0.0","0.0","0.0","12.3","6.7","0.0"
"20241227","措备","合备","0.4","4.0","-2.5","3.8","0.0","0.0","0.0","0.0","0.0","0.0","8.9","8.0","0.0","10.73","10.17","0.0","45.6","63.1","0.0","1.4","2.8","0.0","0.0","0.0","0.0","12.3","2.9","0.0"
"20241226","措备","合备","3.9","8.5","-0.3","1.8","0.0","0.0","0.0","0.0","0.0","0.0","6.7","8.9","0.0","9.25","11.25","0.0","48.9","67.4","0.0","3.3","2.1","0.0","0.0","0.0","0.0","12.4","7.0","0.0"
"20241225","措备","合备","3.1","8.9","-2.8","0.2","0.0","0.0","0.0","0.0","0.0","0.0","6.5","6.4","0.0","9.55","9.27","0.0","54.4","64.9","0.0","6.3","2.0","0.0","0.0","0.0","0.0","7.0","8.4","0.0"
"20241224","措备","合备","2.4","7.8","-2.0","-1.3","0.0","0.0","0.0","0.0","0.0","0.0","8.9","6.6","0.0","11.25","9.63","0.0","43.6","65.4","0.0","0.0","3.6","0.0","0.0","0.0","0.0","7.4","6.5","0.0"
"20241223","措备","合备","2.6","8.0","-1.9","-3.1","0.0","0.0","0.0","0.0","0.0","0.0","7.6","8.6","0.0","10.15","10.28","0.0","53.3","51.3","0.0","2.3","3.0","0.0","0.0","0.0","0.0","11.5","8.4","0.0"
"20241222","措备","合备","-0.6","3.0","-3.7","-6.4","0.0","0.0","0.0","0.0","0.0","0.0","9.0","9.0","0.0","11.63","11.49","0.0","42.0","44.4","0.0","0.0","0.4","0.0","0.0","0.0","0.0","12.3","12.1","0.0"
"20241221","措备","合备","2.0","5.6","-1.2","-6.4","0.0","0.0","0.0","1.3","0.0","0.0","1.9","9.0","0.0","5.22","11.27","0.0","65.0","46.5","0.0","7.1","0.1","0.0","0.0","0.0","0.0","13.9","12.0","0.0"
"20241220","措备","合备","1.8","8.1","-2.9","-2.3","0.0","0.0","0.0","0.0","0.1","0.0","4.6","6.8","0.0","8.4","9.51","0.0","56.6","59.9","0.0","7.3","4.0","0.0","0.0","0.6","0.0","6.8","11.5","0.0"
"20241219","措备","合备","0.3","7.6","-5.2","0.3","0.0","0.0","0.0","0.0","0.0","0.0","8.8","2.9","0.0","10.91","6.3","0.0","46.6","39.4","0.0","1.8","7.0","0.0","0.0","0.0","0.0","7.7","5.0","0.0"
"20241218","措备","合备","0.6","4.2","-1.4","-2.8","0.0","0.0","0.0","0.0","0.0","0.0","8.9","5.8","0.0","11.25","8.92","0.0","43.1","43.1","0.0","1.3","8.5","0.0","0.0","0.0","0.0","10.6","8.8","0.0"
"20241217","措备","合备","4.1","8.0","1.3","-5.1","0.0","0.0","0.0","0.0","0.0","0.0","8.8","9.0","0.0","10.86","11.67","0.0","43.6","43.8","0.0","3.0","0.1","0.0","0.0","0.0","0.0","11.8","11.7","0.0"
"20241216","措备","合备","3.9","9.4","0.1","2.4","0.0","0.0","0.0","0.0","0.1","0.0","8.9","2.8","0.0","10.98","5.73","0.0","42.1","59.0","0.0","2.4","7.9","0.0","0.0","0.0","0.0","9.6","19.5","0.0"
"20241215","措备","合备","2.9","5.5","-0.4","8.6","0.0","0.0","0.0","0.0","31.5","0.0","0.1","0.0","0.0","3.53","0.58","0.0","61.6","94.3","0.0","7.5","10.0","0.0","0.0","0.0","0.0","10.0","10.0","0.0"
"20241214","措备","合备","2.0","5.6","-1.0","9.2","0.0","0.0","0.0","0.0","23.3","0.0","8.9","0.2","0.0","11.24","1.85","0.0","43.9","88.5","0.0","0.1","9.5","0.0","0.0","0.0","0.0","12.3","7.1","0.0"
"20241213","措备","合备","3.7","7.8","0.7","8.0","0.0","0.0","0.0","0.0","0.0","0.0","1.6","5.7","0.0","5.81","8.76","0.0","35.6","76.4","0.0","5.8","4.1","0.0","0.0","0.0","0.0","9.9","5.6","0.0"
"20241212","措备","合备","3.3","8.8","-2.4","9.2","0.0","0.0","0.0","0.0","0.9","0.0","7.9","1.1","0.0","10.77","3.75","0.0","46.3","72.0","0.0","2.9","7.9","0.0","0.0","0.0","0.0","8.5","8.1","0.0"
"20241211","措备","合备","4.2","11.5","-0.6","12.4","0.0","0.0","0.0","0.0","31.2","0.0","6.1","0.0","0.0","8.83","0.83","0.0","57.3","88.6","0.0","4.8","9.4","0.0","0.0","0.0","0.0","5.6","10.6","0.0"
"20241210","措备","合备","4.4","9.9","-0.6","11.2","0.0","0.0","0.0","0.0","0.0","0.0","8.9","6.6","0.0","11.36","9.34","0.0","48.3","76.6","0.0","0.9","3.6","0.0","0.0","0.0","0.0","8.2","8.6","0.0"
"20241209","措备","合备","3.7","8.7","-3.1","12.1","0.0","0.0","0.0","0.0","0.0","0.0","9.0","8.3","0.0","11.12","9.21","0.0","52.1","76.4","0.0","1.8","2.0","0.0","0.0","0.0","0.0","9.3","4.8","0.0"
"20241208","措备","合备","2.6","6.4","0.0","9.2","0.0","0.0","0.0","0.0","0.0","0.0","9.0","8.3","0.0","11.63","10.16","0.0","42.8","64.5","0.0","0.6","0.0","0.0","0.0","0.0","0.0","12.8","5.8","0.0"
"20241207","措备","合备","3.9","7.9","1.6","7.6","0.0","0.0","0.0","0.0","0.0","0.0","7.2","8.8","0.0","9.69","10.76","0.0","48.6","40.4","0.0","1.6","0.0","0.0","0.0","0.0","0.0","10.7","14.0","0.0"
"20241206","措备","合备","6.4","9.8","3.2","5.7","0.0","0.0","0.0","0.0","0.9","0.0","8.1","4.5","0.0","10.28","6.85","0.0","46.4","68.1","0.0","2.5","3.1","0.0","0.0","0.0","0.0","10.8","10.0","0.0"
"20241205","措备","合备","5.5","9.8","0.4","5.5","0.0","0.0","0.0","0.0","0.0","0.0","2.6","8.1","0.0","5.96","10.67","0.0","55.4","51.5","0.0","5.4","3.3","0.0","0.0","0.0","0.0","11.1","3.7","0.0"
"20241204","措备","合备","4.6","9.2","0.9","3.8","0.0","0.0","0.0","0.0","0.0","0.0","9.0","8.9","0.0","11.24","11.4","0.0","40.6","51.9","0.0","3.3","2.9","0.0","0.0","0.0","0.0","11.2","5.1","0.0"
"20241203","措备","合备","6.4","10.1","3.1","4.5","0.0","0.0","0.0","0.0","0.0","0.0","5.4","8.9","0.0","9.69","11.87","0.0","36.4","47.3","0.0","5.6","0.3","0.0","0.0","0.0","0.0","9.6","7.5","0.0"
"20241202","措备","合备","10.8","18.6","2.7","3.9","0.0","0.0","0.0","0.0","0.0","0.0","9.0","7.4","0.0","10.84","10.84","0.0","63.1","55.5","0.0","0.5","2.9","0.0","0.0","0.0","0.0","8.4","9.0","0.0"
"20241201","措备","合备","8.2","15.1","2.2","1.2","0.0","0.0","0.0","0.0","0.0","0.0","7.8","9.1","0.0","9.77","11.99","0.0","69.5","47.4","0.0","4.6","0.3","0.0","0.0","0.0","0.0","2.9","10.7","0.0"
"20241130","措备","合备","7.5","11.9","4.1","0.2","0.0","0.0","0.0","0.0","0.0","0.0","6.5","9.1","0.0","9.71","12.53","0.0","53.9","41.8","0.0","2.5","0.3","0.0","0.0","0.0","0.0","12.8","10.2","0.0"
"20241129","措备","合备","5.3","8.0","2.4","5.0","0.0","0.0","0.0","0.0","0.0","0.0","5.1","1.7","0.0","8.38","6.27","0.0","57.0","57.4","0.0","6.4","6.8","0.0","0.0","0.0","0.0","11.5","12.9","0.0"
"20241128","措备","合备","6.0","9.7","2.5","6.2","0.0","0.0","0.0","0.0","0.0","0.0","6.9","8.5","0.0","9.28","12.01","0.0","57.8","46.5","0.0","5.0","1.3","0.0","0.0","0.0","0.0","13.6","14.1","0.0"
"20241127","措备","合备","5.1","7.6","2.6","8.2","0.0","0.0","0.0","0.0","0.1","0.0","3.2","1.4","0.0","7.8","5.01","0.0","60.9","71.4","0.0","7.0","7.1","0.0","0.0","0.0","0.0","12.6","7.0","0.0"
"20241126","措备","合备","9.3","12.7","5.5","4.8","0.0","0.0","0.0","18.3","0.0","0.0","1.7","5.9","0.0","4.9","8.81","0.0","64.5","45.3","0.0","7.0","6.5","0.0","0.0","0.0","0.0","13.9","6.0","0.0"
"20241125","措备","合备","9.2","15.8","2.4","1.3","0.0","0.0","0.0","0.2","0.0","0.0","7.1","9.3","0.0","10.2","12.78","0.0","73.5","31.0","0.0","5.3","0.0","0.0","0.0","0.0","0.0","6.6","10.4","0.0"
"20241124","措备","合备","8.0","15.0","3.8","3.9","0.0","0.0","0.0","0.0","0.0","0.0","6.3","9.3","0.0","10.71","12.96","0.0","74.5","36.6","0.0","4.1","0.5","0.0","0.0","0.0","0.0","3.5","14.2","0.0"
"20241123","措备","合备","5.9","13.0","-0.2","13.6","0.0","0.0","0.0","0.0","0.0","0.0","7.1","8.4","0.0","10.29","10.66","0.0","71.5","54.1","0.0","2.1","2.9","0.0","0.0","0.0","0.0","8.3","13.2","0.0"
"20241122","措备","合备","8.2","14.5","3.2","9.0","0.0","0.0","0.0","0.0","0.0","0.0","9.3","9.1","0.0","12.34","12.3","0.0","52.8","67.4","0.0","0.6","1.9","0.0","0.0","0.0","0.0","9.6","4.9","0.0"
"20241121","措备","合备","8.9","15.4","3.6","7.3","0.0","0.0","0.0","0.0","0.0","0.0","5.8","9.5","0.0","8.56","12.68","0.0","71.8","59.1","0.0","1.1","0.0","0.0","0.0","0.0","0.0","6.0","4.9","0.0"
"20241120","措备","合备","8.6","14.3","2.7","8.5","0.0","0.0","0.0","0.0","0.0","0.0","8.3","6.9","0.0","10.82","11.1","0.0","65.9","45.9","0.0","3.8","0.0","0.0","0.0","0.0","0.0","7.2","7.5","0.0"
"20241119","措备","合备","6.6","13.2","-0.5","8.7","0.0","0.0","0.0","0.0","0.0","0.0","6.8","8.8","0.0","11.21","12.4","0.0","67.5","57.3","0.0","4.0","1.0","0.0","0.0","0.0","0.0","5.2","8.6","0.0"
"20241118","措备","合备","5.0","10.6","1.1","3.4","0.0","0.0","0.0","0.0","0.7","0.0","9.6","9.1","0.0","13.59","13.0","0.0","38.0","57.9","0.0","0.0","1.6","0.0","0.0","1.1","0.0","11.7","15.9","0.0"
"20241117","措备","合备","12.5","16.5","6.9","6.0","0.0","0.0","0.0","0.0","0.0","0.0","0.0","6.7","0.0","2.2","11.49","0.0","50.6","59.0","0.0","8.6","5.6","0.0","0.0","0.0","0.0","8.6","11.8","0.0"
"20241116","措备","合备","16.4","23.0","11.3","5.5","0.0","0.0","0.0","0.0","9.9","0.0","8.5","0.1","0.0","11.65","3.68","0.0","75.5","85.5","0.0","3.3","7.9","0.0","0.0","0.0","0.0","3.7","4.9","0.0"
"20241115","措备","合备","14.6","17.8","12.5","7.4","0.0","0.0","0.0","0.0","0.0","0.0","0.1","9.1","0.0","3.53","12.9","0.0","84.0","63.6","0.0","9.0","0.6","0.0","0.0","0.0","0.0","4.8","8.0","0.0"
"20241114","措备","合备","12.8","17.9","7.7","7.3","0.0","0.0","0.0","0.0","0.0","0.0","1.7","9.3","0.0","6.77","13.52","0.0","80.4","55.1","0.0","6.5","1.3","0.0","0.0","0.0","0.0","3.0","8.3","0.0"
"20241113","措备","合备","13.1","20.0","6.5","5.3","0.0","0.0","0.0","0.0","0.0","0.0","8.2","9.7","0.0","12.63","14.31","0.0","71.5","41.1","0.0","2.4","0.0","0.0","0.0","0.0","0.0","7.7","9.8","0.0"
"20241112","措备","合备","13.8","21.4","9.2","4.8","0.0","0.0","0.0","0.0","0.0","0.0","9.3","8.6","0.0","12.67","13.81","0.0","69.6","48.3","0.0","0.4","1.0","0.0","0.0","0.0","0.0","7.3","11.8","0.0"
"20241111","措备","合备","13.9","20.4","9.3","5.9","0.0","0.0","0.0","0.0","0.0","0.0","6.6","4.6","0.0","11.27","9.14","0.0","81.6","44.8","0.0","4.0","3.6","0.0","0.0","0.0","0.0","6.6","9.2","0.0"
"20241110","措备","合备","12.6","16.8","9.7","10.3","0.0","0.0","0.0","0.0","10.9","0.0","0.0","3.9","0.0","5.08","9.87","0.0","88.1","49.9","0.0","7.3","5.8","0.0","0.0","0.0","0.0","2.9","11.2","0.0"
"20241109","措备","合备","12.7","18.8","7.5","13.7","0.0","0.0","0.0","0.0","0.1","0.0","5.4","6.4","0.0","11.23","11.72","0.0","82.4","71.0","0.0","6.3","6.3","0.0","0.0","0.0","0.0","6.1","5.5","0.0"
"20241108","措备","合备","12.4","20.4","5.6","9.5","0.0","0.0","0.0","0.0","0.0","0.0","9.1","9.7","0.0","12.99","13.49","0.0","77.8","58.5","0.0","4.0","1.6","0.0","0.0","0.0","0.0","6.9","3.9","0.0"
"20241107","措备","合备","9.3","18.6","1.6","11.4","0.0","0.0","0.0","0.0","0.0","0.0","9.3","8.7","0.0","13.91","14.45","0.0","68.9","41.1","0.0","1.6","0.6","0.0","0.0","0.0","0.0","3.3","14.0","0.0"
"20241106","措备","合备","9.4","14.7","4.4","18.4","0.0","0.0","0.0","0.0","8.2","0.0","9.9","2.3","0.0","15.13","4.69","0.0","39.5","59.5","0.0","0.0","7.3","0.0","0.0","0.0","0.0","9.0","14.1","0.0"
"20241105","措备","合备","12.4","18.5","8.2","19.8","0.0","0.0","0.0","0.0","1.6","0.0","6.4","0.8","0.0","11.67","6.87","0.0","57.6","77.9","0.0","2.5","9.1","0.0","0.0","0.0","0.0","8.7","6.4","0.0"
"20241104","措备","合备","15.2","21.7","9.8","18.4","0.0","0.0","0.0","0.0","0.1","0.0","4.9","5.0","0.0","10.51","11.27","0.0","70.1","75.8","0.0","3.5","8.1","0.0","0.0","0.0","0.0","7.6","8.6","0.0"
"20241103","措备","合备","14.6","21.7","9.9","18.6","0.0","0.0","0.0","0.0","0.0","0.0","7.1","9.9","0.0","13.39","14.42","0.0","82.5","65.4","0.0","2.1","2.1","0.0","0.0","0.0","0.0","4.7","8.6","0.0"
"20241102","措备","合备","16.2","22.5","13.0","17.7","0.0","0.0","0.0","18.9","0.0","0.0","2.6","9.6","0.0","8.66","13.69","0.0","83.4","72.1","0.0","6.4","0.5","0.0","0.0","0.0","0.0","6.4","3.5","0.0"
"20241101","措备","合备","14.0","15.3","12.6","15.7","0.0","0.0","0.0","13.0","0.0","0.0","0.0","9.9","0.0","1.71","13.41","0.0","94.5","68.1","0.0","9.9","0.0","0.0","0.0","0.0","0.0","5.8","3.3","0.0"
"20241031","措备","合备","15.0","21.3","9.3","14.9","0.0","0.0","0.0","0.0","0.0","0.0","6.4","9.9","0.0","11.95","14.94","0.0","80.3","64.1","0.0","5.6","0.0","0.0","0.0","0.0","0.0","3.9","6.0","0.0"
"20241030","措备","合备","14.7","22.7","9.2","14.5","0.0","0.0","0.0","0.0","0.0","0.0","9.8","9.9","0.0","14.39","14.61","0.0","76.1","70.0","0.0","0.1","0.8","0.0","0.0","0.0","0.0","3.8","6.0","0.0"
"20241029","措备","合备","14.5","19.9","10.7","13.7","0.0","0.0","0.0","0.0","0.0","0.0","3.3","10.0","0.0","10.07","15.12","0.0","76.4","70.4","0.0","5.3","1.6","0.0","0.0","0.0","0.0","5.2","5.1","0.0"
"20241028","措备","合备","14.6","16.6","12.9","13.9","0.0","0.0","0.0","0.9","0.0","0.0","1.5","8.7","0.0","4.18","14.31","0.0","88.0","69.9","0.0","8.4","0.3","0.0","0.0","0.0","0.0","8.0","5.3","0.0"
"20241027","措备","合备","14.5","17.4","10.9","14.7","0.0","0.0","0.0","2.8","0.0","0.0","0.5","4.6","0.0","4.94","9.64","0.0","89.0","73.4","0.0","9.0","2.3","0.0","0.0","0.0","0.0","4.8","8.5","0.0"
"20241026","措备","合备","16.6","21.6","12.5","16.2","0.0","0.0","0.0","0.0","0.0","0.0","5.5","9.8","0.0","11.34","13.5","0.0","77.4","75.3","0.0","4.1","1.3","0.0","0.0","0.0","0.0","8.6","7.4","0.0"
"20241025","措备","合备","15.0","20.6","8.4","15.9","0.0","0.0","0.0","0.0","0.0","0.0","5.5","10.0","0.0","12.63","15.45","0.0","78.6","71.4","0.0","4.8","0.0","0.0","0.0","0.0","0.0","7.2","6.7","0.0"
"20241024","措备","合备","13.8","21.0","7.6","14.7","0.0","0.0","0.0","0.0","0.0","0.0","10.4","8.8","0.0","16.66","14.99","0.0","66.1","69.0","0.0","0.0","3.0","0.0","0.0","0.0","0.0","6.5","5.1","0.0"
"20241023","措备","合备","16.8","20.4","12.5","14.2","0.0","0.0","0.0","0.0","0.0","0.0","9.0","9.6","0.0","16.05","15.03","0.0","60.4","70.1","0.0","2.5","0.8","0.0","0.0","0.0","0.0","13.1","6.3","0.0"
"20241022","措备","合备","17.1","18.4","15.0","12.6","0.0","0.0","0.0","23.0","0.0","0.0","0.0","8.3","0.0","2.5","14.93","0.0","95.3","60.4","0.0","10.0","5.1","0.0","0.0","0.0","0.0","4.1","10.3","0.0"
"20241021","措备","合备","15.2","17.7","11.8","12.1","0.0","0.0","0.0","5.3","0.0","0.0","0.2","7.4","0.0","4.56","13.68","0.0","77.0","53.3","0.0","9.4","1.3","0.0","0.0","0.0","0.0","4.1","10.3","0.0"
"20241020","措备","合备","14.4","15.7","12.1","13.8","0.0","0.0","0.0","0.0","3.2","0.0","0.1","8.1","0.0","5.79","16.39","0.0","57.5","54.3","0.0","9.1","3.6","0.0","0.0","0.0","0.0","10.3","13.8","0.0"
"20241019","措备","合备","-99.0","23.0","13.2","16.4","0.0","0.0","0.0","5.4","0.8","0.0","1.2","2.4","0.0","6.63","9.79","0.0","0.0","71.0","0.0","8.9","7.1","0.0","0.0","0.0","0.0","11.9","6.2","0.0"
"20241018","措备","合备","20.5","24.3","17.6","15.1","0.0","0.0","0.0","16.1","0.0","0.0","1.2","10.6","0.0","7.52","17.07","0.0","87.8","63.8","0.0","8.9","1.6","0.0","0.0","0.0","0.0","5.5","5.3","0.0"
"20241017","措备","合备","18.7","23.5","15.2","15.0","0.0","0.0","0.0","0.0","0.0","0.0","3.4","10.7","0.0","10.59","18.12","0.0","81.9","52.5","0.0","6.9","0.0","0.0","0.0","0.0","0.0","7.1","6.7","0.0"
"20241016","措备","合备","19.4","24.6","16.4","16.0","0.0","0.0","0.0","0.0","0.0","0.0","5.7","9.0","0.0","13.14","16.53","0.0","80.9","64.0","0.0","6.5","1.0","0.0","0.0","0.0","0.0","5.7","8.4","0.0"
"20241015","措备","合备","19.1","21.0","17.3","16.6","0.0","0.0","0.0","7.5","0.0","0.0","0.0","6.8","0.0","3.7","14.06","0.0","93.4","68.5","0.0","9.1","2.9","0.0","0.0","0.0","0.0","4.5","9.7","0.0"
"20241014","措备","合备","18.7","21.7","16.5","17.1","0.0","0.0","0.0","14.1","0.2","0.0","0.0","7.3","0.0","4.87","14.45","0.0","85.6","76.3","0.0","9.6","5.9","0.0","0.0","0.0","0.0","5.1","7.6","0.0"
"20241013","措备","合备","17.9","24.0","10.4","17.7","0.0","0.0","0.0","0.0","0.0","0.0","6.4","6.2","0.0","14.26","14.16","0.0","73.3","68.0","0.0","5.3","8.6","0.0","0.0","0.0","0.0","8.0","3.9","0.0"
"20241012","措备","合备","17.8","25.4","12.2","16.0","0.0","0.0","0.0","0.0","0.0","0.0","10.5","9.0","0.0","17.55","17.37","0.0","68.9","66.4","0.0","0.0","3.9","0.0","0.0","0.0","0.0","5.5","5.0","0.0"
"20241011","措备","合备","18.1","25.2","12.4","16.2","0.0","0.0","0.0","0.0","0.0","0.0","10.4","8.8","0.0","17.73","17.48","0.0","70.9","67.9","0.0","0.5","2.3","0.0","0.0","0.0","0.0","4.5","7.9","0.0"
"20241010","措备","合备","17.5","24.3","11.5","17.6","0.0","0.0","0.0","0.0","0.0","0.0","9.9","7.4","0.0","17.51","15.6","0.0","71.5","69.0","0.0","1.6","4.6","0.0","0.0","0.0","0.0","3.7","6.6","0.0"
"20241009","措备","合备","17.2","22.4","13.2","18.3","0.0","0.0","0.0","0.0","1.0","0.0","6.1","2.8","0.0","15.44","10.6","0.0","75.3","73.1","0.0","3.6","7.3","0.0","0.0","0.0","0.0","8.9","3.8","0.0"
"20241008","措备","合备","17.9","24.6","13.8","17.3","0.0","0.0","0.0","5.8","0.0","0.0","6.9","0.1","0.0","15.19","6.18","0.0","79.8","70.8","0.0","5.6","9.0","0.0","0.0","0.0","0.0","7.7","8.8","0.0"
"20241007","措备","合备","17.4","19.4","15.9","17.1","0.0","0.0","0.0","0.9","0.0","0.0","0.2","2.6","0.0","7.1","10.85","0.0","78.8","68.5","0.0","10.0","9.3","0.0","0.0","0.0","0.0","5.8","7.8","0.0"
"20241006","措备","合备","18.1","22.4","14.6","16.5","0.0","0.0","0.0","3.2","0.0","0.0","0.4","9.5","0.0","7.71","18.53","0.0","82.4","53.5","0.0","9.5","6.8","0.0","0.0","0.0","0.0","3.8","4.7","0.0"
"20241005","措备","合备","17.2","23.8","11.0","16.7","0.0","0.0","0.0","0.0","0.0","0.0","9.2","8.7","0.0","17.65","18.99","0.0","75.3","38.6","0.0","3.1","4.8","0.0","0.0","0.0","0.0","6.0","13.7","0.0"
"20241004","措备","合备","17.3","23.1","12.6","19.1","0.0","0.0","0.0","0.0","0.0","0.0","9.2","8.0","0.0","18.0","17.69","0.0","72.8","69.8","0.0","2.0","5.8","0.0","0.0","0.0","0.0","7.0","7.6","0.0"
"20241003","措备","合备","16.6","20.7","14.1","16.1","0.0","0.0","0.0","9.9","0.5","0.0","0.0","0.3","0.0","4.91","7.06","0.0","70.4","81.6","0.0","10.0","7.3","0.0","0.0","0.0","0.0","7.5","3.3","0.0"
"20241002","措备","合备","17.3","21.6","14.3","17.6","0.0","0.0","0.0","0.0","0.0","0.0","10.1","9.7","0.0","19.56","19.92","0.0","43.3","62.3","0.0","6.0","2.6","0.0","0.0","0.0","0.0","10.0","5.8","0.0"
"20241001","措备","合备","21.1","28.2","16.6","19.2","0.0","0.0","0.0","0.0","0.0","0.0","5.1","10.6","0.0","13.58","20.41","0.0","65.4","59.1","0.0","7.0","2.1","0.0","0.0","0.0","0.0","11.0","9.2","0.0"
"20240930","措备","合备","21.3","28.8","15.0","20.0","0.0","0.0","0.0","0.0","3.5","0.0","10.5","5.9","0.0","19.54","14.16","0.0","70.6","71.6","0.0","1.4","5.4","0.0","0.0","0.0","0.0","4.1","8.4","0.0"
"20240929","措备","合备","21.3","26.1","17.4","21.8","0.0","0.0","0.0","0.0","0.0","0.0","6.6","5.8","0.0","15.88","15.32","0.0","74.1","74.6","0.0","4.1","5.4","0.0","0.0","0.0","0.0","8.6","3.8","0.0"
"20240928","措备","合备","21.8","25.9","19.2","23.6","0.0","0.0","0.0","0.1","0.0","0.0","3.0","7.6","0.0","10.57","16.87","0.0","81.6","69.8","0.0","5.8","3.1","0.0","0.0","0.0","0.0","9.8","8.0","0.0"
"20240927","措备","合备","23.4","29.7","20.4","23.8","0.0","0.0","0.0","0.0","0.0","0.0","4.6","2.2","0.0","14.22","10.1","0.0","77.6","79.6","0.0","5.8","8.1","0.0","0.0","0.0","0.0","7.9","6.6","0.0"
"20240926","措备","合备","23.3","29.0","18.1","20.8","0.0","0.0","0.0","0.0","17.9","0.0","7.1","0.0","0.0","16.25","2.33","0.0","72.9","95.0","0.0","5.9","10.0","0.0","0.0","0.0","0.0","3.4","4.9","0.0"
"20240925","措备","合备","22.5","28.2","17.3","21.1","0.0","0.0","0.0","0.0","0.9","0.0","9.7","0.9","0.0","17.43","10.92","0.0","74.0","78.4","0.0","4.5","9.5","0.0","0.0","0.0","0.0","5.1","7.4","0.0"
"20240924","措备","合备","19.7","25.7","13.6","20.4","0.0","0.0","0.0","0.0","0.0","0.0","7.7","8.8","0.0","19.38","19.68","0.0","75.6","66.3","0.0","5.6","4.6","0.0","0.0","0.0","0.0","7.2","10.0","0.0"
"20240923","措备","合备","19.7","23.6","15.2","19.9","0.0","0.0","0.0","0.0","0.0","0.0","10.0","6.8","0.0","21.11","16.32","0.0","60.9","74.0","0.0","3.5","5.4","0.0","0.0","0.0","0.0","9.3","9.2","0.0"
"20240922","措备","合备","22.1","25.4","19.9","21.1","0.0","0.0","0.0","0.0","0.0","0.0","1.7","8.4","0.0","10.33","16.79","0.0","75.8","73.1","0.0","8.8","4.0","0.0","0.0","0.0","0.0","9.0","6.2","0.0"
"20240921","措备","合备","21.2","25.4","19.7","19.5","0.0","0.0","0.0","87.6","3.4","0.0","0.0","0.0","0.0","3.05","6.12","0.0","95.6","91.0","0.0","10.0","9.5","0.0","0.0","0.0","0.0","10.7","9.7","0.0"
"20240920","措备","合备","26.2","28.2","25.2","22.0","0.0","0.0","0.0","16.4","36.6","0.0","0.0","0.0","0.0","2.67","3.97","0.0","90.5","89.4","0.0","9.6","9.5","0.0","0.0","0.0","0.0","4.0","8.6","0.0"
"20240919","措备","合备","29.0","34.0","24.5","25.2","0.0","0.0","0.0","0.0","0.0","0.0","4.1","8.7","0.0","14.32","18.52","0.0","72.4","71.4","0.0","5.9","6.8","0.0","0.0","0.0","0.0","4.0","6.5","0.0"
"20240918","措备","合备","29.5","35.8","25.8","26.1","0.0","0.0","0.0","0.0","0.0","0.0","6.3","6.3","0.0","15.06","17.01","0.0","73.3","76.8","0.0","5.8","6.4","0.0","0.0","0.0","0.0","4.8","6.2","0.0"
"20240917","措备","合备","29.5","36.1","24.3","24.6","0.0","0.0","0.0","0.0","13.2","0.0","9.0","2.1","0.0","20.55","11.05","0.0","70.6","87.0","0.0","4.1","9.5","0.0","0.0","0.0","0.0","4.5","4.3","0.0"
"20240916","措备","合备","26.0","28.5","24.4","23.1","0.0","0.0","0.0","0.0","25.1","0.0","0.0","0.0","0.0","9.98","3.36","0.0","80.3","94.6","0.0","8.6","9.0","0.0","0.0","0.0","0.0","6.1","5.3","0.0"
"20240915","措备","合备","26.5","29.8","24.7","22.8","0.0","0.0","0.0","0.0","11.2","0.0","2.5","0.0","0.0","12.82","3.87","0.0","80.3","92.3","0.0","7.1","9.9","0.0","0.0","0.0","0.0","7.5","5.2","0.0"
"20240914","措备","合备","28.7","34.9","25.0","22.6","0.0","0.0","0.0","0.0","6.7","0.0","6.2","0.0","0.0","16.83","4.39","0.0","74.9","89.5","0.0","4.5","9.9","0.0","0.0","0.0","0.0","6.3","7.4","0.0"
"20240913","措备","合备","28.9","33.8","25.0","24.7","0.0","0.0","0.0","0.0","4.0","0.0","6.9","0.0","0.0","16.1","0.0","0.0","73.6","84.1","0.0","6.3","9.9","0.0","0.0","0.0","0.0","3.1","6.7","0.0"
"20240912","措备","合备","27.5","32.3","24.5","26.1","0.0","0.0","0.0","25.7","0.0","0.0","2.8","0.0","0.0","13.88","0.0","0.0","82.6","74.6","0.0","8.6","8.1","0.0","0.0","0.0","0.0","6.7","4.2","0.0"
"20240911","措备","合备","27.1","31.1","25.1","25.6","0.0","0.0","0.0","1.4","0.0","0.0","0.2","6.7","0.0","9.26","17.86","0.0","81.9","68.9","0.0","8.3","4.6","0.0","0.0","0.0","0.0","4.9","5.2","0.0"
"20240910","措备","合备","28.9","35.6","23.0","24.0","0.0","0.0","0.0","0.0","0.0","0.0","10.6","10.2","0.0","21.2","21.65","0.0","68.6","69.8","0.0","0.5","2.6","0.0","0.0","0.0","0.0","4.2","7.5","0.0"
"20240909","措备","合备","27.5","32.3","24.6","23.4","0.0","0.0","0.0","0.0","0.0","0.0","8.5","11.7","0.0","20.09","23.75","0.0","73.5","68.1","0.0","3.6","0.0","0.0","0.0","0.0","0.0","8.6","6.6","0.0"
"20240908","措备","合备","27.2","32.3","24.7","23.3","0.0","0.0","0.0","0.1","0.0","0.0","7.9","7.2","0.0","19.62","18.37","0.0","79.3","67.5","0.0","6.9","1.5","0.0","0.0","0.0","0.0","9.4","7.7","0.0"
"20240907","措备","合备","25.4","30.0","22.3","23.6","0.0","0.0","0.0","4.5","0.0","0.0","0.5","11.6","0.0","10.14","23.28","0.0","87.6","67.3","0.0","9.8","1.3","0.0","0.0","0.0","0.0","5.2","9.6","0.0"
"20240906","措备","合备","25.4","29.2","22.5","25.2","0.0","0.0","0.0","15.7","0.0","0.0","0.1","8.9","0.0","9.18","19.87","0.0","83.4","69.3","0.0","9.9","2.6","0.0","0.0","0.0","0.0","8.0","8.5","0.0"
"20240905","措备","合备","28.4","35.1","20.3","26.1","0.0","0.0","0.0","0.0","0.0","0.0","10.3","10.4","0.0","22.46","21.37","0.0","58.4","65.5","0.0","2.9","5.9","0.0","0.0","0.0","0.0","8.2","7.2","0.0"
"20240904","措备","合备","25.4","31.0","19.6","26.4","0.0","0.0","0.0","0.0","0.0","0.0","12.0","9.5","0.0","24.09","19.95","0.0","64.0","76.8","0.0","1.9","4.5","0.0","0.0","0.0","0.0","7.6","9.1","0.0"
"20240903","措备","合备","24.9","28.8","21.9","26.6","0.0","0.0","0.0","0.0","0.0","0.0","2.5","6.5","0.0","12.66","19.54","0.0","65.0","76.4","0.0","5.9","7.3","0.0","0.0","0.0","0.0","9.0","7.9","0.0"
"20240902","措备","合备","27.0","31.7","22.9","24.9","0.0","0.0","0.0","0.0","1.1","0.0","3.0","2.4","0.0","13.28","14.27","0.0","69.4","79.8","0.0","6.6","7.5","0.0","0.0","0.0","0.0","8.7","8.8","0.0"
"20240901","措备","合备","27.9","34.3","22.2","25.8","0.0","0.0","0.0","0.0","0.0","0.0","9.6","6.5","0.0","22.96","18.51","0.0","62.0","76.6","0.0","4.1","8.0","0.0","0.0","0.0","0.0","6.3","5.3","0.0"
"20240831","措备","合备","27.6","33.3","24.3","23.3","0.0","0.0","0.0","0.0","51.4","0.0","11.5","0.2","0.0","23.5","8.68","0.0","62.8","89.8","0.0","1.9","9.4","0.0","0.0","0.0","0.0","9.7","5.8","0.0"
"20240830","措备","合备","29.5","34.8","25.7","24.7","0.0","0.0","0.0","0.0","54.9","0.0","10.2","0.1","0.0","23.68","3.39","0.0","61.3","95.0","0.0","5.8","9.8","0.0","0.0","0.0","0.0","8.3","9.9","0.0"
"20240829","措备","合备","28.1","32.8","25.0","25.7","0.0","0.0","0.0","0.1","3.3","0.0","5.6","0.6","0.0","16.0","4.92","0.0","66.4","88.6","0.0","6.5","8.4","0.0","0.0","0.0","0.0","11.6","5.2","0.0"
"20240828","措备","合备","26.6","29.9","24.1","25.5","0.0","0.0","0.0","0.0","0.0","0.0","0.5","2.5","0.0","9.3","13.2","0.0","68.3","80.5","0.0","8.8","7.9","0.0","0.0","0.0","0.0","10.3","9.5","0.0"
"20240827","措备","合备","26.2","30.9","23.7","25.5","0.0","0.0","0.0","10.8","4.7","0.0","0.6","6.7","0.0","10.72","17.92","0.0","80.4","78.6","0.0","9.6","6.1","0.0","0.0","0.0","0.0","10.6","8.6","0.0"
"20240826","措备","合备","28.7","34.4","25.3","26.6","0.0","0.0","0.0","21.1","0.0","0.0","5.3","10.7","0.0","18.01","23.97","0.0","74.3","68.4","0.0","6.9","2.5","0.0","0.0","0.0","0.0","13.7","5.7","0.0"
"20240825","措备","合备","28.9","35.9","25.4","27.4","0.0","0.0","0.0","0.0","0.7","0.0","8.2","7.8","0.0","20.17","20.62","0.0","71.4","70.5","0.0","3.6","5.1","0.0","0.0","0.0","0.0","9.7","7.7","0.0"
"20240824","措备","合备","30.4","35.8","25.4","25.0","0.0","0.0","0.0","0.0","36.4","0.0","11.2","1.1","0.0","22.45","10.16","0.0","61.6","91.5","0.0","1.3","9.8","0.0","0.0","0.0","0.0","6.9","9.8","0.0"
"20240823","措备","合备","30.3","35.4","25.1","28.6","0.0","0.0","0.0","0.0","15.9","0.0","11.3","9.5","0.0","24.62","22.34","0.0","61.3","72.3","0.0","1.9","5.1","0.0","0.0","0.0","0.0","7.5","7.3","0.0"
"20240822","措备","合备","29.7","34.4","26.0","28.8","0.0","0.0","0.0","0.0","0.0","0.0","3.4","10.3","0.0","13.74","23.4","0.0","72.3","72.3","0.0","7.0","1.8","0.0","0.0","0.0","0.0","13.4","7.3","0.0"
"20240821","措备","合备","28.1","31.5","25.6","28.9","0.0","0.0","0.0","3.3","0.0","0.0","0.3","9.4","0.0","9.8","22.22","0.0","84.0","74.4","0.0","9.0","3.3","0.0","0.0","0.0","0.0","5.7","5.7","0.0"
"20240820","措备","合备","28.8","33.6","26.3","27.3","0.0","0.0","0.0","2.0","6.3","0.0","2.1","3.8","0.0","10.22","15.18","0.0","79.6","84.9","0.0","8.4","6.9","0.0","0.0","0.0","0.0","9.9","9.3","0.0"
"20240819","措备","合备","29.6","35.1","24.6","27.3","0.0","0.0","0.0","0.0","0.1","0.0","7.6","4.1","0.0","20.3","14.1","0.0","68.0","82.0","0.0","5.1","7.0","0.0","0.0","0.0","0.0","5.5","5.2","0.0"
"20240818","措备","合备","29.0","34.0","24.6","25.7","0.0","0.0","0.0","0.0","1.6","0.0","11.9","1.0","0.0","24.82","11.47","0.0","66.0","84.0","0.0","3.6","7.8","0.0","0.0","0.0","0.0","7.7","6.6","0.0"
"20240817","措备","合备","29.1","34.5","24.7","25.9","0.0","0.0","0.0","0.0","0.0","0.0","9.7","3.3","0.0","21.62","15.72","0.0","67.0","78.6","0.0","4.9","7.6","0.0","0.0","0.0","0.0","8.9","7.3","0.0"
"20240816","措备","合备","28.7","33.9","24.3","27.0","0.0","0.0","0.0","0.0","3.1","0.0","9.6","4.5","0.0","22.34","16.4","0.0","67.0","74.6","0.0","4.1","7.8","0.0","0.0","0.0","0.0","8.3","9.5","0.0"
"20240815","措备","合备","28.3","34.3","24.0","27.5","0.0","0.0","0.0","0.0","0.0","0.0","11.0","11.2","0.0","24.1","25.51","0.0","69.5","70.8","0.0","4.8","2.9","0.0","0.0","0.0","0.0","9.5","7.7","0.0"
"20240814","措备","合备","28.0","32.6","23.0","26.8","0.0","0.0","0.0","0.0","0.0","0.0","9.6","8.4","0.0","22.12","22.84","0.0","70.3","74.3","0.0","3.6","6.0","0.0","0.0","0.0","0.0","8.4","8.1","0.0"
"20240813","措备","合备","28.0","33.6","23.4","27.2","0.0","0.0","0.0","0.0","0.0","0.0","12.6","7.0","0.0","25.94","22.09","0.0","67.8","73.4","0.0","1.4","6.8","0.0","0.0","0.0","0.0","8.5","6.7","0.0"
"20240812","措备","合备","28.4","34.5","23.5","27.1","0.0","0.0","0.0","0.0","0.0","0.0","12.7","3.0","0.0","26.31","15.46","0.0","68.0","71.8","0.0","1.4","6.9","0.0","0.0","0.0","0.0","9.2","6.4","0.0"
"20240811","措备","合备","28.9","34.4","24.1","27.5","0.0","0.0","0.0","0.0","0.0","0.0","12.6","10.0","0.0","25.54","23.02","0.0","67.6","66.8","0.0","1.4","2.9","0.0","0.0","0.0","0.0","7.5","7.7","0.0"
"20240810","措备","合备","28.9","34.2","24.6","25.1","0.0","0.0","0.0","0.0","93.4","0.0","10.1","0.1","0.0","25.15","3.99","0.0","67.5","83.5","0.0","4.1","9.6","0.0","0.0","0.0","0.0","7.7","17.1","0.0"
"20240809","措备","合备","29.3","35.5","24.6","25.4","0.0","0.0","0.0","0.0","41.0","0.0","11.2","0.0","0.0","26.38","2.77","0.0","68.3","89.4","0.0","2.8","9.5","0.0","0.0","0.0","0.0","6.5","7.1","0.0"
"20240808","措备","合备","28.5","34.1","24.1","28.4","0.0","0.0","0.0","58.0","0.0","0.0","7.2","7.9","0.0","19.26","22.19","0.0","75.1","72.8","0.0","6.6","5.3","0.0","0.0","0.0","0.0","10.3","10.7","0.0"
"20240807","措备","合备","31.0","36.6","26.5","29.5","0.0","0.0","0.0","0.0","0.0","0.0","9.5","10.3","0.0","24.64","24.28","0.0","66.8","69.6","0.0","5.4","5.0","0.0","0.0","0.0","0.0","5.9","10.0","0.0"
"20240806","措备","合备","29.2","35.5","23.8","30.4","0.0","0.0","0.0","0.0","0.0","0.0","10.3","11.3","0.0","25.35","23.88","0.0","72.3","67.5","0.0","4.1","4.5","0.0","0.0","0.0","0.0","6.3","9.2","0.0"
"20240805","措备","合备","28.3","36.0","24.4","31.5","0.0","0.0","0.0","20.6","0.0","0.0","7.3","10.8","0.0","19.63","23.28","0.0","78.1","64.3","0.0","6.1","2.5","0.0","0.0","0.0","0.0","15.5","6.1","0.0"
"20240804","措备","合备","29.8","35.3","27.0","30.5","0.0","0.0","0.0","0.0","0.0","0.0","4.7","5.5","0.0","17.3","13.92","0.0","74.8","66.0","0.0","5.3","5.1","0.0","0.0","0.0","0.0","7.8","4.2","0.0"
"20240803","措备","合备","32.1","37.2","27.8","31.5","0.0","0.0","0.0","0.0","0.0","0.0","10.1","10.1","0.0","21.83","24.16","0.0","67.9","62.1","0.0","2.0","2.6","0.0","0.0","0.0","0.0","8.1","8.0","0.0"
"20240802","措备","合备","31.5","36.3","27.6","30.0","0.0","0.0","0.0","2.4","0.0","0.0","6.3","8.6","0.0","20.6","20.37","0.0","69.9","64.1","0.0","4.0","6.6","0.0","0.0","0.0","0.0","6.8","4.9","0.0"
"20240801","措备","合备","31.6","35.5","27.9","29.7","0.0","0.0","0.0","0.0","0.0","0.0","6.1","9.6","0.0","18.94","23.23","0.0","65.5","64.8","0.0","3.9","3.4","0.0","0.0","0.0","0.0","8.8","5.3","0.0"
"20240731","措备","合备","30.6","36.3","25.4","29.6","0.0","0.0","0.0","0.0","0.0","0.0","10.6","7.6","0.0","25.99","17.62","0.0","66.5","65.9","0.0","0.9","4.6","0.0","0.0","0.0","0.0","7.4","7.8","0.0"
"20240730","措备","合备","30.3","35.1","25.5","29.8","0.0","0.0","0.0","0.0","0.0","0.0","12.1","10.4","0.0","25.79","23.15","0.0","64.1","65.4","0.0","0.8","2.9","0.0","0.0","0.0","0.0","8.0","5.5","0.0"
"20240729","措备","合备","30.7","35.6","26.3","30.1","0.0","0.0","0.0","0.0","0.0","0.0","10.1","8.9","0.0","22.23","20.99","0.0","62.3","65.5","0.0","1.9","2.0","0.0","0.0","0.0","0.0","9.2","5.4","0.0"
"20240728","措备","合备","30.5","35.1","26.6","29.4","0.0","0.0","0.0","0.0","0.0","0.0","8.6","9.1","0.0","20.69","18.41","0.0","67.5","71.5","0.0","4.6","2.8","0.0","0.0","0.0","0.0","7.9","4.6","0.0"
"20240727","措备","合备","29.5","33.9","26.4","27.9","0.0","0.0","0.0","0.0","0.0","0.0","3.0","7.0","0.0","16.78","20.34","0.0","73.8","76.0","0.0","7.0","3.8","0.0","0.0","0.0","0.0","8.1","4.8","0.0"
"20240726","措备","合备","29.7","33.4","26.3","27.2","0.0","0.0","0.0","0.0","0.0","0.0","7.5","2.3","0.0","20.1","15.72","0.0","70.5","78.3","0.0","8.1","8.0","0.0","0.0","0.0","0.0","9.5","10.5","0.0"
"20240725","措备","合备","29.7","34.8","25.3","27.3","0.0","0.0","0.0","0.0","0.0","0.0","6.7","4.0","0.0","18.48","15.69","0.0","73.1","78.1","0.0","6.3","7.0","0.0","0.0","0.0","0.0","6.5","11.0","0.0"
"20240724","措备","合备","28.6","31.2","26.3","26.6","0.0","0.0","0.0","4.4","14.5","0.0","5.0","1.8","0.0","13.75","12.7","0.0","79.0","85.4","0.0","6.6","9.5","0.0","0.0","0.0","0.0","6.0","7.6","0.0"
"20240723","措备","合备","30.0","32.8","27.5","27.5","0.0","0.0","0.0","0.0","0.1","0.0","3.0","0.3","0.0","15.05","9.68","0.0","66.6","75.9","0.0","9.1","9.5","0.0","0.0","0.0","0.0","9.0","6.5","0.0"
"20240722","措备","合备","30.1","34.2","25.9","25.4","0.0","0.0","0.0","0.0","0.0","0.0","9.2","4.3","0.0","22.35","14.48","0.0","67.4","77.3","0.0","6.0","6.0","0.0","0.0","0.0","0.0","8.2","6.3","0.0"
"20240721","措备","合备","29.7","34.4","25.9","26.7","0.0","0.0","0.0","2.2","0.0","0.0","7.6","5.4","0.0","22.33","20.99","0.0","71.1","78.5","0.0","4.9","5.5","0.0","0.0","0.0","0.0","10.1","7.4","0.0"
"20240720","措备","合备","26.9","30.6","24.0","27.6","0.0","0.0","0.0","22.7","0.0","0.0","5.6","6.8","0.0","15.14","21.45","0.0","79.8","73.6","0.0","5.8","5.3","0.0","0.0","0.0","0.0","9.8","5.1","0.0"
"20240719","措备","合备","27.3","30.8","24.2","25.7","0.0","0.0","0.0","1.9","0.1","0.0","2.4","9.1","0.0","11.42","25.45","0.0","77.0","78.5","0.0","8.1","5.3","0.0","0.0","0.0","0.0","7.0","6.1","0.0"
"20240718","措备","合备","28.5","30.7","26.8","23.7","0.0","0.0","0.0","0.9","74.2","0.0","0.0","0.0","0.0","7.34","3.11","0.0","72.3","96.4","0.0","9.8","10.0","0.0","0.0","0.0","0.0","9.4","7.5","0.0"
"20240717","措备","合备","27.1","31.7","23.0","26.7","0.0","0.0","0.0","0.0","13.2","0.0","2.4","4.6","0.0","16.14","19.07","0.0","78.0","84.6","0.0","9.0","9.3","0.0","0.0","0.0","0.0","10.0","7.3","0.0"
"20240716","措备","合备","25.1","28.8","22.2","24.4","0.0","0.0","0.0","5.9","9.7","0.0","2.8","0.4","0.0","13.51","8.56","0.0","83.6","91.6","0.0","8.8","9.4","0.0","0.0","0.0","0.0","6.8","3.9","0.0"
"20240715","措备","合备","24.3","26.6","22.6","27.0","0.0","0.0","0.0","0.0","23.7","0.0","0.0","0.3","0.0","11.37","6.16","0.0","82.3","81.3","0.0","8.9","9.9","0.0","0.0","0.0","0.0","6.6","8.6","0.0"
"20240714","措备","合备","23.7","25.3","22.8","25.6","0.0","0.0","0.0","2.6","47.7","0.0","0.0","0.0","0.0","6.24","3.12","0.0","87.4","88.9","0.0","9.4","10.0","0.0","0.0","0.0","0.0","7.1","7.3","0.0"
"20240713","措备","合备","25.6","30.1","21.8","26.5","0.0","0.0","0.0","0.8","2.0","0.0","5.1","0.0","0.0","20.17","5.42","0.0","79.0","85.9","0.0","7.1","9.9","0.0","0.0","0.0","0.0","5.9","4.9","0.0"
"20240712","措备","合备","26.4","32.7","22.4","27.3","0.0","0.0","0.0","4.5","0.2","0.0","7.5","4.5","0.0","24.36","18.21","0.0","77.6","79.8","0.0","5.5","8.4","0.0","0.0","0.0","0.0","9.9","6.2","0.0"
"20240711","措备","合备","24.6","28.2","21.7","24.8","0.0","0.0","0.0","24.0","46.5","0.0","0.8","0.2","0.0","13.58","7.85","0.0","83.0","89.5","0.0","8.3","9.0","0.0","0.0","0.0","0.0","6.7","18.8","0.0"
"20240710","措备","合备","23.9","26.2","22.0","28.3","0.0","0.0","0.0","65.7","0.0","0.0","0.0","6.9","0.0","8.02","19.68","0.0","87.6","74.6","0.0","9.4","5.3","0.0","0.0","0.0","0.0","9.9","8.1","0.0"
"20240709","措备","合备","24.4","27.2","22.8","26.6","0.0","0.0","0.0","191.3","0.0","0.0","0.0","1.9","0.0","4.37","15.1","0.0","93.8","78.0","0.0","10.0","8.3","0.0","0.0","0.0","0.0","9.3","5.0","0.0"
"20240708","措备","合备","27.2","29.2","26.2","23.1","0.0","0.0","0.0","2.4","0.0","0.0","0.0","0.4","0.0","4.86","10.56","0.0","82.4","84.5","0.0","9.8","8.8","0.0","0.0","0.0","0.0","6.4","6.7","0.0"
"20240707","措备","合备","29.0","32.4","24.6","21.9","0.0","0.0","0.0","7.9","43.9","0.0","2.2","0.0","0.0","13.93","3.19","0.0","73.6","86.8","0.0","8.5","9.6","0.0","0.0","0.0","0.0","13.8","9.2","0.0"
"20240706","措备","合备","28.7","32.9","24.5","27.5","0.0","0.0","0.0","0.0","0.0","0.0","6.0","7.0","0.0","19.51","22.29","0.0","69.1","62.3","0.0","7.0","6.6","0.0","0.0","0.0","0.0","7.7","5.6","0.0"
"20240705","措备","合备","29.0","32.8","26.0","27.5","0.0","0.0","0.0","0.5","16.1","0.0","7.3","9.3","0.0","21.42","25.66","0.0","61.6","67.9","0.0","5.8","3.3","0.0","0.0","0.0","0.0","11.0","14.6","0.0"
"20240704","措备","合备","29.0","34.8","22.9","24.9","0.0","0.0","0.0","0.0","6.8","0.0","11.2","1.3","0.0","26.35","8.92","0.0","64.0","84.8","0.0","2.6","9.3","0.0","0.0","0.0","0.0","7.9","6.2","0.0"
"20240703","措备","合备","28.9","33.9","24.9","27.1","0.0","0.0","0.0","12.4","0.0","0.0","7.1","9.5","0.0","22.97","25.42","0.0","67.9","71.5","0.0","6.1","5.9","0.0","0.0","0.0","0.0","10.8","6.5","0.0"
"20240702","措备","合备","25.2","27.9","21.9","28.1","0.0","0.0","0.0","22.1","0.0","0.0","0.1","6.5","0.0","8.34","21.78","0.0","84.8","69.0","0.0","9.8","7.0","0.0","0.0","0.0","0.0","9.0","6.1","0.0"
"20240701","措备","合备","28.0","32.5","24.4","25.8","0.0","0.0","0.0","0.0","0.0","0.0","7.9","8.6","0.0","22.74","24.92","0.0","66.0","76.1","0.0","7.3","4.8","0.0","0.0","0.0","0.0","6.6","6.9","0.0"
"20240630","措备","合备","26.2","31.0","23.6","24.0","0.0","0.0","0.0","24.4","39.0","0.0","0.9","0.0","0.0","9.44","5.56","0.0","85.3","92.4","0.0","9.9","9.9","0.0","0.0","0.0","0.0","11.0","6.9","0.0"
"20240629","措备","合备","24.5","29.8","22.0","25.4","0.0","0.0","0.0","20.3","8.3","0.0","3.9","0.3","0.0","12.87","7.56","0.0","80.9","86.1","0.0","9.3","9.3","0.0","0.0","0.0","0.0","7.8","4.6","0.0"
"20240628","措备","合备","26.0","34.1","18.2","24.5","0.0","0.0","0.0","0.0","24.7","0.0","11.5","4.9","0.0","28.65","18.94","0.0","63.9","78.4","0.0","2.5","7.8","0.0","0.0","0.0","0.0","6.7","7.5","0.0"
"20240627","措备","合备","22.0","26.2","18.1","27.8","0.0","0.0","0.0","4.7","48.0","0.0","0.0","9.4","0.0","10.6","25.33","0.0","69.4","71.3","0.0","8.3","7.4","0.0","0.0","0.0","0.0","5.3","10.7","0.0"
"20240626","措备","合备","24.8","30.8","19.6","24.1","0.0","0.0","0.0","0.0","33.2","0.0","11.5","0.0","0.0","25.78","7.33","0.0","52.4","89.5","0.0","5.8","10.0","0.0","0.0","0.0","0.0","7.0","5.7","0.0"
"20240625","措备","合备","24.8","29.6","20.9","24.2","0.0","0.0","0.0","0.0","2.2","0.0","9.0","4.7","0.0","24.11","18.83","0.0","48.9","73.9","0.0","8.3","9.0","0.0","0.0","0.0","0.0","10.1","6.8","0.0"
"20240624","措备","合备","26.8","32.6","21.8","24.5","0.0","0.0","0.0","0.0","0.0","0.0","5.7","10.0","0.0","20.77","27.35","0.0","65.0","66.0","0.0","8.0","6.8","0.0","0.0","0.0","0.0","13.2","7.2","0.0"
"20240623","措备","合备","26.1","30.0","23.4","24.8","0.0","0.0","0.0","0.1","0.0","0.0","2.6","9.3","0.0","11.44","25.3","0.0","77.6","64.9","0.0","6.9","4.4","0.0","0.0","0.0","0.0","8.6","9.2","0.0"
"20240622","措备","合备","23.4","24.5","22.3","24.6","0.0","0.0","0.0","21.2","0.0","0.0","0.0","7.3","0.0","4.48","22.41","0.0","88.6","65.8","0.0","9.6","6.9","0.0","0.0","0.0","0.0","4.8","8.4","0.0"
"20240621","措备","合备","26.2","30.8","21.2","21.4","0.0","0.0","0.0","0.0","4.6","0.0","6.2","0.0","0.0","19.59","5.22","0.0","63.0","89.9","0.0","8.5","9.6","0.0","0.0","0.0","0.0","5.4","5.5","0.0"
"20240620","措备","合备","25.0","28.8","21.1","23.0","0.0","0.0","0.0","0.0","0.0","0.0","2.3","6.3","0.0","14.07","19.45","0.0","54.0","66.4","0.0","8.8","6.4","0.0","0.0","0.0","0.0","6.0","9.4","0.0"
"20240619","措备","合备","29.3","36.8","21.4","24.4","0.0","0.0","0.0","0.0","0.0","0.0","11.6","11.6","0.0","26.96","27.29","0.0","43.0","62.1","0.0","6.5","3.4","0.0","0.0","0.0","0.0","7.4","10.0","0.0"
"20240618","措备","合备","28.3","35.4","19.5","26.9","0.0","0.0","0.0","0.0","0.0","0.0","13.1","10.9","0.0","29.07","26.67","0.0","41.6","52.6","0.0","0.9","4.6","0.0","0.0","0.0","0.0","9.5","8.5","0.0"
"20240617","措备","合备","24.8","30.0","19.2","27.6","0.0","0.0","0.0","0.0","0.0","0.0","4.7","11.1","0.0","17.85","27.06","0.0","52.4","53.5","0.0","8.0","6.3","0.0","0.0","0.0","0.0","6.9","6.7","0.0"
"20240616","措备","合备","26.2","31.5","21.5","25.3","0.0","0.0","0.0","0.0","0.0","0.0","11.7","13.3","0.0","28.21","28.97","0.0","54.8","60.9","0.0","3.3","0.1","0.0","0.0","0.0","0.0","9.8","7.9","0.0"
"20240615","措备","合备","25.4","32.2","21.7","20.9","0.0","0.0","0.0","4.3","0.0","0.0","6.6","6.7","0.0","18.08","23.4","0.0","68.5","74.0","0.0","7.0","5.4","0.0","0.0","0.0","0.0","7.8","7.0","0.0"
"20240614","措备","合备","27.5","35.1","19.6","21.2","0.0","0.0","0.0","0.0","17.5","0.0","12.5","5.6","0.0","27.75","18.54","0.0","51.6","73.8","0.0","3.4","6.6","0.0","0.0","0.0","0.0","6.7","8.6","0.0"
"20240613","措备","合备","27.7","35.6","21.5","23.8","0.0","0.0","0.0","0.0","0.0","0.0","11.3","6.8","0.0","28.28","20.78","0.0","51.8","68.1","0.0","2.1","6.6","0.0","0.0","0.0","0.0","7.6","6.7","0.0"
"20240612","措备","合备","27.9","33.9","21.8","23.3","0.0","0.0","0.0","0.0","0.7","0.0","12.4","5.7","0.0","28.62","18.12","0.0","49.1","73.4","0.0","3.3","7.3","0.0","0.0","0.0","0.0","9.4","9.8","0.0"
"20240611","措备","合备","27.5","34.5","20.6","24.6","0.0","0.0","0.0","0.0","0.0","0.0","12.6","7.7","0.0","28.37","22.41","0.0","54.6","66.5","0.0","1.8","5.6","0.0","0.0","0.0","0.0","7.7","6.4","0.0"
"20240610","措备","合备","26.0","33.4","18.5","24.5","0.0","0.0","0.0","0.0","0.0","0.0","11.0","8.6","0.0","26.16","24.0","0.0","60.1","61.0","0.0","2.3","4.6","0.0","0.0","0.0","0.0","6.5","9.0","0.0"
"20240609","措备","合备","23.1","29.4","18.7","24.6","0.0","0.0","0.0","1.8","0.0","0.0","8.0","12.2","0.0","22.82","28.65","0.0","72.8","50.4","0.0","6.3","0.8","0.0","0.0","0.0","0.0","5.8","9.0","0.0"
"20240608","措备","合备","19.9","23.2","18.7","24.1","0.0","0.0","0.0","21.5","0.0","0.0","0.0","8.2","0.0","5.77","23.99","0.0","82.9","57.8","0.0","9.9","5.5","0.0","0.0","0.0","0.0","7.0","6.8","0.0"
"20240607","措备","合备","23.9","30.3","16.5","24.1","0.0","0.0","0.0","0.0","0.0","0.0","9.9","6.5","0.0","23.3","19.5","0.0","52.5","58.1","0.0","6.8","6.9","0.0","0.0","0.0","0.0","6.8","6.1","0.0"
"20240606","措备","合备","22.0","27.9","16.2","24.3","0.0","0.0","0.0","0.0","0.0","0.0","3.6","10.5","0.0","19.45","26.81","0.0","53.3","50.4","0.0","7.0","4.0","0.0","0.0","0.0","0.0","5.3","7.1","0.0"
"20240605","措备","合备","21.4","28.9","12.5","23.8","0.0","0.0","0.0","0.0","0.0","0.0","11.4","7.8","0.0","26.97","21.86","0.0","51.6","48.1","0.0","5.8","8.1","0.0","0.0","0.0","0.0","8.3","8.0","0.0"
"20240604","措备","合备","19.8","26.3","13.1","23.9","0.0","0.0","0.0","0.0","0.0","0.0","13.7","11.1","0.0","30.76","27.62","0.0","56.4","40.5","0.0","0.1","7.8","0.0","0.0","0.0","0.0","8.0","10.1","0.0"
"20240603","措备","合备","19.4","25.4","16.1","23.1","0.0","0.0","0.0","0.0","0.0","0.0","8.6","11.6","0.0","26.13","28.24","0.0","63.9","50.1","0.0","4.5","5.5","0.0","0.0","0.0","0.0","10.0","9.4","0.0"
"20240602","措备","合备","20.1","26.7","15.0","23.7","0.0","0.0","0.0","0.0","0.3","0.0","8.8","10.0","0.0","23.74","27.75","0.0","61.4","60.9","0.0","5.9","6.4","0.0","0.0","0.0","0.0","9.3","9.6","0.0"
"20240601","措备","合备","22.0","27.5","17.3","18.6","0.0","0.0","0.0","0.0","0.2","0.0","8.6","1.5","0.0","24.29","10.6","0.0","52.6","77.0","0.0","5.8","8.8","0.0","0.0","0.0","0.0","8.5","4.2","0.0"
"20240531","措备","合备","24.0","29.8","19.5","20.5","0.0","0.0","0.0","0.0","0.0","0.0","11.2","12.6","0.0","27.84","29.22","0.0","43.5","60.3","0.0","4.4","2.3","0.0","0.0","0.0","0.0","8.6","9.0","0.0"
"20240530","措备","合备","21.6","27.5","16.5","19.5","0.0","0.0","0.0","0.0","0.0","0.0","0.9","0.9","0.0","12.9","13.01","0.0","59.6","81.5","0.0","9.3","7.3","0.0","0.0","0.0","0.0","5.7","9.0","0.0"
"20240529","措备","合备","20.9","29.2","10.4","20.1","0.0","0.0","0.0","0.0","100.8","0.0","13.2","0.0","0.0","28.78","2.63","0.0","51.9","97.3","0.0","1.0","9.4","0.0","0.0","0.0","0.0","6.4","7.9","0.0"
"20240528","措备","合备","18.6","24.4","13.6","21.7","0.0","0.0","0.0","0.0","10.6","0.0","4.6","0.0","0.0","15.51","3.78","0.0","56.3","86.6","0.0","6.9","9.9","0.0","0.0","0.0","0.0","9.5","7.1","0.0"
"20240527","措备","合备","21.5","24.9","18.5","23.2","0.0","0.0","0.0","0.0","0.2","0.0","9.2","0.8","0.0","24.83","12.63","0.0","48.3","64.8","0.0","7.3","9.0","0.0","0.0","0.0","0.0","13.2","7.5","0.0"
"20240526","措备","合备","20.8","28.0","14.2","22.0","0.0","0.0","0.0","4.7","0.0","0.0","7.2","6.5","0.0","19.24","21.19","0.0","70.3","49.8","0.0","8.5","7.8","0.0","0.0","0.0","0.0","8.2","7.5","0.0"
"20240525","措备","合备","19.6","23.9","16.6","21.3","0.0","0.0","0.0","0.0","0.0","0.0","0.9","9.0","0.0","16.01","26.35","0.0","51.9","46.6","0.0","8.3","6.1","0.0","0.0","0.0","0.0","9.5","8.3","0.0"
"20240524","措备","合备","21.2","26.8","16.8","19.6","0.0","0.0","0.0","0.0","0.0","0.0","10.8","8.9","0.0","26.67","21.71","0.0","54.1","52.4","0.0","3.3","5.6","0.0","0.0","0.0","0.0","13.0","7.3","0.0"
"20240523","措备","合备","25.3","32.5","18.3","18.4","0.0","0.0","0.0","0.0","0.0","0.0","12.7","11.6","0.0","28.57","28.53","0.0","46.1","56.0","0.0","2.9","2.1","0.0","0.0","0.0","0.0","7.7","13.0","0.0"
"20240522","措备","合备","21.7","30.7","11.8","17.0","0.0","0.0","0.0","0.0","0.5","0.0","12.8","0.8","0.0","27.85","6.32","0.0","59.5","67.0","0.0","4.0","7.1","0.0","0.0","0.0","0.0","5.8","6.1","0.0"
"20240521","措备","合备","17.8","22.8","14.5","22.7","0.0","0.0","0.0","0.0","0.0","0.0","8.2","10.9","0.0","24.89","25.99","0.0","69.0","55.0","0.0","2.6","3.5","0.0","0.0","0.0","0.0","9.1","8.5","0.0"
"20240520","措备","合备","21.0","29.0","14.4","20.9","0.0","0.0","0.0","0.0","0.0","0.0","10.4","12.7","0.0","25.99","28.01","0.0","54.9","63.5","0.0","3.0","2.0","0.0","0.0","0.0","0.0","9.1","6.9","0.0"
"20240519","措备","合备","23.0","31.5","14.6","18.3","0.0","0.0","0.0","0.0","0.0","0.0","13.1","2.2","0.0","28.88","9.52","0.0","46.5","78.6","0.0","0.0","5.5","0.0","0.0","0.0","0.0","6.8","8.3","0.0"
"20240518","措备","合备","21.4","30.6","12.1","18.6","0.0","0.0","0.0","0.0","5.9","0.0","13.0","0.0","0.0","29.13","5.29","0.0","44.6","81.6","0.0","0.0","9.5","0.0","0.0","0.0","0.0","7.1","7.1","0.0"
"20240517","措备","合备","19.1","28.4","10.0","24.4","0.0","0.0","0.0","0.0","0.0","0.0","11.3","12.2","0.0","28.06","27.91","0.0","51.8","49.5","0.0","2.1","3.0","0.0","0.0","0.0","0.0","8.3","8.3","0.0"
"20240516","措备","合备","15.5","22.4","8.5","24.6","0.0","0.0","0.0","2.0","0.0","0.0","10.8","11.8","0.0","28.16","26.68","0.0","53.6","52.0","0.0","3.5","1.1","0.0","0.0","0.0","0.0","15.3","6.4","0.0"
"20240515","措备","合备","18.4","27.9","10.6","21.8","0.0","0.0","0.0","16.7","0.0","0.0","10.8","12.6","0.0","27.86","27.49","0.0","56.5","53.3","0.0","3.9","0.3","0.0","0.0","0.0","0.0","10.8","8.0","0.0"
"20240514","措备","合备","20.1","28.5","10.7","20.4","0.0","0.0","0.0","0.0","0.0","0.0","13.2","11.1","0.0","29.01","27.39","0.0","49.9","55.6","0.0","0.0","3.0","0.0","0.0","0.0","0.0","6.4","7.6","0.0"
"20240513","措备","合备","19.0","26.1","11.2","19.4","0.0","0.0","0.0","0.0","0.0","0.0","13.2","6.7","0.0","29.41","20.72","0.0","47.6","62.1","0.0","0.0","6.1","0.0","0.0","0.0","0.0","6.9","6.1","0.0"
"20240512","措备","合备","19.3","24.1","16.4","18.8","0.0","0.0","0.0","5.6","0.0","0.0","6.8","8.0","0.0","22.91","22.6","0.0","53.9","48.4","0.0","7.6","7.8","0.0","0.0","0.0","0.0","9.8","6.4","0.0"
"20240511","措备","合备","19.9","25.1","12.8","18.1","0.0","0.0","0.0","4.2","0.0","0.0","5.4","11.2","0.0","16.93","26.38","0.0","64.0","57.8","0.0","6.6","3.1","0.0","0.0","0.0","0.0","10.4","9.6","0.0"
"20240510","措备","合备","19.9","29.8","10.5","19.2","0.0","0.0","0.0","0.0","0.0","0.0","12.4","11.9","0.0","27.64","26.58","0.0","43.3","44.3","0.0","1.1","4.5","0.0","0.0","0.0","0.0","7.4","8.0","0.0"
"20240509","措备","合备","16.8","25.6","6.9","18.5","0.0","0.0","0.0","0.0","0.0","0.0","12.9","12.9","0.0","27.51","28.16","0.0","56.3","44.8","0.0","0.0","1.0","0.0","0.0","0.0","0.0","7.9","7.4","0.0"
"20240508","措备","合备","13.0","17.7","9.6","13.7","0.0","0.0","0.0","1.0","0.0","0.0","5.6","11.7","0.0","16.46","27.6","0.0","70.0","55.9","0.0","5.5","3.9","0.0","0.0","0.0","0.0","7.4","6.6","0.0"
"20240507","措备","合备","14.1","18.4","10.9","11.4","0.0","0.0","0.0","4.4","3.1","0.0","0.0","0.0","0.0","6.22","4.67","0.0","81.9","81.8","0.0","10.0","8.6","0.0","0.0","0.0","0.0","10.6","6.3","0.0"
"20240506","措备","合备","20.1","24.4","17.2","13.7","0.0","0.0","0.0","7.6","33.9","0.0","6.4","0.0","0.0","20.28","2.9","0.0","69.0","93.4","0.0","8.5","10.0","0.0","0.0","0.0","0.0","10.1","12.8","0.0"
"20240505","措备","合备","18.8","21.2","17.4","19.0","0.0","0.0","0.0","12.4","44.5","0.0","0.0","0.0","0.0","3.2","4.96","0.0","79.5","93.8","0.0","9.9","10.0","0.0","0.0","0.0","0.0","12.4","5.5","0.0"
"20240504","措备","合备","20.4","29.3","10.2","18.8","0.0","0.0","0.0","0.0","0.5","0.0","12.9","1.1","0.0","28.21","13.9","0.0","52.5","68.0","0.0","2.4","9.1","0.0","0.0","0.0","0.0","6.8","7.7","0.0"
"20240503","措备","合备","19.2","28.4","9.8","18.5","0.0","0.0","0.0","0.0","0.0","0.0","12.8","5.9","0.0","28.26","21.37","0.0","51.0","50.5","0.0","0.0","8.3","0.0","0.0","0.0","0.0","6.3","8.4","0.0"
"20240502","措备","合备","15.9","25.1","6.6","17.1","0.0","0.0","0.0","0.0","0.0","0.0","12.8","10.5","0.0","28.01","24.79","0.0","55.3","46.6","0.0","1.6","5.5","0.0","0.0","0.0","0.0","5.8","6.2","0.0"
"20240501","措备","合备","13.0","18.1","9.5","16.5","0.0","0.0","0.0","1.2","0.0","0.0","5.7","12.7","0.0","18.7","27.97","0.0","68.8","39.1","0.0","5.8","0.0","0.0","0.0","0.0","0.0","9.9","10.6","0.0"
"20240430","措备","合备","16.5","22.9","12.3","16.7","0.0","0.0","0.0","1.5","0.0","0.0","2.7","12.4","0.0","14.59","27.62","0.0","79.8","38.0","0.0","9.0","1.3","0.0","0.0","0.0","0.0","11.5","11.0","0.0"
"20240429","措备","合备","14.6","16.1","13.3","16.9","0.0","0.0","0.0","1.6","8.7","0.0","0.0","0.0","0.0","5.77","4.38","0.0","84.4","78.8","0.0","9.9","8.6","0.0","0.0","0.0","0.0","10.1","9.8","0.0"
"20240428","措备","合备","19.3","28.4","12.5","17.7","0.0","0.0","0.0","0.0","0.0","0.0","10.8","12.5","0.0","23.41","27.94","0.0","60.6","54.3","0.0","5.6","2.5","0.0","0.0","0.0","0.0","10.2","9.4","0.0"
"20240427","措备","合备","20.9","30.5","12.1","14.8","0.0","0.0","0.0","0.0","0.0","0.0","12.4","12.4","0.0","26.7","27.13","0.0","53.4","56.9","0.0","0.0","0.3","0.0","0.0","0.0","0.0","6.8","5.6","0.0"
"20240426","措备","合备","18.4","25.5","12.3","12.8","0.0","0.0","0.0","0.0","0.0","0.0","2.9","11.8","0.0","15.16","26.52","0.0","62.6","57.6","0.0","7.5","0.8","0.0","0.0","0.0","0.0","4.1","12.8","0.0"
"20240425","措备","合备","18.5","27.0","11.6","9.4","0.0","0.0","0.0","0.0","6.0","0.0","11.9","0.0","0.0","25.74","5.45","0.0","53.9","84.0","0.0","1.1","9.4","0.0","0.0","0.0","0.0","6.8","6.1","0.0"
"20240424","措备","合备","14.2","20.7","10.4","13.0","0.0","0.0","0.0","1.9","0.0","0.0","4.5","2.0","0.0","14.27","13.17","0.0","74.9","53.5","0.0","5.6","7.1","0.0","0.0","0.0","0.0","7.3","9.1","0.0"
"20240423","措备","合备","14.0","17.7","11.1","13.5","0.0","0.0","0.0","4.5","0.0","0.0","4.6","3.7","0.0","18.73","15.83","0.0","72.8","52.8","0.0","9.1","7.8","0.0","0.0","0.0","0.0","12.1","9.2","0.0"
"20240422","措备","合备","15.0","17.7","12.8","13.7","0.0","0.0","0.0","0.0","0.0","0.0","0.2","10.9","0.0","8.51","24.72","0.0","70.5","46.0","0.0","8.9","2.9","0.0","0.0","0.0","0.0","8.4","11.5","0.0"
"20240421","措备","合备","15.5","17.1","14.1","16.5","0.0","0.0","0.0","0.3","0.0","0.0","0.0","9.9","0.0","3.44","23.98","0.0","82.8","48.9","0.0","9.8","4.8","0.0","0.0","0.0","0.0","7.6","14.0","0.0"
"20240420","措备","合备","15.4","19.1","13.9","23.1","0.0","0.0","0.0","4.0","0.0","0.0","0.0","6.9","0.0","3.77","20.04","0.0","78.8","60.8","0.0","9.6","4.4","0.0","0.0","0.0","0.0","8.5","7.5","0.0"
"20240419","措备","合备","20.2","28.8","11.0","19.3","0.0","0.0","0.0","0.0","0.0","0.0","10.5","5.8","0.0","24.91","19.06","0.0","47.3","70.5","0.0","3.4","6.9","0.0","0.0","0.0","0.0","6.5","7.8","0.0"
"20240418","措备","合备","18.0","26.7","10.8","16.6","0.0","0.0","0.0","0.0","1.6","0.0","11.2","0.1","0.0","24.49","4.44","0.0","52.5","72.1","0.0","0.1","9.0","0.0","0.0","0.0","0.0","8.7","4.3","0.0"
"20240417","措备","合备","17.0","24.6","9.5","14.3","0.0","0.0","0.0","0.0","0.0","0.0","10.1","10.9","0.0","23.08","23.71","0.0","52.5","47.4","0.0","4.6","1.3","0.0","0.0","0.0","0.0","7.2","6.6","0.0"
"20240416","措备","合备","18.0","23.6","13.7","12.3","0.0","0.0","0.0","0.0","0.0","0.0","7.9","5.1","0.0","21.55","15.42","0.0","59.6","62.3","0.0","3.9","5.8","0.0","0.0","0.0","0.0","10.9","8.8","0.0"
"20240415","措备","合备","16.1","18.3","15.2","13.2","0.0","0.0","0.0","14.5","0.2","0.0","0.0","0.2","0.0","3.13","4.92","0.0","82.6","79.3","0.0","9.3","7.5","0.0","0.0","0.0","0.0","5.9","10.1","0.0"
"20240414","措备","合备","19.7","28.2","10.6","15.8","0.0","0.0","0.0","0.0","0.1","0.0","10.9","2.1","0.0","23.44","9.67","0.0","45.6","50.9","0.0","4.6","8.0","0.0","0.0","0.0","0.0","7.6","4.9","0.0"
"20240413","措备","合备","19.5","28.4","10.8","15.8","0.0","0.0","0.0","0.0","0.0","0.0","11.8","10.2","0.0","24.71","22.31","0.0","50.3","25.9","0.0","0.0","3.3","0.0","0.0","0.0","0.0","7.2","8.1","0.0"
"20240411","措备","合备","15.1","21.0","10.0","17.1","0.0","0.0","0.0","0.0","0.0","0.0","2.3","5.4","0.0","14.28","14.08","0.0","56.1","58.1","0.0","6.5","5.6","0.0","0.0","0.0","0.0","5.4","13.4","0.0"
"20240410","措备","合备","12.7","20.4","4.7","14.5","0.0","0.0","0.0","0.0","0.0","0.0","10.3","11.5","0.0","22.28","23.87","0.0","55.9","41.4","0.0","6.3","0.3","0.0","0.0","0.0","0.0","5.3","7.9","0.0"
"20240409","措备","合备","12.6","17.4","8.4","13.7","0.0","0.0","0.0","0.0","0.0","0.0","8.1","12.1","0.0","22.05","26.06","0.0","51.5","28.9","0.0","5.3","0.5","0.0","0.0","0.0","0.0","12.7","7.7","0.0"
"20240408","措备","合备","17.9","23.4","11.2","10.7","0.0","0.0","0.0","0.0","0.0","0.0","2.2","12.0","0.0","12.19","25.36","0.0","45.1","28.8","0.0","8.9","0.4","0.0","0.0","0.0","0.0","4.9","14.9","0.0"
"20240407","措备","合备","17.0","25.5","8.5","12.4","0.0","0.0","0.0","0.0","3.2","0.0","11.1","10.4","0.0","22.87","23.5","0.0","46.8","47.4","0.0","3.9","2.5","0.0","0.0","0.0","0.0","6.7","12.5","0.0"
"20240406","措备","合备","14.6","21.5","8.6","14.0","0.0","0.0","0.0","0.0","2.6","0.0","4.9","5.0","0.0","16.31","17.6","0.0","59.8","68.1","0.0","7.0","8.3","0.0","0.0","0.0","0.0","6.6","8.3","0.0"
"20240405","措备","合备","14.1","19.7","10.6","15.6","0.0","0.0","0.0","0.0","6.4","0.0","3.6","0.0","0.0","16.44","2.51","0.0","55.0","86.6","0.0","6.6","9.5","0.0","0.0","0.0","0.0","7.5","9.2","0.0"
"20240404","措备","合备","12.4","15.7","10.6","15.1","0.0","0.0","0.0","0.0","2.0","0.0","1.4","5.4","0.0","14.05","17.0","0.0","64.6","65.4","0.0","9.0","8.6","0.0","0.0","0.0","0.0","10.4","7.8","0.0"
"20240403","措备","合备","12.1","13.4","11.3","13.3","0.0","0.0","0.0","29.4","0.0","0.0","0.0","11.4","0.0","3.17","23.06","0.0","94.8","57.0","0.0","9.9","0.8","0.0","0.0","0.0","0.0","7.6","11.8","0.0"
"20240402","措备","合备","15.7","24.6","7.4","13.6","0.0","0.0","0.0","2.9","0.0","0.0","6.3","11.8","0.0","16.0","23.38","0.0","51.3","58.4","0.0","7.8","0.0","0.0","0.0","0.0","0.0","5.7","12.3","0.0"
"20240401","措备","合备","14.6","24.0","5.3","15.0","0.0","0.0","0.0","0.0","0.0","0.0","11.7","11.3","0.0","23.92","22.11","0.0","44.9","54.5","0.0","0.0","0.9","0.0","0.0","0.0","0.0","7.7","10.8","0.0"
"20240331","措备","合备","13.2","19.9","8.0","16.4","0.0","0.0","0.0","0.0","0.0","0.0","9.2","11.6","0.0","20.7","22.81","0.0","41.6","36.9","0.0","3.0","0.9","0.0","0.0","0.0","0.0","5.0","9.0","0.0"
"20240330","措备","合备","11.3","18.8","3.9","15.6","0.0","0.0","0.0","1.3","0.0","0.0","8.3","9.9","0.0","15.86","19.98","0.0","53.6","38.0","0.0","2.1","5.3","0.0","0.0","0.0","0.0","10.9","5.0","0.0"
"20240329","措备","合备","13.1","20.1","5.1","13.3","0.0","0.0","0.0","0.0","0.0","0.0","8.8","11.2","0.0","20.46","21.65","0.0","57.1","45.0","0.0","1.9","1.8","0.0","0.0","0.0","0.0","13.2","7.2","0.0"
"20240328","措备","合备","9.2","11.0","8.2","11.4","0.0","0.0","0.0","27.0","0.0","0.0","0.0","10.5","0.0","2.47","21.78","0.0","90.3","44.1","0.0","9.4","0.6","0.0","0.0","0.0","0.0","7.2","7.5","0.0"
"20240327","措备","合备","10.0","17.0","2.2","9.7","0.0","0.0","0.0","0.0","0.0","0.0","8.7","11.0","0.0","19.27","24.0","0.0","70.9","30.1","0.0","5.1","1.5","0.0","0.0","0.0","0.0","4.1","8.6","0.0"
"20240326","措备","合备","7.9","11.1","5.8","11.7","0.0","0.0","0.0","17.3","0.0","0.0","0.1","6.0","0.0","6.61","16.92","0.0","80.6","0.0","0.0","8.5","5.1","0.0","0.0","0.0","0.0","6.7","8.0","0.0"
"20240325","措备","合备","9.5","12.4","7.0","10.4","0.0","0.0","0.0","16.2","0.0","0.0","0.0","0.0","0.0","3.76","8.41","0.0","81.8","65.0","0.0","9.8","9.0","0.0","0.0","0.0","0.0","9.6","8.8","0.0"
"20240324","措备","合备","10.9","12.3","10.1","12.6","0.0","0.0","0.0","0.3","0.0","0.0","0.0","2.3","0.0","5.23","11.26","0.0","72.9","71.8","0.0","9.9","9.0","0.0","0.0","0.0","0.0","10.6","12.7","0.0"
"20240323","措备","合备","16.0","24.1","11.1","15.2","0.0","0.0","0.0","0.3","19.3","0.0","10.1","0.0","0.0","21.67","3.8","0.0","61.5","95.4","0.0","4.4","9.6","0.0","0.0","0.0","0.0","10.5","5.8","0.0"
"20240322","措备","合备","10.0","16.1","2.0","15.9","0.0","0.0","0.0","0.2","1.3","0.0","6.6","2.6","0.0","16.56","13.22","0.0","59.9","70.0","0.0","8.5","7.4","0.0","0.0","0.0","0.0","11.1","5.6","0.0"
"20240321","措备","合备","6.4","13.1","0.4","15.3","0.0","0.0","0.0","0.0","0.0","0.0","11.4","9.0","0.0","22.21","20.08","0.0","43.3","43.1","0.0","0.4","3.3","0.0","0.0","0.0","0.0","8.5","8.3","0.0"
"20240320","措备","合备","6.7","11.1","4.0","12.3","0.0","0.0","0.0","0.0","0.0","0.0","11.0","10.5","0.0","21.77","20.59","0.0","34.6","39.5","0.0","1.0","3.6","0.0","0.0","0.0","0.0","14.6","7.7","0.0"
"20240319","措备","合备","9.9","16.3","5.9","11.4","0.0","0.0","0.0","0.3","0.0","0.0","3.5","11.2","0.0","11.52","22.04","0.0","46.1","31.1","0.0","6.4","0.1","0.0","0.0","0.0","0.0","15.6","6.0","0.0"
"20240318","措备","合备","9.9","17.4","2.7","11.8","0.0","0.0","0.0","0.0","0.0","0.0","10.3","5.9","0.0","20.9","16.25","0.0","42.1","38.0","0.0","2.8","5.5","0.0","0.0","0.0","0.0","6.3","7.7","0.0"
"20240317","措备","合备","13.6","18.8","8.3","9.5","0.0","0.0","0.0","0.0","0.0","0.0","5.2","3.4","0.0","14.2","12.65","0.0","37.8","45.3","0.0","6.3","9.5","0.0","0.0","0.0","0.0","13.3","8.6","0.0"
"20240316","措备","合备","14.1","22.1","4.4","10.5","0.0","0.0","0.0","0.0","0.0","0.0","10.0","7.8","0.0","19.5","18.04","0.0","37.4","25.1","0.0","4.4","7.3","0.0","0.0","0.0","0.0","5.8","10.5","0.0"
"20240315","措备","合备","12.0","21.1","1.7","13.8","0.0","0.0","0.0","0.0","0.0","0.0","11.0","7.7","0.0","20.96","16.25","0.0","37.9","53.6","0.0","0.0","3.3","0.0","0.0","0.0","0.0","8.8","10.1","0.0"
"20240314","措备","合备","9.7","18.1","1.6","9.7","0.0","0.0","0.0","0.0","0.0","0.0","9.8","9.6","0.0","19.11","19.84","0.0","37.6","40.1","0.0","1.5","3.4","0.0","0.0","0.0","0.0","8.0","9.9","0.0"
"20240313","措备","合备","7.8","16.1","0.6","5.2","0.0","0.0","0.0","0.0","0.0","0.0","9.3","11.1","0.0","19.98","21.31","0.0","55.1","29.3","0.0","2.0","2.6","0.0","0.0","0.0","0.0","9.5","14.5","0.0"
"20240312","措备","合备","6.7","12.1","2.1","9.9","0.0","0.0","0.0","0.0","6.7","0.0","2.9","3.3","0.0","9.0","6.78","0.0","72.6","63.5","0.0","4.8","6.4","0.0","0.0","0.0","0.0","6.9","14.7","0.0"
"20240311","措备","合备","8.0","13.4","0.9","16.7","0.0","0.0","0.0","0.0","0.0","0.0","4.6","7.9","0.0","11.22","15.62","0.0","51.1","44.6","0.0","6.6","4.1","0.0","0.0","0.0","0.0","9.3","4.9","0.0"
"20240310","措备","合备","5.4","13.9","-2.9","14.9","0.0","0.0","0.0","0.0","0.0","0.0","11.2","10.1","0.0","20.86","18.44","0.0","47.5","47.4","0.0","1.0","0.0","0.0","0.0","0.0","0.0","8.3","5.8","0.0"
"20240309","措备","合备","3.9","10.5","-0.6","16.0","0.0","0.0","0.0","0.0","0.0","0.0","11.1","8.4","0.0","20.58","15.09","0.0","40.9","47.5","0.0","0.0","2.3","0.0","0.0","0.0","0.0","8.0","8.9","0.0"
"20240308","措备","合备","4.7","10.2","1.4","14.0","0.0","0.0","0.0","0.0","0.0","0.0","10.3","9.5","0.0","19.67","15.64","0.0","38.5","40.4","0.0","0.1","1.5","0.0","0.0","0.0","0.0","15.8","6.2","0.0"
"20240307","措备","合备","5.9","9.7","3.6","13.2","0.0","0.0","0.0","0.0","0.0","0.0","2.6","9.3","0.0","10.34","16.51","0.0","60.8","38.8","0.0","7.1","0.1","0.0","0.0","0.0","0.0","7.8","9.0","0.0"
"20240306","措备","合备","6.9","10.0","4.8","10.5","0.0","0.0","0.0","0.0","0.0","0.0","1.5","10.4","0.0","6.0","18.69","0.0","70.6","43.8","0.0","8.9","0.0","0.0","0.0","0.0","0.0","8.7","6.9","0.0"
"20240305","措备","合备","6.6","9.3","5.4","8.9","0.0","0.0","0.0","8.0","0.0","0.0","0.0","10.2","0.0","2.09","18.24","0.0","86.1","56.1","0.0","10.0","0.6","0.0","0.0","0.0","0.0","9.2","5.1","0.0"
"20240304","措备","合备","7.7","13.9","-0.2","8.0","0.0","0.0","0.0","0.0","0.0","0.0","7.3","8.0","0.0","15.12","14.2","0.0","55.6","51.1","0.0","6.5","4.8","0.0","0.0","0.0","0.0","5.5","8.1","0.0"
"20240303","措备","合备","6.3","12.0","1.0","7.5","0.0","0.0","0.0","0.0","0.0","0.0","6.1","10.6","0.0","13.57","19.06","0.0","53.0","26.9","0.0","3.9","0.8","0.0","0.0","0.0","0.0","11.1","8.2","0.0"
"20240302","措备","合备","0.5","7.0","-5.5","4.6","0.0","0.0","0.0","0.0","0.0","0.0","10.7","10.8","0.0","19.35","19.58","0.0","40.1","22.6","0.0","0.0","0.0","0.0","0.0","0.0","0.0","8.9","12.6","0.0"
"20240301","措备","合备","0.5","4.0","-4.0","8.4","0.0","0.0","0.0","0.0","0.0","0.0","9.7","1.3","0.0","19.18","7.85","0.0","35.1","52.5","0.0","1.8","5.9","0.0","0.0","0.0","0.0","14.6","13.7","0.0"
"20240229","措备","合备","4.1","5.8","3.1","8.8","0.0","0.0","0.0","6.8","0.0","0.0","0.0","10.7","0.0","2.42","19.08","0.0","85.9","40.9","0.0","8.4","1.3","0.0","0.0","0.0","0.0","6.5","7.8","0.0"
"20240228","措备","合备","4.6","10.9","-2.4","8.8","0.0","0.0","0.0","0.0","0.0","0.0","7.2","10.7","0.0","14.64","19.08","0.0","65.5","40.9","0.0","4.0","1.3","0.0","0.0","0.0","0.0","4.8","7.8","0.0"
"20240227","措备","合备","2.6","6.7","-1.0","6.2","0.0","0.0","0.0","0.0","0.0","0.0","2.5","10.7","0.0","8.17","18.86","0.0","69.1","34.8","0.0","4.8","0.0","0.0","0.0","0.0","0.0","6.4","4.9","0.0"
"20240226","措备","合备","5.1","9.3","2.7","3.7","0.0","0.0","0.0","0.0","0.0","0.0","1.8","10.8","0.0","9.08","18.94","0.0","67.3","33.6","0.0","7.1","0.0","0.0","0.0","0.0","0.0","8.4","5.9","0.0"
"20240225","措备","合备","4.2","8.3","1.5","3.8","0.0","0.0","0.0","1.7","0.0","0.0","0.3","10.6","0.0","7.48","18.1","0.0","81.6","33.5","0.0","9.9","0.0","0.0","0.0","0.0","0.0","6.9","8.4","0.0"
"20240224","措备","合备","3.6","6.4","1.9","7.4","0.0","0.0","0.0","1.3","0.0","0.0","0.5","9.0","0.0","8.03","15.66","0.0","65.8","34.0","0.0","9.9","4.4","0.0","0.0","0.0","0.0","9.9","10.0","0.0"
"20240223","措备","合备","3.0","5.5","1.2","7.8","0.0","0.0","0.0","0.3","0.0","0.0","0.0","9.9","0.0","4.94","16.96","0.0","70.6","39.3","0.0","9.9","4.4","0.0","0.0","0.0","0.0","8.8","8.3","0.0"
"20240222","措备","合备","3.0","4.5","2.0","3.8","0.0","0.0","0.0","1.6","0.0","0.0","0.0","9.3","0.0","2.92","16.91","0.0","82.5","52.9","0.0","10.0","4.1","0.0","0.0","0.0","0.0","7.8","6.5","0.0"
"20240221","措备","合备","5.1","-99.0","3.6","1.3","0.0","0.0","0.0","4.9","0.0","0.0","0.0","10.5","0.0","1.87","17.89","0.0","88.8","38.4","0.0","10.0","0.0","0.0","0.0","0.0","0.0","12.0","7.3","0.0"
"20240220","措备","合备","7.5","13.0","5.5","2.6","0.0","0.0","0.0","3.9","0.0","0.0","0.0","8.7","0.0","1.63","14.56","0.0","86.0","34.1","0.0","9.6","0.9","0.0","0.0","0.0","0.0","12.0","15.5","0.0"
"20240219","措备","合备","14.7","18.8","12.3","7.2","0.0","0.0","0.0","14.4","0.0","0.0","0.3","6.5","0.0","5.4","13.56","0.0","88.9","50.3","0.0","7.1","4.8","0.0","0.0","0.0","0.0","6.2","13.4","0.0"
"20240218","措备","合备","8.2","14.5","-1.3","6.9","0.0","0.0","0.0","5.1","0.0","0.0","3.6","0.0","0.0","8.77","2.1","0.0","76.5","66.6","0.0","6.4","10.0","0.0","0.0","0.0","0.0","6.3","3.6","0.0"
"20240217","措备","合备","5.8","15.4","-2.0","4.4","0.0","0.0","0.0","0.0","0.0","0.0","10.3","1.6","0.0","16.74","5.91","0.0","60.9","62.3","0.0","0.0","7.9","0.0","0.0","0.0","0.0","4.3","3.8","0.0"
"20240216","措备","合备","4.6","10.0","0.3","4.7","0.0","0.0","0.0","0.0","0.0","0.0","8.4","3.5","0.0","16.0","10.49","0.0","58.3","66.3","0.0","3.1","6.0","0.0","0.0","0.0","0.0","6.1","8.1","0.0"
"20240215","措备","合备","8.5","17.8","3.4","2.8","0.0","0.0","0.0","0.0","0.0","0.0","2.3","1.5","0.0","7.34","8.22","0.0","77.3","71.0","0.0","6.6","8.3","0.0","0.0","0.0","0.0","14.7","9.0","0.0"
"20240214","措备","合备","10.6","19.2","5.1","4.6","0.0","0.0","0.0","0.8","0.0","0.0","3.2","6.7","0.0","8.68","14.08","0.0","81.5","64.0","0.0","5.4","5.6","0.0","0.0","0.0","0.0","4.3","10.0","0.0"
"20240213","措备","合备","8.3","18.2","-0.9","6.1","0.0","0.0","0.0","0.0","0.5","0.0","10.0","0.0","0.0","15.42","2.59","0.0","61.3","73.5","0.0","0.0","9.8","0.0","0.0","0.0","0.0","7.2","7.1","0.0"
"20240212","措备","合备","4.3","13.5","-2.8","4.8","0.0","0.0","0.0","0.0","0.0","0.0","9.8","1.1","0.0","15.63","7.72","0.0","52.4","75.1","0.0","0.0","6.9","0.0","0.0","0.0","0.0","6.0","9.0","0.0"
"20240211","措备","合备","3.1","8.2","-2.5","3.6","0.0","0.0","0.0","0.0","0.0","0.0","7.7","3.9","0.0","11.76","10.58","0.0","59.3","79.5","0.0","0.9","5.3","0.0","0.0","0.0","0.0","12.3","4.5","0.0"
"20240210","措备","合备","3.8","9.2","-1.4","4.6","0.0","0.0","0.0","0.0","10.3","0.0","9.6","0.0","0.0","13.83","6.35","0.0","53.4","80.8","0.0","1.4","7.0","0.0","0.0","0.0","0.0","8.8","7.8","0.0"
"20240209","措备","合备","3.3","9.7","-2.3","3.9","0.0","0.0","0.0","0.0","0.4","0.0","9.1","5.1","0.0","14.97","10.31","0.0","54.1","57.0","0.0","0.3","6.5","0.0","0.0","0.0","0.0","7.8","10.4","0.0"
"20240208","措备","合备","2.6","9.6","-2.6","4.9","0.0","0.0","0.0","0.0","0.0","0.0","9.6","9.6","0.0","14.45","14.32","0.0","61.6","51.3","0.0","3.0","1.9","0.0","0.0","0.0","0.0","6.7","9.2","0.0"
"20240207","措备","合备","3.7","8.0","0.5","5.3","0.0","0.0","0.0","0.0","0.0","0.0","9.7","6.3","0.0","14.53","12.43","0.0","57.1","57.3","0.0","2.9","3.3","0.0","0.0","0.0","0.0","5.8","7.5","0.0"
"20240206","措备","合备","3.5","5.3","1.2","4.2","0.0","0.0","0.0","0.0","0.0","0.0","0.0","8.2","0.0","4.13","13.25","0.0","75.5","40.6","0.0","10.0","4.1","0.0","0.0","0.0","0.0","5.1","3.7","0.0"
"20240205","措备","合备","5.4","6.9","3.5","1.6","0.0","0.0","0.0","12.0","0.0","0.0","0.0","9.9","0.0","3.67","14.88","0.0","82.9","46.0","0.0","9.9","0.0","0.0","0.0","0.0","0.0","10.4","6.4","0.0"
"20240204","措备","合备","5.9","8.8","3.9","1.6","0.0","0.0","0.0","1.9","0.0","0.0","0.3","9.7","0.0","6.43","14.05","0.0","83.6","41.4","0.0","9.5","0.1","0.0","0.0","0.0","0.0","9.1","9.6","0.0"
"20240203","措备","合备","5.9","8.4","4.4","2.4","0.0","0.0","0.0","2.1","0.0","0.0","0.7","6.2","0.0","4.46","11.37","0.0","78.5","32.4","0.0","9.4","4.4","0.0","0.0","0.0","0.0","7.6","6.9","0.0"
"20240202","措备","合备","5.4","9.3","3.2","1.3","0.0","0.0","0.0","0.0","0.0","0.0","3.2","6.6","0.0","9.18","12.31","0.0","71.5","39.0","0.0","8.6","5.4","0.0","0.0","0.0","0.0","6.8","7.3","0.0"
"20240201","措备","合备","6.3","9.1","3.5","3.8","0.0","0.0","0.0","0.0","0.0","0.0","0.1","6.8","0.0","5.5","11.11","0.0","62.9","43.8","0.0","9.8","6.6","0.0","0.0","0.0","0.0","9.5","13.3","0.0"
"20240131","措备","合备","7.9","15.4","2.7","1.7","0.0","0.0","0.0","0.0","0.0","0.0","6.2","9.6","0.0","10.98","13.57","0.0","53.3","39.0","0.0","5.9","0.8","0.0","0.0","0.0","0.0","4.5","6.5","0.0"
"20240130","措备","合备","2.2","11.0","-5.7","1.3","0.0","0.0","0.0","0.0","0.0","0.0","9.1","9.8","0.0","13.01","14.23","0.0","59.1","31.9","0.0","2.9","0.0","0.0","0.0","0.0","0.0","3.3","11.0","0.0"
"20240129","措备","合备","0.4","7.8","-5.2","0.8","0.0","0.0","0.0","0.0","0.0","0.0","9.6","9.3","0.0","14.11","13.62","0.0","58.5","50.9","0.0","0.3","3.1","0.0","0.0","0.0","0.0","6.8","8.7","0.0"
"20240128","措备","合备","2.0","6.7","-2.3","-3.6","0.0","0.0","0.0","0.0","0.0","0.0","9.2","8.4","0.0","13.21","11.92","0.0","52.9","40.0","0.0","1.9","0.8","0.0","0.0","0.0","0.0","10.1","14.2","0.0"
"20240127","措备","合备","3.0","9.1","-3.1","-3.0","0.0","0.0","0.0","0.0","0.0","0.0","9.3","8.9","0.0","13.26","13.33","0.0","48.8","40.4","0.0","1.1","1.3","0.0","0.0","0.0","0.0","7.6","16.3","0.0"
"20240126","措备","合备","1.6","7.1","-2.7","-4.1","0.0","0.0","0.0","0.0","0.0","0.0","9.5","3.2","0.0","13.1","8.21","0.0","47.0","57.8","0.0","0.0","7.6","0.0","0.0","0.0","0.0","9.4","6.3","0.0"
"20240125","措备","合备","-2.2","3.7","-7.0","-8.9","0.0","0.0","0.0","0.0","0.0","0.0","9.6","9.6","0.0","13.39","14.57","0.0","38.3","45.8","0.0","0.3","0.0","0.0","0.0","0.0","0.0","8.4","9.1","0.0"
"20240124","措备","合备","-5.0","-0.1","-8.7","-8.3","0.0","0.0","0.0","0.0","0.0","0.0","9.4","9.2","0.0","13.39","13.25","0.0","49.0","50.6","0.0","0.1","3.0","0.0","0.0","0.0","0.0","13.9","15.9","0.0"
"20240123","措备","合备","-6.2","-2.1","-8.8","2.9","0.0","0.0","0.0","0.0","0.0","0.0","9.0","7.9","0.0","12.92","12.11","0.0","47.0","63.1","0.0","0.9","5.5","0.0","0.0","0.0","0.0","14.1","8.0","0.0"
"20240122","措备","合备","-1.5","4.5","-6.4","-0.5","0.0","0.0","0.0","0.1","0.0","0.0","8.5","0.2","0.0","12.57","6.21","0.0","53.6","59.0","0.0","5.1","6.6","0.0","0.0","0.0","0.0","14.8","2.8","0.0"
"20240121","措备","合备","5.5","8.3","3.1","-2.1","0.0","0.0","0.0","0.8","0.0","0.0","0.0","9.3","0.0","4.76","13.71","0.0","82.9","50.8","0.0","9.1","0.8","0.0","0.0","0.0","0.0","6.1","6.0","0.0"
"20240120","措备","合备","5.4","7.4","3.7","0.4","0.0","0.0","0.0","11.0","0.0","0.0","0.0","8.5","0.0","1.52","12.55","0.0","86.6","56.3","0.0","10.0","2.3","0.0","0.0","0.0","0.0","9.8","12.9","0.0"
"20240119","措备","合备","6.0","7.2","4.9","0.5","0.0","0.0","0.0","0.0","0.0","0.0","0.0","9.0","0.0","2.86","12.81","0.0","70.6","72.8","0.0","9.5","1.4","0.0","0.0","0.0","0.0","10.2","6.0","0.0"
"20240118","措备","合备","6.3","7.3","4.5","0.6","0.0","0.0","0.0","2.7","0.0","0.0","0.0","6.2","0.0","0.77","9.72","0.0","83.1","72.3","0.0","10.0","3.5","0.0","0.0","0.0","0.0","8.8","6.2","0.0"
"20240117","措备","合备","3.3","6.7","-1.9","-0.3","0.0","0.0","0.0","1.0","0.0","0.0","0.5","7.8","0.0","3.47","11.53","0.0","68.8","56.9","0.0","9.3","4.8","0.0","0.0","0.0","0.0","3.6","7.2","0.0"
"20240116","措备","合备","1.0","7.8","-5.2","-0.7","0.0","0.0","0.0","0.0","0.0","0.0","8.2","8.3","0.0","11.07","12.76","0.0","42.9","67.1","0.0","3.3","2.1","0.0","0.0","0.0","0.0","7.6","7.6","0.0"
"20240115","措备","合备","2.1","6.5","-0.9","3.9","0.0","0.0","0.0","0.0","1.4","0.0","9.0","0.0","0.0","12.38","2.21","0.0","40.1","92.4","0.0","0.0","9.5","0.0","0.0","0.0","0.0","10.3","7.7","0.0"
"20240114","措备","合备","4.9","14.6","-4.5","9.0","0.0","0.0","0.0","0.3","0.0","0.0","8.1","0.0","0.0","11.12","1.81","0.0","61.4","97.6","0.0","2.4","9.9","0.0","0.0","0.0","0.0","8.6","7.8","0.0"
"20240113","措备","合备","2.9","8.7","-1.5","11.0","0.0","0.0","0.0","0.0","10.1","0.0","9.1","0.3","0.0","12.05","4.05","0.0","35.6","97.9","0.0","0.0","9.3","0.0","0.0","0.0","0.0","9.4","5.7","0.0"
"20240112","措备","合备","3.7","10.3","-1.6","6.0","0.0","0.0","0.0","0.0","0.0","0.0","8.5","8.8","0.0","11.25","11.52","0.0","50.3","56.9","0.0","0.5","3.5","0.0","0.0","0.0","0.0","10.0","4.1","0.0"
"20240111","措备","合备","1.7","7.3","-2.9","4.2","0.0","0.0","0.0","0.0","0.0","0.0","9.0","9.0","0.0","12.45","11.48","0.0","66.9","67.5","0.0","0.0","0.6","0.0","0.0","0.0","0.0","7.5","5.4","0.0"
"20240110","措备","合备","2.8","7.4","-0.1","2.8","0.0","0.0","0.0","0.0","0.0","0.0","5.7","8.9","0.0","8.91","11.58","0.0","77.6","71.5","0.0","5.6","1.6","0.0","0.0","0.0","0.0","5.0","2.8","0.0"
"20240109","措备","合备","0.2","5.7","-5.6","3.2","0.0","0.0","0.0","1.3","0.0","0.0","1.7","4.3","0.0","5.97","7.38","0.0","60.1","70.1","0.0","7.1","2.9","0.0","0.0","0.0","0.0","3.9","6.5","0.0"
"20240108","措备","合备","-1.6","4.9","-6.4","2.4","0.0","0.0","0.0","0.0","0.0","0.0","9.0","8.7","0.0","12.16","11.5","0.0","40.9","66.1","0.0","0.1","0.9","0.0","0.0","0.0","0.0","5.6","4.8","0.0"
"20240107","措备","合备","0.5","2.8","-2.8","3.2","0.0","0.0","0.0","0.0","0.0","0.0","8.5","6.2","0.0","11.49","8.99","0.0","44.0","70.5","0.0","1.3","3.3","0.0","0.0","0.0","0.0","16.3","10.1","0.0"
"20240106","措备","合备","3.7","9.0","0.0","1.8","0.0","0.0","0.0","0.0","0.0","0.0","8.8","7.5","0.0","11.25","10.88","0.0","50.5","68.9","0.0","2.0","4.0","0.0","0.0","0.0","0.0","9.2","5.2","0.0"
"20240105","措备","合备","4.6","12.5","-2.5","0.6","0.0","0.0","0.0","0.0","0.0","0.0","8.0","6.6","0.0","10.32","8.84","0.0","68.0","70.8","0.0","2.4","2.9","0.0","0.0","0.0","0.0","6.3","5.7","0.0"
"20240104","措备","合备","3.0","9.2","-1.9","1.1","0.0","0.0","0.0","0.0","0.0","0.0","9.0","8.4","0.0","11.5","11.26","0.0","54.6","55.8","0.0","0.0","0.1","0.0","0.0","0.0","0.0","7.7","8.3","0.0"
"20240103","措备","合备","4.1","7.1","1.8","-0.3","0.0","0.0","0.0","4.2","0.0","0.0","3.8","9.0","0.0","7.69","12.18","0.0","70.3","49.4","0.0","6.9","0.0","0.0","0.0","0.0","0.0","9.2","8.4","0.0"
"20240102","措备","合备","-99.0","10.6","2.5","0.4","0.0","0.0","0.0","0.0","0.0","0.0","0.0","7.2","0.0","0.0","11.02","0.0","0.0","40.1","0.0","0.0","3.8","0.0","0.0","0.0","0.0","7.8","8.8","0.0"
"20240101","措备","合备","3.9","10.2","-1.7","1.7","0.0","0.0","0.0","0.0","0.0","0.0","7.6","8.3","0.0","9.84","10.1","0.0","74.9","61.4","0.0","3.5","2.1","0.0","0.0","0.0","0.0","5.8","10.5","0.0"
"20231231","措备","合备","4.6","7.9","1.4","1.2","0.0","0.0","0.0","1.2","0.0","0.0","0.1","8.0","0.0","2.88","9.96","0.0","80.1","66.5","0.0","7.1","2.3","0.0","0.0","0.0","0.0","13.3","8.9","0.0"
"20231230","措备","合备","2.9","7.7","-2.9","0.2","0.0","0.0","0.0","0.7","0.0","0.0","3.1","3.8","0.0","6.39","7.05","0.0","75.8","72.0","0.0","5.1","6.8","0.0","0.0","0.0","0.0","5.1","6.9","0.0"
"20231229","措备","合备","3.1","9.5","-2.9","-0.3","0.0","0.0","0.0","0.0","0.0","0.0","8.5","8.8","0.0","10.41","10.78","0.0","65.8","63.9","0.0","1.3","2.1","0.0","0.0","0.0","0.0","5.7","8.5","0.0"
"20231228","措备","合备","3.5","10.6","-3.0","1.0","0.0","0.0","0.0","0.0","0.0","0.0","8.4","6.6","0.0","10.09","9.6","0.0","63.1","68.4","0.0","0.0","3.9","0.0","0.0","0.0","0.0","6.7","9.3","0.0"
"20231227","措备","合备","3.8","11.3","-0.9","0.0","0.0","0.0","0.0","0.0","0.0","0.0","8.0","9.0","0.0","10.17","11.43","0.0","63.1","62.3","0.0","2.8","1.0","0.0","0.0","0.0","0.0","2.9","5.9","0.0"
"20231226","措备","合备","1.8","9.6","-4.8","-1.1","0.0","0.0","0.0","0.0","0.0","0.0","8.9","7.6","0.0","11.25","9.1","0.0","67.4","65.8","0.0","2.1","2.5","0.0","0.0","0.0","0.0","7.0","6.0","0.0"
"20231225","措备","合备","0.2","5.6","-4.1","-1.6","0.0","0.0","0.0","0.0","0.0","0.0","6.4","9.0","0.0","9.27","11.61","0.0","64.9","65.6","0.0","2.0","0.0","0.0","0.0","0.0","0.0","8.4","10.6","0.0"
"20231224","措备","合备","-1.3","4.7","-5.4","-4.8","0.0","0.0","0.0","0.0","0.0","0.0","6.6","8.9","0.0","9.63","11.4","0.0","65.4","63.3","0.0","3.6","0.0","0.0","0.0","0.0","0.0","6.5","6.4","0.0"
"20231223","措备","合备","-3.1","2.0","-7.7","-5.7","0.0","0.0","0.0","0.0","0.0","0.0","8.6","7.7","0.0","10.28","10.0","0.0","51.3","60.1","0.0","3.0","3.0","0.0","0.0","0.0","0.0","8.4","14.7","0.0"
"20231222","措备","合备","-6.4","-2.8","-9.7","-2.5","0.0","0.0","0.0","0.0","0.0","0.0","9.0","4.7","0.0","11.49","8.52","0.0","44.4","70.4","0.0","0.4","4.4","0.0","0.0","0.0","0.0","12.1","11.8","0.0"
"20231221","措备","合备","-6.4","-2.6","-8.6","0.3","0.0","0.0","0.0","0.0","2.5","0.0","9.0","0.7","0.0","11.27","3.86","0.0","46.5","92.8","0.0","0.1","8.1","0.0","0.0","0.8","0.0","12.0","5.2","0.0"
"20231220","措备","合备","-2.3","0.6","-6.6","-0.8","0.0","0.0","0.0","0.1","0.0","0.0","6.8","8.9","0.0","9.51","11.37","0.0","59.9","68.3","0.0","4.0","3.5","0.0","0.6","0.0","0.0","11.5","6.9","0.0"
"20231219","措备","合备","0.3","3.6","-2.6","-3.7","0.0","0.0","0.0","0.0","0.0","0.0","2.9","8.7","0.0","6.3","11.2","0.0","39.4","65.6","0.0","7.0","0.1","0.0","0.0","0.0","0.0","5.0","6.3","0.0"
"20231218","措备","合备","-2.8","0.0","-6.6","-5.6","0.0","0.0","0.0","0.0","0.0","0.0","5.8","9.0","0.0","8.92","11.46","0.0","43.1","59.6","0.0","8.5","0.0","0.0","0.0","0.0","0.0","8.8","10.2","0.0"
"20231217","措备","合备","-5.1","-1.4","-7.2","-2.5","0.0","0.0","0.0","0.0","0.0","0.0","9.0","2.5","0.0","11.67","6.65","0.0","43.8","55.5","0.0","0.1","4.9","0.0","0.0","0.0","0.0","11.7","8.0","0.0"
"20231216","措备","合备","2.4","7.6","-3.0","0.2","0.0","0.0","0.0","0.1","0.0","0.0","2.8","3.4","0.0","5.73","8.14","0.0","59.0","45.3","0.0","7.9","8.5","0.0","0.0","0.0","0.0","19.5","9.9","0.0"
"20231215","措备","合备","8.6","10.5","6.0","-0.1","0.0","0.0","0.0","31.5","0.0","0.0","0.0","8.4","0.0","0.58","10.88","0.0","94.3","67.5","0.0","10.0","3.8","0.0","0.0","0.0","0.0","10.0","6.6","0.0"
"20231214","措备","合备","9.2","10.9","6.3","-3.9","0.0","0.0","0.0","23.3","0.0","0.0","0.2","8.9","0.0","1.85","11.78","0.0","88.5","66.3","0.0","9.5","0.9","0.0","0.0","0.0","0.0","7.1","12.5","0.0"
"20231213","措备","合备","8.0","12.9","2.4","5.2","0.0","0.0","0.0","0.0","0.0","0.0","5.7","6.6","0.0","8.76","9.54","0.0","76.4","69.5","0.0","4.1","6.3","0.0","0.0","0.0","0.0","5.6","13.4","0.0"
"20231212","措备","合备","9.2","12.0","7.4","4.1","0.0","0.0","0.0","0.9","1.1","0.0","1.1","3.3","0.0","3.75","6.05","0.0","72.0","77.1","0.0","7.9","7.3","0.0","0.0","0.0","0.0","8.1","5.9","0.0"
"20231211","措备","合备","12.4","13.8","10.1","4.8","0.0","0.0","0.0","31.2","0.0","0.0","0.0","7.8","0.0","0.83","10.57","0.0","88.6","58.1","0.0","9.4","0.9","0.0","0.0","0.0","0.0","10.6","6.9","0.0"
"20231210","措备","合备","11.2","17.1","4.6","4.7","0.0","0.0","0.0","0.0","0.0","0.0","6.6","3.9","0.0","9.34","7.35","0.0","76.6","71.1","0.0","3.6","5.6","0.0","0.0","0.0","0.0","8.6","5.5","0.0"
"20231209","措备","合备","12.1","20.0","7.0","4.4","0.0","0.0","0.0","0.0","0.0","0.0","8.3","8.6","0.0","9.21","9.97","0.0","76.4","76.5","0.0","2.0","0.3","0.0","0.0","0.0","0.0","4.8","3.4","0.0"
"20231208","措备","合备","9.2","19.8","-0.1","4.5","0.0","0.0","0.0","0.0","0.0","0.0","8.3","8.4","0.0","10.16","11.34","0.0","64.5","68.3","0.0","0.0","3.0","0.0","0.0","0.0","0.0","5.8","4.6","0.0"
"20231207","措备","合备","7.6","13.4","2.5","4.4","0.0","0.0","0.0","0.0","0.0","0.0","8.8","6.2","0.0","10.76","8.28","0.0","40.4","65.3","0.0","0.0","2.8","0.0","0.0","0.0","0.0","14.0","8.0","0.0"
"20231206","措备","合备","5.7","11.3","-1.6","1.9","0.0","0.0","0.0","0.9","0.0","0.0","4.5","5.4","0.0","6.85","8.56","0.0","68.1","57.8","0.0","3.1","3.4","0.0","0.0","0.0","0.0","10.0","6.9","0.0"
"20231205","措备","合备","5.5","14.1","-0.7","1.2","0.0","0.0","0.0","0.0","0.0","0.0","8.1","5.8","0.0","10.67","8.84","0.0","51.5","33.5","0.0","3.3","4.6","0.0","0.0","0.0","0.0","3.7","7.2","0.0"
"20231204","措备","合备","3.8","12.1","-3.7","3.1","0.0","0.0","0.0","0.0","0.0","0.0","8.9","6.4","0.0","11.4","10.37","0.0","51.9","38.1","0.0","2.9","7.0","0.0","0.0","0.0","0.0","5.1","8.3","0.0"
"20231203","措备","合备","4.5","10.5","-0.9","4.4","0.0","0.0","0.0","0.0","0.0","0.0","8.9","7.0","0.0","11.87","10.08","0.0","47.3","64.5","0.0","0.3","5.8","0.0","0.0","0.0","0.0","7.5","4.8","0.0"
"20231202","措备","合备","3.9","10.2","-3.8","0.3","0.0","0.0","0.0","0.0","0.0","0.0","7.4","9.2","0.0","10.84","12.32","0.0","55.5","52.8","0.0","2.9","3.1","0.0","0.0","0.0","0.0","9.0","6.7","0.0"
"20231201","措备","合备","1.2","5.5","-1.6","-1.0","0.0","0.0","0.0","0.0","0.0","0.0","9.1","6.3","0.0","11.99","10.84","0.0","47.4","39.1","0.0","0.3","6.0","0.0","0.0","0.0","0.0","10.7","7.8","0.0"
"20231130","措备","合备","0.2","3.4","-2.2","-0.4","0.0","0.0","0.0","0.0","0.0","0.0","9.1","4.7","0.0","12.53","9.54","0.0","41.8","41.0","0.0","0.3","7.3","0.0","0.0","0.0","0.0","10.2","11.3","0.0"
"20231129","措备","合备","5.0","7.9","1.8","12.3","0.0","0.0","0.0","0.0","17.7","0.0","1.7","0.0","0.0","6.27","3.47","0.0","57.4","71.6","0.0","6.8","9.6","0.0","0.0","0.0","0.0","12.9","10.0","0.0"
"20231128","措备","合备","6.2","9.4","3.4","10.5","0.0","0.0","0.0","0.0","11.0","0.0","8.5","1.5","0.0","12.01","5.62","0.0","46.5","73.9","0.0","1.3","7.8","0.0","0.0","0.0","0.0","14.1","5.5","0.0"
"20231127","措备","合备","8.2","13.9","4.6","7.7","0.0","0.0","0.0","0.1","0.0","0.0","1.4","8.1","0.0","5.01","11.5","0.0","71.4","46.1","0.0","7.1","3.4","0.0","0.0","0.0","0.0","7.0","2.6","0.0"
"20231126","措备","合备","4.8","10.4","-2.4","10.9","0.0","0.0","0.0","0.0","0.0","0.0","5.9","8.3","0.0","8.81","11.27","0.0","45.3","53.8","0.0","6.5","0.8","0.0","0.0","0.0","0.0","6.0","9.7","0.0"
"20231125","措备","合备","1.3","7.6","-2.1","9.2","0.0","0.0","0.0","0.0","0.0","0.0","9.3","8.1","0.0","12.78","10.14","0.0","31.0","69.9","0.0","0.0","2.9","0.0","0.0","0.0","0.0","10.4","3.1","0.0"
"20231124","措备","合备","3.9","9.4","-0.2","8.7","0.0","0.0","0.0","0.0","0.0","0.0","9.3","3.9","0.0","12.96","8.28","0.0","36.6","65.1","0.0","0.5","3.3","0.0","0.0","0.0","0.0","14.2","4.1","0.0"
"20231123","措备","合备","13.6","21.6","7.8","13.0","0.0","0.0","0.0","0.0","0.7","0.0","8.4","5.6","0.0","10.66","9.66","0.0","54.1","75.0","0.0","2.9","4.5","0.0","0.0","0.0","0.0","13.2","7.9","0.0"
"20231122","措备","合备","9.0","18.1","2.2","12.5","0.0","0.0","0.0","0.0","0.4","0.0","9.1","0.0","0.0","12.3","3.95","0.0","67.4","77.1","0.0","1.9","9.9","0.0","0.0","0.0","0.0","4.9","3.2","0.0"
"20231121","措备","合备","7.3","16.6","0.0","12.5","0.0","0.0","0.0","0.0","0.0","0.0","9.5","7.7","0.0","12.68","10.18","0.0","59.1","75.8","0.0","0.0","4.8","0.0","0.0","0.0","0.0","4.9","3.1","0.0"
"20231120","措备","合备","8.5","15.7","2.6","12.8","0.0","0.0","0.0","0.0","0.0","0.0","6.9","5.1","0.0","11.1","9.54","0.0","45.9","78.8","0.0","0.0","4.5","0.0","0.0","0.0","0.0","7.5","3.1","0.0"
"20231119","措备","合备","8.7","15.0","0.9","11.2","0.0","0.0","0.0","0.0","0.0","0.0","8.8","8.3","0.0","12.4","10.75","0.0","57.3","74.4","0.0","1.0","3.4","0.0","0.0","0.0","0.0","8.6","6.4","0.0"
"20231118","措备","合备","3.4","8.0","-1.7","9.6","0.0","0.0","0.0","0.7","0.0","0.0","9.1","9.1","0.0","13.0","12.65","0.0","57.9","64.4","0.0","1.6","0.0","0.0","1.1","0.0","0.0","15.9","3.2","0.0"
"20231117","措备","合备","6.0","10.7","2.6","9.4","0.0","0.0","0.0","0.0","0.0","0.0","6.7","8.5","0.0","11.49","11.98","0.0","59.0","64.6","0.0","5.6","3.0","0.0","0.0","0.0","0.0","11.8","3.5","0.0"
"20231116","措备","合备","5.5","9.7","2.2","10.3","0.0","0.0","0.0","9.9","0.4","0.0","0.1","8.5","0.0","3.68","12.1","0.0","85.5","69.3","0.0","7.9","3.6","0.0","0.0","0.0","0.0","4.9","7.1","0.0"
"20231115","措备","合备","7.4","14.7","1.5","10.0","0.0","0.0","0.0","0.0","0.0","0.0","9.1","8.9","0.0","12.9","13.0","0.0","63.6","62.0","0.0","0.6","0.5","0.0","0.0","0.0","0.0","8.0","7.9","0.0"
"20231114","措备","合备","7.3","12.5","3.4","11.6","0.0","0.0","0.0","0.0","0.0","0.0","9.3","0.7","0.0","13.52","5.89","0.0","55.1","68.5","0.0","1.3","6.1","0.0","0.0","0.0","0.0","8.3","5.6","0.0"
"20231113","措备","合备","5.3","10.2","1.3","15.9","0.0","0.0","0.0","0.0","16.3","0.0","9.7","6.5","0.0","14.31","10.84","0.0","41.1","76.6","0.0","0.0","8.0","0.0","0.0","0.0","0.0","9.8","7.8","0.0"
"20231112","措备","合备","4.8","8.8","2.5","17.0","0.0","0.0","0.0","0.0","0.1","0.0","8.6","7.0","0.0","13.81","11.72","0.0","48.3","78.6","0.0","1.0","5.6","0.0","0.0","0.0","0.0","11.8","4.6","0.0"
"20231111","措备","合备","5.9","10.7","0.6","14.0","0.0","0.0","0.0","0.0","0.0","0.0","4.6","8.2","0.0","9.14","11.51","0.0","44.8","74.3","0.0","3.6","0.8","0.0","0.0","0.0","0.0","9.2","5.1","0.0"
"20231110","措备","合备","10.3","15.4","5.0","13.3","0.0","0.0","0.0","10.9","0.0","0.0","3.9","8.5","0.0","9.87","12.11","0.0","49.9","62.3","0.0","5.8","1.6","0.0","0.0","0.0","0.0","11.2","4.5","0.0"
"20231109","措备","合备","13.7","20.9","5.3","11.7","0.0","0.0","0.0","0.1","0.0","0.0","6.4","8.4","0.0","11.72","12.8","0.0","71.0","65.3","0.0","6.3","2.4","0.0","0.0","0.0","0.0","5.5","4.3","0.0"
"20231108","措备","合备","9.5","19.0","2.1","10.9","0.0","0.0","0.0","0.0","0.0","0.0","9.7","9.4","0.0","13.49","13.44","0.0","58.5","65.4","0.0","1.6","0.0","0.0","0.0","0.0","0.0","3.9","5.7","0.0"
"20231107","措备","合备","11.4","15.7","6.5","9.7","0.0","0.0","0.0","0.0","0.0","0.0","8.7","9.3","0.0","14.45","13.14","0.0","41.1","62.4","0.0","0.6","0.5","0.0","0.0","0.0","0.0","14.0","4.1","0.0"
"20231106","措备","合备","18.4","22.4","13.0","8.9","0.0","0.0","0.0","8.2","0.0","0.0","2.3","9.7","0.0","4.69","14.33","0.0","59.5","60.6","0.0","7.3","0.1","0.0","0.0","0.0","0.0","14.1","5.8","0.0"
"20231105","措备","合备","19.8","23.3","16.9","9.1","0.0","0.0","0.0","1.6","0.0","0.0","0.8","9.9","0.0","6.87","15.46","0.0","77.9","37.3","0.0","9.1","0.4","0.0","0.0","0.0","0.0","6.4","6.6","0.0"
"20231104","措备","合备","18.4","23.7","14.2","9.3","0.0","0.0","0.0","0.1","0.0","0.0","5.0","9.6","0.0","11.27","14.97","0.0","75.8","43.4","0.0","8.1","3.0","0.0","0.0","0.0","0.0","8.6","7.5","0.0"
"20231103","措备","合备","18.6","26.6","11.3","12.5","0.0","0.0","0.0","0.0","0.0","0.0","9.9","6.5","0.0","14.42","11.72","0.0","65.4","56.4","0.0","2.1","4.4","0.0","0.0","0.0","0.0","8.6","6.7","0.0"
"20231102","措备","合备","17.7","27.3","11.8","13.1","0.0","0.0","0.0","0.0","0.0","0.0","9.6","9.6","0.0","13.69","14.49","0.0","72.1","62.9","0.0","0.5","0.0","0.0","0.0","0.0","0.0","3.5","4.8","0.0"
"20231101","措备","合备","15.7","24.3","7.2","14.2","0.0","0.0","0.0","0.0","0.0","0.0","9.9","9.7","0.0","13.41","14.35","0.0","68.1","68.4","0.0","0.0","0.0","0.0","0.0","0.0","0.0","3.3","5.8","0.0"
"20231031","措备","合备","14.9","24.8","7.5","13.1","0.0","0.0","0.0","0.0","0.0","0.0","9.9","9.9","0.0","14.94","15.18","0.0","64.1","72.5","0.0","0.0","3.4","0.0","0.0","0.0","0.0","6.0","6.9","0.0"
"20231030","措备","合备","14.5","23.1","7.7","13.3","0.0","0.0","0.0","0.0","0.0","0.0","9.9","4.9","0.0","14.61","11.02","0.0","70.0","80.4","0.0","0.8","5.9","0.0","0.0","0.0","0.0","6.0","7.6","0.0"
"20231029","措备","合备","13.7","21.8","7.4","13.6","0.0","0.0","0.0","0.0","0.0","0.0","10.0","8.1","0.0","15.12","13.47","0.0","70.4","79.8","0.0","1.6","2.9","0.0","0.0","0.0","0.0","5.1","6.7","0.0"
"20231028","措备","合备","13.9","21.0","7.5","13.1","0.0","0.0","0.0","0.0","0.0","0.0","8.7","9.6","0.0","14.31","14.7","0.0","69.9","77.9","0.0","0.3","1.9","0.0","0.0","0.0","0.0","5.3","10.5","0.0"
"20231027","措备","合备","14.7","19.5","10.7","14.5","0.0","0.0","0.0","0.0","0.0","0.0","4.6","9.5","0.0","9.64","14.74","0.0","73.4","65.1","0.0","2.3","2.4","0.0","0.0","0.0","0.0","8.5","5.6","0.0"
"20231026","措备","合备","16.2","24.0","9.8","12.2","0.0","0.0","0.0","0.0","0.0","0.0","9.8","8.9","0.0","13.5","15.51","0.0","75.3","73.1","0.0","1.3","3.9","0.0","0.0","0.0","0.0","7.4","2.8","0.0"
"20231025","措备","合备","15.9","24.2","10.0","11.2","0.0","0.0","0.0","0.0","0.0","0.0","10.0","7.3","0.0","15.45","13.87","0.0","71.4","69.6","0.0","0.0","1.6","0.0","0.0","0.0","0.0","6.7","7.1","0.0"
"20231024","措备","合备","14.7","23.0","8.0","12.3","0.0","0.0","0.0","0.0","0.0","0.0","8.8","7.9","0.0","14.99","13.16","0.0","69.0","58.3","0.0","3.0","2.4","0.0","0.0","0.0","0.0","5.1","8.4","0.0"
"20231023","措备","合备","14.2","21.8","8.1","15.3","0.0","0.0","0.0","0.0","0.0","0.0","9.6","8.7","0.0","15.03","14.33","0.0","70.1","72.4","0.0","0.8","3.4","0.0","0.0","0.0","0.0","6.3","6.8","0.0"
"20231022","措备","合备","12.6","19.7","5.3","16.6","0.0","0.0","0.0","0.0","0.3","0.0","8.3","9.4","0.0","14.93","15.87","0.0","60.4","64.9","0.0","5.1","4.4","0.0","0.0","0.0","0.0","10.3","6.2","0.0"
"20231021","措备","合备","12.1","18.6","5.5","14.5","0.0","0.0","0.0","0.0","0.0","0.0","7.4","5.1","0.0","13.68","11.48","0.0","53.3","63.5","0.0","1.3","6.9","0.0","0.0","0.0","0.0","10.3","4.4","0.0"
"20231020","措备","合备","13.8","17.9","10.6","12.0","0.0","0.0","0.0","3.2","0.0","0.0","8.1","10.5","0.0","16.39","17.54","0.0","54.3","62.4","0.0","3.6","1.4","0.0","0.0","0.0","0.0","13.8","4.0","0.0"
"20231019","措备","合备","16.4","22.7","10.4","10.8","0.0","0.0","0.0","0.8","0.0","0.0","2.4","10.6","0.0","9.79","18.18","0.0","71.0","56.9","0.0","7.1","0.0","0.0","0.0","0.0","0.0","6.2","6.9","0.0"
"20231018","措备","合备","15.1","24.8","6.8","11.7","0.0","0.0","0.0","0.0","0.0","0.0","10.6","10.7","0.0","17.07","18.2","0.0","63.8","52.3","0.0","1.6","0.0","0.0","0.0","0.0","0.0","5.3","7.3","0.0"
"20231017","措备","合备","15.0","22.6","9.7","16.0","0.0","0.0","0.0","0.0","0.0","0.0","10.7","8.7","0.0","18.12","16.95","0.0","52.5","55.3","0.0","0.0","1.8","0.0","0.0","0.0","0.0","6.7","9.8","0.0"
"20231016","措备","合备","16.0","21.8","10.9","19.2","0.0","0.0","0.0","0.0","0.0","0.0","9.0","10.0","0.0","16.53","17.35","0.0","64.0","74.5","0.0","1.0","3.6","0.0","0.0","0.0","0.0","8.4","5.0","0.0"
"20231015","措备","合备","16.6","22.4","12.8","17.8","0.0","0.0","0.0","0.0","0.0","0.0","6.8","9.9","0.0","14.06","17.98","0.0","68.5","80.8","0.0","2.9","3.3","0.0","0.0","0.0","0.0","9.7","6.4","0.0"
"20231014","措备","合备","17.1","24.0","13.0","16.1","0.0","0.0","0.0","0.2","0.0","0.0","7.3","6.2","0.0","14.45","15.2","0.0","76.3","81.4","0.0","5.9","4.6","0.0","0.0","0.0","0.0","7.6","6.1","0.0"
"20231013","措备","合备","17.7","23.2","12.2","16.1","0.0","0.0","0.0","0.0","0.0","0.0","6.2","9.6","0.0","14.16","16.56","0.0","68.0","77.8","0.0","8.6","2.4","0.0","0.0","0.0","0.0","3.9","7.2","0.0"
"20231012","措备","合备","16.0","23.8","8.8","14.0","0.0","0.0","0.0","0.0","0.0","0.0","9.0","9.5","0.0","17.37","17.2","0.0","66.4","79.1","0.0","3.9","2.4","0.0","0.0","0.0","0.0","5.0","7.9","0.0"
"20231011","措备","合备","16.2","23.0","11.1","13.6","0.0","0.0","0.0","0.0","0.0","0.0","8.8","9.6","0.0","17.48","17.64","0.0","67.9","67.9","0.0","2.3","2.1","0.0","0.0","0.0","0.0","7.9","9.5","0.0"
"20231010","措备","合备","17.6","23.0","13.6","13.7","0.0","0.0","0.0","0.0","0.0","0.0","7.4","9.3","0.0","15.6","19.33","0.0","69.0","64.3","0.0","4.6","5.3","0.0","0.0","0.0","0.0","6.6","13.6","0.0"
"20231009","措备","合备","18.3","22.8","15.6","14.4","0.0","0.0","0.0","1.0","3.1","0.0","2.8","0.0","0.0","10.6","5.9","0.0","73.1","88.8","0.0","7.3","9.8","0.0","0.0","0.0","0.0","3.8","6.5","0.0"
"20231008","措备","合备","17.3","20.5","15.2","14.9","0.0","0.0","0.0","0.0","0.0","0.0","0.1","10.6","0.0","6.18","19.18","0.0","70.8","75.6","0.0","9.0","2.6","0.0","0.0","0.0","0.0","8.8","9.3","0.0"
"20231007","措备","合备","17.1","21.7","12.3","16.6","0.0","0.0","0.0","0.0","0.0","0.0","2.6","3.1","0.0","10.85","10.21","0.0","68.5","74.6","0.0","9.3","8.0","0.0","0.0","0.0","0.0","7.8","7.8","0.0"
"20231006","措备","合备","16.5","23.2","10.8","18.2","0.0","0.0","0.0","0.0","0.3","0.0","9.5","3.0","0.0","18.53","12.69","0.0","53.5","81.8","0.0","6.8","9.5","0.0","0.0","0.0","0.0","4.7","4.4","0.0"
"20231005","措备","合备","16.7","21.2","13.6","17.0","0.0","0.0","0.0","0.0","0.0","0.0","8.7","4.9","0.0","18.99","13.84","0.0","38.6","81.4","0.0","4.8","7.9","0.0","0.0","0.0","0.0","13.7","7.1","0.0"
"20231004","措备","合备","19.1","24.8","13.7","21.5","0.0","0.0","0.0","0.0","18.0","0.0","8.0","1.0","0.0","17.69","6.19","0.0","69.8","88.6","0.0","5.8","9.6","0.0","0.0","0.0","0.0","7.6","9.9","0.0"
"20231003","措备","合备","16.1","20.5","11.6","24.9","0.0","0.0","0.0","0.5","3.9","0.0","0.3","1.7","0.0","7.06","10.0","0.0","81.6","82.4","0.0","7.3","9.9","0.0","0.0","0.0","0.0","3.3","5.4","0.0"
"20231002","措备","合备","17.6","24.3","11.8","22.2","0.0","0.0","0.0","0.0","0.0","0.0","9.7","5.6","0.0","19.92","15.48","0.0","62.3","69.1","0.0","2.6","6.9","0.0","0.0","0.0","0.0","5.8","5.0","0.0"
"20231001","措备","合备","19.2","24.4","13.9","21.6","0.0","0.0","0.0","0.0","0.0","0.0","10.6","10.0","0.0","20.41","18.43","0.0","59.1","62.8","0.0","2.1","3.9","0.0","0.0","0.0","0.0","9.2","4.8","0.0"
"20230930","措备","合备","20.0","25.1","15.7","21.6","0.0","0.0","0.0","3.5","0.0","0.0","5.9","11.1","0.0","14.16","19.84","0.0","71.6","68.1","0.0","5.4","0.1","0.0","0.0","0.0","0.0","8.4","3.2","0.0"
"20230929","措备","合备","21.8","26.8","16.7","20.8","0.0","0.0","0.0","0.0","0.0","0.0","5.8","11.1","0.0","15.32","19.57","0.0","74.6","72.8","0.0","5.4","0.0","0.0","0.0","0.0","0.0","3.8","4.1","0.0"
"20230928","措备","合备","23.6","28.8","19.6","19.4","0.0","0.0","0.0","0.0","0.0","0.0","7.6","3.3","0.0","16.87","12.21","0.0","69.8","81.3","0.0","3.1","6.9","0.0","0.0","0.0","0.0","8.0","3.9","0.0"
"20230927","措备","合备","23.8","29.2","21.0","20.3","0.0","0.0","0.0","0.0","0.0","0.0","2.2","9.0","0.0","10.1","19.45","0.0","79.6","81.8","0.0","8.1","3.8","0.0","0.0","0.0","0.0","6.6","6.8","0.0"
"20230926","措备","合备","20.8","21.7","20.1","18.5","0.0","0.0","0.0","17.9","0.0","0.0","0.0","0.0","0.0","2.33","6.53","0.0","95.0","88.0","0.0","10.0","9.5","0.0","0.0","0.0","0.0","4.9","3.2","0.0"
"20230925","措备","合备","21.1","24.9","18.1","18.6","0.0","0.0","0.0","0.9","0.0","0.0","0.9","2.4","0.0","10.92","11.15","0.0","78.4","77.8","0.0","9.5","9.0","0.0","0.0","0.0","0.0","7.4","4.3","0.0"
"20230924","措备","合备","20.4","25.3","15.5","19.2","0.0","0.0","0.0","0.0","0.0","0.0","8.8","8.0","0.0","19.68","20.15","0.0","66.3","59.5","0.0","4.6","4.3","0.0","0.0","0.0","0.0","10.0","7.5","0.0"
"20230923","措备","合备","19.9","25.3","15.3","20.8","0.0","0.0","0.0","0.0","0.0","0.0","6.8","8.9","0.0","16.32","18.79","0.0","74.0","70.4","0.0","5.4","3.4","0.0","0.0","0.0","0.0","9.2","9.2","0.0"
"20230922","措备","合备","21.1","26.5","17.8","18.6","0.0","0.0","0.0","0.0","0.0","0.0","8.4","8.4","0.0","16.79","19.16","0.0","73.1","78.6","0.0","4.0","5.0","0.0","0.0","0.0","0.0","6.2","6.2","0.0"
"20230921","措备","合备","19.5","21.2","18.2","17.2","0.0","0.0","0.0","3.4","0.0","0.0","0.0","10.7","0.0","6.12","22.62","0.0","91.0","75.3","0.0","9.5","1.3","0.0","0.0","0.0","0.0","9.7","8.0","0.0"
"20230920","措备","合备","22.0","24.9","20.8","19.2","0.0","0.0","0.0","36.6","0.0","0.0","0.0","7.6","0.0","3.97","17.08","0.0","89.4","69.1","0.0","9.5","4.3","0.0","0.0","0.0","0.0","8.6","8.4","0.0"
"20230919","措备","合备","25.2","29.5","21.8","25.1","0.0","0.0","0.0","0.0","0.0","0.0","8.7","5.4","0.0","18.52","12.64","0.0","71.4","72.9","0.0","6.8","6.8","0.0","0.0","0.0","0.0","6.5","8.3","0.0"
"20230918","措备","合备","26.1","32.8","22.7","26.6","0.0","0.0","0.0","0.0","0.0","0.0","6.3","1.3","0.0","17.01","10.34","0.0","76.8","83.1","0.0","6.4","9.5","0.0","0.0","0.0","0.0","6.2","9.4","0.0"
"20230917","措备","合备","24.6","27.9","21.9","26.2","0.0","0.0","0.0","13.2","0.3","0.0","2.1","4.8","0.0","11.05","17.01","0.0","87.0","84.9","0.0","9.5","7.4","0.0","0.0","0.0","0.0","4.3","5.7","0.0"
"20230916","措备","合备","23.1","24.5","22.2","24.7","0.0","0.0","0.0","25.1","0.0","0.0","0.0","3.0","0.0","3.36","13.75","0.0","94.6","84.9","0.0","9.0","6.5","0.0","0.0","0.0","0.0","5.3","6.3","0.0"
"20230915","措备","合备","22.8","24.9","21.3","23.5","0.0","0.0","0.0","11.2","0.0","0.0","0.0","8.9","0.0","3.87","18.59","0.0","92.3","78.8","0.0","9.9","6.3","0.0","0.0","0.0","0.0","5.2","10.3","0.0"
"20230914","措备","合备","22.6","24.5","21.4","23.4","0.0","0.0","0.0","6.7","0.0","0.0","0.0","8.8","0.0","4.39","18.69","0.0","89.5","77.0","0.0","9.9","7.5","0.0","0.0","0.0","0.0","7.4","10.8","0.0"
"20230913","措备","合备","24.7","28.4","22.4","23.7","0.0","0.0","0.0","4.0","0.0","0.0","0.0","4.7","0.0","0.0","15.99","0.0","84.1","77.9","0.0","9.9","8.8","0.0","0.0","0.0","0.0","6.7","9.9","0.0"
"20230912","措备","合备","26.1","30.6","22.3","21.7","0.0","0.0","0.0","0.0","0.3","0.0","0.0","0.0","0.0","0.0","7.57","0.0","74.6","91.5","0.0","8.1","8.9","0.0","0.0","0.0","0.0","4.2","4.8","0.0"
"20230911","措备","合备","25.6","31.4","20.3","22.7","0.0","0.0","0.0","0.0","0.0","0.0","6.7","6.2","0.0","17.86","17.24","0.0","68.9","80.4","0.0","4.6","6.3","0.0","0.0","0.0","0.0","5.2","7.7","0.0"
"20230910","措备","合备","24.0","30.9","17.6","21.0","0.0","0.0","0.0","0.0","0.0","0.0","10.2","0.5","0.0","21.65","10.02","0.0","69.8","81.4","0.0","2.6","7.3","0.0","0.0","0.0","0.0","7.5","9.1","0.0"
"20230909","措备","合备","23.4","29.5","17.3","21.5","0.0","0.0","0.0","0.0","0.0","0.0","11.7","9.5","0.0","23.75","21.62","0.0","68.1","76.6","0.0","0.0","5.4","0.0","0.0","0.0","0.0","6.6","8.6","0.0"
"20230908","措备","合备","23.3","29.0","18.1","21.7","0.0","0.0","0.0","0.0","0.0","0.0","7.2","10.5","0.0","18.37","22.34","0.0","67.5","73.0","0.0","1.5","4.0","0.0","0.0","0.0","0.0","7.7","7.1","0.0"
"20230907","措备","合备","23.6","28.9","18.1","22.4","0.0","0.0","0.0","0.0","0.0","0.0","11.6","10.7","0.0","23.28","23.2","0.0","67.3","69.1","0.0","1.3","2.4","0.0","0.0","0.0","0.0","9.6","7.1","0.0"
"20230906","措备","合备","25.2","30.9","20.3","22.6","0.0","0.0","0.0","0.0","81.1","0.0","8.9","6.1","0.0","19.87","14.61","0.0","69.3","81.0","0.0","2.6","5.3","0.0","0.0","0.0","0.0","8.5","13.5","0.0"
"20230905","措备","合备","26.1","30.6","22.4","24.9","0.0","0.0","0.0","0.0","31.7","0.0","10.4","0.0","0.0","21.37","4.51","0.0","65.5","96.0","0.0","5.9","9.6","0.0","0.0","0.0","0.0","7.2","11.1","0.0"
"20230904","措备","合备","26.4","30.6","22.8","25.4","0.0","0.0","0.0","0.0","0.4","0.0","9.5","4.4","0.0","19.95","15.94","0.0","76.8","89.5","0.0","4.5","8.9","0.0","0.0","0.0","0.0","9.1","7.1","0.0"
"20230903","措备","合备","26.6","31.8","22.6","22.2","0.0","0.0","0.0","0.0","0.1","0.0","6.5","0.0","0.0","19.54","7.53","0.0","76.4","91.9","0.0","7.3","9.8","0.0","0.0","0.0","0.0","7.9","7.4","0.0"
"20230902","措备","合备","24.9","28.9","22.5","21.5","0.0","0.0","0.0","1.1","0.3","0.0","2.4","0.0","0.0","14.27","5.42","0.0","79.8","91.1","0.0","7.5","9.6","0.0","0.0","0.0","0.0","8.8","7.6","0.0"
"20230901","措备","合备","25.8","30.2","23.1","21.6","0.0","0.0","0.0","0.0","0.0","0.0","6.5","3.1","0.0","18.51","9.7","0.0","76.6","88.4","0.0","8.0","8.1","0.0","0.0","0.0","0.0","5.3","6.0","0.0"
"20230831","措备","合备","23.3","25.7","21.2","21.3","0.0","0.0","0.0","51.4","13.3","0.0","0.2","0.0","0.0","8.68","4.21","0.0","89.8","95.6","0.0","9.4","9.6","0.0","0.0","0.0","0.0","5.8","4.8","0.0"
"20230830","措备","合备","24.7","25.9","22.3","20.9","0.0","0.0","0.0","54.9","26.2","0.0","0.1","0.0","0.0","3.39","4.01","0.0","95.0","92.3","0.0","9.8","9.6","0.0","0.0","0.0","0.0","9.9","6.2","0.0"
"20230829","措备","合备","25.7","28.0","23.2","21.5","0.0","0.0","0.0","3.3","0.0","0.0","0.6","0.5","0.0","4.92","8.28","0.0","88.6","81.4","0.0","8.4","9.4","0.0","0.0","0.0","0.0","5.2","4.0","0.0"
"20230828","措备","合备","25.5","27.9","23.0","21.4","0.0","0.0","0.0","0.0","0.0","0.0","2.5","11.4","0.0","13.2","25.11","0.0","80.5","72.1","0.0","7.9","4.6","0.0","0.0","0.0","0.0","9.5","7.6","0.0"
"20230827","措备","合备","25.5","30.9","22.3","23.2","0.0","0.0","0.0","4.7","0.0","0.0","6.7","6.6","0.0","17.92","17.27","0.0","78.6","68.0","0.0","6.1","5.6","0.0","0.0","0.0","0.0","8.6","7.2","0.0"
"20230826","措备","合备","26.6","32.8","21.5","25.1","0.0","0.0","0.0","0.0","0.0","0.0","10.7","10.2","0.0","23.97","22.17","0.0","68.4","64.6","0.0","2.5","5.3","0.0","0.0","0.0","0.0","5.7","6.4","0.0"
"20230825","措备","合备","27.4","32.4","23.8","24.5","0.0","0.0","0.0","0.7","0.1","0.0","7.8","6.6","0.0","20.62","20.02","0.0","70.5","78.6","0.0","5.1","6.9","0.0","0.0","0.0","0.0","7.7","5.6","0.0"
"20230824","措备","合备","25.0","29.4","22.9","21.5","0.0","0.0","0.0","36.4","4.6","0.0","1.1","0.0","0.0","10.16","6.21","0.0","91.5","94.4","0.0","9.8","9.4","0.0","0.0","0.0","0.0","9.8","7.4","0.0"
"20230823","措备","合备","28.6","34.0","24.3","25.4","0.0","0.0","0.0","15.9","6.8","0.0","9.5","0.0","0.0","22.34","5.49","0.0","72.3","89.9","0.0","5.1","9.6","0.0","0.0","0.0","0.0","7.3","6.7","0.0"
"20230822","措备","合备","28.8","34.0","24.5","26.8","0.0","0.0","0.0","0.0","0.0","0.0","10.3","10.0","0.0","23.4","23.05","0.0","72.3","75.6","0.0","1.8","3.9","0.0","0.0","0.0","0.0","7.3","5.0","0.0"
"20230821","措备","合备","28.9","33.7","24.9","26.0","0.0","0.0","0.0","0.0","0.0","0.0","9.4","12.2","0.0","22.22","25.28","0.0","74.4","75.3","0.0","3.3","3.1","0.0","0.0","0.0","0.0","5.7","6.8","0.0"
"20230820","措备","合备","27.3","33.5","24.7","26.4","0.0","0.0","0.0","6.3","10.3","0.0","3.8","0.0","0.0","15.18","5.84","0.0","84.9","95.1","0.0","6.9","8.0","0.0","0.0","0.0","0.0","9.3","6.8","0.0"
"20230819","措备","合备","27.3","31.7","24.5","28.2","0.0","0.0","0.0","0.1","0.0","0.0","4.1","5.3","0.0","14.1","18.33","0.0","82.0","80.5","0.0","7.0","7.5","0.0","0.0","0.0","0.0","5.2","6.8","0.0"
"20230818","措备","合备","25.7","28.8","23.6","26.8","0.0","0.0","0.0","1.6","0.0","0.0","1.0","9.3","0.0","11.47","23.76","0.0","84.0","77.3","0.0","7.8","6.3","0.0","0.0","0.0","0.0","6.6","4.6","0.0"
"20230817","措备","合备","25.9","28.8","24.0","25.7","0.0","0.0","0.0","0.0","22.8","0.0","3.3","4.6","0.0","15.72","16.21","0.0","78.6","89.4","0.0","7.6","7.4","0.0","0.0","0.0","0.0","7.3","6.0","0.0"
"20230816","措备","合备","27.0","33.3","23.9","25.7","0.0","0.0","0.0","3.1","39.8","0.0","4.5","0.0","0.0","16.4","4.28","0.0","74.6","94.9","0.0","7.8","9.6","0.0","0.0","0.0","0.0","9.5","7.7","0.0"
"20230815","措备","合备","27.5","34.0","23.0","30.9","0.0","0.0","0.0","0.0","0.0","0.0","11.2","4.0","0.0","25.51","14.95","0.0","70.8","69.6","0.0","2.9","8.0","0.0","0.0","0.0","0.0","7.7","7.8","0.0"
"20230814","措备","合备","26.8","31.5","23.6","29.8","0.0","0.0","0.0","0.0","0.0","0.0","8.4","4.1","0.0","22.84","15.15","0.0","74.3","80.1","0.0","6.0","7.1","0.0","0.0","0.0","0.0","8.1","7.1","0.0"
"20230813","措备","合备","27.2","32.6","23.1","26.4","0.0","0.0","0.0","0.0","6.6","0.0","7.0","3.0","0.0","22.09","13.96","0.0","73.4","92.4","0.0","6.8","7.6","0.0","0.0","0.0","0.0","6.7","12.8","0.0"
"20230812","措备","合备","27.1","31.4","23.6","29.7","0.0","0.0","0.0","0.0","3.2","0.0","3.0","9.3","0.0","15.46","22.96","0.0","71.8","77.1","0.0","6.9","5.4","0.0","0.0","0.0","0.0","6.4","5.3","0.0"
"20230811","措备","合备","27.5","32.5","22.2","26.5","0.0","0.0","0.0","0.0","4.1","0.0","10.0","0.0","0.0","23.02","5.91","0.0","66.8","90.9","0.0","2.9","9.5","0.0","0.0","0.0","0.0","7.7","4.9","0.0"
"20230810","措备","合备","25.1","26.6","22.8","28.2","0.0","0.0","0.0","93.4","0.3","0.0","0.1","0.0","0.0","3.99","5.87","0.0","83.5","80.1","0.0","9.6","9.8","0.0","0.0","0.0","0.0","17.1","6.3","0.0"
"20230809","措备","合备","25.4","26.8","24.6","29.8","0.0","0.0","0.0","41.0","0.0","0.0","0.0","0.0","0.0","2.77","9.74","0.0","89.4","69.8","0.0","9.5","9.0","0.0","0.0","0.0","0.0","7.1","6.5","0.0"
"20230808","措备","合备","28.4","33.2","25.5","30.5","0.0","0.0","0.0","0.0","0.0","0.0","7.9","1.5","0.0","22.19","14.92","0.0","72.8","69.8","0.0","5.3","8.6","0.0","0.0","0.0","0.0","10.7","8.2","0.0"
"20230807","措备","合备","29.5","34.6","26.2","31.5","0.0","0.0","0.0","0.0","0.0","0.0","10.3","6.1","0.0","24.28","18.29","0.0","69.6","71.9","0.0","5.0","5.8","0.0","0.0","0.0","0.0","10.0","7.7","0.0"
"20230806","措备","合备","30.4","35.6","26.4","31.6","0.0","0.0","0.0","0.0","0.0","0.0","11.3","9.4","0.0","23.88","20.96","0.0","67.5","72.0","0.0","4.5","3.1","0.0","0.0","0.0","0.0","9.2","6.5","0.0"
"20230805","措备","合备","31.5","37.2","25.7","30.8","0.0","0.0","0.0","0.0","0.0","0.0","10.8","7.6","0.0","23.28","19.34","0.0","64.3","75.0","0.0","2.5","6.0","0.0","0.0","0.0","0.0","6.1","6.8","0.0"
"20230804","措备","合备","30.5","34.7","26.0","30.7","0.0","0.0","0.0","0.0","0.0","0.0","5.5","7.1","0.0","13.92","19.73","0.0","66.0","75.9","0.0","5.1","5.9","0.0","0.0","0.0","0.0","4.2","6.1","0.0"
"20230803","措备","合备","31.5","37.7","27.0","30.6","0.0","0.0","0.0","0.0","0.5","0.0","10.1","8.7","0.0","24.16","22.24","0.0","62.1","78.8","0.0","2.6","6.0","0.0","0.0","0.0","0.0","8.0","8.8","0.0"
"20230802","措备","合备","30.0","34.7","23.9","27.9","0.0","0.0","0.0","0.0","4.7","0.0","8.6","1.5","0.0","20.37","9.08","0.0","64.1","91.8","0.0","6.6","8.5","0.0","0.0","0.0","0.0","4.9","3.8","0.0"
"20230801","措备","合备","29.7","34.8","24.9","29.4","0.0","0.0","0.0","0.0","0.0","0.0","9.6","0.1","0.0","23.23","7.16","0.0","64.8","76.6","0.0","3.4","9.0","0.0","0.0","0.0","0.0","5.3","7.3","0.0"
"20230731","措备","合备","29.6","34.4","24.7","27.1","0.0","0.0","0.0","0.0","2.7","0.0","7.6","0.2","0.0","17.62","8.34","0.0","65.9","92.0","0.0","4.6","9.9","0.0","0.0","0.0","0.0","7.8","6.2","0.0"
"20230730","措备","合备","29.8","35.5","25.0","27.8","0.0","0.0","0.0","0.0","0.0","0.0","10.4","1.8","0.0","23.15","14.02","0.0","65.4","83.9","0.0","2.9","7.8","0.0","0.0","0.0","0.0","5.5","8.2","0.0"
"20230729","措备","合备","30.1","35.3","24.8","28.7","0.0","0.0","0.0","0.0","0.0","0.0","8.9","10.6","0.0","20.99","25.57","0.0","65.5","77.8","0.0","2.0","3.4","0.0","0.0","0.0","0.0","5.4","8.3","0.0"
"20230728","措备","合备","29.4","34.5","24.6","26.2","0.0","0.0","0.0","0.0","0.0","0.0","9.1","2.0","0.0","18.41","13.28","0.0","71.5","85.5","0.0","2.8","7.5","0.0","0.0","0.0","0.0","4.6","6.2","0.0"
"20230727","措备","合备","27.9","32.9","22.8","25.6","0.0","0.0","0.0","0.0","0.0","0.0","7.0","10.5","0.0","20.34","23.79","0.0","76.0","79.5","0.0","3.8","4.8","0.0","0.0","0.0","0.0","4.8","8.7","0.0"
"20230726","措备","合备","27.2","33.1","23.8","26.9","0.0","0.0","0.0","0.0","0.0","0.0","2.3","9.5","0.0","15.72","26.28","0.0","78.3","79.4","0.0","8.0","3.5","0.0","0.0","0.0","0.0","10.5","7.5","0.0"
"20230725","措备","合备","27.3","32.2","24.6","28.8","0.0","0.0","0.0","0.0","0.0","0.0","4.0","9.0","0.0","15.69","25.09","0.0","78.1","72.6","0.0","7.0","5.9","0.0","0.0","0.0","0.0","11.0","6.5","0.0"
"20230724","措备","合备","26.6","30.5","24.3","27.4","0.0","0.0","0.0","14.5","1.1","0.0","1.8","3.3","0.0","12.7","15.89","0.0","85.4","77.6","0.0","9.5","7.3","0.0","0.0","0.0","0.0","7.6","7.0","0.0"
"20230723","措备","合备","27.5","30.2","25.2","24.9","0.0","0.0","0.0","0.1","0.0","0.0","0.3","0.0","0.0","9.68","10.79","0.0","75.9","82.0","0.0","9.5","9.5","0.0","0.0","0.0","0.0","6.5","4.4","0.0"
"20230722","措备","合备","25.4","28.1","21.5","25.8","0.0","0.0","0.0","0.0","0.0","0.0","4.3","2.1","0.0","14.48","13.94","0.0","77.3","71.6","0.0","6.0","6.9","0.0","0.0","0.0","0.0","6.3","7.3","0.0"
"20230721","措备","合备","26.7","31.4","23.3","26.0","0.0","0.0","0.0","0.0","5.0","0.0","5.4","3.1","0.0","20.99","15.48","0.0","78.5","80.9","0.0","5.5","8.4","0.0","0.0","0.0","0.0","7.4","9.2","0.0"
"20230720","措备","合备","27.6","33.0","22.9","29.4","0.0","0.0","0.0","0.0","0.0","0.0","6.8","11.4","0.0","21.45","25.93","0.0","73.6","62.5","0.0","5.3","7.4","0.0","0.0","0.0","0.0","5.1","5.7","0.0"
"20230719","措备","合备","25.7","30.3","22.1","27.6","0.0","0.0","0.0","0.1","0.2","0.0","9.1","6.2","0.0","25.45","20.49","0.0","78.5","74.4","0.0","5.3","7.5","0.0","0.0","0.0","0.0","6.1","5.3","0.0"
"20230718","措备","合备","23.7","24.8","22.4","22.9","0.0","0.0","0.0","74.2","34.0","0.0","0.0","0.0","0.0","3.11","4.8","0.0","96.4","95.6","0.0","10.0","10.0","0.0","0.0","0.0","0.0","7.5","7.8","0.0"
"20230717","措备","合备","26.7","32.4","23.1","27.3","0.0","0.0","0.0","13.2","0.0","0.0","4.6","7.5","0.0","19.07","21.34","0.0","84.6","68.6","0.0","9.3","7.3","0.0","0.0","0.0","0.0","7.3","6.9","0.0"
"20230716","措备","合备","24.4","27.8","22.8","26.8","0.0","0.0","0.0","9.7","0.0","0.0","0.4","8.5","0.0","8.56","21.88","0.0","91.6","71.0","0.0","9.4","4.6","0.0","0.0","0.0","0.0","3.9","6.5","0.0"
"20230715","措备","合备","27.0","29.9","24.0","28.3","0.0","0.0","0.0","23.7","0.0","0.0","0.3","13.4","0.0","6.16","26.72","0.0","81.3","64.5","0.0","9.9","3.5","0.0","0.0","0.0","0.0","8.6","6.6","0.0"
"20230714","措备","合备","25.6","27.8","24.4","28.2","0.0","0.0","0.0","47.7","0.0","0.0","0.0","7.0","0.0","3.12","20.9","0.0","88.9","77.5","0.0","10.0","7.3","0.0","0.0","0.0","0.0","7.3","7.4","0.0"
"20230713","措备","合备","26.5","27.4","25.6","24.4","0.0","0.0","0.0","2.0","15.2","0.0","0.0","0.0","0.0","5.42","8.46","0.0","85.9","85.6","0.0","9.9","10.0","0.0","0.0","0.0","0.0","4.9","6.4","0.0"
"20230712","措备","合备","27.3","32.4","23.1","25.6","0.0","0.0","0.0","0.2","0.0","0.0","4.5","2.2","0.0","18.21","16.7","0.0","79.8","75.3","0.0","8.4","8.6","0.0","0.0","0.0","0.0","6.2","8.0","0.0"
"20230711","措备","合备","24.8","30.0","22.9","26.4","0.0","0.0","0.0","46.5","9.5","0.0","0.2","1.0","0.0","7.85","9.31","0.0","89.5","86.6","0.0","9.0","8.9","0.0","0.0","0.0","0.0","18.8","5.3","0.0"
"20230710","措备","合备","28.3","33.8","24.1","28.1","0.0","0.0","0.0","0.0","0.0","0.0","6.9","10.3","0.0","19.68","24.32","0.0","74.6","76.5","0.0","5.3","6.4","0.0","0.0","0.0","0.0","8.1","8.9","0.0"
"20230709","措备","合备","26.6","31.2","21.8","28.7","0.0","0.0","0.0","0.0","0.0","0.0","1.9","9.3","0.0","15.1","23.33","0.0","78.0","71.3","0.0","8.3","5.0","0.0","0.0","0.0","0.0","5.0","6.0","0.0"
"20230708","措备","合备","23.1","27.2","19.8","28.5","0.0","0.0","0.0","0.0","17.2","0.0","0.4","2.0","0.0","10.56","11.75","0.0","84.5","84.6","0.0","8.8","7.9","0.0","0.0","0.0","0.0","6.7","8.5","0.0"
"20230707","措备","合备","21.9","25.7","18.0","29.7","0.0","0.0","0.0","43.9","0.0","0.0","0.0","5.6","0.0","3.19","19.96","0.0","86.8","74.3","0.0","9.6","7.6","0.0","0.0","0.0","0.0","9.2","7.0","0.0"
"20230706","措备","合备","27.5","34.4","20.7","28.5","0.0","0.0","0.0","0.0","2.9","0.0","7.0","3.7","0.0","22.29","18.73","0.0","62.3","81.4","0.0","6.6","7.5","0.0","0.0","0.0","0.0","5.6","6.7","0.0"
"20230705","措备","合备","27.5","32.6","23.4","28.8","0.0","0.0","0.0","16.1","0.0","0.0","9.3","4.5","0.0","25.66","15.57","0.0","67.9","72.1","0.0","3.3","7.9","0.0","0.0","0.0","0.0","14.6","5.7","0.0"
"20230704","措备","合备","24.9","29.0","23.3","28.8","0.0","0.0","0.0","6.8","0.0","0.0","1.3","5.9","0.0","8.92","15.11","0.0","84.8","72.5","0.0","9.3","6.6","0.0","0.0","0.0","0.0","6.2","5.6","0.0"
"20230703","措备","合备","27.1","32.5","22.5","29.3","0.0","0.0","0.0","0.0","1.0","0.0","9.5","7.1","0.0","25.42","20.25","0.0","71.5","69.6","0.0","5.9","7.0","0.0","0.0","0.0","0.0","6.5","6.6","0.0"
"20230702","措备","合备","28.1","33.5","23.9","29.9","0.0","0.0","0.0","0.0","0.0","0.0","6.5","11.8","0.0","21.78","27.55","0.0","69.0","63.9","0.0","7.0","3.4","0.0","0.0","0.0","0.0","6.1","5.4","0.0"
"20230701","措备","合备","25.8","31.3","21.6","29.8","0.0","0.0","0.0","0.0","0.0","0.0","8.6","11.0","0.0","24.92","24.03","0.0","76.1","68.6","0.0","4.8","2.5","0.0","0.0","0.0","0.0","6.9","6.4","0.0"
"20230630","措备","合备","24.0","25.7","22.3","29.8","0.0","0.0","0.0","39.0","0.0","0.0","0.0","7.3","0.0","5.56","19.7","0.0","92.4","68.0","0.0","9.9","5.4","0.0","0.0","0.0","0.0","6.9","7.0","0.0"
"20230629","措备","合备","25.4","28.7","23.6","29.5","0.0","0.0","0.0","8.3","0.0","0.0","0.3","3.0","0.0","7.56","15.1","0.0","86.1","68.5","0.0","9.3","8.1","0.0","0.0","0.0","0.0","4.6","8.7","0.0"
"20230628","措备","合备","24.5","30.2","19.7","28.9","0.0","0.0","0.0","24.7","0.7","0.0","4.9","4.2","0.0","18.94","18.53","0.0","78.4","71.3","0.0","7.8","7.9","0.0","0.0","0.0","0.0","7.5","8.4","0.0"
"20230627","措备","合备","27.8","33.8","23.4","27.3","0.0","0.0","0.0","48.0","5.4","0.0","9.4","0.0","0.0","25.33","6.72","0.0","71.3","86.3","0.0","7.4","9.6","0.0","0.0","0.0","0.0","10.7","6.1","0.0"
"20230626","措备","合备","24.1","27.3","20.9","28.4","0.0","0.0","0.0","33.2","0.0","0.0","0.0","4.0","0.0","7.33","14.82","0.0","89.5","72.1","0.0","10.0","7.1","0.0","0.0","0.0","0.0","5.7","6.6","0.0"
"20230625","措备","合备","24.2","30.6","19.8","28.2","0.0","0.0","0.0","2.2","0.0","0.0","4.7","12.0","0.0","18.83","25.75","0.0","73.9","67.0","0.0","9.0","4.1","0.0","0.0","0.0","0.0","6.8","7.0","0.0"
"20230624","措备","合备","24.5","30.8","19.4","28.1","0.0","0.0","0.0","0.0","32.4","0.0","10.0","7.9","0.0","27.35","22.0","0.0","66.0","70.0","0.0","6.8","5.8","0.0","0.0","0.0","0.0","7.2","9.2","0.0"
"20230623","措备","合备","24.8","31.0","19.6","27.9","0.0","0.0","0.0","0.0","0.2","0.0","9.3","1.6","0.0","25.3","10.84","0.0","64.9","72.8","0.0","4.4","8.1","0.0","0.0","0.0","0.0","9.2","7.9","0.0"
"20230622","措备","合备","24.6","29.1","20.6","29.9","0.0","0.0","0.0","0.0","0.0","0.0","7.3","10.2","0.0","22.41","25.27","0.0","65.8","65.0","0.0","6.9","2.9","0.0","0.0","0.0","0.0","8.4","6.3","0.0"
"20230621","措备","合备","21.4","23.9","18.5","27.8","0.0","0.0","0.0","4.6","0.0","0.0","0.0","10.9","0.0","5.22","27.25","0.0","89.9","72.6","0.0","9.6","3.5","0.0","0.0","0.0","0.0","5.5","7.3","0.0"
"20230620","措备","合备","23.0","28.3","20.1","28.6","0.0","0.0","0.0","0.0","2.2","0.0","6.3","10.5","0.0","19.45","24.93","0.0","66.4","69.8","0.0","6.4","3.9","0.0","0.0","0.0","0.0","9.4","6.4","0.0"
"20230619","措备","合备","24.4","30.2","20.3","28.9","0.0","0.0","0.0","0.0","0.0","0.0","11.6","9.9","0.0","27.29","25.9","0.0","62.1","63.1","0.0","3.4","3.9","0.0","0.0","0.0","0.0","10.0","5.9","0.0"
"20230618","措备","合备","26.9","33.1","23.2","27.9","0.0","0.0","0.0","0.0","0.0","0.0","10.9","9.8","0.0","26.67","25.89","0.0","52.6","65.3","0.0","4.6","5.0","0.0","0.0","0.0","0.0","8.5","6.5","0.0"
"20230617","措备","合备","27.6","34.2","20.4","25.9","0.0","0.0","0.0","0.0","0.0","0.0","11.1","11.9","0.0","27.06","27.8","0.0","53.5","63.9","0.0","6.3","3.6","0.0","0.0","0.0","0.0","6.7","6.2","0.0"
"20230616","措备","合备","25.3","32.5","17.2","23.2","0.0","0.0","0.0","0.0","0.0","0.0","13.3","11.7","0.0","28.97","28.2","0.0","60.9","69.6","0.0","0.1","4.1","0.0","0.0","0.0","0.0","7.9","6.9","0.0"
"20230615","措备","合备","20.9","28.7","16.2","19.7","0.0","0.0","0.0","0.0","3.7","0.0","6.7","2.2","0.0","23.4","14.37","0.0","74.0","88.6","0.0","5.4","8.5","0.0","0.0","0.0","0.0","7.0","7.2","0.0"
"20230614","措备","合备","21.2","28.7","16.7","16.9","0.0","0.0","0.0","17.5","3.1","0.0","5.6","0.0","0.0","18.54","6.93","0.0","73.8","92.4","0.0","6.6","9.6","0.0","0.0","0.0","0.0","8.6","8.3","0.0"
"20230613","措备","合备","23.8","30.4","18.1","19.9","0.0","0.0","0.0","0.0","0.0","0.0","6.8","4.0","0.0","20.78","17.7","0.0","68.1","75.6","0.0","6.6","9.4","0.0","0.0","0.0","0.0","6.7","10.5","0.0"
"20230612","措备","合备","23.3","29.1","19.2","20.7","0.0","0.0","0.0","0.7","0.0","0.0","5.7","7.7","0.0","18.12","23.88","0.0","73.4","73.1","0.0","7.3","5.0","0.0","0.0","0.0","0.0","9.8","7.7","0.0"
"20230611","措备","合备","24.6","30.6","20.3","21.4","0.0","0.0","0.0","0.0","0.0","0.0","7.7","7.1","0.0","22.41","21.36","0.0","66.5","74.0","0.0","5.6","5.1","0.0","0.0","0.0","0.0","6.4","9.8","0.0"
"20230610","措备","合备","24.5","31.5","18.6","22.7","0.0","0.0","0.0","0.0","0.0","0.0","8.6","7.8","0.0","24.0","22.57","0.0","61.0","67.1","0.0","4.6","5.5","0.0","0.0","0.0","0.0","9.0","5.7","0.0"
"20230609","措备","合备","24.6","31.0","18.6","20.4","0.0","0.0","0.0","0.0","0.0","0.0","12.2","8.5","0.0","28.65","24.53","0.0","50.4","70.5","0.0","0.8","4.9","0.0","0.0","0.0","0.0","9.0","5.1","0.0"
"20230608","措备","合备","24.1","29.3","20.1","17.5","0.0","0.0","0.0","0.0","0.0","0.0","8.2","3.2","0.0","23.99","16.15","0.0","57.8","77.8","0.0","5.5","6.9","0.0","0.0","0.0","0.0","6.8","5.6","0.0"
"20230607","措备","合备","24.1","29.4","18.4","16.5","0.0","0.0","0.0","0.0","1.1","0.0","6.5","3.7","0.0","19.5","13.63","0.0","58.1","85.1","0.0","6.9","8.4","0.0","0.0","0.0","0.0","6.1","7.0","0.0"
"20230606","措备","合备","24.3","30.1","19.4","18.7","0.0","0.0","0.0","0.0","0.8","0.0","10.5","2.0","0.0","26.81","11.13","0.0","50.4","84.6","0.0","4.0","8.1","0.0","0.0","0.0","0.0","7.1","9.1","0.0"
"20230605","措备","合备","23.8","28.7","17.7","18.0","0.0","0.0","0.0","0.0","32.2","0.0","7.8","0.0","0.0","21.86","5.28","0.0","48.1","92.5","0.0","8.1","9.9","0.0","0.0","0.0","0.0","8.0","8.4","0.0"
"20230604","措备","合备","23.9","29.9","17.5","22.1","0.0","0.0","0.0","0.0","0.0","0.0","11.1","8.5","0.0","27.62","23.41","0.0","40.5","67.0","0.0","7.8","5.3","0.0","0.0","0.0","0.0","10.1","8.1","0.0"
"20230603","措备","合备","23.1","29.4","16.4","23.5","0.0","0.0","0.0","0.0","0.0","0.0","11.6","12.4","0.0","28.24","28.06","0.0","50.1","61.5","0.0","5.5","1.4","0.0","0.0","0.0","0.0","9.4","11.3","0.0"
"20230602","措备","合备","23.7","30.3","18.5","26.1","0.0","0.0","0.0","0.3","0.0","0.0","10.0","13.3","0.0","27.75","29.26","0.0","60.9","44.5","0.0","6.4","0.6","0.0","0.0","0.0","0.0","9.6","6.6","0.0"
"20230601","措备","合备","18.6","21.1","13.8","24.7","0.0","0.0","0.0","0.2","0.0","0.0","1.5","10.6","0.0","10.6","26.43","0.0","77.0","39.6","0.0","8.8","4.3","0.0","0.0","0.0","0.0","4.2","7.1","0.0"
"20230531","措备","合备","20.5","25.5","16.1","24.7","0.0","0.0","0.0","0.0","0.0","0.0","12.6","13.4","0.0","29.22","29.65","0.0","60.3","39.4","0.0","2.3","2.0","0.0","0.0","0.0","0.0","9.0","8.9","0.0"
"20230530","措备","合备","19.5","21.9","17.6","24.3","0.0","0.0","0.0","0.0","0.0","0.0","0.9","1.4","0.0","13.01","15.53","0.0","81.5","53.8","0.0","7.3","9.3","0.0","0.0","0.0","0.0","9.0","7.3","0.0"
"20230529","措备","合备","20.1","21.8","18.6","24.9","0.0","0.0","0.0","100.8","0.0","0.0","0.0","13.5","0.0","2.63","29.18","0.0","97.3","40.5","0.0","9.4","3.1","0.0","0.0","0.0","0.0","7.9","8.0","0.0"
"20230528","措备","合备","21.7","23.3","19.6","24.9","0.0","0.0","0.0","10.6","0.0","0.0","0.0","13.3","0.0","3.78","25.62","0.0","86.6","39.0","0.0","9.9","4.0","0.0","0.0","0.0","0.0","7.1","7.6","0.0"
"20230527","措备","合备","23.2","26.9","19.5","23.8","0.0","0.0","0.0","0.2","0.0","0.0","0.8","13.3","0.0","12.63","28.06","0.0","64.8","37.3","0.0","9.0","0.1","0.0","0.0","0.0","0.0","7.5","13.9","0.0"
"20230526","措备","合备","22.0","28.2","17.6","22.9","0.0","0.0","0.0","0.0","0.0","0.0","6.5","12.6","0.0","21.19","30.1","0.0","49.8","41.6","0.0","7.8","3.1","0.0","0.0","0.0","0.0","7.5","9.3","0.0"
"20230525","措备","合备","21.3","28.1","15.2","25.5","0.0","0.0","0.0","0.0","0.0","0.0","9.0","10.3","0.0","26.35","25.46","0.0","46.6","54.9","0.0","6.1","3.9","0.0","0.0","0.0","0.0","8.3","9.5","0.0"
"20230524","措备","合备","19.6","26.0","12.2","26.4","0.0","0.0","0.0","0.0","0.0","0.0","8.9","12.2","0.0","21.71","27.43","0.0","52.4","45.5","0.0","5.6","1.5","0.0","0.0","0.0","0.0","7.3","9.0","0.0"
"20230523","措备","合备","18.4","27.3","10.7","24.3","0.0","0.0","0.0","0.0","0.0","0.0","11.6","10.3","0.0","28.53","24.95","0.0","56.0","53.9","0.0","2.1","4.0","0.0","0.0","0.0","0.0","13.0","6.8","0.0"
"20230522","措备","合备","17.0","20.3","12.7","24.8","0.0","0.0","0.0","0.5","0.0","0.0","0.8","12.7","0.0","6.32","27.59","0.0","67.0","45.6","0.0","7.1","0.9","0.0","0.0","0.0","0.0","6.1","10.0","0.0"
"20230521","措备","合备","22.7","30.2","17.0","23.7","0.0","0.0","0.0","0.0","0.0","0.0","10.9","12.8","0.0","25.99","28.2","0.0","55.0","51.5","0.0","3.5","0.6","0.0","0.0","0.0","0.0","8.5","9.6","0.0"
"20230520","措备","合备","20.9","28.8","12.3","22.8","0.0","0.0","0.0","0.0","0.0","0.0","12.7","8.5","0.0","28.01","23.69","0.0","63.5","43.3","0.0","2.0","5.1","0.0","0.0","0.0","0.0","6.9","6.5","0.0"
"20230519","措备","合备","18.3","22.3","15.3","23.0","0.0","0.0","0.0","0.0","0.0","0.0","2.2","7.3","0.0","9.52","20.82","0.0","78.6","36.9","0.0","5.5","6.5","0.0","0.0","0.0","0.0","8.3","7.6","0.0"
"20230518","措备","合备","18.6","21.4","16.2","23.3","0.0","0.0","0.0","5.9","0.0","0.0","0.0","12.4","0.0","5.29","27.05","0.0","81.6","42.8","0.0","9.5","0.3","0.0","0.0","0.0","0.0","7.1","8.0","0.0"
"20230517","措备","合备","24.4","32.7","16.3","20.4","0.0","0.0","0.0","0.0","0.0","0.0","12.2","10.1","0.0","27.91","25.52","0.0","49.5","42.3","0.0","3.0","1.8","0.0","0.0","0.0","0.0","8.3","6.5","0.0"
"20230516","措备","合备","24.6","33.6","15.8","18.5","0.0","0.0","0.0","0.0","0.0","0.0","11.8","12.5","0.0","26.68","29.31","0.0","52.0","38.5","0.0","1.1","2.1","0.0","0.0","0.0","0.0","6.4","7.9","0.0"
"20230515","措备","合备","21.8","29.6","13.5","17.1","0.0","0.0","0.0","0.0","0.0","0.0","12.6","12.2","0.0","27.49","28.66","0.0","53.3","42.1","0.0","0.3","4.0","0.0","0.0","0.0","0.0","8.0","7.8","0.0"
"20230514","措备","合备","20.4","27.8","13.0","17.9","0.0","0.0","0.0","0.0","0.0","0.0","11.1","11.4","0.0","27.39","27.4","0.0","55.6","50.0","0.0","3.0","4.5","0.0","0.0","0.0","0.0","7.6","9.8","0.0"
"20230513","措备","合备","19.4","24.5","16.1","15.7","0.0","0.0","0.0","0.0","2.6","0.0","6.7","0.0","0.0","20.72","5.97","0.0","62.1","86.4","0.0","6.1","8.8","0.0","0.0","0.0","0.0","6.1","8.6","0.0"
"20230512","措备","合备","18.8","26.4","10.5","20.2","0.0","0.0","0.0","0.0","0.0","0.0","8.0","3.6","0.0","22.6","16.36","0.0","48.4","63.1","0.0","7.8","8.1","0.0","0.0","0.0","0.0","6.4","8.3","0.0"
"20230511","措备","合备","18.1","23.8","13.4","20.7","0.0","0.0","0.0","0.0","0.0","0.0","11.2","5.2","0.0","26.38","21.16","0.0","57.8","57.4","0.0","3.1","6.9","0.0","0.0","0.0","0.0","9.6","4.7","0.0"
"20230510","措备","合备","19.2","27.5","11.4","16.5","0.0","0.0","0.0","0.0","0.0","0.0","11.9","8.7","0.0","26.58","26.19","0.0","44.3","56.3","0.0","4.5","6.9","0.0","0.0","0.0","0.0","8.0","8.0","0.0"
"20230509","措备","合备","18.5","27.2","6.9","16.2","0.0","0.0","0.0","0.0","0.4","0.0","12.9","10.2","0.0","28.16","25.84","0.0","44.8","55.5","0.0","1.0","7.0","0.0","0.0","0.0","0.0","7.4","9.8","0.0"
"20230508","措备","合备","13.7","21.1","5.7","16.4","0.0","0.0","0.0","0.0","0.0","0.0","11.7","8.0","0.0","27.6","23.82","0.0","55.9","59.9","0.0","3.9","7.6","0.0","0.0","0.0","0.0","6.6","8.9","0.0"
"20230507","措备","合备","11.4","13.6","9.3","18.9","0.0","0.0","0.0","3.1","0.0","0.0","0.0","8.6","0.0","4.67","21.23","0.0","81.8","66.5","0.0","8.6","6.3","0.0","0.0","0.0","0.0","6.3","11.0","0.0"
"20230506","措备","合备","13.7","19.5","11.5","21.2","0.0","0.0","0.0","33.9","0.0","0.0","0.0","11.8","0.0","2.9","27.3","0.0","93.4","58.3","0.0","10.0","1.9","0.0","0.0","0.0","0.0","12.8","6.3","0.0"
"20230505","措备","合备","19.0","20.8","16.8","20.0","0.0","0.0","0.0","44.5","0.0","0.0","0.0","13.0","0.0","4.96","28.14","0.0","93.8","51.5","0.0","10.0","0.0","0.0","0.0","0.0","0.0","5.5","6.5","0.0"
"20230504","措备","合备","18.8","22.9","15.1","19.0","0.0","0.0","0.0","0.5","0.0","0.0","1.1","12.6","0.0","13.9","27.38","0.0","68.0","49.0","0.0","9.1","0.0","0.0","0.0","0.0","0.0","7.7","5.5","0.0"
"20230503","措备","合备","18.5","25.5","12.0","15.2","0.0","0.0","0.0","0.0","0.0","0.0","5.9","10.9","0.0","21.37","27.07","0.0","50.5","59.6","0.0","8.3","1.1","0.0","0.0","0.0","0.0","8.4","6.9","0.0"
"20230502","措备","合备","17.1","25.9","6.9","13.1","0.0","0.0","0.0","0.0","1.2","0.0","10.5","8.9","0.0","24.79","22.78","0.0","46.6","55.8","0.0","5.5","3.1","0.0","0.0","0.0","0.0","6.2","9.4","0.0"
"20230501","措备","合备","16.5","22.5","11.5","15.2","0.0","0.0","0.0","0.0","0.0","0.0","12.7","11.6","0.0","27.97","27.39","0.0","39.1","39.4","0.0","0.0","2.1","0.0","0.0","0.0","0.0","10.6","8.8","0.0"
"20230430","措备","合备","16.7","23.7","9.6","14.5","0.0","0.0","0.0","0.0","0.0","0.0","12.4","4.6","0.0","27.62","18.76","0.0","38.0","60.4","0.0","1.3","7.6","0.0","0.0","0.0","0.0","11.0","7.1","0.0"
"20230429","措备","合备","16.9","21.7","11.4","11.3","0.0","0.0","0.0","8.7","12.8","0.0","0.0","0.7","0.0","4.38","9.18","0.0","78.8","80.6","0.0","8.6","8.8","0.0","0.0","0.0","0.0","9.8","9.1","0.0"
"20230428","措备","合备","17.7","26.3","8.1","15.7","0.0","0.0","0.0","0.0","0.0","0.0","12.5","8.9","0.0","27.94","23.1","0.0","54.3","67.0","0.0","2.5","4.9","0.0","0.0","0.0","0.0","9.4","10.4","0.0"
"20230427","措备","合备","14.8","24.4","4.4","17.2","0.0","0.0","0.0","0.0","0.0","0.0","12.4","11.0","0.0","27.13","24.7","0.0","56.9","59.6","0.0","0.3","4.0","0.0","0.0","0.0","0.0","5.6","9.5","0.0"
"20230426","措备","合备","12.8","19.5","6.5","18.3","0.0","0.0","0.0","0.0","20.3","0.0","11.8","0.0","0.0","26.52","4.69","0.0","57.6","94.4","0.0","0.8","8.6","0.0","0.0","0.0","0.0","12.8","6.6","0.0"
"20230425","措备","合备","9.4","11.4","7.5","21.7","0.0","0.0","0.0","6.0","2.5","0.0","0.0","6.0","0.0","5.45","19.27","0.0","84.0","58.4","0.0","9.4","5.5","0.0","0.0","0.0","0.0","6.1","6.2","0.0"
"20230424","措备","合备","13.0","16.3","8.9","22.0","0.0","0.0","0.0","0.0","0.0","0.0","2.0","11.6","0.0","13.17","25.73","0.0","53.5","52.4","0.0","7.1","1.6","0.0","0.0","0.0","0.0","9.1","5.6","0.0"
"20230423","措备","合备","13.5","18.5","8.7","19.1","0.0","0.0","0.0","0.0","0.0","0.0","3.7","6.2","0.0","15.83","20.8","0.0","52.8","58.9","0.0","7.8","7.5","0.0","0.0","0.0","0.0","9.2","8.6","0.0"
"20230422","措备","合备","13.7","18.2","9.2","19.0","0.0","0.0","0.0","0.0","0.0","0.0","10.9","10.5","0.0","24.72","24.42","0.0","46.0","64.0","0.0","2.9","3.4","0.0","0.0","0.0","0.0","11.5","7.9","0.0"
"20230421","措备","合备","16.5","21.7","12.5","14.3","0.0","0.0","0.0","0.0","0.2","0.0","9.9","1.5","0.0","23.98","8.25","0.0","48.9","60.3","0.0","4.8","5.9","0.0","0.0","0.0","0.0","14.0","5.5","0.0"
"20230420","措备","合备","23.1","29.6","17.5","18.2","0.0","0.0","0.0","0.0","0.0","0.0","6.9","12.3","0.0","20.04","26.13","0.0","60.8","35.5","0.0","4.4","0.5","0.0","0.0","0.0","0.0","7.5","8.0","0.0"
"20230419","措备","合备","19.3","24.4","14.1","18.4","0.0","0.0","0.0","0.0","0.0","0.0","5.8","12.1","0.0","19.06","25.3","0.0","70.5","31.4","0.0","6.9","1.5","0.0","0.0","0.0","0.0","7.8","8.3","0.0"
"20230418","措备","合备","16.6","20.7","13.3","18.1","0.0","0.0","0.0","1.6","0.0","0.0","0.1","9.2","0.0","4.44","21.29","0.0","72.1","33.3","0.0","9.0","6.0","0.0","0.0","0.0","0.0","4.3","8.0","0.0"
"20230417","措备","合备","14.3","22.6","5.2","15.6","0.0","0.0","0.0","0.0","0.0","0.0","10.9","12.2","0.0","23.71","26.97","0.0","47.4","36.9","0.0","1.3","2.4","0.0","0.0","0.0","0.0","6.6","7.1","0.0"
"20230416","措备","合备","12.3","18.9","6.8","13.5","0.0","0.0","0.0","0.0","0.0","0.0","5.1","12.3","0.0","15.42","26.3","0.0","62.3","45.3","0.0","5.8","2.4","0.0","0.0","0.0","0.0","8.8","7.1","0.0"
"20230415","措备","合备","13.2","17.0","8.3","12.1","0.0","0.0","0.0","0.2","0.0","0.0","0.2","8.3","0.0","4.92","23.01","0.0","79.3","59.8","0.0","7.5","7.3","0.0","0.0","0.0","0.0","10.1","10.7","0.0"
"20230414","措备","合备","15.8","20.7","9.9","10.9","0.0","0.0","0.0","0.1","0.0","0.0","2.1","0.0","0.0","9.67","6.71","0.0","50.9","72.4","0.0","8.0","9.3","0.0","0.0","0.0","0.0","4.9","9.9","0.0"
"20230413","措备","合备","15.8","25.6","5.2","12.2","0.0","0.0","0.0","0.0","0.0","0.0","10.2","0.0","0.0","22.31","7.64","0.0","25.9","80.1","0.0","3.3","9.8","0.0","0.0","0.0","0.0","8.1","12.6","0.0"
"20230412","措备","合备","14.9","20.2","10.6","22.5","0.0","0.0","0.0","0.0","0.0","0.0","11.6","10.1","0.0","25.5","23.42","0.0","18.1","64.5","0.0","1.1","3.0","0.0","0.0","0.0","0.0","11.9","5.5","0.0"
"20230411","措备","合备","17.1","23.4","8.9","20.3","0.0","0.0","0.0","0.0","0.0","0.0","5.4","10.4","0.0","14.08","22.7","0.0","58.1","66.3","0.0","5.6","3.0","0.0","0.0","0.0","0.0","13.4","7.1","0.0"
"20230410","措备","合备","14.5","23.7","5.2","19.5","0.0","0.0","0.0","0.0","0.0","0.0","11.5","9.8","0.0","23.87","22.22","0.0","41.4","50.6","0.0","0.3","4.4","0.0","0.0","0.0","0.0","7.9","5.7","0.0"
"20230409","措备","合备","13.7","21.7","5.1","18.6","0.0","0.0","0.0","0.0","0.0","0.0","12.1","11.5","0.0","26.06","23.03","0.0","28.9","48.5","0.0","0.5","0.1","0.0","0.0","0.0","0.0","7.7","7.5","0.0"
"20230408","措备","合备","10.7","16.8","4.6","15.7","0.0","0.0","0.0","0.0","0.0","0.0","12.0","11.9","0.0","25.36","25.2","0.0","28.8","41.4","0.0","0.4","0.0","0.0","0.0","0.0","0.0","14.9","5.4","0.0"
"20230407","措备","合备","12.4","19.4","8.3","14.4","0.0","0.0","0.0","3.2","2.4","0.0","10.4","8.3","0.0","23.5","20.69","0.0","47.4","49.3","0.0","2.5","2.6","0.0","0.0","0.0","0.0","12.5","9.6","0.0"
"20230406","措备","合备","14.0","18.6","10.1","16.0","0.0","0.0","0.0","2.6","0.0","0.0","5.0","11.0","0.0","17.6","23.7","0.0","68.1","35.6","0.0","8.3","0.5","0.0","0.0","0.0","0.0","8.3","6.4","0.0"
"20230405","措备","合备","15.6","17.2","13.0","14.4","0.0","0.0","0.0","6.4","0.0","0.0","0.0","10.4","0.0","2.51","21.09","0.0","86.6","35.3","0.0","9.5","6.5","0.0","0.0","0.0","0.0","9.2","6.5","0.0"
"20230404","措备","合备","15.1","22.8","9.3","13.2","0.0","0.0","0.0","2.0","0.0","0.0","5.4","11.6","0.0","17.0","24.22","0.0","65.4","49.6","0.0","8.6","0.0","0.0","0.0","0.0","0.0","7.8","5.9","0.0"
"20230403","措备","合备","13.3","19.6","6.4","11.3","0.0","0.0","0.0","0.0","0.0","0.0","11.4","11.9","0.0","23.06","24.37","0.0","57.0","50.9","0.0","0.8","0.3","0.0","0.0","0.0","0.0","11.8","6.5","0.0"
"20230402","措备","合备","13.6","19.6","7.6","10.2","0.0","0.0","0.0","0.0","0.0","0.0","11.8","11.1","0.0","23.38","24.06","0.0","58.4","50.0","0.0","0.0","0.9","0.0","0.0","0.0","0.0","12.3","8.1","0.0"
"20230401","措备","合备","15.0","23.0","7.0","8.8","0.0","0.0","0.0","0.0","0.3","0.0","11.3","7.9","0.0","22.11","17.58","0.0","54.5","64.4","0.0","0.9","2.4","0.0","0.0","0.0","0.0","10.8","7.0","0.0"
"20230331","措备","合备","16.4","25.6","8.0","10.5","0.0","0.0","0.0","0.0","0.1","0.0","11.6","2.1","0.0","22.81","15.54","0.0","36.9","74.0","0.0","0.9","8.8","0.0","0.0","0.0","0.0","9.0","9.6","0.0"
"20230330","措备","合备","15.6","24.1","6.2","14.8","0.0","0.0","0.0","0.0","0.0","0.0","9.9","7.6","0.0","19.98","18.64","0.0","38.0","57.0","0.0","5.3","6.1","0.0","0.0","0.0","0.0","5.0","9.2","0.0"
"20230329","措备","合备","13.3","21.8","4.6","10.8","0.0","0.0","0.0","0.0","0.0","0.0","11.2","11.4","0.0","21.65","23.52","0.0","45.0","51.6","0.0","1.8","0.5","0.0","0.0","0.0","0.0","7.2","4.9","0.0"
"20230328","措备","合备","11.4","19.4","2.3","9.0","0.0","0.0","0.0","0.0","0.0","0.0","10.5","10.0","0.0","21.78","19.76","0.0","44.1","45.5","0.0","0.6","5.1","0.0","0.0","0.0","0.0","7.5","6.9","0.0"
"20230327","措备","合备","9.7","16.7","4.1","13.1","0.0","0.0","0.0","0.0","0.0","0.0","11.0","9.8","0.0","24.0","21.7","0.0","30.1","39.3","0.0","1.5","6.5","0.0","0.0","0.0","0.0","8.6","11.5","0.0"
"20230326","措备","合备","11.7","18.4","7.6","14.7","0.0","0.0","0.0","0.0","11.7","0.0","6.0","3.4","0.0","16.92","12.81","0.0","0.0","80.9","0.0","5.1","8.0","0.0","0.0","0.0","0.0","8.0","11.8","0.0"
"20230325","措备","合备","10.4","12.4","9.0","13.5","0.0","0.0","0.0","0.0","1.6","0.0","0.0","4.9","0.0","8.41","14.53","0.0","65.0","67.6","0.0","9.0","9.1","0.0","0.0","0.0","0.0","8.8","8.0","0.0"
"20230324","措备","合备","12.6","15.3","9.9","9.1","0.0","0.0","0.0","0.0","0.0","0.0","2.3","9.4","0.0","11.26","20.37","0.0","71.8","60.6","0.0","9.0","2.0","0.0","0.0","0.0","0.0","12.7","4.7","0.0"
"20230323","措备","合备","15.2","16.4","14.5","6.8","0.0","0.0","0.0","19.3","0.0","0.0","0.0","0.5","0.0","3.8","10.02","0.0","95.4","66.6","0.0","9.6","5.6","0.0","0.0","0.0","0.0","5.8","7.0","0.0"
"20230322","措备","合备","15.9","22.3","8.8","8.7","0.0","0.0","0.0","1.3","0.0","0.0","2.6","9.9","0.0","13.22","20.87","0.0","70.0","48.8","0.0","7.4","5.6","0.0","0.0","0.0","0.0","5.6","9.4","0.0"
"20230321","措备","合备","15.3","22.8","9.2","8.3","0.0","0.0","0.0","0.0","0.0","0.0","9.0","8.4","0.0","20.08","19.07","0.0","43.1","53.1","0.0","3.3","7.6","0.0","0.0","0.0","0.0","8.3","6.1","0.0"
"20230320","措备","合备","12.3","20.6","2.7","6.6","0.0","0.0","0.0","0.0","0.0","0.0","10.5","3.6","0.0","20.59","14.12","0.0","39.5","69.8","0.0","3.6","8.1","0.0","0.0","0.0","0.0","7.7","4.9","0.0"
"20230319","措备","合备","11.4","19.3","6.0","4.9","0.0","0.0","0.0","0.0","4.2","0.0","11.2","2.2","0.0","22.04","7.89","0.0","31.1","83.8","0.0","0.1","8.8","0.0","0.0","0.0","0.0","6.0","8.1","0.0"
"20230318","措备","合备","11.8","17.9","7.5","6.1","0.0","0.0","0.0","0.0","8.5","0.0","5.9","0.0","0.0","16.25","5.54","0.0","38.0","83.4","0.0","5.5","9.1","0.0","0.0","0.0","0.0","7.7","10.6","0.0"
"20230317","措备","合备","9.5","13.2","6.3","8.8","0.0","0.0","0.0","0.0","6.1","0.0","3.4","0.0","0.0","12.65","3.69","0.0","45.3","84.1","0.0","9.5","10.0","0.0","0.0","0.0","0.0","8.6","10.1","0.0"
"20230316","措备","合备","10.5","15.4","5.9","14.4","0.0","0.0","0.0","0.0","0.0","0.0","7.8","10.2","0.0","18.04","20.29","0.0","25.1","45.3","0.0","7.3","1.8","0.0","0.0","0.0","0.0","10.5","5.5","0.0"
"20230315","措备","合备","13.8","22.5","3.9","11.7","0.0","0.0","0.0","0.0","0.0","0.0","7.7","9.8","0.0","16.25","18.77","0.0","53.6","53.6","0.0","3.3","1.5","0.0","0.0","0.0","0.0","10.1","6.5","0.0"
"20230314","措备","合备","9.7","18.6","2.7","10.8","0.0","0.0","0.0","0.0","0.0","0.0","9.6","0.0","0.0","19.84","4.38","0.0","40.1","84.9","0.0","3.4","8.4","0.0","0.0","0.0","0.0","9.9","9.7","0.0"
"20230313","措备","合备","5.2","11.4","0.2","15.1","0.0","0.0","0.0","0.0","2.1","0.0","11.1","0.0","0.0","21.31","2.35","0.0","29.3","87.1","0.0","2.6","9.8","0.0","0.0","0.0","0.0","14.5","7.5","0.0"
"20230312","措备","合备","9.9","19.0","2.4","14.7","0.0","0.0","0.0","6.7","0.0","0.0","3.3","4.5","0.0","6.78","13.93","0.0","63.5","67.6","0.0","6.4","4.3","0.0","0.0","0.0","0.0","14.7","5.8","0.0"
"20230311","措备","合备","16.7","24.6","7.9","12.5","0.0","0.0","0.0","0.0","0.0","0.0","7.9","5.9","0.0","15.62","13.29","0.0","44.6","57.6","0.0","4.1","4.1","0.0","0.0","0.0","0.0","4.9","5.6","0.0"
"20230310","措备","合备","14.9","23.8","6.7","10.5","0.0","0.0","0.0","0.0","0.0","0.0","10.1","7.1","0.0","18.44","16.0","0.0","47.4","59.6","0.0","0.0","6.1","0.0","0.0","0.0","0.0","5.8","5.4","0.0"
"20230309","措备","合备","16.0","23.6","8.3","9.1","0.0","0.0","0.0","0.0","0.0","0.0","8.4","10.7","0.0","15.09","19.28","0.0","47.5","49.9","0.0","2.3","0.0","0.0","0.0","0.0","0.0","8.9","7.8","0.0"
"20230308","措备","合备","14.0","22.8","6.7","8.1","0.0","0.0","0.0","0.0","0.0","0.0","9.5","10.5","0.0","15.64","18.78","0.0","40.4","36.4","0.0","1.5","0.9","0.0","0.0","0.0","0.0","6.2","5.6","0.0"
"20230307","措备","合备","13.2","23.3","3.1","5.2","0.0","0.0","0.0","0.0","0.0","0.0","9.3","8.6","0.0","16.51","16.73","0.0","38.8","37.0","0.0","0.1","4.4","0.0","0.0","0.0","0.0","9.0","5.6","0.0"
"20230306","措备","合备","10.5","19.3","1.8","4.0","0.0","0.0","0.0","0.0","0.0","0.0","10.4","11.0","0.0","18.69","20.9","0.0","43.8","30.3","0.0","0.0","1.8","0.0","0.0","0.0","0.0","6.9","11.5","0.0"
"20230305","措备","合备","8.9","17.2","1.1","6.9","0.0","0.0","0.0","0.0","0.0","0.0","10.2","10.6","0.0","18.24","20.03","0.0","56.1","30.9","0.0","0.6","0.0","0.0","0.0","0.0","0.0","5.1","13.3","0.0"
"20230304","措备","合备","8.0","15.6","1.1","8.8","0.0","0.0","0.0","0.0","0.0","0.0","8.0","6.7","0.0","14.2","15.16","0.0","51.1","50.4","0.0","4.8","4.8","0.0","0.0","0.0","0.0","8.1","8.2","0.0"
"20230303","措备","合备","7.5","15.0","1.2","7.7","0.0","0.0","0.0","0.0","0.0","0.0","10.6","10.8","0.0","19.06","19.1","0.0","26.9","39.4","0.0","0.8","0.0","0.0","0.0","0.0","0.0","8.2","7.2","0.0"
"20230302","措备","合备","4.6","9.4","1.6","6.2","0.0","0.0","0.0","0.0","0.0","0.0","10.8","10.9","0.0","19.58","19.7","0.0","22.6","41.5","0.0","0.0","1.0","0.0","0.0","0.0","0.0","12.6","8.0","0.0"
"20230301","措备","合备","8.4","14.6","5.3","9.9","0.0","0.0","0.0","0.0","0.0","0.0","1.3","5.9","0.0","7.85","12.9","0.0","52.5","51.9","0.0","5.9","5.3","0.0","0.0","0.0","0.0","13.7","9.7","0.0"
"20230228","措备","合备","8.8","18.1","-0.1","7.0","0.0","0.0","0.0","0.0","0.0","0.0","10.7","8.0","0.0","19.08","14.16","0.0","40.9","34.3","0.0","1.3","4.6","0.0","0.0","0.0","0.0","7.8","4.8","0.0"
"20230227","措备","合备","6.2","16.9","-3.5","6.3","0.0","0.0","0.0","0.0","0.0","0.0","10.7","10.8","0.0","18.86","19.31","0.0","34.8","32.4","0.0","0.0","0.0","0.0","0.0","0.0","0.0","4.9","10.9","0.0"
"20230226","措备","合备","3.7","12.3","-4.2","6.8","0.0","0.0","0.0","0.0","0.1","0.0","10.8","9.2","0.0","18.94","16.2","0.0","33.6","52.5","0.0","0.0","3.1","0.0","0.0","0.0","0.0","5.9","11.6","0.0"
"20230225","措备","合备","3.8","9.2","-0.2","5.0","0.0","0.0","0.0","0.0","0.0","0.0","10.6","10.4","0.0","18.1","17.56","0.0","33.5","41.9","0.0","0.0","0.0","0.0","0.0","0.0","0.0","8.4","9.3","0.0"
"20230224","措备","合备","7.4","12.5","4.3","0.5","0.0","0.0","0.0","0.0","0.0","0.0","9.0","10.8","0.0","15.66","19.23","0.0","34.0","30.6","0.0","4.4","0.0","0.0","0.0","0.0","0.0","10.0","8.3","0.0"
"20230223","措备","合备","7.8","12.8","3.5","-2.3","0.0","0.0","0.0","0.0","0.0","0.0","9.9","8.1","0.0","16.96","16.11","0.0","39.3","32.0","0.0","4.4","4.3","0.0","0.0","0.0","0.0","8.3","9.1","0.0"
"20230222","措备","合备","3.8","11.1","-4.6","-0.4","0.0","0.0","0.0","0.0","0.0","0.0","9.3","10.4","0.0","16.91","18.12","0.0","52.9","38.5","0.0","4.1","1.9","0.0","0.0","0.0","0.0","6.5","10.1","0.0"
"20230221","措备","合备","1.3","6.8","-3.3","1.2","0.0","0.0","0.0","0.0","0.0","0.0","10.5","10.0","0.0","17.89","17.57","0.0","38.4","43.4","0.0","0.0","1.3","0.0","0.0","0.0","0.0","7.3","11.5","0.0"
"20230220","措备","合备","2.6","7.4","-1.3","-2.2","0.0","0.0","0.0","0.0","0.0","0.0","8.7","9.7","0.0","14.56","18.07","0.0","34.1","36.1","0.0","0.9","0.9","0.0","0.0","0.0","0.0","15.5","11.1","0.0"
"20230219","措备","合备","7.2","11.3","2.2","2.4","0.0","0.0","0.0","0.0","0.0","0.0","6.5","4.3","0.0","13.56","10.22","0.0","50.3","49.0","0.0","4.8","7.3","0.0","0.0","0.0","0.0","13.4","8.7","0.0"
"20230218","措备","合备","6.9","8.5","4.6","-0.8","0.0","0.0","0.0","0.0","0.0","0.0","0.0","9.8","0.0","2.1","16.73","0.0","66.6","42.9","0.0","10.0","4.6","0.0","0.0","0.0","0.0","3.6","5.0","0.0"
"20230217","措备","合备","4.4","7.8","-0.6","-4.3","0.0","0.0","0.0","0.0","0.0","0.0","1.6","10.3","0.0","5.91","17.41","0.0","62.3","37.1","0.0","7.9","0.1","0.0","0.0","0.0","0.0","3.8","11.0","0.0"
"20230216","措备","合备","4.7","11.2","1.2","-3.6","0.0","0.0","0.0","0.0","0.0","0.0","3.5","9.5","0.0","10.49","15.54","0.0","66.3","44.5","0.0","6.0","2.4","0.0","0.0","0.0","0.0","8.1","11.4","0.0"
"20230215","措备","合备","2.8","5.7","1.4","0.4","0.0","0.0","0.0","0.0","0.0","0.0","1.5","9.7","0.0","8.22","16.37","0.0","71.0","46.5","0.0","8.3","1.4","0.0","0.0","0.0","0.0","9.0","10.5","0.0"
"20230214","措备","合备","4.6","9.9","2.1","7.3","0.0","0.0","0.0","0.0","0.0","0.0","6.7","5.6","0.0","14.08","12.14","0.0","64.0","59.9","0.0","5.6","5.5","0.0","0.0","0.0","0.0","10.0","6.9","0.0"
"20230213","措备","合备","6.1","7.9","4.4","5.4","0.0","0.0","0.0","0.5","0.0","0.0","0.0","4.4","0.0","2.59","10.92","0.0","73.5","73.3","0.0","9.8","7.3","0.0","0.0","0.0","0.0","7.1","7.8","0.0"
"20230212","措备","合备","4.8","9.2","-0.8","4.8","0.0","0.0","0.0","0.0","0.0","0.0","1.1","9.5","0.0","7.72","15.08","0.0","75.1","53.0","0.0","6.9","2.0","0.0","0.0","0.0","0.0","9.0","8.6","0.0"
"20230211","措备","合备","3.6","10.6","-1.8","3.5","0.0","0.0","0.0","0.0","0.0","0.0","3.9","9.9","0.0","10.58","15.27","0.0","79.5","43.0","0.0","5.3","1.5","0.0","0.0","0.0","0.0","4.5","5.3","0.0"
"20230210","措备","合备","4.6","7.8","0.9","5.3","0.0","0.0","0.0","10.3","0.0","0.0","0.0","8.9","0.0","6.35","14.35","0.0","80.8","41.1","0.0","7.0","2.8","0.0","0.0","0.0","0.0","7.8","7.1","0.0"
"20230209","措备","合备","3.9","9.5","-2.8","2.6","0.0","0.0","0.0","0.4","0.0","0.0","5.1","8.6","0.0","10.31","13.57","0.0","57.0","50.8","0.0","6.5","5.1","0.0","0.0","0.0","0.0","10.4","3.5","0.0"
"20230208","措备","合备","4.9","11.7","-1.7","1.5","0.0","0.0","0.0","0.0","0.0","0.0","9.6","7.7","0.0","14.32","12.68","0.0","51.3","43.8","0.0","1.9","4.4","0.0","0.0","0.0","0.0","9.2","6.6","0.0"
"20230207","措备","合备","5.3","13.5","-2.0","0.2","0.0","0.0","0.0","0.0","0.0","0.0","6.3","5.8","0.0","12.43","11.15","0.0","57.3","37.5","0.0","3.3","6.3","0.0","0.0","0.0","0.0","7.5","7.4","0.0"
"20230206","措备","合备","4.2","13.5","-4.7","-1.1","0.0","0.0","0.0","0.0","0.0","0.0","8.2","9.1","0.0","13.25","13.4","0.0","40.6","43.6","0.0","4.1","2.1","0.0","0.0","0.0","0.0","3.7","13.0","0.0"
"20230205","措备","合备","1.6","10.2","-5.2","-3.0","0.0","0.0","0.0","0.0","0.0","0.0","9.9","9.9","0.0","14.88","15.57","0.0","46.0","45.4","0.0","0.0","1.6","0.0","0.0","0.0","0.0","6.4","11.7","0.0"
"20230204","措备","合备","1.6","7.2","-1.9","-0.6","0.0","0.0","0.0","0.0","0.0","0.0","9.7","9.7","0.0","14.05","13.96","0.0","41.4","43.9","0.0","0.1","1.9","0.0","0.0","0.0","0.0","9.6","11.4","0.0"
"20230203","措备","合备","2.4","8.7","-2.4","0.4","0.0","0.0","0.0","0.0","0.0","0.0","6.2","9.3","0.0","11.37","14.89","0.0","32.4","41.6","0.0","4.4","3.8","0.0","0.0","0.0","0.0","6.9","8.0","0.0"
"20230202","措备","合备","1.3","6.6","-2.0","0.7","0.0","0.0","0.0","0.0","0.0","0.0","6.6","4.7","0.0","12.31","9.43","0.0","39.0","45.1","0.0","5.4","4.6","0.0","0.0","0.0","0.0","7.3","9.2","0.0"
"20230201","措备","合备","3.8","13.6","-1.4","1.9","0.0","0.0","0.0","0.0","0.0","0.0","6.8","6.3","0.0","11.11","11.89","0.0","43.8","50.3","0.0","6.6","4.4","0.0","0.0","0.0","0.0","13.3","12.1","0.0"
"20230131","措备","合备","1.7","11.3","-6.4","1.3","0.0","0.0","0.0","0.0","0.0","0.0","9.6","10.0","0.0","13.57","14.74","0.0","39.0","33.5","0.0","0.8","0.3","0.0","0.0","0.0","0.0","6.5","6.9","0.0"
"20230130","措备","合备","1.3","5.8","-3.2","1.1","0.0","0.0","0.0","0.0","0.0","0.0","9.8","9.5","0.0","14.23","13.87","0.0","31.9","34.5","0.0","0.0","4.1","0.0","0.0","0.0","0.0","11.0","7.6","0.0"
"20230129","措备","合备","0.8","6.4","-6.0","1.0","0.0","0.0","0.0","0.0","0.0","0.0","9.3","8.4","0.0","13.62","13.44","0.0","50.9","34.3","0.0","3.1","6.3","0.0","0.0","0.0","0.0","8.7","7.9","0.0"
"20230128","措备","合备","-3.6","1.1","-8.3","2.3","0.0","0.0","0.0","0.0","0.0","0.0","8.4","7.7","0.0","11.92","13.06","0.0","40.0","32.5","0.0","0.8","5.5","0.0","0.0","0.0","0.0","14.2","7.3","0.0"
"20230127","措备","合备","-3.0","0.3","-6.5","3.2","0.0","0.0","0.0","0.0","0.0","0.0","8.9","9.3","0.0","13.33","13.4","0.0","40.4","45.6","0.0","1.3","2.3","0.0","0.0","0.0","0.0","16.3","5.9","0.0"
"20230126","措备","合备","-4.1","2.2","-11.7","3.8","0.0","0.0","0.0","0.0","0.0","0.0","3.2","8.3","0.0","8.21","11.78","0.0","57.8","55.4","0.0","7.6","3.4","0.0","0.0","0.0","0.0","6.3","7.2","0.0"
"20230125","措备","合备","-8.9","-2.8","-14.2","4.5","0.0","0.0","0.0","0.0","0.0","0.0","9.6","0.3","0.0","14.57","5.53","0.0","45.8","66.6","0.0","0.0","9.1","0.0","0.0","0.0","0.0","9.1","3.8","0.0"
"20230124","措备","合备","-8.3","1.6","-12.0","4.9","0.0","0.0","0.0","0.0","0.0","0.0","9.2","0.1","0.0","13.25","4.86","0.0","50.6","61.0","0.0","3.0","7.3","0.0","0.0","0.0","0.0","15.9","9.2","0.0"
"20230123","措备","合备","2.9","9.5","-4.1","6.4","0.0","0.0","0.0","0.0","0.0","0.0","7.9","3.3","0.0","12.11","8.77","0.0","63.1","62.3","0.0","5.5","7.8","0.0","0.0","0.0","0.0","8.0","6.3","0.0"
"20230122","措备","合备","-0.5","4.6","-5.3","2.3","0.0","0.0","0.0","0.0","0.0","0.0","0.2","5.5","0.0","6.21","10.25","0.0","59.0","63.1","0.0","6.6","6.0","0.0","0.0","0.0","0.0","2.8","3.4","0.0"
"20230121","措备","合备","-2.1","3.9","-7.5","-1.0","0.0","0.0","0.0","0.0","0.0","0.0","9.3","9.1","0.0","13.71","13.18","0.0","50.8","51.3","0.0","0.8","1.5","0.0","0.0","0.0","0.0","6.0","3.7","0.0"
"20230120","措备","合备","0.4","4.6","-3.5","-1.1","0.0","0.0","0.0","0.0","0.0","0.0","8.5","9.3","0.0","12.55","12.8","0.0","56.3","46.3","0.0","2.3","0.0","0.0","0.0","0.0","0.0","12.9","9.9","0.0"
"20230119","措备","合备","0.5","6.5","-5.1","-0.7","0.0","0.0","0.0","0.0","0.0","0.0","9.0","8.1","0.0","12.81","11.47","0.0","72.8","47.6","0.0","1.4","3.8","0.0","0.0","0.0","0.0","6.0","7.6","0.0"
"20230118","措备","合备","0.6","4.9","-3.6","-2.5","0.0","0.0","0.0","0.0","0.0","0.0","6.2","9.4","0.0","9.72","13.28","0.0","72.3","32.3","0.0","3.5","0.0","0.0","0.0","0.0","0.0","6.2","7.4","0.0"
"20230117","措备","合备","-0.3","3.4","-4.5","-0.4","0.0","0.0","0.0","0.0","0.0","0.0","7.8","7.9","0.0","11.53","11.38","0.0","56.9","49.1","0.0","4.8","4.0","0.0","0.0","0.0","0.0","7.2","12.4","0.0"
"20230116","措备","合备","-0.7","3.2","-3.3","1.9","0.0","0.0","0.0","0.0","0.0","0.0","8.3","7.7","0.0","12.76","11.31","0.0","67.1","47.6","0.0","2.1","3.5","0.0","0.0","0.0","0.0","7.6","10.8","0.0"
"20230115","措备","合备","3.9","6.4","-0.3","1.0","0.0","0.0","0.0","1.4","0.0","0.0","0.0","7.3","0.0","2.21","11.63","0.0","92.4","43.3","0.0","9.5","4.5","0.0","0.0","0.0","0.0","7.7","6.1","0.0"
"20230114","措备","合备","9.0","12.4","6.1","-2.6","0.0","0.0","0.0","0.0","0.0","0.0","0.0","9.1","0.0","1.81","12.89","0.0","97.6","35.3","0.0","9.9","1.5","0.0","0.0","0.0","0.0","7.8","7.4","0.0"
"20230113","措备","合备","11.0","15.5","5.1","-2.8","0.0","0.0","0.0","10.1","0.0","0.0","0.3","8.1","0.0","4.05","12.08","0.0","97.9","42.3","0.0","9.3","0.9","0.0","0.0","0.0","0.0","5.7","14.2","0.0"
"20230112","措备","合备","6.0","14.9","-2.8","-3.2","0.0","0.0","0.0","0.0","0.0","0.0","8.8","9.2","0.0","11.52","12.61","0.0","56.9","42.1","0.0","3.5","2.0","0.0","0.0","0.0","0.0","4.1","8.7","0.0"
"20230111","措备","合备","4.2","12.8","-2.6","-0.9","0.0","0.0","0.0","0.0","0.0","0.0","9.0","8.0","0.0","11.48","12.42","0.0","67.5","44.9","0.0","0.6","2.8","0.0","0.0","0.0","0.0","5.4","11.7","0.0"
"20230110","措备","合备","2.8","10.8","-4.1","3.0","0.0","0.0","0.0","0.0","0.0","0.0","8.9","6.8","0.0","11.58","9.89","0.0","71.5","61.8","0.0","1.6","4.9","0.0","0.0","0.0","0.0","2.8","5.9","0.0"
"20230109","措备","合备","3.2","11.7","-2.8","2.0","0.0","0.0","0.0","0.0","0.0","0.0","4.3","6.4","0.0","7.38","9.51","0.0","70.1","65.9","0.0","2.9","5.3","0.0","0.0","0.0","0.0","6.5","3.7","0.0"
"20230108","措备","合备","2.4","9.9","-3.9","1.4","0.0","0.0","0.0","0.0","0.0","0.0","8.7","9.1","0.0","11.5","11.9","0.0","66.1","43.4","0.0","0.9","0.8","0.0","0.0","0.0","0.0","4.8","6.6","0.0"
"20230107","措备","合备","3.2","7.9","-0.9","0.1","0.0","0.0","0.0","0.0","0.0","0.0","6.2","9.2","0.0","8.99","11.84","0.0","70.5","42.8","0.0","3.3","0.0","0.0","0.0","0.0","0.0","10.1","4.4","0.0"
"20230106","措备","合备","1.8","9.2","-3.4","2.9","0.0","0.0","0.0","0.0","0.0","0.0","7.5","9.0","0.0","10.88","11.87","0.0","68.9","38.5","0.0","4.0","1.5","0.0","0.0","0.0","0.0","5.2","8.6","0.0"
"20230105","措备","合备","0.6","7.3","-5.2","0.6","0.0","0.0","0.0","0.0","0.0","0.0","6.6","1.2","0.0","8.84","6.06","0.0","70.8","43.9","0.0","2.9","8.6","0.0","0.0","0.0","0.0","5.7","2.8","0.0"
"20230104","措备","合备","1.1","6.5","-3.5","1.9","0.0","0.0","0.0","0.0","0.0","0.0","8.4","8.5","0.0","11.26","11.68","0.0","55.8","39.4","0.0","0.1","1.9","0.0","0.0","0.0","0.0","8.3","8.0","0.0"
"20230103","措备","合备","-0.3","4.6","-3.5","-0.2","0.0","0.0","0.0","0.0","0.0","0.0","9.0","8.7","0.0","12.18","11.16","0.0","49.4","50.1","0.0","0.0","1.0","0.0","0.0","0.0","0.0","8.4","7.6","0.0"
"20230102","措备","合备","0.4","4.2","-1.9","0.6","0.0","0.0","0.0","0.0","0.0","0.0","7.2","8.3","0.0","11.02","10.2","0.0","40.1","47.3","0.0","3.8","2.1","0.0","0.0","0.0","0.0","8.8","7.9","0.0"
"20230101","措备","合备","1.7","7.1","-3.9","-2.3","0.0","0.0","0.0","0.0","0.0","0.0","8.3","8.6","0.0","10.1","11.49","0.0","61.4","36.0","0.0","2.1","1.9","0.0","0.0","0.0","0.0","10.5","6.2","0.0"
"20221231","措备","合备","1.2","4.9","-1.8","-2.5","0.0","0.0","0.0","0.0","0.0","0.0","8.0","9.1","0.0","9.96","12.13","0.0","66.5","33.5","0.0","2.3","0.0","0.0","0.0","0.0","0.0","8.9","10.7","0.0"
"20221230","措备","合备","0.2","4.4","-3.9","1.1","0.0","0.0","0.0","0.0","0.0","0.0","3.8","7.6","0.0","7.05","10.4","0.0","72.0","45.4","0.0","6.8","3.4","0.0","0.0","0.0","0.0","6.9","9.8","0.0"
"20221229","措备","合备","-0.3","4.3","-3.3","3.5","0.0","0.0","0.0","0.0","0.0","0.0","8.8","3.9","0.0","10.78","8.2","0.0","63.9","61.9","0.0","2.1","6.3","0.0","0.0","0.0","0.0","8.5","9.7","0.0"
"20221228","措备","合备","1.0","5.1","-2.0","2.1","0.0","0.0","0.0","0.0","0.0","0.0","6.6","4.9","0.0","9.6","8.83","0.0","68.4","67.6","0.0","3.9","5.3","0.0","0.0","0.0","0.0","9.3","5.3","0.0"
"20221227","措备","合备","0.0","6.6","-7.2","-2.1","0.0","0.0","0.0","0.0","0.0","0.0","9.0","8.7","0.0","11.43","11.59","0.0","62.3","46.6","0.0","1.0","2.0","0.0","0.0","0.0","0.0","5.9","9.9","0.0"
"20221226","措备","合备","-1.1","4.8","-7.4","-7.1","0.0","0.0","0.0","0.0","0.0","0.0","7.6","9.0","0.0","9.1","12.02","0.0","65.8","39.0","0.0","2.5","0.0","0.0","0.0","0.0","0.0","6.0","10.5","0.0"
"20221225","措备","合备","-1.6","4.3","-8.1","-4.7","0.0","0.0","0.0","0.0","0.0","0.0","9.0","9.0","0.0","11.61","12.0","0.0","65.6","38.6","0.0","0.0","0.0","0.0","0.0","0.0","0.0","10.6","12.6","0.0"
"20221224","措备","合备","-4.8","1.2","-9.3","4.2","0.0","0.0","0.0","0.0","0.0","0.0","8.9","3.6","0.0","11.4","8.21","0.0","63.3","59.6","0.0","0.0","6.1","0.0","0.0","0.0","0.0","6.4","7.4","0.0"
"20221223","措备","合备","-5.7","-2.3","-7.7","3.3","0.0","0.0","0.0","0.0","0.0","0.0","7.7","8.6","0.0","10.0","10.09","0.0","60.1","52.6","0.0","3.0","1.9","0.0","0.0","0.0","0.0","14.7","5.3","0.0"
"20221222","措备","合备","-2.5","2.0","-6.9","4.3","0.0","0.0","0.0","0.0","0.0","0.0","4.7","8.9","0.0","8.52","11.19","0.0","70.4","54.9","0.0","4.4","0.0","0.0","0.0","0.0","0.0","11.8","3.3","0.0"
"20221221","措备","合备","0.3","2.8","-2.5","6.3","0.0","0.0","0.0","2.5","0.0","0.0","0.7","8.6","0.0","3.86","9.93","0.0","92.8","67.5","0.0","8.1","0.0","0.0","0.8","0.0","0.0","5.2","4.7","0.0"
"20221220","措备","合备","-0.8","5.6","-7.1","4.8","0.0","0.0","0.0","0.0","0.0","0.0","8.9","8.3","0.0","11.37","10.3","0.0","68.3","58.5","0.0","3.5","2.8","0.0","0.0","0.0","0.0","6.9","7.7","0.0"
"20221219","措备","合备","-3.7","2.8","-9.1","1.2","0.0","0.0","0.0","0.0","0.0","0.0","8.7","8.6","0.0","11.2","11.41","0.0","65.6","52.8","0.0","0.1","2.0","0.0","0.0","0.0","0.0","6.3","10.8","0.0"
"20221218","措备","合备","-5.6","-2.2","-8.8","-3.4","0.0","0.0","0.0","0.0","0.0","0.0","9.0","9.0","0.0","11.46","11.88","0.0","59.6","38.6","0.0","0.0","0.9","0.0","0.0","0.0","0.0","10.2","9.2","0.0"
"20221217","措备","合备","-2.5","0.6","-5.4","0.5","0.0","0.0","0.0","0.0","0.0","0.0","2.5","7.9","0.0","6.65","10.62","0.0","55.5","42.9","0.0","4.9","3.9","0.0","0.0","0.0","0.0","8.0","15.2","0.0"
"20221216","措备","合备","0.2","4.0","-1.8","6.3","0.0","0.0","0.0","0.0","0.1","0.0","3.4","0.4","0.0","8.14","3.65","0.0","45.3","80.0","0.0","8.5","9.0","0.0","0.0","0.0","0.0","9.9","3.7","0.0"
"20221215","措备","合备","-0.1","6.5","-7.7","6.1","0.0","0.0","0.0","0.0","0.0","0.0","8.4","7.9","0.0","10.88","10.02","0.0","67.5","68.6","0.0","3.8","1.1","0.0","0.0","0.0","0.0","6.6","6.4","0.0"
"20221214","措备","合备","-3.9","2.1","-6.1","3.7","0.0","0.0","0.0","0.0","0.0","0.0","8.9","9.0","0.0","11.78","10.66","0.0","66.3","53.0","0.0","0.9","2.4","0.0","0.0","0.0","0.0","12.5","6.7","0.0"
"20221213","措备","合备","5.2","8.9","1.0","0.5","0.0","0.0","0.0","0.0","0.0","0.0","6.6","9.1","0.0","9.54","12.09","0.0","69.5","31.0","0.0","6.3","0.0","0.0","0.0","0.0","0.0","13.4","7.6","0.0"
"20221212","措备","合备","4.1","8.7","0.2","6.6","0.0","0.0","0.0","1.1","0.0","0.0","3.3","5.9","0.0","6.05","7.9","0.0","77.1","52.9","0.0","7.3","3.1","0.0","0.0","0.0","0.0","5.9","11.3","0.0"
"20221211","措备","合备","4.8","10.3","0.2","8.9","0.0","0.0","0.0","0.0","0.0","0.0","7.8","6.8","0.0","10.57","8.54","0.0","58.1","71.4","0.0","0.9","5.9","0.0","0.0","0.0","0.0","6.9","4.9","0.0"
"20221210","措备","合备","4.7","9.5","-1.7","8.0","0.0","0.0","0.0","0.0","0.0","0.0","3.9","2.2","0.0","7.35","6.59","0.0","71.1","80.1","0.0","5.6","5.6","0.0","0.0","0.0","0.0","5.5","5.0","0.0"
"20221209","措备","合备","4.4","12.8","-2.5","6.5","0.0","0.0","0.0","0.0","0.0","0.0","8.6","4.7","0.0","9.97","7.83","0.0","76.5","79.0","0.0","0.3","5.1","0.0","0.0","0.0","0.0","3.4","3.9","0.0"
"20221208","措备","合备","4.5","11.8","-1.6","6.6","0.0","0.0","0.0","0.0","0.0","0.0","8.4","8.9","0.0","11.34","11.02","0.0","68.3","72.8","0.0","3.0","0.0","0.0","0.0","0.0","0.0","4.6","4.6","0.0"
"20221207","措备","合备","4.4","9.9","-0.7","7.5","0.0","0.0","0.0","0.0","0.0","0.0","6.2","8.7","0.0","8.28","10.43","0.0","65.3","67.4","0.0","2.8","1.0","0.0","0.0","0.0","0.0","8.0","6.2","0.0"
"20221206","措备","合备","1.9","7.8","-3.7","5.1","0.0","0.0","0.0","0.0","0.0","0.0","5.4","4.1","0.0","8.56","7.5","0.0","57.8","78.4","0.0","3.4","6.3","0.0","0.0","0.0","0.0","6.9","3.1","0.0"
"20221205","措备","合备","1.2","4.8","-1.0","3.7","0.0","0.0","0.0","0.0","0.0","0.0","5.8","8.9","0.0","8.84","11.16","0.0","33.5","72.8","0.0","4.6","0.3","0.0","0.0","0.0","0.0","7.2","2.9","0.0"
"20221204","措备","合备","3.1","6.7","0.8","4.2","0.0","0.0","0.0","0.0","0.0","0.0","6.4","5.8","0.0","10.37","9.26","0.0","38.1","52.0","0.0","7.0","2.4","0.0","0.0","0.0","0.0","8.3","8.6","0.0"
"20221203","措备","合备","4.4","10.7","-3.2","4.8","0.0","0.0","0.0","0.0","0.0","0.0","7.0","5.6","0.0","10.08","8.54","0.0","64.5","54.4","0.0","5.8","2.8","0.0","0.0","0.0","0.0","4.8","9.6","0.0"
"20221202","措备","合备","0.3","5.1","-2.8","2.6","0.0","0.0","0.0","0.0","0.0","0.0","9.2","9.2","0.0","12.32","11.97","0.0","52.8","53.6","0.0","3.1","1.0","0.0","0.0","0.0","0.0","6.7","7.2","0.0"
"20221201","措备","合备","-1.0","2.6","-3.8","2.4","0.0","0.0","0.0","0.0","0.0","0.0","6.3","9.2","0.0","10.84","12.94","0.0","39.1","39.6","0.0","6.0","0.5","0.0","0.0","0.0","0.0","7.8","15.2","0.0"
"20221130","措备","合备","-0.4","6.5","-3.2","5.7","0.0","0.0","0.0","0.0","15.5","0.0","4.7","0.0","0.0","9.54","1.58","0.0","41.0","78.1","0.0","7.3","8.0","0.0","0.0","0.0","0.0","11.3","12.9","0.0"
"20221129","措备","合备","12.3","15.2","6.5","7.2","0.0","0.0","0.0","17.7","0.0","0.0","0.0","8.6","0.0","3.47","11.55","0.0","71.6","53.1","0.0","9.6","2.8","0.0","0.0","0.0","0.0","10.0","3.8","0.0"
"20221128","措备","合备","10.5","15.9","4.5","5.2","0.0","0.0","0.0","11.0","0.0","0.0","1.5","7.7","0.0","5.62","11.26","0.0","73.9","60.1","0.0","7.8","3.3","0.0","0.0","0.0","0.0","5.5","3.6","0.0"
"20221127","措备","合备","7.7","14.9","0.4","5.9","0.0","0.0","0.0","0.0","0.0","0.0","8.1","9.1","0.0","11.5","12.09","0.0","46.1","49.9","0.0","3.4","0.0","0.0","0.0","0.0","0.0","2.6","4.4","0.0"
"20221126","措备","合备","10.9","17.3","6.0","7.2","0.0","0.0","0.0","0.0","0.0","0.0","8.3","9.1","0.0","11.27","12.49","0.0","53.8","43.3","0.0","0.8","0.0","0.0","0.0","0.0","0.0","9.7","8.8","0.0"
"20221125","措备","合备","9.2","17.0","1.1","9.0","0.0","0.0","0.0","0.0","0.0","0.0","8.1","8.5","0.0","10.14","10.78","0.0","69.9","53.9","0.0","2.9","1.4","0.0","0.0","0.0","0.0","3.1","9.3","0.0"
"20221124","措备","合备","8.7","15.8","4.8","7.7","0.0","0.0","0.0","0.0","0.0","0.0","3.9","8.5","0.0","8.28","11.49","0.0","65.1","48.0","0.0","3.3","2.4","0.0","0.0","0.0","0.0","4.1","10.3","0.0"
"20221123","措备","合备","13.0","18.2","8.0","4.4","0.0","0.0","0.0","0.7","0.0","0.0","5.6","7.8","0.0","9.66","10.86","0.0","75.0","51.4","0.0","4.5","3.8","0.0","0.0","0.0","0.0","7.9","9.3","0.0"
"20221122","措备","合备","12.5","15.9","9.8","7.4","0.0","0.0","0.0","0.4","0.4","0.0","0.0","2.2","0.0","3.95","7.13","0.0","77.1","57.4","0.0","9.9","6.8","0.0","0.0","0.0","0.0","3.2","13.2","0.0"
"20221121","措备","合备","12.5","19.8","6.6","11.4","0.0","0.0","0.0","0.0","0.0","0.0","7.7","2.1","0.0","10.18","6.98","0.0","75.8","77.4","0.0","4.8","8.1","0.0","0.0","0.0","0.0","3.1","4.0","0.0"
"20221120","措备","合备","12.8","18.6","8.5","10.7","0.0","0.0","0.0","0.0","0.0","0.0","5.1","8.1","0.0","9.54","10.62","0.0","78.8","76.6","0.0","4.5","0.8","0.0","0.0","0.0","0.0","3.1","3.7","0.0"
"20221119","措备","合备","11.2","18.9","3.6","11.0","0.0","0.0","0.0","0.0","0.0","0.0","8.3","8.8","0.0","10.75","11.59","0.0","74.4","72.5","0.0","3.4","1.8","0.0","0.0","0.0","0.0","6.4","6.7","0.0"
"20221118","措备","合备","9.6","19.0","1.6","10.5","0.0","0.0","0.0","0.0","0.0","0.0","9.1","8.7","0.0","12.65","11.72","0.0","64.4","62.6","0.0","0.0","1.3","0.0","0.0","0.0","0.0","3.2","4.7","0.0"
"20221117","措备","合备","9.4","17.1","4.6","9.6","0.0","0.0","0.0","0.0","0.0","0.0","8.5","8.8","0.0","11.98","12.58","0.0","64.6","53.6","0.0","3.0","3.3","0.0","0.0","0.0","0.0","3.5","5.1","0.0"
"20221116","措备","合备","10.3","15.8","5.9","9.3","0.0","0.0","0.0","0.4","0.0","0.0","8.5","8.8","0.0","12.1","12.24","0.0","69.3","61.0","0.0","3.6","1.6","0.0","0.0","0.0","0.0","7.1","5.9","0.0"
"20221115","措备","合备","10.0","15.3","6.4","9.7","0.0","0.0","0.0","0.0","0.0","0.0","8.9","7.6","0.0","13.0","12.15","0.0","62.0","65.9","0.0","0.5","2.1","0.0","0.0","0.0","0.0","7.9","5.2","0.0"
"20221114","措备","合备","11.6","14.9","9.2","9.6","0.0","0.0","0.0","0.0","0.0","0.0","0.7","8.4","0.0","5.89","11.81","0.0","68.5","72.3","0.0","6.1","0.4","0.0","0.0","0.0","0.0","5.6","5.3","0.0"
"20221113","措备","合备","15.9","20.7","12.0","7.8","0.0","0.0","0.0","16.3","0.0","0.0","6.5","9.1","0.0","10.84","13.43","0.0","76.6","70.0","0.0","8.0","0.4","0.0","0.0","0.0","0.0","7.8","5.3","0.0"
"20221112","措备","合备","17.0","24.3","8.8","7.4","0.0","0.0","0.0","0.1","0.0","0.0","7.0","5.5","0.0","11.72","9.47","0.0","78.6","55.8","0.0","5.6","4.3","0.0","0.0","0.0","0.0","4.6","9.7","0.0"
"20221111","措备","合备","14.0","21.3","6.9","8.7","0.0","0.0","0.0","0.0","0.0","0.0","8.2","5.6","0.0","11.51","10.13","0.0","74.3","55.1","0.0","0.8","3.4","0.0","0.0","0.0","0.0","5.1","9.2","0.0"
"20221110","措备","合备","13.3","21.9","5.3","8.1","0.0","0.0","0.0","0.0","0.4","0.0","8.5","1.5","0.0","12.11","5.89","0.0","62.3","68.3","0.0","1.6","7.3","0.0","0.0","0.0","0.0","4.5","7.8","0.0"
"20221109","措备","合备","11.7","19.7","3.8","9.0","0.0","0.0","0.0","0.0","0.0","0.0","8.4","3.4","0.0","12.8","7.28","0.0","65.3","61.5","0.0","2.4","7.6","0.0","0.0","0.0","0.0","4.3","7.9","0.0"
"20221108","措备","合备","10.9","19.7","3.6","10.9","0.0","0.0","0.0","0.0","26.8","0.0","9.4","0.6","0.0","13.44","2.25","0.0","65.4","76.9","0.0","0.0","6.4","0.0","0.0","0.0","0.0","5.7","9.5","0.0"
"20221107","措备","合备","9.7","18.6","1.9","14.2","0.0","0.0","0.0","0.0","0.0","0.0","9.3","6.9","0.0","13.14","12.61","0.0","62.4","71.3","0.0","0.5","5.0","0.0","0.0","0.0","0.0","4.1","8.9","0.0"
"20221106","措备","合备","8.9","16.9","1.3","13.0","0.0","0.0","0.0","0.0","0.0","0.0","9.7","9.0","0.0","14.33","13.35","0.0","60.6","72.1","0.0","0.1","0.4","0.0","0.0","0.0","0.0","5.8","7.9","0.0"
"20221105","措备","合备","9.1","15.7","4.6","12.5","0.0","0.0","0.0","0.0","0.0","0.0","9.9","7.7","0.0","15.46","11.94","0.0","37.3","73.5","0.0","0.4","2.8","0.0","0.0","0.0","0.0","6.6","6.0","0.0"
"20221104","措备","合备","9.3","13.7","6.1","12.3","0.0","0.0","0.0","0.0","0.0","0.0","9.6","9.4","0.0","14.97","13.9","0.0","43.4","64.6","0.0","3.0","0.1","0.0","0.0","0.0","0.0","7.5","5.9","0.0"
"20221103","措备","合备","12.5","19.4","5.1","12.2","0.0","0.0","0.0","0.0","0.0","0.0","6.5","9.3","0.0","11.72","14.18","0.0","56.4","67.6","0.0","4.4","1.3","0.0","0.0","0.0","0.0","6.7","6.2","0.0"
"20221102","措备","合备","13.1","21.4","6.4","13.0","0.0","0.0","0.0","0.0","0.0","0.0","9.6","8.9","0.0","14.49","13.9","0.0","62.9","64.5","0.0","0.0","2.8","0.0","0.0","0.0","0.0","4.8","5.8","0.0"
"20221101","措备","合备","14.2","22.0","6.7","14.3","0.0","0.0","0.0","0.0","0.0","0.0","9.7","8.9","0.0","14.35","13.15","0.0","68.4","64.3","0.0","0.0","3.5","0.0","0.0","0.0","0.0","5.8","5.7","0.0"
"20221031","措备","合备","13.1","19.5","6.9","12.8","0.0","0.0","0.0","0.0","0.0","0.0","9.9","9.8","0.0","15.18","14.67","0.0","72.5","70.1","0.0","3.4","0.3","0.0","0.0","0.0","0.0","6.9","4.1","0.0"
"20221030","措备","合备","13.3","18.7","9.6","11.8","0.0","0.0","0.0","0.0","0.0","0.0","4.9","0.4","0.0","11.02","7.43","0.0","80.4","79.3","0.0","5.9","6.6","0.0","0.0","0.0","0.0","7.6","3.1","0.0"
"20221029","措备","合备","13.6","19.9","8.5","12.8","0.0","0.0","0.0","0.0","0.0","0.0","8.1","7.7","0.0","13.47","13.26","0.0","79.8","70.5","0.0","2.9","3.9","0.0","0.0","0.0","0.0","6.7","7.2","0.0"
"20221028","措备","合备","13.1","22.1","6.5","13.9","0.0","0.0","0.0","0.0","0.0","0.0","9.6","9.6","0.0","14.7","15.43","0.0","77.9","57.6","0.0","1.9","1.0","0.0","0.0","0.0","0.0","10.5","7.9","0.0"
"20221027","措备","合备","14.5","21.8","9.7","14.1","0.0","0.0","0.0","0.0","0.0","0.0","9.5","9.3","0.0","14.74","13.82","0.0","65.1","61.6","0.0","2.4","2.6","0.0","0.0","0.0","0.0","5.6","6.6","0.0"
"20221026","措备","合备","12.2","20.1","4.3","12.0","0.0","0.0","0.0","0.0","0.0","0.0","8.9","9.2","0.0","15.51","14.61","0.0","73.1","67.0","0.0","3.9","4.1","0.0","0.0","0.0","0.0","2.8","4.2","0.0"
"20221025","措备","合备","11.2","18.1","5.1","12.4","0.0","0.0","0.0","0.0","0.0","0.0","7.3","10.1","0.0","13.87","15.65","0.0","69.6","67.9","0.0","1.6","1.8","0.0","0.0","0.0","0.0","7.1","4.5","0.0"
"20221024","措备","合备","12.3","16.5","7.9","11.8","0.0","0.0","0.0","0.0","0.0","0.0","7.9","9.4","0.0","13.16","15.61","0.0","58.3","70.8","0.0","2.4","5.9","0.0","0.0","0.0","0.0","8.4","5.0","0.0"
"20221023","措备","合备","15.3","21.4","10.7","11.7","0.0","0.0","0.0","0.0","0.0","0.0","8.7","10.0","0.0","14.33","15.44","0.0","72.4","68.1","0.0","3.4","0.3","0.0","0.0","0.0","0.0","6.8","4.2","0.0"
"20221022","措备","合备","16.6","23.3","11.9","11.8","0.0","0.0","0.0","0.3","0.0","0.0","9.4","9.9","0.0","15.87","16.07","0.0","64.9","65.6","0.0","4.4","2.0","0.0","0.0","0.0","0.0","6.2","8.4","0.0"
"20221021","措备","合备","14.5","20.1","7.1","11.4","0.0","0.0","0.0","0.0","0.0","0.0","5.1","6.1","0.0","11.48","12.74","0.0","63.5","79.0","0.0","6.9","5.0","0.0","0.0","0.0","0.0","4.4","4.6","0.0"
"20221020","措备","合备","12.0","21.4","3.2","10.7","0.0","0.0","0.0","0.0","0.0","0.0","10.5","10.3","0.0","17.54","16.58","0.0","62.4","68.8","0.0","1.4","1.8","0.0","0.0","0.0","0.0","4.0","3.6","0.0"
"20221019","措备","合备","10.8","17.9","4.0","11.6","0.0","0.0","0.0","0.0","0.0","0.0","10.6","7.5","0.0","18.18","14.12","0.0","56.9","65.8","0.0","0.0","4.1","0.0","0.0","0.0","0.0","6.9","10.1","0.0"
"20221018","措备","合备","11.7","16.9","7.7","9.2","0.0","0.0","0.0","0.0","0.0","0.0","10.7","10.8","0.0","18.2","17.94","0.0","52.3","59.6","0.0","0.0","1.6","0.0","0.0","0.0","0.0","7.3","4.9","0.0"
"20221017","措备","合备","16.0","20.6","10.4","7.9","0.0","0.0","0.0","0.0","0.0","0.0","8.7","10.8","0.0","16.95","18.79","0.0","55.3","45.4","0.0","1.8","0.4","0.0","0.0","0.0","0.0","9.8","6.8","0.0"
"20221016","措备","合备","19.2","25.7","11.9","14.3","0.0","0.0","0.0","0.0","12.8","0.0","10.0","0.1","0.0","17.35","4.65","0.0","74.5","64.4","0.0","3.6","9.1","0.0","0.0","0.0","0.0","5.0","9.3","0.0"
"20221015","措备","合备","17.8","24.2","12.3","19.2","0.0","0.0","0.0","0.0","10.5","0.0","9.9","3.7","0.0","17.98","9.38","0.0","80.8","81.3","0.0","3.3","7.1","0.0","0.0","0.0","0.0","6.4","4.4","0.0"
"20221014","措备","合备","16.1","22.7","9.8","19.6","0.0","0.0","0.0","0.0","0.0","0.0","6.2","8.1","0.0","15.2","15.81","0.0","81.4","81.5","0.0","4.6","2.4","0.0","0.0","0.0","0.0","6.1","5.2","0.0"
"20221013","措备","合备","16.1","22.4","10.7","18.2","0.0","0.0","0.0","0.0","0.6","0.0","9.6","0.2","0.0","16.56","8.49","0.0","77.8","80.9","0.0","2.4","8.6","0.0","0.0","0.0","0.0","7.2","6.5","0.0"
"20221012","措备","合备","14.0","21.4","6.6","15.9","0.0","0.0","0.0","0.0","10.6","0.0","9.5","0.0","0.0","17.2","3.59","0.0","79.1","91.0","0.0","2.4","10.0","0.0","0.0","0.0","0.0","7.9","5.4","0.0"
"20221011","措备","合备","13.6","19.0","9.8","17.8","0.0","0.0","0.0","0.0","23.1","0.0","9.6","0.0","0.0","17.64","2.65","0.0","67.9","88.4","0.0","2.1","9.9","0.0","0.0","0.0","0.0","9.5","9.4","0.0"
"20221010","措备","合备","13.7","17.3","11.2","25.1","0.0","0.0","0.0","0.0","0.2","0.0","9.3","8.3","0.0","19.33","16.84","0.0","64.3","75.1","0.0","5.3","4.9","0.0","0.0","0.0","0.0","13.6","6.7","0.0"
"20221009","措备","合备","14.4","16.4","12.0","23.4","0.0","0.0","0.0","3.1","0.0","0.0","0.0","6.2","0.0","5.9","14.93","0.0","88.8","81.8","0.0","9.8","6.5","0.0","0.0","0.0","0.0","6.5","5.9","0.0"
"20221008","措备","合备","14.9","20.9","9.4","22.2","0.0","0.0","0.0","0.0","0.0","0.0","10.6","0.8","0.0","19.18","9.28","0.0","75.6","79.8","0.0","2.6","9.3","0.0","0.0","0.0","0.0","9.3","6.3","0.0"
"20221007","措备","合备","16.6","20.0","12.8","23.3","0.0","0.0","0.0","0.0","0.0","0.0","3.1","6.6","0.0","10.21","14.2","0.0","74.6","73.8","0.0","8.0","5.5","0.0","0.0","0.0","0.0","7.8","5.3","0.0"
"20221006","措备","合备","18.2","23.3","15.3","22.1","0.0","0.0","0.0","0.3","0.0","0.0","3.0","5.3","0.0","12.69","13.27","0.0","81.8","80.4","0.0","9.5","6.4","0.0","0.0","0.0","0.0","4.4","7.2","0.0"
"20221005","措备","合备","17.0","20.7","15.1","24.0","0.0","0.0","0.0","0.0","0.0","0.0","4.9","9.0","0.0","13.84","18.36","0.0","81.4","74.5","0.0","7.9","3.8","0.0","0.0","0.0","0.0","7.1","5.5","0.0"
"20221004","措备","合备","21.5","27.2","15.3","24.3","0.0","0.0","0.0","18.0","0.0","0.0","1.0","7.6","0.0","6.19","16.37","0.0","88.6","67.8","0.0","9.6","5.6","0.0","0.0","0.0","0.0","9.9","5.8","0.0"
"20221003","措备","合备","24.9","29.7","20.3","22.4","0.0","0.0","0.0","3.9","0.0","0.0","1.7","10.0","0.0","10.0","18.39","0.0","82.4","71.0","0.0","9.9","1.5","0.0","0.0","0.0","0.0","5.4","3.9","0.0"
"20221002","措备","合备","22.2","29.6","15.0","22.3","0.0","0.0","0.0","0.0","0.0","0.0","5.6","10.3","0.0","15.48","18.69","0.0","69.1","71.3","0.0","6.9","0.6","0.0","0.0","0.0","0.0","5.0","6.1","0.0"
"20221001","措备","合备","21.6","31.0","13.4","21.6","0.0","0.0","0.0","0.0","0.0","0.0","10.0","10.5","0.0","18.43","18.9","0.0","62.8","77.8","0.0","3.9","0.6","0.0","0.0","0.0","0.0","4.8","4.3","0.0"
"20220930","措备","合备","21.6","31.2","14.1","21.9","0.0","0.0","0.0","0.0","7.6","0.0","11.1","7.7","0.0","19.84","17.0","0.0","68.1","82.0","0.0","0.1","4.4","0.0","0.0","0.0","0.0","3.2","6.7","0.0"
"20220929","措备","合备","20.8","29.3","13.7","22.4","0.0","0.0","0.0","0.0","11.3","0.0","11.1","1.1","0.0","19.57","8.28","0.0","72.8","93.9","0.0","0.0","9.8","0.0","0.0","0.0","0.0","4.1","4.0","0.0"
"20220928","措备","合备","19.4","26.2","14.8","21.8","0.0","0.0","0.0","0.0","0.0","0.0","3.3","2.5","0.0","12.21","11.81","0.0","81.3","75.8","0.0","6.9","9.1","0.0","0.0","0.0","0.0","3.9","6.4","0.0"
"20220927","措备","合备","20.3","26.4","16.6","20.4","0.0","0.0","0.0","0.0","0.0","0.0","9.0","2.1","0.0","19.45","10.46","0.0","81.8","73.1","0.0","3.8","8.3","0.0","0.0","0.0","0.0","6.8","7.9","0.0"
"20220926","措备","合备","18.5","21.9","15.5","20.5","0.0","0.0","0.0","0.0","0.0","0.0","0.0","2.6","0.0","6.53","12.34","0.0","88.0","74.1","0.0","9.5","7.6","0.0","0.0","0.0","0.0","3.2","7.4","0.0"
"20220925","措备","合备","18.6","22.9","14.5","20.6","0.0","0.0","0.0","0.0","1.2","0.0","2.4","0.2","0.0","11.15","8.88","0.0","77.8","84.8","0.0","9.0","8.9","0.0","0.0","0.0","0.0","4.3","7.3","0.0"
"20220924","措备","合备","19.2","24.7","15.4","19.7","0.0","0.0","0.0","0.0","0.0","0.0","8.0","6.1","0.0","20.15","15.56","0.0","59.5","82.1","0.0","4.3","4.3","0.0","0.0","0.0","0.0","7.5","8.9","0.0"
"20220923","措备","合备","20.8","27.8","16.2","21.6","0.0","0.0","0.0","0.0","0.0","0.0","8.9","9.7","0.0","18.79","19.48","0.0","70.4","63.6","0.0","3.4","2.5","0.0","0.0","0.0","0.0","9.2","9.4","0.0"
"20220922","措备","合备","18.6","25.1","11.6","24.1","0.0","0.0","0.0","0.0","0.0","0.0","8.4","10.2","0.0","19.16","18.37","0.0","78.6","67.4","0.0","5.0","1.5","0.0","0.0","0.0","0.0","6.2","9.6","0.0"
"20220921","措备","合备","17.2","22.8","12.0","22.9","0.0","0.0","0.0","0.0","9.0","0.0","10.7","1.8","0.0","22.62","6.14","0.0","75.3","90.6","0.0","1.3","5.8","0.0","0.0","0.0","0.0","8.0","6.8","0.0"
"20220920","措备","合备","19.2","22.9","15.6","21.7","0.0","0.0","0.0","0.0","0.0","0.0","7.6","5.2","0.0","17.08","13.23","0.0","69.1","79.1","0.0","4.3","4.8","0.0","0.0","0.0","0.0","8.4","7.6","0.0"
"20220919","措备","合备","25.1","29.8","18.8","21.7","0.0","0.0","0.0","0.0","0.0","0.0","5.4","10.5","0.0","12.64","20.15","0.0","72.9","76.3","0.0","6.8","2.5","0.0","0.0","0.0","0.0","8.3","6.9","0.0"
"20220918","措备","合备","26.6","30.5","23.0","21.5","0.0","0.0","0.0","0.0","0.0","0.0","1.3","7.8","0.0","10.34","15.86","0.0","83.1","79.1","0.0","9.5","4.4","0.0","0.0","0.0","0.0","9.4","6.4","0.0"
"20220917","措备","合备","26.2","33.2","22.7","20.5","0.0","0.0","0.0","0.3","4.1","0.0","4.8","0.0","0.0","17.01","6.35","0.0","84.9","82.5","0.0","7.4","9.3","0.0","0.0","0.0","0.0","5.7","7.3","0.0"
"20220916","措备","合备","24.7","29.0","21.8","22.2","0.0","0.0","0.0","0.0","0.0","0.0","3.0","6.0","0.0","13.75","14.69","0.0","84.9","71.6","0.0","6.5","6.9","0.0","0.0","0.0","0.0","6.3","8.6","0.0"
"20220915","措备","合备","23.5","26.8","21.3","22.7","0.0","0.0","0.0","0.0","0.0","0.0","8.9","10.7","0.0","18.59","22.49","0.0","78.8","61.6","0.0","6.3","4.5","0.0","0.0","0.0","0.0","10.3","11.3","0.0"
"20220914","措备","合备","23.4","27.2","20.5","22.5","0.0","0.0","0.0","0.0","0.0","0.0","8.8","0.0","0.0","18.69","7.2","0.0","77.0","68.9","0.0","7.5","8.6","0.0","0.0","0.0","0.0","10.8","8.0","0.0"
"20220913","措备","合备","23.7","27.7","21.1","23.1","0.0","0.0","0.0","0.0","0.0","0.0","4.7","0.6","0.0","15.99","13.21","0.0","77.9","66.3","0.0","8.8","8.9","0.0","0.0","0.0","0.0","9.9","8.5","0.0"
"20220912","措备","合备","21.7","24.7","18.9","24.3","0.0","0.0","0.0","0.3","0.0","0.0","0.0","8.8","0.0","7.57","19.56","0.0","91.5","65.3","0.0","8.9","5.1","0.0","0.0","0.0","0.0","4.8","7.2","0.0"
"20220911","措备","合备","22.7","27.6","18.1","23.8","0.0","0.0","0.0","0.0","0.0","0.0","6.2","9.5","0.0","17.24","21.84","0.0","80.4","65.4","0.0","6.3","1.5","0.0","0.0","0.0","0.0","7.7","3.4","0.0"
"20220910","措备","合备","21.0","24.2","18.6","22.6","0.0","0.0","0.0","0.0","0.0","0.0","0.5","0.2","0.0","10.02","7.75","0.0","81.4","75.5","0.0","7.3","7.0","0.0","0.0","0.0","0.0","9.1","4.3","0.0"
"20220909","措备","合备","21.5","27.7","17.0","23.7","0.0","0.0","0.0","0.0","0.0","0.0","9.5","6.1","0.0","21.62","18.87","0.0","76.6","67.1","0.0","5.4","7.6","0.0","0.0","0.0","0.0","8.6","2.9","0.0"
"20220908","措备","合备","21.7","28.5","15.1","23.7","0.0","0.0","0.0","0.0","0.0","0.0","10.5","6.7","0.0","22.34","17.91","0.0","73.0","68.8","0.0","4.0","4.5","0.0","0.0","0.0","0.0","7.1","5.5","0.0"
"20220907","措备","合备","22.4","29.1","15.8","22.2","0.0","0.0","0.0","0.0","0.0","0.0","10.7","0.2","0.0","23.2","7.02","0.0","69.1","86.0","0.0","2.4","8.9","0.0","0.0","0.0","0.0","7.1","6.1","0.0"
"20220906","措备","合备","22.6","26.4","19.1","21.8","0.0","0.0","0.0","81.1","4.8","0.0","6.1","1.6","0.0","14.61","12.22","0.0","81.0","78.3","0.0","5.3","9.8","0.0","0.0","0.0","0.0","13.5","9.9","0.0"
"20220905","措备","合备","24.9","27.9","22.0","21.8","0.0","0.0","0.0","31.7","0.4","0.0","0.0","1.0","0.0","4.51","10.65","0.0","96.0","68.5","0.0","9.6","8.8","0.0","0.0","0.0","0.0","11.1","6.5","0.0"
"20220904","措备","合备","25.4","29.9","20.9","22.4","0.0","0.0","0.0","0.4","0.0","0.0","4.4","7.7","0.0","15.94","19.33","0.0","89.5","66.4","0.0","8.9","7.4","0.0","0.0","0.0","0.0","7.1","7.5","0.0"
"20220903","措备","合备","22.2","24.3","20.4","20.5","0.0","0.0","0.0","0.1","3.8","0.0","0.0","0.7","0.0","7.53","10.18","0.0","91.9","86.5","0.0","9.8","9.1","0.0","0.0","0.0","0.0","7.4","6.3","0.0"
"20220902","措备","合备","21.5","24.2","18.8","21.8","0.0","0.0","0.0","0.3","1.2","0.0","0.0","0.9","0.0","5.42","10.13","0.0","91.1","77.1","0.0","9.6","9.4","0.0","0.0","0.0","0.0","7.6","7.2","0.0"
"20220901","措备","合备","21.6","25.2","18.5","21.9","0.0","0.0","0.0","0.0","40.7","0.0","3.1","0.2","0.0","9.7","5.8","0.0","88.4","90.8","0.0","8.1","9.9","0.0","0.0","0.0","0.0","6.0","6.8","0.0"
"20220831","措备","合备","21.3","22.7","20.5","24.4","0.0","0.0","0.0","13.3","15.2","0.0","0.0","3.0","0.0","4.21","14.04","0.0","95.6","74.0","0.0","9.6","8.9","0.0","0.0","0.0","0.0","4.8","7.0","0.0"
"20220830","措备","合备","20.9","24.1","19.4","25.2","0.0","0.0","0.0","26.2","0.2","0.0","0.0","4.7","0.0","4.01","16.11","0.0","92.3","68.4","0.0","9.6","8.4","0.0","0.0","0.0","0.0","6.2","4.2","0.0"
"20220829","措备","合备","21.5","24.9","17.5","23.6","0.0","0.0","0.0","0.0","7.0","0.0","0.5","1.4","0.0","8.28","8.2","0.0","81.4","78.0","0.0","9.4","8.4","0.0","0.0","0.0","0.0","4.0","4.3","0.0"
"20220828","措备","合备","21.4","27.5","16.2","25.6","0.0","0.0","0.0","0.0","0.0","0.0","11.4","9.8","0.0","25.11","22.35","0.0","72.1","61.8","0.0","4.6","4.6","0.0","0.0","0.0","0.0","7.6","5.0","0.0"
"20220827","措备","合备","23.2","28.2","18.3","23.7","0.0","0.0","0.0","0.0","13.7","0.0","6.6","1.9","0.0","17.27","8.75","0.0","68.0","84.3","0.0","5.6","8.0","0.0","0.0","0.0","0.0","7.2","9.0","0.0"
"20220826","措备","合备","25.1","30.2","21.5","27.4","0.0","0.0","0.0","0.0","6.0","0.0","10.2","9.9","0.0","22.17","22.88","0.0","64.6","64.6","0.0","5.3","5.3","0.0","0.0","0.0","0.0","6.4","5.9","0.0"
"20220825","措备","合备","24.5","30.8","18.8","25.3","0.0","0.0","0.0","0.1","7.7","0.0","6.6","0.2","0.0","20.02","7.83","0.0","78.6","85.6","0.0","6.9","8.6","0.0","0.0","0.0","0.0","5.6","4.8","0.0"
"20220824","措备","合备","21.5","22.6","19.8","24.4","0.0","0.0","0.0","4.6","69.0","0.0","0.0","0.4","0.0","6.21","4.29","0.0","94.4","87.0","0.0","9.4","9.1","0.0","0.0","0.0","0.0","7.4","8.9","0.0"
"20220823","措备","合备","25.4","28.8","21.5","23.1","0.0","0.0","0.0","6.8","26.3","0.0","0.0","0.0","0.0","5.49","4.98","0.0","89.9","87.8","0.0","9.6","9.9","0.0","0.0","0.0","0.0","6.7","8.6","0.0"
"20220822","措备","合备","26.8","32.9","18.9","26.1","0.0","0.0","0.0","0.0","0.0","0.0","10.0","4.6","0.0","23.05","15.97","0.0","75.6","70.6","0.0","3.9","7.6","0.0","0.0","0.0","0.0","5.0","6.5","0.0"
"20220821","措备","合备","26.0","31.1","22.5","23.1","0.0","0.0","0.0","0.0","30.9","0.0","12.2","0.0","0.0","25.28","3.6","0.0","75.3","88.3","0.0","3.1","8.6","0.0","0.0","0.0","0.0","6.8","5.6","0.0"
"20220820","措备","合备","26.4","28.6","23.9","25.0","0.0","0.0","0.0","10.3","0.0","0.0","0.0","9.1","0.0","5.84","20.98","0.0","95.1","67.6","0.0","8.0","4.5","0.0","0.0","0.0","0.0","6.8","5.2","0.0"
"20220819","措备","合备","28.2","33.7","22.6","24.3","0.0","0.0","0.0","0.0","1.0","0.0","5.3","1.1","0.0","18.33","11.75","0.0","80.5","67.6","0.0","7.5","7.6","0.0","0.0","0.0","0.0","6.8","6.0","0.0"
"20220818","措备","合备","26.8","32.3","22.3","23.1","0.0","0.0","0.0","0.0","1.3","0.0","9.3","1.0","0.0","23.76","10.22","0.0","77.3","76.3","0.0","6.3","8.4","0.0","0.0","0.0","0.0","4.6","8.2","0.0"
"20220817","措备","合备","25.7","29.7","22.7","23.6","0.0","0.0","0.0","22.8","0.2","0.0","4.6","0.1","0.0","16.21","7.77","0.0","89.4","70.3","0.0","7.4","8.9","0.0","0.0","0.0","0.0","6.0","4.8","0.0"
"20220816","措备","合备","25.7","30.1","22.9","23.5","0.0","0.0","0.0","39.8","0.0","0.0","0.0","3.7","0.0","4.28","15.65","0.0","94.9","68.4","0.0","9.6","8.1","0.0","0.0","0.0","0.0","7.7","7.9","0.0"
"20220815","措备","合备","30.9","35.4","27.1","23.5","0.0","0.0","0.0","0.0","0.8","0.0","4.0","3.2","0.0","14.95","13.63","0.0","69.6","74.0","0.0","8.0","8.1","0.0","0.0","0.0","0.0","7.8","6.8","0.0"
"20220814","措备","合备","29.8","34.8","25.1","23.3","0.0","0.0","0.0","0.0","13.6","0.0","4.1","0.8","0.0","15.15","10.28","0.0","80.1","79.6","0.0","7.1","8.8","0.0","0.0","0.0","0.0","7.1","6.2","0.0"
"20220813","措备","合备","26.4","34.0","24.6","25.7","0.0","0.0","0.0","6.6","0.0","0.0","3.0","2.5","0.0","13.96","16.0","0.0","92.4","69.4","0.0","7.6","7.9","0.0","0.0","0.0","0.0","12.8","8.3","0.0"
"20220812","措备","合备","29.7","35.6","25.3","26.1","0.0","0.0","0.0","3.2","0.0","0.0","9.3","6.1","0.0","22.96","19.85","0.0","77.1","71.3","0.0","5.4","6.8","0.0","0.0","0.0","0.0","5.3","6.7","0.0"
"20220811","措备","合备","26.5","29.5","25.2","25.6","0.0","0.0","0.0","4.1","8.9","0.0","0.0","6.0","0.0","5.91","19.94","0.0","90.9","76.1","0.0","9.5","6.3","0.0","0.0","0.0","0.0","4.9","6.4","0.0"
"20220810","措备","合备","28.2","31.0","26.5","23.5","0.0","0.0","0.0","0.3","13.6","0.0","0.0","1.8","0.0","5.87","10.03","0.0","80.1","80.6","0.0","9.8","8.0","0.0","0.0","0.0","0.0","6.3","6.5","0.0"
"20220809","措备","合备","29.8","32.9","27.1","27.4","0.0","0.0","0.0","0.0","0.3","0.0","0.0","7.0","0.0","9.74","19.4","0.0","69.8","58.5","0.0","9.0","7.0","0.0","0.0","0.0","0.0","6.5","6.2","0.0"
"20220808","措备","合备","30.5","34.6","27.1","25.4","0.0","0.0","0.0","0.0","1.2","0.0","1.5","0.5","0.0","14.92","7.69","0.0","69.8","82.8","0.0","8.6","9.6","0.0","0.0","0.0","0.0","8.2","8.0","0.0"
"20220807","措备","合备","31.5","37.8","27.7","29.1","0.0","0.0","0.0","0.0","13.2","0.0","6.1","8.0","0.0","18.29","20.41","0.0","71.9","68.1","0.0","5.8","6.1","0.0","0.0","0.0","0.0","7.7","8.1","0.0"
"20220806","措备","合备","31.6","36.8","26.6","30.2","0.0","0.0","0.0","0.0","0.0","0.0","9.4","10.1","0.0","20.96","23.28","0.0","72.0","61.8","0.0","3.1","3.1","0.0","0.0","0.0","0.0","6.5","7.0","0.0"
"20220805","措备","合备","30.8","35.2","26.5","30.8","0.0","0.0","0.0","0.0","0.0","0.0","7.6","9.8","0.0","19.34","24.13","0.0","75.0","62.9","0.0","6.0","3.0","0.0","0.0","0.0","0.0","6.8","5.1","0.0"
"20220804","措备","合备","30.7","35.3","27.4","30.1","0.0","0.0","0.0","0.0","0.0","0.0","7.1","8.7","0.0","19.73","21.16","0.0","75.9","65.1","0.0","5.9","2.6","0.0","0.0","0.0","0.0","6.1","4.4","0.0"
"20220803","措备","合备","30.6","37.1","26.3","29.0","0.0","0.0","0.0","0.5","0.0","0.0","8.7","6.2","0.0","22.24","18.36","0.0","78.8","69.3","0.0","6.0","6.0","0.0","0.0","0.0","0.0","8.8","4.9","0.0"
"20220802","措备","合备","27.9","32.6","25.7","27.7","0.0","0.0","0.0","4.7","0.0","0.0","1.5","3.8","0.0","9.08","16.33","0.0","91.8","80.4","0.0","8.5","7.3","0.0","0.0","0.0","0.0","3.8","7.3","0.0"
"20220801","措备","合备","29.4","31.2","26.8","28.1","0.0","0.0","0.0","0.0","26.2","0.0","0.1","5.3","0.0","7.16","17.44","0.0","76.6","78.6","0.0","9.0","7.8","0.0","0.0","0.0","0.0","7.3","6.6","0.0"
"20220731","措备","合备","27.1","29.5","25.3","29.9","0.0","0.0","0.0","2.7","5.4","0.0","0.2","7.5","0.0","8.34","21.71","0.0","92.0","62.9","0.0","9.9","6.6","0.0","0.0","0.0","0.0","6.2","6.2","0.0"
"20220730","措备","合备","27.8","30.3","25.9","30.6","0.0","0.0","0.0","0.0","0.0","0.0","1.8","9.9","0.0","14.02","21.52","0.0","83.9","53.5","0.0","7.8","6.0","0.0","0.0","0.0","0.0","8.2","5.5","0.0"
"20220729","措备","合备","28.7","33.9","24.5","29.5","0.0","0.0","0.0","0.0","0.0","0.0","10.6","8.7","0.0","25.57","22.31","0.0","77.8","58.4","0.0","3.4","5.3","0.0","0.0","0.0","0.0","8.3","4.6","0.0"
"20220728","措备","合备","26.2","29.6","24.2","28.2","0.0","0.0","0.0","0.0","0.0","0.0","2.0","11.3","0.0","13.28","24.74","0.0","85.5","62.8","0.0","7.5","1.8","0.0","0.0","0.0","0.0","6.2","7.7","0.0"
"20220727","措备","合备","25.6","29.9","22.0","28.1","0.0","0.0","0.0","0.0","0.0","0.0","10.5","10.6","0.0","23.79","22.79","0.0","79.5","62.0","0.0","4.8","3.0","0.0","0.0","0.0","0.0","8.7","8.9","0.0"
"20220726","措备","合备","26.9","34.0","23.1","28.5","0.0","0.0","0.0","0.0","0.0","0.0","9.5","12.5","0.0","26.28","27.56","0.0","79.4","58.9","0.0","3.5","2.3","0.0","0.0","0.0","0.0","7.5","7.1","0.0"
"20220725","措备","合备","28.8","35.5","24.9","28.0","0.0","0.0","0.0","0.0","0.0","0.0","9.0","7.3","0.0","25.09","19.24","0.0","72.6","68.4","0.0","5.9","7.1","0.0","0.0","0.0","0.0","6.5","7.9","0.0"
"20220724","措备","合备","27.4","32.0","22.3","28.1","0.0","0.0","0.0","1.1","0.0","0.0","3.3","7.0","0.0","15.89","20.82","0.0","77.6","64.5","0.0","7.3","8.1","0.0","0.0","0.0","0.0","7.0","7.3","0.0"
"20220723","措备","合备","24.9","28.6","22.1","27.8","0.0","0.0","0.0","0.0","0.0","0.0","0.0","8.0","0.0","10.79","21.24","0.0","82.0","65.9","0.0","9.5","7.1","0.0","0.0","0.0","0.0","4.4","6.8","0.0"
"20220722","措备","合备","25.8","29.7","22.6","28.0","0.0","0.0","0.0","0.0","0.0","0.0","2.1","8.9","0.0","13.94","22.85","0.0","71.6","62.4","0.0","6.9","7.6","0.0","0.0","0.0","0.0","7.3","8.7","0.0"
"20220721","措备","合备","26.0","32.3","21.8","27.5","0.0","0.0","0.0","5.0","0.0","0.0","3.1","8.5","0.0","15.48","24.15","0.0","80.9","64.0","0.0","8.4","7.3","0.0","0.0","0.0","0.0","9.2","8.2","0.0"
"20220720","措备","合备","29.4","34.1","25.4","28.8","0.0","0.0","0.0","0.0","0.0","0.0","11.4","9.6","0.0","25.93","22.77","0.0","62.5","61.5","0.0","7.4","8.1","0.0","0.0","0.0","0.0","5.7","7.2","0.0"
"20220719","措备","合备","27.6","34.1","22.6","27.2","0.0","0.0","0.0","0.2","0.5","0.0","6.2","2.8","0.0","20.49","17.0","0.0","74.4","69.0","0.0","7.5","7.9","0.0","0.0","0.0","0.0","5.3","4.7","0.0"
"20220718","措备","合备","22.9","27.2","21.6","26.7","0.0","0.0","0.0","34.0","0.3","0.0","0.0","6.1","0.0","4.8","18.29","0.0","95.6","68.0","0.0","10.0","6.6","0.0","0.0","0.0","0.0","7.8","6.8","0.0"
"20220717","措备","合备","27.3","33.0","21.5","26.7","0.0","0.0","0.0","0.0","0.0","0.0","7.5","6.8","0.0","21.34","21.38","0.0","68.6","65.5","0.0","7.3","7.1","0.0","0.0","0.0","0.0","6.9","7.5","0.0"
"20220716","措备","合备","26.8","34.0","21.4","27.1","0.0","0.0","0.0","0.0","0.0","0.0","8.5","9.9","0.0","21.88","21.84","0.0","71.0","67.9","0.0","4.6","5.8","0.0","0.0","0.0","0.0","6.5","9.4","0.0"
"20220715","措备","合备","28.3","33.2","23.3","27.5","0.0","0.0","0.0","0.0","3.6","0.0","13.4","6.8","0.0","26.72","17.82","0.0","64.5","70.9","0.0","3.5","6.0","0.0","0.0","0.0","0.0","6.6","8.8","0.0"
"20220714","措备","合备","28.2","33.6","23.1","29.9","0.0","0.0","0.0","0.0","0.0","0.0","7.0","8.6","0.0","20.9","22.62","0.0","77.5","60.5","0.0","7.3","5.4","0.0","0.0","0.0","0.0","7.4","4.2","0.0"
"20220713","措备","合备","24.4","27.7","22.5","28.7","0.0","0.0","0.0","15.2","0.0","0.0","0.0","8.2","0.0","8.46","21.41","0.0","85.6","64.8","0.0","10.0","5.6","0.0","0.0","0.0","0.0","6.4","4.4","0.0"
"20220712","措备","合备","25.6","29.4","23.6","27.3","0.0","0.0","0.0","0.0","5.4","0.0","2.2","7.5","0.0","16.7","21.72","0.0","75.3","70.6","0.0","8.6","6.1","0.0","0.0","0.0","0.0","8.0","8.3","0.0"
"20220711","措备","合备","26.4","29.7","23.9","25.7","0.0","0.0","0.0","9.5","3.5","0.0","1.0","8.4","0.0","9.31","22.83","0.0","86.6","74.5","0.0","8.9","5.9","0.0","0.0","0.0","0.0","5.3","10.2","0.0"
"20220710","措备","合备","28.1","33.4","24.1","25.6","0.0","0.0","0.0","0.0","2.6","0.0","10.3","6.7","0.0","24.32","19.53","0.0","76.5","76.8","0.0","6.4","7.3","0.0","0.0","0.0","0.0","8.9","7.6","0.0"
"20220709","措备","合备","28.7","33.8","24.3","24.7","0.0","0.0","0.0","0.0","15.7","0.0","9.3","4.7","0.0","23.33","17.29","0.0","71.3","84.0","0.0","5.0","8.5","0.0","0.0","0.0","0.0","6.0","6.5","0.0"
"20220708","措备","合备","28.5","33.6","26.0","24.9","0.0","0.0","0.0","17.2","14.9","0.0","2.0","1.8","0.0","11.75","14.7","0.0","84.6","80.1","0.0","7.9","9.3","0.0","0.0","0.0","0.0","8.5","7.6","0.0"
"20220707","措备","合备","29.7","35.3","25.1","24.2","0.0","0.0","0.0","0.0","39.7","0.0","5.6","0.0","0.0","19.96","4.89","0.0","74.3","95.0","0.0","7.6","9.6","0.0","0.0","0.0","0.0","7.0","3.3","0.0"
"20220706","措备","合备","28.5","33.8","25.3","22.6","0.0","0.0","0.0","2.9","18.2","0.0","3.7","0.0","0.0","18.73","6.49","0.0","81.4","90.3","0.0","7.5","10.0","0.0","0.0","0.0","0.0","6.7","4.9","0.0"
"20220705","措备","合备","28.8","33.0","24.6","23.8","0.0","0.0","0.0","0.0","16.8","0.0","4.5","0.1","0.0","15.57","9.1","0.0","72.1","74.3","0.0","7.9","9.3","0.0","0.0","0.0","0.0","5.7","5.9","0.0"
"20220704","措备","合备","28.8","32.8","25.8","27.8","0.0","0.0","0.0","0.0","4.6","0.0","5.9","8.3","0.0","15.11","24.34","0.0","72.5","64.4","0.0","6.6","7.9","0.0","0.0","0.0","0.0","5.6","9.1","0.0"
"20220703","措备","合备","29.3","35.1","25.3","22.7","0.0","0.0","0.0","1.0","22.1","0.0","7.1","0.4","0.0","20.25","7.35","0.0","69.6","78.8","0.0","7.0","8.8","0.0","0.0","0.0","0.0","6.6","9.6","0.0"
"20220702","措备","合备","29.9","36.8","22.5","24.0","0.0","0.0","0.0","0.0","0.0","0.0","11.8","7.9","0.0","27.55","22.51","0.0","63.9","69.0","0.0","3.4","5.0","0.0","0.0","0.0","0.0","5.4","8.5","0.0"
"20220701","措备","合备","29.8","36.2","24.0","25.1","0.0","0.0","0.0","0.0","0.0","0.0","11.0","11.3","0.0","24.03","26.16","0.0","68.6","57.4","0.0","2.5","3.9","0.0","0.0","0.0","0.0","6.4","8.6","0.0"
"20220630","措备","合备","29.8","34.8","26.5","24.4","0.0","0.0","0.0","0.0","0.0","0.0","7.3","2.0","0.0","19.7","16.95","0.0","68.0","67.0","0.0","5.4","7.1","0.0","0.0","0.0","0.0","7.0","7.4","0.0"
"20220629","措备","合备","29.5","33.7","27.7","24.6","0.0","0.0","0.0","0.0","1.0","0.0","3.0","6.5","0.0","15.1","23.01","0.0","68.5","64.0","0.0","8.1","7.6","0.0","0.0","0.0","0.0","8.7","6.8","0.0"
"20220628","措备","合备","28.9","32.3","24.8","23.9","0.0","0.0","0.0","0.7","0.0","0.0","4.2","6.6","0.0","18.53","20.23","0.0","71.3","64.3","0.0","7.9","6.1","0.0","0.0","0.0","0.0","8.4","8.4","0.0"
"20220627","措备","合备","27.3","30.1","25.4","24.0","0.0","0.0","0.0","5.4","0.0","0.0","0.0","8.8","0.0","6.72","25.32","0.0","86.3","63.0","0.0","9.6","4.8","0.0","0.0","0.0","0.0","6.1","7.7","0.0"
"20220626","措备","合备","28.4","32.8","24.4","22.8","0.0","0.0","0.0","0.0","2.0","0.0","4.0","1.8","0.0","14.82","13.1","0.0","72.1","72.9","0.0","7.1","8.5","0.0","0.0","0.0","0.0","6.6","4.0","0.0"
"20220625","措备","合备","28.2","34.4","22.8","23.5","0.0","0.0","0.0","0.0","14.7","0.0","12.0","6.3","0.0","25.75","19.61","0.0","67.0","70.6","0.0","4.1","4.5","0.0","0.0","0.0","0.0","7.0","10.3","0.0"
"20220624","措备","合备","28.1","32.9","23.1","23.0","0.0","0.0","0.0","32.4","0.0","0.0","7.9","3.2","0.0","22.0","18.35","0.0","70.0","62.0","0.0","5.8","7.5","0.0","0.0","0.0","0.0","9.2","4.3","0.0"
"20220623","措备","合备","27.9","31.6","23.4","20.4","0.0","0.0","0.0","0.2","0.2","0.0","1.6","2.5","0.0","10.84","15.88","0.0","72.8","68.9","0.0","8.1","9.0","0.0","0.0","0.0","0.0","7.9","7.4","0.0"
"20220622","措备","合备","29.9","37.1","23.6","20.7","0.0","0.0","0.0","0.0","3.5","0.0","10.2","5.4","0.0","25.27","19.29","0.0","65.0","67.3","0.0","2.9","7.4","0.0","0.0","0.0","0.0","6.3","7.5","0.0"
"20220621","措备","合备","27.8","34.1","22.2","23.9","0.0","0.0","0.0","0.0","0.0","0.0","10.9","9.8","0.0","27.25","25.93","0.0","72.6","50.9","0.0","3.5","4.1","0.0","0.0","0.0","0.0","7.3","9.6","0.0"
"20220620","措备","合备","28.6","35.6","23.6","25.9","0.0","0.0","0.0","2.2","0.0","0.0","10.5","11.4","0.0","24.93","27.65","0.0","69.8","47.1","0.0","3.9","4.0","0.0","0.0","0.0","0.0","6.4","6.5","0.0"
"20220619","措备","合备","28.9","34.5","23.8","25.3","0.0","0.0","0.0","0.0","0.0","0.0","9.9","13.0","0.0","25.9","29.89","0.0","63.1","51.1","0.0","3.9","3.9","0.0","0.0","0.0","0.0","5.9","6.1","0.0"
"20220618","措备","合备","27.9","34.3","22.2","22.3","0.0","0.0","0.0","0.0","3.0","0.0","9.8","0.4","0.0","25.89","11.6","0.0","65.3","73.6","0.0","5.0","8.5","0.0","0.0","0.0","0.0","6.5","4.4","0.0"
"20220617","措备","合备","25.9","34.2","17.4","20.0","0.0","0.0","0.0","0.0","0.1","0.0","11.9","1.0","0.0","27.8","13.71","0.0","63.9","70.6","0.0","3.6","9.5","0.0","0.0","0.0","0.0","6.2","5.8","0.0"
"20220616","措备","合备","23.2","28.9","16.8","20.4","0.0","0.0","0.0","0.0","0.5","0.0","11.7","0.3","0.0","28.2","10.18","0.0","69.6","73.5","0.0","4.1","9.5","0.0","0.0","0.0","0.0","6.9","9.1","0.0"
"20220615","措备","合备","19.7","25.3","15.5","21.4","0.0","0.0","0.0","3.7","3.0","0.0","2.2","0.0","0.0","14.37","8.38","0.0","88.6","76.0","0.0","8.5","9.8","0.0","0.0","0.0","0.0","7.2","7.1","0.0"
"20220614","措备","合备","16.9","19.2","15.9","23.9","0.0","0.0","0.0","3.1","0.0","0.0","0.0","2.9","0.0","6.93","17.04","0.0","92.4","69.4","0.0","9.6","8.1","0.0","0.0","0.0","0.0","8.3","6.6","0.0"
"20220613","措备","合备","19.9","24.0","17.2","25.4","0.0","0.0","0.0","0.0","0.1","0.0","4.0","9.3","0.0","17.7","23.82","0.0","75.6","69.0","0.0","9.4","7.0","0.0","0.0","0.0","0.0","10.5","8.1","0.0"
"20220612","措备","合备","20.7","25.8","16.4","24.1","0.0","0.0","0.0","0.0","0.0","0.0","7.7","2.1","0.0","23.88","19.25","0.0","73.1","74.8","0.0","5.0","8.9","0.0","0.0","0.0","0.0","7.7","6.9","0.0"
"20220611","措备","合备","21.4","26.1","18.4","22.1","0.0","0.0","0.0","0.0","5.5","0.0","7.1","0.3","0.0","21.36","7.55","0.0","74.0","84.8","0.0","5.1","8.0","0.0","0.0","0.0","0.0","9.8","7.2","0.0"
"20220610","措备","合备","22.7","29.7","15.2","24.2","0.0","0.0","0.0","0.0","0.0","0.0","7.8","4.4","0.0","22.57","19.34","0.0","67.1","57.1","0.0","5.5","7.8","0.0","0.0","0.0","0.0","5.7","5.5","0.0"
"20220609","措备","合备","20.4","28.2","13.3","25.3","0.0","0.0","0.0","0.0","0.0","0.0","8.5","11.5","0.0","24.53","27.06","0.0","70.5","50.5","0.0","4.9","3.5","0.0","0.0","0.0","0.0","5.1","6.3","0.0"
"20220608","措备","合备","17.5","22.3","14.5","25.4","0.0","0.0","0.0","0.0","0.0","0.0","3.2","11.7","0.0","16.15","26.65","0.0","77.8","54.0","0.0","6.9","4.9","0.0","0.0","0.0","0.0","5.6","7.8","0.0"
"20220607","措备","合备","16.5","21.1","13.9","25.3","0.0","0.0","0.0","1.1","0.0","0.0","3.7","9.9","0.0","13.63","24.61","0.0","85.1","56.3","0.0","8.4","4.0","0.0","0.0","0.0","0.0","7.0","4.8","0.0"
"20220606","措备","合备","18.7","23.1","15.9","23.9","0.0","0.0","0.0","0.8","0.2","0.0","2.0","10.0","0.0","11.13","22.27","0.0","84.6","62.1","0.0","8.1","3.5","0.0","0.0","0.0","0.0","9.1","6.2","0.0"
"20220605","措备","合备","18.0","19.3","17.0","23.1","0.0","0.0","0.0","32.2","0.0","0.0","0.0","12.4","0.0","5.28","26.08","0.0","92.5","51.8","0.0","9.9","4.4","0.0","0.0","0.0","0.0","8.4","8.1","0.0"
"20220604","措备","合备","22.1","28.8","17.9","21.3","0.0","0.0","0.0","0.0","3.8","0.0","8.5","12.6","0.0","23.41","28.17","0.0","67.0","53.9","0.0","5.3","6.4","0.0","0.0","0.0","0.0","8.1","6.9","0.0"
"20220603","措备","合备","23.5","30.4","18.7","18.7","0.0","0.0","0.0","0.0","17.5","0.0","12.4","0.1","0.0","28.06","5.87","0.0","61.5","88.4","0.0","1.4","9.3","0.0","0.0","0.0","0.0","11.3","5.1","0.0"
"20220602","措备","合备","26.1","33.5","17.5","23.8","0.0","0.0","0.0","0.0","0.0","0.0","13.3","8.1","0.0","29.26","22.15","0.0","44.5","51.9","0.0","0.6","6.1","0.0","0.0","0.0","0.0","6.6","4.6","0.0"
"20220601","措备","合备","24.7","33.1","18.7","22.8","0.0","0.0","0.0","0.0","0.0","0.0","10.6","11.1","0.0","26.43","25.97","0.0","39.6","57.6","0.0","4.3","4.6","0.0","0.0","0.0","0.0","7.1","5.7","0.0"
"20220531","措备","合备","24.7","31.1","18.6","20.7","0.0","0.0","0.0","0.0","1.9","0.0","13.4","6.6","0.0","29.65","21.87","0.0","39.4","67.1","0.0","2.0","5.9","0.0","0.0","0.0","0.0","8.9","7.0","0.0"
"20220530","措备","合备","24.3","29.6","20.5","20.6","0.0","0.0","0.0","0.0","0.0","0.0","1.4","11.5","0.0","15.53","27.66","0.0","53.8","56.5","0.0","9.3","2.6","0.0","0.0","0.0","0.0","7.3","7.7","0.0"
"20220529","措备","合备","24.9","33.0","16.2","20.4","0.0","0.0","0.0","0.0","0.0","0.0","13.5","11.1","0.0","29.18","27.88","0.0","40.5","49.4","0.0","3.1","3.9","0.0","0.0","0.0","0.0","8.0","9.9","0.0"
"20220528","措备","合备","24.9","33.0","15.2","16.7","0.0","0.0","0.0","0.0","13.8","0.0","13.3","9.9","0.0","25.62","21.16","0.0","39.0","71.6","0.0","4.0","2.6","0.0","0.0","0.0","0.0","7.6","10.6","0.0"
"20220527","措备","合备","23.8","29.5","16.4","18.9","0.0","0.0","0.0","0.0","0.0","0.0","13.3","5.3","0.0","28.06","15.89","0.0","37.3","55.9","0.0","0.1","5.9","0.0","0.0","0.0","0.0","13.9","9.0","0.0"
"20220526","措备","合备","22.9","27.5","18.7","18.0","0.0","0.0","0.0","0.0","0.0","0.0","12.6","1.8","0.0","30.1","16.65","0.0","41.6","44.3","0.0","3.1","8.8","0.0","0.0","0.0","0.0","9.3","7.2","0.0"
"20220525","措备","合备","25.5","33.2","18.8","18.0","0.0","0.0","0.0","0.0","0.0","0.0","10.3","8.2","0.0","25.46","20.71","0.0","54.9","43.5","0.0","3.9","4.1","0.0","0.0","0.0","0.0","9.5","13.0","0.0"
"20220524","措备","合备","26.4","33.2","19.3","22.3","0.0","0.0","0.0","0.0","0.7","0.0","12.2","5.4","0.0","27.43","18.25","0.0","45.5","49.8","0.0","1.5","6.6","0.0","0.0","0.0","0.0","9.0","8.3","0.0"
"20220523","措备","合备","24.3","32.3","15.4","23.6","0.0","0.0","0.0","0.0","0.0","0.0","10.3","10.0","0.0","24.95","25.35","0.0","53.9","52.5","0.0","4.0","5.0","0.0","0.0","0.0","0.0","6.8","5.5","0.0"
"20220522","措备","合备","24.8","32.7","18.6","21.0","0.0","0.0","0.0","0.0","0.0","0.0","12.7","12.8","0.0","27.59","28.72","0.0","45.6","57.6","0.0","0.9","0.3","0.0","0.0","0.0","0.0","10.0","7.2","0.0"
"20220521","措备","合备","23.7","29.7","17.9","17.6","0.0","0.0","0.0","0.0","0.0","0.0","12.8","1.8","0.0","28.2","13.97","0.0","51.5","69.6","0.0","0.6","8.9","0.0","0.0","0.0","0.0","9.6","8.6","0.0"
"20220520","措备","合备","22.8","28.6","17.1","16.3","0.0","0.0","0.0","0.0","12.2","0.0","8.5","0.0","0.0","23.69","4.63","0.0","43.3","85.1","0.0","5.1","9.9","0.0","0.0","0.0","0.0","6.5","8.0","0.0"
"20220519","措备","合备","23.0","29.5","16.2","22.5","0.0","0.0","0.0","0.0","0.0","0.0","7.3","9.3","0.0","20.82","26.95","0.0","36.9","57.4","0.0","6.5","5.6","0.0","0.0","0.0","0.0","7.6","5.0","0.0"
"20220518","措备","合备","23.3","31.1","13.0","17.7","0.0","0.0","0.0","0.0","0.1","0.0","12.4","5.1","0.0","27.05","16.26","0.0","42.8","81.0","0.0","0.3","7.0","0.0","0.0","0.0","0.0","8.0","4.6","0.0"
"20220517","措备","合备","20.4","28.2","10.8","14.4","0.0","0.0","0.0","0.0","11.4","0.0","10.1","0.0","0.0","25.52","5.75","0.0","42.3","93.4","0.0","1.8","9.8","0.0","0.0","0.0","0.0","6.5","8.5","0.0"
"20220516","措备","合备","18.5","25.5","9.7","20.1","0.0","0.0","0.0","0.0","24.7","0.0","12.5","0.0","0.0","29.31","4.8","0.0","38.5","92.9","0.0","2.1","10.0","0.0","0.0","0.0","0.0","7.9","8.5","0.0"
"20220515","措备","合备","17.1","23.2","12.8","19.9","0.0","0.0","0.0","0.0","8.7","0.0","12.2","0.0","0.0","28.66","6.1","0.0","42.1","85.6","0.0","4.0","9.9","0.0","0.0","0.0","0.0","7.8","6.3","0.0"
"20220514","措备","合备","17.9","24.6","11.1","22.0","0.0","0.0","0.0","0.0","0.0","0.0","11.4","10.0","0.0","27.4","24.6","0.0","50.0","59.3","0.0","4.5","6.5","0.0","0.0","0.0","0.0","9.8","7.1","0.0"
"20220513","措备","合备","15.7","19.3","13.3","20.4","0.0","0.0","0.0","2.6","0.0","0.0","0.0","12.8","0.0","5.97","27.79","0.0","86.4","53.1","0.0","8.8","2.6","0.0","0.0","0.0","0.0","8.6","6.8","0.0"
"20220512","措备","合备","20.2","24.6","15.9","17.3","0.0","0.0","0.0","0.0","0.0","0.0","3.6","10.4","0.0","16.36","25.44","0.0","63.1","58.6","0.0","8.1","4.4","0.0","0.0","0.0","0.0","8.3","10.8","0.0"
"20220511","措备","合备","20.7","26.8","14.3","15.1","0.0","0.0","0.0","0.0","1.3","0.0","5.2","0.3","0.0","21.16","9.87","0.0","57.4","69.4","0.0","6.9","9.8","0.0","0.0","0.0","0.0","4.7","8.7","0.0"
"20220510","措备","合备","16.5","23.5","10.3","13.8","0.0","0.0","0.0","0.0","1.8","0.0","8.7","0.5","0.0","26.19","7.7","0.0","56.3","66.5","0.0","6.9","9.1","0.0","0.0","0.0","0.0","8.0","7.4","0.0"
"20220509","措备","合备","16.2","21.9","12.3","19.0","0.0","0.0","0.0","0.4","0.0","0.0","10.2","13.0","0.0","25.84","29.12","0.0","55.5","30.3","0.0","7.0","1.3","0.0","0.0","0.0","0.0","9.8","11.3","0.0"
"20220508","措备","合备","16.4","22.1","12.8","18.1","0.0","0.0","0.0","0.0","0.0","0.0","8.0","11.8","0.0","23.82","27.9","0.0","59.9","36.9","0.0","7.6","0.8","0.0","0.0","0.0","0.0","8.9","10.6","0.0"
"20220507","措备","合备","18.9","26.0","13.6","18.1","0.0","0.0","0.0","0.0","0.0","0.0","8.6","5.8","0.0","21.23","17.06","0.0","66.5","43.5","0.0","6.3","6.9","0.0","0.0","0.0","0.0","11.0","11.5","0.0"
"20220506","措备","合备","21.2","28.7","12.2","16.9","0.0","0.0","0.0","0.0","0.0","0.0","11.8","10.4","0.0","27.3","26.27","0.0","58.3","52.1","0.0","1.9","4.9","0.0","0.0","0.0","0.0","6.3","5.2","0.0"
"20220505","措备","合备","20.0","29.1","11.9","18.5","0.0","0.0","0.0","0.0","1.2","0.0","13.0","12.2","0.0","28.14","28.21","0.0","51.5","53.6","0.0","0.0","3.9","0.0","0.0","0.0","0.0","6.5","12.2","0.0"
"20220504","措备","合备","19.0","28.3","9.8","17.0","0.0","0.0","0.0","0.0","8.9","0.0","12.6","0.2","0.0","27.38","6.25","0.0","49.0","85.0","0.0","0.0","9.8","0.0","0.0","0.0","0.0","5.5","4.9","0.0"
"20220503","措备","合备","15.2","23.5","6.5","16.5","0.0","0.0","0.0","0.0","0.0","0.0","10.9","11.7","0.0","27.07","27.62","0.0","59.6","64.1","0.0","1.1","2.6","0.0","0.0","0.0","0.0","6.9","7.1","0.0"
"20220502","措备","合备","13.1","20.7","7.4","13.6","0.0","0.0","0.0","1.2","0.5","0.0","8.9","9.2","0.0","22.78","24.63","0.0","55.8","68.0","0.0","3.1","5.5","0.0","0.0","0.0","0.0","9.4","8.2","0.0"
"20220501","措备","合备","15.2","20.3","10.2","12.1","0.0","0.0","0.0","0.0","3.7","0.0","11.6","2.8","0.0","27.39","13.13","0.0","39.4","77.3","0.0","2.1","7.6","0.0","0.0","0.0","0.0","8.8","10.3","0.0"
"20220430","措备","合备","14.5","19.7","9.9","16.9","0.0","0.0","0.0","0.0","0.1","0.0","4.6","10.6","0.0","18.76","27.0","0.0","60.4","57.5","0.0","7.6","5.4","0.0","0.0","0.0","0.0","7.1","12.7","0.0"
"20220429","措备","合备","11.3","13.8","9.3","18.3","0.0","0.0","0.0","12.8","0.0","0.0","0.7","8.3","0.0","9.18","22.51","0.0","80.6","52.6","0.0","8.8","7.3","0.0","0.0","0.0","0.0","9.1","10.1","0.0"
"20220428","措备","合备","15.7","22.5","10.4","18.1","0.0","0.0","0.0","0.0","0.0","0.0","8.9","8.1","0.0","23.1","20.28","0.0","67.0","56.5","0.0","4.9","7.4","0.0","0.0","0.0","0.0","10.4","6.7","0.0"
"20220427","措备","合备","17.2","20.3","12.6","15.8","0.0","0.0","0.0","0.0","0.0","0.0","11.0","6.5","0.0","24.7","19.56","0.0","59.6","58.5","0.0","4.0","7.6","0.0","0.0","0.0","0.0","9.5","6.1","0.0"
"20220426","措备","合备","18.3","20.6","15.8","13.6","0.0","0.0","0.0","20.3","0.0","0.0","0.0","12.1","0.0","4.69","26.66","0.0","94.4","63.1","0.0","8.6","3.5","0.0","0.0","0.0","0.0","6.6","7.1","0.0"
"20220425","措备","合备","21.7","29.3","14.5","14.4","0.0","0.0","0.0","2.5","0.0","0.0","6.0","11.9","0.0","19.27","26.98","0.0","58.4","63.3","0.0","5.5","2.3","0.0","0.0","0.0","0.0","6.2","11.5","0.0"
"20220424","措备","合备","22.0","29.9","12.5","16.7","0.0","0.0","0.0","0.0","0.0","0.0","11.6","8.1","0.0","25.73","23.48","0.0","52.4","62.9","0.0","1.6","7.4","0.0","0.0","0.0","0.0","5.6","8.0","0.0"
"20220423","措备","合备","19.1","25.9","14.9","15.8","0.0","0.0","0.0","0.0","0.0","0.0","6.2","0.8","0.0","20.8","10.64","0.0","58.9","64.0","0.0","7.5","9.5","0.0","0.0","0.0","0.0","8.6","11.0","0.0"
"20220422","措备","合备","19.0","28.5","8.9","20.2","0.0","0.0","0.0","0.0","0.0","0.0","10.5","4.5","0.0","24.42","18.7","0.0","64.0","51.5","0.0","3.4","7.9","0.0","0.0","0.0","0.0","7.9","7.7","0.0"
"20220421","措备","合备","14.3","19.7","11.0","19.9","0.0","0.0","0.0","0.2","0.0","0.0","1.5","10.9","0.0","8.25","24.58","0.0","60.3","55.0","0.0","5.9","4.5","0.0","0.0","0.0","0.0","5.5","7.7","0.0"
"20220420","措备","合备","18.2","26.6","8.8","18.9","0.0","0.0","0.0","0.0","0.0","0.0","12.3","11.6","0.0","26.13","25.4","0.0","35.5","44.0","0.0","0.5","2.5","0.0","0.0","0.0","0.0","8.0","7.4","0.0"
"20220419","措备","合备","18.4","25.7","9.5","16.6","0.0","0.0","0.0","0.0","0.0","0.0","12.1","12.5","0.0","25.3","27.06","0.0","31.4","43.0","0.0","1.5","0.0","0.0","0.0","0.0","0.0","8.3","8.5","0.0"
"20220418","措备","合备","18.1","24.3","10.9","12.6","0.0","0.0","0.0","0.0","0.0","0.0","9.2","9.5","0.0","21.29","24.21","0.0","33.3","51.0","0.0","6.0","2.6","0.0","0.0","0.0","0.0","8.0","9.8","0.0"
"20220417","措备","合备","15.6","23.0","7.1","13.5","0.0","0.0","0.0","0.0","0.0","0.0","12.2","8.5","0.0","26.97","19.24","0.0","36.9","52.6","0.0","2.4","4.0","0.0","0.0","0.0","0.0","7.1","12.9","0.0"
"20220416","措备","合备","13.5","21.0","4.3","13.7","0.0","0.0","0.0","0.0","0.0","0.0","12.3","4.2","0.0","26.3","14.85","0.0","45.3","67.4","0.0","2.4","7.0","0.0","0.0","0.0","0.0","7.1","7.9","0.0"
"20220415","措备","合备","12.1","19.1","8.9","11.9","0.0","0.0","0.0","0.0","0.0","0.0","8.3","11.0","0.0","23.01","21.26","0.0","59.8","52.6","0.0","7.3","3.5","0.0","0.0","0.0","0.0","10.7","5.2","0.0"
"20220414","措备","合备","10.9","13.2","9.2","11.1","0.0","0.0","0.0","0.0","0.0","0.0","0.0","10.3","0.0","6.71","25.44","0.0","72.4","49.9","0.0","9.3","2.9","0.0","0.0","0.0","0.0","9.9","9.7","0.0"
"20220413","措备","合备","12.2","21.3","9.6","15.1","0.0","0.0","0.0","0.0","0.0","0.0","0.0","7.9","0.0","7.64","18.84","0.0","80.1","70.3","0.0","9.8","5.6","0.0","0.0","0.0","0.0","12.6","10.9","0.0"
"20220412","措备","合备","22.5","30.2","15.4","11.8","0.0","0.0","0.0","0.0","7.4","0.0","10.1","0.0","0.0","23.42","5.43","0.0","64.5","85.1","0.0","3.0","9.8","0.0","0.0","0.0","0.0","5.5","5.4","0.0"
"20220411","措备","合备","20.3","27.9","13.6","13.6","0.0","0.0","0.0","0.0","0.0","0.0","10.4","11.7","0.0","22.7","24.59","0.0","66.3","56.9","0.0","3.0","2.0","0.0","0.0","0.0","0.0","7.1","5.8","0.0"
"20220410","措备","合备","19.5","27.5","11.4","10.6","0.0","0.0","0.0","0.0","0.0","0.0","9.8","11.7","0.0","22.22","25.16","0.0","50.6","63.8","0.0","4.4","1.4","0.0","0.0","0.0","0.0","5.7","6.8","0.0"
"20220409","措备","合备","18.6","28.5","9.4","9.2","0.0","0.0","0.0","0.0","0.0","0.0","11.5","8.9","0.0","23.03","19.95","0.0","48.5","75.6","0.0","0.1","3.0","0.0","0.0","0.0","0.0","7.5","11.1","0.0"
"20220408","措备","合备","15.7","24.3","6.0","14.6","0.0","0.0","0.0","0.0","0.0","0.0","11.9","11.5","0.0","25.2","25.22","0.0","41.4","54.1","0.0","0.0","2.8","0.0","0.0","0.0","0.0","5.4","8.6","0.0"
"20220407","措备","合备","14.4","20.5","8.8","17.1","0.0","0.0","0.0","2.4","0.0","0.0","8.3","11.7","0.0","20.69","24.65","0.0","49.3","42.8","0.0","2.6","1.3","0.0","0.0","0.0","0.0","9.6","6.8","0.0"
"20220406","措备","合备","16.0","23.5","10.0","13.2","0.0","0.0","0.0","0.0","0.0","0.0","11.0","8.9","0.0","23.7","21.78","0.0","35.6","57.0","0.0","0.5","1.6","0.0","0.0","0.0","0.0","6.4","7.6","0.0"
"20220405","措备","合备","14.4","21.5","5.7","9.9","0.0","0.0","0.0","0.0","0.0","0.0","10.4","12.0","0.0","21.09","25.02","0.0","35.3","63.9","0.0","6.5","0.0","0.0","0.0","0.0","0.0","6.5","7.7","0.0"
"20220404","措备","合备","13.2","21.0","4.7","9.7","0.0","0.0","0.0","0.0","19.3","0.0","11.6","0.0","0.0","24.22","4.51","0.0","49.6","86.6","0.0","0.0","8.8","0.0","0.0","0.0","0.0","5.9","9.5","0.0"
"20220403","措备","合备","11.3","19.3","3.4","14.5","0.0","0.0","0.0","0.0","16.2","0.0","11.9","0.0","0.0","24.37","6.47","0.0","50.9","91.1","0.0","0.3","9.8","0.0","0.0","0.0","0.0","6.5","6.2","0.0"
"20220402","措备","合备","10.2","17.3","1.2","14.7","0.0","0.0","0.0","0.0","0.0","0.0","11.1","6.0","0.0","24.06","19.59","0.0","50.0","69.0","0.0","0.9","7.6","0.0","0.0","0.0","0.0","8.1","10.0","0.0"
"20220401","措备","合备","8.8","13.7","3.7","13.5","0.0","0.0","0.0","0.3","0.0","0.0","7.9","7.3","0.0","17.58","17.9","0.0","64.4","63.1","0.0","2.4","7.3","0.0","0.0","0.0","0.0","7.0","12.2","0.0"
"20220331","措备","合备","10.5","13.4","6.7","13.6","0.0","0.0","0.0","0.1","0.0","0.0","2.1","10.7","0.0","15.54","22.76","0.0","74.0","58.6","0.0","8.8","4.4","0.0","0.0","0.0","0.0","9.6","9.0","0.0"
"20220330","措备","合备","14.8","23.3","5.7","14.6","0.0","0.0","0.0","0.0","0.0","0.0","7.6","9.5","0.0","18.64","22.52","0.0","57.0","39.5","0.0","6.1","3.0","0.0","0.0","0.0","0.0","9.2","6.3","0.0"
"20220329","措备","合备","10.8","19.8","1.8","15.1","0.0","0.0","0.0","0.0","0.0","0.0","11.4","5.5","0.0","23.52","17.93","0.0","51.6","51.0","0.0","0.5","3.4","0.0","0.0","0.0","0.0","4.9","10.1","0.0"
"20220328","措备","合备","9.0","14.9","3.0","15.8","0.0","0.0","0.0","0.0","6.0","0.0","10.0","8.2","0.0","19.76","18.35","0.0","45.5","72.9","0.0","5.1","4.6","0.0","0.0","0.0","0.0","6.9","9.9","0.0"
"20220327","措备","合备","13.1","20.7","7.3","12.7","0.0","0.0","0.0","0.0","18.4","0.0","9.8","0.1","0.0","21.7","6.5","0.0","39.3","84.8","0.0","6.5","9.0","0.0","0.0","0.0","0.0","11.5","5.6","0.0"
"20220326","措备","合备","14.7","20.4","12.3","15.3","0.0","0.0","0.0","11.7","0.0","0.0","3.4","9.7","0.0","12.81","20.31","0.0","80.9","52.6","0.0","8.0","4.0","0.0","0.0","0.0","0.0","11.8","6.9","0.0"
"20220325","措备","合备","13.5","20.1","6.1","14.1","0.0","0.0","0.0","1.6","0.0","0.0","4.9","11.3","0.0","14.53","22.25","0.0","67.6","54.0","0.0","9.1","0.8","0.0","0.0","0.0","0.0","8.0","6.7","0.0"
"20220324","措备","合备","9.1","17.0","1.4","11.5","0.0","0.0","0.0","0.0","0.0","0.0","9.4","4.1","0.0","20.37","14.14","0.0","60.6","54.9","0.0","2.0","6.3","0.0","0.0","0.0","0.0","4.7","4.2","0.0"
"20220323","措备","合备","6.8","11.1","2.6","11.4","0.0","0.0","0.0","0.0","0.0","0.0","0.5","11.2","0.0","10.02","21.74","0.0","66.6","49.4","0.0","5.6","0.0","0.0","0.0","0.0","0.0","7.0","7.4","0.0"
"20220322","措备","合备","8.7","14.2","5.5","7.9","0.0","0.0","0.0","0.0","0.0","0.0","9.9","11.1","0.0","20.87","22.65","0.0","48.8","46.6","0.0","5.6","1.6","0.0","0.0","0.0","0.0","9.4","11.5","0.0"
"20220321","措备","合备","8.3","13.8","2.2","8.8","0.0","0.0","0.0","0.0","0.0","0.0","8.4","8.6","0.0","19.07","17.7","0.0","53.1","61.5","0.0","7.6","5.8","0.0","0.0","0.0","0.0","6.1","13.4","0.0"
"20220320","措备","合备","6.6","11.0","2.0","9.9","0.0","0.0","0.0","0.0","5.3","0.0","3.6","0.0","0.0","14.12","4.12","0.0","69.8","92.1","0.0","8.1","9.4","0.0","0.0","0.0","0.0","4.9","6.9","0.0"
"20220319","措备","合备","4.9","8.1","3.0","11.2","0.0","0.0","0.0","4.2","0.0","0.0","2.2","5.8","0.0","7.89","15.62","0.0","83.8","68.1","0.0","8.8","7.3","0.0","0.0","0.0","0.0","8.1","10.2","0.0"
"20220318","措备","合备","6.1","8.1","4.3","10.4","0.0","0.0","0.0","8.5","0.0","0.0","0.0","8.6","0.0","5.54","18.84","0.0","83.4","75.6","0.0","9.1","2.9","0.0","0.0","0.0","0.0","10.6","9.7","0.0"
"20220317","措备","合备","8.8","13.6","6.3","10.5","0.0","0.0","0.0","6.1","0.0","0.0","0.0","10.5","0.0","3.69","20.4","0.0","84.1","61.9","0.0","10.0","2.5","0.0","0.0","0.0","0.0","10.1","7.5","0.0"
"20220316","措备","合备","14.4","23.0","5.1","14.9","0.0","0.0","0.0","0.0","0.0","0.0","10.2","9.6","0.0","20.29","19.98","0.0","45.3","54.1","0.0","1.8","3.6","0.0","0.0","0.0","0.0","5.5","8.9","0.0"
"20220315","措备","合备","11.7","19.3","6.0","12.5","0.0","0.0","0.0","0.0","0.0","0.0","9.8","8.9","0.0","18.77","18.31","0.0","53.6","68.5","0.0","1.5","5.6","0.0","0.0","0.0","0.0","6.5","7.0","0.0"
"20220314","措备","合备","10.8","13.9","8.9","10.5","0.0","0.0","0.0","0.0","0.0","0.0","0.0","9.2","0.0","4.38","18.2","0.0","84.9","72.8","0.0","8.4","2.6","0.0","0.0","0.0","0.0","9.7","7.5","0.0"
"20220313","措备","合备","15.1","18.5","10.3","9.8","0.0","0.0","0.0","2.1","0.0","0.0","0.0","10.0","0.0","2.35","18.79","0.0","87.1","77.1","0.0","9.8","2.0","0.0","0.0","0.0","0.0","7.5","6.7","0.0"
"20220312","措备","合备","14.7","21.5","7.1","9.0","0.0","0.0","0.0","0.0","19.5","0.0","4.5","0.0","0.0","13.93","3.33","0.0","67.6","93.4","0.0","4.3","9.4","0.0","0.0","0.0","0.0","5.8","4.1","0.0"
"20220311","措备","合备","12.5","18.9","5.2","10.0","0.0","0.0","0.0","0.0","0.0","0.0","5.9","7.7","0.0","13.29","17.03","0.0","57.6","63.6","0.0","4.1","6.6","0.0","0.0","0.0","0.0","5.6","4.4","0.0"
"20220310","措备","合备","10.5","18.3","2.2","8.8","0.0","0.0","0.0","0.0","0.0","0.0","7.1","10.5","0.0","16.0","20.2","0.0","59.6","57.6","0.0","6.1","0.0","0.0","0.0","0.0","0.0","5.4","9.3","0.0"
"20220309","措备","合备","9.1","17.5","0.5","9.0","0.0","0.0","0.0","0.0","0.0","0.0","10.7","6.0","0.0","19.28","16.45","0.0","49.9","64.8","0.0","0.0","6.6","0.0","0.0","0.0","0.0","7.8","7.2","0.0"
"20220308","措备","合备","8.1","15.8","-1.1","6.3","0.0","0.0","0.0","0.0","0.0","0.0","10.5","10.2","0.0","18.78","19.57","0.0","36.4","77.5","0.0","0.9","0.5","0.0","0.0","0.0","0.0","5.6","9.2","0.0"
"20220307","措备","合备","5.2","12.7","-2.2","5.5","0.0","0.0","0.0","0.0","0.0","0.0","8.6","0.4","0.0","16.73","10.0","0.0","37.0","77.3","0.0","4.4","8.3","0.0","0.0","0.0","0.0","5.6","6.0","0.0"
"20220306","措备","合备","4.0","10.2","0.0","6.2","0.0","0.0","0.0","0.0","0.0","0.0","11.0","1.4","0.0","20.9","9.18","0.0","30.3","82.3","0.0","1.8","8.3","0.0","0.0","0.0","0.0","11.5","12.3","0.0"
"20220305","措备","合备","6.9","12.2","1.5","10.6","0.0","0.0","0.0","0.0","0.0","0.0","10.6","8.0","0.0","20.03","17.99","0.0","30.9","74.8","0.0","0.0","6.0","0.0","0.0","0.0","0.0","13.3","5.0","0.0"
"20220304","措备","合备","8.8","17.3","-0.6","5.9","0.0","0.0","0.0","0.0","0.9","0.0","6.7","0.1","0.0","15.16","8.58","0.0","50.4","90.4","0.0","4.8","8.5","0.0","0.0","0.0","0.0","8.2","5.2","0.0"
"20220303","措备","合备","7.7","15.2","-0.2","4.1","0.0","0.0","0.0","0.0","0.0","0.0","10.8","6.8","0.0","19.1","16.23","0.0","39.4","77.8","0.0","0.0","5.0","0.0","0.0","0.0","0.0","7.2","3.9","0.0"
"20220302","措备","合备","6.2","12.3","1.3","2.6","0.0","0.0","0.0","0.0","9.6","0.0","10.9","0.3","0.0","19.7","6.42","0.0","41.5","88.9","0.0","1.0","8.3","0.0","0.0","1.7","0.0","8.0","6.0","0.0"
"20220301","措备","合备","9.9","16.3","4.9","8.9","0.0","0.0","0.0","0.0","35.5","0.0","5.9","0.0","0.0","12.9","3.25","0.0","51.9","99.8","0.0","5.3","9.9","0.0","0.0","0.0","0.0","9.7","11.7","0.0"
"20220228","措备","合备","7.0","15.1","-2.5","7.4","0.0","0.0","0.0","0.0","1.1","0.0","8.0","1.9","0.0","14.16","10.39","0.0","34.3","84.4","0.0","4.6","8.3","0.0","0.0","0.0","0.0","4.8","5.1","0.0"
"20220227","措备","合备","6.3","12.6","1.7","6.7","0.0","0.0","0.0","0.0","0.0","0.0","10.8","2.7","0.0","19.31","7.98","0.0","32.4","69.3","0.0","0.0","7.9","0.0","0.0","0.0","0.0","10.9","12.5","0.0"
"20220226","措备","合备","6.8","14.7","-1.9","8.3","0.0","0.0","0.0","0.1","0.0","0.0","9.2","7.6","0.0","16.2","14.89","0.0","52.5","74.5","0.0","3.1","8.4","0.0","0.0","0.0","0.0","11.6","11.4","0.0"
"20220225","措备","合备","5.0","11.7","-2.0","5.0","0.0","0.0","0.0","0.0","3.1","0.0","10.4","0.2","0.0","17.56","6.21","0.0","41.9","89.4","0.0","0.0","9.0","0.0","0.0","0.0","0.0","9.3","3.2","0.0"
"20220224","措备","合备","0.5","6.7","-5.1","5.5","0.0","0.0","0.0","0.0","0.0","0.0","10.8","6.7","0.0","19.23","13.37","0.0","30.6","53.3","0.0","0.0","6.3","0.0","0.0","0.0","0.0","8.3","7.6","0.0"
"20220223","措备","合备","-2.3","2.8","-6.3","5.9","0.0","0.0","0.0","0.0","0.0","0.0","8.1","10.0","0.0","16.11","17.45","0.0","32.0","33.5","0.0","4.3","2.8","0.0","0.0","0.0","0.0","9.1","7.4","0.0"
"20220222","措备","合备","-0.4","3.9","-3.3","13.7","0.0","0.0","0.0","0.0","0.0","0.0","10.4","9.8","0.0","18.12","15.29","0.0","38.5","50.3","0.0","1.9","0.6","0.0","0.0","0.0","0.0","10.1","10.7","0.0"
"20220221","措备","合备","1.2","7.4","-5.0","14.3","0.0","0.0","0.0","0.0","0.0","0.0","10.0","10.2","0.0","17.57","16.48","0.0","43.4","54.0","0.0","1.3","0.0","0.0","0.0","0.0","0.0","11.5","12.0","0.0"
"20220220","措备","合备","-2.2","2.0","-5.2","11.3","0.0","0.0","0.0","0.0","0.0","0.0","9.7","9.6","0.0","18.07","15.16","0.0","36.1","54.4","0.0","0.9","0.0","0.0","0.0","0.0","0.0","11.1","10.4","0.0"
"20220219","措备","合备","2.4","7.1","-0.2","4.3","0.0","0.0","0.0","0.0","0.0","0.0","4.3","10.5","0.0","10.22","17.44","0.0","49.0","48.6","0.0","7.3","0.0","0.0","0.0","0.0","0.0","8.7","6.2","0.0"
"20220218","措备","合备","-0.8","8.1","-9.3","-4.4","0.0","0.0","0.0","0.0","0.0","0.0","9.8","9.2","0.0","16.73","16.77","0.0","42.9","58.8","0.0","4.6","1.8","0.0","0.0","0.0","0.0","5.0","11.7","0.0"
"20220217","措备","合备","-4.3","1.5","-8.4","-4.8","0.0","0.0","0.0","0.0","0.0","0.0","10.3","8.1","0.0","17.41","12.85","0.0","37.1","47.5","0.0","0.1","3.3","0.0","0.0","0.0","0.0","11.0","14.5","0.0"
"20220216","措备","合备","-3.6","0.8","-5.8","-0.1","0.0","0.0","0.0","0.0","0.0","0.0","9.5","6.7","0.0","15.54","13.54","0.0","44.5","55.5","0.0","2.4","2.6","0.0","0.0","0.0","0.0","11.4","11.2","0.0"
"20220215","措备","合备","0.4","6.6","-4.3","5.9","0.0","0.0","0.0","0.0","1.2","0.0","9.7","7.2","0.0","16.37","13.6","0.0","46.5","67.4","0.0","1.4","4.8","0.0","0.0","0.0","0.0","10.5","15.2","0.0"
"20220214","措备","合备","7.3","13.0","2.5","7.7","0.0","0.0","0.0","0.0","4.3","0.0","5.6","0.3","0.0","12.14","5.96","0.0","59.9","82.8","0.0","5.5","9.3","0.0","0.0","0.0","0.0","6.9","3.8","0.0"
"20220213","措备","合备","5.4","11.6","-0.7","8.6","0.0","0.0","0.0","0.0","0.0","0.0","4.4","9.9","0.0","10.92","15.58","0.0","73.3","55.6","0.0","7.3","0.0","0.0","0.0","0.0","0.0","7.8","3.6","0.0"
"20220212","措备","合备","4.8","12.7","-2.0","7.7","0.0","0.0","0.0","0.0","0.0","0.0","9.5","8.6","0.0","15.08","14.39","0.0","53.0","60.6","0.0","2.0","4.5","0.0","0.0","0.0","0.0","8.6","4.2","0.0"
"20220211","措备","合备","3.5","11.8","-3.6","5.8","0.0","0.0","0.0","0.0","0.0","0.0","9.9","6.5","0.0","15.27","11.63","0.0","43.0","65.0","0.0","1.5","8.0","0.0","0.0","0.0","0.0","5.3","4.0","0.0"
"20220210","措备","合备","5.3","10.7","1.2","3.9","0.0","0.0","0.0","0.0","0.0","0.0","8.9","9.2","0.0","14.35","14.27","0.0","41.1","56.1","0.0","2.8","0.8","0.0","0.0","0.0","0.0","7.1","6.5","0.0"
"20220209","措备","合备","2.6","9.4","-5.7","1.6","0.0","0.0","0.0","0.0","0.0","0.0","8.6","10.2","0.0","13.57","16.25","0.0","50.8","42.0","0.0","5.1","0.0","0.0","0.0","0.0","0.0","3.5","8.5","0.0"
"20220208","措备","合备","1.5","7.1","-3.7","0.4","0.0","0.0","0.0","0.0","0.0","0.0","7.7","10.1","0.0","12.68","16.08","0.0","43.8","42.5","0.0","4.4","0.3","0.0","0.0","0.0","0.0","6.6","11.7","0.0"
"20220207","措备","合备","0.2","3.6","-3.6","6.6","0.0","0.0","0.0","0.0","0.0","0.0","5.8","8.6","0.0","11.15","13.17","0.0","37.5","62.4","0.0","6.3","1.1","0.0","0.0","0.0","0.0","7.4","9.2","0.0"
"20220206","措备","合备","-1.1","3.5","-5.0","5.2","0.0","0.0","0.0","0.0","0.0","0.0","9.1","9.4","0.0","13.4","13.66","0.0","43.6","62.0","0.0","2.1","0.0","0.0","0.0","0.0","0.0","13.0","5.2","0.0"
"20220205","措备","合备","-3.0","1.1","-6.4","1.5","0.0","0.0","0.0","0.0","0.0","0.0","9.9","4.9","0.0","15.57","9.85","0.0","45.4","54.5","0.0","1.6","6.9","0.0","0.0","0.0","0.0","11.7","4.6","0.0"
"20220204","措备","合备","-0.6","4.2","-3.4","1.4","0.0","0.0","0.0","0.0","0.0","0.0","9.7","9.9","0.0","13.96","15.66","0.0","43.9","51.4","0.0","1.9","1.6","0.0","0.0","0.0","0.0","11.4","8.2","0.0"
"20220203","措备","合备","0.4","5.4","-3.8","-1.0","0.0","0.0","0.0","0.0","0.0","0.0","9.3","9.9","0.0","14.89","15.13","0.0","41.6","48.1","0.0","3.8","1.4","0.0","0.0","0.0","0.0","8.0","6.8","0.0"
"20220202","措备","合备","0.7","5.6","-2.1","-0.4","0.0","0.0","0.0","0.0","0.0","0.0","4.7","9.9","0.0","9.43","15.43","0.0","45.1","43.4","0.0","4.6","0.4","0.0","0.0","0.0","0.0","9.2","11.3","0.0"
"20220201","措备","合备","1.9","5.4","-2.8","7.1","0.0","0.0","0.0","0.0","9.5","0.0","6.3","0.0","0.0","11.89","3.57","0.0","50.3","90.3","0.0","4.4","9.6","0.0","0.0","0.0","0.0","12.1","8.9","0.0"
"20220131","措备","合备","1.3","7.8","-5.3","4.5","0.0","0.0","0.0","0.0","0.0","0.0","10.0","9.0","0.0","14.74","13.27","0.0","33.5","62.5","0.0","0.3","3.1","0.0","0.0","0.0","0.0","6.9","4.2","0.0"
"20220130","措备","合备","1.1","6.5","-4.2","0.9","0.0","0.0","0.0","0.0","0.0","0.0","9.5","6.7","0.0","13.87","11.02","0.0","34.5","55.6","0.0","4.1","2.8","0.0","0.0","0.0","0.0","7.6","8.7","0.0"
"20220129","措备","合备","1.0","5.5","-1.7","-4.4","0.0","0.0","0.0","0.0","0.0","0.0","8.4","9.9","0.0","13.44","14.52","0.0","34.3","46.9","0.0","6.3","0.0","0.0","0.0","0.0","0.0","7.9","13.7","0.0"
"20220128","措备","合备","2.3","6.7","-0.3","1.2","0.0","0.0","0.0","0.0","0.0","0.0","7.7","5.0","0.0","13.06","9.3","0.0","32.5","67.0","0.0","5.5","5.9","0.0","0.0","0.0","0.0","7.3","17.0","0.0"
"20220127","措备","合备","3.2","9.7","-2.1","5.8","0.0","0.0","0.0","0.0","0.0","0.0","9.3","8.0","0.0","13.4","13.13","0.0","45.6","58.0","0.0","2.3","5.9","0.0","0.0","0.0","0.0","5.9","8.8","0.0"
"20220126","措备","合备","3.8","8.2","0.8","6.1","0.0","0.0","0.0","0.0","10.3","0.0","8.3","0.0","0.0","11.78","2.88","0.0","55.4","92.5","0.0","3.4","9.0","0.0","0.0","0.0","0.0","7.2","5.7","0.0"
"20220125","措备","合备","4.5","7.5","1.2","7.4","0.0","0.0","0.0","0.0","0.0","0.0","0.3","6.6","0.0","5.53","10.49","0.0","66.6","78.0","0.0","9.1","6.3","0.0","0.0","0.0","0.0","3.8","7.3","0.0"
"20220124","措备","合备","4.9","6.9","2.2","8.0","0.0","0.0","0.0","0.0","0.0","0.0","0.1","0.2","0.0","4.86","5.08","0.0","61.0","78.0","0.0","7.3","8.0","0.0","0.0","0.0","0.0","9.2","6.3","0.0"
"20220123","措备","合备","6.4","12.8","1.5","9.3","0.0","0.0","0.0","0.0","0.1","0.0","3.3","0.0","0.0","8.77","4.27","0.0","62.3","86.3","0.0","7.8","9.0","0.0","0.0","0.0","0.0","6.3","10.4","0.0"
"20220122","措备","合备","2.3","10.1","-5.8","8.2","0.0","0.0","0.0","0.0","0.3","0.0","5.5","0.0","0.0","10.25","4.65","0.0","63.1","94.0","0.0","6.0","9.6","0.0","0.0","0.0","0.0","3.4","5.7","0.0"
"20220121","措备","合备","-1.0","6.8","-8.3","4.5","0.0","0.0","0.0","0.0","1.0","0.0","9.1","5.6","0.0","13.18","9.6","0.0","51.3","71.8","0.0","1.5","6.0","0.0","0.0","0.0","0.0","3.7","4.4","0.0"
"20220120","措备","合备","-1.1","5.1","-5.3","-0.8","0.0","0.0","0.0","0.0","0.0","0.0","9.3","9.2","0.0","12.8","12.26","0.0","46.3","53.3","0.0","0.0","0.9","0.0","0.0","0.0","0.0","9.9","3.0","0.0"
"20220119","措备","合备","-0.7","5.6","-7.8","-2.6","0.0","0.0","0.0","0.0","0.0","0.0","8.1","9.3","0.0","11.47","13.12","0.0","47.6","43.0","0.0","3.8","0.0","0.0","0.0","0.0","0.0","7.6","5.8","0.0"
"20220118","措备","合备","-2.5","2.8","-6.1","-1.9","0.0","0.0","0.0","0.0","0.0","0.0","9.4","2.6","0.0","13.28","7.41","0.0","32.3","60.0","0.0","0.0","4.4","0.0","0.0","0.0","0.0","7.4","11.8","0.0"
"20220117","措备","合备","-0.4","4.7","-4.1","-2.8","0.0","0.0","0.0","0.0","0.0","0.0","7.9","8.9","0.0","11.38","13.2","0.0","49.1","42.5","0.0","4.0","4.0","0.0","0.0","0.0","0.0","12.4","9.6","0.0"
"20220116","措备","合备","1.9","8.2","-2.2","1.7","0.0","0.0","0.0","0.0","0.0","0.0","7.7","8.3","0.0","11.31","11.64","0.0","47.6","47.8","0.0","3.5","3.4","0.0","0.0","0.0","0.0","10.8","8.8","0.0"
"20220115","措备","合备","1.0","8.4","-4.7","8.3","0.0","0.0","0.0","0.0","0.0","0.0","7.3","4.6","0.0","11.63","8.72","0.0","43.3","55.6","0.0","4.5","7.0","0.0","0.0","0.0","0.0","6.1","8.0","0.0"
"20220114","措备","合备","-2.6","4.2","-6.7","4.4","0.0","0.0","0.0","0.0","0.0","0.0","9.1","8.8","0.0","12.89","11.8","0.0","35.3","51.1","0.0","1.5","0.6","0.0","0.0","0.0","0.0","7.4","4.7","0.0"
"20220113","措备","合备","-2.8","1.0","-4.8","3.6","0.0","0.0","0.0","0.0","0.0","0.0","8.1","8.0","0.0","12.08","10.71","0.0","42.3","57.0","0.0","0.9","0.1","0.0","0.0","0.0","0.0","14.2","7.5","0.0"
"20220112","措备","合备","-3.2","1.8","-7.6","-1.5","0.0","0.0","0.0","0.0","0.0","0.0","9.2","8.9","0.0","12.61","11.94","0.0","42.1","60.0","0.0","2.0","1.4","0.0","0.0","0.0","0.0","8.7","5.3","0.0"
"20220111","措备","合备","-0.9","4.7","-5.5","-4.2","0.0","0.0","0.0","0.0","0.0","0.0","8.0","1.6","0.0","12.42","5.16","0.0","44.9","62.8","0.0","2.8","7.9","0.0","0.0","0.0","0.0","11.7","4.4","0.0"
"20220110","措备","合备","3.0","9.9","-4.5","-4.7","0.0","0.0","0.0","0.0","0.0","0.0","6.8","9.1","0.0","9.89","12.21","0.0","61.8","51.4","0.0","4.9","0.5","0.0","0.0","0.0","0.0","5.9","7.1","0.0"
"20220109","措备","合备","2.0","8.7","-2.2","-8.0","0.0","0.0","0.0","0.0","0.0","0.0","6.4","9.1","0.0","9.51","12.21","0.0","65.9","45.1","0.0","5.3","0.5","0.0","0.0","0.0","0.0","3.7","10.3","0.0"
"20220108","措备","合备","1.4","8.9","-6.3","-10.4","0.0","0.0","0.0","0.0","0.0","0.0","9.1","9.2","0.0","11.9","12.52","0.0","43.4","41.3","0.0","0.8","0.0","0.0","0.0","0.0","0.0","6.6","10.1","0.0"
"20220107","措备","合备","0.1","8.6","-6.6","-8.7","0.0","0.0","0.0","0.0","0.2","0.0","9.2","9.2","0.0","11.84","12.79","0.0","42.8","40.3","0.0","0.0","1.8","0.0","0.0","0.7","0.0","4.4","13.8","0.0"
"20220106","措备","合备","2.9","7.9","-2.3","-4.0","0.0","0.0","0.0","0.0","0.0","0.0","9.0","9.1","0.0","11.87","11.96","0.0","38.5","47.6","0.0","1.5","2.4","0.0","0.0","0.0","0.0","8.6","9.4","0.0"
"20220105","措备","合备","0.6","5.0","-5.6","-1.1","0.0","0.0","0.0","0.0","0.0","0.0","1.2","5.2","0.0","6.06","7.9","0.0","43.9","47.9","0.0","8.6","4.4","0.0","0.0","0.0","0.0","2.8","10.4","0.0"
"20220104","措备","合备","1.9","7.6","-2.5","-0.3","0.0","0.0","0.0","0.0","0.0","0.0","8.5","8.8","0.0","11.68","10.68","0.0","39.4","51.8","0.0","1.9","2.5","0.0","0.0","0.0","0.0","8.0","6.1","0.0"
"20220103","措备","合备","-0.2","6.9","-6.5","-1.3","0.0","0.0","0.0","0.0","0.0","0.0","8.7","6.1","0.0","11.16","10.0","0.0","50.1","42.5","0.0","1.0","5.9","0.0","0.0","0.0","0.0","7.6","10.3","0.0"
"20220102","措备","合备","0.6","7.7","-6.0","-0.9","0.0","0.0","0.0","0.0","0.0","0.0","8.3","8.7","0.0","10.2","11.42","0.0","47.3","50.9","0.0","2.1","2.0","0.0","0.0","0.0","0.0","7.9","12.7","0.0"
"20220101","措备","合备","-2.3","5.6","-8.8","-1.8","0.0","0.0","0.0","0.0","0.0","0.0","8.6","7.4","0.0","11.49","10.08","0.0","36.0","66.4","0.0","1.9","4.5","0.0","0.0","0.0","0.0","6.2","7.9","0.0"
"20211231","措备","合备","-2.5","1.6","-4.9","-5.1","0.0","0.0","0.0","0.0","0.0","0.0","9.1","8.2","0.0","12.13","11.47","0.0","33.5","50.4","0.0","0.0","1.3","0.0","0.0","0.0","0.0","10.7","9.7","0.0"
"20211230","措备","合备","1.1","4.9","-1.9","-5.6","0.0","0.0","0.0","0.0","0.2","0.0","7.6","9.0","0.0","10.4","12.17","0.0","45.4","50.5","0.0","3.4","3.0","0.0","0.0","0.0","0.0","9.8","13.9","0.0"
"20211229","措备","合备","3.5","10.0","-2.6","3.2","0.0","0.0","0.0","0.0","1.3","0.0","3.9","3.6","0.0","8.2","8.22","0.0","61.9","81.5","0.0","6.3","6.9","0.0","0.0","0.0","0.0","9.7","9.2","0.0"
"20211228","措备","合备","2.1","7.4","-3.4","3.8","0.0","0.0","0.0","0.0","0.0","0.0","4.9","4.9","0.0","8.83","8.01","0.0","67.6","87.4","0.0","5.3","4.6","0.0","0.0","0.0","0.0","5.3","2.3","0.0"
"20211227","措备","合备","-2.1","2.3","-7.9","2.4","0.0","0.0","0.0","0.0","1.3","0.0","8.7","2.4","0.0","11.59","5.28","0.0","46.6","79.5","0.0","2.0","8.5","0.0","0.0","0.0","0.0","9.9","3.8","0.0"
"20211226","措备","合备","-7.1","-3.1","-10.8","1.7","0.0","0.0","0.0","0.0","0.0","0.0","9.0","7.1","0.0","12.02","9.51","0.0","39.0","61.4","0.0","0.0","6.4","0.0","0.0","0.0","0.0","10.5","3.2","0.0"
"20211225","措备","合备","-4.7","1.6","-8.2","1.4","0.0","0.0","0.0","0.0","0.0","0.0","9.0","8.8","0.0","12.0","11.24","0.0","38.6","50.5","0.0","0.0","0.1","0.0","0.0","0.0","0.0","12.6","10.3","0.0"
"20211224","措备","合备","4.2","10.9","-0.9","4.5","0.0","0.0","0.0","0.0","0.0","0.0","3.6","6.6","0.0","8.21","9.32","0.0","59.6","55.0","0.0","6.1","3.4","0.0","0.0","0.0","0.0","7.4","10.9","0.0"
"20211223","措备","合备","3.3","11.1","-2.9","2.0","0.0","0.0","0.0","0.0","0.0","0.0","8.6","4.2","0.0","10.09","7.75","0.0","52.6","68.3","0.0","1.9","4.6","0.0","0.0","0.0","0.0","5.3","4.3","0.0"
"20211222","措备","合备","4.3","12.3","-1.5","1.8","0.0","0.0","0.0","0.0","0.0","0.0","8.9","8.5","0.0","11.19","10.16","0.0","54.9","64.4","0.0","0.0","0.5","0.0","0.0","0.0","0.0","3.3","10.9","0.0"
"20211221","措备","合备","6.3","14.2","-0.6","0.5","0.0","0.0","0.0","0.0","0.0","0.0","8.6","5.0","0.0","9.93","8.47","0.0","67.5","58.0","0.0","0.0","2.3","0.0","0.0","0.0","0.0","4.7","6.1","0.0"
"20211220","措备","合备","4.8","12.7","-3.0","-0.2","0.0","0.0","0.0","0.0","0.0","0.0","8.3","7.8","0.0","10.3","10.3","0.0","58.5","43.4","0.0","2.8","3.3","0.0","0.0","0.0","0.0","7.7","9.5","0.0"
"20211219","措备","合备","1.2","6.0","-3.8","-1.4","0.0","0.0","0.0","0.0","0.0","0.0","8.6","8.3","0.0","11.41","11.84","0.0","52.8","34.3","0.0","2.0","2.9","0.0","0.0","0.0","0.0","10.8","9.3","0.0"
"20211218","措备","合备","-3.4","2.6","-8.7","0.5","0.0","0.0","0.0","0.0","0.0","0.0","9.0","5.5","0.0","11.88","8.32","0.0","38.6","49.5","0.0","0.9","5.6","0.0","0.0","0.0","0.0","9.2","9.3","0.0"
"20211217","措备","合备","0.5","7.8","-6.0","-1.9","0.0","0.0","0.0","0.0","0.0","0.0","7.9","9.1","0.0","10.62","11.66","0.0","42.9","43.0","0.0","3.9","0.0","0.0","0.0","0.0","0.0","15.2","8.4","0.0"
"20211216","措备","合备","6.3","10.3","2.5","-3.6","0.0","0.0","0.0","0.1","0.0","0.0","0.4","9.0","0.0","3.65","11.78","0.0","80.0","40.9","0.0","9.0","0.0","0.0","0.0","0.0","0.0","3.7","10.9","0.0"
"20211215","措备","合备","6.1","14.9","-0.8","-4.4","0.0","0.0","0.0","0.0","0.0","0.0","7.9","9.0","0.0","10.02","12.01","0.0","68.6","36.0","0.0","1.1","0.0","0.0","0.0","0.0","0.0","6.4","10.3","0.0"
"20211214","措备","合备","3.7","8.9","-2.8","-3.2","0.0","0.0","0.0","0.0","0.0","0.0","9.0","9.0","0.0","10.66","11.96","0.0","53.0","33.5","0.0","2.4","2.1","0.0","0.0","0.0","0.0","6.7","9.2","0.0"
"20211213","措备","合备","0.5","5.8","-3.7","2.5","0.0","0.0","0.0","0.0","0.0","0.0","9.1","2.6","0.0","12.09","5.56","0.0","31.0","53.9","0.0","0.0","6.5","0.0","0.0","0.0","0.0","7.6","10.9","0.0"
"20211212","措备","合备","6.6","11.2","-0.2","5.8","0.0","0.0","0.0","0.0","0.0","0.0","5.9","7.1","0.0","7.9","10.4","0.0","52.9","43.6","0.0","3.1","3.0","0.0","0.0","0.0","0.0","11.3","11.5","0.0"
"20211211","措备","合备","8.9","13.1","3.4","6.8","0.0","0.0","0.0","0.0","0.0","0.0","6.8","3.9","0.0","8.54","7.63","0.0","71.4","62.5","0.0","5.9","7.8","0.0","0.0","0.0","0.0","4.9","5.6","0.0"
"20211210","措备","合备","8.0","13.4","2.8","5.9","0.0","0.0","0.0","0.0","0.0","0.0","2.2","4.6","0.0","6.59","7.6","0.0","80.1","54.9","0.0","5.6","6.4","0.0","0.0","0.0","0.0","5.0","5.3","0.0"
"20211209","措备","合备","6.5","12.6","0.4","1.9","0.0","0.0","0.0","0.0","0.0","0.0","4.7","9.0","0.0","7.83","11.22","0.0","79.0","48.3","0.0","5.1","1.3","0.0","0.0","0.0","0.0","3.9","5.1","0.0"
"20211208","措备","合备","6.6","13.4","0.9","2.5","0.0","0.0","0.0","0.0","0.0","0.0","8.9","6.8","0.0","11.02","9.51","0.0","72.8","48.0","0.0","0.0","1.0","0.0","0.0","0.0","0.0","4.6","8.0","0.0"
"20211207","措备","合备","7.5","14.7","1.1","4.5","0.0","0.0","0.0","0.0","0.0","0.0","8.7","4.2","0.0","10.43","8.07","0.0","67.4","64.4","0.0","1.0","2.6","0.0","0.0","0.0","0.0","6.2","7.9","0.0"
"20211206","措备","合备","5.1","12.5","-0.5","4.1","0.0","0.0","0.0","0.0","0.0","0.0","4.1","9.0","0.0","7.5","11.54","0.0","78.4","65.6","0.0","6.3","0.0","0.0","0.0","0.0","0.0","3.1","7.5","0.0"
"20211205","措备","合备","3.7","11.6","-2.2","3.3","0.0","0.0","0.0","0.0","0.0","0.0","8.9","8.6","0.0","11.16","10.4","0.0","72.8","60.3","0.0","0.3","2.3","0.0","0.0","0.0","0.0","2.9","8.5","0.0"
"20211204","措备","合备","4.2","8.7","0.9","2.7","0.0","0.0","0.0","0.0","0.0","0.0","5.8","8.6","0.0","9.26","11.76","0.0","52.0","42.4","0.0","2.4","1.4","0.0","0.0","0.0","0.0","8.6","7.0","0.0"
"20211203","措备","合备","4.8","10.3","1.2","4.6","0.0","0.0","0.0","0.0","0.0","0.0","5.6","8.6","0.0","8.54","10.99","0.0","54.4","40.3","0.0","2.8","4.6","0.0","0.0","0.0","0.0","9.6","9.4","0.0"
"20211202","措备","合备","2.6","7.6","-1.1","4.1","0.0","0.0","0.0","0.0","0.0","0.0","9.2","6.2","0.0","11.97","8.95","0.0","53.6","47.6","0.0","1.0","3.3","0.0","0.0","0.0","0.0","7.2","4.7","0.0"
"20211201","措备","合备","2.4","4.8","-0.5","3.0","0.0","0.0","0.0","0.0","0.0","0.0","9.2","9.1","0.0","12.94","11.47","0.0","39.6","46.6","0.0","0.5","2.8","0.0","0.0","0.0","0.0","15.2","6.6","0.0"
"20211130","措备","合备","5.7","10.6","3.0","3.8","0.0","0.0","0.0","15.5","0.0","0.0","0.0","9.2","0.0","1.58","11.94","0.0","78.1","47.9","0.0","8.0","0.0","0.0","0.0","0.0","0.0","12.9","8.3","0.0"
"20211129","措备","合备","7.2","16.1","-0.8","3.8","0.0","0.0","0.0","0.0","0.0","0.0","8.6","9.1","0.0","11.55","11.93","0.0","53.1","53.6","0.0","2.8","1.8","0.0","0.0","0.0","0.0","3.8","10.1","0.0"
"20211128","措备","合备","5.2","13.1","-2.2","3.6","0.0","0.0","0.0","0.0","0.0","0.0","7.7","7.9","0.0","11.26","11.67","0.0","60.1","44.9","0.0","3.3","4.6","0.0","0.0","0.0","0.0","3.6","9.2","0.0"
"20211127","措备","合备","5.9","11.4","1.4","8.2","0.0","0.0","0.0","0.0","0.0","0.0","9.1","5.4","0.0","12.09","9.6","0.0","49.9","55.1","0.0","0.0","5.9","0.0","0.0","0.0","0.0","4.4","11.1","0.0"
"20211126","措备","合备","7.2","12.0","3.6","8.8","0.0","0.0","0.0","0.0","0.0","0.0","9.1","5.2","0.0","12.49","8.85","0.0","43.3","63.8","0.0","0.0","7.0","0.0","0.0","0.0","0.0","8.8","5.5","0.0"
"20211125","措备","合备","9.0","16.2","1.9","7.2","0.0","0.0","0.0","0.0","0.0","0.0","8.5","8.9","0.0","10.78","12.19","0.0","53.9","53.5","0.0","1.4","2.4","0.0","0.0","0.0","0.0","9.3","6.9","0.0"
"20211124","措备","合备","7.7","12.9","3.8","5.6","0.0","0.0","0.0","0.0","0.0","0.0","8.5","5.0","0.0","11.49","9.59","0.0","48.0","58.4","0.0","2.4","4.9","0.0","0.0","0.0","0.0","10.3","3.9","0.0"
"20211123","措备","合备","4.4","7.7","1.3","5.9","0.0","0.0","0.0","0.0","0.0","0.0","7.8","9.2","0.0","10.86","12.63","0.0","51.4","49.1","0.0","3.8","0.4","0.0","0.0","0.0","0.0","9.3","7.8","0.0"
"20211122","措备","合备","7.4","12.1","3.5","9.2","0.0","0.0","0.0","0.4","1.4","0.0","2.2","0.1","0.0","7.13","4.16","0.0","57.4","74.4","0.0","6.8","8.4","0.0","0.0","0.0","0.0","13.2","8.8","0.0"
"20211121","措备","合备","11.4","16.9","6.4","7.1","0.0","0.0","0.0","0.0","0.0","0.0","2.1","2.1","0.0","6.98","6.77","0.0","77.4","72.4","0.0","8.1","6.4","0.0","0.0","0.0","0.0","4.0","5.3","0.0"
"20211120","措备","合备","10.7","18.9","5.1","9.4","0.0","0.0","0.0","0.0","0.0","0.0","8.1","8.6","0.0","10.62","12.14","0.0","76.6","62.8","0.0","0.8","3.9","0.0","0.0","0.0","0.0","3.7","9.1","0.0"
"20211119","措备","合备","11.0","18.8","3.6","19.4","0.0","0.0","0.0","0.0","19.0","0.0","8.8","1.7","0.0","11.59","4.71","0.0","72.5","78.0","0.0","1.8","8.1","0.0","0.0","0.0","0.0","6.7","10.1","0.0"
"20211118","措备","合备","10.5","18.1","4.4","18.9","0.0","0.0","0.0","0.0","0.0","0.0","8.7","0.9","0.0","11.72","7.58","0.0","62.6","74.6","0.0","1.3","8.0","0.0","0.0","0.0","0.0","4.7","7.8","0.0"
"20211117","措备","合备","9.6","15.8","1.9","14.7","0.0","0.0","0.0","0.0","0.4","0.0","8.8","3.4","0.0","12.58","8.62","0.0","53.6","75.3","0.0","3.3","6.9","0.0","0.0","0.0","0.0","5.1","4.1","0.0"
"20211116","措备","合备","9.3","17.1","3.3","12.3","0.0","0.0","0.0","0.0","0.0","0.0","8.8","8.4","0.0","12.24","11.12","0.0","61.0","70.1","0.0","1.6","2.5","0.0","0.0","0.0","0.0","5.9","7.2","0.0"
"20211115","措备","合备","9.7","17.4","4.2","10.9","0.0","0.0","0.0","0.0","0.0","0.0","7.6","7.9","0.0","12.15","10.88","0.0","65.9","76.6","0.0","2.1","2.0","0.0","0.0","0.0","0.0","5.2","5.7","0.0"
"20211114","措备","合备","9.6","17.7","3.0","11.3","0.0","0.0","0.0","0.0","0.0","0.0","8.4","6.5","0.0","11.81","10.73","0.0","72.3","71.6","0.0","0.4","1.6","0.0","0.0","0.0","0.0","5.3","6.3","0.0"
"20211113","措备","合备","7.8","15.1","1.5","10.9","0.0","0.0","0.0","0.0","0.0","0.0","9.1","8.9","0.0","13.43","12.03","0.0","70.0","57.3","0.0","0.4","0.0","0.0","0.0","0.0","0.0","5.3","4.6","0.0"
"20211112","措备","合备","7.4","10.4","5.6","9.4","0.0","0.0","0.0","0.0","0.0","0.0","5.5","9.5","0.0","9.47","13.3","0.0","55.8","59.3","0.0","4.3","0.0","0.0","0.0","0.0","0.0","9.7","4.3","0.0"
"20211111","措备","合备","8.7","12.8","6.7","8.2","0.0","0.0","0.0","0.0","0.0","0.0","5.6","9.5","0.0","10.13","13.58","0.0","55.1","52.0","0.0","3.4","0.0","0.0","0.0","0.0","0.0","9.2","2.8","0.0"
"20211110","措备","合备","8.1","11.6","5.9","9.4","0.0","0.0","0.0","0.4","0.0","0.0","1.5","9.9","0.0","5.89","14.17","0.0","68.3","42.5","0.0","7.3","0.6","0.0","0.0","0.0","0.0","7.8","7.2","0.0"
"20211109","措备","合备","9.0","12.5","6.5","8.2","0.0","0.0","0.0","0.0","0.0","0.0","3.4","9.8","0.0","7.28","14.6","0.0","61.5","34.1","0.0","7.6","2.1","0.0","0.0","0.0","0.0","7.9","9.0","0.0"
"20211108","措备","合备","10.9","17.4","8.2","11.2","0.0","0.0","0.0","26.8","0.0","0.0","0.6","9.3","0.0","2.25","13.75","0.0","76.9","39.4","0.0","6.4","0.5","0.0","0.0","0.0","0.0","9.5","10.8","0.0"
"20211107","措备","合备","14.2","20.1","8.8","14.4","0.0","0.0","0.0","0.0","0.0","0.0","6.9","8.3","0.0","12.61","12.63","0.0","71.3","58.9","0.0","5.0","1.1","0.0","0.0","0.0","0.0","8.9","7.9","0.0"
"20211106","措备","合备","13.0","20.8","7.1","12.1","0.0","0.0","0.0","0.0","0.0","0.0","9.0","0.0","0.0","13.35","3.13","0.0","72.1","56.9","0.0","0.4","8.6","0.0","0.0","0.0","0.0","7.9","3.0","0.0"
"20211105","措备","合备","12.5","19.5","5.4","8.7","0.0","0.0","0.0","0.0","0.0","0.0","7.7","9.1","0.0","11.94","13.88","0.0","73.5","49.4","0.0","2.8","4.0","0.0","0.0","0.0","0.0","6.0","3.2","0.0"
"20211104","措备","合备","12.3","20.5","6.4","6.7","0.0","0.0","0.0","0.0","0.0","0.0","9.4","9.9","0.0","13.9","15.64","0.0","64.6","39.4","0.0","0.1","0.0","0.0","0.0","0.0","0.0","5.9","9.8","0.0"
"20211103","措备","合备","12.2","19.3","6.2","7.5","0.0","0.0","0.0","0.0","0.0","0.0","9.3","9.3","0.0","14.18","14.86","0.0","67.6","46.4","0.0","1.3","1.5","0.0","0.0","0.0","0.0","6.2","12.9","0.0"
"20211102","措备","合备","13.0","18.6","7.6","13.0","0.0","0.0","0.0","0.0","0.0","0.0","8.9","5.5","0.0","13.9","10.75","0.0","64.5","62.6","0.0","2.8","5.1","0.0","0.0","0.0","0.0","5.8","6.5","0.0"
"20211101","措备","合备","14.3","20.1","7.7","12.1","0.0","0.0","0.0","0.0","3.1","0.0","8.9","0.0","0.0","13.15","3.25","0.0","64.3","86.6","0.0","3.5","10.0","0.0","0.0","0.0","0.0","5.7","3.4","0.0"
"20211031","措备","合备","12.8","21.6","6.4","11.4","0.0","0.0","0.0","0.0","0.0","0.0","9.8","9.1","0.0","14.67","14.13","0.0","70.1","69.0","0.0","0.3","3.6","0.0","0.0","0.0","0.0","4.1","4.2","0.0"
"20211030","措备","合备","11.8","17.8","7.6","11.7","0.0","0.0","0.0","0.0","0.0","0.0","0.4","7.5","0.0","7.43","13.07","0.0","79.3","70.1","0.0","6.6","2.3","0.0","0.0","0.0","0.0","3.1","7.7","0.0"
"20211029","措备","合备","12.8","18.9","7.3","12.0","0.0","0.0","0.0","0.0","0.0","0.0","7.7","9.2","0.0","13.26","14.22","0.0","70.5","53.6","0.0","3.9","3.1","0.0","0.0","0.0","0.0","7.2","5.0","0.0"
"20211028","措备","合备","13.9","20.6","5.7","16.1","0.0","0.0","0.0","0.0","0.0","0.0","9.6","5.2","0.0","15.43","10.2","0.0","57.6","50.8","0.0","1.0","5.8","0.0","0.0","0.0","0.0","7.9","6.6","0.0"
"20211027","措备","合备","14.1","21.4","9.5","13.4","0.0","0.0","0.0","0.0","0.0","0.0","9.3","9.6","0.0","13.82","13.99","0.0","61.6","65.8","0.0","2.6","1.9","0.0","0.0","0.0","0.0","6.6","4.1","0.0"
"20211026","措备","合备","12.0","20.2","5.0","13.4","0.0","0.0","0.0","0.0","0.0","0.0","9.2","9.7","0.0","14.61","15.21","0.0","67.0","61.6","0.0","4.1","1.6","0.0","0.0","0.0","0.0","4.2","4.9","0.0"
"20211025","措备","合备","12.4","20.4","7.0","14.0","0.0","0.0","0.0","0.0","0.0","0.0","10.1","9.2","0.0","15.65","16.35","0.0","67.9","53.5","0.0","1.8","3.5","0.0","0.0","0.0","0.0","4.5","9.1","0.0"
"20211024","措备","合备","11.8","19.9","5.2","11.3","0.0","0.0","0.0","0.0","0.0","0.0","9.4","10.3","0.0","15.61","16.95","0.0","70.8","41.3","0.0","5.9","0.0","0.0","0.0","0.0","0.0","5.0","10.3","0.0"
"20211023","措备","合备","11.7","19.3","5.5","11.7","0.0","0.0","0.0","0.0","0.0","0.0","10.0","10.3","0.0","15.44","17.27","0.0","68.1","45.4","0.0","0.3","0.3","0.0","0.0","0.0","0.0","4.2","9.5","0.0"
"20211022","措备","合备","11.8","18.0","6.2","15.0","0.0","0.0","0.0","0.0","0.0","0.0","9.9","0.7","0.0","16.07","7.37","0.0","65.6","75.9","0.0","2.0","7.9","0.0","0.0","0.0","0.0","8.4","8.3","0.0"
"20211021","措备","合备","11.4","16.9","6.0","13.7","0.0","0.0","0.0","0.0","12.0","0.0","6.1","0.3","0.0","12.74","6.46","0.0","79.0","86.9","0.0","5.0","8.8","0.0","0.0","0.0","0.0","4.6","3.6","0.0"
"20211020","措备","合备","10.7","17.4","5.1","14.7","0.0","0.0","0.0","0.0","0.0","0.0","10.3","10.0","0.0","16.58","16.58","0.0","68.8","71.9","0.0","1.8","0.1","0.0","0.0","0.0","0.0","3.6","7.5","0.0"
"20211019","措备","合备","11.6","18.2","6.8","14.2","0.0","0.0","0.0","0.0","0.0","0.0","7.5","9.9","0.0","14.12","16.25","0.0","65.8","69.0","0.0","4.1","2.8","0.0","0.0","0.0","0.0","10.1","4.7","0.0"
"20211018","措备","合备","9.2","17.6","2.0","14.1","0.0","0.0","0.0","0.0","0.0","0.0","10.8","10.5","0.0","17.94","18.03","0.0","59.6","63.9","0.0","1.6","2.0","0.0","0.0","0.0","0.0","4.9","5.6","0.0"
"20211017","措备","合备","7.9","13.8","3.7","14.5","0.0","0.0","0.0","0.0","0.0","0.0","10.8","10.3","0.0","18.79","16.62","0.0","45.4","70.4","0.0","0.4","0.0","0.0","0.0","0.0","0.0","6.8","6.4","0.0"
"20211016","措备","合备","14.3","17.4","8.1","13.4","0.0","0.0","0.0","12.8","0.0","0.0","0.1","0.8","0.0","4.65","6.95","0.0","64.4","72.9","0.0","9.1","8.0","0.0","0.0","0.0","0.0","9.3","3.0","0.0"
"20211015","措备","合备","19.2","24.0","16.2","14.5","0.0","0.0","0.0","10.5","0.0","0.0","3.7","10.3","0.0","9.38","17.2","0.0","81.3","55.3","0.0","7.1","4.0","0.0","0.0","0.0","0.0","4.4","5.5","0.0"
"20211014","措备","合备","19.6","26.0","14.6","13.7","0.0","0.0","0.0","0.0","0.0","0.0","8.1","4.8","0.0","15.81","12.95","0.0","81.5","64.5","0.0","2.4","4.4","0.0","0.0","0.0","0.0","5.2","7.6","0.0"
"20211013","措备","合备","18.2","21.7","14.7","16.0","0.0","0.0","0.0","0.6","0.0","0.0","0.2","7.5","0.0","8.49","16.29","0.0","80.9","53.0","0.0","8.6","3.8","0.0","0.0","0.0","0.0","6.5","6.8","0.0"
"20211012","措备","合备","15.9","17.3","14.7","17.5","0.0","0.0","0.0","10.6","0.0","0.0","0.0","4.6","0.0","3.59","12.26","0.0","91.0","72.0","0.0","10.0","4.3","0.0","0.0","0.0","0.0","5.4","6.3","0.0"
"20211011","措备","合备","17.8","25.1","15.4","16.5","0.0","0.0","0.0","23.1","0.0","0.0","0.0","3.5","0.0","2.65","12.34","0.0","88.4","71.5","0.0","9.9","5.5","0.0","0.0","0.0","0.0","9.4","4.4","0.0"
"20211010","措备","合备","25.1","31.8","20.0","18.1","0.0","0.0","0.0","0.2","0.0","0.0","8.3","4.0","0.0","16.84","12.41","0.0","75.1","62.5","0.0","4.9","7.3","0.0","0.0","0.0","0.0","6.7","7.8","0.0"
"20211009","措备","合备","23.4","28.9","20.6","18.6","0.0","0.0","0.0","0.0","0.0","0.0","6.2","5.5","0.0","14.93","12.95","0.0","81.8","56.0","0.0","6.5","6.5","0.0","0.0","0.0","0.0","5.9","12.2","0.0"
"20211008","措备","合备","22.2","25.3","20.9","18.3","0.0","0.0","0.0","0.0","0.0","0.0","0.8","7.3","0.0","9.28","15.86","0.0","79.8","54.6","0.0","9.3","3.9","0.0","0.0","0.0","0.0","6.3","11.5","0.0"
"20211007","措备","合备","23.3","28.6","18.4","17.1","0.0","0.0","0.0","0.0","0.0","0.0","6.6","6.3","0.0","14.2","14.46","0.0","73.8","66.3","0.0","5.5","6.5","0.0","0.0","0.0","0.0","5.3","9.6","0.0"
"20211006","措备","合备","22.1","26.5","19.7","16.2","0.0","0.0","0.0","0.0","0.0","0.0","5.3","10.8","0.0","13.27","19.52","0.0","80.4","54.5","0.0","6.4","2.9","0.0","0.0","0.0","0.0","7.2","5.3","0.0"
"20211005","措备","合备","24.0","30.1","19.7","15.8","0.0","0.0","0.0","0.0","0.0","0.0","9.0","10.7","0.0","18.36","19.37","0.0","74.5","43.5","0.0","3.8","3.5","0.0","0.0","0.0","0.0","5.5","10.3","0.0"
"20211004","措备","合备","24.3","31.5","16.6","20.3","0.0","0.0","0.0","0.0","0.1","0.0","7.6","0.0","0.0","16.37","5.22","0.0","67.8","71.6","0.0","5.6","9.5","0.0","0.0","0.0","0.0","5.8","7.7","0.0"
"20211003","措备","合备","22.4","30.9","16.0","21.5","0.0","0.0","0.0","0.0","1.0","0.0","10.0","5.7","0.0","18.39","14.63","0.0","71.0","75.0","0.0","1.5","7.8","0.0","0.0","0.0","0.0","3.9","3.7","0.0"
"20211002","措备","合备","22.3","29.1","17.4","20.7","0.0","0.0","0.0","0.0","0.0","0.0","10.3","9.0","0.0","18.69","18.0","0.0","71.3","71.4","0.0","0.6","4.8","0.0","0.0","0.0","0.0","6.1","5.6","0.0"
"20211001","措备","合备","21.6","28.9","15.4","18.4","0.0","0.0","0.0","0.0","0.0","0.0","10.5","10.4","0.0","18.9","19.29","0.0","77.8","74.1","0.0","0.6","3.8","0.0","0.0","0.0","0.0","4.3","6.1","0.0"
"20210930","措备","合备","21.9","27.0","18.1","18.6","0.0","0.0","0.0","7.6","0.0","0.0","7.7","6.4","0.0","17.0","16.0","0.0","82.0","70.4","0.0","4.4","4.4","0.0","0.0","0.0","0.0","6.7","6.7","0.0"
"20210929","措备","合备","22.4","27.3","19.8","18.3","0.0","0.0","0.0","11.3","0.0","0.0","1.1","9.3","0.0","8.28","18.58","0.0","93.9","67.8","0.0","9.8","4.6","0.0","0.0","0.0","0.0","4.0","5.8","0.0"
"20210928","措备","合备","21.8","26.0","19.0","17.6","0.0","0.0","0.0","0.0","0.0","0.0","2.5","10.8","0.0","11.81","20.27","0.0","75.8","72.9","0.0","9.1","1.9","0.0","0.0","0.0","0.0","6.4","6.3","0.0"
"20210927","措备","合备","20.4","24.8","17.8","18.8","0.0","0.0","0.0","0.0","0.0","0.0","2.1","5.7","0.0","10.46","13.49","0.0","73.1","68.6","0.0","8.3","4.4","0.0","0.0","0.0","0.0","7.9","7.5","0.0"
"20210926","措备","合备","20.5","24.9","17.9","19.4","0.0","0.0","0.0","0.0","0.0","0.0","2.6","4.7","0.0","12.34","14.29","0.0","74.1","70.4","0.0","7.6","5.8","0.0","0.0","0.0","0.0","7.4","5.6","0.0"
"20210925","措备","合备","20.6","23.6","17.5","19.7","0.0","0.0","0.0","1.2","0.0","0.0","0.2","4.8","0.0","8.88","12.85","0.0","84.8","70.4","0.0","8.9","5.1","0.0","0.0","0.0","0.0","7.3","7.5","0.0"
"20210924","措备","合备","19.7","25.8","15.1","19.6","0.0","0.0","0.0","0.0","0.0","0.0","6.1","2.4","0.0","15.56","11.41","0.0","82.1","70.4","0.0","4.3","5.9","0.0","0.0","0.0","0.0","8.9","7.0","0.0"
"20210923","措备","合备","21.6","26.6","17.6","18.7","0.0","0.0","0.0","0.0","0.0","0.0","9.7","1.8","0.0","19.48","11.34","0.0","63.6","69.8","0.0","2.5","8.5","0.0","0.0","0.0","0.0","9.4","8.3","0.0"
"20210922","措备","合备","24.1","29.6","18.2","17.5","0.0","0.0","0.0","0.0","0.0","0.0","10.2","5.1","0.0","18.37","13.65","0.0","67.4","76.4","0.0","1.5","5.8","0.0","0.0","0.0","0.0","9.6","9.4","0.0"
"20210921","措备","合备","22.9","26.5","20.0","18.0","0.0","0.0","0.0","9.0","0.0","0.0","1.8","10.6","0.0","6.14","18.62","0.0","90.6","69.3","0.0","5.8","3.3","0.0","0.0","0.0","0.0","6.8","7.7","0.0"
"20210920","措备","合备","21.7","26.3","16.6","19.7","0.0","0.0","0.0","0.0","0.0","0.0","5.2","11.6","0.0","13.23","22.03","0.0","79.1","59.8","0.0","4.8","0.1","0.0","0.0","0.0","0.0","7.6","9.6","0.0"
"20210919","措备","合备","21.7","27.1","17.2","20.5","0.0","0.0","0.0","0.0","0.0","0.0","10.5","10.8","0.0","20.15","19.62","0.0","76.3","63.1","0.0","2.5","3.4","0.0","0.0","0.0","0.0","6.9","6.2","0.0"
"20210918","措备","合备","21.5","26.6","16.9","20.5","0.0","0.0","0.0","0.0","1.9","0.0","7.8","4.0","0.0","15.86","13.91","0.0","79.1","71.1","0.0","4.4","6.6","0.0","0.0","0.0","0.0","6.4","6.3","0.0"
"20210917","措备","合备","20.5","22.6","18.1","21.5","0.0","0.0","0.0","4.1","1.7","0.0","0.0","0.0","0.0","6.35","6.17","0.0","82.5","87.0","0.0","9.3","9.3","0.0","0.0","0.0","0.0","7.3","4.7","0.0"
"20210916","措备","合备","22.2","25.8","16.9","21.7","0.0","0.0","0.0","0.0","1.3","0.0","6.0","0.1","0.0","14.69","7.27","0.0","71.6","85.8","0.0","6.9","9.0","0.0","0.0","0.0","0.0","8.6","4.1","0.0"
"20210915","措备","合备","22.7","26.7","19.3","22.9","0.0","0.0","0.0","0.0","0.0","0.0","10.7","7.8","0.0","22.49","18.62","0.0","61.6","71.5","0.0","4.5","6.3","0.0","0.0","0.0","0.0","11.3","6.0","0.0"
"20210914","措备","合备","22.5","24.5","20.8","22.5","0.0","0.0","0.0","0.0","0.0","0.0","0.0","9.8","0.0","7.2","20.89","0.0","68.9","71.0","0.0","8.6","6.4","0.0","0.0","0.0","0.0","8.0","5.9","0.0"
"20210913","措备","合备","23.1","25.8","20.9","20.9","0.0","0.0","0.0","0.0","0.0","0.0","0.6","4.0","0.0","13.21","15.39","0.0","66.3","76.1","0.0","8.9","7.9","0.0","0.0","0.0","0.0","8.5","4.7","0.0"
"20210912","措备","合备","24.3","30.8","18.2","19.9","0.0","0.0","0.0","0.0","3.8","0.0","8.8","0.0","0.0","19.56","5.52","0.0","65.3","90.9","0.0","5.1","9.8","0.0","0.0","0.0","0.0","7.2","4.8","0.0"
"20210911","措备","合备","23.8","30.9","18.5","21.7","0.0","0.0","0.0","0.0","3.3","0.0","9.5","0.3","0.0","21.84","8.58","0.0","65.4","81.8","0.0","1.5","9.9","0.0","0.0","0.0","0.0","3.4","7.5","0.0"
"20210910","措备","合备","22.6","26.3","20.2","23.3","0.0","0.0","0.0","0.0","1.6","0.0","0.2","5.5","0.0","7.75","14.34","0.0","75.5","72.6","0.0","7.0","7.9","0.0","0.0","0.0","0.0","4.3","3.9","0.0"
"20210909","措备","合备","23.7","29.6","18.7","23.9","0.0","0.0","0.0","0.0","1.2","0.0","6.1","5.2","0.0","18.87","14.51","0.0","67.1","70.9","0.0","7.6","4.9","0.0","0.0","0.0","0.0","2.9","6.4","0.0"
"20210908","措备","合备","23.7","28.8","20.1","25.4","0.0","0.0","0.0","0.0","0.0","0.0","6.7","9.7","0.0","17.91","19.31","0.0","68.8","62.0","0.0","4.5","2.9","0.0","0.0","0.0","0.0","5.5","8.6","0.0"
"20210907","措备","合备","22.2","25.5","19.9","23.4","0.0","0.0","0.0","0.0","34.4","0.0","0.2","0.1","0.0","7.02","5.44","0.0","86.0","72.4","0.0","8.9","8.3","0.0","0.0","0.0","0.0","6.1","13.3","0.0"
"20210906","措备","合备","21.8","25.6","19.4","19.5","0.0","0.0","0.0","4.8","18.3","0.0","1.6","0.0","0.0","12.22","3.9","0.0","78.3","93.4","0.0","9.8","10.0","0.0","0.0","0.0","0.0","9.9","5.6","0.0"
"20210905","措备","合备","21.8","25.1","19.3","19.9","0.0","0.0","0.0","0.4","4.0","0.0","1.0","0.0","0.0","10.65","4.8","0.0","68.5","85.3","0.0","8.8","9.6","0.0","0.0","0.0","0.0","6.5","8.3","0.0"
"20210904","措备","合备","22.4","26.8","18.8","24.1","0.0","0.0","0.0","0.0","0.0","0.0","7.7","10.1","0.0","19.33","21.34","0.0","66.4","62.0","0.0","7.4","1.9","0.0","0.0","0.0","0.0","7.5","5.0","0.0"
"20210903","措备","合备","20.5","22.7","19.3","27.0","0.0","0.0","0.0","3.8","44.8","0.0","0.7","9.0","0.0","10.18","20.58","0.0","86.5","57.8","0.0","9.1","4.8","0.0","0.0","0.0","0.0","6.3","17.8","0.0"
"20210902","措备","合备","21.8","24.7","20.1","26.1","0.0","0.0","0.0","1.2","44.7","0.0","0.9","0.0","0.0","10.13","5.0","0.0","77.1","84.8","0.0","9.4","10.0","0.0","0.0","0.0","0.0","7.2","16.6","0.0"
"20210901","措备","合备","21.9","28.2","20.0","25.6","0.0","0.0","0.0","40.7","0.0","0.0","0.2","0.5","0.0","5.8","11.31","0.0","90.8","72.6","0.0","9.9","9.4","0.0","0.0","0.0","0.0","6.8","6.9","0.0"
"20210831","措备","合备","24.4","29.1","21.5","25.4","0.0","0.0","0.0","15.2","0.0","0.0","3.0","0.4","0.0","14.04","9.67","0.0","74.0","73.4","0.0","8.9","7.6","0.0","0.0","0.0","0.0","7.0","8.2","0.0"
"20210830","措备","合备","25.2","30.6","22.0","28.6","0.0","0.0","0.0","0.2","28.8","0.0","4.7","5.1","0.0","16.11","15.64","0.0","68.4","70.9","0.0","8.4","7.3","0.0","0.0","0.0","0.0","4.2","8.1","0.0"
"20210829","措备","合备","23.6","26.6","21.3","29.8","0.0","0.0","0.0","7.0","0.5","0.0","1.4","5.9","0.0","8.2","16.7","0.0","78.0","65.4","0.0","8.4","7.5","0.0","0.0","0.0","0.0","4.3","5.2","0.0"
"20210828","措备","合备","25.6","31.9","20.9","28.8","0.0","0.0","0.0","0.0","0.0","0.0","9.8","2.7","0.0","22.35","15.45","0.0","61.8","73.0","0.0","4.6","8.4","0.0","0.0","0.0","0.0","5.0","5.3","0.0"
"20210827","措备","合备","23.7","28.7","21.5","28.4","0.0","0.0","0.0","13.7","7.1","0.0","1.9","2.9","0.0","8.75","13.9","0.0","84.3","74.1","0.0","8.0","8.9","0.0","0.0","0.0","0.0","9.0","8.5","0.0"
"20210826","措备","合备","27.4","34.4","22.9","29.4","0.0","0.0","0.0","6.0","0.0","0.0","9.9","6.9","0.0","22.88","19.74","0.0","64.6","67.8","0.0","5.3","7.5","0.0","0.0","0.0","0.0","5.9","9.5","0.0"
"20210825","措备","合备","25.3","27.7","22.9","29.9","0.0","0.0","0.0","7.7","0.0","0.0","0.2","11.4","0.0","7.83","22.79","0.0","85.6","65.1","0.0","8.6","2.0","0.0","0.0","0.0","0.0","4.8","5.8","0.0"
"20210824","措备","合备","24.4","29.2","21.5","28.5","0.0","0.0","0.0","69.0","0.0","0.0","0.4","8.3","0.0","4.29","18.75","0.0","87.0","67.8","0.0","9.1","2.4","0.0","0.0","0.0","0.0","8.9","4.4","0.0"
"20210823","措备","合备","23.1","24.9","21.2","28.2","0.0","0.0","0.0","26.3","0.0","0.0","0.0","8.0","0.0","4.98","19.2","0.0","87.8","66.4","0.0","9.9","6.8","0.0","0.0","0.0","0.0","8.6","5.4","0.0"
"20210822","措备","合备","26.1","31.5","22.1","26.9","0.0","0.0","0.0","0.0","0.0","0.0","4.6","5.0","0.0","15.97","18.59","0.0","70.6","69.8","0.0","7.6","8.1","0.0","0.0","0.0","0.0","6.5","6.6","0.0"
"20210821","措备","合备","23.1","25.8","21.9","27.2","0.0","0.0","0.0","30.9","0.0","0.0","0.0","5.4","0.0","3.6","18.04","0.0","88.3","71.8","0.0","8.6","5.1","0.0","0.0","0.0","0.0","5.6","8.1","0.0"
"20210820","措备","合备","25.0","31.9","19.7","29.6","0.0","0.0","0.0","0.0","0.0","0.0","9.1","12.2","0.0","20.98","25.01","0.0","67.6","60.0","0.0","4.5","0.9","0.0","0.0","0.0","0.0","5.2","5.9","0.0"
"20210819","措备","合备","24.3","28.3","21.6","30.5","0.0","0.0","0.0","1.0","0.0","0.0","1.1","12.5","0.0","11.75","25.7","0.0","67.6","59.4","0.0","7.6","0.3","0.0","0.0","0.0","0.0","6.0","6.7","0.0"
"20210818","措备","合备","23.1","26.1","21.2","30.0","0.0","0.0","0.0","1.3","0.0","0.0","1.0","12.0","0.0","10.22","25.44","0.0","76.3","63.3","0.0","8.4","1.6","0.0","0.0","0.0","0.0","8.2","5.2","0.0"
"20210817","措备","合备","23.6","26.9","21.7","29.6","0.0","0.0","0.0","0.2","0.0","0.0","0.1","11.6","0.0","7.77","25.61","0.0","70.3","66.5","0.0","8.9","4.6","0.0","0.0","0.0","0.0","4.8","6.7","0.0"
"20210816","措备","合备","23.5","27.5","20.8","30.4","0.0","0.0","0.0","0.0","0.0","0.0","3.7","10.0","0.0","15.65","22.0","0.0","68.4","64.0","0.0","8.1","3.6","0.0","0.0","0.0","0.0","7.9","5.6","0.0"
"20210815","措备","合备","23.5","28.2","20.9","31.4","0.0","0.0","0.0","0.8","0.0","0.0","3.2","9.8","0.0","13.63","19.7","0.0","74.0","60.9","0.0","8.1","4.9","0.0","0.0","0.0","0.0","6.8","5.8","0.0"
"20210814","措备","合备","23.3","26.6","21.7","31.2","0.0","0.0","0.0","13.6","0.0","0.0","0.8","11.9","0.0","10.28","24.17","0.0","79.6","64.3","0.0","8.8","4.4","0.0","0.0","0.0","0.0","6.2","8.6","0.0"
"20210813","措备","合备","25.7","30.2","23.4","30.3","0.0","0.0","0.0","0.0","0.0","0.0","2.5","10.5","0.0","16.0","23.4","0.0","69.4","68.1","0.0","7.9","4.8","0.0","0.0","0.0","0.0","8.3","7.0","0.0"
"20210812","措备","合备","26.1","30.9","21.6","28.7","0.0","0.0","0.0","0.0","0.0","0.0","6.1","5.7","0.0","19.85","16.11","0.0","71.3","79.4","0.0","6.8","7.6","0.0","0.0","0.0","0.0","6.7","5.4","0.0"
"20210811","措备","合备","25.6","32.5","21.9","27.6","0.0","0.0","0.0","8.9","4.8","0.0","6.0","4.4","0.0","19.94","14.65","0.0","76.1","81.8","0.0","6.3","7.1","0.0","0.0","0.0","0.0","6.4","5.2","0.0"
"20210810","措备","合备","23.5","27.8","21.0","26.1","0.0","0.0","0.0","13.6","18.1","0.0","1.8","0.3","0.0","10.03","6.2","0.0","80.6","90.1","0.0","8.0","9.6","0.0","0.0","0.0","0.0","6.5","10.0","0.0"
"20210809","措备","合备","27.4","33.0","23.1","28.3","0.0","0.0","0.0","0.3","0.5","0.0","7.0","7.2","0.0","19.4","19.14","0.0","58.5","71.6","0.0","7.0","7.4","0.0","0.0","0.0","0.0","6.2","7.0","0.0"
"20210808","措备","合备","25.4","29.0","23.2","23.7","0.0","0.0","0.0","1.2","168.2","0.0","0.5","0.0","0.0","7.69","2.78","0.0","82.8","96.9","0.0","9.6","9.6","0.0","0.0","0.0","0.0","8.0","4.1","0.0"
"20210807","措备","合备","29.1","37.0","23.1","24.6","0.0","0.0","0.0","13.2","84.7","0.0","8.0","0.0","0.0","20.41","2.96","0.0","68.1","93.6","0.0","6.1","9.8","0.0","0.0","0.0","0.0","8.1","5.8","0.0"
"20210806","措备","合备","30.2","36.8","25.0","28.5","0.0","0.0","0.0","0.0","9.9","0.0","10.1","1.0","0.0","23.28","8.02","0.0","61.8","72.6","0.0","3.1","8.6","0.0","0.0","0.0","0.0","7.0","7.6","0.0"
"20210805","措备","合备","30.8","36.9","25.1","28.9","0.0","0.0","0.0","0.0","0.0","0.0","9.8","2.9","0.0","24.13","13.76","0.0","62.9","68.9","0.0","3.0","9.4","0.0","0.0","0.0","0.0","5.1","8.5","0.0"
"20210804","措备","合备","30.1","35.5","25.0","29.3","0.0","0.0","0.0","0.0","0.0","0.0","8.7","8.3","0.0","21.16","20.67","0.0","65.1","66.8","0.0","2.6","6.5","0.0","0.0","0.0","0.0","4.4","6.1","0.0"
"20210803","措备","合备","29.0","33.5","24.7","29.1","0.0","0.0","0.0","0.0","0.0","0.0","6.2","3.2","0.0","18.36","16.36","0.0","69.3","66.3","0.0","6.0","8.1","0.0","0.0","0.0","0.0","4.9","7.7","0.0"
"20210802","措备","合备","27.7","32.9","25.0","28.6","0.0","0.0","0.0","0.0","0.0","0.0","3.8","3.3","0.0","16.33","15.38","0.0","80.4","69.6","0.0","7.3","8.4","0.0","0.0","0.0","0.0","7.3","6.5","0.0"
"20210801","措备","合备","28.1","35.1","25.0","27.7","0.0","0.0","0.0","26.2","0.1","0.0","5.3","4.7","0.0","17.44","18.91","0.0","78.6","74.9","0.0","7.8","8.4","0.0","0.0","0.0","0.0","6.6","4.8","0.0"
"20210731","措备","合备","29.9","37.2","25.3","26.1","0.0","0.0","0.0","5.4","0.4","0.0","7.5","2.5","0.0","21.71","14.74","0.0","62.9","81.0","0.0","6.6","8.9","0.0","0.0","0.0","0.0","6.2","5.1","0.0"
"20210730","措备","合备","30.6","35.9","25.3","23.1","0.0","0.0","0.0","0.0","36.0","0.0","9.9","0.9","0.0","21.52","6.49","0.0","53.5","91.8","0.0","6.0","8.6","0.0","0.0","0.0","0.0","5.5","5.7","0.0"
"20210729","措备","合备","29.5","35.2","23.4","23.1","0.0","0.0","0.0","0.0","3.9","0.0","8.7","0.0","0.0","22.31","6.61","0.0","58.4","94.4","0.0","5.3","9.6","0.0","0.0","0.0","0.0","4.6","6.0","0.0"
"20210728","措备","合备","28.2","34.2","23.1","22.3","0.0","0.0","0.0","0.0","14.6","0.0","11.3","0.0","0.0","24.74","6.19","0.0","62.8","91.8","0.0","1.8","10.0","0.0","0.0","0.0","0.0","7.7","6.2","0.0"
"20210727","措备","合备","28.1","34.4","23.3","22.6","0.0","0.0","0.0","0.0","16.9","0.0","10.6","0.0","0.0","22.79","7.33","0.0","62.0","89.9","0.0","3.0","9.8","0.0","0.0","0.0","0.0","8.9","6.4","0.0"
"20210726","措备","合备","28.5","33.9","23.4","25.0","0.0","0.0","0.0","0.0","0.0","0.0","12.5","6.2","0.0","27.56","19.14","0.0","58.9","75.0","0.0","2.3","8.6","0.0","0.0","0.0","0.0","7.1","4.7","0.0"
"20210725","措备","合备","28.0","32.9","23.7","21.9","0.0","0.0","0.0","0.0","13.7","0.0","7.3","0.0","0.0","19.24","9.67","0.0","68.4","93.6","0.0","7.1","10.0","0.0","0.0","0.0","0.0","7.9","4.7","0.0"
"20210724","措备","合备","28.1","33.2","24.3","21.3","0.0","0.0","0.0","0.0","11.5","0.0","7.0","0.0","0.0","20.82","5.29","0.0","64.5","91.1","0.0","8.1","9.5","0.0","0.0","0.0","0.0","7.3","7.5","0.0"
"20210723","措备","合备","27.8","32.8","23.7","21.7","0.0","0.0","0.0","0.0","63.1","0.0","8.0","0.0","0.0","21.24","4.92","0.0","65.9","91.8","0.0","7.1","9.8","0.0","0.0","0.0","0.0","6.8","12.8","0.0"
"20210722","措备","合备","28.0","32.3","24.3","22.5","0.0","0.0","0.0","0.0","45.6","0.0","8.9","0.0","0.0","22.85","5.71","0.0","62.4","94.3","0.0","7.6","10.0","0.0","0.0","0.0","0.0","8.7","5.0","0.0"
"20210721","措备","合备","27.5","32.5","23.4","26.9","0.0","0.0","0.0","0.0","5.9","0.0","8.5","6.6","0.0","24.15","23.08","0.0","64.0","64.9","0.0","7.3","6.9","0.0","0.0","0.0","0.0","8.2","5.4","0.0"
"20210720","措备","合备","28.8","33.9","24.8","29.1","0.0","0.0","0.0","0.0","0.9","0.0","9.6","1.7","0.0","22.77","9.76","0.0","61.5","63.4","0.0","8.1","8.9","0.0","0.0","0.0","0.0","7.2","7.8","0.0"
"20210719","措备","合备","27.2","31.6","23.8","24.3","0.0","0.0","0.0","0.5","0.0","0.0","2.8","0.0","0.0","17.0","7.85","0.0","69.0","78.4","0.0","7.9","9.4","0.0","0.0","0.0","0.0","4.7","5.5","0.0"
"20210718","措备","合备","26.7","31.9","22.9","22.4","0.0","0.0","0.0","0.3","0.0","0.0","6.1","9.1","0.0","18.29","22.38","0.0","68.0","71.0","0.0","6.6","6.4","0.0","0.0","0.0","0.0","6.8","5.5","0.0"
"20210717","措备","合备","26.7","30.4","23.4","22.7","0.0","0.0","0.0","0.0","0.0","0.0","6.8","12.9","0.0","21.38","28.77","0.0","65.5","65.9","0.0","7.1","1.1","0.0","0.0","0.0","0.0","7.5","7.1","0.0"
"20210716","措备","合备","27.1","31.9","23.3","22.2","0.0","0.0","0.0","0.0","0.0","0.0","9.9","12.3","0.0","21.84","28.42","0.0","67.9","65.8","0.0","5.8","3.6","0.0","0.0","0.0","0.0","9.4","6.9","0.0"
"20210715","措备","合备","27.5","33.9","23.6","19.2","0.0","0.0","0.0","3.6","2.4","0.0","6.8","0.9","0.0","17.82","12.87","0.0","70.9","83.8","0.0","6.0","9.3","0.0","0.0","0.0","0.0","8.8","6.2","0.0"
"20210714","措备","合备","29.9","35.3","24.7","19.6","0.0","0.0","0.0","0.0","0.8","0.0","8.6","0.0","0.0","22.62","8.02","0.0","60.5","89.6","0.0","5.4","10.0","0.0","0.0","0.0","0.0","4.2","6.0","0.0"
"20210713","措备","合备","28.7","34.3","22.8","19.2","0.0","0.0","0.0","0.0","54.5","0.0","8.2","0.0","0.0","21.41","4.88","0.0","64.8","89.3","0.0","5.6","10.0","0.0","0.0","0.0","0.0","4.4","10.6","0.0"
"20210712","措备","合备","27.3","34.1","22.2","20.4","0.0","0.0","0.0","5.4","27.8","0.0","7.5","0.0","0.0","21.72","6.52","0.0","70.6","82.8","0.0","6.1","9.9","0.0","0.0","0.0","0.0","8.3","6.9","0.0"
"20210711","措备","合备","25.7","33.8","21.1","25.5","0.0","0.0","0.0","3.5","0.0","0.0","8.4","3.4","0.0","22.83","17.2","0.0","74.5","71.6","0.0","5.9","8.6","0.0","0.0","0.0","0.0","10.2","9.1","0.0"
"20210710","措备","合备","25.6","32.6","21.6","24.0","0.0","0.0","0.0","2.6","26.2","0.0","6.7","0.6","0.0","19.53","8.32","0.0","76.8","84.0","0.0","7.3","8.8","0.0","0.0","0.0","0.0","7.6","7.7","0.0"
"20210709","措备","合备","24.7","29.1","22.1","24.4","0.0","0.0","0.0","15.7","0.0","0.0","4.7","9.4","0.0","17.29","24.9","0.0","84.0","74.3","0.0","8.5","5.8","0.0","0.0","0.0","0.0","6.5","8.9","0.0"
"20210708","措备","合备","24.9","29.6","22.5","26.2","0.0","0.0","0.0","14.9","0.0","0.0","1.8","7.8","0.0","14.7","22.12","0.0","80.1","64.5","0.0","9.3","5.5","0.0","0.0","0.0","0.0","7.6","6.4","0.0"
"20210707","措备","合备","24.2","26.2","22.6","26.5","0.0","0.0","0.0","39.7","0.0","0.0","0.0","6.3","0.0","4.89","20.99","0.0","95.0","70.4","0.0","9.6","6.3","0.0","0.0","0.0","0.0","3.3","5.5","0.0"
"20210706","措备","合备","22.6","25.8","20.6","24.1","0.0","0.0","0.0","18.2","0.0","0.0","0.0","1.6","0.0","6.49","12.15","0.0","90.3","74.6","0.0","10.0","8.9","0.0","0.0","0.0","0.0","4.9","4.6","0.0"
"20210705","措备","合备","23.8","27.2","20.6","23.7","0.0","0.0","0.0","16.8","0.0","0.0","0.1","3.2","0.0","9.1","14.86","0.0","74.3","70.1","0.0","9.3","7.6","0.0","0.0","0.0","0.0","5.9","3.6","0.0"
"20210704","措备","合备","27.8","32.4","21.8","21.2","0.0","0.0","0.0","4.6","0.0","0.0","8.3","0.2","0.0","24.34","13.59","0.0","64.4","75.8","0.0","7.9","8.9","0.0","0.0","0.0","0.0","9.1","5.2","0.0"
"20210703","措备","合备","22.7","24.8","21.4","20.7","0.0","0.0","0.0","22.1","5.9","0.0","0.4","0.0","0.0","7.35","7.62","0.0","78.8","73.9","0.0","8.8","9.6","0.0","0.0","0.0","0.0","9.6","8.9","0.0"
"20210702","措备","合备","24.0","28.8","20.3","23.6","0.0","0.0","0.0","0.0","0.0","0.0","7.9","9.1","0.0","22.51","25.26","0.0","69.0","64.1","0.0","5.0","6.4","0.0","0.0","0.0","0.0","8.5","6.6","0.0"
"20210701","措备","合备","25.1","32.4","19.6","22.2","0.0","0.0","0.0","0.0","0.4","0.0","11.3","2.0","0.0","26.16","15.4","0.0","57.4","69.1","0.0","3.9","8.4","0.0","0.0","0.0","0.0","8.6","6.5","0.0"
"20210630","措备","合备","24.4","29.6","21.7","23.5","0.0","0.0","0.0","0.0","5.9","0.0","2.0","4.3","0.0","16.95","18.16","0.0","67.0","72.6","0.0","7.1","8.9","0.0","0.0","0.0","0.0","7.4","10.6","0.0"
"20210629","措备","合备","24.6","30.0","20.3","22.1","0.0","0.0","0.0","1.0","42.2","0.0","6.5","0.0","0.0","23.01","9.97","0.0","64.0","82.0","0.0","7.6","8.3","0.0","0.0","0.0","0.0","6.8","8.9","0.0"
"20210628","措备","合备","23.9","28.0","21.3","26.1","0.0","0.0","0.0","0.0","0.0","0.0","6.6","12.2","0.0","20.23","27.4","0.0","64.3","59.1","0.0","6.1","1.8","0.0","0.0","0.0","0.0","8.4","7.1","0.0"
"20210627","措备","合备","24.0","29.9","19.1","26.1","0.0","0.0","0.0","0.0","0.0","0.0","8.8","6.1","0.0","25.32","20.15","0.0","63.0","59.4","0.0","4.8","7.5","0.0","0.0","0.0","0.0","7.7","4.6","0.0"
"20210626","措备","合备","22.8","27.2","20.1","25.5","0.0","0.0","0.0","2.0","0.0","0.0","1.8","7.8","0.0","13.1","23.39","0.0","72.9","60.3","0.0","8.5","6.9","0.0","0.0","0.0","0.0","4.0","7.3","0.0"
"20210625","措备","合备","23.5","29.8","18.6","23.8","0.0","0.0","0.0","14.7","0.7","0.0","6.3","0.4","0.0","19.61","8.25","0.0","70.6","86.1","0.0","4.5","9.6","0.0","0.0","0.0","0.0","10.3","4.0","0.0"
"20210624","措备","合备","23.0","28.5","18.9","22.2","0.0","0.0","0.0","0.0","2.3","0.0","3.2","0.0","0.0","18.35","6.44","0.0","62.0","75.4","0.0","7.5","9.6","0.0","0.0","0.0","0.0","4.3","5.9","0.0"
"20210623","措备","合备","20.4","24.4","17.6","26.3","0.0","0.0","0.0","0.2","0.0","0.0","2.5","11.0","0.0","15.88","27.58","0.0","68.9","53.4","0.0","9.0","4.6","0.0","0.0","0.0","0.0","7.4","5.9","0.0"
"20210622","措备","合备","20.7","26.5","17.7","25.3","0.0","0.0","0.0","3.5","0.0","0.0","5.4","13.5","0.0","19.29","29.72","0.0","67.3","56.1","0.0","7.4","0.3","0.0","0.0","0.0","0.0","7.5","6.1","0.0"
"20210621","措备","合备","23.9","31.6","19.4","22.2","0.0","0.0","0.0","0.0","0.0","0.0","9.8","12.8","0.0","25.93","25.69","0.0","50.9","64.1","0.0","4.1","2.1","0.0","0.0","0.0","0.0","9.6","8.4","0.0"
"20210620","措备","合备","25.9","33.9","18.1","23.2","0.0","0.0","0.0","0.0","0.0","0.0","11.4","9.3","0.0","27.65","25.04","0.0","47.1","62.8","0.0","4.0","5.5","0.0","0.0","0.0","0.0","6.5","6.0","0.0"
"20210619","措备","合备","25.3","31.3","19.6","22.0","0.0","0.0","0.0","0.0","0.4","0.0","13.0","7.7","0.0","29.89","23.16","0.0","51.1","70.6","0.0","3.9","7.3","0.0","0.0","0.0","0.0","6.1","8.1","0.0"
"20210618","措备","合备","22.3","26.7","17.9","19.2","0.0","0.0","0.0","3.0","7.2","0.0","0.4","0.0","0.0","11.6","6.81","0.0","73.6","84.6","0.0","8.5","10.0","0.0","0.0","0.0","0.0","4.4","5.6","0.0"
"20210617","措备","合备","20.0","23.4","18.3","23.3","0.0","0.0","0.0","0.1","0.0","0.0","1.0","2.8","0.0","13.71","15.86","0.0","70.6","54.4","0.0","9.5","9.1","0.0","0.0","0.0","0.0","5.8","4.3","0.0"
"20210616","措备","合备","20.4","23.0","17.9","24.8","0.0","0.0","0.0","0.5","0.0","0.0","0.3","11.4","0.0","10.18","26.02","0.0","73.5","49.9","0.0","9.5","4.9","0.0","0.0","0.0","0.0","9.1","8.0","0.0"
"20210615","措备","合备","21.4","23.9","19.7","25.9","0.0","0.0","0.0","3.0","0.0","0.0","0.0","12.6","0.0","8.38","27.28","0.0","76.0","53.9","0.0","9.8","4.5","0.0","0.0","0.0","0.0","7.1","7.5","0.0"
"20210614","措备","合备","23.9","28.0","21.1","25.5","0.0","0.0","0.0","0.0","36.5","0.0","2.9","2.8","0.0","17.04","11.41","0.0","69.4","80.9","0.0","8.1","8.1","0.0","0.0","0.0","0.0","6.6","9.8","0.0"
"20210613","措备","合备","25.4","31.7","21.6","24.6","0.0","0.0","0.0","0.1","10.0","0.0","9.3","3.9","0.0","23.82","18.34","0.0","69.0","81.5","0.0","7.0","9.5","0.0","0.0","0.0","0.0","8.1","4.7","0.0"
"20210612","措备","合备","24.1","28.0","20.6","25.6","0.0","0.0","0.0","0.0","51.0","0.0","2.1","2.1","0.0","19.25","13.68","0.0","74.8","79.5","0.0","8.9","8.6","0.0","0.0","0.0","0.0","6.9","6.9","0.0"
"20210611","措备","合备","22.1","25.5","20.1","25.5","0.0","0.0","0.0","5.5","29.0","0.0","0.3","6.3","0.0","7.55","18.58","0.0","84.8","77.4","0.0","8.0","6.4","0.0","0.0","0.0","0.0","7.2","7.2","0.0"
"20210610","措备","合备","24.2","30.5","19.1","28.1","0.0","0.0","0.0","0.0","0.1","0.0","4.4","10.4","0.0","19.34","24.2","0.0","57.1","54.8","0.0","7.8","6.5","0.0","0.0","0.0","0.0","5.5","6.9","0.0"
"20210609","措备","合备","25.3","32.7","19.9","28.7","0.0","0.0","0.0","0.0","0.0","0.0","11.5","13.2","0.0","27.06","28.1","0.0","50.5","46.3","0.0","3.5","0.9","0.0","0.0","0.0","0.0","6.3","5.9","0.0"
"20210608","措备","合备","25.4","33.2","20.5","26.9","0.0","0.0","0.0","0.0","0.0","0.0","11.7","12.9","0.0","26.65","27.86","0.0","54.0","46.6","0.0","4.9","0.0","0.0","0.0","0.0","0.0","7.8","5.6","0.0"
"20210607","措备","合备","25.3","31.4","18.4","23.5","0.0","0.0","0.0","0.0","0.0","0.0","9.9","10.6","0.0","24.61","27.28","0.0","56.3","53.9","0.0","4.0","2.1","0.0","0.0","0.0","0.0","4.8","6.9","0.0"
"20210606","措备","合备","23.9","30.4","18.2","21.2","0.0","0.0","0.0","0.2","0.0","0.0","10.0","5.1","0.0","22.27","20.25","0.0","62.1","65.9","0.0","3.5","6.5","0.0","0.0","0.0","0.0","6.2","8.6","0.0"
"20210605","措备","合备","23.1","30.4","13.7","25.9","0.0","0.0","0.0","0.0","0.0","0.0","12.4","9.2","0.0","26.08","22.83","0.0","51.8","61.0","0.0","4.4","5.0","0.0","0.0","0.0","0.0","8.1","7.9","0.0"
"20210604","措备","合备","21.3","27.0","17.1","27.7","0.0","0.0","0.0","3.8","0.0","0.0","12.6","12.1","0.0","28.17","27.96","0.0","53.9","56.5","0.0","6.4","0.8","0.0","0.0","0.0","0.0","6.9","7.0","0.0"
"20210603","措备","合备","18.7","19.9","16.7","24.1","0.0","0.0","0.0","17.5","0.0","0.0","0.1","7.3","0.0","5.87","22.91","0.0","88.4","56.5","0.0","9.3","5.3","0.0","0.0","0.0","0.0","5.1","6.0","0.0"
"20210602","措备","合备","23.8","30.2","18.2","22.5","0.0","0.0","0.0","0.0","0.0","0.0","8.1","7.4","0.0","22.15","21.06","0.0","51.9","41.9","0.0","6.1","5.9","0.0","0.0","0.0","0.0","4.6","5.8","0.0"
"20210601","措备","合备","22.8","29.7","15.9","23.6","0.0","0.0","0.0","0.0","0.0","0.0","11.1","11.2","0.0","25.97","27.23","0.0","57.6","47.8","0.0","4.6","3.9","0.0","0.0","0.0","0.0","5.7","9.6","0.0"
"20210531","措备","合备","20.7","28.9","15.5","22.3","0.0","0.0","0.0","1.9","0.0","0.0","6.6","5.7","0.0","21.87","22.05","0.0","67.1","55.6","0.0","5.9","6.5","0.0","0.0","0.0","0.0","7.0","7.1","0.0"
"20210530","措备","合备","20.6","28.5","13.3","21.7","0.0","0.0","0.0","0.0","0.0","0.0","11.5","8.9","0.0","27.66","22.71","0.0","56.5","49.6","0.0","2.6","7.3","0.0","0.0","0.0","0.0","7.7","5.3","0.0"
"20210529","措备","合备","20.4","26.3","14.9","21.1","0.0","0.0","0.0","0.0","0.0","0.0","11.1","11.0","0.0","27.88","27.46","0.0","49.4","50.1","0.0","3.9","3.8","0.0","0.0","0.0","0.0","9.9","7.9","0.0"
"20210528","措备","合备","16.7","28.8","10.7","21.0","0.0","0.0","0.0","13.8","0.0","0.0","9.9","11.3","0.0","21.16","27.06","0.0","71.6","47.4","0.0","2.6","2.8","0.0","0.0","0.0","0.0","10.6","7.8","0.0"
"20210527","措备","合备","18.9","25.5","15.0","21.4","0.0","0.0","0.0","0.0","0.0","0.0","5.3","11.4","0.0","15.89","27.18","0.0","55.9","45.3","0.0","5.9","6.5","0.0","0.0","0.0","0.0","9.0","6.9","0.0"
"20210526","措备","合备","18.0","24.3","11.2","21.6","0.0","0.0","0.0","0.0","0.0","0.0","1.8","6.6","0.0","16.65","19.18","0.0","44.3","55.4","0.0","8.8","7.0","0.0","0.0","0.0","0.0","7.2","6.6","0.0"
"20210525","措备","合备","18.0","23.7","13.1","21.4","0.0","0.0","0.0","0.0","0.0","0.0","8.2","1.7","0.0","20.71","17.82","0.0","43.5","57.3","0.0","4.1","8.4","0.0","0.0","0.0","0.0","13.0","4.9","0.0"
"20210524","措备","合备","22.3","27.5","18.0","21.6","0.0","0.0","0.0","0.7","0.0","0.0","5.4","7.5","0.0","18.25","20.15","0.0","49.8","61.4","0.0","6.6","7.5","0.0","0.0","0.0","0.0","8.3","9.7","0.0"
"20210523","措备","合备","23.6","30.8","14.8","20.1","0.0","0.0","0.0","0.0","0.0","0.0","10.0","12.8","0.0","25.35","28.65","0.0","52.5","59.9","0.0","5.0","1.9","0.0","0.0","0.0","0.0","5.5","5.7","0.0"
"20210522","措备","合备","21.0","27.5","13.7","17.1","0.0","0.0","0.0","0.0","0.0","0.0","12.8","11.3","0.0","28.72","25.62","0.0","57.6","66.4","0.0","0.3","5.4","0.0","0.0","0.0","0.0","7.2","7.3","0.0"
"20210521","措备","合备","17.6","21.5","14.7","16.2","0.0","0.0","0.0","0.0","0.0","0.0","1.8","6.8","0.0","13.97","23.29","0.0","69.6","66.6","0.0","8.9","6.6","0.0","0.0","0.0","0.0","8.6","7.9","0.0"
"20210520","措备","合备","16.3","20.0","14.7","15.6","0.0","0.0","0.0","12.2","0.0","0.0","0.0","10.4","0.0","4.63","27.0","0.0","85.1","57.4","0.0","9.9","4.4","0.0","0.0","0.0","0.0","8.0","8.5","0.0"
"20210519","措备","合备","22.5","29.4","15.8","15.5","0.0","0.0","0.0","0.0","3.5","0.0","9.3","5.9","0.0","26.95","15.19","0.0","57.4","71.6","0.0","5.6","5.1","0.0","0.0","0.0","0.0","5.0","9.8","0.0"
"20210518","措备","合备","17.7","23.5","13.5","19.8","0.0","0.0","0.0","0.1","3.5","0.0","5.1","2.3","0.0","16.26","14.64","0.0","81.0","80.0","0.0","7.0","9.0","0.0","0.0","0.0","0.0","4.6","7.6","0.0"
"20210517","措备","合备","14.4","16.0","13.4","22.0","0.0","0.0","0.0","11.4","0.0","0.0","0.0","8.0","0.0","5.75","23.42","0.0","93.4","73.1","0.0","9.8","7.8","0.0","0.0","0.0","0.0","8.5","6.0","0.0"
"20210516","措备","合备","20.1","23.7","13.7","19.3","0.0","0.0","0.0","24.7","0.1","0.0","0.0","4.6","0.0","4.8","18.77","0.0","92.9","80.5","0.0","10.0","9.0","0.0","0.0","0.0","0.0","8.5","7.4","0.0"
"20210515","措备","合备","19.9","22.6","17.4","16.5","0.0","0.0","0.0","8.7","5.0","0.0","0.0","0.0","0.0","6.1","3.56","0.0","85.6","82.6","0.0","9.9","10.0","0.0","0.0","0.0","0.0","6.3","6.2","0.0"
"20210514","措备","合备","22.0","30.4","14.1","19.9","0.0","0.0","0.0","0.0","0.0","0.0","10.0","7.3","0.0","24.6","20.04","0.0","59.3","41.3","0.0","6.5","6.0","0.0","0.0","0.0","0.0","7.1","4.5","0.0"
"20210513","措备","合备","20.4","30.3","11.1","18.6","0.0","0.0","0.0","0.0","0.0","0.0","12.8","12.9","0.0","27.79","29.18","0.0","53.1","40.6","0.0","2.6","0.4","0.0","0.0","0.0","0.0","6.8","9.9","0.0"
"20210512","措备","合备","17.3","22.5","13.4","20.2","0.0","0.0","0.0","0.0","0.0","0.0","10.4","12.4","0.0","25.44","26.41","0.0","58.6","42.1","0.0","4.4","1.3","0.0","0.0","0.0","0.0","10.8","12.1","0.0"
"20210511","措备","合备","15.1","18.2","12.3","21.1","0.0","0.0","0.0","1.3","0.0","0.0","0.3","10.2","0.0","9.87","25.97","0.0","69.4","49.1","0.0","9.8","2.6","0.0","0.0","0.0","0.0","8.7","8.9","0.0"
"20210510","措备","合备","13.8","16.2","12.1","18.9","0.0","0.0","0.0","1.8","0.0","0.0","0.5","7.4","0.0","7.7","20.87","0.0","66.5","69.5","0.0","9.1","3.9","0.0","0.0","0.0","0.0","7.4","8.7","0.0"
"20210509","措备","合备","19.0","25.0","12.6","17.0","0.0","0.0","0.0","0.0","16.5","0.0","13.0","0.0","0.0","29.12","4.12","0.0","30.3","95.3","0.0","1.3","9.6","0.0","0.0","0.0","0.0","11.3","6.1","0.0"
"20210508","措备","合备","18.1","26.1","7.7","17.6","0.0","0.0","0.0","0.0","1.5","0.0","11.8","9.3","0.0","27.9","24.87","0.0","36.9","64.4","0.0","0.8","6.9","0.0","0.0","0.0","0.0","10.6","6.8","0.0"
"20210507","措备","合备","18.1","25.6","11.5","15.8","0.0","0.0","0.0","0.0","0.0","0.0","5.8","12.0","0.0","17.06","28.86","0.0","43.5","55.9","0.0","6.9","5.1","0.0","0.0","0.0","0.0","11.5","10.3","0.0"
"20210506","措备","合备","16.9","25.7","7.1","17.5","0.0","0.0","0.0","0.0","0.0","0.0","10.4","12.3","0.0","26.27","27.6","0.0","52.1","67.5","0.0","4.9","2.1","0.0","0.0","0.0","0.0","5.2","13.3","0.0"
"20210505","措备","合备","18.5","23.5","13.6","16.8","0.0","0.0","0.0","1.2","2.5","0.0","12.2","3.0","0.0","28.21","13.83","0.0","53.6","83.1","0.0","3.9","8.6","0.0","0.0","0.0","0.0","12.2","8.2","0.0"
"20210504","措备","合备","17.0","20.9","12.5","21.5","0.0","0.0","0.0","8.9","0.0","0.0","0.2","10.2","0.0","6.25","23.92","0.0","85.0","76.4","0.0","9.8","4.9","0.0","0.0","0.0","0.0","4.9","10.3","0.0"
"20210503","措备","合备","16.5","24.7","7.6","17.9","0.0","0.0","0.0","0.0","5.5","0.0","11.7","0.2","0.0","27.62","6.49","0.0","64.1","98.0","0.0","2.6","9.8","0.0","0.0","0.0","0.0","7.1","4.6","0.0"
"20210502","措备","合备","13.6","19.9","8.4","22.7","0.0","0.0","0.0","0.5","0.0","0.0","9.2","6.3","0.0","24.63","20.06","0.0","68.0","67.6","0.0","5.5","8.4","0.0","0.0","0.0","0.0","8.2","6.9","0.0"
"20210501","措备","合备","12.1","15.6","9.4","22.7","0.0","0.0","0.0","3.7","0.0","0.0","2.8","12.0","0.0","13.13","25.48","0.0","77.3","72.3","0.0","7.6","0.5","0.0","0.0","0.0","0.0","10.3","7.3","0.0"
"20210430","措备","合备","16.9","22.2","12.6","18.9","0.0","0.0","0.0","0.1","0.0","0.0","10.6","12.6","0.0","27.0","27.61","0.0","57.5","57.9","0.0","5.4","0.0","0.0","0.0","0.0","0.0","12.7","8.2","0.0"
"20210429","措备","合备","18.3","24.7","13.5","17.6","0.0","0.0","0.0","0.0","0.0","0.0","8.3","12.5","0.0","22.51","26.7","0.0","52.6","44.4","0.0","7.3","0.0","0.0","0.0","0.0","0.0","10.1","6.3","0.0"
"20210428","措备","合备","18.1","23.9","11.6","15.2","0.0","0.0","0.0","0.0","0.0","0.0","8.1","12.7","0.0","20.28","27.25","0.0","56.5","46.1","0.0","7.4","0.0","0.0","0.0","0.0","0.0","6.7","8.1","0.0"
"20210427","措备","合备","15.8","22.2","8.1","12.9","0.0","0.0","0.0","0.0","0.0","0.0","6.5","10.7","0.0","19.56","24.0","0.0","58.5","60.1","0.0","7.6","3.1","0.0","0.0","0.0","0.0","6.1","8.5","0.0"
"20210426","措备","合备","13.6","21.1","6.3","13.6","0.0","0.0","0.0","0.0","0.0","0.0","12.1","12.0","0.0","26.66","27.92","0.0","63.1","51.1","0.0","3.5","1.6","0.0","0.0","0.0","0.0","7.1","9.9","0.0"
"20210425","措备","合备","14.4","18.8","10.7","15.9","0.0","0.0","0.0","0.0","0.0","0.0","11.9","11.7","0.0","26.98","25.45","0.0","63.3","41.6","0.0","2.3","0.0","0.0","0.0","0.0","0.0","11.5","10.4","0.0"
"20210424","措备","合备","16.7","23.3","12.8","11.8","0.0","0.0","0.0","0.0","0.0","0.0","8.1","12.5","0.0","23.48","27.37","0.0","62.9","29.8","0.0","7.4","0.4","0.0","0.0","0.0","0.0","8.0","13.6","0.0"
"20210423","措备","合备","15.8","18.0","13.6","9.9","0.0","0.0","0.0","0.0","0.0","0.0","0.8","12.0","0.0","10.64","26.33","0.0","64.0","41.0","0.0","9.5","2.1","0.0","0.0","0.0","0.0","11.0","13.0","0.0"
"20210422","措备","合备","20.2","28.3","15.0","8.5","0.0","0.0","0.0","0.0","0.0","0.0","4.5","11.5","0.0","18.7","27.14","0.0","51.5","41.3","0.0","7.9","2.8","0.0","0.0","0.0","0.0","7.7","13.2","0.0"
"20210421","措备","合备","19.9","29.5","10.1","11.4","0.0","0.0","0.0","0.0","0.0","0.0","10.9","10.5","0.0","24.58","25.59","0.0","55.0","40.3","0.0","4.5","5.3","0.0","0.0","0.0","0.0","7.7","13.5","0.0"
"20210420","措备","合备","18.9","26.5","13.5","13.6","0.0","0.0","0.0","0.0","0.5","0.0","11.6","5.7","0.0","25.4","19.28","0.0","44.0","73.0","0.0","2.5","7.8","0.0","0.0","0.0","0.0","7.4","9.5","0.0"
"20210419","措备","合备","16.6","24.0","8.2","11.1","0.0","0.0","0.0","0.0","19.0","0.0","12.5","0.0","0.0","27.06","5.85","0.0","43.0","91.9","0.0","0.0","9.6","0.0","0.0","0.0","0.0","8.5","9.2","0.0"
"20210418","措备","合备","12.6","17.5","7.9","14.0","0.0","0.0","0.0","0.0","0.3","0.0","9.5","7.1","0.0","24.21","18.74","0.0","51.0","73.3","0.0","2.6","4.8","0.0","0.0","0.0","0.0","9.8","8.5","0.0"
"20210417","措备","合备","13.5","19.3","9.0","10.7","0.0","0.0","0.0","0.0","11.5","0.0","8.5","0.1","0.0","19.24","5.21","0.0","52.6","92.4","0.0","4.0","9.5","0.0","0.0","0.0","0.0","12.9","6.2","0.0"
"20210416","措备","合备","13.7","21.1","5.7","12.8","0.0","0.0","0.0","0.0","0.0","0.0","4.2","11.2","0.0","14.85","23.91","0.0","67.4","67.4","0.0","7.0","3.0","0.0","0.0","0.0","0.0","7.9","10.1","0.0"
"20210415","措备","合备","11.9","18.7","4.4","14.5","0.0","0.0","0.0","0.0","0.0","0.0","11.0","9.5","0.0","21.26","22.16","0.0","52.6","46.0","0.0","3.5","7.5","0.0","0.0","0.0","0.0","5.2","8.3","0.0"
"20210414","措备","合备","11.1","17.2","5.8","14.6","0.0","0.0","0.0","0.0","0.0","0.0","10.3","12.2","0.0","25.44","26.51","0.0","49.9","39.9","0.0","2.9","1.4","0.0","0.0","0.0","0.0","9.7","7.8","0.0"
"20210413","措备","合备","15.1","20.0","8.1","10.2","0.0","0.0","0.0","0.0","0.0","0.0","7.9","5.8","0.0","18.84","17.08","0.0","70.3","49.6","0.0","5.6","5.5","0.0","0.0","0.0","0.0","10.9","9.0","0.0"
"20210412","措备","合备","11.8","14.5","9.2","9.2","0.0","0.0","0.0","7.4","1.0","0.0","0.0","3.9","0.0","5.43","11.71","0.0","85.1","76.8","0.0","9.8","8.1","0.0","0.0","0.0","0.0","5.4","13.4","0.0"
"20210411","措备","合备","13.6","21.9","4.3","10.6","0.0","0.0","0.0","0.0","0.1","0.0","11.7","1.9","0.0","24.59","11.77","0.0","56.9","69.3","0.0","2.0","8.3","0.0","0.0","0.0","0.0","5.8","5.5","0.0"
"20210410","措备","合备","10.6","18.5","2.5","11.0","0.0","0.0","0.0","0.0","0.0","0.0","11.7","1.5","0.0","25.16","13.41","0.0","63.8","60.8","0.0","1.4","8.8","0.0","0.0","0.0","0.0","6.8","6.5","0.0"
"20210409","措备","合备","9.2","15.0","5.5","10.3","0.0","0.0","0.0","0.0","0.0","0.0","8.9","11.6","0.0","19.95","23.78","0.0","75.6","55.5","0.0","3.0","1.6","0.0","0.0","0.0","0.0","11.1","9.9","0.0"
"20210408","措备","合备","14.6","21.9","9.2","12.2","0.0","0.0","0.0","0.0","0.0","0.0","11.5","12.2","0.0","25.22","26.11","0.0","54.1","45.0","0.0","2.8","0.0","0.0","0.0","0.0","0.0","8.6","9.5","0.0"
"20210407","措备","合备","17.1","23.0","10.6","15.3","0.0","0.0","0.0","0.0","0.0","0.0","11.7","10.9","0.0","24.65","22.01","0.0","42.8","37.6","0.0","1.3","1.9","0.0","0.0","0.0","0.0","6.8","8.8","0.0"
"20210406","措备","合备","13.2","21.4","3.8","11.3","0.0","0.0","0.0","0.0","0.0","0.0","8.9","10.8","0.0","21.78","24.33","0.0","57.0","43.9","0.0","1.6","3.6","0.0","0.0","0.0","0.0","7.6","5.9","0.0"
"20210405","措备","合备","9.9","16.2","2.7","9.3","0.0","0.0","0.0","0.0","0.0","0.0","12.0","12.0","0.0","25.02","25.85","0.0","63.9","40.8","0.0","0.0","0.0","0.0","0.0","0.0","0.0","7.7","7.4","0.0"
"20210404","措备","合备","9.7","13.8","7.0","10.8","0.0","0.0","0.0","19.3","0.0","0.0","0.0","11.5","0.0","4.51","23.74","0.0","86.6","54.0","0.0","8.8","0.0","0.0","0.0","0.0","0.0","9.5","10.4","0.0"
"20210403","措备","合备","14.5","18.5","11.8","13.5","0.0","0.0","0.0","16.2","0.0","0.0","0.0","11.4","0.0","6.47","24.18","0.0","91.1","40.4","0.0","9.8","0.3","0.0","0.0","0.0","0.0","6.2","6.3","0.0"
"20210402","措备","合备","14.7","18.7","12.2","12.6","0.0","0.0","0.0","0.0","0.0","0.0","6.0","11.4","0.0","19.59","22.3","0.0","69.0","39.4","0.0","7.6","2.5","0.0","0.0","0.0","0.0","10.0","6.1","0.0"
"20210401","措备","合备","13.5","17.7","9.2","13.9","0.0","0.0","0.0","0.0","0.0","0.0","7.3","4.3","0.0","17.9","14.57","0.0","63.1","50.1","0.0","7.3","5.1","0.0","0.0","0.0","0.0","12.2","9.0","0.0"
"20210331","措备","合备","13.6","23.1","4.7","12.8","0.0","0.0","0.0","0.0","0.0","0.0","10.7","10.6","0.0","22.76","22.52","0.0","58.6","64.5","0.0","4.4","3.5","0.0","0.0","0.0","0.0","9.0","4.5","0.0"
"20210330","措备","合备","14.6","21.3","10.5","11.5","0.0","0.0","0.0","0.0","0.0","0.0","9.5","9.3","0.0","22.52","20.98","0.0","39.5","64.0","0.0","3.0","6.1","0.0","0.0","0.0","0.0","6.3","5.4","0.0"
"20210329","措备","合备","15.1","19.5","10.9","8.7","0.0","0.0","0.0","0.0","0.0","0.0","5.5","6.6","0.0","17.93","18.18","0.0","51.0","70.3","0.0","3.4","6.5","0.0","0.0","0.0","0.0","10.1","7.8","0.0"
"20210328","措备","合备","15.8","20.2","11.7","8.2","0.0","0.0","0.0","6.0","0.0","0.0","8.2","0.0","0.0","18.35","9.7","0.0","72.9","60.3","0.0","4.6","7.9","0.0","0.0","0.0","0.0","9.9","7.0","0.0"
"20210327","措备","合备","12.7","17.1","6.5","14.6","0.0","0.0","0.0","18.4","6.0","0.0","0.1","0.7","0.0","6.5","7.29","0.0","84.8","87.0","0.0","9.0","8.1","0.0","0.0","0.0","0.0","5.6","7.5","0.0"
"20210326","措备","合备","15.3","23.9","6.7","13.2","0.0","0.0","0.0","0.0","3.5","0.0","9.7","0.0","0.0","20.31","5.86","0.0","52.6","76.8","0.0","4.0","9.5","0.0","0.0","0.0","0.0","6.9","3.2","0.0"
"20210325","措备","合备","14.1","22.3","5.7","13.1","0.0","0.0","0.0","0.0","0.0","0.0","11.3","11.4","0.0","22.25","21.84","0.0","54.0","57.4","0.0","0.8","1.8","0.0","0.0","0.0","0.0","6.7","5.6","0.0"
"20210324","措备","合备","11.5","18.2","4.3","11.2","0.0","0.0","0.0","0.0","0.0","0.0","4.1","11.3","0.0","14.14","22.15","0.0","54.9","59.0","0.0","6.3","0.3","0.0","0.0","0.0","0.0","4.2","8.2","0.0"
"20210323","措备","合备","11.4","20.2","1.7","11.5","0.0","0.0","0.0","0.0","0.0","0.0","11.2","11.5","0.0","21.74","22.58","0.0","49.4","56.9","0.0","0.0","0.0","0.0","0.0","0.0","0.0","7.4","11.4","0.0"
"20210322","措备","合备","7.9","13.0","3.3","14.1","0.0","0.0","0.0","0.0","0.0","0.0","11.1","10.8","0.0","22.65","21.84","0.0","46.6","62.4","0.0","1.6","2.0","0.0","0.0","0.0","0.0","11.5","9.3","0.0"
"20210321","措备","合备","8.8","11.7","5.1","15.0","0.0","0.0","0.0","0.0","0.0","0.0","8.6","9.9","0.0","17.7","19.77","0.0","61.5","54.1","0.0","5.8","2.3","0.0","0.0","0.0","0.0","13.4","6.2","0.0"
"20210320","措备","合备","9.9","10.9","8.3","12.0","0.0","0.0","0.0","5.3","0.0","0.0","0.0","11.2","0.0","4.12","22.2","0.0","92.1","38.6","0.0","9.4","0.0","0.0","0.0","0.0","0.0","6.9","11.1","0.0"
"20210319","措备","合备","11.2","15.4","8.6","10.8","0.0","0.0","0.0","0.0","0.0","0.0","5.8","10.2","0.0","15.62","18.37","0.0","68.1","52.0","0.0","7.3","1.4","0.0","0.0","0.0","0.0","10.2","17.4","0.0"
"20210318","措备","合备","10.4","16.6","5.2","11.7","0.0","0.0","0.0","0.0","0.0","0.0","8.6","11.3","0.0","18.84","22.17","0.0","75.6","50.5","0.0","2.9","0.0","0.0","0.0","0.0","0.0","9.7","6.0","0.0"
"20210317","措备","合备","10.5","17.8","3.5","10.5","0.0","0.0","0.0","0.0","0.0","0.0","10.5","10.1","0.0","20.4","19.57","0.0","61.9","53.6","0.0","2.5","1.8","0.0","0.0","0.0","0.0","7.5","9.5","0.0"
"20210316","措备","合备","14.9","20.1","10.6","6.4","0.0","0.0","0.0","0.0","0.0","0.0","9.6","11.4","0.0","19.98","22.28","0.0","54.1","47.1","0.0","3.6","0.1","0.0","0.0","0.0","0.0","8.9","7.0","0.0"
"20210315","措备","合备","12.5","19.7","3.9","6.2","0.0","0.0","0.0","0.0","0.0","0.0","8.9","8.3","0.0","18.31","15.86","0.0","68.5","48.4","0.0","5.6","2.8","0.0","0.0","0.0","0.0","7.0","12.9","0.0"
"20210314","措备","合备","10.5","17.2","4.6","6.5","0.0","0.0","0.0","0.0","0.0","0.0","9.2","10.9","0.0","18.2","22.16","0.0","72.8","37.3","0.0","2.6","2.3","0.0","0.0","0.0","0.0","7.5","10.9","0.0"
"20210313","措备","合备","9.8","16.0","3.5","9.4","0.0","0.0","0.0","0.0","0.0","0.0","10.0","5.5","0.0","18.79","15.08","0.0","77.1","47.0","0.0","2.0","8.3","0.0","0.0","0.0","0.0","6.7","7.5","0.0"
"20210312","措备","合备","9.0","11.6","7.6","8.3","0.0","0.0","0.0","19.5","0.0","0.0","0.0","10.8","0.0","3.33","21.18","0.0","93.4","48.1","0.0","9.4","0.8","0.0","0.0","0.0","0.0","4.1","6.1","0.0"
"20210311","措备","合备","10.0","18.2","1.5","6.4","0.0","0.0","0.0","0.0","0.0","0.0","7.7","11.1","0.0","17.03","21.79","0.0","63.6","48.1","0.0","6.6","0.0","0.0","0.0","0.0","0.0","4.4","11.4","0.0"
"20210310","措备","合备","8.8","14.1","2.6","9.0","0.0","0.0","0.0","0.0","10.0","0.0","10.5","0.0","0.0","20.2","4.5","0.0","57.6","90.9","0.0","0.0","8.8","0.0","0.0","0.0","0.0","9.3","10.8","0.0"
"20210309","措备","合备","9.0","15.1","2.2","9.1","0.0","0.0","0.0","0.0","3.0","0.0","6.0","4.9","0.0","16.45","12.1","0.0","64.8","83.4","0.0","6.6","7.4","0.0","0.0","0.0","0.0","7.2","4.6","0.0"
"20210308","措备","合备","6.3","14.0","-0.6","8.3","0.0","0.0","0.0","0.0","0.0","0.0","10.2","7.6","0.0","19.57","17.73","0.0","77.5","77.9","0.0","0.5","2.5","0.0","0.0","0.0","0.0","9.2","6.4","0.0"
"20210307","措备","合备","5.5","8.8","3.5","5.7","0.0","0.0","0.0","0.0","2.0","0.0","0.4","0.2","0.0","10.0","6.52","0.0","77.3","78.0","0.0","8.3","9.0","0.0","0.0","0.0","0.0","6.0","5.4","0.0"
"20210306","措备","合备","6.2","9.5","3.7","5.4","0.0","0.0","0.0","0.0","0.0","0.0","1.4","10.6","0.0","9.18","20.04","0.0","82.3","51.1","0.0","8.3","2.0","0.0","0.0","0.0","0.0","12.3","4.9","0.0"
"20210305","措备","合备","10.6","19.0","4.3","3.7","0.0","0.0","0.0","0.0","0.0","0.0","8.0","10.6","0.0","17.99","19.75","0.0","74.8","51.8","0.0","6.0","0.0","0.0","0.0","0.0","0.0","5.0","7.3","0.0"
"20210304","措备","合备","5.9","11.5","0.8","5.9","0.0","0.0","0.0","0.9","0.0","0.0","0.1","9.9","0.0","8.58","18.98","0.0","90.4","53.0","0.0","8.5","5.0","0.0","0.0","0.0","0.0","5.2","12.2","0.0"
"20210303","措备","合备","4.1","9.5","-1.5","7.7","0.0","0.0","0.0","0.0","0.0","0.0","6.8","5.9","0.0","16.23","15.1","0.0","77.8","73.1","0.0","5.0","6.9","0.0","0.0","0.0","0.0","3.9","7.4","0.0"
"20210302","措备","合备","2.6","6.2","0.0","7.1","0.0","0.0","0.0","9.6","0.0","0.0","0.3","8.6","0.0","6.42","18.14","0.0","88.9","57.0","0.0","8.3","2.9","0.0","1.7","0.0","0.0","6.0","9.3","0.0"
"20210301","措备","合备","8.9","16.1","3.4","9.4","0.0","0.0","0.0","35.5","0.0","0.0","0.0","4.9","0.0","3.25","14.36","0.0","99.8","78.5","0.0","9.9","7.9","0.0","0.0","0.0","0.0","11.7","7.3","0.0"
"20210228","措备","合备","7.4","13.0","1.7","4.5","0.0","0.0","0.0","1.1","1.0","0.0","1.9","0.0","0.0","10.39","4.96","0.0","84.4","90.0","0.0","8.3","8.3","0.0","0.0","0.0","0.0","5.1","4.5","0.0"
"20210227","措备","合备","6.7","8.9","4.4","6.1","0.0","0.0","0.0","0.0","0.0","0.0","2.7","5.4","0.0","7.98","14.95","0.0","69.3","68.0","0.0","7.9","8.4","0.0","0.0","0.0","0.0","12.5","6.9","0.0"
"20210226","措备","合备","8.3","12.0","5.0","8.3","0.0","0.0","0.0","0.0","0.2","0.0","7.6","2.5","0.0","14.89","9.39","0.0","74.5","82.8","0.0","8.4","8.6","0.0","0.0","0.0","0.0","11.4","9.0","0.0"
"20210225","措备","合备","5.0","9.8","0.6","7.0","0.0","0.0","0.0","3.1","29.0","0.0","0.2","0.0","0.0","6.21","1.64","0.0","89.4","96.4","0.0","9.0","10.0","0.0","0.0","0.0","0.0","3.2","8.8","0.0"
"20210224","措备","合备","5.5","12.7","1.1","8.1","0.0","0.0","0.0","0.0","0.0","0.0","6.7","9.1","0.0","13.37","15.77","0.0","53.3","40.3","0.0","6.3","4.8","0.0","0.0","0.0","0.0","7.6","4.3","0.0"
"20210223","措备","合备","5.9","11.5","1.3","4.9","0.0","0.0","0.0","0.0","0.0","0.0","10.0","10.7","0.0","17.45","18.45","0.0","33.5","42.3","0.0","2.8","0.0","0.0","0.0","0.0","0.0","7.4","10.0","0.0"
"20210222","措备","合备","13.7","22.8","6.8","8.2","0.0","0.0","0.0","0.0","0.0","0.0","9.8","10.0","0.0","15.29","17.17","0.0","50.3","46.0","0.0","0.6","2.8","0.0","0.0","0.0","0.0","10.7","13.2","0.0"
"20210221","措备","合备","14.3","24.4","4.0","8.3","0.0","0.0","0.0","0.0","0.0","0.0","10.2","9.4","0.0","16.48","14.87","0.0","54.0","56.5","0.0","0.0","6.6","0.0","0.0","0.0","0.0","12.0","6.2","0.0"
"20210220","措备","合备","11.3","20.4","3.7","6.1","0.0","0.0","0.0","0.0","0.0","0.0","9.6","9.9","0.0","15.16","15.81","0.0","54.4","53.3","0.0","0.0","1.8","0.0","0.0","0.0","0.0","10.4","5.3","0.0"
"20210219","措备","合备","4.3","12.9","-4.0","4.7","0.0","0.0","0.0","0.0","0.0","0.0","10.5","9.4","0.0","17.44","16.79","0.0","48.6","43.8","0.0","0.0","4.4","0.0","0.0","0.0","0.0","6.2","5.0","0.0"
"20210218","措备","合备","-4.4","0.2","-8.5","-0.2","0.0","0.0","0.0","0.0","0.0","0.0","9.2","10.4","0.0","16.77","17.75","0.0","58.8","44.8","0.0","1.8","0.3","0.0","0.0","0.0","0.0","11.7","9.1","0.0"
"20210217","措备","合备","-4.8","-2.4","-6.4","-1.6","0.0","0.0","0.0","0.0","0.0","0.0","8.1","5.5","0.0","12.85","12.01","0.0","47.5","51.9","0.0","3.3","5.4","0.0","0.0","0.0","0.0","14.5","13.2","0.0"
"20210216","措备","合备","-0.1","6.1","-3.6","5.0","0.0","0.0","0.0","0.0","4.0","0.0","6.7","5.5","0.0","13.54","12.51","0.0","55.5","64.1","0.0","2.6","8.6","0.0","0.0","0.0","0.0","11.2","12.8","0.0"
"20210215","措备","合备","5.9","11.3","-1.6","12.0","0.0","0.0","0.0","1.2","0.0","0.0","7.2","5.8","0.0","13.6","12.06","0.0","67.4","69.8","0.0","4.8","6.9","0.0","0.0","0.0","0.0","15.2","6.8","0.0"
"20210214","措备","合备","7.7","12.8","3.4","10.7","0.0","0.0","0.0","4.3","0.0","0.0","0.3","8.2","0.0","5.96","15.2","0.0","82.8","63.4","0.0","9.3","4.9","0.0","0.0","0.0","0.0","3.8","5.7","0.0"
"20210213","措备","合备","8.6","19.1","-0.9","10.4","0.0","0.0","0.0","0.0","0.0","0.0","9.9","5.1","0.0","15.58","11.86","0.0","55.6","76.0","0.0","0.0","5.8","0.0","0.0","0.0","0.0","3.6","5.6","0.0"
"20210212","措备","合备","7.7","16.6","1.1","8.1","0.0","0.0","0.0","0.0","6.0","0.0","8.6","0.0","0.0","14.39","2.88","0.0","60.6","90.5","0.0","4.5","9.8","0.0","0.0","0.0","0.0","4.2","4.8","0.0"
"20210211","措备","合备","5.8","12.0","-0.9","6.1","0.0","0.0","0.0","0.0","0.0","0.0","6.5","7.4","0.0","11.63","13.25","0.0","65.0","56.3","0.0","8.0","4.8","0.0","0.0","0.0","0.0","4.0","3.5","0.0"
"20210210","措备","合备","3.9","10.9","-2.8","5.5","0.0","0.0","0.0","0.0","0.0","0.0","9.2","9.2","0.0","14.27","14.25","0.0","56.1","46.8","0.0","0.8","2.4","0.0","0.0","0.0","0.0","6.5","7.2","0.0"
"20210209","措备","合备","1.6","7.7","-3.4","1.9","0.0","0.0","0.0","0.0","0.0","0.0","10.2","10.1","0.0","16.25","15.74","0.0","42.0","44.3","0.0","0.0","0.4","0.0","0.0","0.0","0.0","8.5","6.8","0.0"
"20210208","措备","合备","0.4","4.4","-2.3","2.9","0.0","0.0","0.0","0.0","0.0","0.0","10.1","8.7","0.0","16.08","14.34","0.0","42.5","46.0","0.0","0.3","3.1","0.0","0.0","0.0","0.0","11.7","9.2","0.0"
"20210207","措备","合备","6.6","14.0","-0.2","1.1","0.0","0.0","0.0","0.0","0.0","0.0","8.6","8.2","0.0","13.17","13.29","0.0","62.4","49.9","0.0","1.1","5.1","0.0","0.0","0.0","0.0","9.2","7.6","0.0"
"20210206","措备","合备","5.2","14.5","-2.9","-2.1","0.0","0.0","0.0","0.0","0.0","0.0","9.4","9.3","0.0","13.66","13.84","0.0","62.0","39.3","0.0","0.0","3.0","0.0","0.0","0.0","0.0","5.2","6.0","0.0"
"20210205","措备","合备","1.5","7.9","-5.4","-1.5","0.0","0.0","0.0","0.0","0.0","0.0","4.9","10.1","0.0","9.85","16.02","0.0","54.5","30.8","0.0","6.9","1.1","0.0","0.0","0.0","0.0","4.6","10.3","0.0"
"20210204","措备","合备","1.4","5.8","-2.8","1.9","0.0","0.0","0.0","0.0","0.0","0.0","9.9","9.8","0.0","15.66","15.24","0.0","51.4","42.5","0.0","1.6","0.8","0.0","0.0","0.0","0.0","8.2","6.0","0.0"
"20210203","措备","合备","-1.0","4.8","-5.3","3.1","0.0","0.0","0.0","0.0","0.0","0.0","9.9","7.2","0.0","15.13","12.55","0.0","48.1","45.6","0.0","1.4","2.0","0.0","0.0","0.0","0.0","6.8","7.8","0.0"
"20210202","措备","合备","-0.4","7.1","-3.2","3.6","0.0","0.0","0.0","0.0","0.0","0.0","9.9","8.3","0.0","15.43","12.17","0.0","43.4","61.5","0.0","0.4","2.6","0.0","0.0","0.0","0.0","11.3","5.0","0.0"
"20210201","措备","合备","7.1","10.1","3.9","2.9","0.0","0.0","0.0","9.5","0.0","0.0","0.0","7.1","0.0","3.57","10.87","0.0","90.3","67.6","0.0","9.6","2.4","0.0","0.0","0.0","0.0","8.9","9.2","0.0"
"20210131","措备","合备","4.5","12.1","-4.3","4.4","0.0","0.0","0.0","0.0","0.0","0.0","9.0","1.8","0.0","13.27","7.23","0.0","62.5","66.8","0.0","3.1","6.3","0.0","0.0","0.0","0.0","4.2","4.9","0.0"
"20210130","措备","合备","0.9","9.0","-7.4","5.7","0.0","0.0","0.0","0.0","0.0","0.0","6.7","3.7","0.0","11.02","7.93","0.0","55.6","67.9","0.0","2.8","7.5","0.0","0.0","0.0","0.0","8.7","6.4","0.0"
"20210129","措备","合备","-4.4","-0.2","-7.8","6.2","0.0","0.0","0.0","0.0","0.5","0.0","9.9","0.8","0.0","14.52","7.18","0.0","46.9","75.0","0.0","0.0","9.0","0.0","0.0","0.0","0.0","13.7","4.9","0.0"
"20210128","措备","合备","1.2","11.1","-4.7","7.4","0.0","0.0","0.0","0.0","0.0","0.0","5.0","0.1","0.0","9.3","5.47","0.0","67.0","75.0","0.0","5.9","9.0","0.0","0.0","0.0","0.0","17.0","5.8","0.0"
"20210127","措备","合备","5.8","10.4","2.9","6.2","0.0","0.0","0.0","0.0","19.5","0.0","8.0","0.0","0.0","13.13","1.99","0.0","58.0","85.3","0.0","5.9","10.0","0.0","0.0","0.0","0.0","8.8","12.8","0.0"
"20210126","措备","合备","6.1","7.7","4.3","6.7","0.0","0.0","0.0","10.3","0.1","0.0","0.0","2.4","0.0","2.88","8.09","0.0","92.5","74.1","0.0","9.0","8.9","0.0","0.0","0.0","0.0","5.7","9.0","0.0"
"20210125","措备","合备","7.4","12.0","3.0","7.2","0.0","0.0","0.0","0.0","0.0","0.0","6.6","0.0","0.0","10.49","6.06","0.0","78.0","68.8","0.0","6.3","8.9","0.0","0.0","0.0","0.0","7.3","6.2","0.0"
"20210124","措备","合备","8.0","10.3","6.5","6.1","0.0","0.0","0.0","0.0","0.0","0.0","0.2","5.7","0.0","5.08","11.08","0.0","78.0","80.3","0.0","8.0","7.0","0.0","0.0","0.0","0.0","6.3","8.0","0.0"
"20210123","措备","合备","9.3","11.8","7.4","5.0","0.0","0.0","0.0","0.1","7.5","0.0","0.0","0.1","0.0","4.27","4.21","0.0","86.3","95.4","0.0","9.0","9.6","0.0","0.0","0.0","0.0","10.4","2.8","0.0"
"20210122","措备","合备","8.2","10.7","5.2","2.9","0.0","0.0","0.0","0.3","3.5","0.0","0.0","0.0","0.0","4.65","2.88","0.0","94.0","65.9","0.0","9.6","9.9","0.0","0.0","0.0","0.0","5.7","2.9","0.0"
"20210121","措备","合备","4.5","11.5","-3.8","1.9","0.0","0.0","0.0","1.0","0.0","0.0","5.6","9.4","0.0","9.6","13.27","0.0","71.8","36.0","0.0","6.0","1.9","0.0","0.0","0.0","0.0","4.4","6.8","0.0"
"20210120","措备","合备","-0.8","8.6","-8.5","4.6","0.0","0.0","0.0","0.0","0.0","0.0","9.2","7.2","0.0","12.26","10.28","0.0","53.3","44.1","0.0","0.9","3.0","0.0","0.0","0.0","0.0","3.0","9.3","0.0"
"20210119","措备","合备","-2.6","3.4","-6.9","3.2","0.0","0.0","0.0","0.0","0.0","0.0","9.3","5.8","0.0","13.12","9.77","0.0","43.0","49.4","0.0","0.0","4.6","0.0","0.0","0.0","0.0","5.8","10.1","0.0"
"20210118","措备","合备","-1.9","4.4","-6.6","3.1","0.0","0.0","0.0","0.0","0.0","0.0","2.6","2.3","0.0","7.41","7.6","0.0","60.0","44.1","0.0","4.4","6.0","0.0","0.0","0.0","0.0","11.8","5.0","0.0"
"20210117","措备","合备","-2.8","1.1","-5.6","1.4","0.0","0.0","0.0","0.0","0.0","0.0","8.9","4.3","0.0","13.2","7.82","0.0","42.5","51.8","0.0","4.0","6.0","0.0","0.0","0.0","0.0","9.6","3.8","0.0"
"20210116","措备","合备","1.7","8.3","-3.3","0.3","0.0","0.0","0.0","0.0","0.0","0.0","8.3","6.6","0.0","11.64","10.2","0.0","47.8","47.4","0.0","3.4","6.1","0.0","0.0","0.0","0.0","8.8","5.1","0.0"
"20210115","措备","合备","8.3","16.1","0.6","0.9","0.0","0.0","0.0","0.0","0.0","0.0","4.6","9.2","0.0","8.72","12.56","0.0","55.6","47.0","0.0","7.0","0.4","0.0","0.0","0.0","0.0","8.0","7.4","0.0"
"20210114","措备","合备","4.4","12.9","-2.3","1.6","0.0","0.0","0.0","0.0","0.0","0.0","8.8","5.7","0.0","11.8","9.56","0.0","51.1","42.3","0.0","0.6","4.4","0.0","0.0","0.0","0.0","4.7","6.8","0.0"
"20210113","措备","合备","3.6","11.7","-5.2","2.1","0.0","0.0","0.0","0.0","0.0","0.0","8.0","8.5","0.0","10.71","12.31","0.0","57.0","48.1","0.0","0.1","4.0","0.0","0.0","0.0","0.0","7.5","9.4","0.0"
"20210112","措备","合备","-1.5","4.3","-8.8","2.7","0.0","0.0","0.0","0.0","0.0","0.0","8.9","8.5","0.0","11.94","12.0","0.0","60.0","51.1","0.0","1.4","2.4","0.0","0.0","0.0","0.0","5.3","9.6","0.0"
"20210111","措备","合备","-4.2","-0.8","-8.5","3.3","0.0","0.0","0.0","0.0","0.0","0.0","1.6","8.8","0.0","5.16","11.27","0.0","62.8","50.4","0.0","7.9","4.0","0.0","0.0","0.0","0.0","4.4","6.2","0.0"
"20210110","措备","合备","-4.7","1.2","-10.8","2.2","0.0","0.0","0.0","0.0","0.0","0.0","9.1","9.0","0.0","12.21","12.14","0.0","51.4","59.1","0.0","0.5","3.6","0.0","0.0","0.0","0.0","7.1","4.3","0.0"
"20210109","措备","合备","-8.0","-3.1","-11.4","3.2","0.0","0.0","0.0","0.0","0.0","0.0","9.1","8.0","0.0","12.21","10.41","0.0","45.1","54.0","0.0","0.5","3.0","0.0","0.0","0.0","0.0","10.3","9.2","0.0"
"20210108","措备","合备","-10.4","-5.8","-13.6","7.9","0.0","0.0","0.0","0.0","0.3","0.0","9.2","3.0","0.0","12.52","7.47","0.0","41.3","64.5","0.0","0.0","8.1","0.0","0.0","0.0","0.0","10.1","12.2","0.0"
"20210107","措备","合备","-8.7","-1.2","-12.4","7.0","0.0","0.0","0.0","0.2","27.0","0.0","9.2","0.0","0.0","12.79","1.86","0.0","40.3","97.0","0.0","1.8","9.9","0.0","0.7","0.0","0.0","13.8","9.5","0.0"
"20210106","措备","合备","-4.0","0.4","-7.5","1.4","0.0","0.0","0.0","0.0","12.0","0.0","9.1","0.0","0.0","11.96","2.28","0.0","47.6","84.3","0.0","2.4","9.8","0.0","0.0","0.0","0.0","9.4","3.0","0.0"
"20210105","措备","合备","-1.1","2.6","-5.1","2.2","0.0","0.0","0.0","0.0","0.0","0.0","5.2","8.9","0.0","7.9","12.39","0.0","47.9","53.6","0.0","4.4","2.6","0.0","0.0","0.0","0.0","10.4","3.9","0.0"
"20210104","措备","合备","-0.3","5.5","-5.8","2.7","0.0","0.0","0.0","0.0","0.0","0.0","8.8","7.4","0.0","10.68","10.43","0.0","51.8","55.4","0.0","2.5","1.8","0.0","0.0","0.0","0.0","6.1","8.9","0.0"
"20210103","措备","合备","-1.3","2.1","-4.1","3.6","0.0","0.0","0.0","0.0","0.0","0.0","6.1","8.3","0.0","10.0","10.35","0.0","42.5","54.3","0.0","5.9","1.3","0.0","0.0","0.0","0.0","10.3","8.0","0.0"
"20210102","措备","合备","-0.9","2.1","-3.7","3.4","0.0","0.0","0.0","0.0","0.0","0.0","8.7","8.4","0.0","11.42","10.18","0.0","50.9","57.9","0.0","2.0","4.1","0.0","0.0","0.0","0.0","12.7","7.4","0.0"
"20210101","措备","合备","-1.8","2.6","-5.7","0.2","0.0","0.0","0.0","0.0","0.0","0.0","7.4","7.5","0.0","10.08","10.37","0.0","66.4","53.3","0.0","4.5","2.6","0.0","0.0","0.0","0.0","7.9","8.0","0.0"
