"조회일자","지역(시)","지역(군)","평균 기온(°C)","최고 기온(°C)","최저 기온(°C)","전년 기온(°C)","평년 기온(°C)","평년 최고 기온(°C)","평년 최저 기온(°C)","평균 강수량(mm)","전년 강수량(mm)","평년 강수량(mm)","평균 일조시간(hr)","전년 일조시간(hr)","평년 일조시간(hr)","평균 일사량(MJ/㎡)","전년 일사량(MJ/㎡)","평년 일사량(MJ/㎡)","평균 습도(%)","전년 습도(%)","평년 습도(%)","평균 운량(1/10)","전년 운량(1/10)","평년 운량(1/10)","평균 적설량(cm)","전년 적설량(cm)","평년 적설량(cm)","평균 순간최대풍속(m/s)","전년 순간최대풍속(m/s)","평년 순간최대풍속(m/s)"
"20241231","대전","유성구","2.3","7.0","-2.1","3.8","-0.9","4.4","-5.5","0.0","1.8","0.5","8.6","0.0","5.3","11.91","0.95","0.0","44.1","85.0","67.4","0.4","9.3","4.1","0.0","0.0","0.0","9.5","11.2","1.5"
"20241230","대전","유성구","6.7","11.3","0.7","0.8","-1.0","4.2","-5.6","0.0","1.9","0.5","2.1","0.1","5.3","5.55","2.77","0.0","65.3","89.3","67.2","7.0","7.3","4.1","0.0","0.0","0.0","9.7","3.4","1.4"
"20241229","대전","유성구","2.1","6.9","-2.8","1.9","-1.0","4.2","-5.6","0.0","0.0","0.5","2.7","2.1","5.5","6.02","7.59","0.0","67.8","74.6","66.3","5.6","5.3","3.8","0.0","0.0","0.0","6.1","4.5","1.4"
"20241228","대전","유성구","-2.0","0.9","-6.1","1.2","-0.9","4.4","-5.4","0.0","0.0","0.6","5.3","4.2","5.5","7.72","8.16","0.0","62.0","78.3","65.9","5.4","4.1","3.8","0.9","0.0","0.0","11.4","7.3","1.4"
"20241227","대전","유성구","-1.4","2.2","-5.1","2.6","-0.6","4.6","-5.0","0.1","0.0","0.7","6.9","8.0","5.6","8.99","10.08","0.0","61.4","73.6","66.0","6.5","3.3","3.7","1.0","0.0","0.0","6.3","3.8","1.4"
"20241226","대전","유성구","2.4","6.2","-1.5","2.2","-0.3","4.9","-4.7","0.0","0.0","0.8","0.0","5.5","5.5","0.0","9.78","0.0","59.3","72.3","66.5","3.3","5.3","3.8","0.0","0.0","0.0","11.8","7.1","1.4"
"20241225","대전","유성구","2.5","6.8","-2.5","-0.4","0.2","5.4","-4.2","0.0","0.0","0.8","1.6","4.2","5.4","5.78","7.91","0.0","67.0","79.6","67.3","8.3","5.6","3.8","0.0","0.8","0.0","4.8","6.2","1.5"
"20241224","대전","유성구","0.6","6.9","-4.0","-1.5","0.7","6.0","-3.7","0.0","0.7","0.8","8.6","5.9","5.2","11.29","9.33","0.0","65.5","75.3","68.5","1.9","6.8","4.2","0.0","0.0","0.0","5.0","5.9","1.5"
"20241223","대전","유성구","-0.4","5.8","-6.2","-5.6","1.1","6.3","-3.4","0.0","0.0","0.8","4.2","8.1","5.1","6.87","10.86","0.0","73.9","57.1","69.6","2.5","3.4","4.3","0.0","0.0","0.0","4.9","5.4","1.4"
"20241222","대전","유성구","-2.5","2.9","-6.8","-9.5","1.2","6.5","-3.3","0.0","0.0","0.8","8.6","8.6","5.1","11.75","11.31","0.0","55.9","57.5","70.1","0.0","0.0","4.4","0.0","0.0","0.0","11.8","9.1","1.4"
"20241221","대전","유성구","0.6","3.6","-2.9","-9.7","1.2","6.5","-3.4","1.9","0.0","0.6","1.9","7.1","5.2","4.67","9.92","0.0","75.1","64.8","69.7","6.6","1.3","4.4","0.2","0.0","0.0","11.7","7.3","1.3"
"20241220","대전","유성구","0.7","4.5","-3.8","-5.5","0.9","6.2","-3.7","0.2","0.5","0.5","1.4","2.6","5.3","4.54","6.21","0.0","67.4","70.5","69.1","9.0","6.1","4.3","0.0","1.9","0.0","3.8","10.6","1.3"
"20241219","대전","유성구","-1.9","4.9","-7.5","-2.5","0.6","5.7","-3.8","0.0","0.0","0.7","8.5","0.5","5.2","11.11","4.07","0.0","54.1","59.8","68.7","2.8","8.6","4.3","0.0","0.0","0.0","4.7","2.9","1.3"
"20241218","대전","유성구","-2.0","2.8","-5.3","-5.6","0.4","5.6","-4.0","0.0","0.0","0.6","8.2","5.8","5.2","11.06","8.85","0.0","50.4","53.9","68.2","1.6","6.5","4.4","0.0","0.0","0.0","7.4","5.7","1.3"
"20241217","대전","유성구","1.6","7.0","-2.0","-8.5","0.4","5.5","-4.0","0.0","0.0","0.6","6.6","8.6","5.3","10.66","11.46","0.0","54.8","61.5","67.1","3.9","0.6","4.2","0.0","1.8","0.0","10.2","7.9","1.4"
"20241216","대전","유성구","2.7","7.9","-1.7","-1.8","0.5","5.5","-3.9","0.1","2.8","0.8","6.8","1.8","5.4","10.22","5.0","0.0","61.4","75.8","66.9","7.4","8.3","4.2","0.0","1.8","0.0","6.6","15.6","1.4"
"20241215","대전","유성구","1.7","4.9","-0.3","8.9","0.7","5.8","-3.7","1.4","47.0","0.9","0.8","0.0","5.3","2.13","0.5","0.0","81.5","93.4","66.7","8.0","10.0","4.3","0.5","0.0","0.0","8.6","7.8","1.4"
"20241214","대전","유성구","0.5","4.9","-3.7","9.6","0.9","6.0","-3.7","0.0","26.6","0.7","7.5","0.0","5.5","10.65","1.44","0.0","59.1","79.0","66.2","2.3","9.6","4.2","0.0","0.0","0.0","11.0","9.2","1.4"
"20241213","대전","유성구","0.6","3.9","-1.4","9.5","1.2","6.1","-3.3","0.0","0.0","0.7","0.3","4.1","5.4","4.35","8.33","0.0","59.5","66.5","65.9","6.9","6.8","4.2","0.0","0.0","0.0","7.3","9.5","1.5"
"20241212","대전","유성구","1.2","6.9","-3.4","7.6","1.4","6.4","-3.1","0.0","0.5","1.0","6.7","0.3","5.2","10.24","4.42","0.0","54.8","75.6","67.0","4.4","8.3","4.4","0.0","0.0","0.0","7.3","7.2","1.5"
"20241211","대전","유성구","2.5","8.2","-0.4","11.9","1.6","6.6","-2.9","0.0","37.0","1.0","5.0","0.0","5.2","7.89","0.85","0.0","62.6","82.6","67.0","3.8","9.8","4.3","0.0","0.0","0.0","4.3","8.9","1.5"
"20241210","대전","유성구","3.9","9.1","0.8","13.9","1.8","6.8","-2.7","0.0","0.0","1.1","8.5","4.2","5.1","11.25","8.2","0.0","58.6","71.4","67.6","4.5","8.0","4.4","0.0","0.0","0.0","7.7","8.4","1.5"
"20241209","대전","유성구","2.0","7.8","-4.2","13.3","2.0","6.9","-2.3","0.0","0.0","1.3","5.7","8.2","4.8","8.68","9.6","0.0","63.4","71.0","68.7","4.8","1.9","4.7","0.0","0.0","0.0","3.5","8.5","1.4"
"20241208","대전","유성구","0.5","5.8","-2.9","10.6","2.0","6.9","-2.5","0.0","0.0","1.6","8.1","8.2","5.0","11.7","10.17","0.0","58.0","62.5","69.0","2.3","0.0","4.6","0.4","0.0","0.0","10.0","12.5","1.4"
"20241207","대전","유성구","1.4","5.5","-2.6","6.3","1.9","6.9","-2.5","0.0","0.0","1.4","2.6","8.0","5.1","6.1","10.58","0.0","66.3","55.6","68.4","4.4","0.3","4.7","0.4","0.0","0.0","9.1","10.7","1.4"
"20241206","대전","유성구","4.0","8.6","0.9","6.0","2.1","7.0","-2.4","0.0","5.3","1.8","5.8","0.1","5.0","9.93","4.6","0.0","65.0","73.6","69.3","3.8","6.8","4.8","0.0","0.0","0.0","10.2","10.3","1.4"
"20241205","대전","유성구","4.5","9.9","0.0","3.6","2.2","7.2","-2.3","0.0","0.0","1.9","3.7","6.5","5.1","7.45","9.24","0.0","69.5","65.6","69.1","7.3","3.0","4.8","0.0","0.0","0.0","11.5","4.6","1.4"
"20241204","대전","유성구","3.6","8.7","0.6","2.3","2.4","7.7","-2.2","0.0","0.0","1.8","8.3","8.7","5.3","11.53","11.41","0.0","48.5","60.4","68.8","3.6","2.8","4.5","0.0","0.0","0.0","8.6","4.4","1.4"
"20241203","대전","유성구","2.1","7.1","-1.1","2.7","2.9","8.3","-1.7","0.0","0.0","1.5","0.0","8.8","5.1","0.0","11.49","0.0","48.5","49.4","69.3","5.0","0.5","4.6","0.0","0.0","0.0","0.0","8.5","1.4"
"20241202","대전","유성구","8.3","15.9","2.9","2.8","3.4","9.0","-1.2","0.0","0.0","1.8","5.1","2.2","5.2","7.75","6.8","0.0","75.6","61.4","70.3","2.3","6.5","4.4","0.0","0.0","0.0","10.0","7.3","1.3"
"20241201","대전","유성구","7.6","13.0","2.4","-1.7","3.9","9.5","-0.6","0.0","0.0","1.6","3.5","8.7","5.1","6.66","11.66","0.0","80.0","58.8","70.1","6.0","1.3","4.4","0.0","0.0","0.0","5.0","9.9","1.3"
"20241130","대전","유성구","5.3","9.9","-0.7","-2.1","4.3","9.9","-0.2","0.0","0.0","1.3","4.1","8.1","5.1","7.22","12.04","0.0","73.3","49.8","69.8","3.0","2.1","4.4","0.0","0.0","0.0","5.9","8.9","1.2"
"20241129","대전","유성구","2.2","5.2","-1.1","2.4","4.5","10.0","0.1","0.4","0.0","1.7","4.1","3.2","4.9","7.09","7.34","0.0","81.1","66.8","70.1","7.0","6.9","4.6","0.0","0.0","0.0","5.8","12.2","1.3"
"20241128","대전","유성구","3.2","9.0","0.3","3.4","4.8","10.1","0.4","4.7","0.0","1.8","2.6","6.8","4.7","5.02","10.42","0.0","79.6","59.4","70.4","9.0","4.0","4.8","0.5","0.0","0.0","13.1","11.2","1.3"
"20241127","대전","유성구","2.3","6.0","0.0","7.0","5.0","10.3","0.6","3.8","3.0","1.5","1.4","0.8","4.7","4.88","3.19","0.0","75.5","82.1","70.0","8.8","6.6","4.8","0.5","0.0","0.0","13.7","13.1","1.4"
"20241126","대전","유성구","7.6","11.2","4.1","4.2","5.2","10.6","0.7","18.0","0.4","1.6","1.5","4.4","4.7","4.78","8.54","0.0","72.4","49.9","70.2","8.9","7.1","4.9","0.0","0.0","0.0","12.6","4.1","1.4"
"20241125","대전","유성구","9.7","17.2","1.3","-1.2","5.5","10.9","0.8","0.3","0.0","1.7","7.5","9.0","4.8","10.98","12.73","0.0","66.8","38.0","70.5","4.8","0.0","4.8","0.0","0.0","0.0","10.1","6.4","1.4"
"20241124","대전","유성구","6.6","14.9","0.5","1.2","5.7","11.2","0.8","0.0","0.0","1.3","8.8","7.4","5.0","12.3","11.25","0.0","67.0","47.3","69.8","0.8","1.3","4.6","0.0","0.0","0.0","4.7","12.7","1.4"
"20241123","대전","유성구","5.3","13.2","-0.4","12.8","5.7","11.4","0.7","0.0","0.0","1.3","8.0","7.8","5.3","11.91","10.75","0.0","62.0","59.0","68.8","1.9","3.6","4.4","0.0","0.0","0.0","4.8","14.2","1.4"
"20241122","대전","유성구","7.2","12.8","2.2","7.9","5.7","11.4","0.7","0.0","0.0","1.3","8.9","9.0","5.5","12.67","12.28","0.0","54.1","72.6","68.0","0.0","2.6","4.4","0.0","0.0","0.0","7.7","7.2","1.4"
"20241121","대전","유성구","9.8","14.4","4.4","6.2","5.7","11.4","0.6","0.0","0.0","1.3","4.2","9.1","5.5","7.55","12.96","0.0","69.4","58.4","67.4","4.4","0.0","4.3","0.0","0.0","0.0","5.2","4.4","1.4"
"20241120","대전","유성구","6.7","12.7","0.3","6.0","5.7","11.3","0.7","0.0","0.0","1.3","5.4","9.2","5.6","9.12","12.87","0.0","67.0","58.4","66.7","6.5","0.0","4.3","0.0","0.0","0.0","3.7","5.6","1.5"
"20241119","대전","유성구","5.4","13.8","-2.0","7.8","6.0","11.6","1.1","0.0","0.0","1.7","6.9","5.2","5.4","10.95","9.09","0.0","59.3","67.6","67.0","4.0","3.4","4.4","0.0","0.0","0.0","4.1","8.5","1.5"
"20241118","대전","유성구","2.6","8.1","-0.7","1.6","6.3","11.9","1.5","0.0","0.8","1.8","9.2","3.1","5.4","13.99","7.9","0.0","34.4","67.6","66.8","0.5","4.8","4.4","0.0","2.5","0.0","8.0","10.8","1.5"
"20241117","대전","유성구","9.1","15.4","2.9","2.5","6.6","12.2","1.8","0.0","1.0","1.6","0.3","3.4","5.5","4.44","6.25","0.0","51.6","71.8","67.1","5.8","6.1","4.4","0.0","0.6","0.0","10.8","13.9","1.5"
"20241116","대전","유성구","16.8","23.7","11.2","5.3","7.1","12.7","2.4","0.1","7.5","1.3","8.6","0.0","5.6","12.48","1.82","0.0","74.4","88.1","67.1","5.0","8.3","4.3","0.0","0.0","0.0","6.0","3.8","1.5"
"20241115","대전","유성구","14.8","20.2","12.0","7.0","7.7","13.3","2.9","5.5","0.0","1.5","5.5","8.1","5.3","10.26","11.74","0.0","78.6","68.5","68.1","5.4","2.9","4.4","0.0","0.0","0.0","7.0","6.7","1.4"
"20241114","대전","유성구","13.8","20.1","9.3","5.5","8.1","13.8","3.3","0.1","0.0","1.6","2.2","4.4","5.5","7.25","10.59","0.0","78.4","67.0","68.1","7.6","5.0","4.2","0.0","0.0","0.0","5.7","7.9","1.4"
"20241113","대전","유성구","13.1","21.8","6.0","2.4","8.6","14.3","3.9","0.0","0.0","1.6","9.2","9.4","5.4","13.02","13.97","0.0","71.9","58.3","69.0","2.3","0.0","4.3","0.0","0.0","0.0","4.8","8.2","1.5"
"20241112","대전","유성구","13.7","20.6","9.1","1.7","9.1","14.7","4.5","0.0","0.0","1.8","8.5","2.8","5.2","13.15","8.01","0.0","67.5","61.5","69.4","1.9","3.8","4.6","0.0","0.0","0.0","5.9","8.2","1.6"
"20241111","대전","유성구","13.3","21.6","6.9","1.7","9.4","15.0","4.6","0.0","0.0","2.1","9.1","4.7","5.2","12.95","7.13","0.0","74.8","54.4","69.2","0.5","4.0","4.6","0.0","0.0","0.0","3.4","4.6","1.6"
"20241110","대전","유성구","13.3","21.0","9.4","5.7","9.7","15.2","5.0","0.0","0.3","2.4","5.0","8.4","5.2","9.91","13.57","0.0","78.0","49.8","68.8","5.1","3.3","4.7","0.0","0.0","0.0","3.5","9.6","1.7"
"20241109","대전","유성구","12.4","19.9","6.7","11.5","10.1","15.7","5.3","0.0","8.3","2.2","6.4","2.5","5.0","12.08","7.0","0.0","76.9","73.8","69.7","3.8","6.8","4.9","0.0","0.0","0.0","4.3","8.0","1.7"
"20241108","대전","유성구","10.5","19.6","3.4","8.4","10.4","16.2","5.5","0.0","0.0","2.3","7.6","9.4","5.1","12.52","14.21","0.0","73.0","60.4","70.2","3.3","1.8","4.8","0.0","0.0","0.0","3.8","4.1","1.6"
"20241107","대전","유성구","7.7","16.8","0.6","8.3","10.6","16.7","5.4","0.0","0.0","2.3","9.5","8.1","5.4","14.73","14.53","0.0","66.9","55.1","71.0","0.3","2.8","4.5","0.0","0.0","0.0","3.8","10.0","1.5"
"20241106","대전","유성구","7.3","14.2","2.3","15.5","10.7","17.1","5.3","0.0","11.5","1.9","9.6","3.1","5.8","14.96","7.65","0.0","54.9","64.9","71.2","0.0","7.9","4.2","0.0","0.0","0.0","7.2","12.5","1.4"
"20241105","대전","유성구","9.8","15.7","5.3","19.3","10.7","17.4","5.1","0.0","7.5","1.2","7.7","2.4","6.1","14.02","8.7","0.0","56.4","75.4","71.4","2.9","8.5","3.7","0.0","0.0","0.0","8.4","12.2","1.3"
"20241104","대전","유성구","14.5","21.8","9.2","18.8","10.6","17.2","4.9","0.0","0.0","0.8","4.6","0.2","6.3","9.85","4.63","0.0","69.3","81.0","71.0","4.6","8.4","3.5","0.0","0.0","0.0","10.7","7.9","1.3"
"20241103","대전","유성구","16.2","23.7","10.8","19.3","10.4","17.0","4.8","0.0","0.0","0.7","8.8","5.0","6.5","14.25","10.66","0.0","76.4","69.4","70.6","1.0","7.0","3.4","0.0","0.0","0.0","4.9","8.5","1.3"
"20241102","대전","유성구","16.9","23.6","13.3","19.6","10.3","16.8","4.9","0.1","0.0","1.3","6.0","9.4","6.5","11.96","14.46","0.0","77.9","59.1","70.6","4.5","0.0","3.6","0.0","0.0","0.0","5.4","7.8","1.3"
"20241101","대전","유성구","13.3","15.4","11.4","18.1","10.4","16.7","5.1","1.6","0.0","1.4","0.0","3.3","6.4","2.11","7.0","0.0","88.1","68.8","70.4","9.1","6.3","3.7","0.0","0.0","0.0","6.1","8.1","1.4"
"20241031","대전","유성구","14.5","23.5","8.9","14.8","10.7","16.9","5.5","0.0","0.0","1.6","8.9","7.2","6.4","14.89","13.53","0.0","75.6","67.6","70.2","2.4","2.3","3.9","0.0","0.0","0.0","3.6","5.9","1.4"
"20241030","대전","유성구","14.7","21.6","9.7","14.1","11.0","17.2","5.8","0.0","0.0","1.8","9.6","9.6","6.4","14.96","14.52","0.0","76.8","72.1","70.5","0.3","1.3","4.1","0.0","0.0","0.0","5.0","3.9","1.4"
"20241029","대전","유성구","14.9","20.5","11.8","13.3","11.3","17.6","5.9","0.0","0.0","1.9","3.1","9.7","6.5","10.22","15.05","0.0","70.5","70.8","70.2","5.4","0.0","3.9","0.0","0.0","0.0","8.1","4.2","1.4"
"20241028","대전","유성구","14.8","17.5","12.1","13.3","11.5","17.9","6.3","0.0","0.0","1.3","0.4","7.5","6.7","5.37","12.91","0.0","81.3","74.1","69.4","7.5","2.4","3.7","0.0","0.0","0.0","8.5","6.8","1.4"
"20241027","대전","유성구","15.2","18.1","12.6","14.3","11.9","18.3","6.6","0.7","0.0","1.6","0.2","3.6","6.6","4.5","8.89","0.0","86.4","71.1","70.1","9.4","2.8","3.7","0.0","0.0","0.0","4.6","6.1","1.4"
"20241026","대전","유성구","17.2","24.2","10.5","16.6","12.3","18.6","7.0","0.0","0.0","1.5","9.8","6.9","6.6","16.37","12.63","0.0","74.4","77.5","70.6","0.8","4.5","3.6","0.0","0.0","0.0","9.1","7.0","1.4"
"20241025","대전","유성구","14.5","22.2","7.2","15.7","12.6","18.9","7.3","0.0","0.0","1.3","7.6","9.8","6.7","13.81","15.18","0.0","78.0","74.9","70.6","5.0","1.5","3.4","0.0","0.0","0.0","6.6","4.9","1.4"
"20241024","대전","유성구","12.0","19.2","6.4","14.0","13.0","19.3","7.8","0.0","0.0","1.7","10.0","6.2","6.6","16.32","12.63","0.0","76.0","77.1","71.0","0.1","5.1","3.7","0.0","0.0","0.0","7.4","4.3","1.5"
"20241023","대전","유성구","13.7","18.6","9.1","13.7","13.5","19.7","8.3","1.2","0.0","2.2","5.1","7.3","6.3","12.53","12.92","0.0","72.3","75.5","72.3","4.5","1.6","3.8","0.0","0.0","0.0","10.1","4.3","1.5"
"20241022","대전","유성구","16.6","18.6","14.8","11.8","13.8","20.1","8.6","13.1","0.0","2.0","0.0","7.7","6.5","2.8","15.07","0.0","97.4","68.5","72.4","10.0","4.8","3.7","0.0","0.0","0.0","4.5","6.5","1.4"
"20241021","대전","유성구","13.9","18.9","8.5","10.6","14.0","20.3","8.7","0.4","0.0","1.9","0.7","8.6","6.6","6.66","14.23","0.0","85.0","59.8","72.1","8.1","1.4","3.7","0.0","0.0","0.0","3.4","8.5","1.4"
"20241020","대전","유성구","13.3","18.0","9.8","11.8","14.2","20.5","8.8","0.0","1.1","1.8","5.9","7.9","6.7","13.2","14.51","0.0","60.6","60.5","71.9","3.8","5.3","3.6","0.0","0.0","0.0","15.6","14.3","1.4"
"20241019","대전","유성구","17.6","22.9","13.2","15.2","14.3","20.7","8.9","1.9","11.1","1.2","0.0","0.1","6.9","3.66","4.06","0.0","84.4","85.9","71.9","9.0","9.3","3.5","0.0","0.0","0.0","11.7","5.4","1.4"
"20241018","대전","유성구","20.0","23.0","17.5","14.8","14.3","20.7","8.9","41.6","0.0","0.8","0.0","10.2","6.9","3.24","16.86","0.0","89.4","65.6","71.3","9.6","2.9","3.5","0.0","0.0","0.0","9.1","6.3","1.3"
"20241017","대전","유성구","19.1","25.3","15.2","13.3","14.3","20.7","8.9","0.0","0.0","0.9","6.3","10.4","6.9","13.99","18.04","0.0","78.6","63.8","70.9","6.4","0.0","3.6","0.0","0.0","0.0","7.1","4.8","1.4"
"20241016","대전","유성구","18.9","24.5","15.9","14.7","14.4","20.8","9.1","0.0","0.0","1.0","3.8","8.9","6.8","12.86","15.47","0.0","86.5","64.5","71.2","7.1","1.5","3.6","0.0","0.0","0.0","5.4","7.5","1.3"
"20241015","대전","유성구","18.3","20.1","16.8","15.1","14.6","20.9","9.3","33.5","0.0","1.2","0.0","7.0","6.8","2.77","13.53","0.0","96.9","75.6","71.5","9.5","2.4","3.9","0.0","0.0","0.0","3.0","9.5","1.3"
"20241014","대전","유성구","17.7","19.4","16.3","15.3","14.8","21.1","9.6","8.3","0.0","1.6","0.0","5.1","6.6","3.57","13.25","0.0","91.5","75.5","71.5","9.9","6.6","3.9","0.0","0.0","0.0","6.2","7.0","1.3"
"20241013","대전","유성구","17.7","24.4","10.9","16.4","15.2","21.4","9.9","0.0","0.0","1.8","6.2","4.9","6.7","12.77","12.57","0.0","73.8","69.9","71.7","5.8","8.3","4.0","0.0","0.0","0.0","7.3","5.4","1.4"
"20241012","대전","유성구","17.2","24.5","12.0","16.1","15.6","21.7","10.4","0.0","0.0","2.0","10.0","10.4","6.6","17.85","17.36","0.0","73.3","64.9","72.3","0.1","4.3","4.2","0.0","0.0","0.0","5.4","5.3","1.4"
"20241011","대전","유성구","17.6","24.2","12.5","16.6","15.9","22.0","10.7","0.0","0.0","2.0","9.9","10.6","6.7","17.32","18.11","0.0","75.9","65.4","72.1","0.4","2.0","4.2","0.0","0.0","0.0","5.3","8.5","1.4"
"20241010","대전","유성구","17.7","23.8","13.6","16.5","16.2","22.3","11.0","0.0","0.0","2.1","5.9","9.4","6.9","12.93","17.68","0.0","72.4","72.3","72.0","2.9","2.4","4.0","0.0","0.0","0.0","6.6","5.6","1.4"
"20241009","대전","유성구","18.5","24.8","12.6","17.3","16.4","22.5","11.2","0.0","0.0","1.8","10.0","3.2","6.9","17.34","12.39","0.0","70.4","70.0","72.3","3.8","7.9","4.1","0.0","0.0","0.0","7.8","5.5","1.4"
"20241008","대전","유성구","16.7","22.7","13.3","17.2","16.6","22.7","11.4","0.0","0.0","1.9","6.0","1.3","7.0","13.93","8.89","0.0","81.8","64.8","72.1","3.1","8.4","4.0","0.0","0.0","0.0","5.0","8.5","1.4"
"20241007","대전","유성구","17.0","20.5","13.7","15.7","16.6","22.7","11.5","2.3","0.0","2.1","1.0","2.5","7.1","8.24","10.49","0.0","85.3","70.9","71.8","9.4","8.9","4.1","0.0","0.0","0.0","4.1","6.5","1.4"
"20241006","대전","유성구","16.6","19.1","13.8","15.0","16.7","22.7","11.8","0.2","0.0","2.0","0.0","9.4","6.8","5.1","18.28","0.0","88.0","57.0","71.9","9.0","6.4","4.3","0.0","0.0","0.0","4.0","5.5","1.5"
"20241005","대전","유성구","17.2","23.9","11.0","14.5","17.0","22.8","12.1","0.0","0.0","2.0","9.6","10.7","6.7","17.74","20.32","0.0","74.1","42.6","72.2","3.9","3.3","4.6","0.0","0.0","0.0","5.8","13.1","1.5"
"20241004","대전","유성구","16.2","24.0","11.2","17.8","17.2","22.9","12.3","0.0","0.0","2.9","7.1","8.2","6.6","17.45","17.26","0.0","80.5","71.4","72.6","3.1","6.3","4.7","0.0","0.0","0.0","4.8","11.2","1.4"
"20241003","대전","유성구","12.9","15.5","10.0","15.2","17.5","23.2","12.7","4.0","0.0","3.0","0.2","1.6","6.2","4.46","7.92","0.0","87.3","79.5","73.7","7.3","5.3","5.0","0.0","0.0","0.0","4.7","3.4","1.4"
"20241002","대전","유성구","14.9","21.2","10.8","16.7","17.8","23.4","13.1","0.0","0.0","3.6","8.6","11.0","6.1","19.18","20.12","0.0","59.6","65.5","74.6","3.9","3.0","5.0","0.0","0.0","0.0","7.3","7.4","1.4"
"20241001","대전","유성구","17.0","21.9","12.9","17.8","18.1","23.6","13.6","2.0","0.0","4.5","1.1","10.9","6.0","3.98","20.81","0.0","81.0","60.9","75.0","7.5","0.9","5.2","0.0","0.0","0.0","8.1","9.9","1.4"
"20240930","대전","유성구","21.0","27.9","15.4","18.6","18.4","23.8","13.9","0.0","4.3","4.6","11.0","5.8","5.7","19.94","15.4","0.0","64.6","77.3","75.0","2.3","6.1","5.4","0.0","0.0","0.0","7.6","5.4","1.5"
"20240929","대전","유성구","22.8","27.8","18.7","20.2","18.6","24.1","14.1","0.0","0.0","4.4","8.9","1.4","5.9","16.77","12.76","0.0","64.4","74.3","74.5","2.1","8.9","5.3","0.0","0.0","0.0","10.0","4.8","1.5"
"20240928","대전","유성구","22.7","28.1","18.7","22.2","18.8","24.3","14.2","0.0","0.0","4.2","7.2","8.7","6.2","15.47","18.26","0.0","71.9","74.5","73.6","2.6","3.8","5.0","0.0","0.0","0.0","10.0","6.0","1.5"
"20240927","대전","유성구","23.0","28.6","19.7","21.5","19.0","24.6","14.3","0.0","1.4","2.9","9.0","0.3","6.3","18.44","5.25","0.0","72.8","89.0","73.3","2.6","9.5","5.0","0.0","0.0","0.0","5.4","4.8","1.5"
"20240926","대전","유성구","24.1","29.4","20.6","20.4","19.2","24.9","14.5","0.0","35.2","3.2","5.6","0.0","6.4","15.14","2.54","0.0","74.3","94.0","73.8","6.1","10.0","4.8","0.0","0.0","0.0","5.4","4.5","1.4"
"20240925","대전","유성구","23.2","28.5","18.4","21.4","19.3","25.0","14.6","0.0","4.0","3.4","8.6","2.9","6.5","16.24","13.23","0.0","72.0","74.0","73.9","5.3","9.1","4.6","0.0","0.0","0.0","5.8","8.6","1.4"
"20240924","대전","유성구","20.9","27.2","15.4","21.1","19.4","25.0","14.7","0.0","0.0","3.1","10.2","9.7","6.5","21.13","19.95","0.0","64.3","58.4","74.0","3.1","4.9","4.6","0.0","0.0","0.0","7.0","8.9","1.5"
"20240923","대전","유성구","21.0","25.8","17.3","19.5","19.5","25.0","14.9","0.0","0.0","4.0","11.3","6.0","6.4","22.27","15.04","0.0","59.6","72.9","74.4","1.3","6.0","4.7","0.0","0.0","0.0","10.1","8.8","1.5"
"20240922","대전","유성구","21.3","26.7","16.9","18.6","19.7","25.0","15.1","0.0","0.0","4.6","3.5","6.8","6.2","13.8","16.7","0.0","75.1","79.8","74.6","6.0","4.0","4.8","0.0","0.0","0.0","8.3","6.0","1.6"
"20240921","대전","유성구","21.4","25.4","19.5","18.4","20.0","25.3","15.3","131.2","3.0","3.6","0.0","0.0","6.4","1.84","6.85","0.0","95.9","89.3","73.7","10.0","8.5","4.8","0.0","0.0","0.0","9.4","6.7","1.6"
"20240920","대전","유성구","25.5","27.6","24.2","20.9","20.3","25.7","15.6","45.6","152.7","3.6","0.0","0.0","6.6","2.62","1.93","0.0","93.5","93.1","73.6","9.5","10.0","4.8","0.0","0.0","0.0","7.8","10.8","1.6"
"20240919","대전","유성구","28.5","34.0","23.9","23.6","20.7","25.9","16.1","0.0","0.0","5.1","4.9","5.7","6.5","16.45","15.78","0.0","76.0","78.8","73.7","6.8","7.8","5.0","0.0","0.0","0.0","4.1","3.7","1.7"
"20240918","대전","유성구","28.2","33.6","24.4","24.5","21.0","26.1","16.5","2.0","2.2","5.3","3.2","7.4","6.5","12.83","19.23","0.0","81.8","79.6","73.8","7.0","4.1","5.0","0.0","0.0","0.0","11.2","6.2","1.7"
"20240917","대전","유성구","29.7","35.7","25.0","24.4","21.3","26.4","16.8","0.0","0.0","5.6","10.8","3.2","6.7","21.87","14.29","0.0","72.0","83.4","73.7","4.8","8.6","5.0","0.0","0.0","0.0","6.5","3.7","1.8"
"20240916","대전","유성구","28.0","32.1","24.9","22.5","21.4","26.4","17.2","0.0","58.9","6.7","4.1","0.5","6.3","14.55","5.81","0.0","70.4","93.8","74.6","5.9","9.6","5.2","0.0","0.0","0.0","8.9","8.1","1.8"
"20240915","대전","유성구","29.3","34.5","25.1","21.9","21.6","26.4","17.4","0.0","15.1","6.9","9.7","0.0","6.1","20.81","5.01","0.0","70.3","93.5","75.3","3.4","10.0","5.3","0.0","0.0","0.0","9.7","2.9","1.8"
"20240914","대전","유성구","28.8","34.6","25.3","22.1","21.7","26.5","17.7","0.0","5.9","5.9","8.7","0.3","5.7","19.45","8.01","0.0","74.4","87.1","76.2","4.6","9.8","5.6","0.0","0.0","0.0","6.1","6.6","1.8"
"20240913","대전","유성구","28.0","33.4","24.2","21.0","21.8","26.5","17.9","0.0","27.5","5.8","7.6","0.0","5.3","19.33","4.08","0.0","77.0","91.8","76.9","6.3","10.0","5.9","0.0","0.0","0.0","6.9","8.6","1.7"
"20240912","대전","유성구","26.5","30.9","24.9","24.5","21.9","26.7","17.9","4.1","0.0","6.1","0.0","5.4","5.3","8.28","15.72","0.0","89.9","71.4","77.5","8.9","7.5","5.9","0.0","0.0","0.0","4.7","5.0","1.6"
"20240911","대전","유성구","28.1","35.3","25.2","25.2","22.0","26.7","18.0","21.2","0.0","5.6","2.5","6.6","5.1","12.91","16.71","0.0","79.8","68.8","77.9","7.8","7.3","6.1","0.0","0.0","0.0","9.6","4.5","1.5"
"20240910","대전","유성구","29.5","36.0","24.8","24.9","22.2","27.0","18.2","0.0","0.0","5.4","11.4","9.4","5.2","22.12","22.29","0.0","62.8","68.6","77.6","1.1","4.3","6.1","0.0","0.0","0.0","6.7","5.1","1.5"
"20240909","대전","유성구","29.0","34.9","24.2","24.1","22.3","27.2","18.3","0.0","0.0","5.0","6.5","11.7","5.4","18.6","23.3","0.0","67.9","67.6","77.3","3.8","1.9","5.9","0.0","0.0","0.0","5.2","4.6","1.5"
"20240908","대전","유성구","27.6","34.3","22.8","23.3","22.5","27.3","18.5","0.0","0.0","4.4","10.4","12.0","5.4","22.2","24.19","0.0","67.5","61.3","77.1","3.4","0.0","5.8","0.0","0.0","0.0","7.1","5.5","1.6"
"20240907","대전","유성구","26.6","31.5","23.4","25.0","22.6","27.3","18.8","0.0","0.0","4.8","3.4","12.0","5.2","14.47","24.37","0.0","75.9","60.0","76.9","6.5","0.0","6.0","0.0","0.0","0.0","4.8","9.4","1.6"
"20240906","대전","유성구","25.6","29.1","23.6","26.0","23.0","27.7","19.1","0.5","0.0","5.2","0.0","9.0","5.6","5.59","19.48","0.0","82.6","67.6","76.1","9.9","2.3","5.8","0.0","0.0","0.0","4.8","6.3","1.7"
"20240905","대전","유성구","27.2","32.4","22.9","26.9","23.1","27.8","19.2","0.0","0.0","6.1","6.8","6.1","5.6","18.91","18.25","0.0","70.3","66.8","76.6","4.4","6.6","5.9","0.0","0.0","0.0","7.8","6.0","1.6"
"20240904","대전","유성구","26.8","33.3","21.6","27.4","23.3","28.0","19.6","0.0","0.0","6.5","11.6","2.6","5.6","23.99","15.27","0.0","57.8","75.3","76.9","1.8","7.8","6.0","0.0","0.0","0.0","8.2","5.7","1.7"
"20240903","대전","유성구","27.1","32.0","23.1","27.0","23.7","28.5","19.8","0.0","0.0","6.8","9.2","6.3","6.2","21.44","19.64","0.0","61.3","74.5","76.2","4.1","6.5","5.7","0.0","0.0","0.0","9.2","6.1","1.7"
"20240902","대전","유성구","24.8","27.4","21.9","24.6","23.9","28.6","19.9","0.0","0.0","6.9","1.5","8.8","6.4","8.26","21.69","0.0","75.0","70.8","76.4","6.9","4.0","5.7","0.0","0.0","0.0","4.0","6.0","1.8"
"20240901","대전","유성구","26.9","32.4","23.3","23.1","23.9","28.4","20.1","0.0","0.0","8.7","8.0","8.9","5.9","20.1","22.09","0.0","69.1","72.8","77.2","4.3","2.9","6.0","0.0","0.0","0.0","6.3","5.9","1.9"
"20240831","대전","유성구","26.6","32.2","22.0","22.5","24.1","28.6","20.3","0.0","0.0","8.0","11.3","4.3","6.0","24.28","15.62","0.0","70.3","81.3","77.4","2.0","6.1","6.1","0.0","0.0","0.0","5.3","3.9","1.9"
"20240830","대전","유성구","27.3","33.6","22.3","21.1","24.3","28.8","20.5","0.0","44.4","9.0","12.0","0.0","6.2","24.91","4.21","0.0","69.9","93.9","77.4","1.1","10.0","6.0","0.0","0.0","0.0","7.7","3.5","1.9"
"20240829","대전","유성구","27.0","32.4","22.9","24.8","24.2","28.6","20.6","3.0","5.5","10.0","8.8","0.0","5.7","19.49","4.92","0.0","70.1","86.3","78.5","1.9","9.9","6.3","0.0","0.0","0.0","11.9","9.5","1.9"
"20240828","대전","유성구","27.0","31.0","22.1","26.1","24.3","28.6","20.8","0.0","0.0","10.9","8.7","1.1","5.4","19.7","11.02","0.0","67.3","73.5","79.2","2.0","9.0","6.4","0.0","0.0","0.0","9.1","10.7","1.8"
"20240827","대전","유성구","26.3","28.3","24.0","26.2","24.5","28.8","21.0","0.1","0.0","10.6","0.0","5.0","5.3","6.72","16.6","0.0","83.3","71.8","79.5","7.6","6.5","6.5","0.0","0.0","0.0","8.1","6.6","1.8"
"20240826","대전","유성구","27.9","32.2","24.7","25.0","24.6","28.8","21.2","0.0","0.0","11.9","2.6","9.9","4.9","13.01","22.41","0.0","81.6","74.8","79.4","7.9","6.0","6.7","0.0","0.0","0.0","7.1","6.1","1.8"
"20240825","대전","유성구","28.0","32.8","24.4","26.2","24.7","28.8","21.4","0.5","0.0","10.8","6.2","10.2","4.7","17.71","24.08","0.0","79.5","70.3","79.3","2.9","3.8","6.8","0.0","0.0","0.0","5.7","6.7","1.8"
"20240824","대전","유성구","28.1","32.9","25.4","25.5","24.9","29.0","21.6","6.8","44.3","9.6","5.3","0.6","4.8","17.18","8.54","0.0","79.3","89.1","79.3","5.8","9.6","6.9","0.0","0.0","0.0","6.9","11.1","1.8"
"20240823","대전","유성구","28.3","32.8","24.1","26.7","25.2","29.4","21.8","0.0","22.8","8.7","10.4","2.4","4.9","22.71","13.83","0.0","76.0","83.0","78.8","2.5","9.5","6.8","0.0","0.0","0.0","6.0","7.8","1.8"
"20240822","대전","유성구","28.5","33.0","25.8","27.6","25.4","29.7","21.9","0.5","1.5","8.7","4.7","5.6","5.2","13.87","16.68","0.0","78.1","73.3","78.3","5.4","4.6","6.6","0.0","0.0","0.0","12.3","7.6","1.8"
"20240821","대전","유성구","28.6","31.5","26.5","29.2","25.6","30.0","22.1","3.8","0.0","7.6","2.3","8.0","5.4","10.05","19.76","0.0","83.5","69.6","78.0","8.9","3.6","6.5","0.0","0.0","0.0","7.5","8.4","1.8"
"20240820","대전","유성구","29.7","35.1","27.1","28.1","25.8","30.2","22.3","17.0","0.0","8.2","6.6","7.3","5.5","16.91","21.62","0.0","77.6","71.1","77.9","6.9","5.6","6.4","0.0","0.0","0.0","7.9","7.3","1.8"
"20240819","대전","유성구","29.9","34.8","25.2","28.2","26.0","30.5","22.5","0.1","0.0","8.2","9.0","7.7","5.7","21.04","19.37","0.0","68.1","72.4","77.4","3.9","4.0","6.2","0.0","0.0","0.0","7.5","4.3","1.8"
"20240818","대전","유성구","29.5","35.0","25.9","28.3","26.1","30.5","22.6","0.0","0.2","7.8","10.1","10.0","5.8","22.96","24.01","0.0","68.6","72.9","77.4","3.6","5.8","6.2","0.0","0.0","0.0","6.1","9.5","1.8"
"20240817","대전","유성구","29.5","34.7","25.7","26.1","26.3","30.7","22.8","0.0","1.5","7.4","10.7","4.5","5.8","24.69","16.7","0.0","67.0","80.5","77.4","4.9","5.4","6.3","0.0","0.0","0.0","6.2","5.8","1.8"
"20240816","대전","유성구","29.7","34.2","25.5","27.7","26.4","30.7","22.9","0.0","0.0","8.0","12.0","6.1","5.9","24.91","17.65","0.0","66.1","72.0","77.8","3.3","5.5","6.3","0.0","0.0","0.0","6.0","5.8","1.8"
"20240815","대전","유성구","29.5","34.1","25.6","28.1","26.5","30.9","23.0","0.0","0.0","7.7","11.1","8.9","5.9","23.24","23.94","0.0","66.4","73.1","78.0","1.5","5.3","6.2","0.0","0.0","0.0","7.1","6.8","1.8"
"20240814","대전","유성구","29.5","34.6","24.6","28.1","26.5","30.7","23.1","0.0","0.0","9.5","12.4","9.2","5.7","26.45","23.99","0.0","64.3","74.0","78.4","2.3","3.3","6.3","0.0","0.0","0.0","7.0","6.1","1.8"
"20240813","대전","유성구","29.2","35.0","24.9","26.8","26.6","30.8","23.2","19.3","0.0","10.9","11.0","4.1","5.7","25.37","18.69","0.0","71.1","78.9","78.6","4.3","7.1","6.2","0.0","0.0","0.0","10.4","4.8","1.8"
"20240812","대전","유성구","30.5","35.6","26.0","24.2","26.6","30.8","23.3","0.0","3.7","11.1","11.1","1.2","5.5","24.7","10.43","0.0","72.0","83.6","79.2","3.6","9.1","6.3","0.0","0.0","0.0","5.0","5.5","1.8"
"20240811","대전","유성구","29.6","34.0","25.2","25.3","26.6","30.8","23.3","0.0","8.0","11.5","7.2","3.0","5.4","17.87","16.52","0.0","72.5","80.4","79.3","2.5","9.5","6.3","0.0","0.0","0.0","5.4","8.8","1.8"
"20240810","대전","유성구","28.7","33.8","24.6","21.3","26.7","30.9","23.4","0.0","143.3","11.8","5.8","0.0","5.5","15.75","3.05","0.0","76.5","93.8","79.0","4.6","10.0","6.4","0.0","0.0","0.0","6.3","18.8","1.9"
"20240809","대전","유성구","28.4","33.9","24.6","26.4","26.8","31.0","23.5","0.0","45.4","10.7","9.3","0.5","5.6","23.6","8.76","0.0","74.6","79.5","78.8","2.5","8.9","6.3","0.0","0.0","0.0","4.9","9.3","1.9"
"20240808","대전","유성구","27.3","29.6","25.4","30.1","26.9","31.2","23.6","0.0","0.0","9.7","1.6","10.4","5.8","10.31","24.0","0.0","81.9","66.6","78.2","7.8","3.6","6.2","0.0","0.0","0.0","4.7","9.4","1.9"
"20240807","대전","유성구","28.9","34.6","25.4","29.7","27.1","31.5","23.6","1.0","0.0","7.9","8.1","8.3","6.4","21.77","22.87","0.0","78.3","70.4","77.3","3.9","3.8","5.9","0.0","0.0","0.0","7.6","9.0","1.9"
"20240806","대전","유성구","28.6","33.9","23.4","29.5","27.1","31.5","23.5","0.0","6.3","8.8","9.1","10.6","6.7","24.5","23.72","0.0","78.0","71.4","77.1","4.5","4.8","5.8","0.0","0.0","0.0","5.9","8.2","1.9"
"20240805","대전","유성구","27.4","34.3","24.0","30.0","27.1","31.5","23.6","34.3","0.0","10.3","5.4","11.3","6.6","15.35","25.69","0.0","87.1","67.1","77.1","6.3","2.9","5.8","0.0","0.0","0.0","13.1","6.9","1.9"
"20240804","대전","유성구","29.1","35.5","26.2","29.6","27.3","31.7","23.7","0.9","0.0","9.7","6.0","8.5","6.7","19.12","20.4","0.0","80.1","70.3","76.9","4.5","5.1","5.8","0.0","0.0","0.0","13.3","4.9","1.9"
"20240803","대전","유성구","30.7","35.6","27.4","29.2","27.4","31.7","23.8","0.0","0.0","10.1","7.6","10.3","6.6","21.62","21.99","0.0","74.5","67.5","77.3","5.4","2.9","5.8","0.0","0.0","0.0","5.9","5.1","1.9"
"20240802","대전","유성구","30.3","34.3","27.3","29.1","27.4","31.7","23.9","0.0","0.0","10.7","8.7","7.3","6.4","23.42","18.44","0.0","76.0","72.6","77.7","4.4","4.8","5.9","0.0","0.0","0.0","7.9","6.1","1.9"
"20240801","대전","유성구","30.0","34.2","26.9","29.5","27.4","31.7","24.0","0.0","0.0","9.8","5.9","10.1","6.2","19.67","22.9","0.0","73.0","70.4","77.9","5.5","4.5","6.1","0.0","0.0","0.0","6.3","4.9","1.9"
"20240731","대전","유성구","29.5","34.3","26.1","27.8","27.4","31.6","24.0","0.0","0.0","8.3","6.6","9.1","6.1","21.64","21.85","0.0","74.0","77.4","78.4","5.5","5.3","6.2","0.0","0.0","0.0","6.0","4.8","1.8"
"20240730","대전","유성구","28.7","32.8","26.3","27.4","27.2","31.5","23.9","0.0","31.6","8.6","7.4","7.1","5.8","20.92","18.74","0.0","73.4","80.3","78.7","5.8","4.8","6.4","0.0","0.0","0.0","7.7","12.2","1.8"
"20240729","대전","유성구","28.6","32.2","26.4","29.5","27.1","31.3","23.7","0.0","0.0","7.2","5.6","11.9","5.9","18.2","27.91","0.0","73.8","70.3","78.4","5.8","1.3","6.5","0.0","0.0","0.0","9.0","6.7","1.8"
"20240728","대전","유성구","29.7","34.1","25.8","28.4","27.0","31.1","23.6","0.0","0.1","6.7","9.1","9.0","5.9","24.69","20.79","0.0","71.8","76.1","78.0","6.0","4.0","6.5","0.0","0.0","0.0","9.4","5.0","1.9"
"20240727","대전","유성구","28.2","32.4","26.0","27.5","26.9","31.0","23.5","6.0","0.3","6.0","1.8","7.5","5.9","12.97","23.02","0.0","83.6","76.8","77.7","8.8","5.5","6.6","0.0","0.0","0.0","11.1","5.2","1.9"
"20240726","대전","유성구","28.4","34.0","25.1","25.9","26.8","30.8","23.5","1.3","3.7","5.6","5.1","7.7","5.8","17.2","19.45","0.0","81.1","83.8","77.7","7.5","7.6","6.7","0.0","0.0","0.0","9.9","7.7","2.0"
"20240725","대전","유성구","28.1","34.7","24.7","25.1","26.6","30.6","23.4","0.1","9.1","7.7","7.6","1.1","5.8","20.36","10.3","0.0","81.0","88.0","78.0","5.8","9.3","6.7","0.0","0.0","0.0","11.0","6.8","2.0"
"20240724","대전","유성구","28.6","33.4","25.3","26.1","26.6","30.5","23.4","2.5","5.1","8.5","7.0","3.9","5.6","20.85","14.9","0.0","79.3","82.3","78.6","5.0","8.4","6.6","0.0","0.0","0.0","7.2","5.5","2.0"
"20240723","대전","유성구","27.2","28.5","26.1","24.8","26.5","30.4","23.4","3.9","20.2","9.7","0.0","0.0","5.3","4.96","3.53","0.0","83.3","89.4","79.2","8.8","10.0","6.8","0.0","0.0","0.0","8.9","5.8","1.9"
"20240722","대전","유성구","28.9","31.7","26.0","25.3","26.5","30.4","23.2","0.0","1.0","9.5","2.8","4.9","5.4","15.38","12.66","0.0","72.8","78.4","79.2","7.9","6.3","6.7","0.0","0.0","0.0","9.5","9.7","1.9"
"20240721","대전","유성구","27.8","31.9","24.9","27.6","26.4","30.5","23.0","1.5","0.0","10.2","5.0","7.9","5.5","16.67","22.44","0.0","79.3","75.0","79.0","7.9","4.1","6.6","0.0","0.0","0.0","10.9","9.5","1.9"
"20240720","대전","유성구","26.0","31.3","22.6","26.8","26.2","30.4","22.7","15.2","0.0","8.2","3.7","8.7","5.7","12.86","22.46","0.0","87.0","75.8","78.5","7.8","4.9","6.5","0.0","0.0","0.0","10.2","4.2","1.9"
"20240719","대전","유성구","25.1","28.6","23.2","26.0","25.9","30.0","22.4","1.4","0.0","9.0","1.6","9.5","5.6","9.54","25.51","0.0","88.8","78.0","78.6","7.9","3.3","6.6","0.0","0.0","0.0","5.8","4.7","1.9"
"20240718","대전","유성구","25.9","27.6","23.8","23.0","25.6","29.7","22.1","28.8","73.0","9.6","0.0","0.6","5.3","2.42","3.89","0.0","84.4","94.4","78.8","10.0","9.3","6.7","0.0","0.0","0.0","13.0","6.9","2.0"
"20240717","대전","유성구","26.7","29.8","22.2","25.4","25.3","29.4","22.0","0.8","30.9","10.5","1.3","3.8","4.9","12.91","17.49","0.0","81.5","87.0","79.3","9.6","9.4","7.0","0.0","0.0","0.0","9.9","11.2","2.0"
"20240716","대전","유성구","24.6","27.3","22.0","24.3","25.2","29.2","21.9","45.6","1.5","10.0","0.9","1.7","4.8","6.74","10.4","0.0","89.3","88.5","79.5","9.0","8.9","7.1","0.0","0.0","0.0","10.4","4.8","1.9"
"20240715","대전","유성구","26.6","31.2","23.7","23.2","25.1","29.0","21.9","0.2","105.6","10.9","7.0","0.0","4.3","20.76","1.76","0.0","76.9","93.0","80.2","6.4","10.0","7.4","0.0","0.0","0.0","8.3","11.7","2.0"
"20240714","대전","유성구","26.2","29.9","23.5","24.2","25.0","28.9","21.9","0.0","221.8","10.9","5.3","0.0","4.0","20.07","1.75","0.0","75.9","94.5","80.4","6.9","10.0","7.6","0.0","0.0","0.0","10.0","13.3","2.0"
"20240713","대전","유성구","26.3","31.1","22.7","25.2","24.9","28.8","21.9","4.9","9.5","11.0","6.4","0.0","3.9","18.98","3.73","0.0","75.5","90.0","80.7","3.8","9.9","7.7","0.0","0.0","0.0","7.3","4.8","1.9"
"20240712","대전","유성구","26.0","31.4","22.3","26.7","24.8","28.7","21.7","0.0","7.8","12.4","7.1","5.7","4.0","21.88","19.77","0.0","77.0","81.4","80.6","5.9","7.5","7.8","0.0","0.0","0.0","6.2","5.6","1.9"
"20240711","대전","유성구","24.4","27.1","22.1","23.6","24.7","28.5","21.6","2.4","39.6","14.4","0.2","0.1","3.9","11.45","6.51","0.0","84.8","89.0","80.5","8.4","9.3","7.7","0.0","0.0","0.0","4.2","8.7","2.0"
"20240710","대전","유성구","23.4","26.8","21.1","26.5","24.6","28.5","21.4","88.6","36.2","13.6","1.8","8.3","4.2","11.3","22.11","0.0","89.8","74.8","79.9","9.0","7.0","7.6","0.0","0.0","0.0","11.0","12.6","2.0"
"20240709","대전","유성구","23.1","24.3","22.0","26.4","24.6","28.6","21.3","15.3","0.1","12.3","0.0","2.9","4.6","4.86","11.09","0.0","94.6","81.6","79.2","9.9","7.3","7.3","0.0","0.0","0.0","6.1","7.5","2.1"
"20240708","대전","유성구","23.9","25.9","22.3","23.9","24.6","28.7","21.2","137.5","2.6","11.8","0.0","2.1","5.0","3.05","15.73","0.0","96.6","85.6","78.3","10.0","8.1","7.1","0.0","0.0","0.0","11.7","4.9","2.1"
"20240707","대전","유성구","25.5","27.6","22.5","21.6","24.6","28.8","21.0","36.2","68.7","10.0","0.0","0.0","5.2","3.15","3.93","0.0","91.6","87.6","77.8","10.0","9.6","6.9","0.0","0.0","0.0","8.5","8.6","2.0"
"20240706","대전","유성구","27.5","31.4","23.5","26.4","24.6","28.8","21.0","0.1","0.0","9.0","0.4","8.1","5.2","10.85","24.5","0.0","74.5","59.8","77.7","9.4","7.5","7.0","0.0","0.0","0.0","9.6","7.0","2.0"
"20240705","대전","유성구","25.8","29.2","23.2","24.3","24.5","28.7","21.0","3.9","27.7","9.5","7.9","5.7","5.1","23.09","17.26","0.0","70.0","77.8","78.2","6.1","4.5","7.1","0.0","0.0","0.0","12.5","8.2","1.9"
"20240704","대전","유성구","28.1","32.2","23.3","24.7","24.5","28.5","21.1","0.0","80.2","10.4","10.0","0.0","4.8","26.52","4.86","0.0","68.9","87.3","79.1","4.4","9.5","7.3","0.0","0.0","0.0","9.6","6.9","1.8"
"20240703","대전","유성구","25.7","29.9","23.1","28.4","24.3","28.2","21.0","31.9","0.0","11.4","3.8","6.4","4.4","17.78","21.03","0.0","79.8","71.0","80.0","7.3","6.0","7.6","0.0","0.0","0.0","8.1","8.3","1.8"
"20240702","대전","유성구","24.0","26.5","20.8","27.5","24.2","28.0","21.1","57.0","0.0","11.5","0.0","5.9","4.0","4.09","21.26","0.0","90.5","73.5","80.3","10.0","7.0","7.8","0.0","0.0","0.0","10.2","5.3","1.9"
"20240701","대전","유성구","26.2","31.9","21.5","27.3","24.2","28.1","20.9","0.0","0.0","11.3","8.7","8.3","4.0","24.37","23.35","0.0","72.4","75.6","79.9","4.9","5.1","7.8","0.0","0.0","0.0","5.8","4.9","1.8"
"20240630","대전","유성구","24.2","26.2","22.3","24.2","24.1","28.2","20.7","10.0","4.8","10.3","1.1","0.4","4.3","8.39","8.72","0.0","88.8","90.5","79.2","8.9","10.0","7.6","0.0","0.0","0.0","12.0","6.9","1.8"
"20240629","대전","유성구","25.3","30.2","22.0","24.6","24.0","28.2","20.4","45.1","50.8","10.8","4.4","0.0","4.6","13.52","2.68","0.0","74.6","88.1","78.5","8.6","9.9","7.4","0.0","0.0","0.0","8.7","9.9","1.8"
"20240628","대전","유성구","25.7","32.3","18.3","24.1","23.9","28.3","20.2","0.0","5.7","8.9","13.2","2.7","4.9","29.25","11.81","0.0","58.5","78.8","77.5","2.1","8.6","7.2","0.0","0.0","0.0","6.3","13.7","1.8"
"20240627","대전","유성구","23.7","28.4","19.2","26.1","23.6","28.1","19.8","0.0","25.3","9.9","2.1","10.2","5.3","14.89","28.07","0.0","63.5","70.8","76.6","5.5","6.3","7.0","0.0","0.0","0.0","6.1","9.3","1.8"
"20240626","대전","유성구","24.3","30.6","17.8","23.8","23.3","27.8","19.5","0.0","54.5","10.5","12.5","0.0","5.3","28.45","5.04","0.0","60.6","89.8","76.3","4.1","10.0","7.0","0.0","0.0","0.0","5.4","7.9","1.9"
"20240625","대전","유성구","22.9","28.5","18.1","26.7","23.2","27.7","19.3","0.0","0.0","11.6","7.9","7.8","5.3","21.03","21.44","0.0","60.6","58.0","75.4","6.8","6.6","6.9","0.0","0.0","0.0","9.7","11.5","1.9"
"20240624","대전","유성구","25.3","30.0","20.3","27.1","23.2","27.9","19.2","0.0","0.0","9.9","8.1","10.5","5.4","24.9","25.72","0.0","66.4","59.9","74.0","5.6","4.0","6.9","0.0","0.0","0.0","8.9","6.9","2.0"
"20240623","대전","유성구","24.2","28.1","22.1","25.7","23.3","28.1","19.2","1.1","0.0","9.4","3.1","12.6","5.8","11.83","29.1","0.0","83.8","61.3","72.7","8.5","3.5","6.7","0.0","0.0","0.0","7.4","6.1","2.0"
"20240622","대전","유성구","23.5","25.3","22.4","22.9","23.3","28.3","19.1","13.2","0.0","8.0","0.0","5.6","6.0","3.56","20.68","0.0","89.8","69.3","72.4","10.0","6.5","6.5","0.0","0.0","0.0","6.7","9.1","1.9"
"20240621","대전","유성구","26.4","33.2","18.7","21.3","23.4","28.4","19.1","0.0","1.6","6.6","10.9","0.2","6.3","26.83","5.7","0.0","55.5","87.1","71.6","5.5","9.1","6.3","0.0","0.0","0.0","6.8","6.4","1.8"
"20240620","대전","유성구","25.7","32.5","20.0","23.7","23.4","28.5","19.0","0.0","2.9","6.2","6.3","3.1","6.4","19.14","14.33","0.0","48.8","61.0","71.3","5.9","7.9","6.3","0.0","0.0","0.0","9.3","10.3","1.8"
"20240619","대전","유성구","27.5","36.6","19.2","27.0","23.3","28.5","18.8","0.0","0.0","6.5","12.4","11.2","6.4","27.86","26.78","0.0","49.3","51.6","70.7","4.8","4.3","6.3","0.0","0.0","0.0","7.7","10.7","1.7"
"20240618","대전","유성구","25.4","34.1","16.5","26.1","23.2","28.5","18.4","0.0","0.0","6.6","13.7","11.3","6.7","30.07","27.95","0.0","53.1","50.4","69.7","0.0","3.6","6.1","0.0","0.0","0.0","8.1","5.4","1.7"
"20240617","대전","유성구","23.4","29.0","17.3","25.0","23.1","28.5","18.2","0.0","0.0","5.3","7.5","10.3","7.0","20.53","26.39","0.0","59.4","54.3","68.6","7.0","5.9","6.0","0.0","0.0","0.0","5.8","6.9","1.8"
"20240616","대전","유성구","24.4","30.2","19.1","24.4","22.9","28.3","18.0","0.0","0.0","4.6","12.5","13.0","7.1","29.15","29.54","0.0","59.4","57.3","68.2","3.3","0.3","5.9","0.0","0.0","0.0","8.5","6.4","1.8"
"20240615","대전","유성구","24.3","29.0","21.5","22.3","22.8","28.2","17.8","2.8","0.0","3.4","4.0","9.5","7.2","17.89","24.02","0.0","73.8","63.9","67.9","5.9","3.1","5.7","0.0","0.0","0.0","8.5","6.1","1.8"
"20240614","대전","유성구","26.6","33.1","20.1","22.6","22.6","28.0","17.6","0.0","0.0","2.7","12.6","9.4","7.4","26.91","23.4","0.0","52.9","60.8","67.9","5.5","5.3","5.6","0.0","0.0","0.0","7.8","7.5","1.8"
"20240613","대전","유성구","25.9","33.8","17.7","22.8","22.5","27.8","17.7","0.0","0.0","2.5","13.0","8.4","7.2","29.78","20.56","0.0","45.3","64.0","67.9","1.0","3.8","5.7","0.0","0.0","0.0","7.4","7.9","1.9"
"20240612","대전","유성구","25.3","33.4","18.3","23.3","22.5","27.8","17.7","0.0","0.0","4.4","12.8","8.6","7.1","30.07","26.75","0.0","48.8","65.0","68.2","2.0","4.8","5.8","0.0","0.0","0.0","7.5","8.5","2.0"
"20240611","대전","유성구","25.8","32.2","21.5","23.5","22.5","27.9","17.6","0.0","0.0","4.3","12.8","9.0","7.4","28.44","25.61","0.0","54.8","67.5","67.8","2.0","4.4","5.7","0.0","0.0","0.0","6.1","8.4","2.0"
"20240610","대전","유성구","24.7","31.5","17.3","23.3","22.4","27.8","17.5","0.0","1.3","4.1","10.8","6.0","7.3","27.56","22.38","0.0","59.9","63.1","67.5","1.6","6.8","5.8","0.0","0.0","0.0","8.0","8.4","2.0"
"20240609","대전","유성구","23.9","30.2","18.8","23.2","22.3","27.8","17.3","0.0","0.3","3.9","10.8","9.6","7.3","27.85","27.23","0.0","66.4","56.8","67.2","4.3","3.3","5.7","0.0","0.0","0.0","6.1","6.3","1.9"
"20240608","대전","유성구","20.5","26.1","17.4","22.3","22.2","27.8","17.1","4.7","0.3","3.4","2.7","7.0","7.2","13.18","22.93","0.0","83.5","69.6","67.0","6.9","5.4","5.7","0.0","0.0","0.0","6.7","7.6","1.8"
"20240607","대전","유성구","22.8","28.9","16.0","21.7","22.0","27.7","16.8","0.0","0.0","1.8","7.1","7.2","7.5","21.56","20.7","0.0","56.8","68.0","66.2","8.8","7.4","5.4","0.0","0.0","0.0","5.8","6.2","1.7"
"20240606","대전","유성구","22.8","29.3","17.5","21.4","21.8","27.5","16.6","0.0","0.0","1.3","10.1","12.2","7.3","25.74","28.84","0.0","57.0","62.1","65.7","5.0","2.6","5.5","0.0","0.0","0.0","6.1","8.7","1.7"
"20240605","대전","유성구","22.5","28.9","16.3","21.5","21.7","27.3","16.4","0.0","0.0","1.8","9.8","9.4","7.6","24.56","23.26","0.0","60.1","59.3","65.2","5.5","5.6","5.3","0.0","0.0","0.0","7.2","8.4","1.7"
"20240604","대전","유성구","21.6","28.0","15.3","22.6","21.5","27.2","16.0","0.0","0.0","2.1","13.7","11.4","7.7","31.04","28.18","0.0","49.5","50.1","64.5","0.0","5.8","5.3","0.0","0.0","0.0","7.1","8.5","1.8"
"20240603","대전","유성구","20.8","27.5","13.5","21.9","21.3","27.0","15.7","0.0","0.0","2.6","12.8","11.9","7.9","29.53","28.77","0.0","54.9","51.6","63.9","2.0","2.5","5.1","0.0","0.0","0.0","7.3","10.2","1.8"
"20240602","대전","유성구","20.1","27.1","13.9","21.9","21.0","26.9","15.3","0.0","0.0","2.2","13.2","7.8","8.2","29.41","24.31","0.0","54.5","67.8","63.0","2.1","4.9","4.9","0.0","0.0","0.0","11.2","7.7","1.8"
"20240601","대전","유성구","20.0","25.3","16.6","22.4","20.8","26.7","15.0","0.0","0.0","2.4","8.3","3.2","8.2","24.1","18.45","0.0","58.3","63.9","63.0","3.8","8.6","4.7","0.0","0.0","0.0","9.6","5.5","1.8"
"20240531","대전","유성구","21.4","27.4","16.3","22.3","20.8","26.8","15.0","0.0","0.0","1.9","12.9","13.1","8.4","30.28","29.7","0.0","50.9","53.6","62.2","3.1","3.1","4.6","0.0","0.0","0.0","10.4","7.4","1.8"
"20240530","대전","유성구","21.1","25.6","16.1","21.6","20.6","26.5","14.8","0.0","0.0","1.3","0.9","7.0","8.4","13.82","22.34","0.0","58.4","73.0","61.9","9.1","5.3","4.6","0.0","0.0","0.0","5.0","9.9","1.9"
"20240529","대전","유성구","20.9","28.4","12.7","20.4","20.3","26.3","14.5","0.0","28.0","1.3","13.3","0.2","8.4","29.06","6.18","0.0","56.3","89.3","61.4","2.3","8.0","4.6","0.0","0.0","0.0","5.6","5.1","1.9"
"20240528","대전","유성구","18.8","25.2","12.1","20.2","20.1","26.1","14.5","0.0","34.7","1.6","11.3","0.0","7.9","28.26","2.77","0.0","58.6","91.8","61.8","4.3","10.0","4.9","0.0","0.0","0.0","9.5","6.5","2.0"
"20240527","대전","유성구","18.5","23.2","13.7","20.8","20.0","26.0","14.4","0.0","0.6","1.9","10.9","0.3","7.9","24.38","5.99","0.0","59.5","79.0","62.0","7.1","9.9","4.9","0.0","0.0","0.0","9.8","4.8","2.0"
"20240526","대전","유성구","20.4","27.0","14.3","21.8","19.8","25.7","14.2","30.2","0.0","2.5","5.5","9.0","7.7","17.12","23.88","0.0","74.0","52.9","63.1","7.1","7.5","5.0","0.0","0.0","0.0","9.8","7.6","2.0"
"20240525","대전","유성구","19.4","22.3","17.3","21.3","19.8","25.7","14.2","0.0","0.0","2.7","0.0","7.2","7.8","11.02","24.86","0.0","54.8","45.0","63.2","8.1","6.4","4.9","0.0","0.0","0.0","7.9","5.8","2.0"
"20240524","대전","유성구","21.2","28.1","14.3","19.9","19.8","25.7","14.2","0.0","0.0","2.5","9.4","5.5","7.9","24.8","20.41","0.0","68.9","54.8","63.4","4.6","6.8","4.8","0.0","0.0","0.0","7.0","6.0","1.9"
"20240523","대전","유성구","22.2","29.4","15.7","18.5","19.7","25.7","13.9","0.0","0.0","2.9","11.6","10.4","8.1","28.74","27.52","0.0","64.3","62.5","63.3","0.8","1.6","4.7","0.0","0.0","0.0","7.6","6.1","1.9"
"20240522","대전","유성구","21.5","28.1","15.2","17.5","19.5","25.6","13.6","0.0","5.7","2.9","11.1","3.4","8.3","26.75","13.64","0.0","69.6","67.8","62.7","5.3","6.8","4.4","0.0","0.0","0.0","7.1","10.9","1.9"
"20240521","대전","유성구","20.5","26.5","15.5","18.3","19.3","25.4","13.5","0.0","0.0","2.5","7.7","6.3","8.4","22.45","20.18","0.0","70.9","69.1","62.4","3.3","5.9","4.5","0.0","0.0","0.0","6.2","8.6","2.0"
"20240520","대전","유성구","19.3","25.4","13.0","20.6","19.1","25.1","13.3","0.0","0.0","3.0","4.7","12.1","8.1","19.61","27.17","0.0","67.5","66.6","63.0","5.0","2.5","4.6","0.0","0.0","0.0","5.6","7.5","2.0"
"20240519","대전","유성구","21.6","29.3","14.2","20.8","18.8","24.7","13.1","0.0","0.0","2.9","12.8","4.5","7.9","28.78","16.87","0.0","58.3","61.9","63.1","0.1","5.0","4.7","0.0","0.0","0.0","7.4","8.7","2.0"
"20240518","대전","유성구","20.4","27.6","12.1","19.2","18.5","24.4","13.1","0.0","0.0","2.9","12.9","0.0","7.6","28.93","6.49","0.0","57.0","68.0","63.7","0.0","9.4","5.0","0.0","0.0","0.0","6.7","12.2","2.0"
"20240517","대전","유성구","19.2","25.6","13.5","23.6","18.4","24.2","13.1","0.0","0.0","2.9","11.6","11.8","7.1","26.94","25.15","0.0","53.3","44.8","64.6","3.1","3.4","5.4","0.0","0.0","0.0","8.6","9.3","2.0"
"20240516","대전","유성구","14.2","20.7","7.0","23.5","18.4","24.2","13.0","3.0","0.0","3.0","12.7","12.1","7.2","29.86","27.98","0.0","63.6","41.9","64.0","1.9","1.3","5.4","0.0","0.0","0.0","11.5","8.4","2.0"
"20240515","대전","유성구","13.7","23.1","8.1","20.5","18.1","24.0","12.7","8.7","0.0","2.9","8.1","12.7","7.4","20.94","27.74","0.0","70.8","50.9","63.8","4.6","2.1","5.2","0.0","0.0","0.0","12.4","7.1","2.0"
"20240514","대전","유성구","18.5","25.8","10.1","17.8","17.9","23.6","12.6","0.0","0.0","3.7","13.3","11.8","7.2","29.41","26.92","0.0","49.5","51.3","65.0","0.0","1.8","5.3","0.0","0.0","0.0","6.4","7.9","2.0"
"20240513","대전","유성구","17.6","25.6","9.3","18.2","17.7","23.5","12.2","0.0","0.0","4.2","13.4","11.8","7.2","29.96","25.58","0.0","52.6","54.3","64.7","0.0","2.0","5.2","0.0","0.0","0.0","8.2","8.2","2.0"
"20240512","대전","유성구","16.6","22.8","11.3","18.5","17.4","23.3","11.8","3.1","0.0","5.1","11.3","4.5","7.4","27.77","19.14","0.0","61.5","46.4","64.3","5.9","8.4","4.9","0.0","0.0","0.0","9.4","8.6","2.1"
"20240511","대전","유성구","18.9","25.3","12.6","18.9","17.1","23.1","11.6","8.5","0.0","5.2","5.9","12.8","7.2","17.27","27.43","0.0","69.3","45.0","63.8","8.0","4.0","5.0","0.0","0.0","0.0","12.3","6.5","2.1"
"20240510","대전","유성구","17.9","25.4","9.6","17.3","17.1","23.1","11.5","0.0","0.0","4.6","12.5","10.2","7.2","28.19","25.41","0.0","51.1","51.9","62.9","2.1","4.1","5.1","0.0","0.0","0.0","7.4","6.7","2.1"
"20240509","대전","유성구","15.6","22.8","8.1","16.5","17.2","23.2","11.5","0.0","0.0","5.0","12.8","12.9","7.3","27.81","28.07","0.0","55.4","54.8","62.0","0.0","0.9","5.1","0.0","0.0","0.0","8.6","7.5","2.2"
"20240508","대전","유성구","14.4","20.1","9.7","13.7","17.2","23.2","11.5","1.8","0.0","4.7","10.5","11.2","7.1","25.24","26.74","0.0","63.6","59.3","61.8","3.5","3.1","5.0","0.0","0.0","0.0","6.8","7.3","2.2"
"20240507","대전","유성구","12.9","16.3","10.7","12.0","17.4","23.7","11.4","14.1","0.2","3.5","0.0","0.2","7.6","5.6","8.29","0.0","90.8","66.5","59.8","10.0","7.5","4.8","0.0","0.0","0.0","7.8","11.2","2.2"
"20240506","대전","유성구","14.4","16.8","13.3","15.1","17.4","23.7","11.3","2.0","38.6","3.2","0.3","0.0","7.8","7.16","3.06","0.0","86.5","89.3","59.5","10.0","9.8","4.5","0.0","0.0","0.0","8.3","10.9","2.1"
"20240505","대전","유성구","18.1","21.7","16.8","19.0","17.3","23.6","11.2","55.4","83.3","4.0","0.0","0.0","7.7","3.27","3.53","0.0","90.9","92.6","60.4","10.0","10.0","4.5","0.0","0.0","0.0","6.3","5.7","2.1"
"20240504","대전","유성구","21.1","28.9","10.9","20.1","17.2","23.8","11.1","0.0","1.8","2.8","12.2","5.6","7.8","28.03","21.45","0.0","48.0","63.0","60.0","3.6","8.3","4.5","0.0","0.0","0.0","7.3","10.1","2.1"
"20240503","대전","유성구","18.4","27.5","8.8","19.1","17.2","23.8","11.0","0.0","0.0","2.0","12.6","8.4","8.0","28.79","23.6","0.0","45.0","46.4","59.8","0.0","7.5","4.4","0.0","0.0","0.0","6.0","7.3","2.2"
"20240502","대전","유성구","17.0","24.8","9.6","17.0","17.1","23.5","11.1","0.0","0.0","2.7","12.5","10.2","7.7","27.22","25.5","0.0","50.5","42.1","61.0","0.1","4.4","4.6","0.0","0.0","0.0","9.1","7.0","2.2"
"20240501","대전","유성구","16.5","21.6","11.8","14.7","16.8","22.9","10.9","0.0","0.0","3.3","8.8","11.1","7.2","23.18","24.82","0.0","50.8","49.6","62.1","4.8","1.3","5.0","0.0","0.0","0.0","10.3","11.3","2.3"
"20240430","대전","유성구","16.6","20.8","13.3","13.5","16.4","22.8","10.3","0.0","0.0","2.7","0.0","12.2","7.4","0.0","27.24","0.0","70.8","57.4","60.9","8.9","2.0","4.8","0.0","0.0","0.0","0.0","9.8","2.3"
"20240429","대전","유성구","17.2","19.2","15.5","14.0","15.9","22.1","9.8","0.8","7.6","2.5","0.0","0.0","7.4","6.96","3.11","0.0","71.6","81.0","60.3","10.0","9.5","4.7","0.0","0.0","0.0","9.4","10.1","2.2"
"20240428","대전","유성구","19.9","29.4","9.5","16.2","15.3","21.7","9.1","0.0","0.0","2.9","11.3","8.6","7.5","23.42","24.28","0.0","50.0","53.6","59.0","6.3","3.5","4.8","0.0","0.0","0.0","4.9","8.8","2.2"
"20240427","대전","유성구","18.7","27.6","10.7","12.7","14.7","21.2","8.5","0.0","0.0","2.8","12.5","12.3","7.6","27.88","27.03","0.0","49.3","51.5","58.0","0.0","0.8","4.6","0.0","0.0","0.0","6.9","5.9","2.1"
"20240426","대전","유성구","17.8","27.2","9.9","9.5","14.5","21.1","8.1","0.0","0.0","2.1","10.0","7.8","8.0","22.69","22.68","0.0","62.5","66.8","56.5","4.9","2.1","4.3","0.0","0.0","0.0","5.9","10.2","2.1"
"20240425","대전","유성구","15.6","23.3","9.6","9.3","14.3","20.7","8.1","0.0","1.8","2.7","8.8","0.0","7.9","24.01","4.06","0.0","67.5","74.6","56.6","3.3","9.4","4.3","0.0","0.0","0.0","5.0","9.9","2.1"
"20240424","대전","유성구","13.8","17.8","10.9","15.0","14.3","20.6","8.3","4.3","0.0","3.0","4.1","4.1","7.6","16.34","17.15","0.0","75.4","41.9","57.2","6.8","6.0","4.5","0.0","0.0","0.0","8.9","9.9","2.1"
"20240423","대전","유성구","16.4","23.0","10.6","15.9","14.3","20.6","8.4","0.0","0.0","3.2","7.8","4.7","7.3","21.05","18.17","0.0","55.8","36.4","58.0","7.1","7.8","4.7","0.0","0.0","0.0","10.8","7.1","2.2"
"20240422","대전","유성구","17.4","23.0","14.2","16.2","14.3","20.5","8.5","0.0","0.0","3.0","6.2","7.8","7.1","19.42","22.52","0.0","56.3","30.4","58.7","5.1","6.3","4.9","0.0","0.0","0.0","8.4","10.1","2.3"
"20240421","대전","유성구","16.2","18.1","13.7","17.5","14.2","20.5","8.4","0.1","0.0","3.5","0.0","5.3","6.9","3.65","17.4","0.0","72.0","61.0","59.3","9.5","5.6","5.0","0.0","0.0","0.0","8.9","8.4","2.3"
"20240420","대전","유성구","14.1","16.4","13.2","19.9","14.2","20.6","8.3","3.5","0.0","2.9","0.0","2.9","6.8","3.06","14.88","0.0","78.6","69.5","59.3","9.6","5.1","5.1","0.0","0.0","0.0","10.6","6.8","2.2"
"20240419","대전","유성구","18.2","26.4","9.0","20.2","14.1","20.5","8.0","0.0","0.0","3.3","11.0","9.8","7.0","24.38","25.67","0.0","45.4","65.0","58.5","4.0","3.3","5.0","0.0","0.0","0.0","5.8","7.7","2.2"
"20240418","대전","유성구","17.3","26.1","8.7","13.8","13.8","20.5","7.5","0.0","1.3","3.3","11.5","0.0","7.4","25.27","2.81","0.0","48.5","78.3","57.8","0.0","9.8","4.6","0.0","0.0","0.0","8.0","6.0","2.2"
"20240417","대전","유성구","15.6","23.0","9.0","13.6","13.6","20.5","7.2","0.0","0.0","2.9","9.7","10.8","7.8","23.98","23.73","0.0","57.4","51.3","56.4","4.5","2.6","4.3","0.0","0.0","0.0","7.3","6.2","2.1"
"20240416","대전","유성구","14.3","20.6","11.6","10.9","13.4","20.2","7.0","0.5","0.0","2.5","8.0","5.2","8.0","20.94","16.62","0.0","75.1","64.5","55.0","4.0","4.4","4.2","0.0","0.0","0.0","8.3","12.5","2.1"
"20240415","대전","유성구","16.2","19.6","12.5","12.5","12.9","19.6","6.6","7.5","13.2","2.5","0.0","2.1","8.0","3.29","7.13","0.0","80.1","74.5","54.7","8.4","5.5","4.1","0.0","0.0","0.0","7.8","5.7","2.2"
"20240414","대전","유성구","20.3","29.3","11.2","15.1","12.6","19.2","6.4","0.0","0.0","2.0","10.5","4.2","7.9","22.88","15.2","0.0","45.3","35.8","54.7","5.3","8.4","4.2","0.0","0.0","0.0","6.1","5.3","2.3"
"20240413","대전","유성구","19.3","28.4","10.3","13.5","12.3","18.7","6.4","0.0","0.0","1.8","11.9","9.7","7.5","25.29","21.98","0.0","46.9","28.8","55.3","0.0","3.6","4.5","0.0","0.0","0.0","8.0","6.9","2.3"
"20240411","대전","유성구","16.1","23.2","11.1","14.7","12.0","18.1","6.4","0.0","0.0","3.1","6.7","0.3","6.8","18.75","4.19","0.0","60.0","65.5","57.0","5.4","8.0","5.1","0.0","0.0","0.0","7.4","15.3","2.4"
"20240410","대전","유성구","14.5","20.6","9.2","12.6","12.0","18.3","6.2","0.0","0.0","2.9","9.3","11.3","7.0","20.51","23.51","0.0","51.1","45.1","55.9","7.0","1.3","4.9","0.0","0.0","0.0","8.6","8.2","2.3"
"20240409","대전","유성구","15.3","21.4","9.2","10.1","11.9","18.2","6.2","0.0","0.0","2.7","11.3","12.1","7.1","24.48","25.69","0.0","43.8","47.0","56.5","1.9","0.8","4.8","0.0","0.0","0.0","9.3","9.2","2.2"
"20240408","대전","유성구","16.5","23.7","8.4","8.6","11.7","18.0","5.8","0.0","0.0","2.9","5.6","11.6","6.8","16.25","24.68","0.0","41.0","44.4","56.9","6.9","0.9","5.1","0.0","0.0","0.0","6.6","13.0","2.2"
"20240407","대전","유성구","15.9","24.7","7.1","9.0","11.5","18.0","5.4","0.0","0.3","2.7","11.4","10.6","7.1","24.17","23.01","0.0","43.4","60.0","55.8","2.9","2.1","4.7","0.0","0.0","0.0","6.9","9.9","2.2"
"20240406","대전","유성구","13.2","20.2","7.7","8.7","11.2","17.8","5.0","0.0","4.2","2.2","5.3","0.0","7.3","15.0","2.57","0.0","58.6","88.5","55.5","4.5","10.0","4.5","0.0","0.0","0.0","5.3","8.6","2.1"
"20240405","대전","유성구","13.3","19.2","9.9","12.1","10.8","17.4","4.8","0.0","18.5","2.2","6.1","0.0","7.3","18.29","3.56","0.0","59.4","91.0","56.0","6.1","10.0","4.4","0.0","0.0","0.0","8.6","9.0","2.1"
"20240404","대전","유성구","13.4","16.9","11.5","15.2","10.6","17.1","4.3","0.0","7.6","2.2","0.2","3.7","7.4","7.07","13.96","0.0","71.6","50.9","55.2","9.5","8.6","4.3","0.0","0.0","0.0","9.1","8.7","2.1"
"20240403","대전","유성구","13.2","14.2","12.1","16.8","10.3","17.0","4.1","16.0","0.0","2.2","0.0","11.1","7.6","3.57","23.32","0.0","92.4","25.8","54.3","10.0","2.8","4.0","0.0","0.0","0.0","6.2","13.7","2.1"
"20240402","대전","유성구","16.1","26.1","5.9","16.9","10.0","16.5","4.0","0.0","0.0","2.0","8.6","11.6","7.4","19.57","23.72","0.0","46.5","26.8","55.3","7.8","0.0","4.1","0.0","0.0","0.0","9.4","11.2","2.1"
"20240401","대전","유성구","13.1","22.1","3.7","16.8","9.8","16.2","3.9","0.0","0.0","1.9","11.6","11.3","7.1","23.63","22.78","0.0","41.0","30.9","56.2","0.3","0.0","4.2","0.0","0.0","0.0","6.3","6.5","2.0"
"20240331","대전","유성구","10.9","18.8","2.3","14.7","9.6","15.9","3.7","0.0","0.0","1.9","11.2","11.5","6.9","22.02","22.7","0.0","44.9","31.0","56.5","3.3","0.0","4.5","0.0","0.0","0.0","5.7","5.8","2.0"
"20240330","대전","유성구","10.0","16.5","1.8","14.2","9.4","15.8","3.5","0.0","0.0","1.7","4.4","9.6","6.9","11.23","20.56","0.0","66.1","30.3","56.5","4.3","4.0","4.5","0.0","0.0","0.0","6.5","6.6","1.9"
"20240329","대전","유성구","9.3","13.8","5.8","11.8","9.2","15.6","3.3","0.2","0.0","1.3","2.5","11.1","7.0","9.66","22.34","0.0","77.6","43.5","56.5","3.8","1.1","4.4","0.0","0.0","0.0","11.7","7.4","2.0"
"20240328","대전","유성구","9.0","10.3","8.3","8.7","9.0","15.3","3.1","21.3","0.0","1.2","0.0","8.4","7.1","2.63","17.37","0.0","90.9","47.1","56.3","8.6","1.9","4.3","0.0","0.0","0.0","4.5","6.6","2.0"
"20240327","대전","유성구","10.2","17.7","2.2","7.4","8.6","14.9","2.8","0.0","0.0","1.1","9.0","11.2","7.2","18.96","23.38","0.0","65.8","35.5","56.4","5.8","0.0","4.3","0.0","0.0","0.0","5.9","6.5","2.0"
"20240326","대전","유성구","6.7","11.7","3.3","9.7","8.1","14.3","2.4","19.5","0.0","1.2","3.0","10.8","7.2","13.88","22.34","0.0","80.5","36.0","56.9","6.1","1.8","4.3","0.0","0.0","0.0","9.9","11.3","2.0"
"20240325","대전","유성구","9.4","13.4","6.6","10.8","7.8","13.9","2.2","6.8","0.0","1.5","0.0","0.0","7.2","5.04","5.55","0.0","72.1","65.5","56.8","9.6","8.6","4.2","0.0","0.0","0.0","12.0","8.4","2.0"
"20240324","대전","유성구","14.1","19.4","10.7","12.4","7.5","13.5","2.2","0.0","0.0","1.5","3.6","5.7","7.1","12.9","16.11","0.0","47.8","55.0","57.0","6.9","6.6","4.4","0.0","0.0","0.0","10.4","7.5","2.1"
"20240323","대전","유성구","14.9","21.3","10.1","15.0","7.5","13.5","2.2","0.3","11.4","1.7","9.3","1.4","6.9","21.6","7.78","0.0","53.9","77.0","56.6","5.0","8.0","4.6","0.0","0.0","0.0","7.7","6.5","2.1"
"20240322","대전","유성구","10.1","18.2","2.3","17.0","7.6","13.7","2.2","4.1","0.0","1.9","5.9","7.2","6.7","14.49","18.32","0.0","58.1","44.9","56.3","7.1","5.3","4.6","0.0","0.0","0.0","13.1","6.9","2.2"
"20240321","대전","유성구","5.2","11.7","-1.6","14.0","7.9","14.1","2.3","0.0","0.0","1.9","11.0","10.8","6.8","21.87","22.02","0.0","48.3","32.5","56.1","2.1","1.3","4.5","0.0","0.0","0.0","7.6","4.8","2.2"
"20240320","대전","유성구","4.6","9.6","1.1","10.6","8.0","14.1","2.3","0.0","0.0","2.1","9.9","10.1","6.6","20.73","20.84","0.0","43.1","37.8","57.0","1.0","4.3","4.6","0.0","0.0","0.0","12.8","6.7","2.1"
"20240319","대전","유성구","7.2","12.4","4.2","8.7","7.9","14.3","2.0","0.0","0.0","2.1","3.2","11.1","6.7","10.12","21.24","0.0","53.0","41.4","57.2","8.1","0.3","4.5","0.0","0.0","0.0","13.2","7.5","2.1"
"20240318","대전","유성구","7.9","15.6","0.1","9.3","7.7","13.9","1.9","0.0","0.0","2.0","10.2","9.4","6.5","21.43","19.11","0.0","34.6","32.0","58.1","3.4","4.3","4.6","0.0","0.0","0.0","6.4","10.7","2.1"
"20240317","대전","유성구","9.7","14.2","3.9","7.3","7.4","13.6","1.7","0.0","0.0","2.3","6.8","0.9","6.6","16.58","9.24","0.0","51.8","35.4","58.7","5.9","8.9","4.7","0.0","0.0","0.0","11.1","5.1","2.1"
"20240316","대전","유성구","11.4","21.4","1.8","6.1","7.0","13.2","1.3","0.0","0.0","2.1","8.8","7.4","6.4","19.29","16.92","0.0","41.8","24.4","59.0","3.6","6.6","4.7","0.0","0.0","0.0","8.9","8.4","2.0"
"20240315","대전","유성구","9.5","18.5","0.7","11.5","6.6","12.9","0.8","0.0","0.0","1.7","11.0","8.1","6.7","21.42","17.64","0.0","48.1","56.4","58.2","0.0","3.6","4.5","0.0","0.0","0.0","9.0","11.2","2.0"
"20240314","대전","유성구","8.4","16.5","1.8","9.4","6.3","12.6","0.5","0.0","0.0","1.7","10.8","11.0","6.7","20.81","21.17","0.0","56.0","38.4","57.2","0.0","1.1","4.4","0.0","0.0","0.0","7.9","8.3","2.0"
"20240313","대전","유성구","6.6","13.3","0.2","3.5","5.9","12.2","0.0","0.0","0.0","1.3","10.8","10.9","6.9","20.89","21.29","0.0","54.8","31.6","56.1","0.0","2.1","4.2","0.0","0.0","0.0","9.1","9.6","1.9"
"20240312","대전","유성구","5.6","10.6","2.7","6.8","5.5","11.7","-0.2","2.0","12.4","1.1","0.9","0.3","6.8","6.09","2.11","0.0","76.6","62.1","56.1","7.6","7.1","4.2","0.0","0.0","0.0","8.0","11.0","2.0"
"20240311","대전","유성구","6.4","12.0","-0.4","16.4","5.3","11.5","-0.5","0.0","0.0","1.0","4.4","8.8","6.8","11.04","17.26","0.0","56.4","33.0","55.9","5.4","4.8","4.3","0.0","0.0","0.0","7.7","7.7","2.0"
"20240310","대전","유성구","4.6","13.0","-3.2","14.3","5.0","11.1","-0.6","0.0","0.0","1.1","11.0","9.8","6.7","20.42","17.68","0.0","43.3","48.4","56.5","1.0","0.0","4.4","0.0","0.0","0.0","6.5","7.6","2.0"
"20240309","대전","유성구","2.3","9.1","-3.2","13.9","4.8","10.6","-0.5","0.0","0.0","1.2","10.9","8.6","6.5","20.6","17.08","0.0","43.9","57.3","58.0","0.0","1.8","4.5","0.0","0.0","0.0","8.3","8.7","2.1"
"20240308","대전","유성구","2.9","8.7","-0.7","14.5","4.8","10.5","-0.4","0.0","0.0","1.5","10.2","9.9","6.3","19.28","17.91","0.0","44.5","34.9","59.5","2.4","0.6","4.6","0.0","0.0","0.0","16.9","9.8","2.1"
"20240307","대전","유성구","4.6","8.6","0.6","11.9","4.7","10.5","-0.5","0.0","0.0","2.3","6.7","9.3","6.2","15.02","16.42","0.0","51.3","41.6","60.6","3.9","1.4","4.7","0.0","0.0","0.0","9.2","12.8","2.0"
"20240306","대전","유성구","7.0","12.2","2.0","8.3","4.7","10.3","-0.4","0.0","0.0","2.6","5.8","10.5","6.1","13.63","19.25","0.0","62.1","38.6","61.1","4.1","0.3","4.7","0.0","0.0","0.0","7.2","8.1","2.0"
"20240305","대전","유성구","5.9","8.1","4.6","7.9","4.6","10.3","-0.4","2.5","0.0","2.4","0.0","9.7","6.2","2.03","17.31","0.0","81.1","41.0","61.3","9.4","0.1","4.6","0.0","0.0","0.0","7.9","5.4","2.0"
"20240304","대전","유성구","6.7","13.1","-0.3","6.4","4.5","10.3","-0.8","0.0","0.0","2.2","5.7","6.5","6.3","13.26","12.48","0.0","59.4","53.3","61.0","6.8","4.4","4.6","0.0","0.0","0.0","4.8","5.6","1.9"
"20240303","대전","유성구","5.3","10.8","1.2","4.2","4.3","10.2","-0.9","1.2","0.0","2.2","5.1","10.6","6.4","11.49","18.59","0.0","72.4","45.9","60.6","4.9","0.3","4.5","0.0","0.0","0.0","8.8","6.9","1.9"
"20240302","대전","유성구","-0.9","4.3","-7.9","2.3","4.2","10.0","-0.9","0.0","0.0","1.7","9.9","10.6","6.3","18.46","19.5","0.0","52.1","25.9","60.4","1.5","0.0","4.7","0.0","0.0","0.0","10.0","10.0","1.9"
"20240301","대전","유성구","-2.2","2.5","-5.8","6.6","4.0","9.8","-1.1","0.0","0.0","1.8","10.2","2.2","6.3","18.95","9.38","0.0","37.6","52.5","60.1","0.0","5.4","4.6","0.0","0.0","0.0","12.4","12.7","1.8"
"20240229","대전","유성구","5.1","7.0","2.4","5.8","4.0","9.7","-1.1","0.2","0.0","1.8","0.0","10.5","6.3","3.85","18.94","0.0","66.4","54.3","60.1","8.0","2.4","4.7","0.0","0.0","0.0","10.4","9.3","1.8"
"20240228","대전","유성구","6.3","11.8","2.4","5.8","3.9","9.6","-1.1","0.0","0.0","1.7","3.7","10.5","6.2","11.49","18.94","0.0","50.5","54.3","60.1","7.0","2.4","4.7","0.0","0.0","0.0","6.3","9.3","1.8"
"20240227","대전","유성구","5.3","10.6","1.4","4.4","4.0","9.6","-1.0","0.0","0.0","2.5","7.3","10.5","5.9","15.28","18.96","0.0","48.4","38.5","60.3","6.1","0.0","4.9","0.0","0.0","0.0","10.5","6.1","1.8"
"20240226","대전","유성구","3.7","9.4","-2.0","1.9","3.8","9.5","-1.4","0.0","0.0","2.3","7.3","10.5","6.0","15.85","18.7","0.0","68.0","37.0","59.7","3.3","0.0","4.7","0.0","0.0","0.0","6.4","6.3","1.7"
"20240225","대전","유성구","2.3","4.7","0.0","0.7","3.4","9.3","-1.8","1.7","0.0","1.8","0.0","10.2","6.6","4.71","18.25","0.0","86.8","41.5","58.7","8.3","0.0","4.3","0.0","0.0","0.0","5.3","9.7","1.7"
"20240224","대전","유성구","2.9","7.2","0.2","2.9","3.2","9.0","-2.1","3.3","0.0","1.8","2.6","7.2","6.3","9.43","14.68","0.0","65.3","49.3","59.6","9.4","1.9","4.4","0.0","0.0","0.0","13.0","12.9","1.8"
"20240223","대전","유성구","3.0","6.8","0.7","3.4","2.9","8.7","-2.4","0.0","0.0","2.1","3.2","9.2","6.4","11.67","15.96","0.0","66.8","48.4","59.1","9.0","4.6","4.2","0.0","0.0","0.0","9.3","6.8","1.8"
"20240222","대전","유성구","2.1","3.6","1.1","2.1","2.6","8.5","-2.9","3.7","0.0","1.4","0.0","8.3","6.8","3.13","15.75","0.0","80.1","48.9","58.7","10.0","4.9","3.8","0.0","0.0","0.0","9.2","8.7","1.9"
"20240221","대전","유성구","4.0","5.6","2.8","-1.1","2.3","8.2","-3.0","17.9","0.0","1.5","0.0","10.2","6.8","1.67","17.83","0.0","87.5","35.6","58.8","10.0","0.8","3.8","0.0","0.0","0.0","11.8","6.5","1.9"
"20240220","대전","유성구","5.3","7.1","3.3","-0.1","2.0","7.9","-3.3","5.0","0.0","1.4","0.0","7.3","6.5","1.86","15.94","0.0","89.4","43.4","58.3","9.9","1.1","3.9","0.0","0.0","0.0","7.9","14.6","1.8"
"20240219","대전","유성구","9.8","13.5","5.1","3.6","1.7","7.4","-3.5","16.6","0.5","1.0","0.0","5.2","6.8","2.2","11.47","0.0","94.5","59.6","57.2","9.9","4.8","3.7","0.0","0.0","0.0","8.5","11.9","1.8"
"20240218","대전","유성구","5.5","9.8","-0.7","6.4","1.5","7.2","-3.6","28.4","0.8","1.2","0.1","0.0","6.7","3.99","2.18","0.0","81.8","55.6","57.6","7.3","9.4","3.8","0.0","0.0","0.0","3.6","4.2","1.8"
"20240217","대전","유성구","5.5","14.5","-2.1","4.2","1.4","6.9","-3.5","0.0","0.0","1.2","10.0","5.5","6.3","16.98","12.72","0.0","62.3","51.0","57.6","0.0","6.6","4.1","0.0","0.0","0.0","7.1","4.3","1.8"
"20240216","대전","유성구","3.1","10.1","-2.0","2.7","1.5","7.0","-3.4","0.0","0.0","1.1","8.7","1.3","6.2","16.2","6.01","0.0","63.1","63.6","58.3","1.1","5.4","4.3","0.0","0.0","0.0","5.2","7.3","1.8"
"20240215","대전","유성구","5.9","13.3","-0.3","3.4","1.5","7.1","-3.3","2.0","0.0","1.4","0.3","3.9","6.1","1.55","11.37","0.0","83.0","55.6","59.2","8.9","6.8","4.3","0.0","0.0","0.0","12.7","8.2","1.8"
"20240214","대전","유성구","13.2","19.0","9.0","2.4","1.5","7.0","-3.3","0.0","0.0","1.7","2.8","9.4","6.1","8.34","15.42","0.0","72.8","53.0","59.5","6.9","2.9","4.3","0.0","0.0","0.0","7.5","8.7","1.8"
"20240213","대전","유성구","8.4","16.3","0.1","6.3","1.4","7.0","-3.4","0.0","0.0","1.4","8.4","0.4","6.0","14.96","6.84","0.0","59.5","62.3","59.7","5.0","8.1","4.4","0.0","0.0","0.0","10.9","5.5","1.8"
"20240212","대전","유성구","3.6","12.2","-3.7","1.9","1.1","6.6","-3.7","0.0","0.0","1.2","9.6","0.0","6.0","16.11","5.7","0.0","54.9","79.3","60.7","0.0","9.4","4.3","0.0","0.0","0.0","6.7","5.9","1.7"
"20240211","대전","유성구","0.8","7.3","-4.1","0.9","0.6","5.9","-4.0","0.0","0.0","1.2","4.2","0.2","6.0","9.06","6.29","0.0","64.9","83.6","61.1","2.5","4.8","4.3","0.0","0.0","0.0","11.0","3.6","1.7"
"20240210","대전","유성구","1.3","7.7","-3.7","2.9","0.2","5.3","-4.3","0.0","3.0","1.2","5.5","0.5","5.8","10.84","5.08","0.0","67.3","83.1","61.4","2.1","6.4","4.4","0.0","0.0","0.0","6.5","5.6","1.7"
"20240209","대전","유성구","1.2","7.4","-4.0","3.5","0.1","5.3","-4.6","0.0","1.1","0.9","8.9","6.0","5.7","15.05","11.09","0.0","61.6","54.4","62.3","0.9","6.6","4.4","0.0","0.0","0.0","7.8","11.2","1.7"
"20240208","대전","유성구","0.6","6.8","-4.1","1.8","0.1","5.3","-4.6","0.0","0.0","0.8","9.1","9.1","5.8","15.11","14.08","0.0","66.4","53.4","62.9","1.8","0.6","4.5","0.0","0.0","0.0","4.9","7.3","1.7"
"20240207","대전","유성구","0.3","5.2","-2.0","2.9","-0.1","5.3","-4.9","0.0","0.0","0.7","2.6","5.5","5.9","10.41","11.42","0.0","63.8","52.5","62.3","6.0","2.4","4.3","0.0","0.0","0.0","5.4","5.8","1.6"
"20240206","대전","유성구","1.7","4.2","-0.2","2.1","-0.1","5.4","-5.0","1.1","0.0","0.7","0.0","6.2","6.0","3.31","11.59","0.0","87.4","52.8","62.1","9.1","4.1","4.1","0.0","0.0","0.0","5.3","4.7","1.6"
"20240205","대전","유성구","4.1","6.1","1.6","0.7","-0.3","5.4","-5.3","12.3","0.0","0.6","0.0","9.4","6.3","3.26","13.9","0.0","83.3","57.6","62.5","10.0","0.0","3.9","0.0","0.0","0.0","11.5","4.8","1.5"
"20240204","대전","유성구","6.2","10.3","3.5","-0.6","-0.6","5.0","-5.5","1.3","0.0","0.6","1.1","9.1","6.6","7.4","13.36","0.0","72.9","53.8","61.9","9.1","0.1","3.5","0.0","0.0","0.0","9.3","7.9","1.5"
"20240203","대전","유성구","4.6","9.6","-0.3","-0.8","-0.9","4.7","-5.8","0.4","0.0","0.8","0.3","6.4","6.5","5.85","12.05","0.0","71.0","41.4","61.6","9.1","4.5","3.3","0.0","0.0","0.0","7.0","7.8","1.5"
"20240202","대전","유성구","4.1","9.5","0.4","-1.5","-0.9","4.7","-5.8","0.0","0.0","0.9","7.7","6.6","6.4","12.59","11.35","0.0","60.5","42.8","62.5","4.0","5.9","3.4","0.0","0.0","0.0","7.1","7.4","1.5"
"20240201","대전","유성구","4.0","6.2","2.4","3.1","-0.9","4.6","-5.8","0.0","0.0","0.8","0.0","8.7","6.4","5.5","12.7","0.0","62.4","53.9","62.3","8.9","2.8","3.5","0.0","0.0","0.0","8.1","11.8","1.6"
"20240131","대전","유성구","5.9","13.0","0.1","2.3","-0.8","4.7","-5.7","0.0","0.0","0.6","5.4","8.9","6.2","10.94","13.1","0.0","46.3","54.8","62.1","5.9","0.9","3.7","0.0","0.0","0.0","4.7","9.6","1.6"
"20240130","대전","유성구","1.3","10.2","-5.4","-0.4","-0.7","4.7","-5.5","0.0","0.0","0.6","9.2","9.4","6.0","13.5","14.24","0.0","54.6","42.8","62.0","2.6","0.0","3.9","0.0","0.0","0.0","3.1","11.1","1.6"
"20240129","대전","유성구","-1.0","5.2","-5.8","-1.1","-0.8","4.6","-5.6","0.0","0.0","0.5","7.5","6.2","5.9","12.44","12.58","0.0","63.4","63.4","62.6","1.5","3.4","3.9","0.0","0.0","0.0","5.9","10.1","1.6"
"20240128","대전","유성구","-0.3","4.5","-4.0","-5.8","-0.8","4.4","-5.5","0.0","0.0","0.5","4.7","8.4","5.9","9.22","11.73","0.0","64.0","60.4","62.9","3.4","1.8","3.9","0.0","0.0","0.0","6.8","7.3","1.6"
"20240127","대전","유성구","0.1","6.1","-4.4","-6.0","-1.0","4.2","-5.8","0.0","0.0","0.5","9.0","8.5","5.9","13.75","13.65","0.0","61.8","55.1","63.3","1.6","0.9","3.9","0.0","0.0","0.0","7.7","14.8","1.6"
"20240126","대전","유성구","-1.9","3.9","-7.1","-5.8","-1.3","3.9","-6.1","0.0","0.7","0.5","3.0","0.8","6.1","8.53","2.81","0.0","66.3","70.1","63.5","4.0","8.4","3.8","0.0","0.6","0.0","9.0","4.7","1.6"
"20240125","대전","유성구","-4.3","2.4","-9.9","-11.4","-1.5","3.6","-6.1","0.0","0.0","0.5","9.3","9.3","6.0","13.43","14.04","0.0","51.4","42.9","64.4","0.0","0.0","3.9","0.0","0.1","0.0","9.3","6.1","1.6"
"20240124","대전","유성구","-6.9","-2.6","-11.6","-10.9","-1.4","3.4","-5.8","0.0","0.0","0.6","7.3","6.4","5.7","11.45","11.25","0.0","62.8","50.8","65.2","2.9","4.5","4.2","1.0","0.0","0.0","12.2","15.8","1.6"
"20240123","대전","유성구","-9.2","-6.0","-12.3","0.6","-1.5","3.3","-5.8","0.1","0.0","0.9","4.1","6.8","5.6","8.68","10.85","0.0","65.3","61.5","65.5","5.3","5.5","4.4","1.0","0.0","0.0","13.1","11.2","1.5"
"20240122","대전","유성구","-5.4","-0.2","-8.8","-0.5","-1.3","3.5","-5.4","0.0","0.0","1.1","1.7","0.0","5.4","6.36","5.25","0.0","62.6","58.1","65.6","8.5","8.6","4.6","0.1","0.0","0.0","12.6","3.5","1.5"
"20240121","대전","유성구","2.7","9.0","-0.2","-3.3","-1.0","3.7","-5.1","0.2","0.0","1.1","1.5","9.1","5.3","5.96","13.14","0.0","82.3","51.0","65.6","9.3","1.5","4.8","0.0","0.0","0.0","9.4","6.1","1.5"
"20240120","대전","유성구","4.4","6.0","2.1","-1.0","-0.9","3.9","-5.1","12.2","0.2","1.2","0.0","7.1","5.3","1.25","11.97","0.0","80.5","43.1","65.4","9.6","1.5","4.8","0.0","0.0","0.0","10.1","12.4","1.5"
"20240119","대전","유성구","5.9","9.3","4.5","0.6","-0.8","4.2","-5.1","0.0","0.0","1.1","2.7","7.7","5.2","6.76","11.46","0.0","66.6","56.3","65.4","7.0","3.9","4.7","0.0","0.0","0.0","10.8","8.1","1.5"
"20240118","대전","유성구","4.3","6.5","2.6","-0.8","-0.7","4.3","-5.0","15.2","0.0","0.9","0.0","4.3","5.1","2.78","8.3","0.0","90.0","61.6","65.4","8.8","4.8","4.7","0.0","0.1","0.0","6.9","7.6","1.4"
"20240117","대전","유성구","0.8","2.8","-2.9","-2.4","-0.9","4.3","-5.4","12.7","0.0","1.0","0.0","6.1","5.2","2.06","10.48","0.0","81.1","55.1","65.5","9.4","5.9","4.5","0.0","0.0","0.0","4.6","7.1","1.4"
"20240116","대전","유성구","-1.9","5.0","-7.2","-3.1","-1.0","4.1","-5.4","0.0","0.0","1.1","8.5","7.7","5.1","10.75","12.1","0.0","53.3","58.5","65.7","2.9","3.8","4.5","0.0","0.0","0.0","2.8","8.0","1.4"
"20240115","대전","유성구","-2.1","3.7","-6.0","0.4","-1.1","3.9","-5.3","0.0","0.5","1.0","9.0","0.0","4.9","12.61","1.12","0.0","50.4","81.0","66.2","0.3","8.6","4.6","0.0","0.0","0.0","7.2","7.5","1.4"
"20240114","대전","유성구","1.2","9.4","-4.6","7.3","-1.1","3.9","-5.4","3.5","2.6","0.9","3.3","0.0","5.1","4.71","1.15","0.0","77.4","93.0","65.8","5.8","9.6","4.6","0.0","0.0","0.0","9.6","5.6","1.4"
"20240113","대전","유성구","0.4","6.9","-4.5","9.0","-1.3","3.7","-5.6","0.0","21.6","1.0","8.8","0.0","5.3","11.9","2.23","0.0","53.5","94.4","65.7","0.0","8.9","4.5","0.0","0.0","0.0","7.0","6.1","1.4"
"20240112","대전","유성구","2.9","8.8","-1.5","5.1","-1.2","3.6","-5.4","0.0","0.0","0.5","8.4","8.8","5.2","11.33","11.42","0.0","56.8","52.6","65.8","2.0","2.4","4.4","0.0","0.0","0.0","9.8","4.5","1.5"
"20240111","대전","유성구","0.6","4.0","-4.7","2.2","-1.2","3.7","-5.5","0.0","0.0","0.5","1.1","8.6","5.1","6.4","11.09","0.0","77.0","55.0","66.3","7.3","0.0","4.4","0.0","0.0","0.0","5.7","3.3","1.5"
"20240110","대전","유성구","-1.3","0.4","-4.2","1.2","-1.2","3.8","-5.5","0.6","0.0","0.6","0.0","8.6","5.3","3.75","11.86","0.0","85.1","55.8","66.8","6.0","1.9","4.4","0.1","0.0","0.0","6.1","4.7","1.5"
"20240109","대전","유성구","0.8","6.9","-3.9","1.9","-1.2","3.7","-5.5","2.8","0.0","1.2","0.7","3.3","5.2","4.94","6.14","0.0","69.5","62.5","67.1","9.6","4.4","4.4","0.0","0.0","0.0","6.1","8.9","1.5"
"20240108","대전","유성구","-3.8","2.5","-8.9","1.2","-1.0","3.9","-5.4","0.0","0.0","1.3","8.7","8.1","5.1","11.94","10.82","0.0","51.0","62.4","67.2","1.3","0.5","4.5","0.0","0.0","0.0","4.1","3.3","1.5"
"20240107","대전","유성구","-2.2","1.9","-6.0","2.6","-1.0","3.9","-5.5","0.0","0.7","1.4","7.6","6.0","5.1","11.02","8.82","0.0","52.4","62.1","66.9","2.5","3.1","4.6","1.4","0.0","0.0","11.5","12.3","1.5"
"20240106","대전","유성구","1.4","6.8","-2.7","1.1","-1.1","4.0","-5.5","0.3","2.1","1.4","8.7","6.4","5.3","11.41","9.18","0.0","66.0","72.4","65.9","0.8","4.4","4.4","1.4","0.0","0.0","6.7","6.6","1.5"
"20240105","대전","유성구","5.6","9.2","0.6","-1.1","-0.9","4.3","-5.5","0.0","0.0","1.2","0.1","5.4","5.4","2.91","8.37","0.0","74.1","66.1","65.3","6.0","3.8","4.3","0.0","0.0","0.0","6.8","5.3","1.5"
"20240104","대전","유성구","1.0","7.2","-3.7","-1.5","-0.8","4.5","-5.4","0.0","0.0","0.6","8.3","6.8","5.4","10.73","9.88","0.0","73.3","53.3","65.2","1.3","1.4","4.2","0.0","0.0","0.0","6.3","9.8","1.5"
"20240103","대전","유성구","1.9","5.9","-1.2","-3.5","-0.8","4.5","-5.5","0.2","0.0","0.5","1.0","8.8","5.5","4.71","11.56","0.0","75.3","55.0","65.6","6.1","0.0","4.2","0.0","0.0","0.0","9.1","7.2","1.5"
"20240102","대전","유성구","-99.0","6.4","2.3","-3.0","-0.8","4.5","-5.4","0.0","0.0","0.4","0.0","8.5","5.5","0.0","11.46","0.0","0.0","40.6","66.0","0.0","1.0","3.9","0.0","0.0","0.0","7.0","7.2","1.5"
"20240101","대전","유성구","3.8","9.0","-0.2","-0.8","-0.8","4.6","-5.5","0.0","0.0","0.4","4.4","6.5","5.3","8.62","9.63","0.0","75.3","54.1","67.1","5.8","2.3","4.1","0.0","0.0","0.0","4.3","9.0","1.5"
"20231231","대전","유성구","3.8","5.6","2.7","-1.1","-0.9","4.4","-5.5","1.8","0.0","0.5","0.0","1.6","5.3","0.95","5.53","0.0","85.0","65.8","67.4","9.3","4.0","4.1","0.0","0.0","0.0","11.2","5.2","1.5"
"20231230","대전","유성구","0.8","3.3","-3.0","-1.1","-1.0","4.2","-5.6","1.9","0.0","0.5","0.1","1.0","5.3","2.77","5.45","0.0","89.3","67.3","67.2","7.3","6.8","4.1","0.0","0.1","0.0","3.4","5.0","1.4"
"20231229","대전","유성구","1.9","7.7","-1.1","-3.2","-1.0","4.2","-5.6","0.0","0.0","0.5","2.1","6.0","5.5","7.59","9.14","0.0","74.6","61.8","66.3","5.3","3.1","3.8","0.0","0.0","0.0","4.5","6.3","1.4"
"20231228","대전","유성구","1.2","6.8","-3.1","-2.3","-0.9","4.4","-5.4","0.0","0.0","0.6","4.2","4.9","5.5","8.16","8.25","0.0","78.3","65.6","65.9","4.1","2.4","3.8","0.0","0.0","0.0","7.3","8.2","1.4"
"20231227","대전","유성구","2.6","9.6","-1.1","-2.3","-0.6","4.6","-5.0","0.0","0.0","0.7","8.0","8.5","5.6","10.08","11.2","0.0","73.6","67.5","66.0","3.3","1.4","3.7","0.0","0.0","0.0","3.8","4.1","1.4"
"20231226","대전","유성구","2.2","8.2","-1.6","-3.6","-0.3","4.9","-4.7","0.0","0.0","0.8","5.5","6.1","5.5","9.78","8.18","0.0","72.3","68.9","66.5","5.3","2.5","3.8","0.0","0.0","0.0","7.1","2.9","1.4"
"20231225","대전","유성구","-0.4","4.5","-3.3","-4.8","0.2","5.4","-4.2","0.0","0.0","0.8","4.2","8.5","5.4","7.91","11.09","0.0","79.6","65.0","67.3","5.6","0.9","3.8","0.8","0.0","0.0","6.2","8.5","1.5"
"20231224","대전","유성구","-1.5","3.2","-4.3","-8.7","0.7","6.0","-3.7","0.7","0.0","0.8","5.9","8.6","5.2","9.33","11.11","0.0","75.3","56.5","68.5","6.8","0.8","4.2","0.0","0.0","0.0","5.9","4.9","1.5"
"20231223","대전","유성구","-5.6","0.4","-11.7","-8.0","1.1","6.3","-3.4","0.0","0.1","0.8","8.1","4.1","5.1","10.86","7.98","0.0","57.1","62.8","69.6","3.4","7.8","4.3","0.0","2.0","0.0","5.4","14.1","1.4"
"20231222","대전","유성구","-9.5","-4.6","-13.7","-5.1","1.2","6.5","-3.3","0.0","1.1","0.8","8.6","2.1","5.1","11.31","6.28","0.0","57.5","73.4","70.1","0.0","7.4","4.4","0.0","3.3","0.0","9.1","11.5","1.4"
"20231221","대전","유성구","-9.7","-5.4","-12.3","0.2","1.2","6.5","-3.4","0.0","5.8","0.6","7.1","0.0","5.2","9.92","1.03","0.0","64.8","89.3","69.7","1.3","9.1","4.4","0.0","0.2","0.0","7.3","6.6","1.3"
"20231220","대전","유성구","-5.5","-1.6","-9.9","-2.3","0.9","6.2","-3.7","0.5","0.0","0.5","2.6","8.4","5.3","6.21","10.95","0.0","70.5","62.6","69.1","6.1","3.0","4.3","1.9","0.0","0.0","10.6","3.8","1.3"
"20231219","대전","유성구","-2.5","1.1","-6.8","-5.5","0.6","5.7","-3.8","0.0","0.0","0.7","0.5","8.1","5.2","4.07","10.6","0.0","59.8","57.1","68.7","8.6","1.9","4.3","0.0","0.0","0.0","2.9","5.0","1.3"
"20231218","대전","유성구","-5.6","-1.8","-10.2","-8.4","0.4","5.6","-4.0","0.0","0.0","0.6","5.8","8.2","5.2","8.85","10.72","0.0","53.9","51.3","68.2","6.5","2.1","4.4","0.0","0.0","0.0","5.7","7.1","1.3"
"20231217","대전","유성구","-8.5","-4.4","-11.9","-6.0","0.4","5.5","-4.0","0.0","0.9","0.6","8.6","2.4","5.3","11.46","6.28","0.0","61.5","62.1","67.1","0.6","3.9","4.2","1.8","2.6","0.0","7.9","10.2","1.4"
"20231216","대전","유성구","-1.8","5.6","-7.2","-4.3","0.5","5.5","-3.9","2.8","0.0","0.8","1.8","4.4","5.4","5.0","7.6","0.0","75.8","53.6","66.9","8.3","7.0","4.2","1.8","0.0","0.0","15.6","6.3","1.4"
"20231215","대전","유성구","8.9","12.6","5.7","-1.4","0.7","5.8","-3.7","47.0","1.6","0.9","0.0","6.6","5.3","0.5","9.47","0.0","93.4","70.9","66.7","10.0","6.3","4.3","0.0","0.0","0.0","7.8","9.9","1.4"
"20231214","대전","유성구","9.6","10.8","8.8","-7.3","0.9","6.0","-3.7","26.6","0.0","0.7","0.0","7.2","5.5","1.44","10.36","0.0","79.0","62.6","66.2","9.6","0.8","4.2","0.0","0.3","0.0","9.2","11.3","1.4"
"20231213","대전","유성구","9.5","13.6","6.3","1.7","1.2","6.1","-3.3","0.0","4.9","0.7","4.1","0.2","5.4","8.33","3.68","0.0","66.5","75.3","65.9","6.8","6.6","4.2","0.0","3.5","0.0","9.5","13.7","1.5"
"20231212","대전","유성구","7.6","10.5","5.8","1.6","1.4","6.4","-3.1","0.5","0.0","1.0","0.3","4.2","5.2","4.42","6.82","0.0","75.6","64.0","67.0","8.3","6.5","4.4","0.0","0.0","0.0","7.2","5.4","1.5"
"20231211","대전","유성구","11.9","13.8","9.3","1.8","1.6","6.6","-2.9","37.0","0.0","1.0","0.0","8.5","5.2","0.85","10.41","0.0","82.6","52.8","67.0","9.8","0.9","4.3","0.0","0.0","0.0","8.9","6.8","1.5"
"20231210","대전","유성구","13.9","19.4","9.1","1.7","1.8","6.8","-2.7","0.0","0.0","1.1","4.2","0.1","5.1","8.2","3.52","0.0","71.4","69.9","67.6","8.0","6.4","4.4","0.0","0.0","0.0","8.4","3.9","1.5"
"20231209","대전","유성구","13.3","19.8","8.6","4.0","2.0","6.9","-2.3","0.0","0.0","1.3","8.2","6.3","4.8","9.6","7.89","0.0","71.0","66.9","68.7","1.9","2.0","4.7","0.0","0.0","0.0","8.5","6.8","1.4"
"20231208","대전","유성구","10.6","19.2","0.6","3.5","2.0","6.9","-2.5","0.0","0.0","1.6","8.2","8.3","5.0","10.17","10.87","0.0","62.5","60.8","69.0","0.0","1.6","4.6","0.0","0.0","0.0","12.5","3.5","1.4"
"20231207","대전","유성구","6.3","11.7","1.0","4.4","1.9","6.9","-2.5","0.0","0.0","1.4","8.0","1.5","5.1","10.58","5.32","0.0","55.6","59.4","68.4","0.3","4.0","4.7","0.0","0.0","0.0","10.7","8.1","1.4"
"20231206","대전","유성구","6.0","12.8","-0.5","0.8","2.1","7.0","-2.4","5.3","0.3","1.8","0.1","4.0","5.0","4.6","5.9","0.0","73.6","65.6","69.3","6.8","6.9","4.8","0.0","0.0","0.0","10.3","8.8","1.4"
"20231205","대전","유성구","3.6","12.0","-1.8","-2.2","2.2","7.2","-2.3","0.0","0.0","1.9","6.5","6.2","5.1","9.24","9.97","0.0","65.6","33.0","69.1","3.0","4.3","4.8","0.0","0.0","0.0","4.6","9.0","1.4"
"20231204","대전","유성구","2.3","9.8","-4.2","-1.4","2.4","7.7","-2.2","0.0","0.0","1.8","8.7","0.8","5.3","11.41","5.25","0.0","60.4","38.0","68.8","2.8","8.1","4.5","0.0","0.0","0.0","4.4","10.7","1.4"
"20231203","대전","유성구","2.7","8.5","-1.9","2.7","2.9","8.3","-1.7","0.0","0.0","1.5","8.8","0.1","5.1","11.49","3.27","0.0","49.4","66.9","69.3","0.5","8.6","4.6","0.0","0.0","0.0","8.5","10.6","1.4"
"20231202","대전","유성구","2.8","8.4","-4.0","-1.6","3.4","9.0","-1.2","0.0","0.0","1.8","2.2","8.9","5.2","6.8","11.72","0.0","61.4","53.3","70.3","6.5","1.1","4.4","0.0","0.0","0.0","7.3","5.0","1.3"
"20231201","대전","유성구","-1.7","3.8","-5.9","-3.3","3.9","9.5","-0.6","0.0","0.0","1.6","8.7","7.7","5.1","11.66","10.9","0.0","58.8","37.5","70.1","1.3","6.4","4.4","0.0","0.0","0.0","9.9","6.3","1.3"
"20231130","대전","유성구","-2.1","2.1","-6.4","-2.9","4.3","9.9","-0.2","0.0","0.0","1.3","8.1","7.4","5.1","12.04","10.71","0.0","49.8","48.4","69.8","2.1","5.4","4.4","0.0","0.0","0.0","8.9","14.6","1.2"
"20231129","대전","유성구","2.4","6.8","-1.1","8.5","4.5","10.0","0.1","0.0","6.7","1.7","3.2","0.0","4.9","7.34","4.23","0.0","66.8","62.0","70.1","6.9","9.3","4.6","0.0","0.0","0.0","12.2","12.5","1.3"
"20231128","대전","유성구","3.4","7.2","-0.6","7.3","4.8","10.1","0.4","0.0","30.1","1.8","6.8","1.4","4.7","10.42","2.63","0.0","59.4","83.3","70.4","4.0","7.3","4.8","0.0","0.0","0.0","11.2","4.5","1.3"
"20231127","대전","유성구","7.0","11.7","4.6","6.0","5.0","10.3","0.6","3.0","0.0","1.5","0.8","8.0","4.7","3.19","10.97","0.0","82.1","49.3","70.0","6.6","2.1","4.8","0.0","0.0","0.0","13.1","3.6","1.4"
"20231126","대전","유성구","4.2","9.5","-2.6","9.3","5.2","10.6","0.7","0.4","0.0","1.6","4.4","7.9","4.7","8.54","10.34","0.0","49.9","53.3","70.2","7.1","1.4","4.9","0.0","0.0","0.0","4.1","8.9","1.4"
"20231125","대전","유성구","-1.2","5.0","-5.7","9.5","5.5","10.9","0.8","0.0","0.0","1.7","9.0","8.6","4.8","12.73","10.22","0.0","38.0","59.6","70.5","0.0","3.0","4.8","0.0","0.0","0.0","6.4","7.2","1.4"
"20231124","대전","유성구","1.2","6.2","-2.8","7.8","5.7","11.2","0.8","0.0","0.0","1.3","7.4","5.1","5.0","11.25","9.18","0.0","47.3","62.8","69.8","1.3","3.4","4.6","0.0","0.0","0.0","12.7","4.1","1.4"
"20231123","대전","유성구","12.8","18.1","6.2","10.6","5.7","11.4","0.7","0.0","0.0","1.3","7.8","6.5","5.3","10.75","10.37","0.0","59.0","62.1","68.8","3.6","3.4","4.4","0.0","0.0","0.0","14.2","8.6","1.4"
"20231122","대전","유성구","7.9","15.4","0.0","10.8","5.7","11.4","0.7","0.0","0.2","1.3","9.0","0.0","5.5","12.28","3.86","0.0","72.6","80.0","68.0","2.6","9.5","4.4","0.0","0.0","0.0","7.2","3.5","1.4"
"20231121","대전","유성구","6.2","16.2","-1.4","11.7","5.7","11.4","0.6","0.0","0.0","1.3","9.1","8.5","5.5","12.96","10.93","0.0","58.4","63.0","67.4","0.0","3.0","4.3","0.0","0.0","0.0","4.4","6.4","1.4"
"20231120","대전","유성구","6.0","13.8","0.1","12.4","5.7","11.3","0.7","0.0","0.0","1.3","9.2","3.6","5.6","12.87","9.38","0.0","58.4","63.0","66.7","0.0","4.5","4.3","0.0","0.0","0.0","5.6","4.9","1.5"
"20231119","대전","유성구","7.8","13.2","1.0","11.1","6.0","11.6","1.1","0.0","0.0","1.7","5.2","8.7","5.4","9.09","11.78","0.0","67.6","61.6","67.0","3.4","3.8","4.4","0.0","0.0","0.0","8.5","7.1","1.5"
"20231118","대전","유성구","1.6","7.6","-3.5","9.1","6.3","11.9","1.5","0.8","0.0","1.8","3.1","9.0","5.4","7.9","12.49","0.0","67.6","61.3","66.8","4.8","0.0","4.4","2.5","0.0","0.0","10.8","4.9","1.5"
"20231117","대전","유성구","2.5","7.1","-1.3","8.9","6.6","12.2","1.8","1.0","0.0","1.6","3.4","8.6","5.5","6.25","12.4","0.0","71.8","60.8","67.1","6.1","2.1","4.4","0.6","0.0","0.0","13.9","5.1","1.5"
"20231116","대전","유성구","5.3","7.0","3.2","8.9","7.1","12.7","2.4","7.5","1.3","1.3","0.0","7.1","5.6","1.82","11.0","0.0","88.1","67.9","67.1","8.3","4.1","4.3","0.0","0.0","0.0","3.8","7.3","1.5"
"20231115","대전","유성구","7.0","13.2","2.1","8.3","7.7","13.3","2.9","0.0","1.7","1.5","8.1","6.7","5.3","11.74","10.94","0.0","68.5","69.4","68.1","2.9","3.6","4.4","0.0","0.0","0.0","6.7","7.9","1.4"
"20231114","대전","유성구","5.5","12.3","-1.0","9.5","8.1","13.8","3.3","0.0","0.0","1.6","4.4","1.6","5.5","10.59","6.15","0.0","67.0","73.0","68.1","5.0","5.8","4.2","0.0","0.0","0.0","7.9","6.6","1.4"
"20231113","대전","유성구","2.4","9.2","-2.7","11.6","8.6","14.3","3.9","0.0","2.5","1.6","9.4","0.2","5.4","13.97","4.67","0.0","58.3","76.3","69.0","0.0","9.3","4.3","0.0","0.0","0.0","8.2","7.4","1.5"
"20231112","대전","유성구","1.7","5.9","-1.5","16.6","9.1","14.7","4.5","0.0","3.3","1.8","2.8","4.9","5.2","8.01","10.71","0.0","61.5","72.0","69.4","3.8","6.3","4.6","0.0","0.0","0.0","8.2","12.0","1.6"
"20231111","대전","유성구","1.7","6.1","-1.3","13.9","9.4","15.0","4.6","0.0","0.0","2.1","4.7","8.3","5.2","7.13","11.9","0.0","54.4","64.4","69.2","4.0","1.3","4.6","0.0","0.0","0.0","4.6","4.5","1.6"
"20231110","대전","유성구","5.7","11.0","0.8","11.7","9.7","15.2","5.0","0.3","0.0","2.4","8.4","8.8","5.2","13.57","12.09","0.0","49.8","67.5","68.8","3.3","1.9","4.7","0.0","0.0","0.0","9.6","4.5","1.7"
"20231109","대전","유성구","11.5","18.0","4.1","10.3","10.1","15.7","5.3","8.3","0.0","2.2","2.5","4.4","5.0","7.0","9.6","0.0","73.8","75.5","69.7","6.8","4.5","4.9","0.0","0.0","0.0","8.0","5.5","1.7"
"20231108","대전","유성구","8.4","18.3","1.4","12.0","10.4","16.2","5.5","0.0","0.0","2.3","9.4","7.4","5.1","14.21","12.8","0.0","60.4","64.0","70.2","1.8","4.3","4.8","0.0","0.0","0.0","4.1","4.0","1.6"
"20231107","대전","유성구","8.3","13.3","3.8","9.6","10.6","16.7","5.4","0.0","0.0","2.3","8.1","6.5","5.4","14.53","10.89","0.0","55.1","61.9","71.0","2.8","4.3","4.5","0.0","0.0","0.0","10.0","3.1","1.5"
"20231106","대전","유성구","15.5","20.0","9.9","8.0","10.7","17.1","5.3","11.5","0.0","1.9","3.1","9.0","5.8","7.65","13.76","0.0","64.9","65.1","71.2","7.9","1.8","4.2","0.0","0.0","0.0","12.5","7.5","1.4"
"20231105","대전","유성구","19.3","25.8","16.4","6.1","10.7","17.4","5.1","7.5","0.0","1.2","2.4","9.6","6.1","8.7","15.08","0.0","75.4","54.0","71.4","8.5","0.0","3.7","0.0","0.0","0.0","12.2","7.0","1.3"
"20231104","대전","유성구","18.8","21.8","17.1","5.9","10.6","17.2","4.9","0.0","0.0","0.8","0.2","9.7","6.3","4.63","15.21","0.0","81.0","49.4","71.0","8.4","0.9","3.5","0.0","0.0","0.0","7.9","9.6","1.3"
"20231103","대전","유성구","19.3","24.1","13.9","9.4","10.4","17.0","4.8","0.0","0.0","0.7","5.0","1.9","6.5","10.66","8.58","0.0","69.4","60.3","70.6","7.0","6.5","3.4","0.0","0.0","0.0","8.5","6.8","1.3"
"20231102","대전","유성구","19.6","26.3","13.9","10.9","10.3","16.8","4.9","0.0","0.0","1.3","9.4","8.3","6.5","14.46","14.9","0.0","59.1","60.5","70.6","0.0","0.0","3.6","0.0","0.0","0.0","7.8","5.2","1.3"
"20231101","대전","유성구","18.1","24.1","11.7","12.5","10.4","16.7","5.1","0.0","0.0","1.4","3.3","6.2","6.4","7.0","11.37","0.0","68.8","73.5","70.4","6.3","3.8","3.7","0.0","0.0","0.0","8.1","5.8","1.4"
"20231031","대전","유성구","14.8","23.0","9.8","14.1","10.7","16.9","5.5","0.0","0.0","1.6","7.2","8.6","6.4","13.53","14.59","0.0","67.6","63.9","70.2","2.3","2.6","3.9","0.0","0.0","0.0","5.9","6.5","1.4"
"20231030","대전","유성구","14.1","22.0","8.0","13.9","11.0","17.2","5.8","0.0","0.0","1.8","9.6","9.0","6.4","14.52","14.77","0.0","72.1","65.3","70.5","1.3","0.4","4.1","0.0","0.0","0.0","3.9","5.7","1.4"
"20231029","대전","유성구","13.3","21.4","7.0","13.5","11.3","17.6","5.9","0.0","0.0","1.9","9.7","9.2","6.5","15.05","14.48","0.0","70.8","68.5","70.2","0.0","1.5","3.9","0.0","0.0","0.0","4.2","6.3","1.4"
"20231028","대전","유성구","13.3","20.4","7.9","13.2","11.5","17.9","6.3","0.0","0.0","1.3","7.5","6.7","6.7","12.91","13.16","0.0","74.1","69.1","69.4","2.4","2.5","3.7","0.0","0.0","0.0","6.8","4.2","1.4"
"20231027","대전","유성구","14.3","18.9","10.6","12.5","11.9","18.3","6.6","0.0","0.0","1.6","3.6","9.7","6.6","8.89","14.73","0.0","71.1","67.1","70.1","2.8","1.1","3.7","0.0","0.0","0.0","6.1","6.1","1.4"
"20231026","대전","유성구","16.6","22.4","11.2","11.1","12.3","18.6","7.0","0.0","0.0","1.5","6.9","8.2","6.6","12.63","14.24","0.0","77.5","63.9","70.6","4.5","4.5","3.6","0.0","0.0","0.0","7.0","4.1","1.4"
"20231025","대전","유성구","15.7","22.8","10.4","9.6","12.6","18.9","7.3","0.0","0.0","1.3","9.8","10.1","6.7","15.18","16.19","0.0","74.9","60.8","70.6","1.5","0.0","3.4","0.0","0.0","0.0","4.9","7.8","1.4"
"20231024","대전","유성구","14.0","20.6","8.3","9.7","13.0","19.3","7.8","0.0","0.0","1.7","6.2","8.0","6.6","12.63","15.58","0.0","77.1","55.4","71.0","5.1","1.1","3.7","0.0","0.0","0.0","4.3","10.2","1.5"
"20231023","대전","유성구","13.7","21.3","8.1","13.1","13.5","19.7","8.3","0.0","0.0","2.2","7.3","7.9","6.3","12.92","14.4","0.0","75.5","64.9","72.3","1.6","2.8","3.8","0.0","0.0","0.0","4.3","7.5","1.5"
"20231022","대전","유성구","11.8","19.4","4.7","14.4","13.8","20.1","8.6","0.0","0.0","2.0","7.7","9.7","6.5","15.07","16.29","0.0","68.5","70.8","72.4","4.8","0.8","3.7","0.0","0.0","0.0","6.5","6.7","1.4"
"20231021","대전","유성구","10.6","18.2","3.9","12.2","14.0","20.3","8.7","0.0","0.0","1.9","8.6","2.9","6.6","14.23","9.26","0.0","59.8","68.0","72.1","1.4","8.3","3.7","0.0","0.0","0.0","8.5","4.8","1.4"
"20231020","대전","유성구","11.8","16.2","7.4","11.0","14.2","20.5","8.8","1.1","0.0","1.8","7.9","10.2","6.7","14.51","17.34","0.0","60.5","65.6","71.9","5.3","2.1","3.6","0.0","0.0","0.0","14.3","4.7","1.4"
"20231019","대전","유성구","15.2","19.5","12.0","9.2","14.3","20.7","8.9","11.1","0.0","1.2","0.1","10.4","6.9","4.06","17.56","0.0","85.9","60.6","71.9","9.3","0.0","3.5","0.0","0.0","0.0","5.4","7.0","1.4"
"20231018","대전","유성구","14.8","23.5","7.5","8.8","14.3","20.7","8.9","0.0","0.0","0.8","10.2","10.4","6.9","16.86","18.04","0.0","65.6","56.5","71.3","2.9","0.0","3.5","0.0","0.0","0.0","6.3","8.1","1.3"
"20231017","대전","유성구","13.3","21.4","6.1","12.4","14.3","20.7","8.9","0.0","0.0","0.9","10.4","8.6","6.9","18.04","17.65","0.0","63.8","51.3","70.9","0.0","2.5","3.6","0.0","0.0","0.0","4.8","12.5","1.4"
"20231016","대전","유성구","14.7","20.7","8.9","17.7","14.4","20.8","9.1","0.0","0.0","1.0","8.9","1.8","6.8","15.47","10.5","0.0","64.5","76.4","71.2","1.5","8.6","3.6","0.0","0.0","0.0","7.5","8.6","1.3"
"20231015","대전","유성구","15.1","21.1","10.5","18.2","14.6","20.9","9.3","0.0","0.0","1.2","7.0","6.6","6.8","13.53","15.1","0.0","75.6","72.1","71.5","2.4","7.3","3.9","0.0","0.0","0.0","9.5","3.8","1.3"
"20231014","대전","유성구","15.3","21.7","10.8","15.9","14.8","21.1","9.6","0.0","0.0","1.6","5.1","6.2","6.6","13.25","15.57","0.0","75.5","74.5","71.5","6.6","6.5","3.9","0.0","0.0","0.0","7.0","5.0","1.3"
"20231013","대전","유성구","16.4","22.9","12.0","15.1","15.2","21.4","9.9","0.0","0.0","1.8","4.9","9.6","6.7","12.57","18.04","0.0","69.9","74.0","71.7","8.3","1.3","4.0","0.0","0.0","0.0","5.4","5.6","1.4"
"20231012","대전","유성구","16.1","23.8","9.8","13.0","15.6","21.7","10.4","0.0","0.0","2.0","10.4","9.5","6.6","17.36","18.2","0.0","64.9","73.6","72.3","4.3","2.3","4.2","0.0","0.0","0.0","5.3","7.2","1.4"
"20231011","대전","유성구","16.6","23.8","11.1","12.0","15.9","22.0","10.7","0.0","0.0","2.0","10.6","8.5","6.7","18.11","17.78","0.0","65.4","67.6","72.1","2.0","2.0","4.2","0.0","0.0","0.0","8.5","7.6","1.4"
"20231010","대전","유성구","16.5","22.4","12.0","10.9","16.2","22.3","11.0","0.0","1.4","2.1","9.4","4.2","6.9","17.68","11.9","0.0","72.3","66.1","72.0","2.4","8.1","4.0","0.0","0.0","0.0","5.6","11.6","1.4"
"20231009","대전","유성구","17.3","22.2","12.9","13.0","16.4","22.5","11.2","0.0","17.1","1.8","3.2","0.0","6.9","12.39","3.69","0.0","70.0","82.8","72.3","7.9","9.8","4.1","0.0","0.0","0.0","5.5","8.7","1.4"
"20231008","대전","유성구","17.2","21.3","14.8","15.8","16.6","22.7","11.4","0.0","0.0","1.9","1.3","10.3","7.0","8.89","18.69","0.0","64.8","61.5","72.1","8.4","2.1","4.0","0.0","0.0","0.0","8.5","10.4","1.4"
"20231007","대전","유성구","15.7","20.4","10.6","15.8","16.6","22.7","11.5","0.0","0.0","2.1","2.5","7.3","7.1","10.49","15.39","0.0","70.9","65.1","71.8","8.9","6.1","4.1","0.0","0.0","0.0","6.5","7.9","1.4"
"20231006","대전","유성구","15.0","21.2","9.3","16.5","16.7","22.7","11.8","0.0","0.0","2.0","9.4","2.0","6.8","18.28","10.38","0.0","57.0","73.4","71.9","6.4","8.3","4.3","0.0","0.0","0.0","5.5","5.5","1.5"
"20231005","대전","유성구","14.5","19.7","11.3","16.2","17.0","22.8","12.1","0.0","0.0","2.0","10.7","6.0","6.7","20.32","14.28","0.0","42.6","67.0","72.2","3.3","7.6","4.6","0.0","0.0","0.0","13.1","5.7","1.5"
"20231004","대전","유성구","17.8","24.1","10.9","20.0","17.2","22.9","12.3","0.0","43.5","2.9","8.2","1.9","6.6","17.26","9.55","0.0","71.4","78.9","72.6","6.3","9.0","4.7","0.0","0.0","0.0","11.2","12.7","1.4"
"20231003","대전","유성구","15.2","20.8","11.1","22.8","17.5","23.2","12.7","0.0","26.3","3.0","1.6","0.8","6.2","7.92","6.07","0.0","79.5","84.6","73.7","5.3","10.0","5.0","0.0","0.0","0.0","3.4","8.5","1.4"
"20231002","대전","유성구","16.7","23.6","10.9","21.1","17.8","23.4","13.1","0.0","1.0","3.6","11.0","2.6","6.1","20.12","11.39","0.0","65.5","71.0","74.6","3.0","9.5","5.0","0.0","0.0","0.0","7.4","6.6","1.4"
"20231001","대전","유성구","17.8","23.3","13.4","20.1","18.1","23.6","13.6","0.0","0.0","4.5","10.9","8.7","6.0","20.81","17.43","0.0","60.9","63.9","75.0","0.9","5.4","5.2","0.0","0.0","0.0","9.9","3.6","1.4"
"20230930","대전","유성구","18.6","24.0","14.2","19.4","18.4","23.8","13.9","4.3","0.0","4.6","5.8","8.1","5.7","15.4","18.67","0.0","77.3","67.3","75.0","6.1","1.8","5.4","0.0","0.0","0.0","5.4","3.7","1.5"
"20230929","대전","유성구","20.2","24.9","17.5","18.8","18.6","24.1","14.1","0.0","0.0","4.4","1.4","7.6","5.9","12.76","17.79","0.0","74.3","74.9","74.5","8.9","1.8","5.3","0.0","0.0","0.0","4.8","4.6","1.5"
"20230928","대전","유성구","22.2","27.0","18.3","19.2","18.8","24.3","14.2","0.0","0.0","4.2","8.7","5.2","6.2","18.26","12.93","0.0","74.5","73.9","73.6","3.8","4.4","5.0","0.0","0.0","0.0","6.0","5.2","1.5"
"20230927","대전","유성구","21.5","23.9","20.4","19.4","19.0","24.6","14.3","1.4","0.0","2.9","0.3","10.6","6.3","5.25","20.83","0.0","89.0","66.9","73.3","9.5","0.8","5.0","0.0","0.0","0.0","4.8","5.2","1.5"
"20230926","대전","유성구","20.4","22.2","19.0","18.7","19.2","24.9","14.5","35.2","0.0","3.2","0.0","3.4","6.4","2.54","12.82","0.0","94.0","67.6","73.8","10.0","7.8","4.8","0.0","0.0","0.0","4.5","4.8","1.4"
"20230925","대전","유성구","21.4","26.9","18.0","18.5","19.3","25.0","14.6","4.0","0.0","3.4","2.9","3.2","6.5","13.23","14.12","0.0","74.0","66.9","73.9","9.1","8.6","4.6","0.0","0.0","0.0","8.6","4.0","1.4"
"20230924","대전","유성구","21.1","25.4","16.2","17.5","19.4","25.0","14.7","0.0","0.0","3.1","9.7","10.0","6.5","19.95","20.81","0.0","58.4","60.6","74.0","4.9","5.0","4.6","0.0","0.0","0.0","8.9","7.5","1.5"
"20230923","대전","유성구","19.5","25.4","14.3","17.7","19.5","25.0","14.9","0.0","0.0","4.0","6.0","9.4","6.4","15.04","18.59","0.0","72.9","67.0","74.4","6.0","2.6","4.7","0.0","0.0","0.0","8.8","11.5","1.5"
"20230922","대전","유성구","18.6","24.9","14.9","18.4","19.7","25.0","15.1","0.0","0.0","4.6","6.8","8.5","6.2","16.7","18.06","0.0","79.8","58.9","74.6","4.0","7.1","4.8","0.0","0.0","0.0","6.0","8.2","1.6"
"20230921","대전","유성구","18.4","21.5","16.2","18.8","20.0","25.3","15.3","3.0","0.0","3.6","0.0","11.5","6.4","6.85","22.59","0.0","89.3","59.3","73.7","8.5","0.1","4.8","0.0","0.0","0.0","6.7","8.2","1.6"
"20230920","대전","유성구","20.9","22.9","19.2","19.2","20.3","25.7","15.6","152.7","0.0","3.6","0.0","5.5","6.6","1.93","16.07","0.0","93.1","60.1","73.6","10.0","2.8","4.8","0.0","0.0","0.0","10.8","10.1","1.6"
"20230919","대전","유성구","23.6","28.3","20.1","24.5","20.7","25.9","16.1","0.0","0.0","5.1","5.7","8.1","6.5","15.78","18.7","0.0","78.8","61.5","73.7","7.8","4.3","5.0","0.0","0.0","0.0","3.7","13.0","1.7"
"20230918","대전","유성구","24.5","30.1","21.3","27.3","21.0","26.1","16.5","2.2","0.0","5.3","7.4","4.5","6.5","19.23","15.57","0.0","79.6","71.9","73.8","4.1","7.6","5.0","0.0","0.0","0.0","6.2","8.0","1.7"
"20230917","대전","유성구","24.4","28.6","21.3","27.2","21.3","26.4","16.8","0.0","0.0","5.6","3.2","9.5","6.7","14.29","19.95","0.0","83.4","73.1","73.7","8.6","5.9","5.0","0.0","0.0","0.0","3.7","6.5","1.8"
"20230916","대전","유성구","22.5","26.5","21.0","25.4","21.4","26.4","17.2","58.9","0.3","6.7","0.5","7.3","6.3","5.81","18.16","0.0","93.8","71.8","74.6","9.6","7.5","5.2","0.0","0.0","0.0","8.1","9.7","1.8"
"20230915","대전","유성구","21.9","24.2","20.7","25.2","21.6","26.4","17.4","15.1","0.0","6.9","0.0","8.5","6.1","5.01","19.23","0.0","93.5","62.8","75.3","10.0","6.1","5.3","0.0","0.0","0.0","2.9","10.7","1.8"
"20230914","대전","유성구","22.1","26.1","19.2","25.0","21.7","26.5","17.7","5.9","0.0","5.9","0.3","4.9","5.7","8.01","15.41","0.0","87.1","47.0","76.2","9.8","7.0","5.6","0.0","0.0","0.0","6.6","12.8","1.8"
"20230913","대전","유성구","21.0","23.2","18.9","24.5","21.8","26.5","17.9","27.5","0.0","5.8","0.0","0.7","5.3","4.08","10.85","0.0","91.8","69.4","76.9","10.0","10.0","5.9","0.0","0.0","0.0","8.6","9.2","1.7"
"20230912","대전","유성구","24.5","29.5","20.9","22.9","21.9","26.7","17.9","0.0","1.6","6.1","5.4","0.0","5.3","15.72","8.2","0.0","71.4","83.5","77.5","7.5","9.6","5.9","0.0","0.0","0.0","5.0","5.4","1.6"
"20230911","대전","유성구","25.2","30.6","21.3","24.0","22.0","26.7","18.0","0.0","0.0","5.6","6.6","5.1","5.1","16.71","17.43","0.0","68.8","64.4","77.9","7.3","8.5","6.1","0.0","0.0","0.0","4.5","7.5","1.5"
"20230910","대전","유성구","24.9","31.4","19.4","22.0","22.2","27.0","18.2","0.0","0.0","5.4","9.4","4.0","5.2","22.29","16.36","0.0","68.6","62.1","77.6","4.3","8.1","6.1","0.0","0.0","0.0","5.1","8.9","1.5"
"20230909","대전","유성구","24.1","31.0","17.7","22.9","22.3","27.2","18.3","0.0","0.0","5.0","11.7","10.0","5.4","23.3","22.94","0.0","67.6","63.3","77.3","1.9","5.4","5.9","0.0","0.0","0.0","4.6","8.7","1.5"
"20230908","대전","유성구","23.3","29.4","17.6","22.0","22.5","27.3","18.5","0.0","0.0","4.4","12.0","11.8","5.4","24.19","23.95","0.0","61.3","66.3","77.1","0.0","2.9","5.8","0.0","0.0","0.0","5.5","6.7","1.6"
"20230907","대전","유성구","25.0","30.1","19.8","20.9","22.6","27.3","18.8","0.0","0.0","4.8","12.0","10.4","5.2","24.37","23.39","0.0","60.0","66.0","76.9","0.0","2.5","6.0","0.0","0.0","0.0","9.4","5.9","1.6"
"20230906","대전","유성구","26.0","31.3","21.0","20.2","23.0","27.7","19.1","0.0","41.7","5.2","9.0","4.5","5.6","19.48","13.05","0.0","67.6","79.8","76.1","2.3","5.4","5.8","0.0","0.0","0.0","6.3","18.5","1.7"
"20230905","대전","유성구","26.9","31.2","23.8","22.6","23.1","27.8","19.2","0.0","46.5","6.1","6.1","0.0","5.6","18.25","3.94","0.0","66.8","93.4","76.6","6.6","10.0","5.9","0.0","0.0","0.0","6.0","10.3","1.6"
"20230904","대전","유성구","27.4","31.5","24.0","24.5","23.3","28.0","19.6","0.0","0.1","6.5","2.6","0.1","5.6","15.27","8.81","0.0","75.3","78.9","76.9","7.8","9.4","6.0","0.0","0.0","0.0","5.7","10.0","1.7"
"20230903","대전","유성구","27.0","32.5","22.3","23.4","23.7","28.5","19.8","0.0","0.0","6.8","6.3","4.1","6.2","19.64","15.07","0.0","74.5","70.3","76.2","6.5","7.6","5.7","0.0","0.0","0.0","6.1","11.3","1.7"
"20230902","대전","유성구","24.6","31.3","17.9","22.6","23.9","28.6","19.9","0.0","0.0","6.9","8.8","3.2","6.4","21.69","14.7","0.0","70.8","72.0","76.4","4.0","5.1","5.7","0.0","0.0","0.0","6.0","12.6","1.8"
"20230901","대전","유성구","23.1","29.4","18.2","22.4","23.9","28.4","20.1","0.0","0.0","8.7","8.9","5.0","5.9","22.09","16.29","0.0","72.8","80.1","77.2","2.9","6.9","6.0","0.0","0.0","0.0","5.9","5.3","1.9"
"20230831","대전","유성구","22.5","27.1","19.8","21.0","24.1","28.6","20.3","0.0","7.2","8.0","4.3","0.0","6.0","15.62","6.25","0.0","81.3","90.3","77.4","6.1","9.3","6.1","0.0","0.0","0.0","3.9","4.9","1.9"
"20230830","대전","유성구","21.1","22.7","19.8","19.1","24.3","28.8","20.5","44.4","30.2","9.0","0.0","0.0","6.2","4.21","3.2","0.0","93.9","92.9","77.4","10.0","10.0","6.0","0.0","0.0","0.0","3.5","5.0","1.9"
"20230829","대전","유성구","24.8","28.0","21.6","19.6","24.2","28.6","20.6","5.5","4.5","10.0","0.0","0.0","5.7","4.92","4.19","0.0","86.3","79.3","78.5","9.9","9.9","6.3","0.0","0.0","0.0","9.5","8.4","1.9"
"20230828","대전","유성구","26.1","29.0","23.6","22.1","24.3","28.6","20.8","0.0","0.0","10.9","1.1","11.8","5.4","11.02","25.27","0.0","73.5","60.8","79.2","9.0","4.9","6.4","0.0","0.0","0.0","10.7","7.7","1.8"
"20230827","대전","유성구","26.2","31.3","21.6","21.6","24.5","28.8","21.0","0.0","0.0","10.6","5.0","8.9","5.3","16.6","23.09","0.0","71.8","62.4","79.5","6.5","4.8","6.5","0.0","0.0","0.0","6.6","9.2","1.8"
"20230826","대전","유성구","25.0","31.0","20.4","22.9","24.6","28.8","21.2","0.0","0.0","11.9","9.9","10.5","4.9","22.41","23.1","0.0","74.8","70.6","79.4","6.0","2.4","6.7","0.0","0.0","0.0","6.1","5.3","1.8"
"20230825","대전","유성구","26.2","31.2","22.7","22.3","24.7","28.8","21.4","0.0","0.0","10.8","10.2","1.3","4.7","24.08","12.76","0.0","70.3","79.4","79.3","3.8","8.8","6.8","0.0","0.0","0.0","6.7","9.3","1.8"
"20230824","대전","유성구","25.5","30.3","23.1","22.7","24.9","29.0","21.6","44.3","0.2","9.6","0.6","0.5","4.8","8.54","10.03","0.0","89.1","77.9","79.3","9.6","9.1","6.9","0.0","0.0","0.0","11.1","10.4","1.8"
"20230823","대전","유성구","26.7","32.6","23.9","23.8","25.2","29.4","21.8","22.8","30.2","8.7","2.4","0.0","4.9","13.83","2.57","0.0","83.0","89.9","78.8","9.5","9.8","6.8","0.0","0.0","0.0","7.8","6.6","1.8"
"20230822","대전","유성구","27.6","33.7","23.9","27.3","25.4","29.7","21.9","1.5","0.0","8.7","5.6","5.3","5.2","16.68","17.7","0.0","73.3","73.0","78.3","4.6","7.1","6.6","0.0","0.0","0.0","7.6","5.5","1.8"
"20230821","대전","유성구","29.2","34.1","25.0","27.5","25.6","30.0","22.1","0.0","0.0","7.6","8.0","10.2","5.4","19.76","23.41","0.0","69.6","72.3","78.0","3.6","3.5","6.5","0.0","0.0","0.0","8.4","6.6","1.8"
"20230820","대전","유성구","28.1","33.3","24.6","27.0","25.8","30.2","22.3","0.0","83.6","8.2","7.3","1.9","5.5","21.62","9.64","0.0","71.1","82.3","77.9","5.6","7.5","6.4","0.0","0.0","0.0","7.3","6.9","1.8"
"20230819","대전","유성구","28.2","33.4","24.1","26.4","26.0","30.5","22.5","0.0","0.0","8.2","7.7","1.2","5.7","19.37","10.81","0.0","72.4","79.6","77.4","4.0","8.3","6.2","0.0","0.0","0.0","4.3","9.1","1.8"
"20230818","대전","유성구","28.3","33.0","23.9","25.1","26.1","30.5","22.6","0.2","0.0","7.8","10.0","7.4","5.8","24.01","21.78","0.0","72.9","75.8","77.4","5.8","3.5","6.2","0.0","0.0","0.0","9.5","4.6","1.8"
"20230817","대전","유성구","26.1","31.5","22.4","25.6","26.3","30.7","22.8","1.5","8.2","7.4","4.5","2.4","5.8","16.7","12.15","0.0","80.5","82.3","77.4","5.4","7.5","6.3","0.0","0.0","0.0","5.8","8.0","1.8"
"20230816","대전","유성구","27.7","32.7","24.8","25.8","26.4","30.7","22.9","0.0","32.9","8.0","6.1","4.4","5.9","17.65","13.64","0.0","72.0","84.3","77.8","5.5","7.3","6.3","0.0","0.0","0.0","5.8","8.6","1.8"
"20230815","대전","유성구","28.1","33.1","24.3","28.1","26.5","30.9","23.0","0.0","7.0","7.7","8.9","0.7","5.9","23.94","12.85","0.0","73.1","74.8","78.0","5.3","9.3","6.2","0.0","0.0","0.0","6.8","12.4","1.8"
"20230814","대전","유성구","28.1","33.6","23.8","26.7","26.5","30.7","23.1","0.0","6.5","9.5","9.2","0.4","5.7","23.99","6.63","0.0","74.0","86.5","78.4","3.3","9.4","6.3","0.0","0.0","0.0","6.1","6.2","1.8"
"20230813","대전","유성구","26.8","32.0","22.5","26.0","26.6","30.8","23.2","0.0","24.0","10.9","4.1","0.3","5.7","18.69","7.01","0.0","78.9","84.9","78.6","7.1","8.6","6.2","0.0","0.0","0.0","4.8","5.2","1.8"
"20230812","대전","유성구","24.2","28.8","19.2","27.3","26.6","30.8","23.3","3.7","0.1","11.1","1.2","8.2","5.5","10.43","22.51","0.0","83.6","78.1","79.2","9.1","6.0","6.3","0.0","0.0","0.0","5.5","4.2","1.8"
"20230811","대전","유성구","25.3","30.0","21.0","24.4","26.6","30.8","23.3","8.0","58.2","11.5","3.0","0.0","5.4","16.52","1.73","0.0","80.4","93.6","79.3","9.5","10.0","6.3","0.0","0.0","0.0","8.8","8.5","1.8"
"20230810","대전","유성구","21.3","23.2","20.6","25.3","26.7","30.9","23.4","143.3","192.9","11.8","0.0","0.0","5.5","3.05","2.5","0.0","93.8","92.3","79.0","10.0","10.0","6.4","0.0","0.0","0.0","18.8","12.5","1.9"
"20230809","대전","유성구","26.4","29.6","23.0","28.0","26.8","31.0","23.5","45.4","1.4","10.7","0.5","0.5","5.6","8.76","10.1","0.0","79.5","74.5","78.8","8.9","10.0","6.3","0.0","0.0","0.0","9.3","10.4","1.9"
"20230808","대전","유성구","30.1","34.9","25.9","28.6","26.9","31.2","23.6","0.0","0.0","9.7","10.4","0.1","5.8","24.0","7.38","0.0","66.6","71.4","78.2","3.6","9.9","6.2","0.0","0.0","0.0","9.4","9.6","1.9"
"20230807","대전","유성구","29.7","35.4","24.9","29.9","27.1","31.5","23.6","0.0","0.0","7.9","8.3","5.1","6.4","22.87","19.7","0.0","70.4","74.0","77.3","3.8","7.4","5.9","0.0","0.0","0.0","9.0","7.6","1.9"
"20230806","대전","유성구","29.5","35.7","24.8","29.9","27.1","31.5","23.5","6.3","0.0","8.8","10.6","7.8","6.7","23.72","21.04","0.0","71.4","71.8","77.1","4.8","4.8","5.8","0.0","0.0","0.0","8.2","6.9","1.9"
"20230805","대전","유성구","30.0","35.3","25.9","28.7","27.1","31.5","23.6","0.0","3.5","10.3","11.3","5.4","6.6","25.69","17.91","0.0","67.1","78.1","77.1","2.9","7.3","5.8","0.0","0.0","0.0","6.9","6.2","1.9"
"20230804","대전","유성구","29.6","34.8","25.2","29.2","27.3","31.7","23.7","0.0","0.0","9.7","8.5","7.5","6.7","20.4","20.8","0.0","70.3","74.5","76.9","5.1","4.9","5.8","0.0","0.0","0.0","4.9","6.0","1.9"
"20230803","대전","유성구","29.2","34.4","23.7","29.3","27.4","31.7","23.8","0.0","0.0","10.1","10.3","7.0","6.6","21.99","20.37","0.0","67.5","72.8","77.3","2.9","5.8","5.8","0.0","0.0","0.0","5.1","8.1","1.9"
"20230802","대전","유성구","29.1","33.8","25.3","27.9","27.4","31.7","23.9","0.0","1.1","10.7","7.3","3.2","6.4","18.44","16.1","0.0","72.6","78.9","77.7","4.8","7.8","5.9","0.0","0.0","0.0","6.1","10.1","1.9"
"20230801","대전","유성구","29.5","34.6","24.8","27.6","27.4","31.7","24.0","0.0","4.4","9.8","10.1","3.7","6.2","22.9","18.0","0.0","70.4","82.0","77.9","4.5","9.3","6.1","0.0","0.0","0.0","4.9","10.8","1.9"
"20230731","대전","유성구","27.8","32.2","23.7","25.9","27.4","31.6","24.0","0.0","25.6","8.3","9.1","0.0","6.1","21.85","5.74","0.0","77.4","87.6","78.4","5.3","10.0","6.2","0.0","0.0","0.0","4.8","6.9","1.8"
"20230730","대전","유성구","27.4","33.9","23.2","28.8","27.2","31.5","23.9","31.6","0.0","8.6","7.1","5.1","5.8","18.74","16.21","0.0","80.3","67.8","78.7","4.8","5.8","6.4","0.0","0.0","0.0","12.2","12.4","1.8"
"20230729","대전","유성구","29.5","35.0","24.6","30.3","27.1","31.3","23.7","0.0","0.0","7.2","11.9","10.0","5.9","27.91","24.03","0.0","70.3","65.3","78.4","1.3","2.1","6.5","0.0","0.0","0.0","6.7","7.4","1.8"
"20230728","대전","유성구","28.4","33.7","23.4","28.2","27.0","31.1","23.6","0.1","0.0","6.7","9.0","9.5","5.9","20.79","23.13","0.0","76.1","69.3","78.0","4.0","3.3","6.5","0.0","0.0","0.0","5.0","8.7","1.9"
"20230727","대전","유성구","27.5","33.6","22.6","27.6","26.9","31.0","23.5","0.3","0.0","6.0","7.5","9.7","5.9","23.02","24.63","0.0","76.8","65.9","77.7","5.5","4.5","6.6","0.0","0.0","0.0","5.2","7.9","1.9"
"20230726","대전","유성구","25.9","32.7","22.6","28.4","26.8","30.8","23.5","3.7","0.0","5.6","7.7","9.9","5.8","19.45","23.13","0.0","83.8","71.1","77.7","7.6","3.1","6.7","0.0","0.0","0.0","7.7","5.1","2.0"
"20230725","대전","유성구","25.1","29.1","22.7","27.2","26.6","30.6","23.4","9.1","0.4","7.7","1.1","8.3","5.8","10.3","23.38","0.0","88.0","73.9","78.0","9.3","4.6","6.7","0.0","0.0","0.0","6.8","5.8","2.0"
"20230724","대전","유성구","26.1","30.1","23.8","24.7","26.6","30.5","23.4","5.1","2.3","8.5","3.9","0.1","5.6","14.9","9.71","0.0","82.3","86.9","78.6","8.4","9.1","6.6","0.0","0.0","0.0","5.5","5.7","2.0"
"20230723","대전","유성구","24.8","27.0","23.7","24.8","26.5","30.4","23.4","20.2","17.6","9.7","0.0","2.9","5.3","3.53","14.37","0.0","89.4","77.6","79.2","10.0","8.4","6.8","0.0","0.0","0.0","5.8","6.6","1.9"
"20230722","대전","유성구","25.3","30.0","23.5","25.7","26.5","30.4","23.2","1.0","0.0","9.5","4.9","5.8","5.4","12.66","19.66","0.0","78.4","69.8","79.2","6.3","6.6","6.7","0.0","0.0","0.0","9.7","6.2","1.9"
"20230721","대전","유성구","27.6","34.2","23.6","23.8","26.4","30.5","23.0","0.0","13.7","10.2","7.9","1.5","5.5","22.44","6.22","0.0","75.0","86.1","79.0","4.1","9.4","6.6","0.0","0.0","0.0","9.5","10.9","1.9"
"20230720","대전","유성구","26.8","31.6","22.3","27.6","26.2","30.4","22.7","0.0","0.0","8.2","8.7","7.6","5.7","22.46","24.2","0.0","75.8","70.4","78.5","4.9","7.6","6.5","0.0","0.0","0.0","4.2","5.2","1.9"
"20230719","대전","유성구","26.0","31.7","22.0","25.0","25.9","30.0","22.4","0.0","0.0","9.0","9.5","4.1","5.6","25.51","19.12","0.0","78.0","81.3","78.6","3.3","8.1","6.6","0.0","0.0","0.0","4.7","7.6","1.9"
"20230718","대전","유성구","23.0","24.3","22.0","22.3","25.6","29.7","22.1","73.0","57.4","9.6","0.6","0.0","5.3","3.89","4.3","0.0","94.4","91.6","78.8","9.3","9.3","6.7","0.0","0.0","0.0","6.9","8.7","2.0"
"20230717","대전","유성구","25.4","31.4","23.1","26.0","25.3","29.4","22.0","30.9","0.0","10.5","3.8","4.2","4.9","17.49","19.77","0.0","87.0","71.1","79.3","9.4","7.4","7.0","0.0","0.0","0.0","11.2","7.6","2.0"
"20230716","대전","유성구","24.3","28.5","21.6","26.2","25.2","29.2","21.9","1.5","0.0","10.0","1.7","9.7","4.8","10.4","24.64","0.0","88.5","68.9","79.5","8.9","4.9","7.1","0.0","0.0","0.0","4.8","8.3","1.9"
"20230715","대전","유성구","23.2","25.0","21.3","26.1","25.1","29.0","21.9","105.6","0.0","10.9","0.0","10.5","4.3","1.76","25.68","0.0","93.0","70.1","80.2","10.0","3.4","7.4","0.0","0.0","0.0","11.7","6.0","2.0"
"20230714","대전","유성구","24.2","24.9","23.2","26.0","25.0","28.9","21.9","221.8","0.5","10.9","0.0","2.6","4.0","1.75","13.23","0.0","94.5","81.3","80.4","10.0","8.6","7.6","0.0","0.0","0.0","13.3","7.2","2.0"
"20230713","대전","유성구","25.2","26.4","23.9","24.8","24.9","28.8","21.9","9.5","10.6","11.0","0.0","0.0","3.9","3.73","4.12","0.0","90.0","85.1","80.7","9.9","10.0","7.7","0.0","0.0","0.0","4.8","7.3","1.9"
"20230712","대전","유성구","26.7","31.0","23.5","27.0","24.8","28.7","21.7","7.8","0.0","12.4","5.7","0.8","4.0","19.77","12.17","0.0","81.4","78.1","80.6","7.5","8.0","7.8","0.0","0.0","0.0","5.6","7.8","1.9"
"20230711","대전","유성구","23.6","26.0","22.1","25.1","24.7","28.5","21.6","39.6","16.3","14.4","0.1","0.3","3.9","6.51","9.27","0.0","89.0","87.9","80.5","9.3","7.4","7.7","0.0","0.0","0.0","8.7","4.3","2.0"
"20230710","대전","유성구","26.5","31.5","21.3","28.7","24.6","28.5","21.4","36.2","7.8","13.6","8.3","6.3","4.2","22.11","22.56","0.0","74.8","71.6","79.9","7.0","6.1","7.6","0.0","0.0","0.0","12.6","9.9","2.0"
"20230709","대전","유성구","26.4","30.2","22.8","26.5","24.6","28.6","21.3","0.1","0.0","12.3","2.9","1.2","4.6","11.09","11.83","0.0","81.6","75.6","79.2","7.3","7.1","7.3","0.0","0.0","0.0","7.5","4.9","2.1"
"20230708","대전","유성구","23.9","29.3","18.8","27.6","24.6","28.7","21.2","2.6","0.9","11.8","2.1","3.5","5.0","15.73","13.92","0.0","85.6","74.6","78.3","8.1","5.6","7.1","0.0","0.0","0.0","4.9","6.1","2.1"
"20230707","대전","유성구","21.6","26.3","18.8","29.5","24.6","28.8","21.0","68.7","3.2","10.0","0.0","5.4","5.2","3.93","18.04","0.0","87.6","67.6","77.8","9.6","7.6","6.9","0.0","0.0","0.0","8.6","10.0","2.0"
"20230706","대전","유성구","26.4","32.4","20.8","30.1","24.6","28.8","21.0","0.0","0.0","9.0","8.1","4.1","5.2","24.5","20.32","0.0","59.8","69.3","77.7","7.5","8.5","7.0","0.0","0.0","0.0","7.0","7.1","2.0"
"20230705","대전","유성구","24.3","28.7","22.0","28.2","24.5","28.7","21.0","27.7","0.0","9.5","5.7","3.2","5.1","17.26","17.9","0.0","77.8","77.3","78.2","4.5","7.4","7.1","0.0","0.0","0.0","8.2","6.7","1.9"
"20230704","대전","유성구","24.7","26.9","22.9","27.6","24.5","28.5","21.1","80.2","0.0","10.4","0.0","4.9","4.8","4.86","17.32","0.0","87.3","76.5","79.1","9.5","6.4","7.3","0.0","0.0","0.0","6.9","6.8","1.8"
"20230703","대전","유성구","28.4","33.4","24.0","28.1","24.3","28.2","21.0","0.0","38.7","11.4","6.4","7.2","4.4","21.03","20.23","0.0","71.0","73.1","80.0","6.0","6.1","7.6","0.0","0.0","0.0","8.3","10.0","1.8"
"20230702","대전","유성구","27.5","31.3","23.3","29.6","24.2","28.0","21.1","0.0","0.0","11.5","5.9","12.5","4.0","21.26","28.12","0.0","73.5","65.9","80.3","7.0","2.6","7.8","0.0","0.0","0.0","5.3","6.7","1.9"
"20230701","대전","유성구","27.3","33.1","23.0","28.6","24.2","28.1","20.9","0.0","0.0","11.3","8.3","11.3","4.0","23.35","25.27","0.0","75.6","69.0","79.9","5.1","3.9","7.8","0.0","0.0","0.0","4.9","5.4","1.8"
"20230630","대전","유성구","24.2","26.1","22.9","27.2","24.1","28.2","20.7","4.8","2.9","10.3","0.4","2.6","4.3","8.72","16.29","0.0","90.5","78.5","79.2","10.0","7.4","7.6","0.0","0.0","0.0","6.9","10.2","1.8"
"20230629","대전","유성구","24.6","25.8","23.2","26.7","24.0","28.2","20.4","50.8","18.6","10.8","0.0","0.0","4.6","2.68","7.26","0.0","88.1","79.3","78.5","9.9","9.5","7.4","0.0","0.0","0.0","9.9","12.2","1.8"
"20230628","대전","유성구","24.1","27.1","19.5","29.4","23.9","28.3","20.2","5.7","0.0","8.9","2.7","3.5","4.9","11.81","17.57","0.0","78.8","60.1","77.5","8.6","8.9","7.2","0.0","0.0","0.0","13.7","14.5","1.8"
"20230627","대전","유성구","26.1","31.4","22.0","28.0","23.6","28.1","19.8","25.3","3.6","9.9","10.2","0.4","5.3","28.07","11.59","0.0","70.8","71.8","76.6","6.3","9.6","7.0","0.0","0.0","0.0","9.3","11.2","1.8"
"20230626","대전","유성구","23.8","26.1","20.8","27.4","23.3","27.8","19.5","54.5","0.2","10.5","0.0","2.2","5.3","5.04","11.14","0.0","89.8","72.8","76.3","10.0","7.9","7.0","0.0","0.0","0.0","7.9","9.1","1.9"
"20230625","대전","유성구","26.7","32.8","21.3","27.8","23.2","27.7","19.3","0.0","0.0","11.6","7.8","8.8","5.3","21.44","24.87","0.0","58.0","68.1","75.4","6.6","2.9","6.9","0.0","0.0","0.0","11.5","8.9","1.9"
"20230624","대전","유성구","27.1","33.5","22.1","25.0","23.2","27.9","19.2","0.0","10.7","9.9","10.5","6.5","5.4","25.72","22.56","0.0","59.9","77.8","74.0","4.0","6.4","6.9","0.0","0.0","0.0","6.9","9.5","2.0"
"20230623","대전","유성구","25.7","31.8","20.2","25.1","23.3","28.1","19.2","0.0","29.6","9.4","12.6","1.1","5.8","29.1","7.06","0.0","61.3","83.3","72.7","3.5","8.5","6.7","0.0","0.0","0.0","6.1","10.1","2.0"
"20230622","대전","유성구","22.9","28.4","19.1","27.5","23.3","28.3","19.1","0.0","0.0","8.0","5.6","10.9","6.0","20.68","26.95","0.0","69.3","61.0","72.4","6.5","2.5","6.5","0.0","0.0","0.0","9.1","7.9","1.9"
"20230621","대전","유성구","21.3","24.4","19.5","28.1","23.4","28.4","19.1","1.6","0.0","6.6","0.2","12.2","6.3","5.7","27.06","0.0","87.1","61.8","71.6","9.1","1.1","6.3","0.0","0.0","0.0","6.4","6.4","1.8"
"20230620","대전","유성구","23.7","27.7","20.2","26.8","23.4","28.5","19.0","2.9","0.0","6.2","3.1","8.3","6.4","14.33","24.21","0.0","61.0","67.1","71.3","7.9","4.3","6.3","0.0","0.0","0.0","10.3","5.4","1.8"
"20230619","대전","유성구","27.0","33.5","19.8","25.1","23.3","28.5","18.8","0.0","0.0","6.5","11.2","1.2","6.4","26.78","14.56","0.0","51.6","71.5","70.7","4.3","8.3","6.3","0.0","0.0","0.0","10.7","6.0","1.7"
"20230618","대전","유성구","26.1","33.1","19.6","25.2","23.2","28.5","18.4","0.0","0.0","6.6","11.3","5.6","6.7","27.95","18.14","0.0","50.4","69.3","69.7","3.6","5.9","6.1","0.0","0.0","0.0","5.4","7.0","1.7"
"20230617","대전","유성구","25.0","32.5","18.8","23.4","23.1","28.5","18.2","0.0","0.0","5.3","10.3","6.9","7.0","26.39","18.5","0.0","54.3","69.8","68.6","5.9","6.5","6.0","0.0","0.0","0.0","6.9","6.1","1.8"
"20230616","대전","유성구","24.4","31.9","17.0","22.0","22.9","28.3","18.0","0.0","0.0","4.6","13.0","7.9","7.1","29.54","24.17","0.0","57.3","61.6","68.2","0.3","4.1","5.9","0.0","0.0","0.0","6.4","6.8","1.8"
"20230615","대전","유성구","22.3","28.5","16.6","19.8","22.8","28.2","17.8","0.0","36.5","3.4","9.5","3.7","7.2","24.02","14.49","0.0","63.9","80.1","67.9","3.1","8.0","5.7","0.0","0.0","0.0","6.1","8.1","1.8"
"20230614","대전","유성구","22.6","28.6","17.2","17.9","22.6","28.0","17.6","0.0","6.3","2.7","9.4","0.0","7.4","23.4","7.39","0.0","60.8","76.0","67.9","5.3","9.6","5.6","0.0","0.0","0.0","7.5","12.4","1.8"
"20230613","대전","유성구","22.8","28.7","18.7","23.1","22.5","27.8","17.7","0.0","0.0","2.5","8.4","9.8","7.2","20.56","25.13","0.0","64.0","54.3","67.9","3.8","7.8","5.7","0.0","0.0","0.0","7.9","11.2","1.9"
"20230612","대전","유성구","23.3","29.9","17.6","24.3","22.5","27.8","17.7","0.0","0.0","4.4","8.6","7.9","7.1","26.75","21.95","0.0","65.0","56.0","68.2","4.8","5.4","5.8","0.0","0.0","0.0","8.5","6.9","2.0"
"20230611","대전","유성구","23.5","30.0","17.5","24.3","22.5","27.9","17.6","0.0","0.0","4.3","9.0","8.1","7.4","25.61","23.43","0.0","67.5","57.8","67.8","4.4","5.3","5.7","0.0","0.0","0.0","8.4","9.7","2.0"
"20230610","대전","유성구","23.3","31.7","18.8","23.6","22.4","27.8","17.5","1.3","0.0","4.1","6.0","6.7","7.3","22.38","21.54","0.0","63.1","61.4","67.5","6.8","5.3","5.8","0.0","0.0","0.0","8.4","8.6","2.0"
"20230609","대전","유성구","23.2","29.2","18.4","22.4","22.3","27.8","17.3","0.3","0.0","3.9","9.6","5.7","7.3","27.23","20.99","0.0","56.8","66.3","67.2","3.3","6.6","5.7","0.0","0.0","0.0","6.3","8.0","1.9"
"20230608","대전","유성구","22.3","28.4","18.5","20.7","22.2","27.8","17.1","0.3","0.2","3.4","7.0","7.3","7.2","22.93","25.0","0.0","69.6","64.5","67.0","5.4","7.0","5.7","0.0","0.0","0.0","7.6","6.3","1.8"
"20230607","대전","유성구","21.7","26.4","16.6","17.3","22.0","27.7","16.8","0.0","0.0","1.8","7.2","1.6","7.5","20.7","8.0","0.0","68.0","77.6","66.2","7.4","7.8","5.4","0.0","0.0","0.0","6.2","6.5","1.7"
"20230606","대전","유성구","21.4","28.4","15.6","19.4","21.8","27.5","16.6","0.0","2.8","1.3","12.2","3.8","7.3","28.84","13.09","0.0","62.1","78.3","65.7","2.6","5.9","5.5","0.0","0.0","0.0","8.7","6.9","1.7"
"20230605","대전","유성구","21.5","26.7","17.5","18.6","21.7","27.3","16.4","0.0","6.2","1.8","9.4","0.0","7.6","23.26","5.28","0.0","59.3","78.8","65.2","5.6","9.8","5.3","0.0","0.0","0.0","8.4","10.1","1.7"
"20230604","대전","유성구","22.6","28.7","17.1","25.1","21.5","27.2","16.0","0.0","0.0","2.1","11.4","7.6","7.7","28.18","21.68","0.0","50.1","49.0","64.5","5.8","7.1","5.3","0.0","0.0","0.0","8.5","8.5","1.8"
"20230603","대전","유성구","21.9","28.1","15.6","24.8","21.3","27.0","15.7","0.0","0.0","2.6","11.9","10.5","7.9","28.77","27.21","0.0","51.6","58.6","63.9","2.5","2.6","5.1","0.0","0.0","0.0","10.2","7.3","1.8"
"20230602","대전","유성구","21.9","27.2","18.1","22.5","21.0","26.9","15.3","0.0","0.0","2.2","7.8","13.3","8.2","24.31","29.17","0.0","67.8","58.0","63.0","4.9","0.6","4.9","0.0","0.0","0.0","7.7","8.1","1.8"
"20230601","대전","유성구","22.4","28.0","17.5","23.2","20.8","26.7","15.0","0.0","0.0","2.4","3.2","13.6","8.2","18.45","30.03","0.0","63.9","33.6","63.0","8.6","1.6","4.7","0.0","0.0","0.0","5.5","8.3","1.8"
"20230531","대전","유성구","22.3","28.3","16.5","21.4","20.8","26.8","15.0","0.0","0.0","1.9","13.1","13.1","8.4","29.7","29.47","0.0","53.6","39.5","62.2","3.1","2.3","4.6","0.0","0.0","0.0","7.4","8.2","1.8"
"20230530","대전","유성구","21.6","26.5","16.5","21.4","20.6","26.5","14.8","0.0","0.0","1.3","7.0","0.2","8.4","22.34","11.04","0.0","73.0","66.1","61.9","5.3","8.6","4.6","0.0","0.0","0.0","9.9","8.5","1.9"
"20230529","대전","유성구","20.4","22.6","18.4","23.4","20.3","26.3","14.5","28.0","0.0","1.3","0.2","12.9","8.4","6.18","27.92","0.0","89.3","50.3","61.4","8.0","2.8","4.6","0.0","0.0","0.0","5.1","5.2","1.9"
"20230528","대전","유성구","20.2","21.3","18.5","23.1","20.1","26.1","14.5","34.7","0.0","1.6","0.0","13.3","7.9","2.77","24.45","0.0","91.8","42.8","61.8","10.0","3.8","4.9","0.0","0.0","0.0","6.5","9.3","2.0"
"20230527","대전","유성구","20.8","23.1","18.9","21.5","20.0","26.0","14.4","0.6","0.0","1.9","0.3","12.7","7.9","5.99","29.26","0.0","79.0","51.8","62.0","9.9","0.4","4.9","0.0","0.0","0.0","4.8","12.7","2.0"
"20230526","대전","유성구","21.8","26.8","16.2","19.4","19.8","25.7","14.2","0.0","4.5","2.5","9.0","12.6","7.7","23.88","28.96","0.0","52.9","55.9","63.1","7.5","1.9","5.0","0.0","0.0","0.0","7.6","8.2","2.0"
"20230525","대전","유성구","21.3","27.6","15.3","22.3","19.8","25.7","14.2","0.0","0.0","2.7","7.2","9.9","7.8","24.86","24.93","0.0","45.0","54.1","63.2","6.4","5.0","4.9","0.0","0.0","0.0","5.8","7.7","2.0"
"20230524","대전","유성구","19.9","27.1","12.4","23.1","19.8","25.7","14.2","0.0","0.0","2.5","5.5","13.1","7.9","20.41","28.75","0.0","54.8","49.6","63.4","6.8","0.0","4.8","0.0","0.0","0.0","6.0","7.4","1.9"
"20230523","대전","유성구","18.5","25.4","11.7","22.6","19.7","25.7","13.9","0.0","0.0","2.9","10.4","10.6","8.1","27.52","25.03","0.0","62.5","62.8","63.3","1.6","2.9","4.7","0.0","0.0","0.0","6.1","6.8","1.9"
"20230522","대전","유성구","17.5","22.5","13.7","21.1","19.5","25.6","13.6","5.7","0.0","2.9","3.4","13.0","8.3","13.64","27.77","0.0","67.8","67.0","62.7","6.8","0.8","4.4","0.0","0.0","0.0","10.9","9.1","1.9"
"20230521","대전","유성구","18.3","23.9","15.5","20.8","19.3","25.4","13.5","0.0","0.0","2.5","6.3","11.7","8.4","20.18","26.58","0.0","69.1","64.0","62.4","5.9","1.0","4.5","0.0","0.0","0.0","8.6","8.6","2.0"
"20230520","대전","유성구","20.6","27.9","14.5","20.7","19.1","25.1","13.3","0.0","0.0","3.0","12.1","9.1","8.1","27.17","24.49","0.0","66.6","51.6","63.0","2.5","3.8","4.6","0.0","0.0","0.0","7.5","8.1","2.0"
"20230519","대전","유성구","20.8","25.7","16.1","20.7","18.8","24.7","13.1","0.0","0.0","2.9","4.5","3.1","7.9","16.87","17.41","0.0","61.9","31.4","63.1","5.0","7.8","4.7","0.0","0.0","0.0","8.7","9.4","2.0"
"20230518","대전","유성구","19.2","22.1","17.9","22.4","18.5","24.4","13.1","0.0","0.0","2.9","0.0","12.5","7.6","6.49","25.78","0.0","68.0","35.4","63.7","9.4","1.1","5.0","0.0","0.0","0.0","12.2","12.3","2.0"
"20230517","대전","유성구","23.6","31.4","15.6","20.4","18.4","24.2","13.1","0.0","0.0","2.9","11.8","13.1","7.1","25.15","28.3","0.0","44.8","43.0","64.6","3.4","0.4","5.4","0.0","0.0","0.0","9.3","9.4","2.0"
"20230516","대전","유성구","23.5","31.1","14.8","16.6","18.4","24.2","13.0","0.0","0.0","3.0","12.1","13.4","7.2","27.98","29.3","0.0","41.9","39.6","64.0","1.3","0.0","5.4","0.0","0.0","0.0","8.4","9.3","2.0"
"20230515","대전","유성구","20.5","28.7","10.5","15.5","18.1","24.0","12.7","0.0","0.0","2.9","12.7","11.9","7.4","27.74","29.16","0.0","50.9","38.9","63.8","2.1","2.8","5.2","0.0","0.0","0.0","7.1","9.1","2.0"
"20230514","대전","유성구","17.8","25.9","9.8","15.7","17.9","23.6","12.6","0.0","0.0","3.7","11.8","11.2","7.2","26.92","26.32","0.0","51.3","41.5","65.0","1.8","4.5","5.3","0.0","0.0","0.0","7.9","12.3","2.0"
"20230513","대전","유성구","18.2","24.6","12.7","19.0","17.7","23.5","12.2","0.0","0.0","4.2","11.8","0.6","7.2","25.58","9.97","0.0","54.3","56.1","64.7","2.0","7.1","5.2","0.0","0.0","0.0","8.2","10.1","2.0"
"20230512","대전","유성구","18.5","25.3","11.7","21.0","17.4","23.3","11.8","0.0","0.0","5.1","4.5","4.0","7.4","19.14","18.04","0.0","46.4","52.4","64.3","8.4","8.8","4.9","0.0","0.0","0.0","8.6","5.4","2.1"
"20230511","대전","유성구","18.9","27.2","10.1","20.0","17.1","23.1","11.6","0.0","0.0","5.2","12.8","4.7","7.2","27.43","20.02","0.0","45.0","48.3","63.8","4.0","8.3","5.0","0.0","0.0","0.0","6.5","6.6","2.1"
"20230510","대전","유성구","17.3","25.8","9.4","19.2","17.1","23.1","11.5","0.0","0.0","4.6","10.2","11.0","7.2","25.41","28.69","0.0","51.9","36.5","62.9","4.1","5.4","5.1","0.0","0.0","0.0","6.7","10.4","2.1"
"20230509","대전","유성구","16.5","25.4","7.2","17.3","17.2","23.2","11.5","0.0","2.7","5.0","12.9","9.8","7.3","28.07","25.98","0.0","54.8","55.6","62.0","0.9","6.3","5.1","0.0","0.0","0.0","7.5","8.9","2.2"
"20230508","대전","유성구","13.7","22.8","5.1","17.1","17.2","23.2","11.5","0.0","0.9","4.7","11.2","6.3","7.1","26.74","21.28","0.0","59.3","49.8","61.8","3.1","7.4","5.0","0.0","0.0","0.0","7.3","9.8","2.2"
"20230507","대전","유성구","12.0","15.7","7.7","18.3","17.4","23.7","11.4","0.2","0.0","3.5","0.2","7.8","7.6","8.29","22.24","0.0","66.5","56.1","59.8","7.5","5.8","4.8","0.0","0.0","0.0","11.2","9.7","2.2"
"20230506","대전","유성구","15.1","19.7","12.1","19.6","17.4","23.7","11.3","38.6","0.0","3.2","0.0","8.0","7.8","3.06","22.93","0.0","89.3","64.3","59.5","9.8","2.1","4.5","0.0","0.0","0.0","10.9","6.2","2.1"
"20230505","대전","유성구","19.0","20.8","16.3","18.5","17.3","23.6","11.2","83.3","0.0","4.0","0.0","13.0","7.7","3.53","28.81","0.0","92.6","49.8","60.4","10.0","0.0","4.5","0.0","0.0","0.0","5.7","6.7","2.1"
"20230504","대전","유성구","20.1","27.3","14.9","16.7","17.2","23.8","11.1","1.8","0.0","2.8","5.6","12.5","7.8","21.45","27.56","0.0","63.0","44.9","60.0","8.3","0.0","4.5","0.0","0.0","0.0","10.1","8.8","2.1"
"20230503","대전","유성구","19.1","26.2","12.0","14.1","17.2","23.8","11.0","0.0","0.0","2.0","8.4","12.7","8.0","23.6","27.85","0.0","46.4","45.3","59.8","7.5","0.0","4.4","0.0","0.0","0.0","7.3","8.6","2.2"
"20230502","대전","유성구","17.0","26.0","6.7","13.9","17.1","23.5","11.1","0.0","0.0","2.7","10.2","10.9","7.7","25.5","25.19","0.0","42.1","49.6","61.0","4.4","1.6","4.6","0.0","0.0","0.0","7.0","11.9","2.2"
"20230501","대전","유성구","14.7","21.4","9.3","13.4","16.8","22.9","10.9","0.0","0.0","3.3","11.1","12.2","7.2","24.82","26.84","0.0","49.6","51.5","62.1","1.3","1.6","5.0","0.0","0.0","0.0","11.3","10.3","2.3"
"20230430","대전","유성구","13.5","19.8","7.1","13.7","16.4","22.8","10.3","0.0","0.0","2.7","12.2","1.4","7.4","27.24","13.41","0.0","57.4","60.3","60.9","2.0","7.4","4.8","0.0","0.0","0.0","9.8","7.0","2.3"
"20230429","대전","유성구","14.0","18.3","8.9","13.1","15.9","22.1","9.8","7.6","9.8","2.5","0.0","1.5","7.4","3.11","13.01","0.0","81.0","67.1","60.3","9.5","8.9","4.7","0.0","0.0","0.0","10.1","9.6","2.2"
"20230428","대전","유성구","16.2","23.7","5.8","17.8","15.3","21.7","9.1","0.0","0.0","2.9","8.6","7.5","7.5","24.28","21.48","0.0","53.6","49.5","59.0","3.5","5.5","4.8","0.0","0.0","0.0","8.8","8.4","2.2"
"20230427","대전","유성구","12.7","22.6","2.5","17.2","14.7","21.2","8.5","0.0","0.0","2.8","12.3","12.0","7.6","27.03","25.71","0.0","51.5","40.3","58.0","0.8","2.4","4.6","0.0","0.0","0.0","5.9","7.8","2.1"
"20230426","대전","유성구","9.5","16.3","5.1","18.8","14.5","21.1","8.1","0.0","21.3","2.1","7.8","2.0","8.0","22.68","12.3","0.0","66.8","79.1","56.5","2.1","7.5","4.3","0.0","0.0","0.0","10.2","7.2","2.1"
"20230425","대전","유성구","9.3","11.5","7.9","20.1","14.3","20.7","8.1","1.8","6.7","2.7","0.0","2.3","7.9","4.06","13.49","0.0","74.6","66.0","56.6","9.4","9.9","4.3","0.0","0.0","0.0","9.9","4.8","2.1"
"20230424","대전","유성구","15.0","19.8","11.4","19.7","14.3","20.6","8.3","0.0","0.0","3.0","4.1","9.4","7.6","17.15","24.41","0.0","41.9","64.5","57.2","6.0","3.9","4.5","0.0","0.0","0.0","9.9","7.5","2.1"
"20230423","대전","유성구","15.9","21.3","11.4","18.9","14.3","20.6","8.4","0.0","0.0","3.2","4.7","6.6","7.3","18.17","20.53","0.0","36.4","55.3","58.0","7.8","8.3","4.7","0.0","0.0","0.0","7.1","6.2","2.2"
"20230422","대전","유성구","16.2","21.5","11.0","16.7","14.3","20.5","8.5","0.0","0.0","3.0","7.8","6.3","7.1","22.52","16.66","0.0","30.4","64.1","58.7","6.3","4.1","4.9","0.0","0.0","0.0","10.1","10.0","2.3"
"20230421","대전","유성구","17.5","23.2","13.0","14.6","14.2","20.5","8.4","0.0","0.0","3.5","5.3","5.0","6.9","17.4","15.82","0.0","61.0","50.1","59.3","5.6","3.8","5.0","0.0","0.0","0.0","8.4","7.6","2.3"
"20230420","대전","유성구","19.9","25.7","15.1","15.2","14.2","20.6","8.3","0.0","0.0","2.9","2.9","12.4","6.8","14.88","26.95","0.0","69.5","41.1","59.3","5.1","0.1","5.1","0.0","0.0","0.0","6.8","9.1","2.2"
"20230419","대전","유성구","20.2","28.0","13.2","15.7","14.1","20.5","8.0","0.0","0.0","3.3","9.8","12.2","7.0","25.67","25.34","0.0","65.0","38.9","58.5","3.3","2.1","5.0","0.0","0.0","0.0","7.7","9.1","2.2"
"20230418","대전","유성구","13.8","15.5","12.4","15.0","13.8","20.5","7.5","1.3","0.0","3.3","0.0","7.9","7.4","2.81","19.83","0.0","78.3","43.0","57.8","9.8","7.5","4.6","0.0","0.0","0.0","6.0","9.1","2.2"
"20230417","대전","유성구","13.6","20.8","4.8","13.9","13.6","20.5","7.2","0.0","0.0","2.9","10.8","12.1","7.8","23.73","26.44","0.0","51.3","40.3","56.4","2.6","2.3","4.3","0.0","0.0","0.0","6.2","8.5","2.1"
"20230416","대전","유성구","10.9","17.0","6.9","13.1","13.4","20.2","7.0","0.0","0.0","2.5","5.2","12.3","8.0","16.62","25.98","0.0","64.5","44.4","55.0","4.4","1.6","4.2","0.0","0.0","0.0","12.5","10.4","2.1"
"20230415","대전","유성구","12.5","15.4","8.2","12.6","12.9","19.6","6.6","13.2","0.0","2.5","2.1","11.5","8.0","7.13","24.04","0.0","74.5","54.3","54.7","5.5","2.5","4.1","0.0","0.0","0.0","5.7","10.5","2.2"
"20230414","대전","유성구","15.1","22.0","7.1","10.7","12.6","19.2","6.4","0.0","2.2","2.0","4.2","0.5","7.9","15.2","8.75","0.0","35.8","74.0","54.7","8.4","8.8","4.2","0.0","0.0","0.0","5.3","8.3","2.3"
"20230413","대전","유성구","13.5","23.2","3.1","14.0","12.3","18.7","6.4","0.0","29.0","1.8","9.7","0.0","7.5","21.98","1.69","0.0","28.8","87.5","55.3","3.6","9.8","4.5","0.0","0.0","0.0","6.9","8.8","2.3"
"20230412","대전","유성구","10.9","18.1","4.0","20.7","12.1","18.3","6.4","0.0","0.0","2.6","11.4","10.7","7.1","25.6","23.65","0.0","30.1","66.3","56.5","0.0","3.0","4.8","0.0","0.0","0.0","11.6","9.7","2.3"
"20230411","대전","유성구","14.7","20.8","10.2","20.6","12.0","18.1","6.4","0.0","0.0","3.1","0.3","11.9","6.8","4.19","24.42","0.0","65.5","54.1","57.0","8.0","1.5","5.1","0.0","0.0","0.0","15.3","7.4","2.4"
"20230410","대전","유성구","12.6","21.3","2.5","18.6","12.0","18.3","6.2","0.0","0.0","2.9","11.3","9.6","7.0","23.51","23.36","0.0","45.1","43.3","55.9","1.3","3.8","4.9","0.0","0.0","0.0","8.2","7.5","2.3"
"20230409","대전","유성구","10.1","18.6","2.0","18.2","11.9","18.2","6.2","0.0","0.0","2.7","12.1","11.2","7.1","25.69","23.0","0.0","47.0","39.8","56.5","0.8","0.3","4.8","0.0","0.0","0.0","9.2","9.6","2.2"
"20230408","대전","유성구","8.6","16.0","1.7","13.9","11.7","18.0","5.8","0.0","0.0","2.9","11.6","12.0","6.8","24.68","25.09","0.0","44.4","35.1","56.9","0.9","0.0","5.1","0.0","0.0","0.0","13.0","8.1","2.2"
"20230407","대전","유성구","9.0","15.9","3.2","11.9","11.5","18.0","5.4","0.3","0.7","2.7","10.6","8.5","7.1","23.01","21.23","0.0","60.0","47.9","55.8","2.1","3.8","4.7","0.0","0.0","0.0","9.9","9.2","2.2"
"20230406","대전","유성구","8.7","10.1","7.1","12.5","11.2","17.8","5.0","4.2","0.0","2.2","0.0","11.1","7.3","2.57","23.47","0.0","88.5","36.8","55.5","10.0","1.3","4.5","0.0","0.0","0.0","8.6","7.6","2.1"
"20230405","대전","유성구","12.1","16.0","7.9","10.3","10.8","17.4","4.8","18.5","0.0","2.2","0.0","6.8","7.3","3.56","18.65","0.0","91.0","38.6","56.0","10.0","6.1","4.4","0.0","0.0","0.0","9.0","7.9","2.1"
"20230404","대전","유성구","15.2","22.3","11.1","10.8","10.6","17.1","4.3","7.6","0.0","2.2","3.7","11.8","7.4","13.96","24.35","0.0","50.9","41.8","55.2","8.6","0.0","4.3","0.0","0.0","0.0","8.7","9.1","2.1"
"20230403","대전","유성구","16.8","23.3","8.7","9.6","10.3","17.0","4.1","0.0","0.0","2.2","11.1","11.8","7.6","23.32","24.46","0.0","25.8","45.0","54.3","2.8","0.0","4.0","0.0","0.0","0.0","13.7","7.1","2.1"
"20230402","대전","유성구","16.9","22.8","9.6","8.1","10.0","16.5","4.0","0.0","0.0","2.0","11.6","11.5","7.4","23.72","24.71","0.0","26.8","47.3","55.3","0.0","0.0","4.1","0.0","0.0","0.0","11.2","9.2","2.1"
"20230401","대전","유성구","16.8","26.0","6.4","9.7","9.8","16.2","3.9","0.0","0.0","1.9","11.3","10.5","7.1","22.78","22.55","0.0","30.9","47.4","56.2","0.0","4.0","4.2","0.0","0.0","0.0","6.5","7.1","2.0"
"20230331","대전","유성구","14.7","24.0","4.9","11.4","9.6","15.9","3.7","0.0","0.0","1.9","11.5","0.1","6.9","22.7","8.62","0.0","31.0","69.4","56.5","0.0","9.3","4.5","0.0","0.0","0.0","5.8","7.9","2.0"
"20230330","대전","유성구","14.2","23.1","4.4","12.4","9.4","15.8","3.5","0.0","0.2","1.7","9.6","2.1","6.9","20.56","9.16","0.0","30.3","69.0","56.5","4.0","7.5","4.5","0.0","0.0","0.0","6.6","8.7","1.9"
"20230329","대전","유성구","11.8","21.5","1.8","10.7","9.2","15.6","3.3","0.0","0.0","1.3","11.1","11.5","7.0","22.34","23.51","0.0","43.5","49.8","56.5","1.1","0.0","4.4","0.0","0.0","0.0","7.4","6.7","2.0"
"20230328","대전","유성구","8.7","16.9","0.6","7.7","9.0","15.3","3.1","0.0","0.0","1.2","8.4","11.0","7.1","17.37","23.0","0.0","47.1","44.1","56.3","1.9","1.5","4.3","0.0","0.0","0.0","6.6","6.9","2.0"
"20230327","대전","유성구","7.4","15.5","-0.3","8.4","8.6","14.9","2.8","0.0","0.0","1.1","11.2","11.1","7.2","23.38","21.32","0.0","35.5","53.3","56.4","0.0","2.3","4.3","0.0","0.0","0.0","6.5","13.2","2.0"
"20230326","대전","유성구","9.7","16.8","4.2","11.0","8.1","14.3","2.4","0.0","13.7","1.2","10.8","0.0","7.2","22.34","3.45","0.0","36.0","89.6","56.9","1.8","8.3","4.3","0.0","0.0","0.0","11.3","11.5","2.0"
"20230325","대전","유성구","10.8","13.1","9.1","12.6","7.8","13.9","2.2","0.0","9.1","1.5","0.0","2.4","7.2","5.55","13.32","0.0","65.5","66.6","56.8","8.6","9.5","4.2","0.0","0.0","0.0","8.4","8.4","2.0"
"20230324","대전","유성구","12.4","18.1","7.0","8.7","7.5","13.5","2.2","0.0","0.0","1.5","5.7","5.0","7.1","16.11","15.16","0.0","55.0","61.4","57.0","6.6","5.5","4.4","0.0","0.0","0.0","7.5","6.7","2.1"
"20230323","대전","유성구","15.0","20.8","11.9","5.8","7.5","13.5","2.2","11.4","0.0","1.7","1.4","0.7","6.9","7.78","7.82","0.0","77.0","60.3","56.6","8.0","6.3","4.6","0.0","0.0","0.0","6.5","6.4","2.1"
"20230322","대전","유성구","17.0","25.8","6.9","6.9","7.6","13.7","2.2","0.0","0.0","1.9","7.2","9.5","6.7","18.32","20.33","0.0","44.9","44.3","56.3","5.3","4.6","4.6","0.0","0.0","0.0","6.9","8.6","2.2"
"20230321","대전","유성구","14.0","23.8","3.7","5.8","7.9","14.1","2.3","0.0","0.0","1.9","10.8","8.7","6.8","22.02","17.26","0.0","32.5","48.6","56.1","1.3","7.9","4.5","0.0","0.0","0.0","4.8","7.5","2.2"
"20230320","대전","유성구","10.6","19.6","1.8","5.1","8.0","14.1","2.3","0.0","0.0","2.1","10.1","2.1","6.6","20.84","10.64","0.0","37.8","68.9","57.0","4.3","8.4","4.6","0.0","0.0","0.0","6.7","7.1","2.1"
"20230319","대전","유성구","8.7","17.1","0.3","4.1","7.9","14.3","2.0","0.0","12.9","2.1","11.1","0.2","6.7","21.24","3.93","0.0","41.4","82.8","57.2","0.3","9.4","4.5","0.0","0.0","0.0","7.5","10.2","2.1"
"20230318","대전","유성구","9.3","16.6","4.9","6.4","7.7","13.9","1.9","0.0","3.9","2.0","9.4","0.0","6.5","19.11","4.57","0.0","32.0","76.0","58.1","4.3","9.8","4.6","0.0","0.0","0.0","10.7","12.2","2.1"
"20230317","대전","유성구","7.3","12.4","2.1","9.1","7.4","13.6","1.7","0.0","5.8","2.3","0.9","0.0","6.6","9.24","3.09","0.0","35.4","79.1","58.7","8.9","10.0","4.7","0.0","0.0","0.0","5.1","8.2","2.1"
"20230316","대전","유성구","6.1","12.3","0.9","11.3","7.0","13.2","1.3","0.0","0.0","2.1","7.4","8.4","6.4","16.92","18.24","0.0","24.4","58.0","59.0","6.6","4.1","4.7","0.0","0.0","0.0","8.4","6.1","2.0"
"20230315","대전","유성구","11.5","19.6","3.2","9.4","6.6","12.9","0.8","0.0","0.0","1.7","8.1","8.6","6.7","17.64","18.95","0.0","56.4","65.1","58.2","3.6","4.4","4.5","0.0","0.0","0.0","11.2","5.6","2.0"
"20230314","대전","유성구","9.4","18.1","-0.1","11.3","6.3","12.6","0.5","0.0","3.2","1.7","11.0","0.2","6.7","21.17","2.98","0.0","38.4","85.8","57.2","1.1","8.6","4.4","0.0","0.0","0.0","8.3","9.5","2.0"
"20230313","대전","유성구","3.5","9.7","-2.3","14.4","5.9","12.2","0.0","0.0","24.6","1.3","10.9","0.0","6.9","21.29","1.5","0.0","31.6","88.3","56.1","2.1","9.9","4.2","0.0","0.0","0.0","9.6","7.8","1.9"
"20230312","대전","유성구","6.8","14.4","0.3","15.3","5.5","11.7","-0.2","12.4","0.0","1.1","0.3","2.8","6.8","2.11","11.74","0.0","62.1","64.1","56.1","7.1","7.1","4.2","0.0","0.0","0.0","11.0","7.6","2.0"
"20230311","대전","유성구","16.4","25.1","7.5","11.0","5.3","11.5","-0.5","0.0","0.0","1.0","8.8","1.0","6.8","17.26","8.96","0.0","33.0","55.1","55.9","4.8","6.9","4.3","0.0","0.0","0.0","7.7","4.5","2.0"
"20230310","대전","유성구","14.3","24.2","4.2","9.6","5.0","11.1","-0.6","0.0","0.0","1.1","9.8","8.0","6.7","17.68","14.65","0.0","48.4","39.9","56.5","0.0","4.9","4.4","0.0","0.0","0.0","7.6","6.5","2.0"
"20230309","대전","유성구","13.9","20.2","9.1","7.8","4.8","10.6","-0.5","0.0","0.0","1.2","8.6","8.2","6.5","17.08","18.31","0.0","57.3","51.9","58.0","1.8","1.1","4.5","0.0","0.0","0.0","8.7","5.5","2.1"
"20230308","대전","유성구","14.5","21.2","7.8","6.1","4.8","10.5","-0.4","0.0","0.0","1.5","9.9","10.4","6.3","17.91","18.36","0.0","34.9","48.9","59.5","0.6","1.9","4.6","0.0","0.0","0.0","9.8","6.2","2.1"
"20230307","대전","유성구","11.9","21.1","3.4","4.3","4.7","10.5","-0.5","0.0","0.0","2.3","9.3","9.7","6.2","16.42","17.93","0.0","41.6","36.3","60.6","1.4","4.5","4.7","0.0","0.0","0.0","12.8","7.9","2.0"
"20230306","대전","유성구","8.3","17.5","-0.5","2.2","4.7","10.3","-0.4","0.0","0.0","2.6","10.5","10.8","6.1","19.25","20.91","0.0","38.6","32.3","61.1","0.3","0.5","4.7","0.0","0.0","0.0","8.1","9.6","2.0"
"20230305","대전","유성구","7.9","17.2","-0.6","3.9","4.6","10.3","-0.4","0.0","0.0","2.4","9.7","10.7","6.2","17.31","20.12","0.0","41.0","36.0","61.3","0.1","0.3","4.6","0.0","0.0","0.0","5.4","16.2","2.0"
"20230304","대전","유성구","6.4","14.2","-0.5","8.6","4.5","10.3","-0.8","0.0","0.0","2.2","6.5","6.8","6.3","12.48","15.04","0.0","53.3","48.6","61.0","4.4","4.9","4.6","0.0","0.0","0.0","5.6","12.9","1.9"
"20230303","대전","유성구","4.2","13.3","-4.1","7.0","4.3","10.2","-0.9","0.0","0.0","2.2","10.6","10.4","6.4","18.59","18.78","0.0","45.9","49.5","60.6","0.3","0.0","4.5","0.0","0.0","0.0","6.9","8.5","1.9"
"20230302","대전","유성구","2.3","7.7","-1.6","3.8","4.2","10.0","-0.9","0.0","0.0","1.7","10.6","10.7","6.3","19.5","18.95","0.0","25.9","52.9","60.4","0.0","0.0","4.7","0.0","0.0","0.0","10.0","8.1","1.9"
"20230301","대전","유성구","6.6","11.6","2.1","6.7","4.0","9.8","-1.1","0.0","0.6","1.8","2.2","1.8","6.3","9.38","8.76","0.0","52.5","64.9","60.1","5.4","6.1","4.6","0.0","0.0","0.0","12.7","10.6","1.8"
"20230228","대전","유성구","5.8","13.9","-3.1","6.9","3.9","9.6","-1.1","0.0","0.0","1.7","10.5","8.2","6.2","18.94","14.49","0.0","54.3","44.3","60.1","2.4","6.4","4.7","0.0","0.0","0.0","9.3","5.0","1.8"
"20230227","대전","유성구","4.4","14.7","-4.4","5.0","4.0","9.6","-1.0","0.0","0.0","2.5","10.5","10.4","5.9","18.96","18.87","0.0","38.5","46.9","60.3","0.0","0.0","4.9","0.0","0.0","0.0","6.1","10.3","1.8"
"20230226","대전","유성구","1.9","11.0","-5.8","6.8","3.8","9.5","-1.4","0.0","1.4","2.3","10.5","8.1","6.0","18.7","15.23","0.0","37.0","62.1","59.7","0.0","3.4","4.7","0.0","0.0","0.0","6.3","12.6","1.7"
"20230225","대전","유성구","0.7","7.0","-3.1","2.9","3.4","9.3","-1.8","0.0","0.0","1.8","10.2","7.6","6.6","18.25","14.68","0.0","41.5","63.1","58.7","0.0","1.5","4.3","0.0","0.0","0.0","9.7","7.6","1.7"
"20230224","대전","유성구","2.9","10.6","-1.5","-1.6","3.2","9.0","-2.1","0.0","0.0","1.8","7.2","10.4","6.3","14.68","18.53","0.0","49.3","41.9","59.6","1.9","0.0","4.4","0.0","0.0","0.0","12.9","10.5","1.8"
"20230223","대전","유성구","3.4","10.1","-2.7","-4.1","2.9","8.7","-2.4","0.0","0.0","2.1","9.2","9.8","6.4","15.96","17.32","0.0","48.4","34.9","59.1","4.6","2.6","4.2","0.0","0.0","0.0","6.8","9.4","1.8"
"20230222","대전","유성구","2.1","9.4","-6.3","-2.2","2.6","8.5","-2.9","0.0","0.0","1.4","8.3","8.8","6.8","15.75","16.12","0.0","48.9","44.9","58.7","4.9","3.0","3.8","0.0","0.0","0.0","8.7","11.5","1.9"
"20230221","대전","유성구","-1.1","5.1","-6.2","-0.7","2.3","8.2","-3.0","0.0","0.0","1.5","10.2","7.1","6.8","17.83","13.57","0.0","35.6","50.3","58.8","0.8","3.0","3.8","0.0","0.0","0.0","6.5","11.7","1.9"
"20230220","대전","유성구","-0.1","5.8","-3.8","-3.2","2.0","7.9","-3.3","0.0","0.0","1.4","7.3","10.0","6.5","15.94","18.04","0.0","43.4","40.9","58.3","1.1","1.4","3.9","0.0","0.0","0.0","14.6","12.3","1.8"
"20230219","대전","유성구","3.6","8.3","-1.1","0.5","1.7","7.4","-3.5","0.5","0.0","1.0","5.2","2.6","6.8","11.47","9.34","0.0","59.6","45.1","57.2","4.8","8.9","3.7","0.0","0.0","0.0","11.9","12.2","1.8"
"20230218","대전","유성구","6.4","9.0","4.6","-0.9","1.5","7.2","-3.6","0.8","0.0","1.2","0.0","9.6","6.7","2.18","16.87","0.0","55.6","39.4","57.6","9.4","5.0","3.8","0.0","0.0","0.0","4.2","4.5","1.8"
"20230217","대전","유성구","4.2","11.6","-2.2","-5.5","1.4","6.9","-3.5","0.0","0.0","1.2","5.5","9.8","6.3","12.72","16.93","0.0","51.0","43.9","57.6","6.6","0.8","4.1","0.0","0.0","0.0","4.3","9.9","1.8"
"20230216","대전","유성구","2.7","6.7","-1.2","-5.6","1.5","7.0","-3.4","0.0","0.0","1.1","1.3","6.9","6.2","6.01","13.5","0.0","63.6","55.3","58.3","5.4","3.3","4.3","0.0","0.0","0.0","7.3","14.6","1.8"
"20230215","대전","유성구","3.4","8.3","-1.6","-2.3","1.5","7.1","-3.3","0.0","0.0","1.4","3.9","2.4","6.1","11.37","9.49","0.0","55.6","53.5","59.2","6.8","6.0","4.3","0.0","0.0","0.0","8.2","12.4","1.8"
"20230214","대전","유성구","2.4","8.6","-1.7","4.1","1.5","7.0","-3.3","0.0","0.0","1.7","9.4","7.6","6.1","15.42","13.23","0.0","53.0","55.5","59.5","2.9","5.5","4.3","0.0","0.0","0.0","8.7","12.3","1.8"
"20230213","대전","유성구","6.3","10.3","3.5","5.0","1.4","7.0","-3.4","0.0","0.0","1.4","0.4","4.4","6.0","6.84","10.63","0.0","62.3","48.3","59.7","8.1","4.6","4.4","0.0","0.0","0.0","5.5","6.5","1.8"
"20230212","대전","유성구","1.9","5.2","-2.3","4.3","1.1","6.6","-3.7","0.0","0.0","1.2","0.0","9.4","6.0","5.7","14.64","0.0","79.3","44.8","60.7","9.4","3.3","4.3","0.0","0.0","0.0","5.9","5.4","1.7"
"20230211","대전","유성구","0.9","5.6","-2.5","2.8","0.6","5.9","-4.0","0.0","0.0","1.2","0.2","9.5","6.0","6.29","14.67","0.0","83.6","45.9","61.1","4.8","2.8","4.3","0.0","0.0","0.0","3.6","7.6","1.7"
"20230210","대전","유성구","2.9","7.5","-0.4","2.9","0.2","5.3","-4.3","3.0","0.0","1.2","0.5","9.2","5.8","5.08","14.88","0.0","83.1","39.6","61.4","6.4","2.1","4.4","0.0","0.0","0.0","5.6","11.5","1.7"
"20230209","대전","유성구","3.5","11.7","-4.3","1.5","0.1","5.3","-4.6","1.1","0.0","0.9","6.0","8.4","5.7","11.09","13.6","0.0","54.4","45.4","62.3","6.6","5.4","4.4","0.0","0.0","0.0","11.2","4.3","1.7"
"20230208","대전","유성구","1.8","9.8","-3.7","-0.1","0.1","5.3","-4.6","0.0","0.0","0.8","9.1","6.8","5.8","14.08","11.87","0.0","53.4","47.9","62.9","0.6","2.4","4.5","0.0","0.0","0.0","7.3","6.5","1.7"
"20230207","대전","유성구","2.9","11.2","-3.0","-2.1","-0.1","5.3","-4.9","0.0","0.0","0.7","5.5","4.1","5.9","11.42","9.62","0.0","52.5","47.3","62.3","2.4","5.3","4.3","0.0","0.0","0.0","5.8","7.5","1.6"
"20230206","대전","유성구","2.1","10.9","-4.9","-3.0","-0.1","5.4","-5.0","0.0","0.0","0.7","6.2","5.4","6.0","11.59","10.73","0.0","52.8","61.9","62.1","4.1","1.5","4.1","0.0","0.0","0.0","4.7","9.7","1.6"
"20230205","대전","유성구","0.7","8.6","-6.1","-4.9","-0.3","5.4","-5.3","0.0","0.0","0.6","9.4","6.1","6.3","13.9","11.3","0.0","57.6","59.6","62.5","0.0","2.9","3.9","0.0","0.0","0.0","4.8","12.9","1.5"
"20230204","대전","유성구","-0.6","6.6","-6.4","-2.4","-0.6","5.0","-5.5","0.0","0.0","0.6","9.1","6.1","6.6","13.36","12.42","0.0","53.8","53.0","61.9","0.1","7.5","3.5","0.0","0.0","0.0","7.9","12.8","1.5"
"20230203","대전","유성구","-0.8","5.6","-3.9","-1.7","-0.9","4.7","-5.8","0.0","0.0","0.8","6.4","9.4","6.5","12.05","14.7","0.0","41.4","44.1","61.6","4.5","1.4","3.3","0.0","0.0","0.0","7.8","10.0","1.5"
"20230202","대전","유성구","-1.5","4.0","-4.9","-0.2","-0.9","4.7","-5.8","0.0","0.0","0.9","6.6","7.8","6.4","11.35","13.39","0.0","42.8","44.9","62.5","5.9","4.9","3.4","0.0","0.0","0.0","7.4","9.9","1.5"
"20230201","대전","유성구","3.1","8.3","-3.3","0.4","-0.9","4.6","-5.8","0.0","0.0","0.8","8.7","1.5","6.4","12.7","5.82","0.0","53.9","64.5","62.3","2.8","7.4","3.5","0.0","0.1","0.0","11.8","11.2","1.6"
"20230131","대전","유성구","2.3","10.5","-6.7","-0.5","-0.8","4.7","-5.7","0.0","0.3","0.6","8.9","9.4","6.2","13.1","13.68","0.0","54.8","54.4","62.1","0.9","1.5","3.7","0.0","0.4","0.0","9.6","6.3","1.6"
"20230130","대전","유성구","-0.4","5.5","-5.0","-2.0","-0.7","4.7","-5.5","0.0","0.0","0.6","9.4","9.1","6.0","14.24","12.68","0.0","42.8","44.3","62.0","0.0","2.1","3.9","0.0","0.0","0.0","11.1","8.2","1.6"
"20230129","대전","유성구","-1.1","5.3","-8.5","-2.0","-0.8","4.6","-5.6","0.0","0.0","0.5","6.2","8.9","5.9","12.58","13.74","0.0","63.4","45.1","62.6","3.4","3.4","3.9","0.0","0.0","0.0","10.1","9.3","1.6"
"20230128","대전","유성구","-5.8","0.4","-11.9","-1.0","-0.8","4.4","-5.5","0.0","0.0","0.5","8.4","9.1","5.9","11.73","13.65","0.0","60.4","49.3","62.9","1.8","2.8","3.9","0.0","0.0","0.0","7.3","9.3","1.6"
"20230127","대전","유성구","-6.0","-2.1","-9.3","0.3","-1.0","4.2","-5.8","0.0","0.0","0.5","8.5","8.9","5.9","13.65","12.45","0.0","55.1","49.9","63.3","0.9","2.6","3.9","0.0","0.0","0.0","14.8","6.9","1.6"
"20230126","대전","유성구","-5.8","-3.1","-11.2","2.7","-1.3","3.9","-6.1","0.7","0.0","0.5","0.8","3.3","6.1","2.81","7.97","0.0","70.1","56.5","63.5","8.4","7.4","3.8","0.6","0.0","0.0","4.7","7.9","1.6"
"20230125","대전","유성구","-11.4","-4.7","-17.7","3.4","-1.5","3.6","-6.1","0.0","0.2","0.5","9.3","0.0","6.0","14.04","1.27","0.0","42.9","76.0","64.4","0.0","8.0","3.9","0.1","0.0","0.0","6.1","5.4","1.6"
"20230124","대전","유성구","-10.9","-2.9","-14.5","4.1","-1.4","3.4","-5.8","0.0","0.0","0.6","6.4","5.7","5.7","11.25","10.13","0.0","50.8","55.6","65.2","4.5","4.9","4.2","0.0","0.0","0.0","15.8","10.7","1.6"
"20230123","대전","유성구","0.6","8.4","-3.8","4.6","-1.5","3.3","-5.8","0.0","0.0","0.9","6.8","2.3","5.6","10.85","7.35","0.0","61.5","50.5","65.5","5.5","5.3","4.4","0.0","0.0","0.0","11.2","5.0","1.5"
"20230122","대전","유성구","-0.5","3.8","-3.9","3.6","-1.3","3.5","-5.4","0.0","0.0","1.1","0.0","2.1","5.4","5.25","7.13","0.0","58.1","47.1","65.6","8.6","8.4","4.6","0.0","0.0","0.0","3.5","3.4","1.5"
"20230121","대전","유성구","-3.3","2.7","-8.9","-1.9","-1.0","3.7","-5.1","0.0","0.0","1.1","9.1","9.0","5.3","13.14","12.91","0.0","51.0","50.6","65.6","1.5","1.3","4.8","0.0","0.0","0.0","6.1","4.1","1.5"
"20230120","대전","유성구","-1.0","3.8","-6.7","-4.0","-0.9","3.9","-5.1","0.2","0.0","1.2","7.1","8.9","5.3","11.97","12.28","0.0","43.1","56.5","65.4","1.5","0.0","4.8","0.0","0.0","0.0","12.4","6.7","1.5"
"20230119","대전","유성구","0.6","6.1","-5.1","-3.2","-0.8","4.2","-5.1","0.0","0.0","1.1","7.7","4.6","5.2","11.46","8.13","0.0","56.3","59.6","65.4","3.9","5.0","4.7","0.0","0.1","0.0","8.1","9.2","1.5"
"20230118","대전","유성구","-0.8","4.0","-3.6","-4.4","-0.7","4.3","-5.0","0.0","0.0","0.9","4.3","9.0","5.1","8.3","12.66","0.0","61.6","40.5","65.4","4.8","0.0","4.7","0.1","0.0","0.0","7.6","6.5","1.4"
"20230117","대전","유성구","-2.4","2.8","-6.9","-3.1","-0.9","4.3","-5.4","0.0","0.0","1.0","6.1","4.1","5.2","10.48","8.59","0.0","55.1","59.3","65.5","5.9","4.5","4.5","0.0","0.4","0.0","7.1","11.7","1.4"
"20230116","대전","유성구","-3.1","1.2","-6.3","0.7","-1.0","4.1","-5.4","0.0","0.0","1.1","7.7","8.1","5.1","12.1","12.05","0.0","58.5","53.0","65.7","3.8","2.8","4.5","0.0","0.0","0.0","8.0","11.0","1.4"
"20230115","대전","유성구","0.4","5.8","-3.2","0.6","-1.1","3.9","-5.3","0.5","0.0","1.0","0.0","4.3","4.9","1.12","8.88","0.0","81.0","45.0","66.2","8.6","8.0","4.6","0.0","0.0","0.0","7.5","4.6","1.4"
"20230114","대전","유성구","7.3","9.0","5.6","-4.0","-1.1","3.9","-5.4","2.6","0.0","0.9","0.0","8.8","5.1","1.15","12.36","0.0","93.0","46.0","65.8","9.6","1.3","4.6","0.0","0.0","0.0","5.6","6.6","1.4"
"20230113","대전","유성구","9.0","12.8","5.1","-4.5","-1.3","3.7","-5.6","21.6","0.4","1.0","0.0","7.2","5.3","2.23","11.24","0.0","94.4","51.9","65.7","8.9","2.9","4.5","0.0","1.0","0.0","6.1","13.9","1.4"
"20230112","대전","유성구","5.1","15.6","-3.5","-5.1","-1.2","3.6","-5.4","0.0","0.0","0.5","8.8","8.8","5.2","11.42","11.94","0.0","52.6","49.4","65.8","2.4","1.1","4.4","0.0","0.0","0.0","4.5","8.7","1.5"
"20230111","대전","유성구","2.2","11.3","-4.0","-3.8","-1.2","3.7","-5.5","0.0","0.3","0.5","8.6","7.8","5.1","11.09","11.46","0.0","55.0","55.5","66.3","0.0","4.8","4.4","0.0","0.4","0.0","3.3","11.7","1.5"
"20230110","대전","유성구","1.2","10.4","-5.4","0.7","-1.2","3.8","-5.5","0.0","0.0","0.6","8.6","5.4","5.3","11.86","8.6","0.0","55.8","62.9","66.8","1.9","6.6","4.4","0.0","0.0","0.0","4.7","6.4","1.5"
"20230109","대전","유성구","1.9","9.6","-2.2","2.5","-1.2","3.7","-5.5","0.0","0.0","1.2","3.3","6.1","5.2","6.14","8.14","0.0","62.5","63.5","67.1","4.4","5.1","4.4","0.0","0.0","0.0","8.9","4.9","1.5"
"20230108","대전","유성구","1.2","8.6","-4.5","0.7","-1.0","3.9","-5.4","0.0","0.0","1.3","8.1","8.4","5.1","10.82","10.6","0.0","62.4","56.5","67.2","0.5","3.0","4.5","0.0","0.0","0.0","3.3","8.3","1.5"
"20230107","대전","유성구","2.6","6.9","-2.1","-1.5","-1.0","3.9","-5.5","0.7","0.0","1.4","6.0","8.7","5.1","8.82","11.28","0.0","62.1","50.8","66.9","3.1","0.0","4.6","0.0","0.0","0.0","12.3","3.7","1.5"
"20230106","대전","유성구","1.1","7.7","-4.1","-0.7","-1.1","4.0","-5.5","2.1","0.0","1.4","6.4","8.7","5.3","9.18","11.29","0.0","72.4","48.4","65.9","4.4","0.0","4.4","0.0","0.0","0.0","6.6","8.0","1.5"
"20230105","대전","유성구","-1.1","5.6","-5.6","-1.4","-0.9","4.3","-5.5","0.0","0.0","1.2","5.4","0.4","5.4","8.37","5.52","0.0","66.1","53.1","65.3","3.8","9.4","4.3","0.0","0.0","0.0","5.3","3.3","1.5"
"20230104","대전","유성구","-1.5","5.5","-7.1","0.1","-0.8","4.5","-5.4","0.0","0.0","0.6","6.8","8.7","5.4","9.88","11.35","0.0","53.3","48.5","65.2","1.4","1.4","4.2","0.0","0.0","0.0","9.8","7.5","1.5"
"20230103","대전","유성구","-3.5","3.4","-9.0","-1.7","-0.8","4.5","-5.5","0.0","0.0","0.5","8.8","8.5","5.5","11.56","10.56","0.0","55.0","63.6","65.6","0.0","2.6","4.2","0.0","0.0","0.0","7.2","6.8","1.5"
"20230102","대전","유성구","-3.0","2.4","-6.5","-1.2","-0.8","4.5","-5.4","0.0","0.0","0.4","8.5","5.2","5.5","11.46","7.68","0.0","40.6","58.5","66.0","1.0","3.9","3.9","0.0","0.0","0.0","7.2","9.1","1.5"
"20230101","대전","유성구","-0.8","7.0","-5.2","-4.4","-0.8","4.6","-5.5","0.0","0.0","0.4","6.5","8.6","5.3","9.63","10.74","0.0","54.1","54.5","67.1","2.3","2.9","4.1","0.0","0.0","0.0","9.0","4.7","1.5"
"20221231","대전","유성구","-1.1","4.3","-4.8","-5.0","-0.9","4.4","-5.5","0.0","0.0","0.5","1.6","8.7","5.3","5.53","11.56","0.0","65.8","51.6","67.4","4.0","0.0","4.1","0.0","0.0","0.0","5.2","10.2","1.5"
"20221230","대전","유성구","-1.1","3.2","-3.7","-1.4","-1.0","4.2","-5.6","0.0","0.5","0.5","1.0","5.2","5.3","5.45","7.11","0.0","67.3","59.8","67.2","6.8","5.5","4.1","0.1","2.3","0.0","5.0","10.6","1.4"
"20221229","대전","유성구","-3.2","2.3","-8.0","2.4","-1.0","4.2","-5.6","0.0","0.0","0.5","6.0","2.2","5.5","9.14","5.26","0.0","61.8","70.8","66.3","3.1","6.5","3.8","0.0","0.0","0.0","6.3","11.3","1.4"
"20221228","대전","유성구","-2.3","2.8","-4.9","-0.5","-0.9","4.4","-5.4","0.0","0.0","0.6","4.9","0.2","5.5","8.25","3.65","0.0","65.6","83.4","65.9","2.4","6.5","3.8","0.0","0.0","0.0","8.2","2.5","1.4"
"20221227","대전","유성구","-2.3","4.9","-8.4","-4.4","-0.6","4.6","-5.0","0.0","0.0","0.7","8.5","6.4","5.6","11.2","9.16","0.0","67.5","59.6","66.0","1.4","5.1","3.7","0.0","0.0","0.0","4.1","6.3","1.4"
"20221226","대전","유성구","-3.6","1.7","-8.4","-9.5","-0.3","4.9","-4.7","0.0","0.0","0.8","6.1","8.6","5.5","8.18","11.27","0.0","68.9","53.9","66.5","2.5","0.3","3.8","0.0","0.0","0.0","2.9","8.9","1.4"
"20221225","대전","유성구","-4.8","2.8","-11.0","-7.1","0.2","5.4","-4.2","0.0","0.0","0.8","8.5","8.4","5.4","11.09","11.26","0.0","65.0","53.1","67.3","0.9","2.4","3.8","0.0","0.0","0.0","8.5","11.0","1.5"
"20221224","대전","유성구","-8.7","-3.2","-13.5","1.8","0.7","6.0","-3.7","0.0","0.0","0.8","8.6","2.3","5.2","11.11","5.76","0.0","56.5","67.9","68.5","0.8","7.1","4.2","0.0","0.0","0.0","4.9","10.9","1.5"
"20221223","대전","유성구","-8.0","-4.5","-10.8","2.7","1.1","6.3","-3.4","0.1","0.0","0.8","4.1","8.3","5.1","7.98","9.39","0.0","62.8","61.1","69.6","7.8","0.9","4.3","2.0","0.0","0.0","14.1","4.8","1.4"
"20221222","대전","유성구","-5.1","-0.2","-9.5","2.9","1.2","6.5","-3.3","1.1","0.0","0.8","2.1","8.6","5.1","6.28","10.34","0.0","73.4","55.5","70.1","7.4","0.0","4.4","3.3","0.0","0.0","11.5","4.0","1.4"
"20221221","대전","유성구","0.2","1.8","-2.1","7.9","1.2","6.5","-3.4","5.8","0.0","0.6","0.0","7.2","5.2","1.03","8.47","0.0","89.3","72.9","69.7","9.1","2.6","4.4","0.2","0.0","0.0","6.6","5.8","1.3"
"20221220","대전","유성구","-2.3","4.3","-8.7","6.7","0.9","6.2","-3.7","0.0","0.0","0.5","8.4","3.8","5.3","10.95","5.55","0.0","62.6","72.9","69.1","3.0","4.9","4.3","0.0","0.0","0.0","3.8","7.6","1.3"
"20221219","대전","유성구","-5.5","0.6","-11.7","1.5","0.6","5.7","-3.8","0.0","0.4","0.7","8.1","8.5","5.2","10.6","10.42","0.0","57.1","72.5","68.7","1.9","2.0","4.3","0.0","0.8","0.0","5.0","8.6","1.3"
"20221218","대전","유성구","-8.4","-3.7","-11.4","-3.8","0.4","5.6","-4.0","0.0","0.1","0.6","8.2","7.9","5.2","10.72","10.57","0.0","51.3","66.4","68.2","2.1","3.6","4.4","0.0","0.7","0.0","7.1","6.3","1.3"
"20221217","대전","유성구","-6.0","-2.4","-9.8","-2.0","0.4","5.5","-4.0","0.9","0.0","0.6","2.4","6.9","5.3","6.28","8.7","0.0","62.1","60.9","67.1","3.9","6.1","4.2","2.6","0.1","0.0","10.2","12.4","1.4"
"20221216","대전","유성구","-4.3","-1.4","-7.1","6.7","0.5","5.5","-3.9","0.0","0.0","0.8","4.4","1.8","5.4","7.6","4.85","0.0","53.6","83.8","66.9","7.0","8.9","4.2","0.0","0.0","0.0","6.3","3.6","1.4"
"20221215","대전","유성구","-1.4","5.5","-9.2","8.3","0.7","5.8","-3.7","1.6","0.1","0.9","6.6","2.8","5.3","9.47","4.61","0.0","70.9","81.9","66.7","6.3","6.8","4.3","0.0","0.0","0.0","9.9","6.9","1.4"
"20221214","대전","유성구","-7.3","-2.5","-10.2","3.4","0.9","6.0","-3.7","0.0","0.0","0.7","7.2","0.0","5.5","10.36","0.0","0.0","62.6","69.3","66.2","0.8","8.3","4.2","0.3","0.0","0.0","11.3","6.5","1.4"
"20221213","대전","유성구","1.7","4.4","-2.7","-1.6","1.2","6.1","-3.3","4.9","0.0","0.7","0.2","8.8","5.4","3.68","11.29","0.0","75.3","52.5","65.9","6.6","0.0","4.2","3.5","0.0","0.0","13.7","6.5","1.5"
"20221212","대전","유성구","1.6","7.0","-4.1","3.9","1.4","6.4","-3.1","0.0","0.0","1.0","4.2","5.4","5.2","6.82","8.01","0.0","64.0","66.4","67.0","6.5","4.1","4.4","0.0","0.0","0.0","5.4","10.0","1.5"
"20221211","대전","유성구","1.8","8.9","-3.0","7.3","1.6","6.6","-2.9","0.0","0.0","1.0","8.5","2.3","5.2","10.41","5.91","0.0","52.8","86.6","67.0","0.9","8.9","4.3","0.0","0.0","0.0","6.8","5.0","1.5"
"20221210","대전","유성구","1.7","5.3","-2.1","6.6","1.8","6.8","-2.7","0.0","1.5","1.1","0.1","1.4","5.1","3.52","2.72","0.0","69.9","95.6","67.6","6.4","8.4","4.4","0.0","0.0","0.0","3.9","6.6","1.5"
"20221209","대전","유성구","4.0","12.5","-1.8","5.6","2.0","6.9","-2.3","0.0","0.0","1.3","6.3","3.8","4.8","7.89","6.56","0.0","66.9","81.3","68.7","2.0","6.0","4.7","0.0","0.0","0.0","6.8","3.4","1.4"
"20221208","대전","유성구","3.5","11.1","-1.7","5.6","2.0","6.9","-2.5","0.0","0.0","1.6","8.3","8.6","5.0","10.87","10.52","0.0","60.8","80.5","69.0","1.6","1.0","4.6","0.0","0.0","0.0","3.5","3.7","1.4"
"20221207","대전","유성구","4.4","9.0","0.4","5.4","1.9","6.9","-2.5","0.0","0.0","1.4","1.5","8.5","5.1","5.32","9.43","0.0","59.4","77.6","68.4","4.0","0.0","4.7","0.0","0.0","0.0","8.1","4.5","1.4"
"20221206","대전","유성구","0.8","6.7","-5.5","4.4","2.1","7.0","-2.4","0.3","0.0","1.8","4.0","4.4","5.0","5.9","6.75","0.0","65.6","78.9","69.3","6.9","4.4","4.8","0.0","0.0","0.0","8.8","2.6","1.4"
"20221205","대전","유성구","-2.2","3.6","-4.6","2.1","2.2","7.2","-2.3","0.0","0.0","1.9","6.2","6.2","5.1","9.97","9.89","0.0","33.0","78.9","69.1","4.3","1.3","4.8","0.0","0.0","0.0","9.0","3.3","1.4"
"20221204","대전","유성구","-1.4","3.8","-3.3","0.6","2.4","7.7","-2.2","0.0","0.1","1.8","0.8","2.3","5.3","5.25","2.96","0.0","38.0","74.8","68.8","8.1","2.4","4.5","0.0","0.0","0.0","10.7","6.6","1.4"
"20221203","대전","유성구","2.7","6.8","-2.3","4.5","2.9","8.3","-1.7","0.0","1.6","1.5","0.1","8.2","5.1","3.27","10.52","0.0","66.9","68.4","69.3","8.6","4.8","4.6","0.0","0.0","0.0","10.6","10.8","1.4"
"20221202","대전","유성구","-1.6","4.0","-6.1","2.6","3.4","9.0","-1.2","0.0","0.1","1.8","8.9","7.3","5.2","11.72","10.66","0.0","53.3","69.5","70.3","1.1","4.3","4.4","0.0","0.0","0.0","5.0","6.0","1.3"
"20221201","대전","유성구","-3.3","1.4","-7.4","0.9","3.9","9.5","-0.6","0.0","0.0","1.6","7.7","7.1","5.1","10.9","8.13","0.0","37.5","59.9","70.1","6.4","4.9","4.4","0.0","0.0","0.0","6.3","10.0","1.3"
"20221130","대전","유성구","-2.9","1.3","-5.5","6.1","4.3","9.9","-0.2","0.0","20.7","1.3","7.4","0.2","5.1","10.71","1.49","0.0","48.4","86.8","69.8","5.4","9.4","4.4","0.0","0.0","0.0","14.6","11.5","1.2"
"20221129","대전","유성구","8.5","12.3","1.3","6.3","4.5","10.0","0.1","6.7","0.0","1.7","0.0","6.6","4.9","4.23","9.07","0.0","62.0","73.0","70.1","9.3","3.3","4.6","0.0","0.0","0.0","12.5","3.6","1.3"
"20221128","대전","유성구","7.3","11.0","2.2","4.9","4.8","10.1","0.4","30.1","0.0","1.8","1.4","7.4","4.7","2.63","10.49","0.0","83.3","57.1","70.4","7.3","2.8","4.8","0.0","0.0","0.0","4.5","5.1","1.3"
"20221127","대전","유성구","6.0","14.8","-1.1","4.0","5.0","10.3","0.6","0.0","0.0","1.5","8.0","9.0","4.7","10.97","11.72","0.0","49.3","58.9","70.0","2.1","0.0","4.8","0.0","0.0","0.0","3.6","3.6","1.4"
"20221126","대전","유성구","9.3","15.0","1.8","5.4","5.2","10.6","0.7","0.0","0.0","1.6","7.9","8.7","4.7","10.34","11.44","0.0","53.3","62.5","70.2","1.4","0.4","4.9","0.0","0.0","0.0","8.9","5.9","1.4"
"20221125","대전","유성구","9.5","17.7","2.1","8.7","5.5","10.9","0.8","0.0","0.0","1.7","8.6","8.3","4.8","10.22","10.66","0.0","59.6","66.5","70.5","3.0","0.8","4.8","0.0","0.0","0.0","7.2","9.0","1.4"
"20221124","대전","유성구","7.8","15.4","3.3","6.1","5.7","11.2","0.8","0.0","0.0","1.3","5.1","8.6","5.0","9.18","10.72","0.0","62.8","66.0","69.8","3.4","3.1","4.6","0.0","0.0","0.0","4.1","7.4","1.4"
"20221123","대전","유성구","10.6","17.3","5.1","1.8","5.7","11.4","0.7","0.0","0.2","1.3","6.5","3.7","5.3","10.37","5.68","0.0","62.1","76.6","68.8","3.4","5.0","4.4","0.0","0.0","0.0","8.6","6.3","1.4"
"20221122","대전","유성구","10.8","14.3","8.1","5.3","5.7","11.4","0.7","0.2","3.6","1.3","0.0","4.7","5.5","3.86","7.37","0.0","80.0","78.8","68.0","9.5","7.1","4.4","0.0","0.0","0.0","3.5","12.0","1.4"
"20221121","대전","유성구","11.7","20.1","5.1","10.8","5.7","11.4","0.6","0.0","0.0","1.3","8.5","0.3","5.5","10.93","4.34","0.0","63.0","83.5","67.4","3.0","9.0","4.3","0.0","0.0","0.0","6.4","4.1","1.4"
"20221120","대전","유성구","12.4","19.6","8.5","11.8","5.7","11.3","0.7","0.0","0.0","1.3","3.6","5.0","5.6","9.38","8.3","0.0","63.0","83.1","66.7","4.5","5.1","4.3","0.0","0.0","0.0","4.9","3.5","1.5"
"20221119","대전","유성구","11.1","19.6","3.1","12.0","6.0","11.6","1.1","0.0","0.0","1.7","8.7","6.8","5.4","11.78","8.68","0.0","61.6","86.9","67.0","3.8","4.5","4.4","0.0","0.0","0.0","7.1","6.0","1.5"
"20221118","대전","유성구","9.1","19.1","2.3","10.3","6.3","11.9","1.5","0.0","0.0","1.8","9.0","6.3","5.4","12.49","8.57","0.0","61.3","82.0","66.8","0.0","4.5","4.4","0.0","0.0","0.0","4.9","6.0","1.5"
"20221117","대전","유성구","8.9","16.6","3.6","8.3","6.6","12.2","1.8","0.0","0.0","1.6","8.6","9.1","5.5","12.4","12.47","0.0","60.8","67.4","67.1","2.1","2.0","4.4","0.0","0.0","0.0","5.1","3.9","1.5"
"20221116","대전","유성구","8.9","15.1","4.4","8.7","7.1","12.7","2.4","1.3","0.0","1.3","7.1","8.8","5.6","11.0","11.61","0.0","67.9","68.1","67.1","4.1","0.0","4.3","0.0","0.0","0.0","7.3","5.2","1.5"
"20221115","대전","유성구","8.3","14.8","2.2","10.1","7.7","13.3","2.9","1.7","0.0","1.5","6.7","8.2","5.3","10.94","10.84","0.0","69.4","80.3","68.1","3.6","1.4","4.4","0.0","0.0","0.0","7.9","3.6","1.4"
"20221114","대전","유성구","9.5","14.3","5.5","10.2","8.1","13.8","3.3","0.0","0.0","1.6","1.6","8.6","5.5","6.15","10.43","0.0","73.0","75.3","68.1","5.8","2.1","4.2","0.0","0.0","0.0","6.6","7.0","1.4"
"20221113","대전","유성구","11.6","18.4","9.3","7.2","8.6","14.3","3.9","2.5","0.0","1.6","0.2","0.0","5.4","4.67","0.0","0.0","76.3","81.8","69.0","9.3","2.0","4.3","0.0","0.0","0.0","7.4","5.1","1.5"
"20221112","대전","유성구","16.6","25.3","8.4","5.7","9.1","14.7","4.5","3.3","0.6","1.8","4.9","6.0","5.2","10.71","7.79","0.0","72.0","80.4","69.4","6.3","4.8","4.6","0.0","0.0","0.0","12.0","6.1","1.6"
"20221111","대전","유성구","13.9","23.1","6.8","6.7","9.4","15.0","4.6","0.0","0.0","2.1","8.3","4.6","5.2","11.9","6.92","0.0","64.4","79.3","69.2","1.3","4.5","4.6","0.0","0.0","0.0","4.5","6.7","1.6"
"20221110","대전","유성구","11.7","19.9","4.7","5.9","9.7","15.2","5.0","0.0","3.0","2.4","8.8","0.5","5.2","12.09","3.17","0.0","67.5","93.5","68.8","1.9","7.8","4.7","0.0","0.0","0.0","4.5","5.5","1.7"
"20221109","대전","유성구","10.3","17.3","6.2","7.7","10.1","15.7","5.3","0.0","2.8","2.2","4.4","1.7","5.0","9.6","5.09","0.0","75.5","81.5","69.7","4.5","8.3","4.9","0.0","0.0","0.0","5.5","8.1","1.7"
"20221108","대전","유성구","12.0","19.9","6.3","10.3","10.4","16.2","5.5","0.0","10.3","2.3","7.4","1.2","5.1","12.8","3.1","0.0","64.0","81.3","70.2","4.3","9.8","4.8","0.0","0.0","0.0","4.0","9.1","1.6"
"20221107","대전","유성구","9.6","17.4","2.4","15.4","10.6","16.7","5.4","0.0","0.0","2.3","6.5","8.6","5.4","10.89","13.03","0.0","61.9","68.4","71.0","4.3","4.8","4.5","0.0","0.0","0.0","3.1","11.7","1.5"
"20221106","대전","유성구","8.0","16.6","0.9","13.9","10.7","17.1","5.3","0.0","0.0","1.9","9.0","9.2","5.8","13.76","12.92","0.0","65.1","72.3","71.2","1.8","0.8","4.2","0.0","0.0","0.0","7.5","7.6","1.4"
"20221105","대전","유성구","6.1","14.3","-1.4","13.0","10.7","17.4","5.1","0.0","0.0","1.2","9.6","6.5","6.1","15.08","10.57","0.0","54.0","77.6","71.4","0.0","2.6","3.7","0.0","0.0","0.0","7.0","7.1","1.3"
"20221104","대전","유성구","5.9","11.7","1.6","13.7","10.6","17.2","4.9","0.0","0.5","0.8","9.7","8.6","6.3","15.21","12.53","0.0","49.4","79.3","71.0","0.9","4.1","3.5","0.0","0.0","0.0","9.6","3.9","1.3"
"20221103","대전","유성구","9.4","16.7","3.8","11.2","10.4","17.0","4.8","0.0","0.0","0.7","1.9","8.9","6.5","8.58","13.26","0.0","60.3","79.0","70.6","6.5","2.8","3.4","0.0","0.0","0.0","6.8","4.5","1.3"
"20221102","대전","유성구","10.9","19.8","5.0","12.3","10.3","16.8","4.9","0.0","0.0","1.3","8.3","6.9","6.5","14.9","10.93","0.0","60.5","75.4","70.6","0.0","5.6","3.6","0.0","0.0","0.0","5.2","4.8","1.3"
"20221101","대전","유성구","12.5","19.4","8.1","13.4","10.4","16.7","5.1","0.0","0.0","1.4","6.2","7.0","6.4","11.37","10.54","0.0","73.5","79.0","70.4","3.8","4.1","3.7","0.0","0.0","0.0","5.8","6.3","1.4"
"20221031","대전","유성구","14.1","21.0","9.4","13.3","10.7","16.9","5.5","0.0","0.0","1.6","8.6","9.0","6.4","14.59","13.33","0.0","63.9","81.3","70.2","2.6","1.5","3.9","0.0","0.0","0.0","6.5","3.7","1.4"
"20221030","대전","유성구","13.9","21.5","7.8","12.4","11.0","17.2","5.8","0.0","0.0","1.8","9.0","1.3","6.4","14.77","7.49","0.0","65.3","81.0","70.5","0.4","5.5","4.1","0.0","0.0","0.0","5.7","2.5","1.4"
"20221029","대전","유성구","13.5","21.4","7.8","13.4","11.3","17.6","5.9","0.0","0.0","1.9","9.2","9.9","6.5","14.48","13.7","0.0","68.5","69.5","70.2","1.5","3.9","3.9","0.0","0.0","0.0","6.3","8.4","1.4"
"20221028","대전","유성구","13.2","21.2","7.5","11.4","11.5","17.9","6.3","0.0","0.0","1.3","6.7","10.0","6.7","13.16","15.57","0.0","69.1","69.6","69.4","2.5","0.0","3.7","0.0","0.0","0.0","4.2","5.1","1.4"
"20221027","대전","유성구","12.5","20.5","6.3","12.9","11.9","18.3","6.6","0.0","0.0","1.6","9.7","8.1","6.6","14.73","13.22","0.0","67.1","71.9","70.1","1.1","1.1","3.7","0.0","0.0","0.0","6.1","5.9","1.4"
"20221026","대전","유성구","11.1","18.7","4.0","11.8","12.3","18.6","7.0","0.0","0.0","1.5","8.2","9.5","6.6","14.24","13.86","0.0","63.9","79.4","70.6","4.5","4.4","3.6","0.0","0.0","0.0","4.1","4.0","1.4"
"20221025","대전","유성구","9.6","17.2","2.5","10.8","12.6","18.9","7.3","0.0","0.0","1.3","10.1","9.8","6.7","16.19","15.13","0.0","60.8","77.0","70.6","0.0","0.6","3.4","0.0","0.0","0.0","7.8","6.8","1.4"
"20221024","대전","유성구","9.7","15.9","5.6","11.3","13.0","19.3","7.8","0.0","0.0","1.7","8.0","9.7","6.6","15.58","15.67","0.0","55.4","75.1","71.0","1.1","2.6","3.7","0.0","0.0","0.0","10.2","4.3","1.5"
"20221023","대전","유성구","13.1","19.6","8.3","11.1","13.5","19.7","8.3","0.0","0.0","2.2","7.9","10.1","6.3","14.4","16.02","0.0","64.9","72.5","72.3","2.8","0.5","3.8","0.0","0.0","0.0","7.5","3.7","1.5"
"20221022","대전","유성구","14.4","22.0","8.3","10.0","13.8","20.1","8.6","0.0","0.0","2.0","9.7","10.0","6.5","16.29","15.36","0.0","70.8","73.8","72.4","0.8","0.3","3.7","0.0","0.0","0.0","6.7","7.0","1.4"
"20221021","대전","유성구","12.2","18.8","6.2","9.5","14.0","20.3","8.7","0.0","0.0","1.9","2.9","9.5","6.6","9.26","13.93","0.0","68.0","79.1","72.1","8.3","2.3","3.7","0.0","0.0","0.0","4.8","4.8","1.4"
"20221020","대전","유성구","11.0","19.8","3.2","9.3","14.2","20.5","8.8","0.0","0.0","1.8","10.2","10.3","6.7","17.34","16.49","0.0","65.6","74.5","71.9","2.1","0.8","3.6","0.0","0.0","0.0","4.7","4.0","1.4"
"20221019","대전","유성구","9.2","17.4","2.2","10.9","14.3","20.7","8.9","0.0","3.6","1.2","10.4","6.7","6.9","17.56","11.49","0.0","60.6","83.3","71.9","0.0","4.8","3.5","0.0","0.0","0.0","7.0","9.9","1.4"
"20221018","대전","유성구","8.8","15.4","4.1","9.6","14.3","20.7","8.9","0.0","0.0","0.8","10.4","10.5","6.9","18.04","16.91","0.0","56.5","70.0","71.3","0.0","2.0","3.5","0.0","0.0","0.0","8.1","4.3","1.3"
"20221017","대전","유성구","12.4","16.8","6.5","6.0","14.3","20.7","8.9","0.0","0.0","0.9","8.6","10.5","6.9","17.65","18.18","0.0","51.3","55.0","70.9","2.5","0.0","3.6","0.0","0.0","0.0","12.5","6.5","1.4"
"20221016","대전","유성구","17.7","23.3","14.6","12.2","14.4","20.8","9.1","0.0","4.8","1.0","1.8","0.3","6.8","10.5","6.95","0.0","76.4","68.0","71.2","8.6","9.5","3.6","0.0","0.0","0.0","8.6","9.0","1.3"
"20221015","대전","유성구","18.2","24.9","13.2","18.6","14.6","20.9","9.3","0.0","9.7","1.2","6.6","0.2","6.8","15.1","6.17","0.0","72.1","91.8","71.5","7.3","9.3","3.9","0.0","0.0","0.0","3.8","3.3","1.3"
"20221014","대전","유성구","15.9","23.1","10.4","19.9","14.8","21.1","9.6","0.0","0.0","1.6","6.2","10.3","6.6","15.57","16.2","0.0","74.5","79.0","71.5","6.5","2.0","3.9","0.0","0.0","0.0","5.0","5.1","1.3"
"20221013","대전","유성구","15.1","22.9","9.0","19.6","15.2","21.4","9.9","0.0","0.0","1.8","9.6","0.0","6.7","18.04","0.0","0.0","74.0","78.4","71.7","1.3","4.8","4.0","0.0","0.0","0.0","5.6","7.8","1.4"
"20221012","대전","유성구","13.0","21.7","5.6","16.2","15.6","21.7","10.4","0.0","0.5","2.0","9.5","0.0","6.6","18.2","2.68","0.0","73.6","90.1","72.3","2.3","9.8","4.2","0.0","0.0","0.0","7.2","7.2","1.4"
"20221011","대전","유성구","12.0","18.6","8.4","15.4","15.9","22.0","10.7","0.0","13.5","2.0","8.5","0.0","6.7","17.78","4.55","0.0","67.6","92.8","72.1","2.0","9.5","4.2","0.0","0.0","0.0","7.6","7.1","1.4"
"20221010","대전","유성구","10.9","14.0","8.6","22.9","16.2","22.3","11.0","1.4","5.1","2.1","4.2","7.2","6.9","11.9","14.08","0.0","66.1","83.4","72.0","8.1","6.6","4.0","0.0","0.0","0.0","11.6","7.2","1.4"
"20221009","대전","유성구","13.0","14.8","10.9","23.2","16.4","22.5","11.2","17.1","0.0","1.8","0.0","5.6","6.9","3.69","12.58","0.0","82.8","85.9","72.3","9.8","4.9","4.1","0.0","0.0","0.0","8.7","5.6","1.4"
"20221008","대전","유성구","15.8","22.0","9.7","20.3","16.6","22.7","11.4","0.0","0.0","1.9","10.3","0.1","7.0","18.69","4.13","0.0","61.5","95.1","72.1","2.1","9.6","4.0","0.0","0.0","0.0","10.4","3.1","1.4"
"20221007","대전","유성구","15.8","20.5","12.4","20.6","16.6","22.7","11.5","0.0","3.4","2.1","7.3","2.0","7.1","15.39","5.76","0.0","65.1","91.8","71.8","6.1","7.8","4.1","0.0","0.0","0.0","7.9","6.5","1.4"
"20221006","대전","유성구","16.5","21.4","14.0","22.6","16.7","22.7","11.8","0.0","0.0","2.0","2.0","8.4","6.8","10.38","15.61","0.0","73.4","81.0","71.9","8.3","4.3","4.3","0.0","0.0","0.0","5.5","7.8","1.5"
"20221005","대전","유성구","16.2","21.9","13.7","23.4","17.0","22.8","12.1","0.0","0.0","2.0","6.0","9.7","6.7","14.28","16.95","0.0","67.0","80.9","72.2","7.6","3.3","4.6","0.0","0.0","0.0","5.7","6.6","1.5"
"20221004","대전","유성구","20.0","24.1","15.3","22.9","17.2","22.9","12.3","43.5","0.0","2.9","1.9","4.9","6.6","9.55","10.92","0.0","78.9","81.0","72.6","9.0","4.9","4.7","0.0","0.0","0.0","12.7","8.0","1.4"
"20221003","대전","유성구","22.8","26.3","18.1","22.6","17.5","23.2","12.7","26.3","0.0","3.0","0.8","10.5","6.2","6.07","17.89","0.0","84.6","72.9","73.7","10.0","2.6","5.0","0.0","0.0","0.0","8.5","6.2","1.4"
"20221002","대전","유성구","21.1","27.6","16.9","21.4","17.8","23.4","13.1","1.0","0.2","3.6","2.6","9.6","6.1","11.39","16.43","0.0","71.0","79.5","74.6","9.5","1.3","5.0","0.0","0.0","0.0","6.6","8.9","1.4"
"20221001","대전","유성구","20.1","28.3","13.1","21.6","18.1","23.6","13.6","0.0","0.0","4.5","8.7","7.3","6.0","17.43","15.82","0.0","63.9","81.5","75.0","5.4","3.3","5.2","0.0","0.0","0.0","3.6","6.8","1.4"
"20220930","대전","유성구","19.4","29.2","13.0","21.9","18.4","23.8","13.9","0.0","0.0","4.6","8.1","9.1","5.7","18.67","18.57","0.0","67.3","83.6","75.0","1.8","3.0","5.4","0.0","0.0","0.0","3.7","5.8","1.5"
"20220929","대전","유성구","18.8","26.4","14.0","21.5","18.6","24.1","14.1","0.0","19.1","4.4","7.6","0.0","5.9","17.79","2.82","0.0","74.9","97.0","74.5","1.8","10.0","5.3","0.0","0.0","0.0","4.6","4.6","1.5"
"20220928","대전","유성구","19.2","25.4","14.2","22.0","18.8","24.3","14.2","0.0","0.7","4.2","5.2","0.9","6.2","12.93","8.64","0.0","73.9","82.9","73.6","4.4","9.9","5.0","0.0","0.0","0.0","5.2","6.2","1.5"
"20220927","대전","유성구","19.4","28.1","12.8","22.2","19.0","24.6","14.3","0.0","0.2","2.9","10.6","4.3","6.3","20.83","13.49","0.0","66.9","71.9","73.3","0.8","8.5","5.0","0.0","0.0","0.0","5.2","7.4","1.5"
"20220926","대전","유성구","18.7","25.8","14.9","21.3","19.2","24.9","14.5","0.0","0.0","3.2","3.4","3.5","6.4","12.82","13.57","0.0","67.6","76.0","73.8","7.8","7.9","4.8","0.0","0.0","0.0","4.8","7.0","1.4"
"20220925","대전","유성구","18.5","24.8","14.4","21.0","19.3","25.0","14.6","0.0","0.0","3.4","3.2","2.0","6.5","14.12","8.26","0.0","66.9","81.1","73.9","8.6","7.9","4.6","0.0","0.0","0.0","4.0","8.6","1.4"
"20220924","대전","유성구","17.5","23.8","11.3","21.3","19.4","25.0","14.7","0.0","0.0","3.1","10.0","10.0","6.5","20.81","18.12","0.0","60.6","75.0","74.0","5.0","1.5","4.6","0.0","0.0","0.0","7.5","8.7","1.5"
"20220923","대전","유성구","17.7","24.5","12.6","21.1","19.5","25.0","14.9","0.0","0.0","4.0","9.4","10.7","6.4","18.59","19.29","0.0","67.0","74.6","74.4","2.6","2.6","4.7","0.0","0.0","0.0","11.5","7.6","1.5"
"20220922","대전","유성구","18.4","24.0","12.9","22.5","19.7","25.0","15.1","0.0","10.2","4.6","8.5","9.0","6.2","18.06","17.53","0.0","58.9","78.4","74.6","7.1","3.8","4.8","0.0","0.0","0.0","8.2","11.2","1.6"
"20220921","대전","유성구","18.8","24.7","12.9","22.6","20.0","25.3","15.3","0.0","34.3","3.6","11.5","4.2","6.4","22.59","10.16","0.0","59.3","88.3","73.7","0.1","6.5","4.8","0.0","0.0","0.0","8.2","7.4","1.6"
"20220920","대전","유성구","19.2","24.7","15.1","23.6","20.3","25.7","15.6","0.0","0.0","3.6","5.5","11.2","6.6","16.07","20.43","0.0","60.1","75.0","73.6","2.8","3.1","4.8","0.0","0.0","0.0","10.1","10.1","1.6"
"20220919","대전","유성구","24.5","29.6","17.7","22.9","20.7","25.9","16.1","0.0","0.0","5.1","8.1","11.5","6.5","18.7","20.29","0.0","61.5","75.5","73.7","4.3","0.8","5.0","0.0","0.0","0.0","13.0","6.8","1.7"
"20220918","대전","유성구","27.3","33.1","23.8","22.4","21.0","26.1","16.5","0.0","0.0","5.3","4.5","10.4","6.5","15.57","20.89","0.0","71.9","78.9","73.8","7.6","1.5","5.0","0.0","0.0","0.0","8.0","7.0","1.7"
"20220917","대전","유성구","27.2","33.0","23.2","20.7","21.3","26.4","16.8","0.0","5.0","5.6","9.5","0.7","6.7","19.95","8.04","0.0","73.1","89.4","73.7","5.9","8.4","5.0","0.0","0.0","0.0","6.5","8.4","1.8"
"20220916","대전","유성구","25.4","31.3","21.1","22.8","21.4","26.4","17.2","0.3","0.0","6.7","7.3","8.8","6.3","18.16","16.95","0.0","71.8","73.0","74.6","7.5","6.3","5.2","0.0","0.0","0.0","9.7","9.7","1.8"
"20220915","대전","유성구","25.2","29.8","21.6","23.9","21.6","26.4","17.4","0.0","0.0","6.9","8.5","11.8","6.1","19.23","21.29","0.0","62.8","62.1","75.3","6.1","0.4","5.3","0.0","0.0","0.0","10.7","11.4","1.8"
"20220914","대전","유성구","25.0","29.1","22.2","23.0","21.7","26.5","17.7","0.0","0.0","5.9","4.9","4.4","5.7","15.41","13.72","0.0","47.0","70.4","76.2","7.0","6.4","5.6","0.0","0.0","0.0","12.8","10.6","1.8"
"20220913","대전","유성구","24.5","28.5","21.2","23.9","21.8","26.5","17.9","0.0","0.0","5.8","0.7","6.7","5.3","10.85","15.41","0.0","69.4","75.0","76.9","10.0","8.6","5.9","0.0","0.0","0.0","9.2","9.9","1.7"
"20220912","대전","유성구","22.9","26.0","20.5","24.1","21.9","26.7","17.9","1.6","0.0","6.1","0.0","7.9","5.3","8.2","16.67","0.0","83.5","85.3","77.5","9.6","7.0","5.9","0.0","0.0","0.0","5.4","4.1","1.6"
"20220911","대전","유성구","24.0","28.9","20.0","24.3","22.0","26.7","18.0","0.0","0.0","5.6","5.1","0.0","5.1","17.43","0.0","0.0","64.4","82.3","77.9","8.5","2.5","6.1","0.0","0.0","0.0","7.5","3.7","1.5"
"20220910","대전","유성구","22.0","26.3","18.0","23.6","22.2","27.0","18.2","0.0","0.0","5.4","4.0","5.8","5.2","16.36","14.83","0.0","62.1","86.8","77.6","8.1","6.9","6.1","0.0","0.0","0.0","8.9","5.9","1.5"
"20220909","대전","유성구","22.9","29.2","17.4","22.4","22.3","27.2","18.3","0.0","0.0","5.0","10.0","6.2","5.4","22.94","16.1","0.0","63.3","85.0","77.3","5.4","7.9","5.9","0.0","0.0","0.0","8.7","3.1","1.5"
"20220908","대전","유성구","22.0","29.9","14.3","22.2","22.5","27.3","18.5","0.0","0.1","4.4","11.8","4.4","5.4","23.95","13.2","0.0","66.3","87.4","77.1","2.9","5.5","5.8","0.0","0.0","0.0","6.7","5.3","1.6"
"20220907","대전","유성구","20.9","28.2","15.8","21.0","22.6","27.3","18.8","0.0","6.7","4.8","10.4","0.2","5.2","23.39","3.51","0.0","66.0","96.5","76.9","2.5","10.0","6.0","0.0","0.0","0.0","5.9","9.3","1.6"
"20220906","대전","유성구","20.2","25.8","17.1","20.7","23.0","27.7","19.1","41.7","32.2","5.2","4.5","0.1","5.6","13.05","5.93","0.0","79.8","92.9","76.1","5.4","9.8","5.8","0.0","0.0","0.0","18.5","10.4","1.7"
"20220905","대전","유성구","22.6","25.4","18.7","21.7","23.1","27.8","19.2","46.5","0.3","6.1","0.0","0.7","5.6","3.94","8.46","0.0","93.4","85.4","76.6","10.0","8.5","5.9","0.0","0.0","0.0","10.3","7.3","1.6"
"20220904","대전","유성구","24.5","28.1","21.4","23.2","23.3","28.0","19.6","0.1","0.0","6.5","0.1","9.6","5.6","8.81","19.84","0.0","78.9","75.4","76.9","9.4","6.3","6.0","0.0","0.0","0.0","10.0","6.5","1.7"
"20220903","대전","유성구","23.4","26.7","20.7","23.7","23.7","28.5","19.8","0.0","0.0","6.8","4.1","10.2","6.2","15.07","19.45","0.0","70.3","75.1","76.2","7.6","5.0","5.7","0.0","0.0","0.0","11.3","7.3","1.7"
"20220902","대전","유성구","22.6","27.3","18.1","22.7","23.9","28.6","19.9","0.0","0.0","6.9","3.2","3.1","6.4","14.7","11.53","0.0","72.0","85.5","76.4","5.1","8.4","5.7","0.0","0.0","0.0","12.6","7.7","1.8"
"20220901","대전","유성구","22.4","27.8","19.7","23.1","23.9","28.4","20.1","0.0","52.4","8.7","5.0","0.1","5.9","16.29","4.15","0.0","80.1","97.0","77.2","6.9","9.9","6.0","0.0","0.0","0.0","5.3","7.2","1.9"
"20220831","대전","유성구","21.0","23.3","19.7","23.4","24.1","28.6","20.3","7.2","2.4","8.0","0.0","1.6","6.0","6.25","11.12","0.0","90.3","90.9","77.4","9.3","9.6","6.1","0.0","0.0","0.0","4.9","5.1","1.9"
"20220830","대전","유성구","19.1","20.6","17.4","22.9","24.3","28.8","20.5","30.2","0.1","9.0","0.0","0.3","6.2","3.2","6.76","0.0","92.9","93.8","77.4","10.0","9.5","6.0","0.0","0.0","0.0","5.0","2.3","1.9"
"20220829","대전","유성구","19.6","21.8","17.7","22.4","24.2","28.6","20.6","4.5","28.3","10.0","0.0","2.7","5.7","4.19","10.94","0.0","79.3","92.5","78.5","9.9","8.8","6.3","0.0","0.0","0.0","8.4","4.8","1.9"
"20220828","대전","유성구","22.1","28.2","15.4","22.8","24.3","28.6","20.8","0.0","0.0","10.9","11.8","3.1","5.4","25.27","13.15","0.0","60.8","90.0","79.2","4.9","9.4","6.4","0.0","0.0","0.0","7.7","3.3","1.8"
"20220827","대전","유성구","21.6","26.5","17.2","21.8","24.5","28.8","21.0","0.0","16.6","10.6","8.9","0.0","5.3","23.09","0.0","0.0","62.4","96.9","79.5","4.8","9.8","6.5","0.0","0.0","0.0","9.2","6.1","1.8"
"20220826","대전","유성구","22.9","29.1","16.7","25.7","24.6","28.8","21.2","0.0","0.0","11.9","10.5","4.3","4.9","23.1","14.61","0.0","70.6","86.4","79.4","2.4","8.0","6.7","0.0","0.0","0.0","5.3","6.1","1.8"
"20220825","대전","유성구","22.3","28.5","18.8","23.7","24.7","28.8","21.4","0.0","22.7","10.8","1.3","0.1","4.7","12.76","3.23","0.0","79.4","97.0","79.3","8.8","10.0","6.8","0.0","0.0","0.0","9.3","5.0","1.8"
"20220824","대전","유성구","22.7","25.0","20.6","24.3","24.9","29.0","21.6","0.2","25.2","9.6","0.5","0.8","4.8","10.03","5.19","0.0","77.9","94.5","79.3","9.1","9.8","6.9","0.0","0.0","0.0","10.4","9.7","1.8"
"20220823","대전","유성구","23.8","26.0","22.3","22.8","25.2","29.4","21.8","30.2","65.0","8.7","0.0","0.0","4.9","2.57","2.9","0.0","89.9","97.0","78.8","9.8","10.0","6.8","0.0","0.0","0.0","6.6","5.8","1.8"
"20220822","대전","유성구","27.3","31.7","23.6","25.5","25.4","29.7","21.9","0.0","0.7","8.7","5.3","4.9","5.2","17.7","15.09","0.0","73.0","84.9","78.3","7.1","8.9","6.6","0.0","0.0","0.0","5.5","5.5","1.8"
"20220821","대전","유성구","27.5","32.8","23.6","24.5","25.6","30.0","22.1","0.0","44.9","7.6","10.2","0.8","5.4","23.41","4.62","0.0","72.3","90.8","78.0","3.5","8.5","6.5","0.0","0.0","0.0","6.6","7.7","1.8"
"20220820","대전","유성구","27.0","31.1","24.9","26.0","25.8","30.2","22.3","83.6","0.0","8.2","1.9","8.8","5.5","9.64","18.45","0.0","82.3","75.3","77.9","7.5","4.8","6.4","0.0","0.0","0.0","6.9","6.1","1.8"
"20220819","대전","유성구","26.4","29.7","21.4","24.3","26.0","30.5","22.5","0.0","3.2","8.2","1.2","5.9","5.7","10.81","18.23","0.0","79.6","83.9","77.4","8.3","6.9","6.2","0.0","0.0","0.0","9.1","8.5","1.8"
"20220818","대전","유성구","25.1","30.6","20.3","24.7","26.1","30.5","22.6","0.0","1.1","7.8","7.4","4.9","5.8","21.78","14.61","0.0","75.8","77.6","77.4","3.5","7.0","6.2","0.0","0.0","0.0","4.6","10.0","1.8"
"20220817","대전","유성구","25.6","30.4","22.6","25.5","26.3","30.7","22.8","8.2","0.1","7.4","2.4","7.4","5.8","12.15","18.23","0.0","82.3","72.3","77.4","7.5","7.8","6.3","0.0","0.0","0.0","8.0","5.8","1.8"
"20220816","대전","유성구","25.8","30.0","23.3","26.2","26.4","30.7","22.9","32.9","0.0","8.0","4.4","10.8","5.9","13.64","21.14","0.0","84.3","71.5","77.8","7.3","5.8","6.3","0.0","0.0","0.0","8.6","9.6","1.8"
"20220815","대전","유성구","28.1","31.3","25.4","26.7","26.5","30.9","23.0","7.0","0.0","7.7","0.7","11.3","5.9","12.85","22.47","0.0","74.8","73.9","78.0","9.3","5.0","6.2","0.0","0.0","0.0","12.4","9.5","1.8"
"20220814","대전","유성구","26.7","30.4","24.1","25.7","26.5","30.7","23.1","6.5","0.3","9.5","0.4","4.4","5.7","6.63","12.62","0.0","86.5","78.4","78.4","9.4","8.1","6.3","0.0","0.0","0.0","6.2","7.6","1.8"
"20220813","대전","유성구","26.0","29.5","24.0","26.7","26.6","30.8","23.2","24.0","0.0","10.9","0.3","3.0","5.7","7.01","13.25","0.0","84.9","80.0","78.6","8.6","8.8","6.2","0.0","0.0","0.0","5.2","5.1","1.8"
"20220812","대전","유성구","27.3","32.7","23.5","27.6","26.6","30.8","23.3","0.1","0.0","11.1","8.2","6.7","5.5","22.51","18.66","0.0","78.1","76.5","79.2","6.0","7.4","6.3","0.0","0.0","0.0","4.2","5.6","1.8"
"20220811","대전","유성구","24.4","26.2","24.0","27.4","26.6","30.8","23.3","58.2","0.0","11.5","0.0","0.0","5.4","1.73","0.0","0.0","93.6","75.4","79.3","10.0","4.0","6.3","0.0","0.0","0.0","8.5","4.5","1.8"
"20220810","대전","유성구","25.3","28.1","23.9","27.3","26.7","30.9","23.4","192.9","7.8","11.8","0.0","8.4","5.5","2.5","19.73","0.0","92.3","78.0","79.0","10.0","5.4","6.4","0.0","0.0","0.0","12.5","7.0","1.9"
"20220809","대전","유성구","28.0","31.4","25.1","28.1","26.8","31.0","23.5","1.4","0.0","10.7","0.5","12.1","5.6","10.1","23.87","0.0","74.5","70.9","78.8","10.0","3.9","6.3","0.0","0.0","0.0","10.4","6.0","1.9"
"20220808","대전","유성구","28.6","29.8","27.7","26.6","26.9","31.2","23.6","0.0","0.0","9.7","0.1","0.5","5.8","7.38","8.63","0.0","71.4","85.4","78.2","9.9","9.0","6.2","0.0","0.0","0.0","9.6","6.9","1.9"
"20220807","대전","유성구","29.9","34.3","27.0","27.7","27.1","31.5","23.6","0.0","0.0","7.9","5.1","9.0","6.4","19.7","22.0","0.0","74.0","78.4","77.3","7.4","6.1","5.9","0.0","0.0","0.0","7.6","5.2","1.9"
"20220806","대전","유성구","29.9","34.3","26.0","27.7","27.1","31.5","23.5","0.0","11.1","8.8","7.8","7.4","6.7","21.04","18.15","0.0","71.8","87.1","77.1","4.8","6.9","5.8","0.0","0.0","0.0","6.9","12.3","1.9"
"20220805","대전","유성구","28.7","33.3","25.7","29.8","27.1","31.5","23.6","3.5","0.7","10.3","5.4","10.1","6.6","17.91","21.3","0.0","78.1","76.1","77.1","7.3","4.5","5.8","0.0","0.0","0.0","6.2","6.2","1.9"
"20220804","대전","유성구","29.2","34.1","25.5","29.7","27.3","31.7","23.7","0.0","0.1","9.7","7.5","12.8","6.7","20.8","26.0","0.0","74.5","76.9","76.9","4.9","4.9","5.8","0.0","0.0","0.0","6.0","6.0","1.9"
"20220803","대전","유성구","29.3","33.4","26.5","28.0","27.4","31.7","23.8","0.0","5.1","10.1","7.0","6.1","6.6","20.37","16.7","0.0","72.8","84.9","77.3","5.8","8.1","5.8","0.0","0.0","0.0","8.1","6.4","1.9"
"20220802","대전","유성구","27.9","31.7","25.4","26.0","27.4","31.7","23.9","1.1","34.0","10.7","3.2","1.3","6.4","16.1","7.89","0.0","78.9","95.5","77.7","7.8","9.3","5.9","0.0","0.0","0.0","10.1","4.5","1.9"
"20220801","대전","유성구","27.6","32.3","24.6","27.3","27.4","31.7","24.0","4.4","19.8","9.8","3.7","3.2","6.2","18.0","11.98","0.0","82.0","89.0","77.9","9.3","8.4","6.1","0.0","0.0","0.0","10.8","5.2","1.9"
"20220731","대전","유성구","25.9","27.8","24.7","30.2","27.4","31.6","24.0","25.6","1.4","8.3","0.0","9.7","6.1","5.74","23.27","0.0","87.6","74.3","78.4","10.0","5.0","6.2","0.0","0.0","0.0","6.9","5.7","1.8"
"20220730","대전","유성구","28.8","32.5","26.3","30.8","27.2","31.5","23.9","0.0","0.0","8.6","5.1","11.3","5.8","16.21","22.56","0.0","67.8","68.1","78.7","5.8","6.5","6.4","0.0","0.0","0.0","12.4","6.3","1.8"
"20220729","대전","유성구","30.3","35.0","25.3","30.2","27.1","31.3","23.7","0.0","0.0","7.2","10.0","9.4","5.9","24.03","20.61","0.0","65.3","73.4","78.4","2.1","7.3","6.5","0.0","0.0","0.0","7.4","5.3","1.8"
"20220728","대전","유성구","28.2","33.3","23.3","30.6","27.0","31.1","23.6","0.0","0.0","6.7","9.5","10.1","5.9","23.13","25.25","0.0","69.3","65.9","78.0","3.3","2.9","6.5","0.0","0.0","0.0","8.7","5.2","1.9"
"20220727","대전","유성구","27.6","31.8","24.5","30.1","26.9","31.0","23.5","0.0","0.0","6.0","9.7","0.0","5.9","24.63","0.0","0.0","65.9","66.8","77.7","4.5","1.8","6.6","0.0","0.0","0.0","7.9","6.2","1.9"
"20220726","대전","유성구","28.4","34.2","22.9","29.9","26.8","30.8","23.5","0.0","0.0","5.6","9.9","13.3","5.8","23.13","25.86","0.0","71.1","66.3","77.7","3.1","1.8","6.7","0.0","0.0","0.0","5.1","8.0","2.0"
"20220725","대전","유성구","27.2","32.6","23.5","29.7","26.6","30.6","23.4","0.4","0.0","7.7","8.3","11.2","5.8","23.38","22.5","0.0","73.9","70.9","78.0","4.6","6.6","6.7","0.0","0.0","0.0","5.8","7.4","2.0"
"20220724","대전","유성구","24.7","27.4","22.1","30.2","26.6","30.5","23.4","2.3","0.0","8.5","0.1","12.1","5.6","9.71","24.24","0.0","86.9","69.9","78.6","9.1","6.6","6.6","0.0","0.0","0.0","5.7","7.3","2.0"
"20220723","대전","유성구","24.8","29.1","21.6","29.7","26.5","30.4","23.4","17.6","0.0","9.7","2.9","11.5","5.3","14.37","27.1","0.0","77.6","70.6","79.2","8.4","3.9","6.8","0.0","0.0","0.0","6.6","8.4","1.9"
"20220722","대전","유성구","25.7","30.5","22.1","29.2","26.5","30.4","23.2","0.0","0.0","9.5","5.8","12.7","5.4","19.66","27.42","0.0","69.8","70.1","79.2","6.6","3.4","6.7","0.0","0.0","0.0","6.2","10.2","1.9"
"20220721","대전","유성구","23.8","26.3","22.7","29.5","26.4","30.5","23.0","13.7","0.0","10.2","1.5","12.9","5.5","6.22","27.21","0.0","86.1","70.0","79.0","9.4","4.9","6.6","0.0","0.0","0.0","10.9","7.2","1.9"
"20220720","대전","유성구","27.6","32.7","22.9","27.6","26.2","30.4","22.7","0.0","0.0","8.2","7.6","1.0","5.7","24.2","12.95","0.0","70.4","87.5","78.5","7.6","9.1","6.5","0.0","0.0","0.0","5.2","4.6","1.9"
"20220719","대전","유성구","25.0","30.3","20.9","26.7","25.9","30.0","22.4","0.0","0.0","9.0","4.1","2.0","5.6","19.12","15.35","0.0","81.3","86.9","78.6","8.1","8.1","6.6","0.0","0.0","0.0","7.6","4.8","1.9"
"20220718","대전","유성구","22.3","25.5","21.1","27.3","25.6","29.7","22.1","57.4","16.5","9.6","0.0","10.0","5.3","4.3","21.52","0.0","91.6","79.1","78.8","9.3","6.4","6.7","0.0","0.0","0.0","8.7","11.5","2.0"
"20220717","대전","유성구","26.0","30.9","21.7","27.1","25.3","29.4","22.0","0.0","0.0","10.5","4.2","10.1","4.9","19.77","21.64","0.0","71.1","81.1","79.3","7.4","6.0","7.0","0.0","0.0","0.0","7.6","8.4","2.0"
"20220716","대전","유성구","26.2","31.4","22.5","28.4","25.2","29.2","21.9","0.0","1.3","10.0","9.7","10.4","4.8","24.64","25.27","0.0","68.9","79.8","79.5","4.9","5.5","7.1","0.0","0.0","0.0","8.3","14.1","1.9"
"20220715","대전","유성구","26.1","31.5","22.0","29.3","25.1","29.0","21.9","0.0","0.0","10.9","10.5","8.8","4.3","25.68","21.46","0.0","70.1","76.8","80.2","3.4","5.4","7.4","0.0","0.0","0.0","6.0","6.4","2.0"
"20220714","대전","유성구","26.0","30.0","24.0","29.5","25.0","28.9","21.9","0.5","0.0","10.9","2.6","8.5","4.0","13.23","20.88","0.0","81.3","77.9","80.4","8.6","7.3","7.6","0.0","0.0","0.0","7.2","7.7","2.0"
"20220713","대전","유성구","24.8","26.4","23.8","29.8","24.9","28.8","21.9","10.6","0.0","11.0","0.0","9.5","3.9","4.12","21.72","0.0","85.1","77.0","80.7","10.0","6.0","7.7","0.0","0.0","0.0","7.3","5.6","1.9"
"20220712","대전","유성구","27.0","30.4","23.1","28.7","24.8","28.7","21.7","0.0","0.0","12.4","0.8","6.1","4.0","12.17","19.5","0.0","78.1","84.0","80.6","8.0","6.9","7.8","0.0","0.0","0.0","7.8","3.6","1.9"
"20220711","대전","유성구","25.1","28.2","23.1","27.2","24.7","28.5","21.6","16.3","0.2","14.4","0.3","5.5","3.9","9.27","17.45","0.0","87.9","86.1","80.5","7.4","8.0","7.7","0.0","0.0","0.0","4.3","6.0","2.0"
"20220710","대전","유성구","28.7","35.1","24.0","27.0","24.6","28.5","21.4","7.8","10.0","13.6","6.3","7.1","4.2","22.56","20.49","0.0","71.6","84.8","79.9","6.1","7.6","7.6","0.0","0.0","0.0","9.9","14.7","2.0"
"20220709","대전","유성구","26.5","30.0","23.2","26.2","24.6","28.6","21.3","0.0","4.2","12.3","1.2","7.5","4.6","11.83","18.65","0.0","75.6","83.0","79.2","7.1","6.4","7.3","0.0","0.0","0.0","4.9","5.8","2.1"
"20220708","대전","유성구","27.6","31.9","24.4","26.4","24.6","28.7","21.2","0.9","38.6","11.8","3.5","8.6","5.0","13.92","21.2","0.0","74.6","84.8","78.3","5.6","8.5","7.1","0.0","0.0","0.0","6.1","6.0","2.1"
"20220707","대전","유성구","29.5","34.1","26.3","26.0","24.6","28.8","21.0","3.2","2.5","10.0","5.4","0.3","5.2","18.04","9.16","0.0","67.6","94.5","77.8","7.6","10.0","6.9","0.0","0.0","0.0","10.0","4.3","2.0"
"20220706","대전","유성구","30.1","35.4","25.5","23.6","24.6","28.8","21.0","0.0","15.6","9.0","4.1","0.0","5.2","20.32","8.22","0.0","69.3","95.1","77.7","8.5","9.9","7.0","0.0","0.0","0.0","7.1","5.8","2.0"
"20220705","대전","유성구","28.2","33.7","24.6","22.5","24.5","28.7","21.0","0.0","5.6","9.5","3.2","0.0","5.1","17.9","9.83","0.0","77.3","90.8","78.2","7.4","9.6","7.1","0.0","0.0","0.0","6.7","5.4","1.9"
"20220704","대전","유성구","27.6","33.5","23.4","22.7","24.5","28.5","21.1","0.0","13.7","10.4","4.9","1.5","4.8","17.32","10.78","0.0","76.5","94.9","79.1","6.4","9.1","7.3","0.0","0.0","0.0","6.8","9.5","1.8"
"20220703","대전","유성구","28.1","34.7","23.2","23.2","24.3","28.2","21.0","38.7","42.2","11.4","7.2","0.0","4.4","20.23","0.0","0.0","73.1","87.3","80.0","6.1","9.3","7.6","0.0","0.0","0.0","10.0","13.2","1.8"
"20220702","대전","유성구","29.6","35.3","23.6","27.0","24.2","28.0","21.1","0.0","0.0","11.5","12.5","8.8","4.0","28.12","23.36","0.0","65.9","63.8","80.3","2.6","4.0","7.8","0.0","0.0","0.0","6.7","7.6","1.9"
"20220701","대전","유성구","28.6","34.5","22.6","26.7","24.2","28.1","20.9","0.0","0.0","11.3","11.3","12.2","4.0","25.27","24.69","0.0","69.0","77.9","79.9","3.9","3.9","7.8","0.0","0.0","0.0","5.4","5.2","1.8"
"20220630","대전","유성구","27.2","31.6","24.5","24.8","24.1","28.2","20.7","2.9","4.3","10.3","2.6","6.3","4.3","16.29","19.34","0.0","78.5","83.8","79.2","7.4","6.4","7.6","0.0","0.0","0.0","10.2","4.9","1.8"
"20220629","대전","유성구","26.7","29.8","23.9","23.5","24.0","28.2","20.4","18.6","24.2","10.8","0.0","7.3","4.6","7.26","17.92","0.0","79.3","86.6","78.5","9.5","5.4","7.4","0.0","0.0","0.0","12.2","9.4","1.8"
"20220628","대전","유성구","29.4","32.0","27.4","25.6","23.9","28.3","20.2","0.0","0.0","8.9","3.5","7.8","4.9","17.57","21.43","0.0","60.1","72.9","77.5","8.9","6.0","7.2","0.0","0.0","0.0","14.5","6.2","1.8"
"20220627","대전","유성구","28.0","31.1","25.3","25.0","23.6","28.1","19.8","3.6","0.5","9.9","0.4","8.4","5.3","11.59","22.5","0.0","71.8","76.0","76.6","9.6","5.3","7.0","0.0","0.0","0.0","11.2","5.3","1.8"
"20220626","대전","유성구","27.4","31.1","24.9","22.6","23.3","27.8","19.5","0.2","22.0","10.5","2.2","5.9","5.3","11.14","15.41","0.0","72.8","88.5","76.3","7.9","7.8","7.0","0.0","0.0","0.0","9.1","4.8","1.9"
"20220625","대전","유성구","27.8","32.9","22.8","24.4","23.2","27.7","19.3","0.0","5.2","11.6","8.8","10.7","5.3","24.87","25.74","0.0","68.1","77.3","75.4","2.9","6.1","6.9","0.0","0.0","0.0","8.9","5.7","1.9"
"20220624","대전","유성구","25.0","29.1","23.1","23.2","23.2","27.9","19.2","10.7","0.0","9.9","6.5","6.5","5.4","22.56","19.43","0.0","77.8","79.4","74.0","6.4","7.1","6.9","0.0","0.0","0.0","9.5","4.2","2.0"
"20220623","대전","유성구","25.1","29.9","22.8","20.9","23.3","28.1","19.2","29.6","6.7","9.4","1.1","2.6","5.8","7.06","8.04","0.0","83.3","91.3","72.7","8.5","6.8","6.7","0.0","0.0","0.0","10.1","7.2","2.0"
"20220622","대전","유성구","27.5","33.9","22.1","23.6","23.3","28.3","19.1","0.0","0.0","8.0","10.9","5.4","6.0","26.95","17.35","0.0","61.0","67.4","72.4","2.5","6.6","6.5","0.0","0.0","0.0","7.9","6.6","1.9"
"20220621","대전","유성구","28.1","35.7","21.9","24.8","23.4","28.4","19.1","0.0","0.0","6.6","12.2","12.5","6.3","27.06","26.49","0.0","61.8","63.8","71.6","1.1","2.8","6.3","0.0","0.0","0.0","6.4","8.3","1.8"
"20220620","대전","유성구","26.8","33.0","22.2","24.4","23.4","28.5","19.0","0.0","0.0","6.2","8.3","12.5","6.4","24.21","27.44","0.0","67.1","67.6","71.3","4.3","4.1","6.3","0.0","0.0","0.0","5.4","9.2","1.8"
"20220619","대전","유성구","25.1","29.2","21.6","23.5","23.3","28.5","18.8","0.0","0.0","6.5","1.2","11.7","6.4","14.56","27.18","0.0","71.5","72.8","70.7","8.3","3.3","6.3","0.0","0.0","0.0","6.0","6.0","1.7"
"20220618","대전","유성구","25.2","29.6","21.7","21.2","23.2","28.5","18.4","0.0","1.4","6.6","5.6","0.1","6.7","18.14","7.1","0.0","69.3","92.6","69.7","5.9","8.6","6.1","0.0","0.0","0.0","7.0","5.7","1.7"
"20220617","대전","유성구","23.4","29.5","17.1","22.1","23.1","28.5","18.2","0.0","0.1","5.3","6.9","0.8","7.0","18.5","9.84","0.0","69.8","80.0","68.6","6.5","9.5","6.0","0.0","0.0","0.0","6.1","5.6","1.8"
"20220616","대전","유성구","22.0","27.7","18.8","23.6","22.9","28.3","18.0","0.0","0.0","4.6","7.9","5.6","7.1","24.17","16.1","0.0","61.6","71.4","68.2","4.1","6.1","5.9","0.0","0.0","0.0","6.8","11.0","1.8"
"20220615","대전","유성구","19.8","26.2","15.4","22.6","22.8","28.2","17.8","36.5","1.9","3.4","3.7","0.0","7.2","14.49","7.15","0.0","80.1","84.5","67.9","8.0","10.0","5.7","0.0","0.0","0.0","8.1","9.9","1.8"
"20220614","대전","유성구","17.9","20.7","15.9","24.9","22.6","28.0","17.6","6.3","0.0","2.7","0.0","4.5","7.4","7.39","17.98","0.0","76.0","83.3","67.9","9.6","8.3","5.6","0.0","0.0","0.0","12.4","6.4","1.8"
"20220613","대전","유성구","23.1","27.8","19.7","25.2","22.5","27.8","17.7","0.0","0.0","2.5","9.8","7.3","7.2","25.13","21.25","0.0","54.3","80.6","67.9","7.8","5.4","5.7","0.0","0.0","0.0","11.2","4.4","1.9"
"20220612","대전","유성구","24.3","29.6","19.3","25.3","22.5","27.8","17.7","0.0","0.0","4.4","7.9","8.6","7.1","21.95","24.39","0.0","56.0","78.3","68.2","5.4","7.3","5.8","0.0","0.0","0.0","6.9","4.3","2.0"
"20220611","대전","유성구","24.3","31.5","19.0","23.5","22.5","27.9","17.6","0.0","12.6","4.3","8.1","7.2","7.4","23.43","18.31","0.0","57.8","84.1","67.8","5.3","7.1","5.7","0.0","0.0","0.0","9.7","7.5","2.0"
"20220610","대전","유성구","23.6","30.1","17.1","25.7","22.4","27.8","17.5","0.0","1.6","4.1","6.7","5.9","7.3","21.54","17.69","0.0","61.4","68.4","67.5","5.3","8.8","5.8","0.0","0.0","0.0","8.6","9.7","2.0"
"20220609","대전","유성구","22.4","27.7","18.5","26.9","22.3","27.8","17.3","0.0","0.0","3.9","5.7","12.5","7.3","20.99","26.68","0.0","66.3","65.0","67.2","6.6","3.6","5.7","0.0","0.0","0.0","8.0","5.7","1.9"
"20220608","대전","유성구","20.7","27.9","15.4","24.8","22.2","27.8","17.1","0.2","0.0","3.4","7.3","11.0","7.2","25.0","24.52","0.0","64.5","66.9","67.0","7.0","6.0","5.7","0.0","0.0","0.0","6.3","3.9","1.8"
"20220607","대전","유성구","17.3","20.5","14.8","23.3","22.0","27.7","16.8","0.0","0.0","1.8","1.6","9.9","7.5","8.0","21.91","0.0","77.6","62.3","66.2","7.8","5.0","5.4","0.0","0.0","0.0","6.5","6.0","1.7"
"20220606","대전","유성구","19.4","23.7","16.6","23.4","21.8","27.5","16.6","2.8","0.0","1.3","3.8","11.8","7.3","13.09","25.86","0.0","78.3","67.3","65.7","5.9","1.8","5.5","0.0","0.0","0.0","6.9","7.8","1.7"
"20220605","대전","유성구","18.6","24.7","16.9","21.5","21.7","27.3","16.4","6.2","0.0","1.8","0.0","11.4","7.6","5.28","19.77","0.0","78.8","71.5","65.2","9.8","3.6","5.3","0.0","0.0","0.0","10.1","10.8","1.7"
"20220604","대전","유성구","25.1","30.6","18.8","18.6","21.5","27.2","16.0","0.0","1.2","2.1","7.6","12.3","7.7","21.68","28.01","0.0","49.0","74.1","64.5","7.1","2.6","5.3","0.0","0.0","0.0","8.5","7.8","1.8"
"20220603","대전","유성구","24.8","33.1","17.6","19.2","21.3","27.0","15.7","0.0","24.2","2.6","10.5","0.0","7.9","27.21","4.03","0.0","58.6","91.6","63.9","2.6","8.8","5.1","0.0","0.0","0.0","7.3","4.5","1.8"
"20220602","대전","유성구","22.5","29.7","14.5","24.4","21.0","26.9","15.3","0.0","0.0","2.2","13.3","1.0","8.2","29.17","2.86","0.0","58.0","61.5","63.0","0.6","4.0","4.9","0.0","0.0","0.0","8.1","4.9","1.8"
"20220601","대전","유성구","23.2","31.8","15.0","22.5","20.8","26.7","15.0","0.0","0.0","2.4","13.6","10.2","8.2","30.03","23.7","0.0","33.6","69.5","63.0","1.6","6.9","4.7","0.0","0.0","0.0","8.3","5.8","1.8"
"20220531","대전","유성구","21.4","28.7","13.0","20.7","20.8","26.8","15.0","0.0","7.1","1.9","13.1","5.0","8.4","29.47","17.04","0.0","39.5","76.9","62.2","2.3","7.0","4.6","0.0","0.0","0.0","8.2","7.5","1.8"
"20220530","대전","유성구","21.4","25.4","18.1","20.9","20.6","26.5","14.8","0.0","4.5","1.3","0.2","12.1","8.4","11.04","27.24","0.0","66.1","70.6","61.9","8.6","4.3","4.6","0.0","0.0","0.0","8.5","7.4","1.9"
"20220529","대전","유성구","23.4","31.6","15.0","18.5","20.3","26.3","14.5","0.0","0.0","1.3","12.9","11.0","8.4","27.92","24.26","0.0","50.3","69.8","61.4","2.8","2.9","4.6","0.0","0.0","0.0","5.2","7.0","1.9"
"20220528","대전","유성구","23.1","29.9","16.5","15.0","20.1","26.1","14.5","0.0","30.2","1.6","13.3","4.8","7.9","24.45","9.43","0.0","42.8","87.1","61.8","3.8","6.5","4.9","0.0","0.0","0.0","9.3","11.5","2.0"
"20220527","대전","유성구","21.5","28.5","15.8","17.0","20.0","26.0","14.4","0.0","1.0","1.9","12.7","5.5","7.9","29.26","11.87","0.0","51.8","80.9","62.0","0.4","5.8","4.9","0.0","0.0","0.0","12.7","8.3","2.0"
"20220526","대전","유성구","19.4","26.1","13.6","17.9","19.8","25.7","14.2","4.5","0.0","2.5","12.6","1.4","7.7","28.96","11.4","0.0","55.9","63.0","63.1","1.9","9.0","5.0","0.0","0.0","0.0","8.2","5.7","2.0"
"20220525","대전","유성구","22.3","29.6","15.6","16.8","19.8","25.7","14.2","0.0","1.5","2.7","9.9","9.6","7.8","24.93","22.54","0.0","54.1","66.8","63.2","5.0","3.4","4.9","0.0","0.0","0.0","7.7","11.0","2.0"
"20220524","대전","유성구","23.1","31.4","14.9","20.2","19.8","25.7","14.2","0.0","0.0","2.5","13.1","7.9","7.9","28.75","22.54","0.0","49.6","58.5","63.4","0.0","5.5","4.8","0.0","0.0","0.0","7.4","7.5","1.9"
"20220523","대전","유성구","22.6","30.3","15.9","20.3","19.7","25.7","13.9","0.0","0.0","2.9","10.6","7.2","8.1","25.03","19.24","0.0","62.8","72.9","63.3","2.9","7.0","4.7","0.0","0.0","0.0","6.8","4.6","1.9"
"20220522","대전","유성구","21.1","27.8","15.6","18.6","19.5","25.6","13.6","0.0","0.0","2.9","13.0","13.0","8.3","27.77","26.58","0.0","67.0","77.3","62.7","0.8","1.0","4.4","0.0","0.0","0.0","9.1","5.8","1.9"
"20220521","대전","유성구","20.8","28.7","14.2","15.3","19.3","25.4","13.5","0.0","0.1","2.5","11.7","0.0","8.4","26.58","4.38","0.0","64.0","92.9","62.4","1.0","9.0","4.5","0.0","0.0","0.0","8.6","6.9","2.0"
"20220520","대전","유성구","20.7","28.1","13.8","16.9","19.1","25.1","13.3","0.0","13.0","3.0","9.1","0.0","8.1","24.49","3.63","0.0","51.6","89.5","63.0","3.8","9.9","4.6","0.0","0.0","0.0","8.1","8.6","2.0"
"20220519","대전","유성구","20.7","25.8","16.9","20.9","18.8","24.7","13.1","0.0","0.0","2.9","3.1","10.4","7.9","17.41","27.43","0.0","31.4","63.3","63.1","7.8","5.1","4.7","0.0","0.0","0.0","9.4","6.1","2.0"
"20220518","대전","유성구","22.4","28.4","16.7","18.8","18.5","24.4","13.1","0.0","0.0","2.9","12.5","7.7","7.6","25.78","20.86","0.0","35.4","82.0","63.7","1.1","6.0","5.0","0.0","0.0","0.0","12.3","3.7","2.0"
"20220517","대전","유성구","20.4","28.4","10.9","16.4","18.4","24.2","13.1","0.0","3.3","2.9","13.1","0.0","7.1","28.3","5.66","0.0","43.0","97.0","64.6","0.4","10.0","5.4","0.0","0.0","0.0","9.4","6.0","2.0"
"20220516","대전","유성구","16.6","24.6","7.4","21.3","18.4","24.2","13.0","0.0","43.7","3.0","13.4","0.0","7.2","29.3","3.58","0.0","39.6","97.0","64.0","0.0","9.9","5.4","0.0","0.0","0.0","9.3","5.4","2.0"
"20220515","대전","유성구","15.5","22.2","8.9","23.0","18.1","24.0","12.7","0.0","1.7","2.9","11.9","2.0","7.4","29.16","12.25","0.0","38.9","86.4","63.8","2.8","9.9","5.2","0.0","0.0","0.0","9.1","5.6","2.0"
"20220514","대전","유성구","15.7","22.8","10.1","23.9","17.9","23.6","12.6","0.0","0.0","3.7","11.2","10.5","7.2","26.32","24.16","0.0","41.5","67.4","65.0","4.5","6.8","5.3","0.0","0.0","0.0","12.3","6.8","2.0"
"20220513","대전","유성구","19.0","22.1","15.1","22.3","17.7","23.5","12.2","0.0","0.0","4.2","0.6","13.1","7.2","9.97","26.61","0.0","56.1","61.9","64.7","7.1","3.1","5.2","0.0","0.0","0.0","10.1","4.2","2.0"
"20220512","대전","유성구","21.0","28.3","15.2","20.1","17.4","23.3","11.8","0.0","0.0","5.1","4.0","12.4","7.4","18.04","26.6","0.0","52.4","50.6","64.3","8.8","2.5","4.9","0.0","0.0","0.0","5.4","9.2","2.1"
"20220511","대전","유성구","20.0","26.1","14.8","15.8","17.1","23.1","11.6","0.0","2.9","5.2","4.7","2.6","7.2","20.02","12.56","0.0","48.3","70.1","63.8","8.3","8.3","5.0","0.0","0.0","0.0","6.6","11.9","2.1"
"20220510","대전","유성구","19.2","26.3","11.5","12.5","17.1","23.1","11.5","0.0","11.1","4.6","11.0","0.5","7.2","28.69","4.57","0.0","36.5","86.0","62.9","5.4","9.6","5.1","0.0","0.0","0.0","10.4","8.0","2.1"
"20220509","대전","유성구","17.3","23.7","10.6","16.8","17.2","23.2","11.5","2.7","0.0","5.0","9.8","13.2","7.3","25.98","28.94","0.0","55.6","50.9","62.0","6.3","0.8","5.1","0.0","0.0","0.0","8.9","9.7","2.2"
"20220508","대전","유성구","17.1","23.7","11.5","16.3","17.2","23.2","11.5","0.9","0.0","4.7","6.3","11.1","7.1","21.28","25.38","0.0","49.8","60.0","61.8","7.4","0.5","5.0","0.0","0.0","0.0","9.8","10.4","2.2"
"20220507","대전","유성구","18.3","24.8","13.0","15.2","17.4","23.7","11.4","0.0","2.6","3.5","7.8","7.4","7.6","22.24","15.19","0.0","56.1","61.9","59.8","5.8","3.6","4.8","0.0","0.0","0.0","9.7","11.7","2.2"
"20220506","대전","유성구","19.6","28.3","11.9","15.8","17.4","23.7","11.3","0.0","0.0","3.2","8.0","9.3","7.8","22.93","20.6","0.0","64.3","49.1","59.5","2.1","5.9","4.5","0.0","0.0","0.0","6.2","6.2","2.1"
"20220505","대전","유성구","18.5","26.7","8.9","15.2","17.3","23.6","11.2","0.0","2.3","4.0","13.0","12.9","7.7","28.81","28.39","0.0","49.8","57.8","60.4","0.0","1.3","4.5","0.0","0.0","0.0","6.7","8.7","2.1"
"20220504","대전","유성구","16.7","25.0","7.4","17.2","17.2","23.8","11.1","0.0","5.2","2.8","12.5","0.1","7.8","27.56","8.68","0.0","44.9","76.6","60.0","0.0","9.8","4.5","0.0","0.0","0.0","8.8","9.7","2.1"
"20220503","대전","유성구","14.1","21.4","5.5","15.1","17.2","23.8","11.0","0.0","0.0","2.0","12.7","11.3","8.0","27.85","26.95","0.0","45.3","56.4","59.8","0.0","4.0","4.4","0.0","0.0","0.0","8.6","7.1","2.2"
"20220502","대전","유성구","13.9","20.1","8.5","13.0","17.1","23.5","11.1","0.0","2.6","2.7","10.9","0.0","7.7","25.19","0.0","0.0","49.6","69.0","61.0","1.6","4.5","4.6","0.0","0.0","0.0","11.9","7.8","2.2"
"20220501","대전","유성구","13.4","20.1","6.9","10.5","16.8","22.9","10.9","0.0","1.4","3.3","12.2","1.1","7.2","26.84","7.48","0.0","51.5","79.3","62.1","1.6","8.0","5.0","0.0","0.0","0.0","10.3","8.5","2.3"
"20220430","대전","유성구","13.7","18.1","10.0","13.1","16.4","22.8","10.3","0.0","0.6","2.7","1.4","5.5","7.4","13.41","16.69","0.0","60.3","70.9","60.9","7.4","8.4","4.8","0.0","0.0","0.0","7.0","17.7","2.3"
"20220429","대전","유성구","13.1","16.5","9.3","16.2","15.9","22.1","9.8","9.8","0.7","2.5","1.5","9.0","7.4","13.01","21.59","0.0","67.1","58.9","60.3","8.9","7.1","4.7","0.0","0.0","0.0","9.6","11.6","2.2"
"20220428","대전","유성구","17.8","26.4","10.4","16.9","15.3","21.7","9.1","0.0","0.1","2.9","7.5","4.2","7.5","21.48","15.11","0.0","49.5","58.6","59.0","5.5","8.5","4.8","0.0","0.0","0.0","8.4","6.0","2.2"
"20220427","대전","유성구","17.2","24.2","10.4","16.6","14.7","21.2","8.5","0.0","0.0","2.8","12.0","1.3","7.6","25.71","11.42","0.0","40.3","59.0","58.0","2.4","9.1","4.6","0.0","0.0","0.0","7.8","5.3","2.1"
"20220426","대전","유성구","18.8","24.1","15.9","17.0","14.5","21.1","8.1","21.3","0.0","2.1","2.0","11.5","8.0","12.3","24.8","0.0","79.1","45.3","56.5","7.5","5.9","4.3","0.0","0.0","0.0","7.2","7.9","2.1"
"20220425","대전","유성구","20.1","26.1","15.0","17.9","14.3","20.7","8.1","6.7","0.0","2.7","2.3","12.2","7.9","13.49","26.13","0.0","66.0","52.0","56.6","9.9","1.1","4.3","0.0","0.0","0.0","4.8","9.9","2.1"
"20220424","대전","유성구","19.7","26.9","14.1","17.9","14.3","20.6","8.3","0.0","0.0","3.0","9.4","6.6","7.6","24.41","19.09","0.0","64.5","39.3","57.2","3.9","6.0","4.5","0.0","0.0","0.0","7.5","7.7","2.1"
"20220423","대전","유성구","18.9","26.1","12.7","19.0","14.3","20.6","8.4","0.0","0.1","3.2","6.6","0.5","7.3","20.53","11.34","0.0","55.3","34.9","58.0","8.3","9.4","4.7","0.0","0.0","0.0","6.2","10.6","2.2"
"20220422","대전","유성구","16.7","23.6","10.8","21.8","14.3","20.5","8.5","0.0","0.0","3.0","6.3","6.0","7.1","16.66","18.87","0.0","64.1","35.4","58.7","4.1","8.4","4.9","0.0","0.0","0.0","10.0","12.3","2.3"
"20220421","대전","유성구","14.6","21.3","7.5","19.6","14.2","20.5","8.4","0.0","0.0","3.5","5.0","10.7","6.9","15.82","22.09","0.0","50.1","43.5","59.3","3.8","6.5","5.0","0.0","0.0","0.0","7.6","5.8","2.3"
"20220420","대전","유성구","15.2","23.0","6.3","15.8","14.2","20.6","8.3","0.0","0.0","2.9","12.4","11.2","6.8","26.95","24.49","0.0","41.1","53.0","59.3","0.1","3.8","5.1","0.0","0.0","0.0","9.1","5.2","2.2"
"20220419","대전","유성구","15.7","24.7","7.1","13.5","14.1","20.5","8.0","0.0","0.0","3.3","12.2","12.5","7.0","25.34","25.96","0.0","38.9","58.3","58.5","2.1","0.0","5.0","0.0","0.0","0.0","9.1","7.7","2.2"
"20220418","대전","유성구","15.0","23.3","9.2","11.1","13.8","20.5","7.5","0.0","0.0","3.3","7.9","9.6","7.4","19.83","22.53","0.0","43.0","55.6","57.8","7.5","3.4","4.6","0.0","0.0","0.0","9.1","8.0","2.2"
"20220417","대전","유성구","13.9","22.5","4.7","10.7","13.6","20.5","7.2","0.0","0.0","2.9","12.1","8.9","7.8","26.44","19.02","0.0","40.3","60.3","56.4","2.3","4.9","4.3","0.0","0.0","0.0","8.5","11.5","2.1"
"20220416","대전","유성구","13.1","20.5","6.1","11.8","13.4","20.2","7.0","0.0","0.0","2.5","12.3","1.0","8.0","25.98","5.01","0.0","44.4","76.3","55.0","1.6","8.5","4.2","0.0","0.0","0.0","10.4","8.1","2.1"
"20220415","대전","유성구","12.6","19.5","6.4","11.6","12.9","19.6","6.6","0.0","0.0","2.5","11.5","11.6","8.0","24.04","23.47","0.0","54.3","49.0","54.7","2.5","4.3","4.1","0.0","0.0","0.0","10.5","4.8","2.2"
"20220414","대전","유성구","10.7","14.1","8.7","9.6","12.6","19.2","6.4","2.2","0.0","2.0","0.5","12.2","7.9","8.75","26.48","0.0","74.0","48.8","54.7","8.8","1.3","4.2","0.0","0.0","0.0","8.3","10.7","2.3"
"20220413","대전","유성구","14.0","17.9","9.1","11.3","12.3","18.7","6.4","29.0","1.8","1.8","0.0","8.1","7.5","1.69","18.08","0.0","87.5","73.4","55.3","9.8","5.1","4.5","0.0","0.0","0.0","8.8","9.1","2.3"
"20220412","대전","유성구","20.7","27.2","14.8","13.6","12.1","18.3","6.4","0.0","15.3","2.6","10.7","0.0","7.1","23.65","5.55","0.0","66.3","72.3","56.5","3.0","10.0","4.8","0.0","0.0","0.0","9.7","7.6","2.3"
"20220411","대전","유성구","20.6","28.3","12.1","15.6","12.0","18.1","6.4","0.0","0.0","3.1","11.9","11.5","6.8","24.42","23.28","0.0","54.1","50.3","57.0","1.5","2.6","5.1","0.0","0.0","0.0","7.4","6.7","2.4"
"20220410","대전","유성구","18.6","27.6","10.0","13.0","12.0","18.3","6.2","0.0","0.0","2.9","9.6","11.5","7.0","23.36","22.33","0.0","43.3","50.8","55.9","3.8","1.0","4.9","0.0","0.0","0.0","7.5","9.0","2.3"
"20220409","대전","유성구","18.2","25.9","9.8","12.3","11.9","18.2","6.2","0.0","0.0","2.7","11.2","11.1","7.1","23.0","23.73","0.0","39.8","51.4","56.5","0.3","1.5","4.8","0.0","0.0","0.0","9.6","10.9","2.2"
"20220408","대전","유성구","13.9","23.0","3.2","13.1","11.7","18.0","5.8","0.0","0.0","2.9","12.0","11.4","6.8","25.09","24.77","0.0","35.1","39.9","56.9","0.0","1.1","5.1","0.0","0.0","0.0","8.1","7.9","2.2"
"20220407","대전","유성구","11.9","18.9","7.6","14.3","11.5","18.0","5.4","0.7","0.0","2.7","8.5","11.8","7.1","21.23","24.49","0.0","47.9","46.4","55.8","3.8","1.5","4.7","0.0","0.0","0.0","9.2","8.1","2.2"
"20220406","대전","유성구","12.5","20.9","5.0","13.2","11.2","17.8","5.0","0.0","0.0","2.2","11.1","10.6","7.3","23.47","22.95","0.0","36.8","50.6","55.5","1.3","2.0","4.5","0.0","0.0","0.0","7.6","9.7","2.1"
"20220405","대전","유성구","10.3","17.8","2.7","11.6","10.8","17.4","4.8","0.0","0.0","2.2","6.8","12.2","7.3","18.65","25.14","0.0","38.6","55.9","56.0","6.1","0.6","4.4","0.0","0.0","0.0","7.9","7.1","2.1"
"20220404","대전","유성구","10.8","19.7","2.7","11.7","10.6","17.1","4.3","0.0","6.8","2.2","11.8","1.0","7.4","24.35","8.5","0.0","41.8","89.8","55.2","0.0","7.5","4.3","0.0","0.0","0.0","9.1","6.5","2.1"
"20220403","대전","유성구","9.6","17.9","1.1","16.4","10.3","17.0","4.1","0.0","22.0","2.2","11.8","0.0","7.6","24.46","3.55","0.0","45.0","84.4","54.3","0.0","10.0","4.0","0.0","0.0","0.0","7.1","6.6","2.1"
"20220402","대전","유성구","8.1","15.7","1.4","17.6","10.0","16.5","4.0","0.0","0.0","2.0","11.5","5.0","7.4","24.71","16.67","0.0","47.3","50.5","55.3","0.0","7.3","4.1","0.0","0.0","0.0","9.2","10.1","2.1"
"20220401","대전","유성구","9.7","15.9","4.3","15.8","9.8","16.2","3.9","0.0","0.0","1.9","10.5","0.0","7.1","22.55","0.0","0.0","47.4","41.0","56.2","4.0","6.9","4.2","0.0","0.0","0.0","7.1","13.3","2.0"
"20220331","대전","유성구","11.4","15.0","8.0","14.3","9.6","15.9","3.7","0.0","0.0","1.9","0.1","11.1","6.9","8.62","22.36","0.0","69.4","38.6","56.5","9.3","3.3","4.5","0.0","0.0","0.0","7.9","4.1","2.0"
"20220330","대전","유성구","12.4","18.3","4.8","12.6","9.4","15.8","3.5","0.2","0.0","1.7","2.1","11.5","6.9","9.16","23.29","0.0","69.0","39.3","56.5","7.5","1.3","4.5","0.0","0.0","0.0","8.7","6.1","1.9"
"20220329","대전","유성구","10.7","18.9","1.6","12.2","9.2","15.6","3.3","0.0","0.0","1.3","11.5","7.9","7.0","23.51","17.36","0.0","49.8","56.9","56.5","0.0","4.1","4.4","0.0","0.0","0.0","6.7","8.4","2.0"
"20220328","대전","유성구","7.7","16.1","-0.5","10.3","9.0","15.3","3.1","0.0","1.8","1.2","11.0","0.1","7.1","23.0","3.61","0.0","44.1","94.4","56.3","1.5","9.5","4.3","0.0","0.0","0.0","6.9","8.5","2.0"
"20220327","대전","유성구","8.4","16.6","2.9","12.2","8.6","14.9","2.8","0.0","20.5","1.1","11.1","0.1","7.2","21.32","5.19","0.0","53.3","78.0","56.4","2.3","9.6","4.3","0.0","0.0","0.0","13.2","6.6","2.0"
"20220326","대전","유성구","11.0","14.7","7.9","14.4","8.1","14.3","2.4","13.7","0.0","1.2","0.0","8.4","7.2","3.45","16.79","0.0","89.6","50.3","56.9","8.3","5.5","4.3","0.0","0.0","0.0","11.5","5.3","2.0"
"20220325","대전","유성구","12.6","19.0","5.3","13.0","7.8","13.9","2.2","9.1","0.0","1.5","2.4","11.1","7.2","13.32","21.51","0.0","66.6","58.3","56.8","9.5","0.3","4.2","0.0","0.0","0.0","8.4","5.9","2.0"
"20220324","대전","유성구","8.7","15.6","1.2","10.8","7.5","13.5","2.2","0.0","0.0","1.5","5.0","9.7","7.1","15.16","19.79","0.0","61.4","53.5","57.0","5.5","3.9","4.4","0.0","0.0","0.0","6.7","7.4","2.1"
"20220323","대전","유성구","5.8","9.6","3.1","9.9","7.5","13.5","2.2","0.0","0.0","1.7","0.7","10.7","6.9","7.82","20.86","0.0","60.3","63.1","56.6","6.3","0.9","4.6","0.0","0.0","0.0","6.4","8.9","2.1"
"20220322","대전","유성구","6.9","13.6","1.0","7.1","7.6","13.7","2.2","0.0","0.0","1.9","9.5","11.2","6.7","20.33","20.01","0.0","44.3","51.5","56.3","4.6","1.1","4.6","0.0","0.0","0.0","8.6","10.8","2.2"
"20220321","대전","유성구","5.8","12.4","-1.1","6.4","7.9","14.1","2.3","0.0","0.0","1.9","8.7","5.9","6.8","17.26","11.43","0.0","48.6","67.3","56.1","7.9","6.5","4.5","0.0","0.0","0.0","7.5","10.9","2.2"
"20220320","대전","유성구","5.1","10.4","2.0","9.0","8.0","14.1","2.3","0.0","6.7","2.1","2.1","0.1","6.6","10.64","2.76","0.0","68.9","87.9","57.0","8.4","9.8","4.6","0.0","0.0","0.0","7.1","8.5","2.1"
"20220319","대전","유성구","4.1","6.2","2.9","13.7","7.9","14.3","2.0","12.9","0.0","2.1","0.2","7.5","6.7","3.93","16.28","0.0","82.8","55.9","57.2","9.4","8.3","4.5","0.0","0.0","0.0","10.2","10.2","2.1"
"20220318","대전","유성구","6.4","8.5","5.0","12.5","7.7","13.9","1.9","3.9","0.0","2.0","0.0","10.1","6.5","4.57","19.37","0.0","76.0","55.5","58.1","9.8","3.0","4.6","0.0","0.0","0.0","12.2","7.8","2.1"
"20220317","대전","유성구","9.1","11.1","6.4","10.0","7.4","13.6","1.7","5.8","0.0","2.3","0.0","10.8","6.6","3.09","20.56","0.0","79.1","49.3","58.7","10.0","1.1","4.7","0.0","0.0","0.0","8.2","4.3","2.1"
"20220316","대전","유성구","11.3","19.4","3.1","11.1","7.0","13.2","1.3","0.0","0.0","2.1","8.4","10.3","6.4","18.24","21.22","0.0","58.0","50.4","59.0","4.1","2.6","4.7","0.0","0.0","0.0","6.1","7.9","2.0"
"20220315","대전","유성구","9.4","16.3","3.5","11.8","6.6","12.9","0.8","0.0","0.0","1.7","8.6","8.6","6.7","18.95","16.61","0.0","65.1","64.0","58.2","4.4","6.4","4.5","0.0","0.0","0.0","5.6","7.2","2.0"
"20220314","대전","유성구","11.3","15.5","6.0","9.4","6.3","12.6","0.5","3.2","0.0","1.7","0.2","6.8","6.7","2.98","13.99","0.0","85.8","72.0","57.2","8.6","4.6","4.4","0.0","0.0","0.0","9.5","5.1","2.0"
"20220313","대전","유성구","14.4","16.7","13.0","9.0","5.9","12.2","0.0","24.6","0.0","1.3","0.0","5.3","6.9","1.5","14.73","0.0","88.3","75.1","56.1","9.9","6.1","4.2","0.0","0.0","0.0","7.8","5.0","1.9"
"20220312","대전","유성구","15.3","21.6","9.0","8.3","5.5","11.7","-0.2","0.0","12.2","1.1","2.8","0.0","6.8","11.74","3.53","0.0","64.1","88.0","56.1","7.1","9.0","4.2","0.0","0.0","0.0","7.6","6.1","2.0"
"20220311","대전","유성구","11.0","17.6","3.8","11.0","5.3","11.5","-0.5","0.0","0.0","1.0","1.0","8.0","6.8","8.96","17.54","0.0","55.1","49.1","55.9","6.9","6.1","4.3","0.0","0.0","0.0","4.5","5.2","2.0"
"20220310","대전","유성구","9.6","18.3","0.9","9.6","5.0","11.1","-0.6","0.0","0.0","1.1","8.0","10.7","6.7","14.65","19.19","0.0","39.9","50.9","56.5","4.9","0.0","4.4","0.0","0.0","0.0","6.5","6.4","2.0"
"20220309","대전","유성구","7.8","16.7","-0.3","7.5","4.8","10.6","-0.5","0.0","0.0","1.2","8.2","6.1","6.5","18.31","14.01","0.0","51.9","58.3","58.0","1.1","6.9","4.5","0.0","0.0","0.0","5.5","4.9","2.1"
"20220308","대전","유성구","6.1","15.3","-2.1","8.0","4.8","10.5","-0.4","0.0","0.0","1.5","10.4","9.7","6.3","18.36","18.52","0.0","48.9","65.0","59.5","1.9","4.3","4.6","0.0","0.0","0.0","6.2","4.4","2.1"
"20220307","대전","유성구","4.3","12.1","-2.9","6.7","4.7","10.5","-0.5","0.0","0.0","2.3","9.7","2.5","6.2","17.93","9.85","0.0","36.3","71.5","60.6","4.5","7.6","4.7","0.0","0.0","0.0","7.9","9.1","2.0"
"20220306","대전","유성구","2.2","9.6","-2.9","7.5","4.7","10.3","-0.4","0.0","0.0","2.6","10.8","6.7","6.1","20.91","14.02","0.0","32.3","74.5","61.1","0.5","6.8","4.7","0.0","0.0","0.0","9.6","12.5","2.0"
"20220305","대전","유성구","3.9","9.0","-0.7","8.5","4.6","10.3","-0.4","0.0","0.0","2.4","10.7","7.1","6.2","20.12","16.14","0.0","36.0","75.8","61.3","0.3","4.4","4.6","0.0","0.0","0.0","16.2","5.5","2.0"
"20220304","대전","유성구","8.6","16.8","-0.3","5.7","4.5","10.3","-0.8","0.0","3.0","2.2","6.8","0.1","6.3","15.04","5.9","0.0","48.6","79.5","61.0","4.9","8.0","4.6","0.0","0.0","0.0","12.9","3.7","1.9"
"20220303","대전","유성구","7.0","14.6","-0.5","4.3","4.3","10.2","-0.9","0.0","0.0","2.2","10.4","7.9","6.4","18.78","14.84","0.0","49.5","67.4","60.6","0.0","5.4","4.5","0.0","0.0","0.0","8.5","3.5","1.9"
"20220302","대전","유성구","3.8","11.6","-2.9","3.0","4.2","10.0","-0.9","0.0","0.2","1.7","10.7","2.5","6.3","18.95","8.27","0.0","52.9","81.0","60.4","0.0","6.4","4.7","0.0","0.0","0.0","8.1","6.8","1.9"
"20220301","대전","유성구","6.7","12.7","1.2","8.2","4.0","9.8","-1.1","0.6","50.8","1.8","1.8","0.0","6.3","8.76","0.0","0.0","64.9","95.3","60.1","6.1","10.0","4.6","0.0","0.0","0.0","10.6","10.0","1.8"
"20220228","대전","유성구","6.9","14.1","-1.1","7.4","3.9","9.6","-1.1","0.0","0.0","1.7","8.2","1.6","6.2","14.49","6.92","0.0","44.3","69.6","60.1","6.4","8.1","4.7","0.0","0.0","0.0","5.0","7.0","1.8"
"20220227","대전","유성구","5.0","12.2","-1.3","8.7","4.0","9.6","-1.0","0.0","0.0","2.5","10.4","9.7","5.9","18.87","16.12","0.0","46.9","52.5","60.3","0.0","5.1","4.9","0.0","0.0","0.0","10.3","11.9","1.8"
"20220226","대전","유성구","6.8","12.7","2.0","8.9","3.8","9.5","-1.4","1.4","0.0","2.3","8.1","8.6","6.0","15.23","15.45","0.0","62.1","49.8","59.7","3.4","6.8","4.7","0.0","0.0","0.0","12.6","9.9","1.7"
"20220225","대전","유성구","2.9","10.1","-5.2","4.7","3.4","9.3","-1.8","0.0","0.0","1.8","7.6","0.1","6.6","14.68","4.65","0.0","63.1","59.0","58.7","1.5","9.0","4.3","0.0","0.0","0.0","7.6","4.1","1.7"
"20220224","대전","유성구","-1.6","5.9","-9.3","4.5","3.2","9.0","-2.1","0.0","0.0","1.8","10.4","8.4","6.3","18.53","14.32","0.0","41.9","34.3","59.6","0.0","6.1","4.4","0.0","0.0","0.0","10.5","3.7","1.8"
"20220223","대전","유성구","-4.1","2.5","-8.6","1.9","2.9","8.7","-2.4","0.0","0.0","2.1","9.8","10.4","6.4","17.32","15.96","0.0","34.9","38.3","59.1","2.6","2.4","4.2","0.0","0.0","0.0","9.4","6.0","1.8"
"20220222","대전","유성구","-2.2","3.0","-7.1","11.7","2.6","8.5","-2.9","0.0","0.0","1.4","8.8","10.1","6.8","16.12","14.94","0.0","44.9","46.9","58.7","3.0","0.8","3.8","0.0","0.0","0.0","11.5","9.0","1.9"
"20220221","대전","유성구","-0.7","5.5","-7.5","14.3","2.3","8.2","-3.0","0.0","0.0","1.5","7.1","10.0","6.8","13.57","16.01","0.0","50.3","53.3","58.8","3.0","0.0","3.8","0.0","0.0","0.0","11.7","9.4","1.9"
"20220220","대전","유성구","-3.2","1.3","-6.6","11.2","2.0","7.9","-3.3","0.0","0.0","1.4","10.0","8.6","6.5","18.04","14.06","0.0","40.9","64.9","58.3","1.4","0.8","3.9","0.0","0.0","0.0","12.3","8.3","1.8"
"20220219","대전","유성구","0.5","5.2","-3.4","2.6","1.7","7.4","-3.5","0.0","0.0","1.0","2.6","10.1","6.8","9.34","16.29","0.0","45.1","66.3","57.2","8.9","0.0","3.7","0.0","0.0","0.0","12.2","8.5","1.8"
"20220218","대전","유성구","-0.9","8.1","-9.5","-4.3","1.5","7.2","-3.6","0.0","0.4","1.2","9.6","9.3","6.7","16.87","14.36","0.0","39.4","61.6","57.6","5.0","3.5","3.8","0.0","2.0","0.0","4.5","7.8","1.8"
"20220217","대전","유성구","-5.5","0.4","-10.6","-6.1","1.4","6.9","-3.5","0.0","0.1","1.2","9.8","9.3","6.3","16.93","14.57","0.0","43.9","56.1","57.6","0.8","4.3","4.1","0.0","0.1","0.0","9.9","11.5","1.8"
"20220216","대전","유성구","-5.6","-1.7","-8.7","-2.7","1.5","7.0","-3.4","0.0","3.4","1.1","6.9","5.1","6.2","13.5","9.75","0.0","55.3","66.8","58.3","3.3","3.3","4.3","0.0","5.7","0.0","14.6","8.8","1.8"
"20220215","대전","유성구","-2.3","1.0","-6.1","3.0","1.5","7.1","-3.3","0.0","0.5","1.4","2.4","4.7","6.1","9.49","7.48","0.0","53.5","65.6","59.2","6.0","7.3","4.3","0.0","0.0","0.0","12.4","12.4","1.8"
"20220214","대전","유성구","4.1","12.3","-2.0","9.1","1.5","7.0","-3.3","0.0","1.0","1.7","7.6","0.9","6.1","13.23","6.41","0.0","55.5","66.0","59.5","5.5","9.3","4.3","0.0","0.0","0.0","12.3","3.8","1.8"
"20220213","대전","유성구","5.0","11.7","-0.4","7.6","1.4","7.0","-3.4","0.0","0.0","1.4","4.4","9.7","6.0","10.63","14.77","0.0","48.3","47.8","59.7","4.6","0.8","4.4","0.0","0.0","0.0","6.5","3.7","1.8"
"20220212","대전","유성구","4.3","12.5","-1.9","6.9","1.1","6.6","-3.7","0.0","0.0","1.2","9.4","8.2","6.0","14.64","13.84","0.0","44.8","56.0","60.7","3.3","3.6","4.3","0.0","0.0","0.0","5.4","6.6","1.7"
"20220211","대전","유성구","2.8","10.7","-4.7","5.3","0.6","5.9","-4.0","0.0","0.0","1.2","9.5","6.7","6.0","14.67","11.77","0.0","45.9","68.0","61.1","2.8","7.8","4.3","0.0","0.0","0.0","7.6","4.3","1.7"
"20220210","대전","유성구","2.9","9.4","-1.3","2.6","0.2","5.3","-4.3","0.0","0.0","1.2","9.2","7.6","5.8","14.88","12.06","0.0","39.6","68.9","61.4","2.1","3.5","4.4","0.0","0.0","0.0","11.5","5.4","1.7"
"20220209","대전","유성구","1.5","8.9","-6.0","0.0","0.1","5.3","-4.6","0.0","0.0","0.9","8.4","9.9","5.7","13.6","15.37","0.0","45.4","51.8","62.3","5.4","0.0","4.4","0.0","0.0","0.0","4.3","7.4","1.7"
"20220208","대전","유성구","-0.1","7.0","-5.7","-1.7","0.1","5.3","-4.6","0.0","0.0","0.8","6.8","9.8","5.8","11.87","15.57","0.0","47.9","46.8","62.9","2.4","0.0","4.5","0.0","0.0","0.0","6.5","10.6","1.7"
"20220207","대전","유성구","-2.1","2.7","-7.5","5.8","-0.1","5.3","-4.9","0.0","0.0","0.7","4.1","7.6","5.9","9.62","9.99","0.0","47.3","65.5","62.3","5.3","4.0","4.3","0.0","0.0","0.0","7.5","7.2","1.6"
"20220206","대전","유성구","-3.0","2.9","-8.6","6.0","-0.1","5.4","-5.0","0.0","0.0","0.7","5.4","1.6","6.0","10.73","4.33","0.0","61.9","78.6","62.1","1.5","8.0","4.1","0.0","0.0","0.0","9.7","6.5","1.6"
"20220205","대전","유성구","-4.9","0.2","-9.1","1.2","-0.3","5.4","-5.3","0.0","0.0","0.6","6.1","5.5","6.3","11.3","10.6","0.0","59.6","54.3","62.5","2.9","5.5","3.9","0.0","0.0","0.0","12.9","6.4","1.5"
"20220204","대전","유성구","-2.4","2.6","-5.0","-0.5","-0.6","5.0","-5.5","0.0","0.5","0.6","6.1","9.6","6.6","12.42","14.92","0.0","53.0","49.3","61.9","7.5","1.4","3.5","0.0","0.7","0.0","12.8","6.6","1.5"
"20220203","대전","유성구","-1.7","4.3","-5.2","-1.4","-0.9","4.7","-5.8","0.0","0.1","0.8","9.4","9.6","6.5","14.7","14.32","0.0","44.1","56.0","61.6","1.4","1.6","3.3","0.0","0.3","0.0","10.0","8.5","1.5"
"20220202","대전","유성구","-0.2","4.0","-3.9","-2.4","-0.9","4.7","-5.8","0.0","0.0","0.9","7.8","9.6","6.4","13.39","14.5","0.0","44.9","46.9","62.5","4.9","1.0","3.4","0.0","0.0","0.0","9.9","9.6","1.5"
"20220201","대전","유성구","0.4","2.2","-0.9","7.3","-0.9","4.6","-5.8","0.0","8.1","0.8","1.5","3.1","6.4","5.82","7.52","0.0","64.5","82.0","62.3","7.4","8.4","3.5","0.1","0.0","0.0","11.2","7.3","1.6"
"20220131","대전","유성구","-0.5","7.2","-7.6","3.8","-0.8","4.7","-5.7","0.3","0.0","0.6","9.4","7.9","6.2","13.68","11.45","0.0","54.4","63.3","62.1","1.5","3.8","3.7","0.4","0.0","0.0","6.3","7.3","1.6"
"20220130","대전","유성구","-2.0","4.7","-7.1","0.2","-0.7","4.7","-5.5","0.0","0.0","0.6","9.1","5.5","6.0","12.68","7.75","0.0","44.3","61.0","62.0","2.1","4.5","3.9","0.0","0.0","0.0","8.2","7.4","1.6"
"20220129","대전","유성구","-2.0","4.6","-5.9","-6.0","-0.8","4.6","-5.6","0.0","0.0","0.5","8.9","0.0","5.9","13.74","0.0","0.0","45.1","55.4","62.6","3.4","1.8","3.9","0.0","0.0","0.0","9.3","7.9","1.6"
"20220128","대전","유성구","-1.0","5.2","-5.1","-1.6","-0.8","4.4","-5.5","0.0","1.6","0.5","9.1","3.8","5.9","13.65","5.55","0.0","49.3","66.0","62.9","2.8","6.5","3.9","0.0","0.0","0.0","9.3","12.6","1.6"
"20220127","대전","유성구","0.3","6.5","-3.4","2.9","-1.0","4.2","-5.8","0.0","0.0","0.5","8.9","7.2","5.9","12.45","11.98","0.0","49.9","52.3","63.3","2.6","6.3","3.9","0.0","0.0","0.0","6.9","8.8","1.6"
"20220126","대전","유성구","2.7","6.6","-0.5","6.2","-1.3","3.9","-6.1","0.0","4.0","0.5","3.3","0.0","6.1","7.97","2.68","0.0","56.5","84.1","63.5","7.4","9.6","3.8","0.0","0.0","0.0","7.9","6.5","1.6"
"20220125","대전","유성구","3.4","4.8","1.3","8.3","-1.5","3.6","-6.1","0.2","0.0","0.5","0.0","8.3","6.0","1.27","10.81","0.0","76.0","64.5","64.4","8.0","6.8","3.9","0.0","0.0","0.0","5.4","9.0","1.6"
"20220124","대전","유성구","4.1","9.9","-2.4","8.2","-1.4","3.4","-5.8","0.0","0.0","0.6","5.7","9.1","5.7","10.13","12.18","0.0","55.6","66.6","65.2","4.9","3.1","4.2","0.0","0.0","0.0","10.7","6.4","1.6"
"20220123","대전","유성구","4.6","10.2","0.5","8.0","-1.5","3.3","-5.8","0.0","0.0","0.9","2.3","0.0","5.6","7.35","3.69","0.0","50.5","82.4","65.5","5.3","9.4","4.4","0.0","0.0","0.0","5.0","11.4","1.5"
"20220122","대전","유성구","3.6","9.3","-2.8","7.4","-1.3","3.5","-5.4","0.0","2.9","1.1","2.1","0.0","5.4","7.13","3.86","0.0","47.1","94.6","65.6","8.4","10.0","4.6","0.0","0.0","0.0","3.4","3.8","1.5"
"20220121","대전","유성구","-1.9","6.8","-9.1","4.9","-1.0","3.7","-5.1","0.0","4.6","1.1","9.0","3.5","5.3","12.91","5.51","0.0","50.6","72.8","65.6","1.3","8.5","4.8","0.0","0.0","0.0","4.1","2.8","1.5"
"20220120","대전","유성구","-4.0","3.2","-9.4","-0.6","-0.9","3.9","-5.1","0.0","0.0","1.2","8.9","9.0","5.3","12.28","11.98","0.0","56.5","52.4","65.4","0.0","1.3","4.8","0.0","0.0","0.0","6.7","3.1","1.5"
"20220119","대전","유성구","-3.2","4.1","-9.5","-4.8","-0.8","4.2","-5.1","0.0","0.0","1.1","4.6","9.1","5.2","8.13","12.65","0.0","59.6","45.6","65.4","5.0","0.1","4.7","0.1","0.0","0.0","9.2","5.0","1.5"
"20220118","대전","유성구","-4.4","2.6","-9.7","-1.5","-0.7","4.3","-5.0","0.0","3.3","0.9","9.0","2.3","5.1","12.66","5.97","0.0","40.5","74.6","65.4","0.0","5.5","4.7","0.0","6.6","0.0","6.5","13.3","1.4"
"20220117","대전","유성구","-3.1","2.3","-7.2","-3.3","-0.9","4.3","-5.4","0.0","0.0","1.0","4.1","8.5","5.2","8.59","11.98","0.0","59.3","61.9","65.5","4.5","3.4","4.5","0.4","0.1","0.0","11.7","7.1","1.4"
"20220116","대전","유성구","0.7","4.2","-4.3","-1.1","-1.0","4.1","-5.4","0.0","0.0","1.1","8.1","6.2","5.1","12.05","9.82","0.0","53.0","58.6","65.7","2.8","5.6","4.5","0.0","0.0","0.0","11.0","8.3","1.4"
"20220115","대전","유성구","0.6","6.3","-6.2","6.1","-1.1","3.9","-5.3","0.0","0.0","1.0","4.3","0.8","4.9","8.88","4.64","0.0","45.0","69.5","66.2","8.0","8.8","4.6","0.0","0.0","0.0","4.6","13.6","1.4"
"20220114","대전","유성구","-4.0","3.5","-10.4","3.3","-1.1","3.9","-5.4","0.0","0.0","0.9","8.8","8.7","5.1","12.36","11.02","0.0","46.0","58.1","65.8","1.3","0.0","4.6","0.0","0.0","0.0","6.6","4.3","1.4"
"20220113","대전","유성구","-4.5","-0.3","-6.8","3.7","-1.3","3.7","-5.6","0.4","0.0","1.0","7.2","7.8","5.3","11.24","9.64","0.0","51.9","81.0","65.7","2.9","1.4","4.5","1.0","0.0","0.0","13.9","8.7","1.4"
"20220112","대전","유성구","-5.1","1.6","-10.8","-1.4","-1.2","3.6","-5.4","0.0","1.3","0.5","8.8","6.7","5.2","11.94","10.03","0.0","49.4","77.6","65.8","1.1","6.8","4.4","0.0","2.1","0.0","8.7","6.7","1.5"
"20220111","대전","유성구","-3.8","0.7","-7.3","-6.0","-1.2","3.7","-5.5","0.3","0.0","0.5","7.8","0.3","5.1","11.46","4.91","0.0","55.5","70.8","66.3","4.8","8.1","4.4","0.4","0.0","0.0","11.7","2.8","1.5"
"20220110","대전","유성구","0.7","7.0","-4.6","-8.0","-1.2","3.8","-5.5","0.0","0.0","0.6","5.4","6.8","5.3","8.6","9.56","0.0","62.9","63.6","66.8","6.6","3.0","4.4","0.0","0.0","0.0","6.4","2.8","1.5"
"20220109","대전","유성구","2.5","8.0","-1.9","-11.4","-1.2","3.7","-5.5","0.0","0.0","1.2","6.1","8.5","5.2","8.14","11.16","0.0","63.5","65.5","67.1","5.1","0.9","4.4","0.0","0.0","0.0","4.9","6.0","1.5"
"20220108","대전","유성구","0.7","7.1","-7.0","-13.5","-1.0","3.9","-5.4","0.0","0.0","1.3","8.4","8.9","5.1","10.6","11.82","0.0","56.5","57.8","67.2","3.0","1.6","4.5","0.0","0.0","0.0","8.3","5.8","1.5"
"20220107","대전","유성구","-1.5","6.9","-7.5","-11.2","-1.0","3.9","-5.5","0.0","1.5","1.4","8.7","8.2","5.1","11.28","11.14","0.0","50.8","57.8","66.9","0.0","2.8","4.6","0.0","3.0","0.0","3.7","11.7","1.5"
"20220106","대전","유성구","-0.7","6.2","-5.4","-5.3","-1.1","4.0","-5.5","0.0","2.2","1.4","8.7","8.6","5.3","11.29","10.59","0.0","48.4","66.5","65.9","0.0","2.5","4.4","0.0","5.8","0.0","8.0","7.9","1.5"
"20220105","대전","유성구","-1.4","2.6","-5.7","-2.8","-0.9","4.3","-5.5","0.0","0.1","1.2","0.4","8.0","5.4","5.52","9.51","0.0","53.1","61.1","65.3","9.4","3.6","4.3","0.0","0.1","0.0","3.3","7.8","1.5"
"20220104","대전","유성구","0.1","5.4","-4.2","-2.8","-0.8","4.5","-5.4","0.0","0.0","0.6","8.7","5.7","5.4","11.35","8.09","0.0","48.5","67.6","65.2","1.4","4.0","4.2","0.0","0.0","0.0","7.5","4.2","1.5"
"20220103","대전","유성구","-1.7","4.2","-7.9","-4.1","-0.8","4.5","-5.5","0.0","0.0","0.5","8.5","4.9","5.5","10.56","7.63","0.0","63.6","63.8","65.6","2.6","5.6","4.2","0.0","0.0","0.0","6.8","3.8","1.5"
"20220102","대전","유성구","-1.2","6.3","-6.2","-3.5","-0.8","4.5","-5.4","0.0","0.0","0.4","5.2","8.5","5.5","7.68","10.89","0.0","58.5","67.5","66.0","3.9","1.5","3.9","0.0","0.0","0.0","9.1","9.3","1.5"
"20220101","대전","유성구","-4.4","2.3","-10.0","-4.6","-0.8","4.6","-5.5","0.0","2.1","0.4","8.6","2.7","5.3","10.74","4.73","0.0","54.5","88.8","67.1","2.9","5.9","4.1","0.0","4.3","0.0","4.7","2.5","1.5"
"20211231","대전","유성구","-5.0","0.5","-8.3","-7.7","-0.9","4.4","-5.5","0.0","0.0","0.5","8.7","7.7","5.3","11.56","10.39","0.0","51.6","71.1","67.4","0.0","1.9","4.1","0.0","0.1","0.0","10.2","5.2","1.5"
"20211230","대전","유성구","-1.4","3.0","-4.5","-7.5","-1.0","4.2","-5.6","0.5","0.0","0.5","5.2","5.7","5.3","7.11","7.59","0.0","59.8","63.5","67.2","5.5","5.3","4.1","2.3","0.0","0.0","10.6","11.2","1.4"
"20211229","대전","유성구","2.4","7.2","-2.1","1.3","-1.0","4.2","-5.6","0.0","2.5","0.5","2.2","0.0","5.5","5.26","0.0","0.0","70.8","84.4","66.3","6.5","8.4","3.8","0.0","2.0","0.0","11.3","9.1","1.4"
"20211228","대전","유성구","-0.5","3.5","-3.2","5.4","-0.9","4.4","-5.4","0.0","0.0","0.6","0.2","7.0","5.5","3.65","9.55","0.0","83.4","73.4","65.9","6.5","3.6","3.8","0.0","0.0","0.0","2.5","3.1","1.4"
"20211227","대전","유성구","-4.4","1.3","-12.2","3.0","-0.6","4.6","-5.0","0.0","0.0","0.7","6.4","2.8","5.6","9.16","6.02","0.0","59.6","78.4","66.0","5.1","6.8","3.7","0.0","0.0","0.0","6.3","2.2","1.4"
"20211226","대전","유성구","-9.5","-3.5","-14.5","1.4","-0.3","4.9","-4.7","0.0","0.0","0.8","8.6","3.3","5.5","11.27","4.77","0.0","53.9","75.3","66.5","0.3","5.4","3.8","0.0","0.0","0.0","8.9","4.9","1.4"
"20211225","대전","유성구","-7.1","-2.5","-10.3","0.3","0.2","5.4","-4.2","0.0","0.0","0.8","8.4","7.5","5.4","11.26","8.47","0.0","53.1","65.5","67.3","2.4","1.8","3.8","0.0","0.0","0.0","11.0","7.2","1.5"
"20211224","대전","유성구","1.8","9.4","-2.5","4.4","0.7","6.0","-3.7","0.0","0.0","0.8","2.3","8.0","5.2","5.76","9.34","0.0","67.9","61.0","68.5","7.1","2.8","4.2","0.0","0.0","0.0","10.9","9.6","1.5"
"20211223","대전","유성구","2.7","10.5","-3.1","3.8","1.1","6.3","-3.4","0.0","0.0","0.8","8.3","2.3","5.1","9.39","5.52","0.0","61.1","76.3","69.6","0.9","6.1","4.3","0.0","0.0","0.0","4.8","6.3","1.4"
"20211222","대전","유성구","2.9","10.6","-2.5","1.9","1.2","6.5","-3.3","0.0","0.0","0.8","8.6","8.3","5.1","10.34","9.31","0.0","55.5","75.0","70.1","0.0","3.9","4.4","0.0","0.0","0.0","4.0","7.4","1.4"
"20211221","대전","유성구","7.9","14.1","1.7","0.4","1.2","6.5","-3.4","0.0","0.0","0.6","7.2","4.2","5.2","8.47","7.04","0.0","72.9","69.6","69.7","2.6","6.6","4.4","0.0","0.0","0.0","5.8","4.0","1.3"
"20211220","대전","유성구","6.7","11.9","-0.8","-2.4","0.9","6.2","-3.7","0.0","0.0","0.5","3.8","8.5","5.3","5.55","10.4","0.0","72.9","52.6","69.1","4.9","0.8","4.3","0.0","0.0","0.0","7.6","6.3","1.3"
"20211219","대전","유성구","1.5","6.2","-2.4","-3.7","0.6","5.7","-3.8","0.4","0.0","0.7","8.5","8.6","5.2","10.42","11.35","0.0","72.5","44.1","68.7","2.0","2.9","4.3","0.8","0.0","0.0","8.6","9.0","1.3"
"20211218","대전","유성구","-3.8","3.3","-11.3","0.1","0.4","5.6","-4.0","0.1","0.0","0.6","7.9","3.7","5.2","10.57","4.71","0.0","66.4","64.8","68.2","3.6","5.1","4.4","0.7","0.0","0.0","6.3","8.4","1.3"
"20211217","대전","유성구","-2.0","6.1","-8.4","-3.7","0.4","5.5","-4.0","0.0","0.0","0.6","6.9","7.9","5.3","8.7","10.77","0.0","60.9","58.9","67.1","6.1","2.0","4.2","0.1","0.0","0.0","12.4","4.9","1.4"
"20211216","대전","유성구","6.7","11.2","4.8","-5.6","0.5","5.5","-3.9","0.0","0.0","0.8","1.8","8.8","5.4","4.85","10.62","0.0","83.8","56.8","66.9","8.9","0.1","4.2","0.0","0.0","0.0","3.6","7.7","1.4"
"20211215","대전","유성구","8.3","12.8","5.1","-5.9","0.7","5.8","-3.7","0.1","0.0","0.9","2.8","8.8","5.3","4.61","11.02","0.0","81.9","49.3","66.7","6.8","1.5","4.3","0.0","0.0","0.0","6.9","7.2","1.4"
"20211214","대전","유성구","3.4","8.9","-3.9","-4.7","0.9","6.0","-3.7","0.0","0.0","0.7","0.0","8.8","5.5","0.0","11.16","0.0","69.3","53.6","66.2","8.3","2.3","4.2","0.0","0.0","0.0","6.5","10.3","1.4"
"20211213","대전","유성구","-1.6","4.5","-5.7","1.1","1.2","6.1","-3.3","0.0","1.6","0.7","8.8","0.9","5.4","11.29","3.12","0.0","52.5","68.6","65.9","0.0","8.1","4.2","0.0","0.0","0.0","6.5","11.8","1.5"
"20211212","대전","유성구","3.9","8.9","-2.5","4.2","1.4","6.4","-3.1","0.0","0.0","1.0","5.4","8.5","5.2","8.01","10.08","0.0","66.4","48.1","67.0","4.1","2.1","4.4","0.0","0.0","0.0","10.0","8.0","1.5"
"20211211","대전","유성구","7.3","11.1","4.3","6.8","1.6","6.6","-2.9","0.0","0.0","1.0","2.3","4.3","5.2","5.91","6.9","0.0","86.6","71.0","67.0","8.9","8.1","4.3","0.0","0.0","0.0","5.0","5.2","1.5"
"20211210","대전","유성구","6.6","10.5","3.4","6.1","1.8","6.8","-2.7","1.5","0.0","1.1","1.4","2.5","5.1","2.72","6.31","0.0","95.6","63.4","67.6","8.4","7.1","4.4","0.0","0.0","0.0","6.6","3.8","1.5"
"20211209","대전","유성구","5.6","11.5","0.1","1.5","2.0","6.9","-2.3","0.0","0.0","1.3","3.8","7.5","4.8","6.56","10.0","0.0","81.3","58.8","68.7","6.0","3.5","4.7","0.0","0.0","0.0","3.4","4.6","1.4"
"20211208","대전","유성구","5.6","13.3","0.1","0.6","2.0","6.9","-2.5","0.0","0.0","1.6","8.6","8.6","5.0","10.52","10.05","0.0","80.5","59.8","69.0","1.0","1.5","4.6","0.0","0.0","0.0","3.7","5.2","1.4"
"20211207","대전","유성구","5.4","12.7","-0.2","2.8","1.9","6.9","-2.5","0.0","0.0","1.4","8.5","0.3","5.1","9.43","3.53","0.0","77.6","73.6","68.4","0.0","5.9","4.7","0.0","0.0","0.0","4.5","5.9","1.4"
"20211206","대전","유성구","4.4","12.3","-1.0","3.3","2.1","7.0","-2.4","0.0","0.0","1.8","4.4","7.9","5.0","6.75","10.01","0.0","78.9","77.9","69.3","4.4","2.0","4.8","0.0","0.0","0.0","2.6","3.7","1.4"
"20211205","대전","유성구","2.1","10.5","-3.3","1.3","2.2","7.2","-2.3","0.0","0.0","1.9","6.2","2.9","5.1","9.89","5.77","0.0","78.9","78.5","69.1","1.3","7.1","4.8","0.0","0.0","0.0","3.3","5.6","1.4"
"20211204","대전","유성구","0.6","3.6","-2.5","0.4","2.4","7.7","-2.2","0.1","0.0","1.8","2.3","8.7","5.3","2.96","10.71","0.0","74.8","64.3","68.8","2.4","2.3","4.5","0.0","0.0","0.0","6.6","5.3","1.4"
"20211203","대전","유성구","4.5","8.7","0.1","1.5","2.9","8.3","-1.7","1.6","0.0","1.5","8.2","7.7","5.1","10.52","10.16","0.0","68.4","60.0","69.3","4.8","4.3","4.6","0.0","0.0","0.0","10.8","7.9","1.4"
"20211202","대전","유성구","2.6","8.4","-4.2","3.4","3.4","9.0","-1.2","0.1","0.0","1.8","7.3","6.0","5.2","10.66","9.51","0.0","69.5","48.5","70.3","4.3","4.4","4.4","0.0","0.0","0.0","6.0","7.0","1.3"
"20211201","대전","유성구","0.9","3.8","-2.6","1.5","3.9","9.5","-0.6","0.0","0.0","1.6","7.1","8.8","5.1","8.13","11.15","0.0","59.9","54.8","70.1","4.9","3.8","4.4","0.0","0.0","0.0","10.0","5.8","1.3"
"20211130","대전","유성구","6.1","9.9","3.3","1.2","4.3","9.9","-0.2","20.7","0.0","1.3","0.2","8.9","5.1","1.49","11.15","0.0","86.8","70.4","69.8","9.4","0.0","4.4","0.0","0.0","0.0","11.5","6.1","1.2"
"20211129","대전","유성구","6.3","13.2","-0.6","2.0","4.5","10.0","0.1","0.0","0.0","1.7","6.6","1.0","4.9","9.07","4.39","0.0","73.0","69.5","70.1","3.3","7.4","4.6","0.0","0.0","0.0","3.6","5.5","1.3"
"20211128","대전","유성구","4.9","14.5","-2.3","2.9","4.8","10.1","0.4","0.0","0.0","1.8","7.4","0.0","4.7","10.49","0.0","0.0","57.1","54.0","70.4","2.8","6.8","4.8","0.0","0.0","0.0","5.1","7.9","1.3"
"20211127","대전","유성구","4.0","11.6","-0.7","5.9","5.0","10.3","0.6","0.0","0.0","1.5","9.0","1.3","4.7","11.72","4.36","0.0","58.9","63.6","70.0","0.0","7.4","4.8","0.0","0.0","0.0","3.6","9.9","1.4"
"20211126","대전","유성구","5.4","11.7","-0.3","6.9","5.2","10.6","0.7","0.0","0.0","1.6","8.7","7.4","4.7","11.44","10.1","0.0","62.5","66.0","70.2","0.4","6.8","4.9","0.0","0.0","0.0","5.9","4.6","1.4"
"20211125","대전","유성구","8.7","15.8","3.9","5.3","5.5","10.9","0.8","0.0","0.0","1.7","8.3","8.9","4.8","10.66","11.26","0.0","66.5","65.8","70.5","0.8","1.9","4.8","0.0","0.0","0.0","9.0","5.8","1.4"
"20211124","대전","유성구","6.1","12.4","-0.1","4.7","5.7","11.2","0.8","0.0","0.0","1.3","8.6","4.7","5.0","10.72","9.42","0.0","66.0","51.8","69.8","3.1","6.8","4.6","0.0","0.0","0.0","7.4","4.3","1.4"
"20211123","대전","유성구","1.8","3.8","-1.5","3.9","5.7","11.4","0.7","0.2","0.0","1.3","3.7","7.7","5.3","5.68","10.93","0.0","76.6","65.1","68.8","5.0","2.8","4.4","0.0","0.0","0.0","6.3","6.6","1.4"
"20211122","대전","유성구","5.3","12.6","1.8","7.9","5.7","11.4","0.7","3.6","4.4","1.3","4.7","0.0","5.5","7.37","2.24","0.0","78.8","82.3","68.0","7.1","8.0","4.4","0.0","0.0","0.0","12.0","8.1","1.4"
"20211121","대전","유성구","10.8","15.1","6.8","8.3","5.7","11.4","0.6","0.0","0.0","1.3","0.3","8.7","5.5","4.34","11.91","0.0","83.5","69.9","67.4","9.0","3.9","4.3","0.0","0.0","0.0","4.1","8.8","1.4"
"20211120","대전","유성구","11.8","17.3","8.2","6.6","5.7","11.3","0.7","0.0","0.0","1.3","5.0","0.0","5.6","8.3","0.0","0.0","83.1","77.1","66.7","5.1","9.3","4.3","0.0","0.0","0.0","3.5","8.6","1.5"
"20211119","대전","유성구","12.0","18.3","7.0","16.1","6.0","11.6","1.1","0.0","28.5","1.7","6.8","0.1","5.4","8.68","1.2","0.0","86.9","88.0","67.0","4.5","9.5","4.4","0.0","0.0","0.0","6.0","10.9","1.5"
"20211118","대전","유성구","10.3","16.5","3.6","15.4","6.3","11.9","1.5","0.0","3.6","1.8","6.3","0.0","5.4","8.57","0.0","0.0","82.0","95.5","66.8","4.5","9.4","4.4","0.0","0.0","0.0","6.0","4.2","1.5"
"20211117","대전","유성구","8.3","15.6","1.5","15.4","6.6","12.2","1.8","0.0","1.0","1.6","9.1","3.1","5.5","12.47","5.67","0.0","67.4","80.4","67.1","2.0","7.4","4.4","0.0","0.0","0.0","3.9","6.8","1.5"
"20211116","대전","유성구","8.7","16.4","3.9","11.3","7.1","12.7","2.4","0.0","0.0","1.3","8.8","6.8","5.6","11.61","9.26","0.0","68.1","79.5","67.1","0.0","3.5","4.3","0.0","0.0","0.0","5.2","3.3","1.5"
"20211115","대전","유성구","10.1","16.8","4.7","11.6","7.7","13.3","2.9","0.0","0.0","1.5","8.2","8.7","5.3","10.84","11.62","0.0","80.3","75.3","68.1","1.4","2.0","4.4","0.0","0.0","0.0","3.6","7.1","1.4"
"20211114","대전","유성구","10.2","17.6","3.9","11.3","8.1","13.8","3.3","0.0","0.0","1.6","8.6","6.7","5.5","10.43","11.26","0.0","75.3","73.6","68.1","2.1","4.4","4.2","0.0","0.0","0.0","7.0","3.8","1.4"
"20211113","대전","유성구","7.2","15.2","1.0","10.0","8.6","14.3","3.9","0.0","0.0","1.6","0.0","9.0","5.4","0.0","10.94","0.0","81.8","75.0","69.0","2.0","0.8","4.3","0.0","0.0","0.0","5.1","6.2","1.5"
"20211112","대전","유성구","5.7","9.3","2.8","9.6","9.1","14.7","4.5","0.6","0.0","1.8","6.0","9.4","5.2","7.79","12.65","0.0","80.4","62.8","69.4","4.8","0.4","4.6","0.0","0.0","0.0","6.1","3.8","1.6"
"20211111","대전","유성구","6.7","10.3","2.9","8.7","9.4","15.0","4.6","0.0","0.0","2.1","4.6","9.5","5.2","6.92","12.96","0.0","79.3","59.9","69.2","4.5","0.0","4.6","0.0","0.0","0.0","6.7","3.9","1.6"
"20211110","대전","유성구","5.9","7.7","3.5","8.4","9.7","15.2","5.0","3.0","0.0","2.4","0.5","9.6","5.2","3.17","13.39","0.0","93.5","54.9","68.8","7.8","0.9","4.7","0.0","0.0","0.0","5.5","8.6","1.7"
"20211109","대전","유성구","7.7","10.3","6.1","7.2","10.1","15.7","5.3","2.8","0.0","2.2","1.7","9.2","5.0","5.09","13.13","0.0","81.5","47.6","69.7","8.3","3.4","4.9","0.0","0.0","0.0","8.1","7.6","1.7"
"20211108","대전","유성구","10.3","15.5","6.1","9.6","10.4","16.2","5.5","10.3","0.0","2.3","1.2","9.2","5.1","3.1","13.86","0.0","81.3","53.4","70.2","9.8","1.1","4.8","0.0","0.0","0.0","9.1","8.5","1.6"
"20211107","대전","유성구","15.4","21.9","8.3","13.4","10.6","16.7","5.4","0.0","0.0","2.3","8.6","8.7","5.4","13.03","11.34","0.0","68.4","69.4","71.0","4.8","2.3","4.5","0.0","0.0","0.0","11.7","7.8","1.5"
"20211106","대전","유성구","13.9","21.8","7.8","11.7","10.7","17.1","5.3","0.0","0.3","1.9","9.2","0.0","5.8","12.92","3.72","0.0","72.3","77.3","71.2","0.8","8.8","4.2","0.0","0.0","0.0","7.6","2.4","1.4"
"20211105","대전","유성구","13.0","20.4","7.5","8.1","10.7","17.4","5.1","0.0","0.0","1.2","6.5","8.3","6.1","10.57","12.17","0.0","77.6","63.5","71.4","2.6","4.9","3.7","0.0","0.0","0.0","7.1","3.0","1.3"
"20211104","대전","유성구","13.7","20.4","8.3","4.9","10.6","17.2","4.9","0.5","0.0","0.8","8.6","9.9","6.3","12.53","14.76","0.0","79.3","57.1","71.0","4.1","0.3","3.5","0.0","0.0","0.0","3.9","7.8","1.3"
"20211103","대전","유성구","11.2","18.7","5.3","6.5","10.4","17.0","4.8","0.0","0.3","0.7","8.9","8.5","6.5","13.26","10.86","0.0","79.0","56.8","70.6","2.8","4.0","3.4","0.0","0.0","0.0","4.5","11.2","1.3"
"20211102","대전","유성구","12.3","17.6","8.4","11.3","10.3","16.8","4.9","0.0","0.0","1.3","6.9","8.0","6.5","10.93","13.36","0.0","75.4","65.1","70.6","5.6","2.8","3.6","0.0","0.0","0.0","4.8","8.3","1.3"
"20211101","대전","유성구","13.4","19.7","9.7","12.6","10.4","16.7","5.1","0.0","3.7","1.4","7.0","0.0","6.4","10.54","1.77","0.0","79.0","88.9","70.4","4.1","9.8","3.7","0.0","0.0","0.0","6.3","5.9","1.4"
"20211031","대전","유성구","13.3","21.2","6.7","12.6","10.7","16.9","5.5","0.0","0.0","1.6","9.0","8.8","6.4","13.33","12.84","0.0","81.3","68.0","70.2","1.5","5.0","3.9","0.0","0.0","0.0","3.7","4.4","1.4"
"20211030","대전","유성구","12.4","18.0","8.7","10.9","11.0","17.2","5.8","0.0","0.0","1.8","1.3","9.8","6.4","7.49","14.21","0.0","81.0","68.1","70.5","5.5","0.3","4.1","0.0","0.0","0.0","2.5","5.2","1.4"
"20211029","대전","유성구","13.4","21.0","7.5","10.0","11.3","17.6","5.9","0.0","0.0","1.9","9.9","9.5","6.5","13.7","12.89","0.0","69.5","57.5","70.2","3.9","3.8","3.9","0.0","0.0","0.0","8.4","4.2","1.4"
"20211028","대전","유성구","11.4","20.1","4.6","13.6","11.5","17.9","6.3","0.0","0.0","1.3","10.0","6.2","6.7","15.57","11.3","0.0","69.6","66.4","69.4","0.0","5.3","3.7","0.0","0.0","0.0","5.1","5.9","1.4"
"20211027","대전","유성구","12.9","20.5","8.2","13.0","11.9","18.3","6.6","0.0","0.0","1.6","8.1","8.9","6.6","13.22","13.25","0.0","71.9","74.1","70.1","1.1","2.5","3.7","0.0","0.0","0.0","5.9","4.3","1.4"
"20211026","대전","유성구","11.8","19.1","4.9","11.8","12.3","18.6","7.0","0.0","0.0","1.5","9.5","9.6","6.6","13.86","13.77","0.0","79.4","73.8","70.6","4.4","1.3","3.6","0.0","0.0","0.0","4.0","4.5","1.4"
"20211025","대전","유성구","10.8","18.4","5.4","11.7","12.6","18.9","7.3","0.0","0.0","1.3","9.8","9.4","6.7","15.13","14.0","0.0","77.0","71.0","70.6","0.6","3.5","3.4","0.0","0.0","0.0","6.8","7.2","1.4"
"20211024","대전","유성구","11.3","19.2","5.0","9.3","13.0","19.3","7.8","0.0","0.0","1.7","9.7","10.1","6.6","15.67","16.37","0.0","75.1","59.1","71.0","2.6","0.9","3.7","0.0","0.0","0.0","4.3","9.7","1.5"
"20211023","대전","유성구","11.1","20.0","4.0","10.2","13.5","19.7","8.3","0.0","0.0","2.2","10.1","9.1","6.3","16.02","16.07","0.0","72.5","59.4","72.3","0.5","2.1","3.8","0.0","0.0","0.0","3.7","8.0","1.5"
"20211022","대전","유성구","10.0","17.3","3.8","13.0","13.8","20.1","8.6","0.0","0.0","2.0","10.0","4.9","6.5","15.36","9.13","0.0","73.8","77.1","72.4","0.3","4.5","3.7","0.0","0.0","0.0","7.0","7.1","1.4"
"20211021","대전","유성구","9.5","16.6","4.1","13.2","14.0","20.3","8.7","0.0","0.0","1.9","9.5","0.1","6.6","13.93","4.62","0.0","79.1","83.9","72.1","2.3","8.8","3.7","0.0","0.0","0.0","4.8","3.2","1.4"
"20211020","대전","유성구","9.3","17.0","3.5","14.0","14.2","20.5","8.8","0.0","0.0","1.8","10.3","9.9","6.7","16.49","15.62","0.0","74.5","74.4","71.9","0.8","1.1","3.6","0.0","0.0","0.0","4.0","4.0","1.4"
"20211019","대전","유성구","10.9","16.7","6.7","13.4","14.3","20.7","8.9","3.6","0.0","1.2","6.7","9.7","6.9","11.49","15.23","0.0","83.3","73.8","71.9","4.8","2.1","3.5","0.0","0.0","0.0","9.9","4.5","1.4"
"20211018","대전","유성구","9.6","17.7","1.3","12.2","14.3","20.7","8.9","0.0","0.0","0.8","10.5","10.3","6.9","16.91","16.62","0.0","70.0","72.4","71.3","2.0","1.6","3.5","0.0","0.0","0.0","4.3","6.6","1.3"
"20211017","대전","유성구","6.0","12.9","0.4","12.6","14.3","20.7","8.9","0.0","0.0","0.9","10.5","8.4","6.9","18.18","13.97","0.0","55.0","74.0","70.9","0.0","2.4","3.6","0.0","0.0","0.0","6.5","4.0","1.4"
"20211016","대전","유성구","12.2","17.6","5.4","11.4","14.4","20.8","9.1","4.8","0.0","1.0","0.3","1.0","6.8","6.95","6.84","0.0","68.0","78.9","71.2","9.5","7.5","3.6","0.0","0.0","0.0","9.0","2.4","1.3"
"20211015","대전","유성구","18.6","21.7","16.8","11.4","14.6","20.9","9.3","9.7","0.0","1.2","0.2","7.2","6.8","6.17","15.39","0.0","91.8","57.9","71.5","9.3","5.6","3.9","0.0","0.0","0.0","3.3","4.6","1.3"
"20211014","대전","유성구","19.9","26.4","15.3","12.2","14.8","21.1","9.6","0.0","0.0","1.6","10.3","3.8","6.6","16.2","8.95","0.0","79.0","72.5","71.5","2.0","4.6","3.9","0.0","0.0","0.0","5.1","6.8","1.3"
"20211013","대전","유성구","19.6","24.6","16.1","12.9","15.2","21.4","9.9","0.0","0.0","1.8","0.0","6.6","6.7","0.0","11.89","0.0","78.4","70.0","71.7","4.8","4.9","4.0","0.0","0.0","0.0","7.8","6.0","1.4"
"20211012","대전","유성구","16.2","17.0","15.9","17.1","15.6","21.7","10.4","0.5","0.4","2.0","0.0","5.6","6.6","2.68","12.18","0.0","90.1","78.8","72.3","9.8","5.8","4.2","0.0","0.0","0.0","7.2","6.0","1.4"
"20211011","대전","유성구","15.4","17.5","12.6","17.3","15.9","22.0","10.7","13.5","0.0","2.0","0.0","5.3","6.7","4.55","10.63","0.0","92.8","73.8","72.1","9.5","5.3","4.2","0.0","0.0","0.0","7.1","6.6","1.4"
"20211010","대전","유성구","22.9","29.2","16.9","17.5","16.2","22.3","11.0","5.1","0.0","2.1","7.2","9.7","6.9","14.08","17.78","0.0","83.4","65.6","72.0","6.6","4.9","4.0","0.0","0.0","0.0","7.2","6.8","1.4"
"20211009","대전","유성구","23.2","28.3","19.9","18.0","16.4","22.5","11.2","0.0","0.0","1.8","5.6","10.7","6.9","12.58","16.54","0.0","85.9","58.0","72.3","4.9","3.1","4.1","0.0","0.0","0.0","5.6","11.6","1.4"
"20211008","대전","유성구","20.3","22.4","18.6","17.4","16.6","22.7","11.4","0.0","0.0","1.9","0.1","10.9","7.0","4.13","18.87","0.0","95.1","59.0","72.1","9.6","0.6","4.0","0.0","0.0","0.0","3.1","13.0","1.4"
"20211007","대전","유성구","20.6","24.8","18.8","16.8","16.6","22.7","11.5","3.4","0.0","2.1","2.0","8.3","7.1","5.76","16.9","0.0","91.8","67.3","71.8","7.8","5.6","4.1","0.0","0.0","0.0","6.5","8.0","1.4"
"20211006","대전","유성구","22.6","28.2","18.5","14.2","16.7","22.7","11.8","0.0","0.0","2.0","8.4","0.0","6.8","15.61","0.0","0.0","81.0","66.1","71.9","4.3","2.9","4.3","0.0","0.0","0.0","7.8","5.8","1.5"
"20211005","대전","유성구","23.4","29.5","19.3","13.6","17.0","22.8","12.1","0.0","0.0","2.0","9.7","10.6","6.7","16.95","18.54","0.0","80.9","64.8","72.2","3.3","3.1","4.6","0.0","0.0","0.0","6.6","8.0","1.5"
"20211004","대전","유성구","22.9","29.0","16.8","18.0","17.2","22.9","12.3","0.0","0.7","2.9","4.9","0.5","6.6","10.92","7.14","0.0","81.0","77.3","72.6","4.9","9.0","4.7","0.0","0.0","0.0","8.0","10.6","1.4"
"20211003","대전","유성구","22.6","31.2","16.4","20.0","17.5","23.2","12.7","0.0","2.1","3.0","10.5","0.9","6.2","17.89","8.64","0.0","72.9","89.5","73.7","2.6","10.0","5.0","0.0","0.0","0.0","6.2","3.6","1.4"
"20211002","대전","유성구","21.4","27.9","16.4","21.0","17.8","23.4","13.1","0.2","0.0","3.6","9.6","8.6","6.1","16.43","16.23","0.0","79.5","72.6","74.6","1.3","7.5","5.0","0.0","0.0","0.0","8.9","8.6","1.4"
"20211001","대전","유성구","21.6","28.4","16.6","20.4","18.1","23.6","13.6","0.0","0.0","4.5","7.3","9.7","6.0","15.82","17.64","0.0","81.5","76.3","75.0","3.3","5.3","5.2","0.0","0.0","0.0","6.8","7.3","1.4"
"20210930","대전","유성구","21.9","27.6","18.3","19.5","18.4","23.8","13.9","0.0","0.0","4.6","9.1","9.3","5.7","18.57","18.04","0.0","83.6","78.6","75.0","3.0","3.5","5.4","0.0","0.0","0.0","5.8","3.6","1.5"
"20210929","대전","유성구","21.5","23.7","19.5","18.5","18.6","24.1","14.1","19.1","0.0","4.4","0.0","7.9","5.9","2.82","16.98","0.0","97.0","75.0","74.5","10.0","5.5","5.3","0.0","0.0","0.0","4.6","6.3","1.5"
"20210928","대전","유성구","22.0","25.8","19.8","18.9","18.8","24.3","14.2","0.7","0.0","4.2","0.9","11.3","6.2","8.64","20.77","0.0","82.9","72.3","73.6","9.9","2.0","5.0","0.0","0.0","0.0","6.2","5.3","1.5"
"20210927","대전","유성구","22.2","27.2","18.8","19.8","19.0","24.6","14.3","0.2","0.0","2.9","4.3","10.7","6.3","13.49","21.47","0.0","71.9","74.3","73.3","8.5","1.5","5.0","0.0","0.0","0.0","7.4","7.2","1.5"
"20210926","대전","유성구","21.3","25.9","17.1","19.4","19.2","24.9","14.5","0.0","0.0","3.2","3.5","7.9","6.4","13.57","19.91","0.0","76.0","69.1","73.8","7.9","3.8","4.8","0.0","0.0","0.0","7.0","5.6","1.4"
"20210925","대전","유성구","21.0","24.2","18.2","20.0","19.3","25.0","14.6","0.0","0.0","3.4","2.0","6.6","6.5","8.26","16.43","0.0","81.1","72.4","73.9","7.9","4.6","4.6","0.0","0.0","0.0","8.6","6.1","1.4"
"20210924","대전","유성구","21.3","27.1","15.2","20.8","19.4","25.0","14.7","0.0","0.0","3.1","10.0","9.5","6.5","18.12","19.87","0.0","75.0","70.3","74.0","1.5","3.1","4.6","0.0","0.0","0.0","8.7","9.7","1.5"
"20210923","대전","유성구","21.1","26.8","16.8","19.0","19.5","25.0","14.9","0.0","0.0","4.0","10.7","3.4","6.4","19.29","12.73","0.0","74.6","70.0","74.4","2.6","8.5","4.7","0.0","0.0","0.0","7.6","10.9","1.5"
"20210922","대전","유성구","22.5","27.8","18.1","19.1","19.7","25.0","15.1","10.2","0.0","4.6","9.0","7.9","6.2","17.53","19.69","0.0","78.4","70.8","74.6","3.8","6.1","4.8","0.0","0.0","0.0","11.2","9.6","1.6"
"20210921","대전","유성구","22.6","26.2","20.6","18.0","20.0","25.3","15.3","34.3","0.0","3.6","4.2","11.4","6.4","10.16","19.87","0.0","88.3","72.3","73.7","6.5","4.3","4.8","0.0","0.0","0.0","7.4","5.9","1.6"
"20210920","대전","유성구","23.6","28.2","18.9","18.9","20.3","25.7","15.6","0.0","0.0","3.6","11.2","11.4","6.6","20.43","21.96","0.0","75.0","72.3","73.6","3.1","0.6","4.8","0.0","0.0","0.0","10.1","7.7","1.6"
"20210919","대전","유성구","22.9","28.2","18.0","20.0","20.7","25.9","16.1","0.0","4.1","5.1","11.5","9.4","6.5","20.29","20.06","0.0","75.5","77.3","73.7","0.8","2.9","5.0","0.0","0.0","0.0","6.8","9.6","1.7"
"20210918","대전","유성구","22.4","28.5","17.0","21.2","21.0","26.1","16.5","0.0","0.0","5.3","10.4","8.9","6.5","20.89","17.68","0.0","78.9","73.0","73.8","1.5","5.4","5.0","0.0","0.0","0.0","7.0","6.3","1.7"
"20210917","대전","유성구","20.7","22.9","18.7","21.7","21.3","26.4","16.8","5.0","0.0","5.6","0.7","0.0","6.7","8.04","6.82","0.0","89.4","90.8","73.7","8.4","9.4","5.0","0.0","0.0","0.0","8.4","4.5","1.8"
"20210916","대전","유성구","22.8","27.0","17.1","21.6","21.4","26.4","17.2","0.0","4.8","6.7","8.8","0.0","6.3","16.95","6.14","0.0","73.0","94.3","74.6","6.3","9.4","5.2","0.0","0.0","0.0","9.7","4.8","1.8"
"20210915","대전","유성구","23.9","28.5","20.5","23.4","21.6","26.4","17.4","0.0","0.1","6.9","11.8","8.4","6.1","21.29","21.04","0.0","62.1","79.4","75.3","0.4","6.6","5.3","0.0","0.0","0.0","11.4","5.4","1.8"
"20210914","대전","유성구","23.0","26.2","20.1","21.9","21.7","26.5","17.7","0.0","0.0","5.9","4.4","10.8","5.7","13.72","21.57","0.0","70.4","80.0","76.2","6.4","3.6","5.6","0.0","0.0","0.0","10.6","5.4","1.8"
"20210913","대전","유성구","23.9","28.2","21.5","21.6","21.8","26.5","17.9","0.0","0.0","5.8","6.7","10.1","5.3","15.41","24.2","0.0","75.0","81.8","76.9","8.6","4.0","5.9","0.0","0.0","0.0","9.9","4.5","1.7"
"20210912","대전","유성구","24.1","29.4","20.0","19.3","21.9","26.7","17.9","0.0","11.7","6.1","7.9","0.1","5.3","16.67","6.29","0.0","85.3","95.9","77.5","7.0","9.8","5.9","0.0","0.0","0.0","4.1","4.9","1.6"
"20210911","대전","유성구","24.3","30.8","20.3","21.7","22.0","26.7","18.0","0.0","3.0","5.6","0.0","0.0","5.1","0.0","7.79","0.0","82.3","91.0","77.9","2.5","9.8","6.1","0.0","0.0","0.0","3.7","6.7","1.5"
"20210910","대전","유성구","23.6","28.3","20.2","23.2","22.2","27.0","18.2","0.0","0.0","5.4","5.8","6.6","5.2","14.83","15.15","0.0","86.8","81.9","77.6","6.9","6.1","6.1","0.0","0.0","0.0","5.9","5.1","1.5"
"20210909","대전","유성구","22.4","28.2","17.5","22.2","22.3","27.2","18.3","0.0","9.9","5.0","6.2","7.1","5.4","16.1","18.06","0.0","85.0","85.1","77.3","7.9","6.4","5.9","0.0","0.0","0.0","3.1","8.1","1.5"
"20210908","대전","유성구","22.2","27.0","19.4","24.3","22.5","27.3","18.5","0.1","0.2","4.4","4.4","11.0","5.4","13.2","23.34","0.0","87.4","78.5","77.1","5.5","3.6","5.8","0.0","0.0","0.0","5.3","8.1","1.6"
"20210907","대전","유성구","21.0","24.1","18.7","19.3","22.6","27.3","18.8","6.7","29.0","4.8","0.2","0.0","5.2","3.51","3.96","0.0","96.5","95.4","76.9","10.0","9.8","6.0","0.0","0.0","0.0","9.3","13.1","1.6"
"20210906","대전","유성구","20.7","23.4","18.8","21.1","23.0","27.7","19.1","32.2","22.8","5.2","0.1","0.9","5.6","5.93","7.73","0.0","92.9","90.0","76.1","9.8","9.9","5.8","0.0","0.0","0.0","10.4","7.4","1.7"
"20210905","대전","유성구","21.7","24.8","18.4","22.2","23.1","27.8","19.2","0.3","0.0","6.1","0.7","0.4","5.6","8.46","7.67","0.0","85.4","83.1","76.6","8.5","9.6","5.9","0.0","0.0","0.0","7.3","5.5","1.6"
"20210904","대전","유성구","23.2","28.5","18.1","24.3","23.3","28.0","19.6","0.0","0.0","6.5","9.6","10.8","5.6","19.84","24.94","0.0","75.4","74.0","76.9","6.3","4.8","6.0","0.0","0.0","0.0","6.5","6.5","1.7"
"20210903","대전","유성구","23.7","28.1","19.9","23.1","23.7","28.5","19.8","0.0","61.8","6.8","10.2","5.2","6.2","19.45","14.5","0.0","75.1","86.3","76.2","5.0","7.0","5.7","0.0","0.0","0.0","7.3","15.6","1.7"
"20210902","대전","유성구","22.7","25.2","20.5","24.6","23.9","28.6","19.9","0.0","26.2","6.9","3.1","0.0","6.4","11.53","4.98","0.0","85.5","96.3","76.4","8.4","10.0","5.7","0.0","0.0","0.0","7.7","9.0","1.8"
"20210901","대전","유성구","23.1","25.1","21.2","26.9","23.9","28.4","20.1","52.4","0.0","8.7","0.1","9.3","5.9","4.15","21.67","0.0","97.0","79.5","77.2","9.9","5.6","6.0","0.0","0.0","0.0","7.2","8.7","1.9"
"20210831","대전","유성구","23.4","27.4","21.8","26.7","24.1","28.6","20.3","2.4","0.1","8.0","1.6","6.2","6.0","11.12","18.31","0.0","90.9","85.0","77.4","9.6","6.4","6.1","0.0","0.0","0.0","5.1","8.6","1.9"
"20210830","대전","유성구","22.9","25.3","20.3","27.9","24.3","28.8","20.5","0.1","8.4","9.0","0.3","4.6","6.2","6.76","13.6","0.0","93.8","91.6","77.4","9.5","8.1","6.0","0.0","0.0","0.0","2.3","5.9","1.9"
"20210829","대전","유성구","22.4","26.7","19.4","27.2","24.2","28.6","20.6","28.3","15.3","10.0","2.7","3.8","5.7","10.94","14.11","0.0","92.5","90.6","78.5","8.8","8.5","6.3","0.0","0.0","0.0","4.8","7.1","1.9"
"20210828","대전","유성구","22.8","26.3","19.4","29.3","24.3","28.6","20.8","0.0","27.4","10.9","3.1","7.0","5.4","13.15","20.24","0.0","90.0","81.0","79.2","9.4","7.4","6.4","0.0","0.0","0.0","3.3","10.3","1.8"
"20210827","대전","유성구","21.8","25.0","20.5","29.5","24.5","28.8","21.0","16.6","1.0","10.6","0.0","7.0","5.3","0.0","17.29","0.0","96.9","77.4","79.5","9.8","7.4","6.5","0.0","0.0","0.0","6.1","11.6","1.8"
"20210826","대전","유성구","25.7","29.3","22.3","29.3","24.6","28.8","21.2","0.0","1.6","11.9","4.3","6.9","4.9","14.61","17.29","0.0","86.4","78.8","79.4","8.0","7.1","6.7","0.0","0.0","0.0","6.1","15.4","1.8"
"20210825","대전","유성구","23.7","25.0","22.5","29.9","24.7","28.8","21.4","22.7","0.0","10.8","0.1","10.9","4.7","3.23","24.09","0.0","97.0","75.8","79.3","10.0","2.9","6.8","0.0","0.0","0.0","5.0","7.2","1.8"
"20210824","대전","유성구","24.3","27.7","21.5","28.5","24.9","29.0","21.6","25.2","0.0","9.6","0.8","11.5","4.8","5.19","24.02","0.0","94.5","79.4","79.3","9.8","1.9","6.9","0.0","0.0","0.0","9.7","6.3","1.8"
"20210823","대전","유성구","22.8","24.0","21.4","27.1","25.2","29.4","21.8","65.0","0.0","8.7","0.0","9.3","4.9","2.9","23.15","0.0","97.0","80.6","78.8","10.0","4.8","6.8","0.0","0.0","0.0","5.8","4.5","1.8"
"20210822","대전","유성구","25.5","29.3","22.5","25.8","25.4","29.7","21.9","0.7","11.8","8.7","4.9","1.9","5.2","15.09","10.54","0.0","84.9","91.5","78.3","8.9","8.6","6.6","0.0","0.0","0.0","5.5","7.3","1.8"
"20210821","대전","유성구","24.5","26.6","22.3","29.0","25.6","30.0","22.1","44.9","0.0","7.6","0.8","8.4","5.4","4.62","20.53","0.0","90.8","79.8","78.0","8.5","5.8","6.5","0.0","0.0","0.0","7.7","3.4","1.8"
"20210820","대전","유성구","26.0","31.3","20.5","29.1","25.8","30.2","22.3","0.0","0.0","8.2","8.8","11.0","5.5","18.45","26.42","0.0","75.3","76.5","77.9","4.8","2.9","6.4","0.0","0.0","0.0","6.1","4.7","1.8"
"20210819","대전","유성구","24.3","29.4","21.3","28.9","26.0","30.5","22.5","3.2","0.0","8.2","5.9","10.7","5.7","18.23","25.83","0.0","83.9","80.4","77.4","6.9","2.9","6.2","0.0","0.0","0.0","8.5","5.6","1.8"
"20210818","대전","유성구","24.7","30.1","21.6","29.1","26.1","30.5","22.6","1.1","0.0","7.8","4.9","11.3","5.8","14.61","26.25","0.0","77.6","80.1","77.4","7.0","3.1","6.2","0.0","0.0","0.0","10.0","4.9","1.8"
"20210817","대전","유성구","25.5","29.8","22.2","28.6","26.3","30.7","22.8","0.1","0.0","7.4","7.4","8.5","5.8","18.23","20.75","0.0","72.3","82.6","77.4","7.8","4.4","6.3","0.0","0.0","0.0","5.8","3.8","1.8"
"20210816","대전","유성구","26.2","30.5","22.5","28.7","26.4","30.7","22.9","0.0","0.0","8.0","10.8","10.3","5.9","21.14","24.21","0.0","71.5","79.4","77.8","5.8","3.9","6.3","0.0","0.0","0.0","9.6","7.5","1.8"
"20210815","대전","유성구","26.7","31.7","22.5","29.2","26.5","30.9","23.0","0.0","0.0","7.7","11.3","11.2","5.9","22.47","24.47","0.0","73.9","81.4","78.0","5.0","4.8","6.2","0.0","0.0","0.0","9.5","9.3","1.8"
"20210814","대전","유성구","25.7","29.5","23.4","28.5","26.5","30.7","23.1","0.3","0.6","9.5","4.4","7.5","5.7","12.62","16.61","0.0","78.4","86.9","78.4","8.1","6.6","6.3","0.0","0.0","0.0","7.6","8.4","1.8"
"20210813","대전","유성구","26.7","30.3","23.5","28.7","26.6","30.8","23.2","0.0","0.0","10.9","3.0","7.1","5.7","13.25","17.57","0.0","80.0","86.1","78.6","8.8","5.3","6.2","0.0","0.0","0.0","5.1","7.8","1.8"
"20210812","대전","유성구","27.6","32.3","23.7","27.3","26.6","30.8","23.3","0.0","17.5","11.1","6.7","1.7","5.5","18.66","10.77","0.0","76.5","95.1","79.2","7.4","9.6","6.3","0.0","0.0","0.0","5.6","5.2","1.8"
"20210811","대전","유성구","27.4","33.0","22.6","26.0","26.6","30.8","23.3","0.0","59.3","11.5","0.0","0.3","5.4","0.0","7.34","0.0","75.4","95.3","79.3","4.0","9.6","6.3","0.0","0.0","0.0","4.5","8.3","1.8"
"20210810","대전","유성구","27.3","32.9","23.9","26.2","26.7","30.9","23.4","7.8","17.5","11.8","8.4","2.0","5.5","19.73","9.21","0.0","78.0","95.5","79.0","5.4","9.0","6.4","0.0","0.0","0.0","7.0","7.4","1.9"
"20210809","대전","유성구","28.1","32.9","22.7","26.2","26.8","31.0","23.5","0.0","32.1","10.7","12.1","1.3","5.6","23.87","9.47","0.0","70.9","91.5","78.8","3.9","8.0","6.3","0.0","0.0","0.0","6.0","7.5","1.9"
"20210808","대전","유성구","26.6","29.4","24.5","23.8","26.9","31.2","23.6","0.0","42.9","9.7","0.5","0.0","5.8","8.63","2.63","0.0","85.4","97.0","78.2","9.0","10.0","6.2","0.0","0.0","0.0","6.9","4.5","1.9"
"20210807","대전","유성구","27.7","33.1","23.0","23.5","27.1","31.5","23.6","0.0","34.9","7.9","9.0","0.0","6.4","22.0","3.25","0.0","78.4","96.9","77.3","6.1","10.0","5.9","0.0","0.0","0.0","5.2","4.2","1.9"
"20210806","대전","유성구","27.7","34.5","23.8","25.5","27.1","31.5","23.5","11.1","24.0","8.8","7.4","0.1","6.7","18.15","4.1","0.0","87.1","95.6","77.1","6.9","9.5","5.8","0.0","0.0","0.0","12.3","11.1","1.9"
"20210805","대전","유성구","29.8","35.3","25.9","26.4","27.1","31.5","23.6","0.7","24.4","10.3","10.1","2.9","6.6","21.3","9.77","0.0","76.1","95.5","77.1","4.5","9.1","5.8","0.0","0.0","0.0","6.2","5.6","1.9"
"20210804","대전","유성구","29.7","34.2","25.1","27.5","27.3","31.7","23.7","0.1","18.5","9.7","12.8","4.4","6.7","26.0","17.45","0.0","76.9","88.5","76.9","4.9","7.9","5.8","0.0","0.0","0.0","6.0","7.0","1.9"
"20210803","대전","유성구","28.0","32.2","24.6","27.0","27.4","31.7","23.8","5.1","1.4","10.1","6.1","1.7","6.6","16.7","10.42","0.0","84.9","86.6","77.3","8.1","8.9","5.8","0.0","0.0","0.0","6.4","11.2","1.9"
"20210802","대전","유성구","26.0","28.6","24.8","27.7","27.4","31.7","23.9","34.0","5.4","10.7","1.3","3.8","6.4","7.89","15.44","0.0","95.5","86.0","77.7","9.3","9.0","5.9","0.0","0.0","0.0","4.5","8.8","1.9"
"20210801","대전","유성구","27.3","32.2","24.9","25.8","27.4","31.7","24.0","19.8","17.5","9.8","3.2","3.5","6.2","11.98","13.07","0.0","89.0","92.0","77.9","8.4","9.5","6.1","0.0","0.0","0.0","5.2","9.9","1.9"
"20210731","대전","유성구","30.2","35.7","26.4","25.9","27.4","31.6","24.0","1.4","16.5","8.3","9.7","3.2","6.1","23.27","14.25","0.0","74.3","93.5","78.4","5.0","8.9","6.2","0.0","0.0","0.0","5.7","5.9","1.8"
"20210730","대전","유성구","30.8","36.1","26.5","25.0","27.2","31.5","23.9","0.0","141.3","8.6","11.3","0.4","5.8","22.56","6.07","0.0","68.1","96.0","78.7","6.5","9.1","6.4","0.0","0.0","0.0","6.3","6.5","1.8"
"20210729","대전","유성구","30.2","35.6","26.0","24.7","27.1","31.3","23.7","0.0","67.9","7.2","9.4","0.0","5.9","20.61","4.65","0.0","73.4","97.0","78.4","7.3","10.0","6.5","0.0","0.0","0.0","5.3","3.4","1.8"
"20210728","대전","유성구","30.6","36.1","26.2","24.0","27.0","31.1","23.6","0.0","6.6","6.7","10.1","0.0","5.9","25.25","9.09","0.0","65.9","95.9","78.0","2.9","10.0","6.5","0.0","0.0","0.0","5.2","4.8","1.9"
"20210727","대전","유성구","30.1","35.4","23.9","24.4","26.9","31.0","23.5","0.0","2.6","6.0","0.0","0.3","5.9","0.0","11.05","0.0","66.8","90.3","77.7","1.8","9.9","6.6","0.0","0.0","0.0","6.2","4.6","1.9"
"20210726","대전","유성구","29.9","34.7","25.1","24.0","26.8","30.8","23.5","0.0","0.4","5.6","13.3","1.6","5.8","25.86","11.65","0.0","66.3","93.5","77.7","1.8","9.5","6.7","0.0","0.0","0.0","8.0","4.1","2.0"
"20210725","대전","유성구","29.7","33.4","25.6","22.7","26.6","30.6","23.4","0.0","2.6","7.7","11.2","0.5","5.8","22.5","9.85","0.0","70.9","94.9","78.0","6.6","9.5","6.7","0.0","0.0","0.0","7.4","4.6","2.0"
"20210724","대전","유성구","30.2","34.7","26.3","21.6","26.6","30.5","23.4","0.0","13.5","8.5","12.1","0.4","5.6","24.24","9.0","0.0","69.9","96.3","78.6","6.6","9.8","6.6","0.0","0.0","0.0","7.3","9.9","2.0"
"20210723","대전","유성구","29.7","34.9","24.6","21.7","26.5","30.4","23.4","0.0","52.8","9.7","11.5","0.0","5.3","27.1","3.15","0.0","70.6","97.0","79.2","3.9","9.6","6.8","0.0","0.0","0.0","8.4","12.6","1.9"
"20210722","대전","유성구","29.2","33.7","24.0","23.5","26.5","30.4","23.2","0.0","25.1","9.5","12.7","0.0","5.4","27.42","6.15","0.0","70.1","94.9","79.2","3.4","10.0","6.7","0.0","0.0","0.0","10.2","5.0","1.9"
"20210721","대전","유성구","29.5","34.4","23.7","25.9","26.4","30.5","23.0","0.0","0.0","10.2","12.9","10.3","5.5","27.21","25.87","0.0","70.0","79.3","79.0","4.9","7.5","6.6","0.0","0.0","0.0","7.2","3.7","1.9"
"20210720","대전","유성구","27.6","31.2","24.5","24.5","26.2","30.4","22.7","0.0","20.2","8.2","1.0","0.2","5.7","12.95","4.44","0.0","87.5","92.9","78.5","9.1","10.0","6.5","0.0","0.0","0.0","4.6","10.2","1.9"
"20210719","대전","유성구","26.7","32.0","23.4","25.6","25.9","30.0","22.4","0.0","7.2","9.0","2.0","2.1","5.6","15.35","14.26","0.0","86.9","85.0","78.6","8.1","9.3","6.6","0.0","0.0","0.0","4.8","7.4","1.9"
"20210718","대전","유성구","27.3","32.5","23.6","25.0","25.6","29.7","22.1","16.5","0.0","9.6","10.0","6.1","5.3","21.52","20.07","0.0","79.1","75.1","78.8","6.4","6.6","6.7","0.0","0.0","0.0","11.5","7.1","2.0"
"20210717","대전","유성구","27.1","32.1","23.1","25.0","25.3","29.4","22.0","0.0","0.0","10.5","10.1","9.9","4.9","21.64","25.94","0.0","81.1","81.1","79.3","6.0","4.4","7.0","0.0","0.0","0.0","8.4","5.2","2.0"
"20210716","대전","유성구","28.4","34.0","24.1","23.2","25.2","29.2","21.9","1.3","0.0","10.0","10.4","6.9","4.8","25.27","20.78","0.0","79.8","84.4","79.5","5.5","4.9","7.1","0.0","0.0","0.0","14.1","4.5","1.9"
"20210715","대전","유성구","29.3","35.3","25.4","21.1","25.1","29.0","21.9","0.0","9.3","10.9","8.8","1.4","4.3","21.46","11.67","0.0","76.8","92.6","80.2","5.4","7.8","7.4","0.0","0.0","0.0","6.4","3.1","2.0"
"20210714","대전","유성구","29.5","33.2","25.1","19.9","25.0","28.9","21.9","0.0","6.1","10.9","8.5","0.0","4.0","20.88","8.89","0.0","77.9","94.8","80.4","7.3","10.0","7.6","0.0","0.0","0.0","7.7","7.4","2.0"
"20210713","대전","유성구","29.8","34.2","25.4","18.8","24.9","28.8","21.9","0.0","117.9","11.0","9.5","0.0","3.9","21.72","3.26","0.0","77.0","97.0","80.7","6.0","10.0","7.7","0.0","0.0","0.0","5.6","11.4","1.9"
"20210712","대전","유성구","28.7","33.3","24.4","22.2","24.8","28.7","21.7","0.0","43.8","12.4","6.1","0.0","4.0","19.5","6.03","0.0","84.0","89.3","80.6","6.9","9.8","7.8","0.0","0.0","0.0","3.6","10.8","1.9"
"20210711","대전","유성구","27.2","31.1","23.4","26.2","24.7","28.5","21.6","0.2","0.0","14.4","5.5","4.3","3.9","17.45","19.14","0.0","86.1","78.3","80.5","8.0","8.3","7.7","0.0","0.0","0.0","6.0","5.0","2.0"
"20210710","대전","유성구","27.0","31.1","24.2","25.4","24.6","28.5","21.4","10.0","9.5","13.6","7.1","4.8","4.2","20.49","18.04","0.0","84.8","85.5","79.9","7.6","8.1","7.6","0.0","0.0","0.0","14.7","11.6","2.0"
"20210709","대전","유성구","26.2","30.4","23.1","26.6","24.6","28.6","21.3","4.2","0.0","12.3","7.5","10.0","4.6","18.65","26.7","0.0","83.0","76.1","79.2","6.4","5.4","7.3","0.0","0.0","0.0","5.8","7.8","2.1"
"20210708","대전","유성구","26.4","30.7","22.7","25.2","24.6","28.7","21.2","38.6","0.0","11.8","8.6","8.1","5.0","21.2","24.22","0.0","84.8","79.9","78.3","8.5","5.5","7.1","0.0","0.0","0.0","6.0","5.8","2.1"
"20210707","대전","유성구","26.0","28.5","23.5","24.7","24.6","28.8","21.0","2.5","0.2","10.0","0.3","3.8","5.2","9.16","14.64","0.0","94.5","83.1","77.8","10.0","7.0","6.9","0.0","0.0","0.0","4.3","5.0","2.0"
"20210706","대전","유성구","23.6","26.2","21.3","24.3","24.6","28.8","21.0","15.6","0.2","9.0","0.0","5.0","5.2","8.22","19.73","0.0","95.1","84.8","77.7","9.9","8.4","7.0","0.0","0.0","0.0","5.8","7.0","2.0"
"20210705","대전","유성구","22.5","25.4","20.6","23.5","24.5","28.7","21.0","5.6","0.0","9.5","0.0","4.0","5.1","9.83","17.37","0.0","90.8","81.1","78.2","9.6","7.1","7.1","0.0","0.0","0.0","5.4","3.4","1.9"
"20210704","대전","유성구","22.7","24.4","21.5","21.7","24.5","28.5","21.1","13.7","0.0","10.4","1.5","2.8","4.8","10.78","17.09","0.0","94.9","82.8","79.1","9.1","9.0","7.3","0.0","0.0","0.0","9.5","5.6","1.8"
"20210703","대전","유성구","23.2","26.2","21.1","22.0","24.3","28.2","21.0","42.2","1.0","11.4","0.0","0.0","4.4","0.0","9.31","0.0","87.3","80.9","80.0","9.3","9.4","7.6","0.0","0.0","0.0","13.2","9.1","1.8"
"20210702","대전","유성구","27.0","31.5","23.0","23.5","24.2","28.0","21.1","0.0","0.0","11.5","8.8","7.5","4.0","23.36","23.46","0.0","63.8","76.8","80.3","4.0","6.8","7.8","0.0","0.0","0.0","7.6","5.7","1.9"
"20210701","대전","유성구","26.7","32.0","21.3","20.9","24.2","28.1","20.9","0.0","0.2","11.3","12.2","2.3","4.0","24.69","12.69","0.0","77.9","84.1","79.9","3.9","7.5","7.8","0.0","0.0","0.0","5.2","7.3","1.8"
"20210630","대전","유성구","24.8","30.1","21.1","20.3","24.1","28.2","20.7","4.3","24.5","10.3","6.3","0.0","4.3","19.34","5.13","0.0","83.8","96.9","79.2","6.4","10.0","7.6","0.0","0.0","0.0","4.9","9.0","1.8"
"20210629","대전","유성구","23.5","29.4","20.7","22.4","24.0","28.2","20.4","24.2","41.5","10.8","7.3","0.4","4.6","17.92","10.18","0.0","86.6","89.9","78.5","5.4","8.5","7.4","0.0","0.0","0.0","9.4","10.0","1.8"
"20210628","대전","유성구","25.6","30.2","21.7","24.8","23.9","28.3","20.2","0.0","0.0","8.9","7.8","8.5","4.9","21.43","23.1","0.0","72.9","75.0","77.5","6.0","3.6","7.2","0.0","0.0","0.0","6.2","5.6","1.8"
"20210627","대전","유성구","25.0","30.3","19.5","24.6","23.6","28.1","19.8","0.5","0.0","9.9","8.4","6.9","5.3","22.5","22.1","0.0","76.0","79.3","76.6","5.3","5.8","7.0","0.0","0.0","0.0","5.3","3.9","1.8"
"20210626","대전","유성구","22.6","26.5","20.2","23.2","23.3","27.8","19.5","22.0","0.1","10.5","5.9","6.1","5.3","15.41","19.91","0.0","88.5","81.5","76.3","7.8","5.6","7.0","0.0","0.0","0.0","4.8","6.8","1.9"
"20210625","대전","유성구","24.4","30.5","18.7","21.8","23.2","27.7","19.3","5.2","3.9","11.6","10.7","0.0","5.3","25.74","6.68","0.0","77.3","91.8","75.4","6.1","9.9","6.9","0.0","0.0","0.0","5.7","8.0","1.9"
"20210624","대전","유성구","23.2","27.8","18.6","23.0","23.2","27.9","19.2","0.0","7.3","9.9","6.5","0.0","5.4","19.43","5.68","0.0","79.4","84.0","74.0","7.1","9.9","6.9","0.0","0.0","0.0","4.2","7.7","2.0"
"20210623","대전","유성구","20.9","25.1","19.2","27.0","23.3","28.1","19.2","6.7","0.0","9.4","2.6","6.4","5.8","8.04","21.97","0.0","91.3","71.4","72.7","6.8","7.0","6.7","0.0","0.0","0.0","7.2","5.7","2.0"
"20210622","대전","유성구","23.6","28.6","18.5","27.2","23.3","28.3","19.1","0.0","0.0","8.0","5.4","13.4","6.0","17.35","30.93","0.0","67.4","66.1","72.4","6.6","0.6","6.5","0.0","0.0","0.0","6.6","6.3","1.9"
"20210621","대전","유성구","24.8","30.7","19.5","26.2","23.4","28.4","19.1","0.0","0.0","6.6","12.5","12.4","6.3","26.49","29.56","0.0","63.8","72.1","71.6","2.8","2.5","6.3","0.0","0.0","0.0","8.3","5.6","1.8"
"20210620","대전","유성구","24.4","31.0","17.5","24.8","23.4","28.5","19.0","0.0","0.1","6.2","12.5","10.3","6.4","27.44","24.64","0.0","67.6","77.5","71.3","4.1","5.3","6.3","0.0","0.0","0.0","9.2","5.2","1.8"
"20210619","대전","유성구","23.5","29.1","18.2","24.0","23.3","28.5","18.8","0.0","0.0","6.5","11.7","11.1","6.4","27.18","27.91","0.0","72.8","70.8","70.7","3.3","4.3","6.3","0.0","0.0","0.0","6.0","6.3","1.7"
"20210618","대전","유성구","21.2","23.5","19.7","20.9","23.2","28.5","18.4","1.4","0.7","6.6","0.1","0.1","6.7","7.1","8.22","0.0","92.6","82.3","69.7","8.6","9.6","6.1","0.0","0.0","0.0","5.7","6.7","1.7"
"20210617","대전","유성구","22.1","25.4","19.6","23.5","23.1","28.5","18.2","0.1","0.0","5.3","0.8","6.1","7.0","9.84","20.4","0.0","80.0","72.0","68.6","9.5","8.6","6.0","0.0","0.0","0.0","5.6","6.1","1.8"
"20210616","대전","유성구","23.6","27.2","21.3","24.2","22.9","28.3","18.0","0.0","0.0","4.6","5.6","9.5","7.1","16.1","27.74","0.0","71.4","70.1","68.2","6.1","6.3","5.9","0.0","0.0","0.0","11.0","6.0","1.8"
"20210615","대전","유성구","22.6","24.1","21.1","23.3","22.8","28.2","17.8","1.9","0.0","3.4","0.0","12.4","7.2","7.15","28.35","0.0","84.5","71.3","67.9","10.0","5.0","5.7","0.0","0.0","0.0","9.9","6.8","1.8"
"20210614","대전","유성구","24.9","30.5","20.9","24.4","22.6","28.0","17.6","0.0","0.8","2.7","4.5","5.7","7.4","17.98","17.54","0.0","83.3","82.1","67.9","8.3","6.3","5.6","0.0","0.0","0.0","6.4","6.7","1.8"
"20210613","대전","유성구","25.2","31.0","21.9","24.4","22.5","27.8","17.7","0.0","19.6","2.5","7.3","4.8","7.2","21.25","17.54","0.0","80.6","90.0","67.9","5.4","9.1","5.7","0.0","0.0","0.0","4.4","8.7","1.9"
"20210612","대전","유성구","25.3","30.7","19.7","24.4","22.5","27.8","17.7","0.0","3.6","4.4","8.6","1.1","7.1","24.39","8.08","0.0","78.3","88.4","68.2","7.3","9.3","5.8","0.0","0.0","0.0","4.3","6.4","2.0"
"20210611","대전","유성구","23.5","28.7","19.9","25.4","22.5","27.9","17.6","12.6","27.7","4.3","7.2","7.9","7.4","18.31","22.05","0.0","84.1","80.8","67.8","7.1","6.6","5.7","0.0","0.0","0.0","7.5","4.1","2.0"
"20210610","대전","유성구","25.7","31.6","21.2","26.1","22.4","27.8","17.5","1.6","58.7","4.1","5.9","8.9","7.3","17.69","23.69","0.0","68.4","72.6","67.5","8.8","7.9","5.8","0.0","0.0","0.0","9.7","11.2","2.0"
"20210609","대전","유성구","26.9","32.9","20.1","27.3","22.3","27.8","17.3","0.0","0.0","3.9","12.5","12.2","7.3","26.68","29.24","0.0","65.0","59.3","67.2","3.6","2.4","5.7","0.0","0.0","0.0","5.7","6.1","1.9"
"20210608","대전","유성구","24.8","31.2","18.7","26.2","22.2","27.8","17.1","0.0","0.0","3.4","11.0","12.8","7.2","24.52","29.28","0.0","66.9","62.4","67.0","6.0","1.5","5.7","0.0","0.0","0.0","3.9","5.5","1.8"
"20210607","대전","유성구","23.3","29.5","16.9","24.0","22.0","27.7","16.8","0.0","0.0","1.8","9.9","9.0","7.5","21.91","25.57","0.0","62.3","72.8","66.2","5.0","3.5","5.4","0.0","0.0","0.0","6.0","6.2","1.7"
"20210606","대전","유성구","23.4","28.5","18.6","24.7","21.8","27.5","16.6","0.0","3.4","1.3","11.8","9.2","7.3","25.86","25.14","0.0","67.3","74.5","65.7","1.8","5.3","5.5","0.0","0.0","0.0","7.8","7.5","1.7"
"20210605","대전","유성구","21.5","26.1","16.1","25.4","21.7","27.3","16.4","0.0","0.0","1.8","11.4","9.0","7.6","19.77","24.66","0.0","71.5","73.0","65.2","3.6","7.3","5.3","0.0","0.0","0.0","10.8","6.4","1.7"
"20210604","대전","유성구","18.6","24.4","13.3","25.3","21.5","27.2","16.0","1.2","0.0","2.1","12.3","12.1","7.7","28.01","29.64","0.0","74.1","72.1","64.5","2.6","4.5","5.3","0.0","0.0","0.0","7.8","8.7","1.8"
"20210603","대전","유성구","19.2","21.7","17.7","23.3","21.3","27.0","15.7","24.2","0.0","2.6","0.0","0.0","7.9","4.03","0.0","0.0","91.6","75.3","63.9","8.8","7.8","5.1","0.0","0.0","0.0","4.5","7.1","1.8"
"20210602","대전","유성구","24.4","30.6","18.0","20.1","21.0","26.9","15.3","0.0","0.0","2.2","1.0","1.8","8.2","2.86","13.39","0.0","61.5","60.4","63.0","4.0","9.1","4.9","0.0","0.0","0.0","4.9","11.0","1.8"
"20210601","대전","유성구","22.5","28.0","16.3","21.1","20.8","26.7","15.0","0.0","0.6","2.4","10.2","11.6","8.2","23.7","31.05","0.0","69.5","60.3","63.0","6.9","4.3","4.7","0.0","0.0","0.0","5.8","8.6","1.8"
"20210531","대전","유성구","20.7","26.7","16.2","21.9","20.8","26.8","15.0","7.1","0.0","1.9","5.0","4.6","8.4","17.04","19.69","0.0","76.9","67.4","62.2","7.0","8.5","4.6","0.0","0.0","0.0","7.5","6.4","1.8"
"20210530","대전","유성구","20.9","28.8","12.1","22.7","20.6","26.5","14.8","4.5","0.0","1.3","12.1","8.9","8.4","27.24","24.32","0.0","70.6","62.6","61.9","4.3","5.3","4.6","0.0","0.0","0.0","7.4","6.8","1.9"
"20210529","대전","유성구","18.5","24.3","13.4","21.5","20.3","26.3","14.5","0.0","0.0","1.3","11.0","11.2","8.4","24.26","29.43","0.0","69.8","64.4","61.4","2.9","5.1","4.6","0.0","0.0","0.0","7.0","4.6","1.9"
"20210528","대전","유성구","15.0","19.7","11.8","19.1","20.1","26.1","14.5","30.2","0.0","1.6","4.8","11.0","7.9","9.43","28.33","0.0","87.1","70.1","61.8","6.5","4.0","4.9","0.0","0.0","0.0","11.5","6.9","2.0"
"20210527","대전","유성구","17.0","21.1","14.2","19.1","20.0","26.0","14.4","1.0","0.0","1.9","5.5","12.9","7.9","11.87","30.79","0.0","80.9","60.3","62.0","5.8","4.8","4.9","0.0","0.0","0.0","8.3","6.2","2.0"
"20210526","대전","유성구","17.9","23.6","12.9","19.6","19.8","25.7","14.2","0.0","0.0","2.5","1.4","8.3","7.7","11.4","22.47","0.0","63.0","71.0","63.1","9.0","7.8","5.0","0.0","0.0","0.0","5.7","6.8","2.0"
"20210525","대전","유성구","16.8","22.0","13.0","17.8","19.8","25.7","14.2","1.5","0.0","2.7","9.6","2.8","7.8","22.54","15.39","0.0","66.8","81.3","63.2","3.4","8.8","4.9","0.0","0.0","0.0","11.0","5.3","2.0"
"20210524","대전","유성구","20.2","25.6","16.6","19.8","19.8","25.7","14.2","0.0","2.8","2.5","7.9","7.5","7.9","22.54","20.04","0.0","58.5","80.4","63.4","5.5","7.0","4.8","0.0","0.0","0.0","7.5","7.7","1.9"
"20210523","대전","유성구","20.3","26.6","13.3","20.6","19.7","25.7","13.9","0.0","0.0","2.9","7.2","12.5","8.1","19.24","30.2","0.0","72.9","71.5","63.3","7.0","2.0","4.7","0.0","0.0","0.0","4.6","6.1","1.9"
"20210522","대전","유성구","18.6","25.5","11.9","19.1","19.5","25.6","13.6","0.0","8.3","2.9","13.0","8.7","8.3","26.58","26.0","0.0","77.3","76.6","62.7","1.0","6.6","4.4","0.0","0.0","0.0","5.8","8.2","1.9"
"20210521","대전","유성구","15.3","16.9","14.2","17.5","19.3","25.4","13.5","0.1","0.0","2.5","0.0","10.8","8.4","4.38","26.39","0.0","92.9","70.4","62.4","9.0","3.0","4.5","0.0","0.0","0.0","6.9","4.9","2.0"
"20210520","대전","유성구","16.9","19.2","15.4","14.5","19.1","25.1","13.3","13.0","0.0","3.0","0.0","8.9","8.1","3.63","26.16","0.0","89.5","70.5","63.0","9.9","3.4","4.6","0.0","0.0","0.0","8.6","5.8","2.0"
"20210519","대전","유성구","20.9","27.6","14.8","13.5","18.8","24.7","13.1","0.0","3.3","2.9","10.4","2.0","7.9","27.43","10.8","0.0","63.3","85.5","63.1","5.1","8.1","4.7","0.0","0.0","0.0","6.1","8.2","2.0"
"20210518","대전","유성구","18.8","24.7","15.2","20.2","18.5","24.4","13.1","0.0","7.6","2.9","7.7","8.0","7.6","20.86","22.43","0.0","82.0","80.3","63.7","6.0","7.9","5.0","0.0","0.0","0.0","3.7","14.3","2.0"
"20210517","대전","유성구","16.4","18.4","15.3","21.2","18.4","24.2","13.1","3.3","0.0","2.9","0.0","8.5","7.1","5.66","25.72","0.0","97.0","73.6","64.6","10.0","6.9","5.4","0.0","0.0","0.0","6.0","5.0","2.0"
"20210516","대전","유성구","21.3","23.3","18.4","17.9","18.4","24.2","13.0","43.7","0.0","3.0","0.0","2.8","7.2","3.58","16.77","0.0","97.0","87.4","64.0","9.9","9.5","5.4","0.0","0.0","0.0","5.4","6.3","2.0"
"20210515","대전","유성구","23.0","27.3","19.5","16.7","18.1","24.0","12.7","1.7","24.9","2.9","2.0","0.0","7.4","12.25","3.59","0.0","86.4","87.1","63.8","9.9","9.9","5.2","0.0","0.0","0.0","5.6","8.4","2.0"
"20210514","대전","유성구","23.9","31.8","16.5","19.9","17.9","23.6","12.6","0.0","0.0","3.7","10.5","8.7","7.2","24.16","24.66","0.0","67.4","45.3","65.0","6.8","7.8","5.3","0.0","0.0","0.0","6.8","5.3","2.0"
"20210513","대전","유성구","22.3","29.8","14.0","16.3","17.7","23.5","12.2","0.0","0.0","4.2","13.1","13.0","7.2","26.61","31.37","0.0","61.9","50.3","64.7","3.1","0.8","5.2","0.0","0.0","0.0","4.2","8.5","2.0"
"20210512","대전","유성구","20.1","26.2","12.6","16.5","17.4","23.3","11.8","0.0","0.2","5.1","12.4","13.2","7.4","26.6","27.56","0.0","50.6","63.3","64.3","2.5","2.1","4.9","0.0","0.0","0.0","9.2","9.3","2.1"
"20210511","대전","유성구","15.8","20.0","12.2","18.5","17.1","23.1","11.6","2.9","0.0","5.2","2.6","10.6","7.2","12.56","27.85","0.0","70.1","63.0","63.8","8.3","5.4","5.0","0.0","0.0","0.0","11.9","8.7","2.1"
"20210510","대전","유성구","12.5","14.3","11.1","14.7","17.1","23.1","11.5","11.1","0.1","4.6","0.5","1.9","7.2","4.57","10.29","0.0","86.0","91.8","62.9","9.6","7.6","5.1","0.0","0.0","0.0","8.0","6.8","2.1"
"20210509","대전","유성구","16.8","23.6","10.0","15.9","17.2","23.2","11.5","0.0","17.9","5.0","13.2","0.0","7.3","28.94","3.24","0.0","50.9","95.6","62.0","0.8","10.0","5.1","0.0","0.0","0.0","9.7","8.1","2.2"
"20210508","대전","유성구","16.3","23.6","8.9","19.4","17.2","23.2","11.5","0.0","7.4","4.7","11.1","8.7","7.1","25.38","25.31","0.0","60.0","43.3","61.8","0.5","6.1","5.0","0.0","0.0","0.0","10.4","8.6","2.2"
"20210507","대전","유성구","15.2","21.2","10.9","19.6","17.4","23.7","11.4","2.6","0.0","3.5","7.4","12.1","7.6","15.19","30.28","0.0","61.9","36.6","59.8","3.6","4.8","4.8","0.0","0.0","0.0","11.7","12.6","2.2"
"20210506","대전","유성구","15.8","23.2","6.0","19.7","17.4","23.7","11.3","0.0","0.0","3.2","9.3","10.9","7.8","20.6","28.98","0.0","49.1","61.9","59.5","5.9","2.8","4.5","0.0","0.0","0.0","6.2","9.4","2.1"
"20210505","대전","유성구","15.2","20.9","10.7","15.6","17.3","23.6","11.2","2.3","1.4","4.0","12.9","4.5","7.7","28.39","11.02","0.0","57.8","88.3","60.4","1.3","6.8","4.5","0.0","0.0","0.0","8.7","5.6","2.1"
"20210504","대전","유성구","17.2","23.0","11.8","20.6","17.2","23.8","11.1","5.2","0.0","2.8","0.1","8.6","7.8","8.68","21.53","0.0","76.6","73.1","60.0","9.8","6.1","4.5","0.0","0.0","0.0","9.7","8.8","2.1"
"20210503","대전","유성구","15.1","23.3","6.6","19.2","17.2","23.8","11.0","0.0","6.5","2.0","11.3","1.4","8.0","26.95","11.22","0.0","56.4","86.9","59.8","4.0","8.0","4.4","0.0","0.0","0.0","7.1","6.3","2.2"
"20210502","대전","유성구","13.0","19.6","7.9","22.5","17.1","23.5","11.1","2.6","0.0","2.7","0.0","5.7","7.7","0.0","18.51","0.0","69.0","62.3","61.0","4.5","8.8","4.6","0.0","0.0","0.0","7.8","6.6","2.2"
"20210501","대전","유성구","10.5","13.3","9.4","22.4","16.8","22.9","10.9","1.4","0.0","3.3","1.1","11.2","7.2","7.48","27.35","0.0","79.3","69.0","62.1","8.0","2.3","5.0","0.0","0.0","0.0","8.5","8.5","2.3"
"20210430","대전","유성구","13.1","17.6","10.5","17.7","16.4","22.8","10.3","0.6","0.0","2.7","5.5","12.5","7.4","16.69","29.12","0.0","70.9","58.4","60.9","8.4","0.0","4.8","0.0","0.0","0.0","17.7","8.0","2.3"
"20210429","대전","유성구","16.2","20.3","11.9","16.2","15.9","22.1","9.8","0.7","0.0","2.5","9.0","12.7","7.4","21.59","29.06","0.0","58.9","44.1","60.3","7.1","0.0","4.7","0.0","0.0","0.0","11.6","8.6","2.2"
"20210428","대전","유성구","16.9","21.1","13.3","13.5","15.3","21.7","9.1","0.1","0.0","2.9","4.2","12.9","7.5","15.11","29.17","0.0","58.6","54.0","59.0","8.5","0.0","4.8","0.0","0.0","0.0","6.0","9.1","2.2"
"20210427","대전","유성구","16.6","22.2","12.6","12.1","14.7","21.2","8.5","0.0","0.0","2.8","1.3","9.3","7.6","11.42","20.92","0.0","59.0","45.3","58.0","9.1","2.0","4.6","0.0","0.0","0.0","5.3","9.4","2.1"
"20210426","대전","유성구","17.0","23.2","10.3","12.8","14.5","21.1","8.1","0.0","0.0","2.1","11.5","12.2","8.0","24.8","29.61","0.0","45.3","44.8","56.5","5.9","1.6","4.3","0.0","0.0","0.0","7.9","9.4","2.1"
"20210425","대전","유성구","17.9","24.9","10.3","14.9","14.3","20.7","8.1","0.0","0.0","2.7","12.2","11.4","7.9","26.13","26.32","0.0","52.0","47.8","56.6","1.1","2.0","4.3","0.0","0.0","0.0","9.9","14.1","2.1"
"20210424","대전","유성구","17.9","24.7","13.4","10.7","14.3","20.6","8.3","0.0","0.0","3.0","6.6","12.8","7.6","19.09","29.65","0.0","39.3","42.8","57.2","6.0","0.0","4.5","0.0","0.0","0.0","7.7","11.5","2.1"
"20210423","대전","유성구","19.0","22.2","16.0","9.1","14.3","20.6","8.4","0.1","0.0","3.2","0.5","12.7","7.3","11.34","27.18","0.0","34.9","43.1","58.0","9.4","2.4","4.7","0.0","0.0","0.0","10.6","12.1","2.2"
"20210422","대전","유성구","21.8","29.9","15.1","7.3","14.3","20.5","8.5","0.0","0.0","3.0","6.0","9.3","7.1","18.87","21.67","0.0","35.4","42.6","58.7","8.4","4.0","4.9","0.0","0.0","0.0","12.3","11.6","2.3"
"20210421","대전","유성구","19.6","29.7","9.6","9.0","14.2","20.5","8.4","0.0","0.0","3.5","10.7","12.3","6.9","22.09","29.98","0.0","43.5","49.8","59.3","6.5","4.0","5.0","0.0","0.0","0.0","5.8","11.8","2.3"
"20210420","대전","유성구","15.8","25.1","6.3","11.0","14.2","20.6","8.3","0.0","0.0","2.9","11.2","3.1","6.8","24.49","13.08","0.0","53.0","78.8","59.3","3.8","7.0","5.1","0.0","0.0","0.0","5.2","9.2","2.2"
"20210419","대전","유성구","13.5","22.0","4.4","11.3","14.1","20.5","8.0","0.0","12.4","3.3","12.5","0.0","7.0","25.96","5.36","0.0","58.3","85.1","58.5","0.0","9.0","5.0","0.0","0.0","0.0","7.7","12.0","2.2"
"20210418","대전","유성구","11.1","17.5","6.8","14.2","13.8","20.5","7.5","0.0","0.1","3.3","9.6","9.8","7.4","22.53","24.28","0.0","55.6","67.8","57.8","3.4","6.3","4.6","0.0","0.0","0.0","8.0","7.0","2.2"
"20210417","대전","유성구","10.7","16.6","6.9","14.3","13.6","20.5","7.2","0.0","4.0","2.9","8.9","5.8","7.8","19.02","15.41","0.0","60.3","70.1","56.4","4.9","6.6","4.3","0.0","0.0","0.0","11.5","9.0","2.1"
"20210416","대전","유성구","11.8","15.8","9.3","16.0","13.4","20.2","7.0","0.0","0.0","2.5","1.0","11.5","8.0","5.01","25.86","0.0","76.3","44.8","55.0","8.5","3.6","4.2","0.0","0.0","0.0","8.1","10.8","2.1"
"20210415","대전","유성구","11.6","19.6","2.3","12.8","12.9","19.6","6.6","0.0","0.0","2.5","11.6","8.4","8.0","23.47","21.37","0.0","49.0","40.5","54.7","4.3","6.8","4.1","0.0","0.0","0.0","4.8","5.0","2.2"
"20210414","대전","유성구","9.6","16.8","3.2","12.9","12.6","19.2","6.4","0.0","0.0","2.0","12.2","12.4","7.9","26.48","28.06","0.0","48.8","42.8","54.7","1.3","0.9","4.2","0.0","0.0","0.0","10.7","7.8","2.3"
"20210413","대전","유성구","11.3","17.3","5.1","10.7","12.3","18.7","6.4","1.8","0.0","1.8","8.1","10.2","7.5","18.08","26.75","0.0","73.4","43.1","55.3","5.1","2.6","4.5","0.0","0.0","0.0","9.1","8.4","2.3"
"20210412","대전","유성구","13.6","16.5","12.4","8.6","12.1","18.3","6.4","15.3","1.3","2.6","0.0","7.5","7.1","5.55","18.1","0.0","72.3","70.8","56.5","10.0","4.3","4.8","0.0","0.0","0.0","7.6","12.6","2.3"
"20210411","대전","유성구","15.6","23.5","6.1","8.9","12.0","18.1","6.4","0.0","0.0","3.1","11.5","4.8","6.8","23.28","16.73","0.0","50.3","61.1","57.0","2.6","6.8","5.1","0.0","0.0","0.0","6.7","6.9","2.4"
"20210410","대전","유성구","13.0","19.8","6.8","10.9","12.0","18.3","6.2","0.0","0.0","2.9","11.5","10.8","7.0","22.33","23.86","0.0","50.8","50.9","55.9","1.0","4.5","4.9","0.0","0.0","0.0","9.0","7.4","2.3"
"20210409","대전","유성구","12.3","20.0","4.7","9.6","11.9","18.2","6.2","0.0","0.0","2.7","11.1","11.1","7.1","23.73","25.21","0.0","51.4","44.5","56.5","1.5","3.8","4.8","0.0","0.0","0.0","10.9","7.9","2.2"
"20210408","대전","유성구","13.1","20.2","6.8","10.1","11.7","18.0","5.8","0.0","0.0","2.9","11.4","12.2","6.8","24.77","28.28","0.0","39.9","40.5","56.9","1.1","0.0","5.1","0.0","0.0","0.0","7.9","10.0","2.2"
"20210407","대전","유성구","14.3","22.9","6.3","11.5","11.5","18.0","5.4","0.0","0.0","2.7","11.8","11.3","7.1","24.49","23.24","0.0","46.4","58.1","55.8","1.5","1.0","4.7","0.0","0.0","0.0","8.1","8.7","2.2"
"20210406","대전","유성구","13.2","21.2","5.8","9.7","11.2","17.8","5.0","0.0","0.0","2.2","10.6","10.7","7.3","22.95","25.16","0.0","50.6","47.4","55.5","2.0","3.5","4.5","0.0","0.0","0.0","9.7","5.8","2.1"
"20210405","대전","유성구","11.6","18.2","4.4","8.0","10.8","17.4","4.8","0.0","0.0","2.2","12.2","12.2","7.3","25.14","27.6","0.0","55.9","35.0","56.0","0.6","0.0","4.4","0.0","0.0","0.0","7.1","8.3","2.1"
"20210404","대전","유성구","11.7","14.4","9.4","9.5","10.6","17.1","4.3","6.8","0.0","2.2","1.0","11.2","7.4","8.5","22.69","0.0","89.8","48.9","55.2","7.5","0.8","4.3","0.0","0.0","0.0","6.5","11.7","2.1"
"20210403","대전","유성구","16.4","18.2","14.5","11.0","10.3","17.0","4.1","22.0","0.0","2.2","0.0","11.7","7.6","3.55","25.8","0.0","84.4","44.3","54.3","10.0","0.3","4.0","0.0","0.0","0.0","6.6","7.6","2.1"
"20210402","대전","유성구","17.6","23.5","12.2","10.1","10.0","16.5","4.0","0.0","0.0","2.0","5.0","11.0","7.4","16.67","22.38","0.0","50.5","49.0","55.3","7.3","3.0","4.1","0.0","0.0","0.0","10.1","6.8","2.1"
"20210401","대전","유성구","15.8","21.6","11.1","11.6","9.8","16.2","3.9","0.0","0.0","1.9","0.0","7.5","7.1","0.0","19.45","0.0","41.0","40.3","56.2","6.9","4.6","4.2","0.0","0.0","0.0","13.3","10.2","2.0"
"20210331","대전","유성구","14.3","24.4","4.0","12.6","9.6","15.9","3.7","0.0","0.0","1.9","11.1","10.2","6.9","22.36","23.65","0.0","38.6","43.3","56.5","3.3","4.6","4.5","0.0","0.0","0.0","4.1","6.8","2.0"
"20210330","대전","유성구","12.6","20.0","5.8","12.2","9.4","15.8","3.5","0.0","0.0","1.7","11.5","11.5","6.9","23.29","25.67","0.0","39.3","48.6","56.5","1.3","2.9","4.5","0.0","0.0","0.0","6.1","6.3","1.9"
"20210329","대전","유성구","12.2","17.9","8.3","8.9","9.2","15.6","3.3","0.0","0.0","1.3","7.9","9.5","7.0","17.36","24.24","0.0","56.9","49.5","56.5","4.1","4.1","4.4","0.0","0.0","0.0","8.4","7.8","2.0"
"20210328","대전","유성구","10.3","14.9","9.1","7.5","9.0","15.3","3.1","1.8","0.0","1.2","0.1","5.2","7.1","3.61","16.02","0.0","94.4","38.0","56.3","9.5","7.0","4.3","0.0","0.0","0.0","8.5","7.6","2.0"
"20210327","대전","유성구","12.2","16.3","7.9","11.9","8.6","14.9","2.8","20.5","12.6","1.1","0.1","2.3","7.2","5.19","5.99","0.0","78.0","82.1","56.4","9.6","7.3","4.3","0.0","0.0","0.0","6.6","7.3","2.0"
"20210326","대전","유성구","14.4","22.5","5.2","14.2","8.1","14.3","2.4","0.0","1.4","1.2","8.4","0.7","7.2","16.79","8.13","0.0","50.3","74.4","56.9","5.5","9.4","4.3","0.0","0.0","0.0","5.3","6.3","2.0"
"20210325","대전","유성구","13.0","22.1","4.7","13.6","7.8","13.9","2.2","0.0","0.0","1.5","11.1","11.0","7.2","21.51","23.11","0.0","58.3","48.4","56.8","0.3","2.6","4.2","0.0","0.0","0.0","5.9","4.5","2.0"
"20210324","대전","유성구","10.8","18.4","3.3","11.4","7.5","13.5","2.2","0.0","0.0","1.5","9.7","11.3","7.1","19.79","23.46","0.0","53.5","53.0","57.0","3.9","0.0","4.4","0.0","0.0","0.0","7.4","4.9","2.1"
"20210323","대전","유성구","9.9","17.2","2.9","10.2","7.5","13.5","2.2","0.0","0.0","1.7","10.7","11.6","6.9","20.86","23.65","0.0","63.1","52.3","56.6","0.9","0.0","4.6","0.0","0.0","0.0","8.9","9.3","2.1"
"20210322","대전","유성구","7.1","13.1","2.0","13.2","7.6","13.7","2.2","0.0","0.0","1.9","11.2","11.2","6.7","20.01","24.67","0.0","51.5","47.4","56.3","1.1","2.0","4.6","0.0","0.0","0.0","10.8","9.3","2.2"
"20210321","대전","유성구","6.4","10.5","4.2","14.6","7.9","14.1","2.3","0.0","0.0","1.9","5.9","9.6","6.8","11.43","20.26","0.0","67.3","55.4","56.1","6.5","2.1","4.5","0.0","0.0","0.0","10.9","8.1","2.2"
"20210320","대전","유성구","9.0","11.9","7.5","9.6","8.0","14.1","2.3","6.7","0.0","2.1","0.1","11.2","6.6","2.76","23.34","0.0","87.9","43.9","57.0","9.8","0.1","4.6","0.0","0.0","0.0","8.5","9.4","2.1"
"20210319","대전","유성구","13.7","18.8","9.7","10.4","7.9","14.3","2.0","0.0","0.0","2.1","7.5","8.1","6.7","16.28","16.02","0.0","55.9","51.9","57.2","8.3","3.4","4.5","0.0","0.0","0.0","10.2","13.6","2.1"
"20210318","대전","유성구","12.5","20.8","4.1","10.4","7.7","13.9","1.9","0.0","0.0","2.0","10.1","9.3","6.5","19.37","22.8","0.0","55.5","56.1","58.1","3.0","0.9","4.6","0.0","0.0","0.0","7.8","6.4","2.1"
"20210317","대전","유성구","10.0","19.3","1.1","7.8","7.4","13.6","1.7","0.0","0.0","2.3","10.8","5.6","6.6","20.56","10.39","0.0","49.3","72.6","58.7","1.1","3.1","4.7","0.0","0.0","0.0","4.3","8.7","2.1"
"20210316","대전","유성구","11.1","16.6","4.6","4.4","7.0","13.2","1.3","0.0","0.0","2.1","10.3","11.3","6.4","21.22","23.58","0.0","50.4","48.4","59.0","2.6","0.6","4.7","0.0","0.0","0.0","7.9","7.8","2.0"
"20210315","대전","유성구","11.8","18.4","3.5","5.4","6.6","12.9","0.8","0.0","0.0","1.7","8.6","9.6","6.7","16.61","17.45","0.0","64.0","51.6","58.2","6.4","4.0","4.5","0.0","0.0","0.0","7.2","15.5","2.0"
"20210314","대전","유성구","9.4","15.1","3.9","4.7","6.3","12.6","0.5","0.0","0.0","1.7","6.8","11.3","6.7","13.99","22.83","0.0","72.0","50.5","57.2","4.6","1.1","4.4","0.0","0.0","0.0","5.1","9.4","2.0"
"20210313","대전","유성구","9.0","15.6","3.4","6.6","5.9","12.2","0.0","0.0","0.0","1.3","5.3","7.1","6.9","14.73","16.62","0.0","75.1","48.6","56.1","6.1","5.5","4.2","0.0","0.0","0.0","5.0","8.0","1.9"
"20210312","대전","유성구","8.3","10.8","7.1","7.0","5.5","11.7","-0.2","12.2","0.0","1.1","0.0","10.9","6.8","3.53","22.01","0.0","88.0","48.0","56.1","9.0","0.3","4.2","0.0","0.0","0.0","6.1","6.7","2.0"
"20210311","대전","유성구","11.0","19.5","2.7","4.8","5.3","11.5","-0.5","0.0","0.0","1.0","8.0","11.1","6.8","17.54","23.29","0.0","49.1","47.4","55.9","6.1","0.0","4.3","0.0","0.0","0.0","5.2","10.2","2.0"
"20210310","대전","유성구","9.6","18.4","0.3","6.8","5.0","11.1","-0.6","0.0","8.8","1.1","10.7","0.0","6.7","19.19","2.33","0.0","50.9","86.3","56.5","0.0","7.5","4.4","0.0","0.0","0.0","6.4","8.4","2.0"
"20210309","대전","유성구","7.5","13.7","2.9","10.0","4.8","10.6","-0.5","0.0","1.6","1.2","6.1","4.8","6.5","14.01","11.24","0.0","58.3","68.4","58.0","6.9","8.3","4.5","0.0","0.0","0.0","4.9","6.0","2.1"
"20210308","대전","유성구","8.0","15.3","1.8","8.7","4.8","10.5","-0.4","0.0","0.0","1.5","9.7","10.8","6.3","18.52","21.19","0.0","65.0","60.9","59.5","4.3","0.3","4.6","0.0","0.0","0.0","4.4","7.1","2.1"
"20210307","대전","유성구","6.7","11.1","4.1","6.0","4.7","10.5","-0.5","0.0","0.0","2.3","2.5","0.1","6.2","9.85","6.14","0.0","71.5","59.0","60.6","7.6","6.8","4.7","0.0","0.0","0.0","9.1","4.0","2.0"
"20210306","대전","유성구","7.5","14.3","4.0","4.5","4.7","10.3","-0.4","0.0","0.0","2.6","6.7","10.9","6.1","14.02","21.43","0.0","74.5","48.8","61.1","6.8","4.1","4.7","0.0","0.0","0.0","12.5","4.7","2.0"
"20210305","대전","유성구","8.5","16.9","2.4","3.0","4.6","10.3","-0.4","0.0","0.0","2.4","7.1","10.4","6.2","16.14","21.24","0.0","75.8","51.3","61.3","4.4","1.8","4.6","0.0","0.0","0.0","5.5","6.8","2.0"
"20210304","대전","유성구","5.7","10.5","1.5","4.2","4.5","10.3","-0.8","3.0","0.0","2.2","0.1","9.8","6.3","5.9","20.57","0.0","79.5","55.4","61.0","8.0","6.1","4.6","0.0","0.0","0.0","3.7","11.3","1.9"
"20210303","대전","유성구","4.3","10.2","-1.8","7.2","4.3","10.2","-0.9","0.0","0.0","2.2","7.9","8.8","6.4","14.84","17.6","0.0","67.4","64.5","60.6","5.4","6.1","4.5","0.0","0.0","0.0","3.5","7.3","1.9"
"20210302","대전","유성구","3.0","6.7","0.7","5.3","4.2","10.0","-0.9","0.2","0.0","1.7","2.5","10.2","6.3","8.27","20.18","0.0","81.0","55.8","60.4","6.4","3.5","4.7","0.0","0.0","0.0","6.8","7.3","1.9"
"20210301","대전","유성구","8.2","12.7","2.0","6.3","4.0","9.8","-1.1","50.8","0.0","1.8","0.0","2.6","6.3","0.0","11.69","0.0","95.3","81.8","60.1","10.0","6.8","4.6","0.0","0.0","0.0","10.0","7.6","1.8"
"20210228","대전","유성구","7.4","12.4","1.5","5.1","3.9","9.6","-1.1","0.0","4.6","1.7","1.6","0.0","6.2","6.92","3.28","0.0","69.6","86.5","60.1","8.1","9.1","4.7","0.0","0.0","0.0","7.0","4.0","1.8"
"20210227","대전","유성구","8.7","12.9","5.1","6.9","4.0","9.6","-1.0","0.0","0.0","2.5","9.7","8.3","5.9","16.12","17.62","0.0","52.5","66.0","60.3","5.1","2.9","4.9","0.0","0.0","0.0","11.9","5.6","1.8"
"20210226","대전","유성구","8.9","15.4","1.9","8.0","3.8","9.5","-1.4","0.0","0.0","2.3","8.6","7.5","6.0","15.45","16.04","0.0","49.8","76.1","59.7","6.8","2.4","4.7","0.0","0.0","0.0","9.9","7.9","1.7"
"20210225","대전","유성구","4.7","8.9","-0.1","7.0","3.4","9.3","-1.8","0.0","55.3","1.8","0.1","0.0","6.6","4.65","0.98","0.0","59.0","93.1","58.7","9.0","9.8","4.3","0.0","0.0","0.0","4.1","7.7","1.7"
"20210224","대전","유성구","4.5","12.1","-1.4","7.4","3.2","9.0","-2.1","0.0","0.4","1.8","8.4","9.9","6.3","14.32","18.12","0.0","34.3","53.8","59.6","6.1","4.1","4.4","0.0","0.0","0.0","3.7","6.8","1.8"
"20210223","대전","유성구","1.9","8.6","-2.4","3.7","2.9","8.7","-2.4","0.0","0.0","2.1","10.4","10.4","6.4","15.96","19.11","0.0","38.3","52.3","59.1","2.4","0.0","4.2","0.0","0.0","0.0","6.0","6.9","1.8"
"20210222","대전","유성구","11.7","19.9","1.6","6.3","2.6","8.5","-2.9","0.0","1.2","1.4","10.1","8.9","6.8","14.94","16.34","0.0","46.9","59.1","58.7","0.8","3.1","3.8","0.0","0.0","0.0","9.0","12.5","1.9"
"20210221","대전","유성구","14.3","22.6","5.6","7.3","2.3","8.2","-3.0","0.0","2.3","1.5","10.0","6.0","6.8","16.01","12.44","0.0","53.3","71.0","58.8","0.0","7.0","3.8","0.0","0.0","0.0","9.4","4.8","1.9"
"20210220","대전","유성구","11.2","17.2","6.3","5.3","2.0","7.9","-3.3","0.0","0.0","1.4","8.6","9.7","6.5","14.06","16.31","0.0","64.9","67.5","58.3","0.8","2.1","3.9","0.0","0.0","0.0","8.3","3.8","1.8"
"20210219","대전","유성구","2.6","9.8","-7.0","2.1","1.7","7.4","-3.5","0.0","0.0","1.0","10.1","6.4","6.8","16.29","14.68","0.0","66.3","66.9","57.2","0.0","7.5","3.7","0.0","0.0","0.0","8.5","5.8","1.8"
"20210218","대전","유성구","-4.3","0.9","-8.9","-1.6","1.5","7.2","-3.6","0.4","0.1","1.2","9.3","10.0","6.7","14.36","18.87","0.0","61.6","63.6","57.6","3.5","1.0","3.8","2.0","0.6","0.0","7.8","6.9","1.8"
"20210217","대전","유성구","-6.1","-3.6","-7.5","-3.2","1.4","6.9","-3.5","0.1","0.7","1.2","9.3","4.7","6.3","14.57","9.97","0.0","56.1","73.0","57.6","4.3","7.3","4.1","0.1","1.5","0.0","11.5","10.3","1.8"
"20210216","대전","유성구","-2.7","2.7","-5.7","0.8","1.5","7.0","-3.4","3.4","8.4","1.1","5.1","1.9","6.2","9.75","5.74","0.0","66.8","84.0","58.3","3.3","9.6","4.3","5.7","1.2","0.0","8.8","9.6","1.8"
"20210215","대전","유성구","3.0","9.0","-2.0","9.9","1.5","7.1","-3.3","0.5","1.5","1.4","4.7","5.4","6.1","7.48","10.14","0.0","65.6","78.8","59.2","7.3","6.9","4.3","0.0","0.0","0.0","12.4","7.5","1.8"
"20210214","대전","유성구","9.1","15.2","4.2","7.5","1.5","7.0","-3.3","1.0","0.0","1.7","0.9","5.7","6.1","6.41","12.15","0.0","66.0","83.6","59.5","9.3","5.5","4.3","0.0","0.0","0.0","3.8","3.3","1.8"
"20210213","대전","유성구","7.6","17.4","-0.5","7.4","1.4","7.0","-3.4","0.0","0.1","1.4","9.7","0.0","6.0","14.77","5.86","0.0","47.8","91.0","59.7","0.8","7.8","4.4","0.0","0.0","0.0","3.7","5.7","1.8"
"20210212","대전","유성구","6.9","16.3","0.3","7.7","1.1","6.6","-3.7","0.0","15.8","1.2","8.2","0.0","6.0","13.84","1.76","0.0","56.0","91.3","60.7","3.6","9.9","4.3","0.0","0.0","0.0","6.6","8.0","1.7"
"20210211","대전","유성구","5.3","12.5","-0.2","6.6","0.6","5.9","-4.0","0.0","0.0","1.2","6.7","8.5","6.0","11.77","15.13","0.0","68.0","47.5","61.1","7.8","4.5","4.3","0.0","0.0","0.0","4.3","4.9","1.7"
"20210210","대전","유성구","2.6","10.0","-4.2","5.1","0.2","5.3","-4.3","0.0","0.0","1.2","7.6","9.4","5.8","12.06","15.16","0.0","68.9","53.6","61.4","3.5","2.0","4.4","0.0","0.0","0.0","5.4","5.6","1.7"
"20210209","대전","유성구","0.0","7.4","-6.3","0.5","0.1","5.3","-4.6","0.0","0.0","0.9","9.9","9.9","5.7","15.37","16.41","0.0","51.8","57.9","62.3","0.0","0.5","4.4","0.0","0.0","0.0","7.4","5.9","1.7"
"20210208","대전","유성구","-1.7","2.5","-4.1","1.6","0.1","5.3","-4.6","0.0","0.0","0.8","9.8","8.0","5.8","15.57","14.76","0.0","46.8","55.6","62.9","0.0","0.0","4.5","0.0","0.0","0.0","10.6","9.1","1.7"
"20210207","대전","유성구","5.8","11.4","-0.4","-1.2","-0.1","5.3","-4.9","0.0","0.0","0.7","7.6","7.1","5.9","9.99","13.21","0.0","65.5","54.5","62.3","4.0","6.6","4.3","0.0","0.0","0.0","7.2","6.1","1.6"
"20210206","대전","유성구","6.0","9.3","-1.1","-5.0","-0.1","5.4","-5.0","0.0","0.0","0.7","1.6","7.8","6.0","4.33","13.04","0.0","78.6","45.9","62.1","8.0","3.4","4.1","0.0","0.0","0.0","6.5","4.6","1.6"
"20210205","대전","유성구","1.2","7.9","-5.6","-4.6","-0.3","5.4","-5.3","0.0","0.1","0.6","5.5","9.7","6.3","10.6","16.62","0.0","54.3","47.8","62.5","5.5","0.0","3.9","0.0","0.0","0.0","6.4","8.7","1.5"
"20210204","대전","유성구","-0.5","4.1","-3.7","0.4","-0.6","5.0","-5.5","0.5","0.7","0.6","9.6","9.6","6.6","14.92","15.37","0.0","49.3","61.9","61.9","1.4","2.3","3.5","0.7","0.8","0.0","6.6","6.7","1.5"
"20210203","대전","유성구","-1.4","4.1","-8.2","1.5","-0.9","4.7","-5.8","0.1","0.0","0.8","9.6","8.4","6.5","14.32","13.78","0.0","56.0","58.0","61.6","1.6","3.1","3.3","0.3","0.0","0.0","8.5","7.3","1.5"
"20210202","대전","유성구","-2.4","2.6","-4.4","1.8","-0.9","4.7","-5.8","0.0","0.0","0.9","9.6","6.8","6.4","14.5","10.82","0.0","46.9","71.5","62.5","1.0","4.5","3.4","0.0","0.0","0.0","9.6","4.0","1.5"
"20210201","대전","유성구","7.3","11.0","2.6","2.1","-0.9","4.6","-5.8","8.1","0.0","0.8","3.1","0.7","6.4","7.52","5.6","0.0","82.0","79.0","62.3","8.4","4.9","3.5","0.0","0.0","0.0","7.3","4.8","1.6"
"20210131","대전","유성구","3.8","12.5","-4.5","3.7","-0.8","4.7","-5.7","0.0","0.0","0.6","7.9","1.5","6.2","11.45","6.26","0.0","63.3","72.3","62.1","3.8","5.4","3.7","0.0","0.0","0.0","7.3","4.7","1.6"
"20210130","대전","유성구","0.2","9.2","-7.6","6.1","-0.7","4.7","-5.5","0.0","0.0","0.6","5.5","3.7","6.0","7.75","8.89","0.0","61.0","64.1","62.0","4.5","7.0","3.9","0.0","0.0","0.0","7.4","4.5","1.6"
"20210129","대전","유성구","-6.0","-0.5","-9.6","6.7","-0.8","4.6","-5.6","0.0","0.0","0.5","0.0","0.7","5.9","0.0","7.14","0.0","55.4","64.0","62.6","1.8","9.1","3.9","0.0","0.0","0.0","7.9","4.0","1.6"
"20210128","대전","유성구","-1.6","5.6","-6.6","6.3","-0.8","4.4","-5.5","1.6","0.0","0.5","3.8","2.0","5.9","5.55","8.18","0.0","66.0","78.6","62.9","6.5","8.9","3.9","0.0","0.0","0.0","12.6","4.2","1.6"
"20210127","대전","유성구","2.9","7.9","-0.6","6.0","-1.0","4.2","-5.8","0.0","7.5","0.5","7.2","0.0","5.9","11.98","2.02","0.0","52.3","76.8","63.3","6.3","10.0","3.9","0.0","0.0","0.0","8.8","13.2","1.6"
"20210126","대전","유성구","6.2","8.0","4.3","6.5","-1.3","3.9","-6.1","4.0","0.0","0.5","0.0","4.7","6.1","2.68","10.18","0.0","84.1","71.1","63.5","9.6","8.6","3.8","0.0","0.0","0.0","6.5","16.5","1.6"
"20210125","대전","유성구","8.3","14.4","3.1","5.2","-1.5","3.6","-6.1","0.0","0.0","0.5","8.3","1.8","6.0","10.81","7.26","0.0","64.5","75.6","64.4","6.8","8.3","3.9","0.0","0.0","0.0","9.0","2.6","1.6"
"20210124","대전","유성구","8.2","14.5","2.9","4.4","-1.4","3.4","-5.8","0.0","0.0","0.6","9.1","8.7","5.7","12.18","12.37","0.0","66.6","65.6","65.2","3.1","5.1","4.2","0.0","0.0","0.0","6.4","4.2","1.6"
"20210123","대전","유성구","8.0","11.7","4.3","6.1","-1.5","3.3","-5.8","0.0","0.6","0.9","0.0","5.5","5.6","3.69","11.01","0.0","82.4","62.5","65.5","9.4","7.3","4.4","0.0","0.0","0.0","11.4","5.5","1.5"
"20210122","대전","유성구","7.4","9.9","5.6","2.4","-1.3","3.5","-5.4","2.9","0.7","1.1","0.0","0.0","5.4","3.86","2.46","0.0","94.6","69.5","65.6","10.0","9.8","4.6","0.0","0.0","0.0","3.8","3.5","1.5"
"20210121","대전","유성구","4.9","9.3","-1.2","0.5","-1.0","3.7","-5.1","4.6","0.0","1.1","3.5","9.3","5.3","5.51","13.78","0.0","72.8","45.3","65.6","8.5","1.9","4.8","0.0","0.0","0.0","2.8","4.9","1.5"
"20210120","대전","유성구","-0.6","9.3","-8.7","3.4","-0.9","3.9","-5.1","0.0","0.0","1.2","9.0","6.9","5.3","11.98","11.72","0.0","52.4","57.3","65.4","1.3","4.5","4.8","0.0","0.0","0.0","3.1","9.5","1.5"
"20210119","대전","유성구","-4.8","0.8","-10.2","2.6","-0.8","4.2","-5.1","0.0","0.0","1.1","9.1","3.3","5.2","12.65","7.53","0.0","45.6","62.1","65.4","0.1","7.0","4.7","0.0","0.0","0.0","5.0","9.2","1.5"
"20210118","대전","유성구","-1.5","4.6","-4.8","0.5","-0.7","4.3","-5.0","3.3","0.0","0.9","2.3","8.7","5.1","5.97","12.87","0.0","74.6","55.0","65.4","5.5","2.1","4.7","6.6","0.0","0.0","13.3","5.1","1.4"
"20210117","대전","유성구","-3.3","2.0","-8.4","0.0","-0.9","4.3","-5.4","0.0","0.0","1.0","8.5","5.3","5.2","11.98","9.46","0.0","61.9","56.5","65.5","3.4","4.4","4.5","0.1","0.0","0.0","7.1","3.6","1.4"
"20210116","대전","유성구","-1.1","3.4","-4.8","-0.6","-1.0","4.1","-5.4","0.0","0.0","1.1","6.2","7.9","5.1","9.82","12.08","0.0","58.6","56.5","65.7","5.6","5.6","4.5","0.0","0.0","0.0","8.3","4.9","1.4"
"20210115","대전","유성구","6.1","13.7","-0.8","-0.9","-1.1","3.9","-5.3","0.0","0.0","1.0","0.8","8.9","4.9","4.64","12.73","0.0","69.5","65.4","66.2","8.8","1.9","4.6","0.0","0.0","0.0","13.6","5.6","1.4"
"20210114","대전","유성구","3.3","11.7","-2.6","-0.1","-1.1","3.9","-5.4","0.0","0.0","0.9","8.7","7.1","5.1","11.02","10.0","0.0","58.1","60.5","65.8","0.0","5.1","4.6","0.0","0.0","0.0","4.3","5.1","1.4"
"20210113","대전","유성구","3.7","10.8","-3.8","0.2","-1.3","3.7","-5.6","0.0","0.0","1.0","7.8","4.2","5.3","9.64","6.83","0.0","81.0","61.3","65.7","1.4","6.0","4.5","0.0","0.0","0.0","8.7","7.6","1.4"
"20210112","대전","유성구","-1.4","4.2","-7.0","1.4","-1.2","3.6","-5.4","1.3","0.0","0.5","6.7","6.6","5.2","10.03","10.18","0.0","77.6","64.8","65.8","6.8","5.3","4.4","2.1","0.0","0.0","6.7","7.6","1.5"
"20210111","대전","유성구","-6.0","-2.4","-9.8","1.2","-1.2","3.7","-5.5","0.0","0.0","0.5","0.3","7.9","5.1","4.91","11.1","0.0","70.8","72.5","66.3","8.1","5.6","4.4","0.0","0.0","0.0","2.8","5.5","1.5"
"20210110","대전","유성구","-8.0","-2.0","-14.7","0.3","-1.2","3.8","-5.5","0.0","0.0","0.6","6.8","8.5","5.3","9.56","11.83","0.0","63.6","74.5","66.8","3.0","3.6","4.4","0.0","0.0","0.0","2.8","3.9","1.5"
"20210109","대전","유성구","-11.4","-6.0","-17.0","1.4","-1.2","3.7","-5.5","0.0","0.0","1.2","8.5","7.8","5.2","11.16","10.58","0.0","65.5","71.0","67.1","0.9","3.5","4.4","0.0","0.0","0.0","6.0","6.8","1.5"
"20210108","대전","유성구","-13.5","-8.3","-17.5","4.5","-1.0","3.9","-5.4","0.0","2.4","1.3","8.9","0.2","5.1","11.82","1.9","0.0","57.8","88.4","67.2","1.6","9.9","4.5","0.0","0.0","0.0","5.8","11.1","1.5"
"20210107","대전","유성구","-11.2","-3.4","-15.6","8.6","-1.0","3.9","-5.5","1.5","57.0","1.4","8.2","0.0","5.1","11.14","1.03","0.0","57.8","95.9","66.9","2.8","10.0","4.6","3.0","0.0","0.0","11.7","11.1","1.5"
"20210106","대전","유성구","-5.3","-1.4","-10.6","2.9","-1.1","4.0","-5.5","2.2","10.3","1.4","8.6","0.0","5.3","10.59","1.9","0.0","66.5","87.4","65.9","2.5","9.9","4.4","5.8","0.0","0.0","7.9","8.7","1.5"
"20210105","대전","유성구","-2.8","0.3","-7.6","1.3","-0.9","4.3","-5.5","0.1","0.0","1.2","8.0","8.2","5.4","9.51","12.49","0.0","61.1","63.5","65.3","3.6","3.1","4.3","0.1","0.0","0.0","7.8","3.5","1.5"
"20210104","대전","유성구","-2.8","2.5","-8.4","0.6","-0.8","4.5","-5.4","0.0","0.0","0.6","5.7","5.4","5.4","8.09","7.51","0.0","67.6","78.1","65.2","4.0","1.8","4.2","0.0","0.0","0.0","4.2","5.7","1.5"
"20210103","대전","유성구","-4.1","0.0","-8.5","2.0","-0.8","4.5","-5.5","0.0","0.0","0.5","4.9","7.3","5.5","7.63","10.18","0.0","63.8","73.4","65.6","5.6","2.6","4.2","0.0","0.0","0.0","3.8","7.7","1.5"
"20210102","대전","유성구","-3.5","1.4","-7.1","1.3","-0.8","4.5","-5.4","0.0","0.0","0.4","8.5","0.2","5.5","10.89","3.96","0.0","67.5","76.9","66.0","1.5","6.3","3.9","0.0","0.0","0.0","9.3","5.4","1.5"
"20210101","대전","유성구","-4.6","-1.2","-9.7","-0.6","-0.8","4.6","-5.5","2.1","0.0","0.4","2.7","5.7","5.3","4.73","10.57","0.0","88.8","65.8","67.1","5.9","6.5","4.1","4.3","0.0","0.0","2.5","7.2","1.5"
