"炼雀老磊","瘤开(矫)","瘤开(焙)","乞闭 扁柯(∑C)","弥绊 扁柯(∑C)","弥历 扁柯(∑C)","傈斥 扁柯(∑C)","乞斥 扁柯(∑C)","乞斥 弥绊 扁柯(∑C)","乞斥 弥历 扁柯(∑C)","乞闭 碍荐樊(mm)","傈斥 碍荐樊(mm)","乞斥 碍荐樊(mm)","乞闭 老炼矫埃(hr)","傈斥 老炼矫埃(hr)","乞斥 老炼矫埃(hr)","乞闭 老荤樊(MJ/С)","傈斥 老荤樊(MJ/С)","乞斥 老荤樊(MJ/С)","乞闭 嚼档(%)","傈斥 嚼档(%)","乞斥 嚼档(%)","乞闭 款樊(1/10)","傈斥 款樊(1/10)","乞斥 款樊(1/10)","乞闭 利汲樊(cm)","傈斥 利汲樊(cm)","乞斥 利汲樊(cm)","乞闭 鉴埃弥措浅加(m/s)","傈斥 鉴埃弥措浅加(m/s)","乞斥 鉴埃弥措浅加(m/s)"
"20241231","何魂","秦款措备","6.7","10.2","2.4","8.1","4.0","9.0","0.1","0.0","0.0","0.2","8.7","5.4","7.2","12.62","9.85","0.0","27.5","67.1","44.6","0.0","3.4","2.3","0.0","0.0","0.0","14.9","14.8","3.6"
"20241230","何魂","秦款措备","8.2","12.4","3.6","8.2","4.0","8.8","0.1","0.0","2.2","0.5","7.6","6.3","7.0","10.3","10.12","0.0","53.5","58.4","44.3","8.1","5.0","2.4","0.0","0.0","0.0","14.0","9.5","3.5"
"20241229","何魂","秦款措备","4.2","9.8","-1.0","6.1","4.1","8.8","0.3","0.0","0.0","0.8","9.2","8.9","7.1","12.21","11.74","0.0","47.8","47.5","43.7","1.9","1.8","2.4","0.0","0.0","0.0","10.0","12.4","3.4"
"20241228","何魂","秦款措备","1.5","5.7","-0.6","8.0","4.2","9.0","0.4","0.0","0.0","1.0","8.4","8.9","7.0","11.86","11.48","0.0","45.6","49.8","43.7","0.5","0.0","2.5","0.0","0.0","0.0","13.7","8.7","3.3"
"20241227","何魂","秦款措备","2.3","6.2","-0.9","7.2","4.4","9.2","0.7","0.0","0.0","1.0","8.9","7.7","7.0","12.03","11.47","0.0","41.1","50.4","44.4","1.1","4.3","2.5","0.0","0.0","0.0","15.3","7.4","3.4"
"20241226","何魂","秦款措备","6.2","11.3","1.9","4.5","4.7","9.4","1.0","0.0","0.0","1.0","7.9","8.3","6.8","10.51","11.56","0.0","43.9","53.5","45.6","2.3","3.3","2.7","0.0","0.0","0.0","14.9","8.4","3.4"
"20241225","何魂","秦款措备","6.5","10.6","2.9","2.2","5.0","9.7","1.3","0.0","0.0","0.8","8.0","9.0","6.9","11.53","11.89","0.0","48.1","49.6","46.8","4.9","0.3","2.6","0.0","0.0","0.0","10.1","9.4","3.4"
"20241224","何魂","秦款措备","5.0","10.7","1.6","2.0","5.3","10.0","1.6","0.0","0.0","0.7","9.2","4.1","6.8","12.58","8.1","0.0","39.5","53.9","48.5","0.1","4.5","2.7","0.0","0.0","0.0","9.4","7.8","3.6"
"20241223","何魂","秦款措备","4.2","9.9","-1.1","-1.5","5.6","10.2","1.9","0.0","0.0","0.9","9.2","8.4","6.5","12.85","11.8","0.0","40.5","39.6","49.8","1.9","3.5","2.9","0.0","0.0","0.0","11.9","14.7","3.5"
"20241222","何魂","秦款措备","1.3","7.3","-2.5","-4.7","5.8","10.4","2.1","0.0","0.0","0.9","9.2","9.2","6.4","12.44","12.67","0.0","32.6","38.5","50.1","0.4","0.0","3.0","0.0","0.0","0.0","17.1","13.0","3.4"
"20241221","何魂","秦款措备","4.4","8.4","0.2","-4.5","5.8","10.3","2.1","0.0","0.0","1.0","4.7","9.1","6.5","8.29","12.58","0.0","51.4","39.9","49.4","4.8","0.0","2.9","0.0","0.0","0.0","16.1","12.2","3.4"
"20241220","何魂","秦款措备","6.6","10.9","4.1","0.7","5.5","10.1","1.8","0.0","0.0","0.9","4.3","5.1","6.5","7.92","9.55","0.0","36.8","46.9","48.3","7.3","3.6","2.9","0.0","0.0","0.0","10.4","14.1","3.3"
"20241219","何魂","秦款措备","3.8","10.3","-1.6","1.9","5.3","9.9","1.7","0.0","0.0","0.8","9.0","1.9","6.4","12.34","7.0","0.0","36.1","36.3","48.3","1.9","7.8","3.0","0.0","0.0","0.0","15.2","9.1","3.2"
"20241218","何魂","秦款措备","2.2","6.9","-0.6","-1.3","5.2","9.8","1.4","0.0","0.0","0.9","9.0","7.4","6.6","12.36","10.69","0.0","42.8","32.6","47.0","0.0","5.5","2.9","0.0","0.0","0.0","14.3","14.0","3.2"
"20241217","何魂","秦款措备","5.2","9.6","2.8","-2.7","5.0","9.6","1.3","0.0","0.0","0.7","9.1","9.0","6.7","12.13","12.72","0.0","40.5","37.1","46.5","0.4","1.3","2.7","0.0","0.0","0.0","10.7","13.8","3.2"
"20241216","何魂","秦款措备","5.0","10.2","0.9","3.8","5.0","9.5","1.3","0.0","3.1","1.3","9.1","1.3","6.7","12.22","5.76","0.0","44.4","52.8","46.3","0.0","6.0","2.6","0.0","0.0","0.0","9.8","17.9","3.2"
"20241215","何魂","秦款措备","5.2","9.0","1.2","13.0","5.3","9.8","1.5","0.0","17.8","1.6","6.3","0.0","6.6","9.93","0.58","0.0","49.6","89.0","47.2","2.4","10.0","2.8","0.0","0.0","0.0","15.4","12.6","3.2"
"20241214","何魂","秦款措备","3.3","7.6","-0.4","11.9","5.4","9.9","1.6","0.0","32.8","1.5","9.1","0.0","6.7","12.47","1.48","0.0","37.8","78.5","46.5","0.0","9.4","2.9","0.0","0.0","0.0","13.6","8.3","3.2"
"20241213","何魂","秦款措备","4.7","9.3","2.2","11.0","5.6","10.1","1.9","0.0","0.0","1.3","4.4","6.8","6.7","8.21","10.92","0.0","30.9","60.0","47.2","4.3","4.1","2.8","0.0","0.0","0.0","12.9","8.5","3.2"
"20241212","何魂","秦款措备","6.4","10.8","3.3","9.9","6.0","10.5","2.2","0.0","0.0","1.6","8.0","0.0","6.5","12.03","3.45","0.0","40.1","69.1","48.2","3.1","8.6","3.0","0.0","0.0","0.0","12.3","12.9","3.3"
"20241211","何魂","秦款措备","7.6","14.2","3.9","14.4","6.2","10.8","2.4","0.0","46.2","0.9","6.6","0.0","6.5","9.6","0.84","0.0","45.5","84.6","48.8","5.0","10.0","3.2","0.0","0.0","0.0","12.7","13.7","3.2"
"20241210","何魂","秦款措备","6.5","12.0","3.0","15.0","6.3","10.8","2.5","0.0","0.0","0.7","9.1","7.5","6.5","12.39","10.16","0.0","42.0","64.1","49.2","1.5","5.0","3.1","0.0","0.0","0.0","11.3","7.2","3.2"
"20241209","何魂","秦款措备","4.8","9.6","1.1","16.3","6.5","11.0","2.8","0.0","0.0","0.8","9.1","5.0","6.4","12.41","8.88","0.0","44.8","62.4","50.4","1.6","3.8","3.2","0.0","0.0","0.0","12.2","13.4","3.2"
"20241208","何魂","秦款措备","4.2","9.5","1.2","14.6","6.5","11.0","2.7","0.0","0.0","1.3","9.2","6.9","6.4","12.97","10.67","0.0","34.3","59.0","50.4","0.0","3.6","3.2","0.0","0.0","0.0","13.7","15.7","3.1"
"20241207","何魂","秦款措备","5.2","9.9","2.0","9.4","6.4","10.9","2.6","0.0","0.0","1.0","6.5","9.2","6.5","10.4","12.26","0.0","47.0","35.4","49.6","3.6","0.0","3.2","0.0","0.0","0.0","10.2","17.6","3.2"
"20241206","何魂","秦款措备","7.9","11.3","4.4","11.1","6.6","11.1","2.8","0.0","0.7","1.5","4.8","5.1","6.5","7.04","8.31","0.0","45.3","47.5","50.1","3.8","4.0","3.1","0.0","0.0","0.0","13.6","14.0","3.2"
"20241205","何魂","秦款措备","7.8","11.6","4.1","10.5","6.9","11.4","3.1","0.0","0.0","1.8","5.5","8.2","6.5","9.32","10.59","0.0","49.0","39.1","50.0","2.9","4.0","3.2","0.0","0.0","0.0","12.8","6.8","3.2"
"20241204","何魂","秦款措备","6.7","11.5","3.3","8.6","7.3","11.9","3.5","0.0","0.0","1.8","9.3","9.2","6.5","12.51","12.75","0.0","44.3","38.9","50.3","1.0","2.8","3.2","0.0","0.0","0.0","12.5","9.2","3.2"
"20241203","何魂","秦款措备","9.4","13.6","5.1","7.9","7.9","12.5","4.1","0.0","0.0","1.4","7.4","9.2","6.5","10.98","12.44","0.0","37.0","40.5","51.1","6.3","0.0","3.2","0.0","0.0","0.0","15.2","10.1","3.2"
"20241202","何魂","秦款措备","13.9","18.8","9.3","5.2","8.4","13.0","4.7","0.0","0.0","1.6","8.8","9.4","6.3","12.18","12.99","0.0","60.1","44.6","52.7","0.9","2.3","3.3","0.0","0.0","0.0","13.3","12.6","3.1"
"20241201","何魂","秦款措备","11.3","16.4","6.4","2.4","8.9","13.4","5.2","0.0","0.0","1.3","8.5","9.4","6.1","11.23","13.11","0.0","59.8","37.3","53.4","3.5","0.3","3.6","0.0","0.0","0.0","7.1","14.9","3.0"
"20241130","何魂","秦款措备","8.7","14.2","4.8","2.6","9.2","13.7","5.5","0.0","0.0","1.1","9.0","8.7","6.0","12.93","13.18","0.0","49.4","31.3","54.2","0.3","2.0","3.6","0.0","0.0","0.0","11.7","14.4","3.0"
"20241129","何魂","秦款措备","6.6","9.4","3.9","6.9","9.3","13.8","5.6","0.0","0.0","1.1","5.1","0.6","6.0","9.28","6.13","0.0","56.0","43.5","54.1","2.3","7.0","3.6","0.0","0.0","0.0","14.5","13.4","3.0"
"20241128","何魂","秦款措备","6.9","11.3","3.5","8.6","9.4","13.9","5.9","0.0","0.0","1.0","7.1","8.3","5.9","10.71","11.49","0.0","54.3","33.1","54.5","2.3","0.6","3.8","0.0","0.0","0.0","16.6","13.8","3.1"
"20241127","何魂","秦款措备","6.6","9.9","4.5","11.4","9.6","14.2","5.9","0.0","0.0","2.1","3.7","2.3","6.1","9.09","6.73","0.0","50.3","53.9","54.7","4.6","5.4","3.7","0.0","0.0","0.0","19.8","12.4","3.1"
"20241126","何魂","秦款措备","11.6","16.1","6.7","8.0","9.7","14.4","6.0","29.1","0.0","2.1","1.4","3.0","6.2","4.3","7.64","0.0","63.0","32.9","54.9","6.9","4.8","3.5","0.0","0.0","0.0","15.0","9.4","3.2"
"20241125","何魂","秦款措备","13.3","17.7","9.0","4.3","10.0","14.7","6.3","0.3","0.0","2.1","3.0","9.5","6.3","8.12","13.78","0.0","61.4","32.0","54.7","6.5","0.6","3.5","0.0","0.0","0.0","9.5","13.7","3.2"
"20241124","何魂","秦款措备","11.5","17.3","8.4","6.1","10.1","14.9","6.4","0.0","0.0","2.0","5.8","9.5","6.4","10.76","13.98","0.0","63.9","26.4","54.1","2.6","0.4","3.4","0.0","0.0","0.0","8.4","17.1","3.1"
"20241123","何魂","秦款措备","10.9","16.8","7.5","16.2","10.2","15.0","6.3","0.0","0.0","2.0","8.1","8.6","6.6","12.83","10.99","0.0","56.9","56.5","53.0","3.1","2.5","3.3","0.0","0.0","0.0","9.4","15.3","3.0"
"20241122","何魂","秦款措备","11.2","15.5","8.5","14.9","10.1","15.0","6.3","0.0","0.0","1.1","9.2","9.5","6.7","13.74","13.5","0.0","45.3","61.4","51.7","0.0","2.5","3.1","0.0","0.0","0.0","12.2","10.7","3.0"
"20241121","何魂","秦款措备","12.5","17.1","8.8","12.6","10.2","15.0","6.4","0.0","0.0","1.2","9.2","9.7","6.7","13.11","14.16","0.0","54.4","54.1","51.5","0.0","0.0","3.3","0.0","0.0","0.0","12.3","10.7","3.1"
"20241120","何魂","秦款措备","11.5","16.9","8.2","11.0","10.2","14.9","6.4","0.0","0.0","1.9","8.5","9.7","6.7","13.39","14.12","0.0","53.4","47.9","51.3","3.0","0.0","3.2","0.0","0.0","0.0","10.4","8.7","3.1"
"20241119","何魂","秦款措备","10.6","14.4","7.1","9.2","10.4","15.1","6.6","0.0","0.0","2.0","2.8","9.6","6.6","9.47","14.09","0.0","61.5","48.9","52.1","5.0","0.0","3.3","0.0","0.0","0.0","11.2","12.0","3.1"
"20241118","何魂","秦款措备","8.5","13.4","5.0","4.6","10.7","15.4","7.0","0.0","0.3","1.9","9.7","9.5","6.7","14.71","14.41","0.0","38.4","45.3","52.7","0.0","0.3","3.4","0.0","0.3","0.0","17.9","17.2","3.1"
"20241117","何魂","秦款措备","15.1","19.5","9.5","7.2","11.0","15.7","7.3","0.0","0.0","1.6","1.6","7.5","6.7","6.1","13.0","0.0","50.5","50.3","53.2","7.8","2.9","3.5","0.0","0.0","0.0","12.9","14.2","3.2"
"20241116","何魂","秦款措备","19.1","24.4","16.5","9.9","11.5","16.1","7.8","0.0","11.7","1.3","8.0","0.0","6.7","12.33","4.67","0.0","71.1","65.5","53.9","3.3","7.8","3.5","0.0","0.0","0.0","7.4","15.2","3.1"
"20241115","何魂","秦款措备","17.2","20.3","15.4","10.6","12.0","16.6","8.3","0.2","0.0","0.7","0.3","9.8","6.6","4.06","14.17","0.0","71.8","46.4","55.3","9.0","0.0","3.7","0.0","0.0","0.0","8.8","10.8","3.1"
"20241114","何魂","秦款措备","17.0","21.6","14.0","8.8","12.3","16.9","8.7","0.0","0.0","0.9","4.1","9.9","6.8","10.4","15.12","0.0","63.0","38.3","55.9","6.0","1.8","3.5","0.0","0.0","0.0","7.4","11.6","3.1"
"20241113","何魂","秦款措备","16.6","21.7","14.3","6.5","12.7","17.3","9.1","0.0","0.0","1.2","5.6","10.0","6.7","9.71","15.52","0.0","59.6","28.3","57.8","1.8","0.0","3.6","0.0","0.0","0.0","9.7","14.3","3.2"
"20241112","何魂","秦款措备","17.2","21.8","14.6","6.7","13.0","17.6","9.5","0.0","0.0","1.6","9.7","8.0","6.3","13.49","13.89","0.0","56.6","34.3","59.5","0.0","2.6","3.9","0.0","0.0","0.0","11.9","14.2","3.3"
"20241111","何魂","秦款措备","17.3","23.1","13.0","9.6","13.2","17.7","9.7","0.0","0.0","1.8","8.2","8.0","6.3","12.77","13.31","0.0","66.8","37.3","59.8","1.3","2.4","3.9","0.0","0.0","0.0","9.2","11.6","3.4"
"20241110","何魂","秦款措备","16.8","19.9","15.1","13.9","13.4","17.9","9.9","0.0","1.4","2.7","0.0","4.0","6.2","4.9","10.17","0.0","68.0","46.8","60.2","8.3","6.0","4.1","0.0","0.0","0.0","6.9","11.8","3.4"
"20241109","何魂","秦款措备","17.0","22.2","13.3","17.8","13.8","18.4","10.3","0.0","0.0","2.8","8.0","7.5","6.0","13.53","12.59","0.0","61.6","63.4","61.5","5.1","6.8","4.3","0.0","0.0","0.0","8.2","8.0","3.4"
"20241108","何魂","秦款措备","16.0","20.7","13.8","14.5","14.2","18.9","10.8","0.0","0.0","2.6","5.3","9.9","6.0","10.47","15.05","0.0","65.4","46.6","61.6","6.6","3.0","4.3","0.0","0.0","0.0","6.2","5.9","3.3"
"20241107","何魂","秦款措备","15.0","21.6","9.3","13.3","14.6","19.3","11.1","0.0","0.0","2.8","7.6","10.0","6.2","14.45","15.7","0.0","57.6","34.9","61.9","3.9","0.5","4.2","0.0","0.0","0.0","7.3","22.0","3.1"
"20241106","何魂","秦款措备","11.8","16.9","8.3","18.7","14.7","19.6","11.1","0.0","11.5","2.6","10.0","0.8","6.6","16.73","3.82","0.0","30.5","60.4","61.2","0.0","6.5","3.8","0.0","0.0","0.0","16.0","21.3","3.0"
"20241105","何魂","秦款措备","14.7","20.0","11.1","20.4","14.7","19.8","11.1","0.0","0.0","1.4","4.6","0.4","7.0","10.73","6.47","0.0","57.8","76.6","59.8","3.6","8.6","3.3","0.0","0.0","0.0","12.2","7.7","2.9"
"20241104","何魂","秦款措备","18.0","23.3","14.1","19.8","14.5","19.5","10.7","0.0","3.6","1.2","9.7","2.7","7.2","15.49","7.38","0.0","67.0","72.8","59.1","1.6","8.5","3.0","0.0","0.0","0.0","9.1","6.2","2.8"
"20241103","何魂","秦款措备","17.7","22.5","14.6","20.7","14.3","19.3","10.5","0.0","0.0","1.3","10.0","10.0","7.3","15.83","15.35","0.0","63.9","65.5","58.3","0.1","1.1","3.0","0.0","0.0","0.0","9.0","8.6","2.8"
"20241102","何魂","秦款措备","17.8","20.9","16.0","20.2","14.2","19.1","10.4","27.2","0.0","1.2","1.6","10.0","7.2","7.46","15.73","0.0","79.1","66.3","57.6","5.9","0.0","3.1","0.0","0.0","0.0","15.1","13.4","2.9"
"20241101","何魂","秦款措备","15.5","17.8","13.6","18.8","14.3","19.1","10.6","42.3","0.0","1.2","0.0","9.9","7.1","1.78","15.26","0.0","88.8","61.9","57.5","10.0","0.0","3.2","0.0","0.0","0.0","10.5","13.0","3.0"
"20241031","何魂","秦款措备","18.5","23.2","16.0","18.4","14.5","19.4","10.9","0.0","0.0","1.5","2.9","10.0","7.0","10.05","16.06","0.0","65.8","52.8","58.3","8.4","0.0","3.4","0.0","0.0","0.0","8.0","8.6","3.1"
"20241030","何魂","秦款措备","17.9","24.1","13.9","17.1","14.9","19.7","11.3","0.0","0.0","1.7","9.9","9.9","6.9","15.35","15.49","0.0","64.5","60.6","58.8","3.3","1.1","3.5","0.0","0.0","0.0","8.5","8.5","3.1"
"20241029","何魂","秦款措备","17.3","22.4","14.6","16.6","15.2","20.0","11.6","0.0","0.0","2.3","4.7","9.8","7.2","11.86","17.16","0.0","67.8","55.0","58.9","6.6","1.0","3.4","0.0","0.0","0.0","11.3","7.1","3.1"
"20241028","何魂","秦款措备","17.0","20.6","14.7","16.6","15.5","20.3","11.9","0.3","0.0","2.0","2.5","9.6","7.3","6.88","16.19","0.0","75.6","55.3","58.9","7.5","1.3","3.3","0.0","0.0","0.0","13.0","7.2","3.0"
"20241027","何魂","秦款措备","17.4","21.4","15.6","17.0","15.8","20.7","12.1","5.4","0.0","2.0","2.2","8.3","7.4","6.39","14.73","0.0","76.3","54.5","59.7","8.4","1.6","3.3","0.0","0.0","0.0","9.4","10.3","3.0"
"20241026","何魂","秦款措备","19.4","24.6","16.4","19.5","16.0","20.9","12.4","0.0","0.0","1.9","9.1","9.9","7.3","15.44","15.53","0.0","66.4","53.9","60.6","2.9","1.4","3.3","0.0","0.0","0.0","11.0","9.3","2.9"
"20241025","何魂","秦款措备","19.0","23.4","15.5","18.5","16.2","21.0","12.6","0.0","0.0","2.0","6.4","10.1","7.3","13.48","16.75","0.0","69.8","55.3","60.4","6.5","0.0","3.4","0.0","0.0","0.0","12.7","7.8","3.0"
"20241024","何魂","秦款措备","16.3","22.8","10.8","17.2","16.4","21.1","12.9","0.0","0.0","2.0","10.0","7.5","6.9","17.87","15.52","0.0","64.8","52.0","61.3","0.9","3.8","3.8","0.0","0.0","0.0","12.6","8.8","3.1"
"20241023","何魂","秦款措备","18.0","21.7","13.7","17.4","16.7","21.3","13.3","0.0","0.0","2.6","9.0","10.1","6.7","17.54","17.42","0.0","58.5","52.0","62.6","2.5","0.6","4.0","0.0","0.0","0.0","14.9","8.2","3.1"
"20241022","何魂","秦款措备","20.2","21.2","18.8","15.0","16.9","21.4","13.6","105.7","0.0","3.1","0.0","6.5","6.5","1.73","13.63","0.0","94.4","40.4","63.3","10.0","5.9","4.2","0.0","0.0","0.0","11.1","9.7","3.2"
"20241021","何魂","秦款措备","19.8","23.4","16.5","13.7","17.1","21.6","13.8","0.4","0.0","3.1","1.5","9.7","6.5","9.93","17.87","0.0","73.3","35.5","63.2","8.4","0.0","4.4","0.0","0.0","0.0","10.4","16.1","3.2"
"20241020","何魂","秦款措备","15.7","17.9","13.6","14.8","17.3","21.9","14.0","0.0","0.5","2.9","0.4","7.6","6.6","6.11","16.49","0.0","60.1","43.5","63.1","8.3","3.6","4.3","0.0","0.0","0.0","15.1","14.6","3.2"
"20241019","何魂","秦款措备","20.1","26.0","14.3","19.5","17.5","22.2","14.0","1.5","0.0","2.0","2.7","4.7","6.9","7.39","13.08","0.0","81.3","63.1","62.3","8.4","6.6","4.0","0.0","0.0","0.0","16.2","12.6","3.1"
"20241018","何魂","秦款措备","22.9","25.2","20.6","18.6","17.5","22.3","14.0","22.1","0.0","1.6","0.1","10.1","7.0","4.16","18.31","0.0","85.8","55.0","61.1","9.8","1.1","3.9","0.0","0.0","0.0","19.9","9.5","3.0"
"20241017","何魂","秦款措备","21.0","23.4","18.6","16.7","17.6","22.4","14.0","0.0","0.0","1.4","1.0","10.2","7.3","7.74","18.98","0.0","74.1","45.5","60.6","8.5","0.0","3.8","0.0","0.0","0.0","8.1","11.0","2.9"
"20241016","何魂","秦款措备","21.9","26.4","18.8","18.7","17.8","22.6","14.2","0.0","0.0","1.5","6.6","10.2","7.2","14.19","18.6","0.0","71.3","46.3","60.9","5.8","0.0","3.6","0.0","0.0","0.0","9.2","8.5","2.9"
"20241015","何魂","秦款措备","21.8","24.3","19.7","18.4","18.0","22.8","14.5","18.6","0.0","1.6","0.1","9.9","7.1","4.52","18.69","0.0","92.4","50.8","61.2","9.8","0.1","3.8","0.0","0.0","0.0","12.1","12.1","2.9"
"20241014","何魂","秦款措备","21.8","25.3","19.4","19.7","18.3","23.0","14.8","33.2","0.0","2.2","0.1","6.6","7.0","6.29","16.25","0.0","81.0","54.6","62.0","9.6","4.3","4.0","0.0","0.0","0.0","8.2","9.5","2.9"
"20241013","何魂","秦款措备","21.5","26.4","17.6","20.2","18.6","23.3","15.2","0.0","0.0","2.5","6.6","6.5","7.0","16.18","16.04","0.0","67.9","51.6","62.8","5.4","7.6","4.0","0.0","0.0","0.0","10.7","7.7","3.0"
"20241012","何魂","秦款措备","21.1","26.0","17.1","19.3","19.0","23.6","15.6","0.0","0.0","2.4","10.0","7.6","6.8","18.56","14.78","0.0","65.4","45.5","63.8","1.0","1.8","4.1","0.0","0.0","0.0","7.1","8.8","3.0"
"20241011","何魂","秦款措备","20.8","25.9","16.4","19.8","19.1","23.7","15.7","0.0","0.0","2.4","9.3","9.4","6.9","18.1","17.94","0.0","66.4","44.5","64.1","1.4","0.5","4.2","0.0","0.0","0.0","6.3","9.3","3.1"
"20241010","何魂","秦款措备","19.8","25.6","16.6","19.5","19.2","23.8","15.9","0.0","0.0","3.2","4.6","7.9","6.7","14.34","18.32","0.0","63.9","56.4","64.8","3.9","5.8","4.2","0.0","0.0","0.0","7.7","9.4","3.1"
"20241009","何魂","秦款措备","19.3","23.9","16.6","19.6","19.3","23.8","16.1","0.0","0.0","3.2","4.7","2.0","6.6","13.04","9.67","0.0","66.4","67.9","65.0","3.8","9.0","4.4","0.0","0.0","0.0","11.7","10.7","3.1"
"20241008","何魂","秦款措备","19.5","25.2","15.9","18.7","19.3","23.9","16.1","0.1","0.3","3.2","3.6","0.0","6.5","11.44","4.51","0.0","74.5","62.1","65.2","5.8","8.5","4.6","0.0","0.0","0.0","9.9","10.3","3.1"
"20241007","何魂","秦款措备","17.3","20.8","15.7","19.3","19.3","23.8","16.1","5.0","2.5","4.0","0.0","1.0","6.3","7.33","10.42","0.0","86.4","55.8","64.9","10.0","9.4","4.9","0.0","0.0","0.0","9.5","9.5","3.1"
"20241006","何魂","秦款措备","19.6","23.5","17.9","18.2","19.5","23.9","16.3","4.0","0.0","3.7","0.1","5.9","6.2","5.62","16.67","0.0","79.5","41.6","64.8","8.5","7.3","5.1","0.0","0.0","0.0","8.1","9.0","3.1"
"20241005","何魂","秦款措备","21.1","26.4","17.2","18.4","19.7","24.2","16.5","0.0","0.0","2.6","7.2","7.7","6.5","17.02","19.59","0.0","62.6","31.0","64.9","5.4","4.0","5.1","0.0","0.0","0.0","9.6","11.0","3.1"
"20241004","何魂","秦款措备","19.0","24.3","14.5","21.2","19.9","24.4","16.7","0.3","0.0","3.6","8.2","9.4","6.7","17.67","20.29","0.0","69.5","54.1","65.3","2.0","6.1","4.9","0.0","0.0","0.0","9.1","7.6","3.0"
"20241003","何魂","秦款措备","17.7","20.0","15.3","19.7","20.2","24.6","17.0","12.2","0.9","3.6","0.0","0.0","6.7","4.81","4.83","0.0","76.5","61.9","66.4","9.9","9.0","5.0","0.0","0.0","0.0","12.7","8.1","3.0"
"20241002","何魂","秦款措备","19.3","24.3","17.0","20.4","20.4","24.8","17.3","0.0","0.0","4.2","6.9","10.1","6.5","18.04","20.65","0.0","42.1","42.1","67.4","7.6","5.1","5.1","0.0","0.0","0.0","14.9","8.2","3.0"
"20241001","何魂","秦款措备","23.7","28.7","20.6","21.0","20.5","24.7","17.5","0.0","0.0","5.2","5.9","9.2","6.1","16.82","20.97","0.0","65.4","51.0","68.9","6.9","2.4","5.4","0.0","0.0","0.0","12.2","8.5","3.1"
"20240930","何魂","秦款措备","24.0","29.3","20.3","20.3","20.5","24.6","17.6","0.0","1.2","6.0","9.4","1.8","5.5","19.96","6.96","0.0","72.3","69.3","69.8","1.3","7.9","5.7","0.0","0.0","0.0","8.4","13.8","3.1"
"20240929","何魂","秦款措备","23.2","27.2","21.1","24.3","20.6","24.7","17.8","0.0","0.0","5.3","7.6","9.7","5.4","17.59","20.91","0.0","64.6","55.8","69.9","3.0","3.1","5.7","0.0","0.0","0.0","12.8","6.9","3.2"
"20240928","何魂","秦款措备","24.3","29.2","21.9","25.1","20.8","24.9","17.9","0.2","0.0","4.6","4.0","9.7","5.6","14.54","20.54","0.0","74.3","61.1","68.9","3.4","1.1","5.6","0.0","0.0","0.0","11.7","9.9","3.2"
"20240927","何魂","秦款措备","25.2","30.0","22.8","25.1","21.0","25.1","18.0","0.0","0.0","3.2","6.4","5.0","5.9","17.29","15.35","0.0","75.0","70.6","68.9","5.8","6.1","5.4","0.0","0.0","0.0","9.8","8.1","3.1"
"20240926","何魂","秦款措备","25.4","30.3","21.8","23.6","21.2","25.4","18.1","0.0","0.6","3.8","8.9","0.1","6.2","19.57","5.49","0.0","70.5","77.6","68.3","4.1","8.8","5.1","0.0","0.0","0.0","6.1","6.5","3.2"
"20240925","何魂","秦款措备","24.0","27.9","20.9","23.7","21.2","25.5","18.2","0.0","0.0","3.5","3.2","3.2","6.3","13.32","14.56","0.0","68.4","64.8","68.8","6.1","8.1","5.0","0.0","0.0","0.0","8.7","10.4","3.2"
"20240924","何魂","秦款措备","22.4","28.2","19.0","22.8","21.2","25.4","18.3","0.0","0.0","3.4","5.2","8.5","6.2","16.53","19.37","0.0","69.8","58.0","69.4","5.5","5.3","5.1","0.0","0.0","0.0","11.1","12.0","3.3"
"20240923","何魂","秦款措备","21.3","25.9","18.9","21.7","21.3","25.4","18.4","0.0","0.0","3.9","9.6","6.3","5.9","21.22","17.14","0.0","62.0","57.3","70.3","3.3","7.5","5.3","0.0","0.0","0.0","12.3","11.5","3.4"
"20240922","何魂","秦款措备","21.6","24.3","19.9","22.1","21.4","25.5","18.6","0.8","0.0","4.1","0.1","6.8","5.9","7.89","18.51","0.0","83.1","63.3","70.0","9.0","6.3","5.4","0.0","0.0","0.0","11.6","7.0","3.5"
"20240921","何魂","秦款措备","22.4","26.7","20.6","21.5","21.7","25.7","18.9","378.5","9.8","2.5","0.0","0.0","6.1","1.43","5.6","0.0","93.4","77.4","69.4","9.6","9.8","5.3","0.0","0.0","0.0","23.3","23.2","3.5"
"20240920","何魂","秦款措备","27.8","30.1","25.5","24.7","21.9","25.9","19.1","24.9","8.5","2.0","0.1","0.0","6.1","3.55","5.82","0.0","86.0","77.1","69.6","9.3","9.4","5.3","0.0","0.0","0.0","18.2","18.9","3.6"
"20240919","何魂","秦款措备","30.1","34.7","26.9","25.6","22.2","26.1","19.4","0.0","0.0","3.7","10.7","8.9","6.1","20.96","17.95","0.0","74.3","73.9","70.5","3.8","4.3","5.3","0.0","0.0","0.0","7.9","8.7","3.6"
"20240918","何魂","秦款措备","29.9","34.2","27.4","25.3","22.4","26.3","19.6","0.0","1.6","5.1","9.0","7.0","6.1","21.53","17.58","0.0","72.6","79.9","71.1","5.1","3.9","5.2","0.0","0.0","0.0","7.2","8.2","3.6"
"20240917","何魂","秦款措备","29.7","33.8","26.8","24.1","22.5","26.4","19.8","0.0","59.9","5.8","10.0","0.0","6.2","22.28","4.23","0.0","79.3","86.1","72.2","4.0","8.4","5.2","0.0","0.0","0.0","6.4","11.6","3.6"
"20240916","何魂","秦款措备","27.7","31.2","25.4","23.9","22.6","26.3","19.9","0.3","85.5","6.7","1.9","0.0","5.8","10.34","3.5","0.0","80.4","89.1","73.7","8.1","8.4","5.5","0.0","0.0","0.0","9.8","12.7","3.5"
"20240915","何魂","秦款措备","28.8","32.5","26.5","24.7","22.7","26.4","20.0","0.0","2.2","7.3","3.4","0.7","5.9","13.12","7.96","0.0","76.8","80.4","73.8","8.6","8.5","5.5","0.0","0.0","0.0","10.7","7.3","3.5"
"20240914","何魂","秦款措备","29.5","33.7","26.7","23.6","22.9","26.5","20.2","0.0","7.7","5.5","11.2","0.0","5.7","23.49","5.22","0.0","75.0","82.3","73.6","1.4","10.0","5.8","0.0","0.0","0.0","7.7","7.3","3.4"
"20240913","何魂","秦款措备","29.3","33.3","26.2","26.1","23.0","26.6","20.3","0.0","9.5","6.2","10.6","0.6","5.5","22.65","12.3","0.0","77.5","78.3","73.8","2.5","9.0","6.0","0.0","0.0","0.0","7.0","6.7","3.3"
"20240912","何魂","秦款措备","29.0","33.6","26.7","26.4","23.1","26.8","20.5","0.0","0.0","6.7","6.8","3.6","5.5","19.49","14.83","0.0","78.8","74.1","74.1","5.3","7.4","6.1","0.0","0.0","0.0","8.0","5.4","3.2"
"20240911","何魂","秦款措备","28.5","32.2","25.6","25.9","23.2","27.0","20.6","15.1","0.0","6.5","1.7","7.1","5.6","11.95","18.35","0.0","82.3","71.6","74.4","8.8","3.4","6.1","0.0","0.0","0.0","7.6","6.6","3.1"
"20240910","何魂","秦款措备","29.4","34.2","25.3","25.0","23.4","27.1","20.7","0.0","0.0","6.2","11.1","7.7","5.6","23.62","20.2","0.0","69.9","65.1","74.7","0.9","5.3","6.0","0.0","0.0","0.0","6.7","6.6","3.1"
"20240909","何魂","秦款措备","28.5","32.6","26.1","24.2","23.5","27.2","20.8","0.0","0.0","7.8","8.9","11.2","5.9","22.18","25.0","0.0","73.0","62.5","74.9","4.1","0.8","5.7","0.0","0.0","0.0","9.3","7.1","3.2"
"20240908","何魂","秦款措备","28.7","32.5","26.4","24.8","23.5","27.1","20.9","0.0","0.0","7.2","7.2","8.6","5.7","19.84","20.27","0.0","76.4","59.0","75.8","4.5","2.9","5.8","0.0","0.0","0.0","6.8","9.4","3.2"
"20240907","何魂","秦款措备","27.8","31.6","25.1","25.3","23.7","27.2","21.1","0.0","0.0","6.3","5.7","8.9","5.4","17.98","21.03","0.0","76.8","59.8","76.2","6.9","3.1","6.1","0.0","0.0","0.0","8.1","11.9","3.3"
"20240906","何魂","秦款措备","27.9","31.8","26.2","26.4","23.9","27.4","21.2","0.0","0.0","5.5","3.5","7.4","5.7","14.4","17.62","0.0","74.0","62.4","75.9","6.6","3.8","6.0","0.0","0.0","0.0","7.5","11.8","3.4"
"20240905","何魂","秦款措备","27.5","31.9","22.7","26.8","24.0","27.6","21.4","0.0","0.0","6.9","11.2","10.3","5.5","24.64","23.83","0.0","67.8","58.9","76.3","1.3","2.9","6.2","0.0","0.0","0.0","8.8","11.0","3.4"
"20240904","何魂","秦款措备","26.2","30.7","22.4","27.1","24.2","27.7","21.6","0.0","0.0","6.2","11.3","8.0","5.4","25.26","18.87","0.0","67.1","70.3","76.8","0.4","3.1","6.3","0.0","0.0","0.0","10.2","10.7","3.5"
"20240903","何魂","秦款措备","25.6","28.4","23.2","26.3","24.5","28.2","21.9","0.0","0.0","5.1","2.5","9.2","6.0","12.51","22.81","0.0","71.1","76.3","75.9","6.6","3.1","6.0","0.0","0.0","0.0","10.7","6.6","3.5"
"20240902","何魂","秦款措备","27.3","32.0","25.0","24.2","24.6","28.3","22.0","0.5","18.8","7.0","3.5","0.6","6.1","12.39","8.26","0.0","75.9","85.8","75.4","6.9","9.6","5.9","0.0","0.0","0.0","7.2","9.0","3.6"
"20240901","何魂","秦款措备","27.6","31.2","24.2","24.0","24.6","28.2","22.1","0.0","117.4","8.4","10.8","0.0","5.7","24.63","3.0","0.0","71.0","89.9","76.2","2.1","9.8","6.3","0.0","0.0","0.0","7.2","11.4","3.6"
"20240831","何魂","秦款措备","27.7","31.8","25.3","26.6","24.8","28.4","22.3","0.0","16.3","7.1","10.4","4.0","6.0","25.22","15.32","0.0","68.1","81.1","76.2","1.1","7.9","6.2","0.0","0.0","0.0","8.3","7.9","3.6"
"20240830","何魂","秦款措备","29.1","34.9","25.6","27.2","25.0","28.6","22.4","0.5","6.6","6.4","8.0","0.2","6.2","23.02","6.96","0.0","68.4","81.0","76.2","5.6","9.1","6.1","0.0","0.0","0.0","14.3","16.1","3.6"
"20240829","何魂","秦款措备","28.5","32.8","25.3","27.0","25.0","28.6","22.5","3.0","16.1","6.8","6.1","0.6","6.1","21.2","8.02","0.0","75.1","79.8","76.7","7.9","9.1","6.2","0.0","0.0","0.0","19.3","16.6","3.6"
"20240828","何魂","秦款措备","26.9","30.0","25.2","27.4","25.1","28.6","22.6","1.1","0.0","6.8","1.9","4.3","6.0","11.02","16.29","0.0","79.1","73.3","77.4","8.8","7.5","6.2","0.0","0.0","0.0","13.7","9.0","3.5"
"20240827","何魂","秦款措备","28.2","32.1","25.8","27.5","25.2","28.8","22.7","0.0","0.0","7.6","2.4","10.6","6.1","15.86","24.97","0.0","75.0","67.8","77.6","8.3","4.8","6.1","0.0","0.0","0.0","12.4","9.1","3.4"
"20240826","何魂","秦款措备","29.1","32.6","26.3","27.8","25.3","28.8","22.9","0.0","0.0","7.9","8.0","11.3","6.0","20.85","25.51","0.0","78.0","64.8","77.8","4.5","1.5","6.1","0.0","0.0","0.0","7.3","7.3","3.5"
"20240825","何魂","秦款措备","29.1","33.2","26.6","27.1","25.4","28.8","22.9","0.0","0.0","11.2","10.7","9.4","5.8","23.92","23.43","0.0","76.0","71.0","77.8","0.4","4.6","6.3","0.0","0.0","0.0","7.6","10.3","3.5"
"20240824","何魂","秦款措备","29.5","33.3","26.8","26.0","25.5","28.9","23.1","0.0","58.3","12.3","11.0","0.0","5.9","24.12","7.6","0.0","74.5","84.5","78.1","0.4","9.9","6.3","0.0","0.0","0.0","8.4","16.7","3.5"
"20240823","何魂","秦款措备","29.3","32.4","26.7","28.7","25.7","29.1","23.3","0.0","0.8","11.6","11.5","8.8","6.0","25.26","23.54","0.0","76.0","76.8","78.4","3.4","4.4","6.2","0.0","0.0","0.0","9.8","10.4","3.6"
"20240822","何魂","秦款措备","29.1","31.7","27.6","28.9","25.8","29.2","23.4","7.8","0.0","10.7","4.8","7.3","6.1","19.02","22.38","0.0","83.9","74.0","78.2","7.3","3.4","6.0","0.0","0.0","0.0","17.5","10.9","3.6"
"20240821","何魂","秦款措备","28.3","30.9","24.7","28.7","25.9","29.3","23.5","13.4","0.0","10.9","1.1","10.9","6.2","12.27","24.84","0.0","87.8","74.1","78.3","8.1","2.5","6.0","0.0","0.0","0.0","16.1","6.2","3.5"
"20240820","何魂","秦款措备","28.1","30.6","26.1","28.2","26.0","29.4","23.6","49.5","0.2","8.4","2.5","10.6","6.3","11.22","25.91","0.0","84.4","77.0","78.6","9.0","3.6","6.0","0.0","0.0","0.0","19.3","9.3","3.5"
"20240819","何魂","秦款措备","29.6","33.5","26.4","26.3","26.0","29.5","23.7","0.0","29.8","6.4","6.1","0.0","6.5","18.36","4.37","0.0","76.5","88.1","78.4","6.1","9.9","5.9","0.0","0.0","0.0","7.7","11.6","3.5"
"20240818","何魂","秦款措备","29.1","32.8","26.1","27.0","26.1","29.5","23.7","0.0","7.8","5.9","10.3","5.0","6.5","26.15","15.03","0.0","69.5","76.9","78.6","5.9","7.8","5.9","0.0","0.0","0.0","9.0","7.2","3.4"
"20240817","何魂","秦款措备","29.3","32.8","26.6","25.6","26.2","29.6","23.8","0.0","0.0","6.8","8.3","1.3","6.3","22.29","9.18","0.0","71.5","76.4","79.1","6.3","9.1","6.0","0.0","0.0","0.0","8.2","6.9","3.5"
"20240816","何魂","秦款措备","29.6","33.8","26.3","25.7","26.2","29.5","23.9","0.0","0.0","7.9","7.9","0.0","6.1","23.56","6.56","0.0","68.0","76.9","79.6","5.1","9.4","6.2","0.0","0.0","0.0","9.4","5.6","3.5"
"20240815","何魂","秦款措备","29.5","33.8","26.5","27.5","26.3","29.6","23.9","0.0","0.0","7.8","10.1","8.8","6.0","25.53","23.96","0.0","70.9","67.6","79.2","3.3","4.4","6.1","0.0","0.0","0.0","8.4","9.7","3.5"
"20240814","何魂","秦款措备","29.3","33.7","25.8","27.5","26.4","29.6","24.0","0.0","0.0","9.7","11.0","5.6","6.0","25.65","18.09","0.0","70.5","67.9","79.5","2.5","5.3","6.1","0.0","0.0","0.0","9.2","8.1","3.5"
"20240813","何魂","秦款措备","28.7","32.7","25.6","26.9","26.5","29.7","24.2","0.0","0.0","9.9","10.7","9.8","6.1","24.8","25.1","0.0","70.5","69.1","79.3","2.0","4.4","6.1","0.0","0.0","0.0","9.7","7.4","3.5"
"20240812","何魂","秦款措备","28.7","32.7","25.5","27.2","26.6","29.8","24.2","0.0","0.0","9.3","12.1","7.9","6.1","27.84","24.32","0.0","69.9","72.9","79.2","0.5","5.9","6.2","0.0","0.0","0.0","8.2","8.6","3.5"
"20240811","何魂","秦款措备","28.7","32.7","25.9","27.1","26.6","29.9","24.3","0.0","0.0","9.8","10.4","10.3","6.1","26.76","26.45","0.0","72.5","74.3","79.0","1.8","2.1","6.2","0.0","0.0","0.0","8.4","11.2","3.6"
"20240810","何魂","秦款措备","29.4","33.1","26.6","25.2","26.7","30.0","24.3","0.0","108.9","10.4","11.7","0.5","6.2","27.1","7.16","0.0","73.4","79.6","79.2","3.9","8.0","6.2","0.0","0.0","0.0","8.7","25.7","3.6"
"20240809","何魂","秦款措备","29.6","33.3","26.6","25.7","26.7","30.0","24.4","0.0","55.1","10.4","11.2","0.0","6.2","26.35","2.97","0.0","74.9","83.5","79.3","4.3","9.6","6.2","0.0","0.0","0.0","7.0","16.7","3.6"
"20240808","何魂","秦款措备","29.6","34.6","25.5","29.2","26.8","30.1","24.3","9.7","0.0","10.0","9.5","5.1","6.4","23.21","18.77","0.0","74.1","67.3","79.2","4.6","4.0","6.0","0.0","0.0","0.0","11.9","12.0","3.7"
"20240807","何魂","秦款措备","29.4","32.9","26.6","30.6","26.8","30.3","24.3","1.2","0.0","9.3","11.8","10.0","7.0","26.32","24.51","0.0","78.5","64.9","78.7","1.5","4.3","5.6","0.0","0.0","0.0","7.4","10.1","3.6"
"20240806","何魂","秦款措备","29.4","33.4","27.3","30.9","26.9","30.3","24.3","0.3","0.0","8.4","8.2","11.6","7.5","22.53","27.74","0.0","76.4","62.8","78.5","5.6","3.9","5.2","0.0","0.0","0.0","7.0","12.0","3.6"
"20240805","何魂","秦款措备","29.7","33.4","27.7","30.0","26.8","30.2","24.3","0.0","0.0","7.0","10.5","12.1","7.6","25.52","27.45","0.0","74.5","68.9","78.7","3.4","0.8","5.2","0.0","0.0","0.0","7.4","8.2","3.7"
"20240804","何魂","秦款措备","30.2","34.1","27.9","30.2","26.8","30.3","24.3","0.0","0.0","6.4","7.5","11.8","7.7","22.08","25.76","0.0","76.4","64.3","78.8","4.6","2.8","5.2","0.0","0.0","0.0","7.3","8.2","3.7"
"20240803","何魂","秦款措备","30.5","34.1","27.4","29.9","26.8","30.2","24.4","0.0","0.0","6.6","10.1","12.2","7.7","25.35","27.74","0.0","76.4","66.3","79.4","3.8","3.1","5.2","0.0","0.0","0.0","7.3","7.9","3.7"
"20240802","何魂","秦款措备","29.9","33.0","27.4","29.6","26.8","30.1","24.4","0.0","0.0","6.2","11.6","11.6","7.6","26.7","25.5","0.0","78.6","72.1","79.7","1.1","6.1","5.3","0.0","0.0","0.0","11.9","7.1","3.7"
"20240801","何魂","秦款措备","29.6","32.4","26.7","29.6","26.7","30.0","24.3","0.0","0.0","5.8","12.2","11.5","7.5","28.77","27.09","0.0","77.8","62.6","80.1","1.3","3.1","5.4","0.0","0.0","0.0","10.2","7.7","3.7"
"20240731","何魂","秦款措备","29.7","32.9","27.3","29.2","26.6","30.0","24.2","0.0","0.0","8.3","12.3","11.7","7.6","28.65","26.75","0.0","73.3","63.3","80.5","0.0","3.4","5.4","0.0","0.0","0.0","10.0","7.4","3.7"
"20240730","何魂","秦款措备","29.4","32.3","26.1","29.2","26.5","29.9","24.1","0.0","0.0","7.4","12.3","12.3","7.4","28.84","28.39","0.0","73.5","70.5","80.7","0.3","0.6","5.5","0.0","0.0","0.0","12.5","8.4","3.7"
"20240729","何魂","秦款措备","29.1","32.5","26.4","29.2","26.3","29.7","24.0","0.0","0.0","8.4","12.0","12.3","7.1","28.92","28.14","0.0","76.6","68.5","80.6","1.1","0.8","5.7","0.0","0.0","0.0","15.0","6.4","3.7"
"20240728","何魂","秦款措备","29.2","32.1","27.0","29.4","26.1","29.4","23.8","0.0","0.0","9.7","11.1","10.8","6.9","27.87","25.21","0.0","79.9","66.6","80.8","4.5","5.0","5.8","0.0","0.0","0.0","11.3","6.7","3.7"
"20240727","何魂","秦款措备","28.8","31.8","27.0","28.6","26.0","29.3","23.7","0.0","0.0","8.6","6.8","11.7","6.7","24.08","27.56","0.0","84.4","70.6","80.9","5.8","1.3","6.0","0.0","0.0","0.0","12.8","7.2","3.7"
"20240726","何魂","秦款措备","28.8","32.3","26.3","28.1","25.9","29.1","23.5","0.0","0.0","6.4","8.0","11.1","6.7","23.68","27.95","0.0","80.4","75.6","80.9","6.6","4.8","6.0","0.0","0.0","0.0","9.9","8.3","3.8"
"20240725","何魂","秦款措备","28.2","32.0","24.4","26.4","25.8","29.1","23.3","1.5","7.9","7.8","9.0","7.1","6.9","26.77","21.15","0.0","84.6","82.0","80.9","6.1","5.8","5.9","0.0","0.0","0.0","8.7","11.3","3.9"
"20240724","何魂","秦款措备","24.8","27.4","22.1","25.5","25.7","29.0","23.2","176.3","11.3","6.8","1.5","1.3","7.1","11.1","12.65","0.0","92.1","88.8","81.4","8.4","9.3","6.0","0.0","0.0","0.0","17.2","14.3","3.9"
"20240723","何魂","秦款措备","28.3","31.1","26.8","26.5","25.6","28.9","23.2","0.7","0.0","6.5","4.7","1.8","7.0","19.11","15.46","0.0","83.8","85.5","82.1","8.3","9.6","5.9","0.0","0.0","0.0","13.5","14.9","3.9"
"20240722","何魂","秦款措备","28.0","30.5","25.2","25.0","25.5","28.8","23.1","0.0","1.4","8.0","5.1","0.8","7.0","19.44","12.18","0.0","84.6","78.8","82.3","6.4","8.1","5.9","0.0","0.0","0.0","14.9","6.4","3.8"
"20240721","何魂","秦款措备","28.2","32.8","25.7","25.2","25.4","28.7","22.9","0.1","0.0","8.4","10.9","9.9","6.8","28.49","26.18","0.0","78.8","73.8","82.1","5.1","3.1","6.0","0.0","0.0","0.0","14.3","6.8","3.7"
"20240720","何魂","秦款措备","27.2","30.7","24.4","24.2","25.2","28.4","22.7","0.0","0.0","7.6","6.2","5.9","6.6","21.3","21.4","0.0","82.9","82.3","81.9","7.0","5.8","6.0","0.0","0.0","0.0","15.5","6.3","3.6"
"20240719","何魂","秦款措备","25.2","27.5","23.6","23.5","24.9","28.1","22.4","6.5","0.5","7.1","2.7","2.4","6.3","11.04","10.87","0.0","86.3","82.8","81.7","8.9","7.3","6.1","0.0","0.0","0.0","11.6","5.8","3.6"
"20240718","何魂","秦款措备","25.5","26.6","24.5","24.4","24.7","27.8","22.2","1.1","130.3","8.7","0.0","0.0","6.1","5.44","4.14","0.0","92.8","90.1","82.0","9.9","10.0","6.3","0.0","0.0","0.0","19.3","18.7","3.6"
"20240717","何魂","秦款措备","25.6","28.5","23.2","26.0","24.4","27.5","22.0","0.0","11.0","11.4","1.8","3.1","5.7","11.13","19.01","0.0","91.5","86.4","82.7","9.1","9.4","6.7","0.0","0.0","0.0","14.1","12.7","3.7"
"20240716","何魂","秦款措备","23.3","24.1","22.5","23.7","24.2","27.3","21.9","43.7","259.2","12.0","0.0","0.0","5.5","2.61","5.05","0.0","95.0","91.6","83.2","9.6","10.0","6.8","0.0","0.0","0.0","13.5","11.0","3.7"
"20240715","何魂","秦款措备","23.9","27.3","22.0","25.8","24.0","27.0","21.8","4.5","4.0","13.8","0.6","0.3","4.9","12.5","10.61","0.0","89.4","84.9","84.6","10.0","9.1","7.2","0.0","0.0","0.0","7.9","19.5","3.8"
"20240714","何魂","秦款措备","22.8","24.4","21.9","25.0","23.9","26.8","21.8","54.9","26.8","14.3","0.0","0.0","4.5","4.21","2.81","0.0","94.3","87.9","85.5","9.9","10.0","7.4","0.0","0.0","0.0","8.2","25.7","3.8"
"20240713","何魂","秦款措备","24.5","27.9","21.8","25.2","23.8","26.6","21.7","0.5","7.9","16.2","3.7","0.0","4.1","14.64","6.89","0.0","82.5","87.6","85.5","6.9","9.5","7.6","0.0","0.0","0.0","5.3","16.7","3.8"
"20240712","何魂","秦款措备","24.1","29.8","20.8","24.5","23.7","26.6","21.6","0.0","76.4","15.2","12.2","1.8","4.0","28.49","12.34","0.0","85.0","85.5","85.5","1.9","8.9","7.6","0.0","0.0","0.0","8.8","16.4","3.8"
"20240711","何魂","秦款措备","22.7","25.4","21.0","24.7","23.6","26.4","21.5","0.0","49.3","14.8","0.0","1.4","3.9","10.19","6.88","0.0","88.4","87.3","85.7","9.6","9.0","7.7","0.0","0.0","0.0","5.7","17.0","3.8"
"20240710","何魂","秦款措备","23.5","26.9","20.9","25.6","23.4","26.3","21.3","32.5","0.3","12.6","1.6","3.9","3.9","9.89","18.82","0.0","91.0","83.0","85.1","9.9","7.3","7.8","0.0","0.0","0.0","26.5","11.6","3.7"
"20240709","何魂","秦款措备","25.2","27.1","23.8","24.2","23.2","26.2","21.1","1.4","3.4","15.5","0.0","0.6","4.2","6.76","13.42","0.0","91.1","87.0","84.9","10.0","9.4","7.6","0.0","0.0","0.0","13.4","9.7","3.6"
"20240708","何魂","秦款措备","25.1","27.6","23.8","22.2","23.1","26.1","20.9","0.0","28.1","11.4","0.0","0.0","4.6","9.19","2.74","0.0","91.0","91.5","84.7","10.0","10.0","7.5","0.0","0.0","0.0","18.1","4.6","3.6"
"20240707","何魂","秦款措备","25.8","28.8","24.1","22.4","22.9","26.0","20.7","0.0","51.0","9.6","3.1","0.0","4.7","17.23","4.55","0.0","86.0","84.9","84.6","9.4","9.6","7.4","0.0","0.0","0.0","12.8","10.9","3.5"
"20240706","何魂","秦款措备","24.9","27.8","22.2","24.4","22.8","25.9","20.5","0.0","0.0","11.1","3.6","6.8","4.6","19.11","23.52","0.0","89.0","75.0","84.8","7.1","6.3","7.4","0.0","0.0","0.0","18.1","10.2","3.4"
"20240705","何魂","秦款措备","24.6","28.6","22.3","25.8","22.8","25.9","20.5","3.2","29.5","12.0","7.5","7.7","4.7","22.67","23.71","0.0","86.6","77.1","85.2","5.6","4.4","7.4","0.0","0.0","0.0","14.2","15.5","3.5"
"20240704","何魂","秦款措备","25.8","29.9","22.7","24.3","22.8","25.9","20.5","0.0","3.4","10.7","12.1","2.2","4.5","29.39","13.14","0.0","83.0","83.6","85.7","5.3","9.3","7.6","0.0","0.0","0.0","12.7","6.7","3.5"
"20240703","何魂","秦款措备","25.2","28.6","24.0","24.8","22.7","25.8","20.6","0.6","0.0","12.5","4.3","3.0","4.3","14.35","17.27","0.0","87.6","80.4","86.2","6.4","7.3","7.8","0.0","0.0","0.0","21.5","6.7","3.5"
"20240702","何魂","秦款措备","23.6","24.9","22.1","24.7","22.6","25.7","20.5","34.8","0.0","12.4","0.0","8.5","3.9","3.05","24.69","0.0","96.1","79.3","86.5","10.0","7.0","8.0","0.0","0.0","0.0","17.4","10.6","3.6"
"20240701","何魂","秦款措备","24.2","27.5","21.6","23.3","22.5","25.6","20.4","0.1","0.0","11.6","9.9","5.1","3.9","26.65","19.54","0.0","85.5","79.3","86.4","6.1","5.9","7.9","0.0","0.0","0.0","7.6","6.5","3.6"
"20240630","何魂","秦款措备","23.5","24.5","21.2","22.9","22.4","25.5","20.2","15.6","14.3","11.6","0.0","0.0","4.0","3.81","5.28","0.0","92.4","87.0","85.7","10.0","10.0","7.8","0.0","0.0","0.0","24.4","15.2","3.5"
"20240629","何魂","秦款措备","23.1","25.6","21.3","24.1","22.2","25.3","20.0","68.9","3.9","10.2","0.8","0.7","4.0","7.98","7.83","0.0","89.4","87.4","85.0","9.5","9.8","7.7","0.0","0.0","0.0","24.9","16.9","3.5"
"20240628","何魂","秦款措备","23.5","27.0","20.1","22.8","22.1","25.1","19.9","1.4","23.8","10.7","11.0","2.7","4.2","28.34","17.27","0.0","79.8","82.5","84.3","5.4","8.6","7.6","0.0","0.0","0.0","8.8","10.3","3.5"
"20240627","何魂","秦款措备","21.8","23.9","19.7","23.4","21.9","25.0","19.7","1.5","14.1","12.1","0.0","0.9","4.4","8.51","9.28","0.0","71.0","86.5","83.1","9.4","9.6","7.5","0.0","0.0","0.0","4.9","19.1","3.5"
"20240626","何魂","秦款措备","23.5","27.2","20.9","23.3","21.8","24.9","19.5","0.0","14.0","12.2","7.6","0.0","4.6","21.97","4.57","0.0","58.0","89.8","82.1","8.0","10.0","7.4","0.0","0.0","0.0","5.7","18.5","3.4"
"20240625","何魂","秦款措备","23.2","26.8","20.2","22.2","21.6","24.7","19.3","0.0","34.8","11.2","0.8","1.9","4.6","14.35","15.54","0.0","62.5","78.8","81.3","8.9","9.3","7.3","0.0","0.0","0.0","9.2","6.3","3.4"
"20240624","何魂","秦款措备","23.4","26.6","21.2","22.4","21.5","24.7","19.1","0.0","0.0","11.4","3.8","7.4","4.8","18.05","24.8","0.0","84.4","70.5","80.6","8.0","7.6","7.3","0.0","0.0","0.0","11.1","8.5","3.4"
"20240623","何魂","秦款措备","24.1","26.8","22.9","23.1","21.5","24.8","19.1","0.1","0.0","8.9","1.5","10.1","5.1","12.25","26.04","0.0","84.6","69.4","79.8","8.5","3.8","7.1","0.0","0.0","0.0","12.2","8.6","3.3"
"20240622","何魂","秦款措备","23.1","24.1","22.2","23.1","21.5","24.9","19.1","42.0","0.0","6.2","0.0","6.9","5.5","1.88","23.42","0.0","92.3","73.9","79.6","10.0","5.5","7.0","0.0","0.0","0.0","18.8","8.2","3.2"
"20240621","何魂","秦款措备","24.0","28.2","21.4","20.9","21.6","25.0","19.1","0.0","23.3","6.7","7.8","0.0","5.7","23.65","6.16","0.0","78.6","88.1","79.6","7.9","9.9","6.9","0.0","0.0","0.0","8.6","9.6","3.1"
"20240620","何魂","秦款措备","22.9","25.3","21.2","22.5","21.5","24.9","19.0","0.2","0.9","7.9","0.0","7.3","5.6","7.86","23.3","0.0","78.0","65.6","79.9","9.4","7.6","6.9","0.0","0.0","0.0","6.9","10.5","3.2"
"20240619","何魂","秦款措备","25.1","32.1","21.9","24.3","21.5","25.0","18.9","0.0","0.0","7.8","9.4","11.2","5.9","25.0","27.28","0.0","66.9","63.9","79.1","7.1","3.8","6.7","0.0","0.0","0.0","10.0","9.6","3.1"
"20240618","何魂","秦款措备","25.0","30.3","19.8","24.0","21.4","24.9","18.7","0.0","0.0","7.3","12.5","11.1","6.1","29.87","28.37","0.0","57.9","66.1","77.9","1.1","5.4","6.4","0.0","0.0","0.0","8.6","8.5","3.0"
"20240617","何魂","秦款措备","23.8","26.7","21.2","24.0","21.3","24.9","18.5","0.0","0.0","7.1","0.5","9.8","6.4","11.84","26.65","0.0","63.5","55.1","76.8","7.5","6.9","6.2","0.0","0.0","0.0","10.2","9.1","3.1"
"20240616","何魂","秦款措备","24.8","30.5","21.3","23.6","21.2","24.8","18.4","0.0","0.0","4.5","10.4","12.6","6.4","26.63","29.43","0.0","74.5","63.1","75.5","4.5","1.3","6.2","0.0","0.0","0.0","8.2","8.7","3.0"
"20240615","何魂","秦款措备","25.8","30.0","21.8","21.8","21.1","24.9","18.2","3.6","0.0","3.5","11.4","10.1","6.7","27.92","26.09","0.0","68.6","70.9","74.5","3.6","3.1","6.0","0.0","0.0","0.0","9.0","7.4","3.0"
"20240614","何魂","秦款措备","24.6","28.4","20.1","22.5","21.0","24.8","18.2","0.0","0.1","2.8","12.4","5.1","6.6","29.28","19.79","0.0","65.4","71.5","74.2","3.5","5.8","6.0","0.0","0.0","0.0","8.2","7.8","3.0"
"20240613","何魂","秦款措备","24.9","30.5","21.0","23.1","20.9","24.7","18.1","0.0","0.0","3.2","12.5","8.9","6.5","29.29","25.44","0.0","70.8","72.6","74.2","0.6","7.1","6.1","0.0","0.0","0.0","7.3","8.4","3.1"
"20240612","何魂","秦款措备","23.8","28.7","20.7","22.4","20.8","24.6","18.0","0.0","0.0","3.9","11.0","6.2","6.3","27.76","22.73","0.0","64.6","79.6","74.7","3.1","7.1","6.2","0.0","0.0","0.0","9.6","7.6","3.1"
"20240611","何魂","秦款措备","22.7","27.6","19.5","21.6","20.8","24.5","18.0","0.0","4.2","4.6","11.4","1.1","6.5","26.24","12.51","0.0","69.6","84.6","74.5","4.1","8.1","6.2","0.0","0.0","0.0","9.8","10.2","3.2"
"20240610","何魂","秦款措备","21.5","26.6","19.5","22.6","20.7","24.4","17.8","0.0","0.0","4.6","11.7","10.5","6.2","28.32","27.21","0.0","82.1","73.1","74.1","4.8","4.9","6.3","0.0","0.0","0.0","9.1","8.8","3.1"
"20240609","何魂","秦款措备","20.2","22.9","18.4","21.4","20.5","24.2","17.6","5.8","0.0","4.4","0.3","11.9","6.5","8.97","29.0","0.0","92.0","74.0","74.0","9.1","1.3","6.1","0.0","0.0","0.0","7.1","9.6","3.0"
"20240608","何魂","秦款措备","19.8","23.0","18.5","20.8","20.4","24.2","17.4","34.6","0.0","4.2","0.1","7.3","6.7","6.2","22.29","0.0","83.5","74.6","73.8","9.9","5.9","5.9","0.0","0.0","0.0","9.6","8.8","2.9"
"20240607","何魂","秦款措备","21.8","26.0","17.4","21.6","20.2","24.2","17.2","0.0","0.0","3.5","9.8","10.1","7.0","25.39","24.29","0.0","61.8","64.8","72.9","6.0","6.4","5.6","0.0","0.0","0.0","7.7","9.3","2.9"
"20240606","何魂","秦款措备","20.3","23.9","17.8","20.4","20.2","24.3","17.1","0.0","0.0","2.4","1.1","9.1","7.1","15.5","26.05","0.0","75.8","66.4","72.3","8.4","3.9","5.5","0.0","0.0","0.0","8.8","11.3","2.8"
"20240605","何魂","秦款措备","19.6","24.1","14.9","23.4","20.1","24.3","17.0","0.0","0.0","2.4","10.5","3.0","7.6","27.33","16.4","0.0","69.8","43.9","71.9","5.6","7.0","5.2","0.0","0.0","0.0","7.7","8.9","3.0"
"20240604","何魂","秦款措备","18.8","23.6","15.1","23.1","19.9","24.1","16.9","0.0","0.0","3.0","10.8","9.9","7.4","28.54","26.95","0.0","67.4","43.0","71.6","2.0","6.0","5.4","0.0","0.0","0.0","10.0","8.2","3.1"
"20240603","何魂","秦款措备","18.6","21.9","16.2","21.4","19.9","24.0","16.8","0.0","0.0","3.3","5.5","12.5","7.4","19.78","29.8","0.0","69.5","59.3","70.5","3.6","0.5","5.4","0.0","0.0","0.0","9.0","8.3","3.1"
"20240602","何魂","秦款措备","19.6","23.0","16.8","23.0","19.7","23.9","16.5","0.0","1.9","3.3","8.7","11.4","7.6","25.77","29.13","0.0","73.0","67.3","69.6","6.0","2.9","5.2","0.0","0.0","0.0","8.1","8.2","3.1"
"20240601","何魂","秦款措备","21.4","26.4","18.0","18.2","19.5","23.6","16.4","0.0","18.6","4.4","9.0","0.0","7.5","25.74","5.15","0.0","63.1","77.5","69.9","5.5","9.4","5.2","0.0","0.0","0.0","7.7","7.7","3.1"
"20240531","何魂","秦款措备","20.3","24.3","17.3","19.8","19.5","23.6","16.2","0.8","0.0","3.7","10.4","9.7","7.7","28.49","28.07","0.0","68.3","53.6","69.6","3.8","3.6","5.1","0.0","0.0","0.0","9.7","8.9","3.1"
"20240530","何魂","秦款措备","19.8","24.4","17.1","18.6","19.4","23.5","16.0","0.3","18.8","3.8","0.4","0.0","7.9","13.49","6.62","0.0","62.3","0.0","68.4","9.0","9.8","4.9","0.0","0.0","0.0","8.4","9.8","3.1"
"20240529","何魂","秦款措备","19.1","23.4","14.1","20.2","19.2","23.5","15.9","0.0","48.8","4.1","12.4","0.0","8.0","29.68","2.2","0.0","58.0","0.0","68.2","2.0","10.0","4.9","0.0","0.0","0.0","9.9","11.1","3.1"
"20240528","何魂","秦款措备","20.3","25.7","15.9","20.9","19.1","23.3","15.9","0.0","2.5","5.1","6.6","0.0","7.5","23.03","3.98","0.0","50.1","84.1","68.9","5.3","10.0","5.2","0.0","0.0","0.0","12.8","18.1","3.2"
"20240527","何魂","秦款措备","22.1","26.7","19.8","21.6","19.1","23.4","15.8","2.2","0.0","5.7","7.9","5.8","7.6","23.74","22.3","0.0","62.9","73.8","68.8","8.3","8.1","5.1","0.0","0.0","0.0","15.1","11.1","3.3"
"20240526","何魂","秦款措备","19.8","24.0","15.5","19.8","19.0","23.3","15.8","9.9","0.0","6.5","2.2","2.7","7.4","13.99","13.21","0.0","80.3","76.6","68.6","7.5","8.6","5.2","0.0","0.0","0.0","15.6","9.9","3.2"
"20240525","何魂","秦款措备","19.2","23.0","16.6","19.2","19.0","23.3","15.8","0.0","0.0","5.6","10.1","8.3","7.6","26.76","27.76","0.0","56.5","66.0","68.9","5.0","5.9","5.1","0.0","0.0","0.0","10.1","6.6","3.2"
"20240524","何魂","秦款措备","21.0","25.0","17.3","18.5","19.0","23.3","15.8","0.0","0.0","5.3","12.1","6.3","7.8","29.05","15.81","0.0","61.0","65.6","68.8","0.5","5.9","4.9","0.0","0.0","0.0","9.7","7.2","3.2"
"20240523","何魂","秦款措备","22.6","26.1","18.7","18.3","19.0","23.3","15.7","0.0","0.0","5.0","12.1","12.1","8.1","28.34","29.59","0.0","62.5","64.0","67.9","5.8","1.0","4.8","0.0","0.0","0.0","10.1","8.2","3.3"
"20240522","何魂","秦款措备","18.9","24.8","14.8","18.2","18.9","23.1","15.5","0.0","0.7","3.7","8.6","0.9","8.1","23.99","8.51","0.0","66.5","62.9","67.2","7.8","8.4","4.7","0.0","0.0","0.0","6.2","7.2","3.3"
"20240521","何魂","秦款措备","18.3","22.7","15.6","19.5","18.7","22.9","15.3","0.0","0.0","3.5","12.2","12.2","8.0","29.16","27.91","0.0","69.3","78.8","67.4","0.9","2.6","4.7","0.0","0.0","0.0","11.4","8.6","3.3"
"20240520","何魂","秦款措备","21.0","28.7","16.8","18.4","18.5","22.6","15.1","0.0","0.0","4.6","11.6","12.3","7.9","28.32","29.59","0.0","61.5","73.0","67.6","3.6","2.5","4.8","0.0","0.0","0.0","8.8","7.3","3.4"
"20240519","何魂","秦款措备","20.4","28.2","16.5","17.9","18.3","22.5","14.9","0.0","4.6","4.5","12.4","3.4","7.6","30.29","13.99","0.0","58.9","82.5","67.8","0.8","8.3","5.1","0.0","0.0","0.0","9.0","11.4","3.4"
"20240518","何魂","秦款措备","20.1","24.2","16.0","18.3","18.1","22.1","14.8","0.0","38.3","4.6","12.3","0.0","7.3","30.06","4.84","0.0","61.9","95.0","69.0","0.6","10.0","5.3","0.0","0.0","0.0","9.8","8.4","3.4"
"20240517","何魂","秦款措备","18.9","23.2","15.2","20.2","17.9","21.9","14.7","0.0","0.0","4.6","12.3","11.7","7.0","30.14","29.1","0.0","55.5","80.1","69.7","3.0","4.8","5.6","0.0","0.0","0.0","14.8","9.8","3.5"
"20240516","何魂","秦款措备","16.9","23.3","10.3","19.3","17.7","21.7","14.5","0.0","0.0","4.3","9.8","11.0","7.2","27.92","27.61","0.0","46.1","78.5","69.1","3.1","1.4","5.5","0.0","0.0","0.0","16.4","10.0","3.5"
"20240515","何魂","秦款措备","18.8","24.0","11.5","18.6","17.6","21.6","14.4","0.9","0.0","3.6","12.0","12.2","7.2","30.33","27.64","0.0","62.5","76.3","69.1","2.5","1.8","5.4","0.0","0.0","0.0","16.2","9.4","3.5"
"20240514","何魂","秦款措备","19.0","25.2","13.1","17.1","17.4","21.3","14.2","0.0","0.0","5.0","12.3","11.7","7.0","30.2","28.39","0.0","52.5","81.1","70.2","0.0","0.5","5.3","0.0","0.0","0.0","8.5","8.0","3.5"
"20240513","何魂","秦款措备","17.9","22.9","14.0","14.6","17.2","21.2","13.9","0.0","16.1","5.4","12.3","0.0","7.2","29.85","3.41","0.0","56.5","91.0","69.5","0.4","8.0","5.1","0.0","0.0","0.0","8.1","7.8","3.6"
"20240512","何魂","秦款措备","18.8","23.1","16.2","17.4","17.0","21.0","13.6","26.6","0.0","6.0","1.7","7.4","7.2","12.54","21.99","0.0","76.8","63.0","69.0","8.3","7.0","4.9","0.0","0.0","0.0","16.6","10.7","3.6"
"20240511","何魂","秦款措备","18.8","21.7","16.4","17.6","16.8","21.0","13.5","0.5","0.0","6.4","1.9","11.0","7.0","14.21","28.08","0.0","83.3","58.1","68.8","8.0","3.6","5.1","0.0","0.0","0.0","17.2","8.8","3.7"
"20240510","何魂","秦款措备","19.0","24.3","14.9","18.3","16.8","21.0","13.5","0.0","0.0","5.9","12.2","11.3","6.8","28.69","26.92","0.0","52.5","56.3","67.9","0.4","4.1","5.2","0.0","0.0","0.0","10.7","5.7","3.6"
"20240509","何魂","秦款措备","15.7","20.0","9.6","16.6","16.9","21.1","13.5","0.0","0.0","6.9","12.1","11.7","6.8","28.88","28.43","0.0","65.4","54.4","67.6","0.1","1.5","5.2","0.0","0.0","0.0","9.8","9.4","3.7"
"20240508","何魂","秦款措备","13.4","17.8","10.4","14.4","17.0","21.1","13.6","0.0","0.0","6.9","3.9","12.1","6.5","16.77","28.06","0.0","70.5","52.5","67.8","5.5","5.5","5.4","0.0","0.0","0.0","10.0","9.9","3.7"
"20240507","何魂","秦款措备","14.9","20.6","12.0","11.5","17.0","21.2","13.6","5.8","9.2","6.0","3.3","0.0","6.8","11.44","3.9","0.0","80.1","82.9","67.0","8.5","7.4","5.3","0.0","0.0","0.0","12.0","14.2","3.7"
"20240506","何魂","秦款措备","18.3","22.2","16.7","14.4","17.0","21.3","13.6","48.3","98.9","5.6","6.0","0.0","7.2","23.54","2.54","0.0","80.5","94.9","66.9","8.8","9.6","5.1","0.0","0.0","0.0","17.1","20.1","3.7"
"20240505","何魂","秦款措备","18.3","20.3","16.8","17.5","16.9","21.1","13.5","53.1","51.3","6.8","0.0","0.0","7.2","3.68","1.57","0.0","84.4","94.5","67.4","10.0","10.0","5.0","0.0","0.0","0.0","9.0","23.0","3.8"
"20240504","何魂","秦款措备","19.2","23.8","12.3","17.8","16.8","20.9","13.4","0.0","1.5","4.9","12.0","0.8","7.2","28.45","12.06","0.0","65.9","83.0","67.1","4.4","9.9","5.0","0.0","0.0","0.0","5.8","11.7","3.7"
"20240503","何魂","秦款措备","17.0","22.3","11.8","17.4","16.7","20.9","13.3","0.0","0.0","4.1","12.1","3.4","7.4","29.47","17.36","0.0","63.5","65.9","67.3","0.0","8.9","4.9","0.0","0.0","0.0","6.1","11.2","3.8"
"20240502","何魂","秦款措备","14.7","19.4","10.5","16.3","16.5","20.6","13.3","0.0","0.0","4.9","11.2","10.7","6.9","28.56","27.22","0.0","63.1","61.5","68.1","2.8","6.0","5.1","0.0","0.0","0.0","8.3","6.1","3.9"
"20240501","何魂","秦款措备","14.1","17.5","11.4","16.0","16.3","20.3","13.1","0.0","0.0","5.3","0.8","12.1","6.4","10.5","28.79","0.0","64.3","55.5","68.8","7.8","0.3","5.3","0.0","0.0","0.0","11.7","11.2","4.0"
"20240430","何魂","秦款措备","16.3","20.1","14.1","15.1","16.1","20.2","12.7","0.0","0.0","4.4","2.7","12.1","6.6","16.74","28.89","0.0","82.4","57.8","67.8","9.1","0.6","5.0","0.0","0.0","0.0","9.3","13.4","4.0"
"20240429","何魂","秦款措备","14.6","15.8","13.9","15.8","15.8","20.1","12.3","47.3","13.1","4.2","0.0","0.0","6.7","3.39","3.51","0.0","88.1","95.3","66.0","10.0","9.1","4.9","0.0","0.0","0.0","12.5","14.8","4.0"
"20240428","何魂","秦款措备","18.7","23.9","14.8","16.7","15.6","19.9","12.0","0.0","0.0","4.3","11.1","10.6","6.9","23.86","28.11","0.0","70.8","78.6","64.2","4.9","4.0","4.8","0.0","0.0","0.0","9.1","12.7","3.9"
"20240427","何魂","秦款措备","18.1","22.6","13.6","15.2","15.3","19.8","11.6","0.0","0.0","4.1","12.1","11.6","7.5","27.61","27.52","0.0","68.8","66.1","61.5","0.3","2.5","4.5","0.0","0.0","0.0","7.9","7.9","3.8"
"20240426","何魂","秦款措备","16.5","20.8","14.5","13.3","15.1","19.8","11.3","0.0","0.0","3.7","2.5","12.0","7.8","14.33","28.25","0.0","75.9","66.3","59.8","6.6","0.1","4.3","0.0","0.0","0.0","10.8","11.5","3.7"
"20240425","何魂","秦款措备","17.1","23.9","12.2","10.4","15.0","19.6","11.3","0.0","15.8","4.6","11.5","0.0","7.6","27.74","4.67","0.0","59.9","89.1","60.0","0.9","9.6","4.6","0.0","0.0","0.0","10.0","6.8","3.6"
"20240424","何魂","秦款措备","15.2","19.6","11.8","13.2","15.0","19.4","11.4","0.0","0.0","5.3","6.3","0.0","7.5","19.09","8.1","0.0","74.0","62.8","61.4","4.6","9.1","4.7","0.0","0.0","0.0","10.0","10.8","3.7"
"20240423","何魂","秦款措备","14.7","19.4","12.2","13.4","14.9","19.3","11.4","6.8","0.0","6.7","3.3","5.0","7.2","15.99","17.82","0.0","73.0","58.1","62.8","8.0","6.9","4.9","0.0","0.0","0.0","12.6","11.0","3.7"
"20240422","何魂","秦款措备","15.3","17.8","13.8","14.0","14.7","19.0","11.3","0.0","0.0","6.9","0.3","10.8","6.8","10.29","25.84","0.0","74.4","52.0","65.0","8.3","2.6","5.2","0.0","0.0","0.0","12.0","13.4","3.7"
"20240421","何魂","秦款措备","15.8","17.7","14.5","17.3","14.6","18.7","11.3","2.1","0.0","7.7","0.0","10.1","6.7","5.08","23.64","0.0","87.6","54.8","65.7","9.6","4.6","5.2","0.0","0.0","0.0","10.7","13.6","3.7"
"20240420","何魂","秦款措备","15.5","18.1","13.1","20.0","14.6","18.8","11.2","18.0","0.0","6.6","0.0","11.2","6.6","4.42","25.5","0.0","83.9","73.1","65.7","9.6","0.5","5.2","0.0","0.0","0.0","11.8","10.7","3.8"
"20240419","何魂","秦款措备","17.9","23.2","13.5","17.0","14.5","18.7","11.1","0.0","0.3","6.6","10.0","0.0","6.7","24.83","5.29","0.0","59.1","90.3","64.8","4.1","9.3","5.1","0.0","0.0","0.0","9.9","8.3","3.9"
"20240418","何魂","秦款措备","17.1","22.1","13.3","16.8","14.4","18.7","10.9","0.0","0.1","6.0","10.5","0.1","7.0","24.45","6.04","0.0","58.4","88.4","63.5","1.3","9.6","4.7","0.0","0.0","0.0","8.0","19.8","3.8"
"20240417","何魂","秦款措备","17.1","21.5","13.9","14.0","14.3","18.8","10.7","0.0","0.0","5.5","7.7","11.0","7.2","20.12","25.92","0.0","53.1","67.6","61.8","6.0","1.0","4.6","0.0","0.0","0.0","10.5","14.4","3.8"
"20240416","何魂","秦款措备","17.4","21.2","15.0","12.5","14.2","18.7","10.5","0.0","5.4","4.5","8.6","4.1","7.5","23.14","16.52","0.0","74.5","77.8","60.5","3.5","6.1","4.4","0.0","0.0","0.0","11.1","10.6","3.9"
"20240415","何魂","秦款措备","16.3","17.9","15.6","13.1","13.9","18.4","10.1","29.6","6.0","4.5","0.0","0.4","7.6","2.25","6.22","0.0","86.9","91.3","59.2","8.8","7.5","4.3","0.0","0.0","0.0","8.6","8.0","3.9"
"20240414","何魂","秦款措备","18.6","24.0","13.5","14.7","13.5","18.1","9.8","0.0","9.0","4.3","9.2","0.2","7.5","22.8","6.12","0.0","62.3","81.9","58.5","5.0","8.9","4.4","0.0","0.0","0.0","4.8","9.3","3.9"
"20240413","何魂","秦款措备","17.9","23.3","13.4","15.4","13.2","17.8","9.6","0.0","0.0","3.6","11.5","10.8","7.1","26.6","25.14","0.0","63.4","39.3","58.8","1.3","3.5","4.7","0.0","0.0","0.0","6.1","14.0","3.9"
"20240411","何魂","秦款措备","14.6","20.1","10.9","16.7","12.9","17.3","9.3","0.0","0.2","4.4","1.2","5.9","6.4","12.48","20.0","0.0","71.3","80.5","59.8","7.1","6.6","5.2","0.0","0.0","0.0","9.9","19.8","3.9"
"20240410","何魂","秦款措备","12.3","17.4","8.2","14.2","12.8","17.3","9.3","0.0","0.0","4.0","10.4","11.1","6.7","23.12","25.71","0.0","61.5","60.4","59.7","5.4","0.4","5.0","0.0","0.0","0.0","8.2","16.6","3.8"
"20240409","何魂","秦款措备","13.5","19.0","8.9","12.7","12.7","17.3","9.1","0.0","0.0","4.0","10.8","11.7","6.8","25.41","27.73","0.0","54.4","38.4","60.6","1.8","0.0","4.9","0.0","0.0","0.0","13.1","12.1","3.7"
"20240408","何魂","秦款措备","17.3","22.0","13.6","11.2","12.7","17.2","9.1","0.0","0.0","4.7","1.2","11.6","6.8","11.42","26.94","0.0","45.3","29.8","60.8","8.9","0.8","4.9","0.0","0.0","0.0","5.3","16.6","3.8"
"20240407","何魂","秦款措备","17.1","21.8","12.5","13.3","12.6","17.2","9.0","0.0","4.4","4.0","10.4","9.6","7.3","22.38","23.25","0.0","53.5","55.3","60.4","4.5","3.5","4.6","0.0","0.0","0.0","9.7","12.6","3.7"
"20240406","何魂","秦款措备","14.3","20.2","10.2","12.8","12.4","17.0","8.6","0.0","2.2","3.8","6.5","6.5","7.4","16.35","21.24","0.0","65.9","78.9","59.5","4.5","7.4","4.5","0.0","0.0","0.0","6.4","14.7","3.7"
"20240405","何魂","秦款措备","13.5","17.8","10.7","14.9","12.1","16.8","8.3","0.0","44.8","4.0","9.1","0.0","7.4","22.43","0.95","0.0","60.8","94.1","59.0","5.8","9.8","4.5","0.0","0.0","0.0","10.2","18.4","3.8"
"20240404","何魂","秦款措备","13.2","17.9","11.1","15.3","12.1","16.7","8.2","0.0","0.3","3.5","2.0","5.1","7.5","15.75","18.04","0.0","62.1","73.6","57.3","7.9","8.6","4.3","0.0","0.0","0.0","10.1","9.7","3.8"
"20240403","何魂","秦款措备","13.0","14.4","11.3","14.3","11.8","16.5","7.9","58.1","0.0","2.9","0.0","11.3","7.6","1.91","25.61","0.0","93.0","63.5","56.3","9.9","1.9","4.2","0.0","0.0","0.0","11.1","12.1","3.8"
"20240402","何魂","秦款措备","15.9","19.6","12.3","15.1","11.6","16.4","7.7","4.9","0.0","3.0","1.8","11.5","7.4","13.75","25.18","0.0","59.6","57.9","56.2","8.8","0.0","4.1","0.0","0.0","0.0","6.7","15.0","3.7"
"20240401","何魂","秦款措备","14.6","19.4","9.9","15.7","11.6","16.2","7.7","0.0","0.0","3.4","11.5","10.9","7.3","24.85","22.86","0.0","55.3","56.5","57.3","0.4","2.5","4.2","0.0","0.0","0.0","9.3","9.8","3.7"
"20240331","何魂","秦款措备","13.1","17.5","10.8","17.9","11.4","16.0","7.7","0.0","0.0","3.5","5.7","11.0","6.9","17.31","24.48","0.0","74.8","39.4","58.6","4.8","2.9","4.5","0.0","0.0","0.0","7.3","10.3","3.6"
"20240330","何魂","秦款措备","13.7","17.6","8.1","15.5","11.2","15.8","7.5","0.0","0.0","3.1","4.8","8.1","6.7","14.16","18.58","0.0","57.9","48.3","58.4","3.3","5.4","4.7","0.0","0.0","0.0","11.9","6.5","3.6"
"20240329","何魂","秦款措备","12.9","16.5","9.2","13.7","11.1","15.7","7.4","0.0","0.0","2.4","7.0","9.9","6.9","18.43","20.76","0.0","69.6","57.6","58.4","2.1","1.5","4.6","0.0","0.0","0.0","16.1","7.6","3.7"
"20240328","何魂","秦款措备","11.8","14.0","10.4","12.5","10.9","15.4","7.2","51.6","0.0","2.4","0.0","11.1","6.8","1.24","24.19","0.0","87.4","53.0","57.7","9.4","0.0","4.6","0.0","0.0","0.0","15.4","9.5","3.7"
"20240327","何魂","秦款措备","10.1","14.9","5.0","11.3","10.7","15.3","6.9","0.0","0.0","1.4","7.5","9.5","6.9","19.61","23.62","0.0","66.3","48.4","55.7","4.6","2.5","4.5","0.0","0.0","0.0","6.9","9.3","3.7"
"20240326","何魂","秦款措备","8.8","12.9","6.2","12.0","10.4","15.0","6.6","9.8","0.0","1.5","1.7","4.8","7.0","10.56","17.04","0.0","75.4","74.8","54.2","8.1","6.9","4.5","0.0","0.0","0.0","13.1","6.7","3.8"
"20240325","何魂","秦款措备","10.5","12.4","8.7","11.1","10.1","14.6","6.5","9.4","0.2","2.0","0.0","3.3","6.8","3.39","13.25","0.0","82.4","69.9","54.6","9.6","8.6","4.5","0.0","0.0","0.0","14.4","10.0","3.7"
"20240324","何魂","秦款措备","11.3","13.6","10.1","12.2","9.9","14.4","6.3","3.7","3.2","2.4","0.0","0.5","6.6","3.4","9.46","0.0","77.5","81.9","54.8","9.9","9.9","4.6","0.0","0.0","0.0","11.7","11.9","3.7"
"20240323","何魂","秦款措备","16.1","20.5","12.3","15.4","9.8","14.3","6.2","0.7","56.0","2.6","9.7","0.0","6.5","21.27","3.63","0.0","73.6","94.9","55.4","5.4","9.6","4.8","0.0","0.0","0.0","20.7","8.3","3.8"
"20240322","何魂","秦款措备","11.6","15.2","6.5","16.2","9.7","14.3","6.2","11.0","7.9","3.1","7.1","0.0","6.3","19.93","9.17","0.0","62.5","85.4","57.2","7.5","8.6","5.0","0.0","0.0","0.0","17.8","7.7","4.0"
"20240321","何魂","秦款措备","7.0","13.0","1.7","15.3","9.9","14.5","6.2","0.0","0.0","3.4","11.5","3.1","6.3","23.76","12.21","0.0","41.9","61.3","58.4","0.0","9.0","5.0","0.0","0.0","0.0","10.0","7.0","4.0"
"20240320","何魂","秦款措备","7.5","12.6","4.2","13.0","10.0","14.6","6.2","0.0","0.0","4.2","11.3","9.9","6.3","23.53","21.02","0.0","35.0","51.6","59.2","0.9","4.5","4.9","0.0","0.0","0.0","14.4","10.0","4.0"
"20240319","何魂","秦款措备","11.0","15.5","6.3","12.0","10.0","14.7","6.1","0.0","0.0","4.2","5.6","11.0","6.5","16.54","22.73","0.0","44.9","51.0","59.1","5.0","1.5","4.9","0.0","0.0","0.0","18.0","9.4","4.0"
"20240318","何魂","秦款措备","10.1","14.4","5.8","11.2","9.8","14.5","5.9","0.0","0.0","4.4","10.0","5.2","6.4","21.16","16.35","0.0","50.4","63.1","59.3","3.5","6.0","4.8","0.0","0.0","0.0","9.6","6.7","3.9"
"20240317","何魂","秦款措备","14.8","21.6","9.0","10.2","9.6","14.2","5.7","0.0","0.0","5.1","6.8","2.2","6.5","17.12","11.45","0.0","49.6","63.5","59.5","7.6","9.1","4.7","0.0","0.0","0.0","10.8","10.7","3.9"
"20240316","何魂","秦款措备","14.8","19.9","9.9","12.2","9.3","13.9","5.4","0.0","0.0","4.9","10.3","7.1","6.4","21.18","18.49","0.0","42.0","62.1","58.7","3.9","4.4","4.6","0.0","0.0","0.0","14.0","12.0","3.7"
"20240315","何魂","秦款措备","13.3","17.6","8.3","14.3","9.1","13.8","5.1","0.0","0.0","4.1","11.2","2.6","6.6","23.16","10.74","0.0","32.1","77.4","57.4","0.0","6.1","4.5","0.0","0.0","0.0","11.3","17.1","3.8"
"20240314","何魂","秦款措备","10.7","17.2","6.0","10.1","8.8","13.6","4.8","0.0","0.0","3.7","9.0","10.1","6.8","20.73","22.56","0.0","37.0","56.4","55.6","3.0","2.9","4.3","0.0","0.0","0.0","9.9","9.9","3.8"
"20240313","何魂","秦款措备","8.6","12.9","3.9","5.4","8.6","13.4","4.5","0.0","0.0","3.2","10.9","11.2","7.1","21.22","23.05","0.0","58.5","40.1","53.5","1.1","1.6","4.1","0.0","0.0","0.0","10.8","14.0","3.8"
"20240312","何魂","秦款措备","8.0","14.0","4.9","11.4","8.4","13.4","4.4","3.3","8.3","2.5","6.3","0.8","7.1","14.04","8.09","0.0","74.0","79.8","52.3","4.6","7.3","4.0","0.0","0.0","0.0","9.3","26.9","3.8"
"20240311","何魂","秦款措备","9.1","12.6","5.1","14.3","8.3","13.2","4.2","4.0","0.0","2.3","4.3","8.9","7.0","12.3","17.56","0.0","61.9","85.1","52.1","8.0","4.9","4.1","0.0","0.0","0.0","10.1","8.3","3.9"
"20240310","何魂","秦款措备","7.7","13.1","2.4","14.4","8.0","12.8","3.9","0.0","0.0","2.0","11.1","10.1","6.9","22.27","20.01","0.0","41.4","78.0","51.9","0.9","0.0","4.0","0.0","0.0","0.0","10.3","7.1","3.9"
"20240309","何魂","秦款措备","4.3","9.4","-0.3","15.3","7.7","12.5","3.8","0.0","0.0","2.3","11.0","7.1","6.6","21.68","16.37","0.0","42.4","85.8","53.1","0.0","4.3","4.0","0.0","0.0","0.0","11.3","16.6","3.9"
"20240308","何魂","秦款措备","5.9","11.8","2.0","14.6","7.8","12.4","3.9","0.0","0.0","2.8","10.9","10.2","6.4","21.16","17.86","0.0","33.0","58.0","54.9","0.0","1.5","4.2","0.0","0.0","0.0","13.6","13.1","3.9"
"20240307","何魂","秦款措备","7.4","11.5","4.3","13.1","7.8","12.4","3.9","0.0","0.0","2.8","2.0","9.7","6.2","11.34","17.7","0.0","60.6","59.1","55.7","7.0","0.5","4.3","0.0","0.0","0.0","8.5","12.4","3.9"
"20240306","何魂","秦款措备","7.9","11.8","5.4","11.7","7.6","12.2","3.8","0.0","0.0","3.2","1.8","10.3","6.2","10.71","19.62","0.0","67.1","57.9","56.3","7.8","0.0","4.4","0.0","0.0","0.0","12.2","9.8","3.8"
"20240305","何魂","秦款措备","7.9","11.1","6.8","10.6","7.6","12.1","3.8","8.5","0.0","3.1","0.0","9.8","5.9","1.54","19.52","0.0","86.5","62.3","56.1","10.0","0.8","4.6","0.0","0.0","0.0","12.9","7.8","3.8"
"20240304","何魂","秦款措备","9.9","15.3","5.1","10.7","7.6","12.2","3.7","0.0","0.0","2.6","6.6","7.1","6.0","15.6","15.69","0.0","51.0","47.4","55.4","7.5","4.4","4.6","0.0","0.0","0.0","7.2","8.0","3.7"
"20240303","何魂","秦款措备","6.9","11.8","2.5","7.4","7.4","12.0","3.6","0.0","0.0","2.2","9.5","10.6","5.9","18.26","20.55","0.0","54.6","30.4","55.1","0.6","1.4","4.6","0.0","0.0","0.0","12.5","11.3","3.6"
"20240302","何魂","秦款措备","1.0","6.8","-5.0","5.3","7.3","11.9","3.6","0.0","0.0","2.4","10.7","10.6","5.9","21.16","21.15","0.0","37.8","30.9","55.1","0.0","0.0","4.7","0.0","0.0","0.0","13.9","11.6","3.6"
"20240301","何魂","秦款措备","2.7","6.7","-1.9","9.9","7.3","11.9","3.6","0.0","0.6","1.9","9.9","0.1","6.0","20.21","5.19","0.0","39.0","64.8","55.0","3.5","7.0","4.6","0.0","0.0","0.0","18.9","11.7","3.6"
"20240229","何魂","秦款措备","6.0","7.9","4.0","10.0","7.3","11.9","3.6","10.9","0.0","2.1","0.0","10.6","6.1","2.44","20.37","0.0","77.6","59.8","55.3","9.1","1.4","4.6","0.0","0.0","0.0","11.5","16.1","3.6"
"20240228","何魂","秦款措备","7.6","13.0","2.7","10.0","7.3","11.8","3.6","0.0","0.0","2.3","9.4","10.6","6.1","17.94","20.37","0.0","56.1","59.8","55.6","3.8","1.4","4.6","0.0","0.0","0.0","10.2","16.1","3.5"
"20240227","何魂","秦款措备","4.8","7.6","3.2","8.3","7.3","11.9","3.6","0.0","0.0","2.9","0.2","10.6","5.9","5.94","20.4","0.0","54.9","47.4","56.3","5.5","0.0","4.7","0.0","0.0","0.0","11.3","8.8","3.5"
"20240226","何魂","秦款措备","6.3","12.5","2.9","5.7","7.2","11.8","3.5","0.0","0.0","2.7","6.6","10.6","6.0","15.81","19.62","0.0","61.6","40.9","55.9","4.0","0.0","4.7","0.0","0.0","0.0","11.0","9.9","3.6"
"20240225","何魂","秦款措备","6.7","10.9","3.9","4.9","6.9","11.7","3.2","2.9","0.0","2.0","1.3","8.0","6.5","8.5","17.82","0.0","71.9","50.1","54.2","8.3","1.8","4.3","0.0","0.0","0.0","9.7","12.5","3.5"
"20240224","何魂","秦款措备","4.9","8.3","2.8","9.3","6.7","11.5","2.9","0.0","0.0","2.4","0.0","9.6","6.3","5.39","17.53","0.0","64.0","41.9","54.1","9.8","3.9","4.3","0.0","0.0","0.0","12.0","10.4","3.5"
"20240223","何魂","秦款措备","4.3","7.3","3.0","8.9","6.5","11.2","2.6","0.0","0.0","2.3","0.0","8.5","6.5","7.6","17.75","0.0","66.4","62.4","53.3","9.6","5.4","4.1","0.0","0.0","0.0","12.2","11.0","3.5"
"20240222","何魂","秦款措备","4.5","5.8","3.4","6.5","6.2","11.1","2.3","3.1","0.0","2.1","0.0","8.7","6.9","3.81","17.7","0.0","78.1","55.8","51.7","10.0","5.1","3.7","0.0","0.0","0.0","17.1","8.7","3.5"
"20240221","何魂","秦款措备","6.7","8.1","5.7","2.6","6.1","11.0","2.1","6.7","0.0","2.2","0.0","9.1","6.9","2.64","18.31","0.0","85.9","45.3","50.8","10.0","1.0","3.7","0.0","0.0","0.0","14.3","10.5","3.4"
"20240220","何魂","秦款措备","9.0","15.1","7.0","4.0","5.8","10.6","1.8","3.5","0.0","2.2","0.0","9.7","6.6","2.35","16.64","0.0","83.4","30.3","49.6","9.9","0.3","3.9","0.0","0.0","0.0","13.9","13.5","3.4"
"20240219","何魂","秦款措备","16.0","19.8","12.9","9.6","5.5","10.4","1.6","63.5","0.0","1.5","4.8","8.6","6.9","10.79","16.14","0.0","86.0","58.4","48.0","6.0","4.3","3.8","0.0","0.0","0.0","16.9","13.7","3.4"
"20240218","何魂","秦款措备","11.1","15.5","5.3","9.3","5.4","10.3","1.5","15.0","6.0","1.6","2.6","0.0","6.9","7.38","3.8","0.0","79.8","94.5","47.3","7.3","10.0","3.8","0.0","0.0","0.0","6.5","7.7","3.5"
"20240217","何魂","秦款措备","8.2","13.6","3.5","7.4","5.5","10.2","1.7","0.0","1.2","1.5","10.3","0.7","6.5","18.53","6.65","0.0","60.8","62.3","47.9","0.0","7.9","4.2","0.0","0.0","0.0","8.7","7.5","3.5"
"20240216","何魂","秦款措备","6.4","11.9","2.5","6.2","5.6","10.3","1.7","0.0","0.0","1.4","9.1","1.6","6.4","16.26","9.22","0.0","54.6","69.9","48.5","1.9","6.3","4.2","0.0","0.0","0.0","10.0","7.6","3.6"
"20240215","何魂","秦款措备","12.3","18.9","5.5","3.7","5.7","10.5","1.8","0.5","0.0","2.3","5.2","2.2","6.7","13.1","10.23","0.0","75.1","74.1","49.4","7.1","5.9","4.0","0.0","0.0","0.0","14.0","12.2","3.7"
"20240214","何魂","秦款措备","14.1","15.8","12.1","5.8","5.6","10.4","1.8","8.0","0.0","2.6","0.1","5.3","6.6","5.47","11.57","0.0","86.5","68.8","49.2","9.0","5.3","3.9","0.0","0.0","0.0","12.4","9.9","3.6"
"20240213","何魂","秦款措备","11.9","16.6","6.0","7.0","5.5","10.3","1.6","0.0","0.7","2.5","8.2","0.2","6.6","13.95","4.48","0.0","60.6","76.5","49.4","1.6","8.8","3.8","0.0","0.0","0.0","16.1","12.5","3.6"
"20240212","何魂","秦款措备","6.5","11.8","1.4","8.7","5.1","10.0","1.1","0.0","0.8","2.3","10.2","2.9","6.9","17.25","8.7","0.0","46.4","64.6","49.2","0.0","7.0","3.6","0.0","0.0","0.0","9.3","11.5","3.6"
"20240211","何魂","秦款措备","5.4","9.9","1.8","7.5","4.6","9.5","0.7","0.0","0.0","2.1","9.4","2.6","7.1","15.64","8.89","0.0","40.8","68.0","48.1","0.0","5.3","3.4","0.0","0.0","0.0","11.6","5.2","3.5"
"20240210","何魂","秦款措备","5.1","11.3","0.6","6.3","4.3","9.1","0.4","0.0","16.8","1.5","10.0","5.2","6.9","16.28","12.97","0.0","42.9","81.0","47.9","0.0","5.1","3.5","0.0","0.0","0.0","11.1","10.8","3.5"
"20240209","何魂","秦款措备","6.2","11.6","3.6","7.3","4.3","9.2","0.4","0.0","4.5","1.0","3.9","3.2","6.9","10.53","8.49","0.0","50.4","58.3","48.2","4.1","7.6","3.5","0.0","0.0","0.0","12.4","11.7","3.5"
"20240208","何魂","秦款措备","5.5","10.7","1.3","8.5","4.4","9.2","0.4","0.0","0.0","0.7","9.3","9.9","6.9","14.27","16.17","0.0","56.9","47.5","47.9","5.1","3.8","3.5","0.0","0.0","0.0","6.0","9.4","3.5"
"20240207","何魂","秦款措备","5.0","10.6","1.5","9.2","4.4","9.2","0.4","0.0","0.0","0.7","7.9","6.4","7.0","15.34","12.78","0.0","58.9","65.1","47.2","1.9","3.1","3.4","0.0","0.0","0.0","8.6","8.8","3.5"
"20240206","何魂","秦款措备","5.1","8.5","3.3","7.4","4.4","9.2","0.4","0.0","0.0","0.6","0.1","4.6","7.0","5.49","10.5","0.0","69.9","35.8","46.4","9.4","6.9","3.3","0.0","0.0","0.0","8.9","6.4","3.4"
"20240205","何魂","秦款措备","6.4","8.1","4.1","5.2","4.3","9.2","0.3","11.8","0.0","0.5","0.0","10.1","7.1","3.01","16.39","0.0","83.0","36.6","45.5","9.9","0.5","3.1","0.0","0.0","0.0","16.4","9.3","3.4"
"20240204","何魂","秦款措备","7.7","11.6","5.4","3.4","4.0","8.8","0.0","3.8","0.0","0.5","1.8","10.0","7.2","7.7","15.57","0.0","79.0","31.9","44.1","9.0","0.9","2.9","0.0","0.0","0.0","12.5","13.0","3.3"
"20240203","何魂","秦款措备","6.7","10.1","5.0","5.6","3.7","8.6","-0.3","4.0","0.0","0.7","0.0","3.5","7.2","4.27","8.95","0.0","75.0","50.8","43.6","9.5","5.8","2.9","0.0","0.0","0.0","9.4","10.7","3.4"
"20240202","何魂","秦款措备","6.2","10.3","4.0","4.4","3.6","8.5","-0.4","0.3","0.0","0.9","1.1","8.0","7.1","7.66","12.84","0.0","75.4","43.0","44.2","6.5","6.3","3.1","0.0","0.0","0.0","9.6","12.1","3.3"
"20240201","何魂","秦款措备","7.6","10.3","4.8","8.6","3.6","8.4","-0.4","3.1","0.0","0.9","0.0","7.1","7.0","3.34","12.5","0.0","76.8","48.0","44.7","10.0","7.5","3.2","0.0","0.0","0.0","11.4","16.5","3.3"
"20240131","何魂","秦款措备","9.8","14.9","6.5","5.1","3.6","8.3","-0.2","1.7","0.0","0.9","3.8","10.0","6.9","9.17","15.36","0.0","76.4","42.1","45.5","8.0","0.4","3.3","0.0","0.0","0.0","5.4","12.5","3.4"
"20240130","何魂","秦款措备","7.0","13.0","0.8","3.0","3.7","8.4","-0.1","0.0","0.0","1.0","7.6","10.0","6.9","13.01","15.64","0.0","58.4","31.8","46.1","5.9","0.0","3.4","0.0","0.0","0.0","6.0","14.3","3.5"
"20240129","何魂","秦款措备","4.7","9.8","1.1","1.5","3.6","8.4","-0.1","0.0","0.0","1.4","9.4","9.9","6.9","14.19","15.33","0.0","44.1","51.5","46.2","1.1","0.6","3.3","0.0","0.0","0.0","7.6","11.7","3.5"
"20240128","何魂","秦款措备","4.2","8.3","0.9","-2.8","3.5","8.2","-0.2","0.0","0.0","1.5","9.0","9.9","7.0","14.71","15.02","0.0","39.0","42.4","46.0","2.0","0.4","3.1","0.0","0.0","0.0","14.8","18.6","3.6"
"20240127","何魂","秦款措备","4.3","10.4","-0.5","-1.1","3.4","8.2","-0.3","0.0","0.0","1.5","9.8","9.2","7.0","14.71","15.07","0.0","44.8","35.6","45.7","1.5","2.3","3.0","0.0","0.0","0.0","9.5","19.2","3.6"
"20240126","何魂","秦款措备","2.6","8.9","-2.3","-0.1","3.1","7.9","-0.7","0.0","0.0","1.3","9.8","2.3","7.2","14.73","9.39","0.0","38.5","45.6","45.0","0.0","7.3","2.8","0.0","0.0","0.0","10.6","9.0","3.6"
"20240125","何魂","秦款措备","-1.4","4.8","-6.8","-6.4","2.9","7.6","-0.8","0.0","0.0","1.5","9.7","9.9","7.0","14.08","15.87","0.0","36.1","27.5","45.9","1.0","0.0","2.9","0.0","0.0","0.0","11.8","15.0","3.6"
"20240124","何魂","秦款措备","-2.8","2.9","-6.9","-5.6","2.9","7.4","-0.7","0.0","0.0","1.1","9.7","9.5","6.6","14.9","15.49","0.0","36.1","32.8","46.8","0.0","1.9","3.2","0.0","0.0","0.0","17.6","21.0","3.6"
"20240123","何魂","秦款措备","-4.6","0.6","-7.3","6.6","2.9","7.4","-0.7","0.0","0.0","1.1","9.7","8.1","6.4","14.89","13.32","0.0","41.1","51.6","47.0","0.0","5.4","3.4","0.0","0.0","0.0","16.6","13.2","3.5"
"20240122","何魂","秦款措备","1.1","6.2","-4.9","4.3","3.1","7.4","-0.4","0.1","0.0","1.2","9.0","0.4","6.2","13.87","5.92","0.0","54.3","50.1","48.2","2.8","7.3","3.6","0.0","0.0","0.0","15.8","6.1","3.6"
"20240121","何魂","秦款措备","7.5","11.5","5.7","0.8","3.3","7.7","-0.2","0.3","0.0","1.3","1.5","9.5","6.1","8.58","14.98","0.0","73.6","25.6","48.4","8.4","1.1","3.7","0.0","0.0","0.0","11.6","14.5","3.5"
"20240120","何魂","秦款措备","7.0","8.3","5.8","3.3","3.6","8.0","0.0","20.0","0.0","1.1","0.0","9.0","6.1","1.46","13.46","0.0","87.8","39.0","48.3","10.0","0.8","3.7","0.0","0.0","0.0","14.1","18.0","3.5"
"20240119","何魂","秦款措备","7.1","9.0","6.5","2.9","3.8","8.2","0.2","0.0","0.0","1.1","0.2","9.5","6.2","5.07","13.83","0.0","70.9","54.5","48.6","9.5","1.0","3.6","0.0","0.0","0.0","13.0","9.1","3.5"
"20240118","何魂","秦款措备","10.9","14.2","7.2","2.5","3.8","8.3","0.2","14.0","0.0","1.3","0.0","8.1","6.2","1.33","12.18","0.0","83.4","54.0","49.2","9.9","0.6","3.7","0.0","0.0","0.0","14.1","12.7","3.5"
"20240117","何魂","秦款措备","8.9","12.6","3.8","1.5","3.8","8.4","0.1","0.0","0.0","1.5","0.3","8.3","6.3","3.89","12.45","0.0","67.0","39.5","48.8","9.1","1.4","3.6","0.0","0.0","0.0","8.7","14.3","3.5"
"20240116","何魂","秦款措备","4.9","11.7","-0.3","1.3","3.7","8.4","0.0","0.0","0.0","1.7","9.5","9.0","6.1","12.87","13.82","0.0","44.1","50.5","49.6","2.9","1.3","3.7","0.0","0.0","0.0","8.2","16.6","3.4"
"20240115","何魂","秦款措备","5.3","10.8","2.2","6.0","3.6","8.1","0.0","0.0","0.0","1.8","9.4","0.0","5.9","13.65","1.11","0.0","32.1","86.8","50.3","0.0","8.9","3.8","0.0","0.0","0.0","11.6","12.0","3.4"
"20240114","何魂","秦款措备","9.1","13.8","2.2","10.3","3.4","8.0","-0.1","0.0","0.3","1.6","8.6","0.0","6.0","11.74","1.53","0.0","61.4","89.8","49.7","2.4","8.9","3.7","0.0","0.0","0.0","13.7","11.4","3.5"
"20240113","何魂","秦款措备","4.6","10.3","1.4","14.6","3.4","8.0","-0.1","0.0","77.1","1.2","9.3","0.0","6.2","13.1","1.89","0.0","36.9","98.8","48.4","0.0","9.0","3.6","0.0","0.0","0.0","10.3","15.2","3.5"
"20240112","何魂","秦款措备","6.7","11.4","2.7","11.8","3.3","7.8","-0.2","0.0","0.8","0.8","9.0","7.1","6.4","11.84","11.24","0.0","51.9","71.1","47.5","0.0","3.0","3.4","0.0","0.0","0.0","7.9","6.2","3.5"
"20240111","何魂","秦款措备","5.4","10.4","3.1","8.9","3.3","7.8","-0.2","0.0","0.0","0.6","9.3","9.3","6.6","13.27","12.42","0.0","52.6","60.8","46.5","0.0","0.8","3.1","0.0","0.0","0.0","11.1","8.4","3.5"
"20240110","何魂","秦款措备","5.3","10.2","1.8","7.8","3.3","7.9","-0.2","0.5","0.0","0.6","5.3","8.6","6.8","9.72","12.51","0.0","69.9","58.1","45.8","3.9","2.0","2.9","0.0","0.0","0.0","11.3","8.8","3.6"
"20240109","何魂","秦款措备","3.8","6.6","-0.3","9.3","3.5","8.0","-0.1","4.0","0.0","1.0","1.3","8.5","6.8","5.21","11.1","0.0","52.3","56.9","45.7","6.8","0.0","3.0","0.0","0.0","0.0","12.0","10.7","3.6"
"20240108","何魂","秦款措备","0.8","7.3","-4.0","6.2","3.6","8.2","0.0","0.0","0.0","1.4","9.1","9.2","6.7","13.44","12.87","0.0","32.5","42.4","46.4","0.9","0.0","3.0","0.0","0.0","0.0","9.3","10.2","3.5"
"20240107","何魂","秦款措备","2.2","5.9","-1.1","5.7","3.7","8.3","0.1","0.0","1.0","1.4","8.9","6.9","6.5","12.84","9.88","0.0","34.3","52.9","46.6","0.3","0.9","3.2","0.0","0.0","0.0","13.7","14.5","3.5"
"20240106","何魂","秦款措备","7.0","11.6","3.7","5.3","3.9","8.6","0.3","0.0","0.0","1.4","7.7","8.9","6.4","11.95","12.11","0.0","38.3","51.3","45.6","1.4","2.9","3.3","0.0","0.0","0.0","9.7","9.2","3.5"
"20240105","何魂","秦款措备","8.6","13.5","4.8","4.6","4.0","8.7","0.4","0.0","0.0","1.2","8.9","7.5","6.4","11.29","9.76","0.0","60.4","47.1","44.7","0.6","2.5","3.2","0.0","0.0","0.0","15.8","7.0","3.5"
"20240104","何魂","秦款措备","5.2","10.3","1.3","2.6","4.1","8.9","0.4","0.0","0.0","0.7","9.2","9.2","6.8","13.11","12.4","0.0","45.5","39.5","44.2","0.0","0.0","2.9","0.0","0.0","0.0","10.0","12.2","3.4"
"20240103","何魂","秦款措备","5.6","9.0","3.3","1.5","4.0","8.9","0.2","0.0","0.0","0.3","4.9","9.0","6.9","8.62","13.48","0.0","57.8","28.3","43.4","4.8","0.9","2.6","0.0","0.0","0.0","11.4","11.4","3.5"
"20240102","何魂","秦款措备","-99.0","12.6","6.0","3.1","3.9","8.8","0.2","0.0","0.0","0.2","0.0","8.6","7.1","0.0","12.22","0.0","0.0","19.5","43.6","0.0","4.1","2.4","0.0","0.0","0.0","7.9","13.4","3.6"
"20240101","何魂","秦款措备","7.3","13.2","4.0","4.0","4.0","8.9","0.1","0.0","0.0","0.2","6.9","8.7","7.1","10.88","11.06","0.0","59.0","43.8","44.4","2.5","1.3","2.4","0.0","0.0","0.0","9.2","9.2","3.6"
"20231231","何魂","秦款措备","8.1","12.3","4.5","2.6","4.0","9.0","0.1","0.0","0.0","0.2","5.4","9.2","7.2","9.85","12.45","0.0","67.1","50.3","44.6","3.4","0.5","2.3","0.0","0.0","0.0","14.8","12.2","3.6"
"20231230","何魂","秦款措备","8.2","13.2","3.3","2.4","4.0","8.8","0.1","2.2","0.0","0.5","6.3","9.1","7.0","10.12","11.59","0.0","58.4","52.5","44.3","5.0","1.0","2.4","0.0","0.0","0.0","9.5","10.3","3.5"
"20231229","何魂","秦款措备","6.1","11.8","1.6","1.8","4.1","8.8","0.3","0.0","0.0","0.8","8.9","9.2","7.1","11.74","12.36","0.0","47.5","46.1","43.7","1.8","1.8","2.4","0.0","0.0","0.0","12.4","10.7","3.4"
"20231228","何魂","秦款措备","8.0","13.1","4.3","2.9","4.2","9.0","0.4","0.0","0.0","1.0","8.9","7.7","7.0","11.48","9.95","0.0","49.8","47.1","43.7","0.0","2.5","2.5","0.0","0.0","0.0","8.7","11.2","3.3"
"20231227","何魂","秦款措备","7.2","12.8","3.9","3.8","4.4","9.2","0.7","0.0","0.0","1.0","7.7","9.1","7.0","11.47","12.65","0.0","50.4","31.8","44.4","4.3","0.0","2.5","0.0","0.0","0.0","7.4","10.9","3.4"
"20231226","何魂","秦款措备","4.5","9.6","0.4","2.9","4.7","9.4","1.0","0.0","0.0","1.0","8.3","8.7","6.8","11.56","11.54","0.0","53.5","35.3","45.6","3.3","1.3","2.7","0.0","0.0","0.0","8.4","10.4","3.4"
"20231225","何魂","秦款措备","2.2","7.0","-1.7","1.7","5.0","9.7","1.3","0.0","0.0","0.8","9.0","9.2","6.9","11.89","12.86","0.0","49.6","39.3","46.8","0.3","0.0","2.6","0.0","0.0","0.0","9.4","13.9","3.4"
"20231224","何魂","秦款措备","2.0","6.9","-1.5","-2.0","5.3","10.0","1.6","0.0","0.0","0.7","4.1","9.1","6.8","8.1","12.53","0.0","53.9","49.5","48.5","4.5","0.0","2.7","0.0","0.0","0.0","7.8","13.0","3.6"
"20231223","何魂","秦款措备","-1.5","3.2","-5.8","-3.7","5.6","10.2","1.9","0.0","0.0","0.9","8.4","8.8","6.5","11.8","11.86","0.0","39.6","43.9","49.8","3.5","0.6","2.9","0.0","0.0","0.0","14.7","27.5","3.5"
"20231222","何魂","秦款措备","-4.7","-0.5","-8.1","0.0","5.8","10.4","2.1","0.0","0.0","0.9","9.2","7.7","6.4","12.67","10.67","0.0","38.5","49.1","50.1","0.0","2.4","3.0","0.0","0.0","0.0","13.0","17.6","3.4"
"20231221","何魂","秦款措备","-4.5","-0.3","-7.4","4.5","5.8","10.3","2.1","0.0","19.4","1.0","9.1","1.2","6.5","12.58","3.01","0.0","39.9","81.3","49.4","0.0","6.5","2.9","0.0","0.0","0.0","12.2","10.5","3.4"
"20231220","何魂","秦款措备","0.7","4.9","-4.4","3.0","5.5","10.1","1.8","0.0","0.0","0.9","5.1","9.1","6.5","9.55","12.35","0.0","46.9","42.0","48.3","3.6","1.9","2.9","0.0","0.0","0.0","14.1","12.4","3.3"
"20231219","何魂","秦款措备","1.9","5.9","-1.9","-0.6","5.3","9.9","1.7","0.0","0.0","0.8","1.9","9.1","6.4","7.0","12.31","0.0","36.3","42.3","48.3","7.8","0.3","3.0","0.0","0.0","0.0","9.1","6.9","3.2"
"20231218","何魂","秦款措备","-1.3","3.1","-5.4","-3.5","5.2","9.8","1.4","0.0","0.0","0.9","7.4","8.6","6.6","10.69","12.17","0.0","32.6","35.9","47.0","5.5","0.0","2.9","0.0","0.0","0.0","14.0","12.1","3.2"
"20231217","何魂","秦款措备","-2.7","1.0","-5.1","0.4","5.0","9.6","1.3","0.0","0.0","0.7","9.0","3.5","6.7","12.72","9.06","0.0","37.1","33.8","46.5","1.3","5.1","2.7","0.0","0.0","0.0","13.8","14.0","3.2"
"20231216","何魂","秦款措备","3.8","8.7","-1.8","3.6","5.0","9.5","1.3","3.1","0.0","1.3","1.3","7.8","6.7","5.76","11.33","0.0","52.8","32.1","46.3","6.0","6.6","2.6","0.0","0.0","0.0","17.9","11.8","3.2"
"20231215","何魂","秦款措备","13.0","18.0","8.5","1.6","5.3","9.8","1.5","17.8","0.0","1.6","0.0","9.1","6.6","0.58","12.28","0.0","89.0","48.9","47.2","10.0","1.5","2.8","0.0","0.0","0.0","12.6","10.4","3.2"
"20231214","何魂","秦款措备","11.9","13.1","10.4","-0.4","5.4","9.9","1.6","32.8","0.0","1.5","0.0","9.2","6.7","1.48","12.53","0.0","78.5","41.8","46.5","9.4","0.6","2.9","0.0","0.0","0.0","8.3","15.6","3.2"
"20231213","何魂","秦款措备","11.0","16.1","7.5","6.4","5.6","10.1","1.9","0.0","0.0","1.3","6.8","6.4","6.7","10.92","10.09","0.0","60.0","47.3","47.2","4.1","2.1","2.8","0.0","0.0","0.0","8.5","15.2","3.2"
"20231212","何魂","秦款措备","9.9","13.7","8.8","8.0","6.0","10.5","2.2","0.0","2.0","1.6","0.0","1.1","6.5","3.45","4.87","0.0","69.1","70.5","48.2","8.6","6.5","3.0","0.0","0.0","0.0","12.9","12.8","3.3"
"20231211","何魂","秦款措备","14.4","16.0","13.4","7.6","6.2","10.8","2.4","46.2","0.0","0.9","0.0","8.8","6.5","0.84","11.94","0.0","84.6","40.8","48.8","10.0","2.4","3.2","0.0","0.0","0.0","13.7","13.1","3.2"
"20231210","何魂","秦款措备","15.0","19.9","11.6","9.3","6.3","10.8","2.5","0.0","0.0","0.7","7.5","4.2","6.5","10.16","7.72","0.0","64.1","47.3","49.2","5.0","5.9","3.1","0.0","0.0","0.0","7.2","10.9","3.2"
"20231209","何魂","秦款措备","16.3","20.7","14.1","9.5","6.5","11.0","2.8","0.0","0.0","0.8","5.0","3.8","6.4","8.88","8.27","0.0","62.4","42.5","50.4","3.8","5.5","3.2","0.0","0.0","0.0","13.4","6.7","3.2"
"20231208","何魂","秦款措备","14.6","17.9","8.5","7.8","6.5","11.0","2.7","0.0","0.0","1.3","6.9","9.1","6.4","10.67","11.6","0.0","59.0","40.5","50.4","3.6","3.9","3.2","0.0","0.0","0.0","15.7","6.8","3.1"
"20231207","何魂","秦款措备","9.4","12.8","6.3","7.2","6.4","10.9","2.6","0.0","0.0","1.0","9.2","8.0","6.5","12.26","11.47","0.0","35.4","44.6","49.6","0.0","2.8","3.2","0.0","0.0","0.0","17.6","10.1","3.2"
"20231206","何魂","秦款措备","11.1","14.8","6.2","4.1","6.6","11.1","2.8","0.7","0.0","1.5","5.1","9.2","6.5","8.31","12.32","0.0","47.5","40.0","50.1","4.0","0.1","3.1","0.0","0.0","0.0","14.0","16.5","3.2"
"20231205","何魂","秦款措备","10.5","16.3","5.4","3.5","6.9","11.4","3.1","0.0","0.0","1.8","8.2","5.8","6.5","10.59","9.81","0.0","39.1","22.3","50.0","4.0","5.3","3.2","0.0","0.0","0.0","6.8","17.3","3.2"
"20231204","何魂","秦款措备","8.6","13.4","4.5","6.5","7.3","11.9","3.5","0.0","0.0","1.8","9.2","6.3","6.5","12.75","10.46","0.0","38.9","32.1","50.3","2.8","7.9","3.2","0.0","0.0","0.0","9.2","13.5","3.2"
"20231203","何魂","秦款措备","7.9","12.8","4.9","7.0","7.9","12.5","4.1","0.0","0.0","1.4","9.2","1.9","6.5","12.44","6.02","0.0","40.5","51.1","51.1","0.0","7.1","3.2","0.0","0.0","0.0","10.1","8.0","3.2"
"20231202","何魂","秦款措备","5.2","10.3","-1.1","2.3","8.4","13.0","4.7","0.0","0.0","1.6","9.4","8.7","6.3","12.99","13.09","0.0","44.6","40.4","52.7","2.3","2.5","3.3","0.0","0.0","0.0","12.6","8.5","3.1"
"20231201","何魂","秦款措备","2.4","7.4","-1.7","0.7","8.9","13.4","5.2","0.0","0.0","1.3","9.4","6.0","6.1","13.11","11.24","0.0","37.3","32.6","53.4","0.3","6.1","3.6","0.0","0.0","0.0","14.9","14.2","3.0"
"20231130","何魂","秦款措备","2.6","7.5","0.0","2.7","9.2","13.7","5.5","0.0","0.0","1.1","8.7","4.7","6.0","13.18","9.49","0.0","31.3","29.3","54.2","2.0","8.5","3.6","0.0","0.0","0.0","14.4","19.9","3.0"
"20231129","何魂","秦款措备","6.9","9.2","3.8","14.9","9.3","13.8","5.6","0.0","22.4","1.1","0.6","0.0","6.0","6.13","2.89","0.0","43.5","72.0","54.1","7.0","9.8","3.6","0.0","0.0","0.0","13.4","17.5","3.0"
"20231128","何魂","秦款措备","8.6","12.8","5.2","17.9","9.4","13.9","5.9","0.0","1.1","1.0","8.3","3.3","5.9","11.49","8.96","0.0","33.1","75.6","54.5","0.6","6.9","3.8","0.0","0.0","0.0","13.8","12.7","3.1"
"20231127","何魂","秦款措备","11.4","15.6","6.9","13.6","9.6","14.2","5.9","0.0","0.0","2.1","2.3","7.5","6.1","6.73","12.01","0.0","53.9","45.5","54.7","5.4","4.5","3.7","0.0","0.0","0.0","12.4","10.7","3.1"
"20231126","何魂","秦款措备","8.0","12.4","4.6","15.0","9.7","14.4","6.0","0.0","0.0","2.1","3.0","9.3","6.2","7.64","12.53","0.0","32.9","50.1","54.9","4.8","0.0","3.5","0.0","0.0","0.0","9.4","9.8","3.2"
"20231125","何魂","秦款措备","4.3","10.6","-0.9","14.3","10.0","14.7","6.3","0.0","0.0","2.1","9.5","7.7","6.3","13.78","11.9","0.0","32.0","65.4","54.7","0.6","3.8","3.5","0.0","0.0","0.0","13.7","9.9","3.2"
"20231124","何魂","秦款措备","6.1","12.5","1.4","12.9","10.1","14.9","6.4","0.0","0.0","2.0","9.5","8.1","6.4","13.98","11.31","0.0","26.4","50.3","54.1","0.4","3.8","3.4","0.0","0.0","0.0","17.1","10.5","3.1"
"20231123","何魂","秦款措备","16.2","20.5","12.5","14.6","10.2","15.0","6.3","0.0","0.2","2.0","8.6","6.2","6.6","10.99","10.97","0.0","56.5","72.9","53.0","2.5","4.1","3.3","0.0","0.0","0.0","15.3","11.3","3.0"
"20231122","何魂","秦款措备","14.9","19.8","10.9","14.6","10.1","15.0","6.3","0.0","10.9","1.1","9.5","0.0","6.7","13.5","3.54","0.0","61.4","76.9","51.7","2.5","9.4","3.1","0.0","0.0","0.0","10.7","8.1","3.0"
"20231121","何魂","秦款措备","12.6","17.4","7.8","15.4","10.2","15.0","6.4","0.0","0.0","1.2","9.7","6.0","6.7","14.16","9.5","0.0","54.1","66.1","51.5","0.0","5.3","3.3","0.0","0.0","0.0","10.7","6.3","3.1"
"20231120","何魂","秦款措备","11.0","16.7","7.9","15.3","10.2","14.9","6.4","0.0","0.0","1.9","9.7","1.6","6.7","14.12","5.06","0.0","47.9","70.6","51.3","0.0","6.1","3.2","0.0","0.0","0.0","8.7","6.9","3.1"
"20231119","何魂","秦款措备","9.2","13.7","3.6","16.1","10.4","15.1","6.6","0.0","0.0","2.0","9.6","6.7","6.6","14.09","12.06","0.0","48.9","65.5","52.1","0.0","5.8","3.3","0.0","0.0","0.0","12.0","10.5","3.1"
"20231118","何魂","秦款措备","4.6","10.7","-0.7","14.4","10.7","15.4","7.0","0.3","0.0","1.9","9.5","0.0","6.7","14.41","0.0","0.0","45.3","61.3","52.7","0.3","0.0","3.4","0.3","0.0","0.0","17.2","0.0","3.1"
"20231117","何魂","秦款措备","7.2","12.3","4.0","12.8","11.0","15.7","7.3","0.0","0.0","1.6","7.5","0.0","6.7","13.0","0.0","0.0","50.3","46.0","53.2","2.9","4.1","3.5","0.0","0.0","0.0","14.2","0.0","3.2"
"20231116","何魂","秦款措备","9.9","14.2","7.0","12.8","11.5","16.1","7.8","11.7","0.0","1.3","0.0","8.7","6.7","4.67","13.32","0.0","65.5","50.1","53.9","7.8","1.3","3.5","0.0","0.0","0.0","15.2","7.2","3.1"
"20231115","何魂","秦款措备","10.6","16.1","7.5","11.3","12.0","16.6","8.3","0.0","0.0","0.7","9.8","9.9","6.6","14.17","14.71","0.0","46.4","50.8","55.3","0.0","0.0","3.7","0.0","0.0","0.0","10.8","11.6","3.1"
"20231114","何魂","秦款措备","8.8","15.3","3.1","12.8","12.3","16.9","8.7","0.0","0.0","0.9","9.9","0.6","6.8","15.12","5.54","0.0","38.3","67.4","55.9","1.8","6.8","3.5","0.0","0.0","0.0","11.6","10.3","3.1"
"20231113","何魂","秦款措备","6.5","12.5","2.3","17.8","12.7","17.3","9.1","0.0","24.8","1.2","10.0","4.0","6.7","15.52","10.18","0.0","28.3","76.6","57.8","0.0","8.0","3.6","0.0","0.0","0.0","14.3","17.5","3.2"
"20231112","何魂","秦款措备","6.7","11.4","3.8","19.1","13.0","17.6","9.5","0.0","1.9","1.6","8.0","6.4","6.3","13.89","11.48","0.0","34.3","81.4","59.5","2.6","5.6","3.9","0.0","0.0","0.0","14.2","13.4","3.3"
"20231111","何魂","秦款措备","9.6","16.4","5.3","17.5","13.2","17.7","9.7","0.0","0.0","1.8","8.0","8.4","6.3","13.31","12.78","0.0","37.3","69.0","59.8","2.4","1.6","3.9","0.0","0.0","0.0","11.6","7.8","3.4"
"20231110","何魂","秦款措备","13.9","18.1","7.9","16.9","13.4","17.9","9.9","1.4","0.0","2.7","4.0","7.3","6.2","10.17","12.03","0.0","46.8","49.1","60.2","6.0","3.1","4.1","0.0","0.0","0.0","11.8","7.5","3.4"
"20231109","何魂","秦款措备","17.8","22.2","13.1","15.2","13.8","18.4","10.3","0.0","0.0","2.8","7.5","9.7","6.0","12.59","14.9","0.0","63.4","53.0","61.5","6.8","1.6","4.3","0.0","0.0","0.0","8.0","7.6","3.4"
"20231108","何魂","秦款措备","14.5","20.9","8.1","15.4","14.2","18.9","10.8","0.0","0.0","2.6","9.9","9.9","6.0","15.05","14.85","0.0","46.6","47.4","61.6","3.0","0.0","4.3","0.0","0.0","0.0","5.9","7.8","3.3"
"20231107","何魂","秦款措备","13.3","18.3","10.2","14.0","14.6","19.3","11.1","0.0","0.0","2.8","10.0","9.9","6.2","15.7","14.79","0.0","34.9","48.5","61.9","0.5","0.0","4.2","0.0","0.0","0.0","22.0","7.3","3.1"
"20231106","何魂","秦款措备","18.7","21.9","13.1","12.2","14.7","19.6","11.1","11.5","0.0","2.6","0.8","10.1","6.6","3.82","16.23","0.0","60.4","41.4","61.2","6.5","0.9","3.8","0.0","0.0","0.0","21.3","11.9","3.0"
"20231105","何魂","秦款措备","20.4","23.1","17.9","10.6","14.7","19.8","11.1","0.0","0.0","1.4","0.4","10.0","7.0","6.47","16.85","0.0","76.6","26.1","59.8","8.6","0.5","3.3","0.0","0.0","0.0","7.7","11.6","2.9"
"20231104","何魂","秦款措备","19.8","24.3","18.3","11.6","14.5","19.5","10.7","3.6","0.0","1.2","2.7","10.0","7.2","7.38","17.02","0.0","72.8","35.0","59.1","8.5","0.9","3.0","0.0","0.0","0.0","6.2","11.5","2.8"
"20231103","何魂","秦款措备","20.7","25.7","18.3","16.4","14.3","19.3","10.5","0.0","0.0","1.3","10.0","9.9","7.3","15.35","15.86","0.0","65.5","48.0","58.3","1.1","1.3","3.0","0.0","0.0","0.0","8.6","9.0","2.8"
"20231102","何魂","秦款措备","20.2","25.4","17.2","16.7","14.2","19.1","10.4","0.0","0.0","1.2","10.0","9.9","7.2","15.73","15.25","0.0","66.3","63.8","57.6","0.0","0.0","3.1","0.0","0.0","0.0","13.4","6.2","2.9"
"20231101","何魂","秦款措备","18.8","23.2","15.5","17.0","14.3","19.1","10.6","0.0","0.0","1.2","9.9","9.8","7.1","15.26","15.72","0.0","61.9","60.9","57.5","0.0","0.4","3.2","0.0","0.0","0.0","13.0","7.1","3.0"
"20231031","何魂","秦款措备","18.4","24.6","14.4","15.9","14.5","19.4","10.9","0.0","0.0","1.5","10.0","8.2","7.0","16.06","13.89","0.0","52.8","64.4","58.3","0.0","2.0","3.4","0.0","0.0","0.0","8.6","9.4","3.1"
"20231030","何魂","秦款措备","17.1","23.0","13.0","14.8","14.9","19.7","11.3","0.0","0.0","1.7","9.9","1.9","6.9","15.49","7.49","0.0","60.6","72.8","58.8","1.1","6.6","3.5","0.0","0.0","0.0","8.5","9.3","3.1"
"20231029","何魂","秦款措备","16.6","22.6","13.2","15.7","15.2","20.0","11.6","0.0","0.0","2.3","9.8","5.1","7.2","17.16","12.04","0.0","55.0","73.0","58.9","1.0","5.4","3.4","0.0","0.0","0.0","7.1","8.7","3.1"
"20231028","何魂","秦款措备","16.6","22.0","12.5","17.2","15.5","20.3","11.9","0.0","0.0","2.0","9.6","7.7","7.3","16.19","14.26","0.0","55.3","68.8","58.9","1.3","3.3","3.3","0.0","0.0","0.0","7.2","9.3","3.0"
"20231027","何魂","秦款措备","17.0","22.9","14.0","17.6","15.8","20.7","12.1","0.0","0.0","2.0","8.3","9.2","7.4","14.73","16.28","0.0","54.5","59.5","59.7","1.6","1.9","3.3","0.0","0.0","0.0","10.3","7.2","3.0"
"20231026","何魂","秦款措备","19.5","24.2","16.3","15.9","16.0","20.9","12.4","0.0","0.0","1.9","9.9","6.6","7.3","15.53","14.39","0.0","53.9","60.3","60.6","1.4","4.9","3.3","0.0","0.0","0.0","9.3","7.4","2.9"
"20231025","何魂","秦款措备","18.5","24.2","14.6","13.7","16.2","21.0","12.6","0.0","0.0","2.0","10.1","8.1","7.3","16.75","16.11","0.0","55.3","53.9","60.4","0.0","0.9","3.4","0.0","0.0","0.0","7.8","12.3","3.0"
"20231024","何魂","秦款措备","17.2","22.9","14.5","13.8","16.4","21.1","12.9","0.0","0.0","2.0","7.5","10.0","6.9","15.52","17.86","0.0","52.0","49.5","61.3","3.8","0.8","3.8","0.0","0.0","0.0","8.8","11.3","3.1"
"20231023","何魂","秦款措备","17.4","23.0","13.0","17.0","16.7","21.3","13.3","0.0","0.0","2.6","10.1","6.7","6.7","17.42","15.23","0.0","52.0","62.5","62.6","0.6","3.3","4.0","0.0","0.0","0.0","8.2","10.3","3.1"
"20231022","何魂","秦款措备","15.0","20.1","11.8","19.2","16.9","21.4","13.6","0.0","0.0","3.1","6.5","7.1","6.5","13.63","14.94","0.0","40.4","61.8","63.3","5.9","4.3","4.2","0.0","0.0","0.0","9.7","10.3","3.2"
"20231021","何魂","秦款措备","13.7","18.7","8.8","17.9","17.1","21.6","13.8","0.0","0.0","3.1","9.7","6.0","6.5","17.87","14.54","0.0","35.5","58.6","63.2","0.0","8.1","4.4","0.0","0.0","0.0","16.1","11.4","3.2"
"20231020","何魂","秦款措备","14.8","19.6","11.4","15.9","17.3","21.9","14.0","0.5","0.0","2.9","7.6","10.2","6.6","16.49","18.58","0.0","43.5","44.3","63.1","3.6","0.9","4.3","0.0","0.0","0.0","14.6","8.3","3.2"
"20231019","何魂","秦款措备","19.5","23.4","16.7","13.0","17.5","22.2","14.0","0.0","0.0","2.0","4.7","10.1","6.9","13.08","19.29","0.0","63.1","41.5","62.3","6.6","0.0","4.0","0.0","0.0","0.0","12.6","12.5","3.1"
"20231018","何魂","秦款措备","18.6","23.4","13.6","13.2","17.5","22.3","14.0","0.0","0.0","1.6","10.1","10.1","7.0","18.31","19.14","0.0","55.0","40.8","61.1","1.1","0.5","3.9","0.0","0.0","0.0","9.5","18.3","3.0"
"20231017","何魂","秦款措备","16.7","22.8","11.9","18.1","17.6","22.4","14.0","0.0","0.0","1.4","10.2","10.1","7.3","18.98","17.23","0.0","45.5","50.0","60.6","0.0","0.6","3.8","0.0","0.0","0.0","11.0","20.5","2.9"
"20231016","何魂","秦款措备","18.7","24.0","14.8","20.4","17.8","22.6","14.2","0.0","0.0","1.5","10.2","8.4","7.2","18.6","18.78","0.0","46.3","70.9","60.9","0.0","3.5","3.6","0.0","0.0","0.0","8.5","7.1","2.9"
"20231015","何魂","秦款措备","18.4","23.7","13.9","19.7","18.0","22.8","14.5","0.0","0.0","1.6","9.9","8.7","7.1","18.69","17.77","0.0","50.8","68.9","61.2","0.1","3.4","3.8","0.0","0.0","0.0","12.1","9.2","2.9"
"20231014","何魂","秦款措备","19.7","24.4","17.0","19.0","18.3","23.0","14.8","0.0","0.0","2.2","6.6","7.8","7.0","16.25","17.27","0.0","54.6","66.9","62.0","4.3","4.9","4.0","0.0","0.0","0.0","9.5","8.6","2.9"
"20231013","何魂","秦款措备","20.2","24.1","17.1","19.0","18.6","23.3","15.2","0.0","0.0","2.5","6.5","7.4","7.0","16.04","17.12","0.0","51.6","62.0","62.8","7.6","4.4","4.0","0.0","0.0","0.0","7.7","12.3","3.0"
"20231012","何魂","秦款措备","19.3","23.9","16.4","17.1","19.0","23.6","15.6","0.0","0.0","2.4","7.6","7.4","6.8","14.78","17.0","0.0","45.5","63.0","63.8","1.8","2.9","4.1","0.0","0.0","0.0","8.8","10.1","3.0"
"20231011","何魂","秦款措备","19.8","24.5","16.8","14.7","19.1","23.7","15.7","0.0","0.0","2.4","9.4","10.3","6.9","17.94","19.98","0.0","44.5","61.3","64.1","0.5","0.3","4.2","0.0","0.0","0.0","9.3","16.2","3.1"
"20231010","何魂","秦款措备","19.5","24.7","15.8","14.8","19.2","23.8","15.9","0.0","0.0","3.2","7.9","7.8","6.7","18.32","17.58","0.0","56.4","55.9","64.8","5.8","3.1","4.2","0.0","0.0","0.0","9.4","20.7","3.1"
"20231009","何魂","秦款措备","19.6","24.1","17.4","17.3","19.3","23.8","16.1","0.0","1.4","3.2","2.0","0.0","6.6","9.67","4.69","0.0","67.9","75.5","65.0","9.0","9.8","4.4","0.0","0.0","0.0","10.7","10.4","3.1"
"20231008","何魂","秦款措备","18.7","20.7","17.4","17.2","19.3","23.9","16.1","0.3","0.0","3.2","0.0","8.2","6.5","4.51","17.43","0.0","62.1","61.9","65.2","8.5","4.9","4.6","0.0","0.0","0.0","10.3","11.4","3.1"
"20231007","何魂","秦款措备","19.3","23.8","16.9","17.2","19.3","23.8","16.1","2.5","0.0","4.0","1.0","5.0","6.3","10.42","13.53","0.0","55.8","71.0","64.9","9.4","7.0","4.9","0.0","0.0","0.0","9.5","10.9","3.1"
"20231006","何魂","秦款措备","18.2","23.7","13.8","18.1","19.5","23.9","16.3","0.0","0.7","3.7","5.9","0.0","6.2","16.67","6.36","0.0","41.6","77.5","64.8","7.3","9.6","5.1","0.0","0.0","0.0","9.0","8.0","3.1"
"20231005","何魂","秦款措备","18.4","22.7","15.4","18.3","19.7","24.2","16.5","0.0","0.0","2.6","7.7","3.1","6.5","19.59","13.69","0.0","31.0","75.9","64.9","4.0","8.3","5.1","0.0","0.0","0.0","11.0","9.3","3.1"
"20231004","何魂","秦款措备","21.2","26.5","16.9","21.8","19.9","24.4","16.7","0.0","4.7","3.6","9.4","0.0","6.7","20.29","3.82","0.0","54.1","88.9","65.3","6.1","9.4","4.9","0.0","0.0","0.0","7.6","19.5","3.0"
"20231003","何魂","秦款措备","19.7","22.5","17.9","24.2","20.2","24.6","17.0","0.9","2.9","3.6","0.0","0.1","6.7","4.83","4.5","0.0","61.9","89.1","66.4","9.0","8.1","5.0","0.0","0.0","0.0","8.1","17.6","3.0"
"20231002","何魂","秦款措备","20.4","26.1","17.0","23.9","20.4","24.8","17.3","0.0","0.0","4.2","10.1","8.3","6.5","20.65","17.81","0.0","42.1","77.0","67.4","5.1","5.5","5.1","0.0","0.0","0.0","8.2","5.5","3.0"
"20231001","何魂","秦款措备","21.0","26.0","18.2","23.4","20.5","24.7","17.5","0.0","0.0","5.2","9.2","10.7","6.1","20.97","21.17","0.0","51.0","64.5","68.9","2.4","2.6","5.4","0.0","0.0","0.0","8.5","6.8","3.1"
"20230930","何魂","秦款措备","20.3","22.9","16.6","22.1","20.5","24.6","17.6","1.2","0.0","6.0","1.8","10.7","5.5","6.96","20.89","0.0","69.3","75.8","69.8","7.9","0.0","5.7","0.0","0.0","0.0","13.8","6.5","3.1"
"20230929","何魂","秦款措备","24.3","28.6","20.5","22.6","20.6","24.7","17.8","0.0","0.0","5.3","9.7","10.7","5.4","20.91","21.05","0.0","55.8","70.6","69.9","3.1","0.4","5.7","0.0","0.0","0.0","6.9","7.3","3.2"
"20230928","何魂","秦款措备","25.1","29.3","22.1","21.8","20.8","24.9","17.9","0.0","0.0","4.6","9.7","3.2","5.6","20.54","12.95","0.0","61.1","77.3","68.9","1.1","8.0","5.6","0.0","0.0","0.0","9.9","6.9","3.2"
"20230927","何魂","秦款措备","25.1","28.8","22.2","21.6","21.0","25.1","18.0","0.0","0.0","3.2","5.0","3.1","5.9","15.35","11.08","0.0","70.6","76.3","68.9","6.1","6.0","5.4","0.0","0.0","0.0","8.1","7.2","3.1"
"20230926","何魂","秦款措备","23.6","26.9","22.7","20.5","21.2","25.4","18.1","0.6","0.0","3.8","0.1","0.2","6.2","5.49","7.51","0.0","77.6","74.8","68.3","8.8","9.5","5.1","0.0","0.0","0.0","6.5","5.1","3.2"
"20230925","何魂","秦款措备","23.7","29.1","20.7","20.3","21.2","25.5","18.2","0.0","0.0","3.5","3.2","0.1","6.3","14.56","7.05","0.0","64.8","64.6","68.8","8.1","9.0","5.0","0.0","0.0","0.0","10.4","7.2","3.2"
"20230924","何魂","秦款措备","22.8","26.8","20.2","20.0","21.2","25.4","18.3","0.0","0.0","3.4","8.5","9.4","6.2","19.37","22.44","0.0","58.0","51.6","69.4","5.3","5.0","5.1","0.0","0.0","0.0","12.0","11.8","3.3"
"20230923","何魂","秦款措备","21.7","26.3","18.4","22.4","21.3","25.4","18.4","0.0","0.0","3.9","6.3","7.6","5.9","17.14","20.1","0.0","57.3","67.3","70.3","7.5","4.3","5.3","0.0","0.0","0.0","11.5","13.9","3.4"
"20230922","何魂","秦款措备","22.1","26.5","19.4","20.3","21.4","25.5","18.6","0.0","0.0","4.1","6.8","2.3","5.9","18.51","12.78","0.0","63.3","72.8","70.0","6.3","7.0","5.4","0.0","0.0","0.0","7.0","8.2","3.5"
"20230921","何魂","秦款措备","21.5","26.6","19.3","18.9","21.7","25.7","18.9","9.8","0.0","2.5","0.0","10.2","6.1","5.6","22.69","0.0","77.4","63.3","69.4","9.8","4.0","5.3","0.0","0.0","0.0","23.2","11.2","3.5"
"20230920","何魂","秦款措备","24.7","26.6","22.7","19.3","21.9","25.9","19.1","8.5","0.0","2.0","0.0","8.3","6.1","5.82","19.48","0.0","77.1","63.1","69.6","9.4","6.0","5.3","0.0","0.0","0.0","18.9","13.6","3.6"
"20230919","何魂","秦款措备","25.6","29.5","23.2","24.1","22.2","26.1","19.4","0.0","14.2","3.7","8.9","4.4","6.1","17.95","14.96","0.0","73.9","75.8","70.5","4.3","6.5","5.3","0.0","0.0","0.0","8.7","23.2","3.6"
"20230918","何魂","秦款措备","25.3","28.8","22.6","26.4","22.4","26.3","19.6","1.6","19.0","5.1","7.0","3.6","6.1","17.58","14.4","0.0","79.9","78.6","71.1","3.9","9.0","5.2","0.0","0.0","0.0","8.2","18.4","3.6"
"20230917","何魂","秦款措备","24.1","26.1","22.1","25.8","22.5","26.4","19.8","59.9","0.3","5.8","0.0","3.4","6.2","4.23","11.89","0.0","86.1","80.8","72.2","8.4","6.5","5.2","0.0","0.0","0.0","11.6","7.1","3.6"
"20230916","何魂","秦款措备","23.9","25.8","22.9","25.1","22.6","26.3","19.9","85.5","0.0","6.7","0.0","2.9","5.8","3.5","13.54","0.0","89.1","85.0","73.7","8.4","5.6","5.5","0.0","0.0","0.0","12.7","8.0","3.5"
"20230915","何魂","秦款措备","24.7","26.8","22.8","24.3","22.7","26.4","20.0","2.2","0.0","7.3","0.7","6.9","5.9","7.96","17.64","0.0","80.4","75.5","73.8","8.5","6.0","5.5","0.0","0.0","0.0","7.3","14.6","3.5"
"20230914","何魂","秦款措备","23.6","26.3","22.4","24.3","22.9","26.5","20.2","7.7","0.0","5.5","0.0","3.2","5.7","5.22","12.99","0.0","82.3","74.4","73.6","10.0","6.9","5.8","0.0","0.0","0.0","7.3","14.3","3.4"
"20230913","何魂","秦款措备","26.1","30.1","23.9","24.7","23.0","26.6","20.3","9.5","0.0","6.2","0.6","3.6","5.5","12.3","15.21","0.0","78.3","75.9","73.8","9.0","8.3","6.0","0.0","0.0","0.0","6.7","13.6","3.3"
"20230912","何魂","秦款措备","26.4","30.3","23.9","24.5","23.1","26.8","20.5","0.0","0.0","6.7","3.6","1.3","5.5","14.83","13.37","0.0","74.1","79.0","74.1","7.4","9.1","6.1","0.0","0.0","0.0","5.4","7.8","3.2"
"20230911","何魂","秦款措备","25.9","30.1","22.9","23.8","23.2","27.0","20.6","0.0","0.0","6.5","7.1","2.7","5.6","18.35","15.4","0.0","71.6","76.1","74.4","3.4","7.9","6.1","0.0","0.0","0.0","6.6","9.6","3.1"
"20230910","何魂","秦款措备","25.0","29.8","21.4","22.8","23.4","27.1","20.7","0.0","0.0","6.2","7.7","0.9","5.6","20.2","11.64","0.0","65.1","72.9","74.7","5.3","8.4","6.0","0.0","0.0","0.0","6.6","11.3","3.1"
"20230909","何魂","秦款措备","24.2","28.3","20.4","23.1","23.5","27.2","20.8","0.0","0.0","7.8","11.2","7.8","5.9","25.0","22.04","0.0","62.5","71.8","74.9","0.8","6.4","5.7","0.0","0.0","0.0","7.1","11.2","3.2"
"20230908","何魂","秦款措备","24.8","29.3","22.0","22.7","23.5","27.1","20.9","0.0","0.0","7.2","8.6","8.6","5.7","20.27","19.94","0.0","59.0","65.8","75.8","2.9","5.4","5.8","0.0","0.0","0.0","9.4","9.2","3.2"
"20230907","何魂","秦款措备","25.3","29.6","21.7","23.3","23.7","27.2","21.1","0.0","0.0","6.3","8.9","10.9","5.4","21.03","24.27","0.0","59.8","60.3","76.2","3.1","1.6","6.1","0.0","0.0","0.0","11.9","8.0","3.3"
"20230906","何魂","秦款措备","26.4","30.6","24.0","24.5","23.9","27.4","21.2","0.0","69.2","5.5","7.4","6.2","5.7","17.62","17.81","0.0","62.4","75.1","75.9","3.8","5.6","6.0","0.0","0.0","0.0","11.8","28.5","3.4"
"20230905","何魂","秦款措备","26.8","31.7","23.6","26.2","24.0","27.6","21.4","0.0","17.8","6.9","10.3","0.0","5.5","23.83","4.46","0.0","58.9","92.6","76.3","2.9","9.8","6.2","0.0","0.0","0.0","11.0","15.0","3.4"
"20230904","何魂","秦款措备","27.1","30.9","24.1","25.8","24.2","27.7","21.6","0.0","2.8","6.2","8.0","2.9","5.4","18.87","14.33","0.0","70.3","91.9","76.8","3.1","8.6","6.3","0.0","0.0","0.0","10.7","6.9","3.5"
"20230903","何魂","秦款措备","26.3","30.7","22.8","22.7","24.5","28.2","21.9","0.0","7.4","5.1","9.2","0.0","6.0","22.81","5.69","0.0","76.3","97.1","75.9","3.1","10.0","6.0","0.0","0.0","0.0","6.6","10.2","3.5"
"20230902","何魂","秦款措备","24.2","27.1","23.1","20.9","24.6","28.3","22.0","18.8","29.9","7.0","0.6","0.0","6.1","8.26","2.72","0.0","85.8","96.9","75.4","9.6","10.0","5.9","0.0","0.0","0.0","9.0","10.7","3.6"
"20230901","何魂","秦款措备","24.0","25.4","22.8","21.9","24.6","28.2","22.1","117.4","1.8","8.4","0.0","0.0","5.7","3.0","4.71","0.0","89.9","86.5","76.2","9.8","9.1","6.3","0.0","0.0","0.0","11.4","7.8","3.6"
"20230831","何魂","秦款措备","26.6","30.5","24.5","22.6","24.8","28.4","22.3","16.3","36.2","7.1","4.0","0.0","6.0","15.32","2.32","0.0","81.1","93.4","76.2","7.9","9.9","6.2","0.0","0.0","0.0","7.9","8.2","3.6"
"20230830","何魂","秦款措备","27.2","28.3","24.8","24.0","25.0","28.6","22.4","6.6","2.4","6.4","0.2","0.7","6.2","6.96","5.44","0.0","81.0","86.8","76.2","9.1","8.5","6.1","0.0","0.0","0.0","16.1","6.2","3.6"
"20230829","何魂","秦款措备","27.0","29.1","25.2","24.3","25.0","28.6","22.5","16.1","0.0","6.8","0.6","2.9","6.1","8.02","13.71","0.0","79.8","73.0","76.7","9.1","7.0","6.2","0.0","0.0","0.0","16.6","8.4","3.6"
"20230828","何魂","秦款措备","27.4","31.3","25.0","23.0","25.1","28.6","22.6","0.0","0.0","6.8","4.3","7.9","6.0","16.29","20.71","0.0","73.3","63.4","77.4","7.5","5.6","6.2","0.0","0.0","0.0","9.0","9.1","3.5"
"20230827","何魂","秦款措备","27.5","32.0","24.7","24.6","25.2","28.8","22.7","0.0","0.0","7.6","10.6","6.5","6.1","24.97","19.79","0.0","67.8","63.8","77.6","4.8","4.5","6.1","0.0","0.0","0.0","9.1","8.9","3.4"
"20230826","何魂","秦款措备","27.8","31.1","25.0","25.0","25.3","28.8","22.9","0.0","0.0","7.9","11.3","9.9","6.0","25.51","24.35","0.0","64.8","67.4","77.8","1.5","3.8","6.1","0.0","0.0","0.0","7.3","10.1","3.5"
"20230825","何魂","秦款措备","27.1","30.2","24.3","24.5","25.4","28.8","22.9","0.0","0.0","11.2","9.4","9.2","5.8","23.43","24.19","0.0","71.0","75.6","77.8","4.6","6.0","6.3","0.0","0.0","0.0","10.3","8.8","3.5"
"20230824","何魂","秦款措备","26.0","28.6","24.9","22.2","25.5","28.9","23.1","58.3","25.5","12.3","0.0","0.0","5.9","7.6","5.44","0.0","84.5","88.5","78.1","9.9","8.9","6.3","0.0","0.0","0.0","16.7","11.2","3.5"
"20230823","何魂","秦款措备","28.7","31.3","26.4","26.8","25.7","29.1","23.3","0.8","0.3","11.6","8.8","4.4","6.0","23.54","16.51","0.0","76.8","71.9","78.4","4.4","9.1","6.2","0.0","0.0","0.0","10.4","8.5","3.6"
"20230822","何魂","秦款措备","28.9","31.8","26.9","25.7","25.8","29.2","23.4","0.0","0.0","10.7","7.3","10.6","6.1","22.38","24.86","0.0","74.0","59.6","78.2","3.4","4.5","6.0","0.0","0.0","0.0","10.9","6.8","3.6"
"20230821","何魂","秦款措备","28.7","32.2","26.2","26.0","25.9","29.3","23.5","0.0","0.0","10.9","10.9","10.2","6.2","24.84","25.63","0.0","74.1","70.5","78.3","2.5","4.1","6.0","0.0","0.0","0.0","6.2","10.1","3.5"
"20230820","何魂","秦款措备","28.2","31.0","25.8","25.6","26.0","29.4","23.6","0.2","29.2","8.4","10.6","0.3","6.3","25.91","5.82","0.0","77.0","94.3","78.6","3.6","7.6","6.0","0.0","0.0","0.0","9.3","14.9","3.5"
"20230819","何魂","秦款措备","26.3","27.3","25.6","26.6","26.0","29.5","23.7","29.8","0.0","6.4","0.0","6.4","6.5","4.37","21.32","0.0","88.1","82.4","78.4","9.9","7.4","5.9","0.0","0.0","0.0","11.6","13.8","3.5"
"20230818","何魂","秦款措备","27.0","30.6","24.2","24.8","26.1","29.5","23.7","7.8","0.0","5.9","5.0","10.2","6.5","15.03","26.04","0.0","76.9","85.3","78.6","7.8","3.6","5.9","0.0","0.0","0.0","7.2","6.7","3.4"
"20230817","何魂","秦款措备","25.6","29.0","24.3","22.9","26.2","29.6","23.8","0.0","23.4","6.8","1.3","0.0","6.3","9.18","4.81","0.0","76.4","94.6","79.1","9.1","8.9","6.0","0.0","0.0","0.0","6.9","5.5","3.5"
"20230816","何魂","秦款措备","25.7","27.7","25.1","26.1","26.2","29.5","23.9","0.0","52.6","7.9","0.0","0.0","6.1","6.56","5.03","0.0","76.9","90.4","79.6","9.4","9.9","6.2","0.0","0.0","0.0","5.6","16.6","3.5"
"20230815","何魂","秦款措备","27.5","32.1","24.6","29.0","26.3","29.6","23.9","0.0","0.0","7.8","8.8","8.8","6.0","23.96","22.34","0.0","67.6","78.5","79.2","4.4","7.4","6.1","0.0","0.0","0.0","9.7","16.8","3.5"
"20230814","何魂","秦款措备","27.5","31.1","25.2","28.3","26.4","29.6","24.0","0.0","0.0","9.7","5.6","7.9","6.0","18.09","22.77","0.0","67.9","80.4","79.5","5.3","6.6","6.1","0.0","0.0","0.0","8.1","12.6","3.5"
"20230813","何魂","秦款措备","26.9","31.0","23.5","27.2","26.5","29.7","24.2","0.0","0.4","9.9","9.8","4.2","6.1","25.1","19.24","0.0","69.1","87.5","79.3","4.4","7.9","6.1","0.0","0.0","0.0","7.4","8.9","3.5"
"20230812","何魂","秦款措备","27.2","30.0","25.2","28.1","26.6","29.8","24.2","0.0","0.0","9.3","7.9","8.4","6.1","24.32","22.41","0.0","72.9","85.3","79.2","5.9","6.1","6.2","0.0","0.0","0.0","8.6","8.7","3.5"
"20230811","何魂","秦款措备","27.1","30.0","24.2","27.4","26.6","29.9","24.3","0.0","1.4","9.8","10.3","0.0","6.1","26.45","6.92","0.0","74.3","84.8","79.0","2.1","9.5","6.2","0.0","0.0","0.0","11.2","12.9","3.6"
"20230810","何魂","秦款措备","25.2","26.5","24.4","28.1","26.7","30.0","24.3","108.9","0.0","10.4","0.5","0.1","6.2","7.16","9.31","0.0","79.6","81.1","79.2","8.0","9.0","6.2","0.0","0.0","0.0","25.7","14.3","3.6"
"20230809","何魂","秦款措备","25.7","27.1","24.9","28.6","26.7","30.0","24.4","55.1","0.0","10.4","0.0","4.2","6.2","2.97","17.82","0.0","83.5","78.4","79.3","9.6","8.4","6.2","0.0","0.0","0.0","16.7","12.1","3.6"
"20230808","何魂","秦款措备","29.2","33.5","26.6","28.9","26.8","30.1","24.3","0.0","0.0","10.0","5.1","4.5","6.4","18.77","18.8","0.0","67.3","80.0","79.2","4.0","6.3","6.0","0.0","0.0","0.0","12.0","13.8","3.7"
"20230807","何魂","秦款措备","30.6","35.2","27.7","29.0","26.8","30.3","24.3","0.0","0.0","9.3","10.0","9.9","7.0","24.51","25.03","0.0","64.9","84.4","78.7","4.3","3.6","5.6","0.0","0.0","0.0","10.1","13.8","3.6"
"20230806","何魂","秦款措备","30.9","34.7","28.1","29.2","26.9","30.3","24.3","0.0","0.0","8.4","11.6","9.8","7.5","27.74","24.26","0.0","62.8","82.8","78.5","3.9","1.9","5.2","0.0","0.0","0.0","12.0","8.5","3.6"
"20230805","何魂","秦款措备","30.0","33.4","27.3","29.0","26.8","30.2","24.3","0.0","0.0","7.0","12.1","11.0","7.6","27.45","25.44","0.0","68.9","81.6","78.7","0.8","3.1","5.2","0.0","0.0","0.0","8.2","11.2","3.7"
"20230804","何魂","秦款措备","30.2","33.7","26.8","28.7","26.8","30.3","24.3","0.0","0.0","6.4","11.8","9.6","7.7","25.76","23.43","0.0","64.3","83.1","78.8","2.8","4.6","5.2","0.0","0.0","0.0","8.2","9.8","3.7"
"20230803","何魂","秦款措备","29.9","33.2","26.9","27.7","26.8","30.2","24.4","0.0","1.3","6.6","12.2","3.6","7.7","27.74","16.49","0.0","66.3","88.1","79.4","3.1","7.6","5.2","0.0","0.0","0.0","7.9","11.2","3.7"
"20230802","何魂","秦款措备","29.6","33.1","26.9","27.1","26.8","30.1","24.4","0.0","3.7","6.2","11.6","1.1","7.6","25.5","13.07","0.0","72.1","93.4","79.7","6.1","8.6","5.3","0.0","0.0","0.0","7.1","16.3","3.7"
"20230801","何魂","秦款措备","29.6","33.2","26.8","27.5","26.7","30.0","24.3","0.0","0.3","5.8","11.5","1.3","7.5","27.09","11.09","0.0","62.6","87.4","80.1","3.1","8.9","5.4","0.0","0.0","0.0","7.7","13.6","3.7"
"20230731","何魂","秦款措备","29.2","32.5","26.1","27.1","26.6","30.0","24.2","0.0","1.0","8.3","11.7","0.0","7.6","26.75","7.05","0.0","63.3","89.5","80.5","3.4","9.3","5.4","0.0","0.0","0.0","7.4","12.3","3.7"
"20230730","何魂","秦款措备","29.2","32.1","26.7","28.1","26.5","29.9","24.1","0.0","0.0","7.4","12.3","0.3","7.4","28.39","12.23","0.0","70.5","77.8","80.7","0.6","8.3","5.5","0.0","0.0","0.0","8.4","9.4","3.7"
"20230729","何魂","秦款措备","29.2","32.5","25.7","28.5","26.3","29.7","24.0","0.0","0.0","8.4","12.3","11.7","7.1","28.14","27.99","0.0","68.5","77.9","80.6","0.8","1.4","5.7","0.0","0.0","0.0","6.4","9.8","3.7"
"20230728","何魂","秦款措备","29.4","33.1","26.7","26.6","26.1","29.4","23.8","0.0","0.0","9.7","10.8","4.7","6.9","25.21","14.45","0.0","66.6","87.3","80.8","5.0","5.9","5.8","0.0","0.0","0.0","6.7","6.9","3.7"
"20230727","何魂","秦款措备","28.6","31.7","25.4","26.2","26.0","29.3","23.7","0.0","0.0","8.6","11.7","7.5","6.7","27.56","23.29","0.0","70.6","77.3","80.9","1.3","5.9","6.0","0.0","0.0","0.0","7.2","8.8","3.7"
"20230726","何魂","秦款措备","28.1","31.2","24.8","25.7","25.9","29.1","23.5","0.0","0.0","6.4","11.1","8.4","6.7","27.95","25.19","0.0","75.6","83.4","80.9","4.8","5.1","6.0","0.0","0.0","0.0","8.3","7.9","3.8"
"20230725","何魂","秦款措备","26.4","29.8","24.3","25.2","25.8","29.1","23.3","7.9","0.0","7.8","7.1","6.5","6.9","21.15","22.11","0.0","82.0","89.9","80.9","5.8","3.9","5.9","0.0","0.0","0.0","11.3","7.2","3.9"
"20230724","何魂","秦款措备","25.5","28.5","24.5","25.1","25.7","29.0","23.2","11.3","23.4","6.8","1.3","8.1","7.1","12.65","21.5","0.0","88.8","89.8","81.4","9.3","5.5","6.0","0.0","0.0","0.0","14.3","14.2","3.9"
"20230723","何魂","秦款措备","26.5","28.9","25.4","24.6","25.6","28.9","23.2","0.0","0.2","6.5","1.8","3.7","7.0","15.46","19.2","0.0","85.5","84.8","82.1","9.6","8.6","5.9","0.0","0.0","0.0","14.9","5.5","3.9"
"20230722","何魂","秦款措备","25.0","27.9","22.9","25.1","25.5","28.8","23.1","1.4","0.0","8.0","0.8","8.6","7.0","12.18","21.73","0.0","78.8","76.6","82.3","8.1","2.6","5.9","0.0","0.0","0.0","6.4","8.9","3.8"
"20230721","何魂","秦款措备","25.2","29.1","22.7","26.3","25.4","28.7","22.9","0.0","12.9","8.4","9.9","8.1","6.8","26.18","24.39","0.0","73.8","79.0","82.1","3.1","4.8","6.0","0.0","0.0","0.0","6.8","16.7","3.7"
"20230720","何魂","秦款措备","24.2","27.3","21.5","26.0","25.2","28.4","22.7","0.0","0.0","7.6","5.9","11.8","6.6","21.4","25.58","0.0","82.3","79.5","81.9","5.8","5.1","6.0","0.0","0.0","0.0","6.3","7.5","3.6"
"20230719","何魂","秦款措备","23.5","25.7","21.4","24.7","24.9","28.1","22.4","0.5","0.0","7.1","2.4","4.5","6.3","10.87","15.16","0.0","82.8","91.3","81.7","7.3","7.0","6.1","0.0","0.0","0.0","5.8","6.8","3.6"
"20230718","何魂","秦款措备","24.4","26.3","23.2","22.8","24.7","27.8","22.2","130.3","63.1","8.7","0.0","0.0","6.1","4.14","2.15","0.0","90.1","95.8","82.0","10.0","10.0","6.3","0.0","0.0","0.0","18.7","10.1","3.6"
"20230717","何魂","秦款措备","26.0","29.0","23.6","26.3","24.4","27.5","22.0","11.0","0.0","11.4","3.1","5.8","5.7","19.01","21.79","0.0","86.4","75.6","82.7","9.4","8.3","6.7","0.0","0.0","0.0","12.7","10.1","3.7"
"20230716","何魂","秦款措备","23.7","26.0","22.2","26.0","24.2","27.3","21.9","259.2","0.0","12.0","0.0","12.4","5.5","5.05","28.65","0.0","91.6","81.4","83.2","10.0","2.5","6.8","0.0","0.0","0.0","11.0","8.9","3.7"
"20230715","何魂","秦款措备","25.8","27.0","24.2","25.7","24.0","27.0","21.8","4.0","0.0","13.8","0.3","11.2","4.9","10.61","26.83","0.0","84.9","86.8","84.6","9.1","3.8","7.2","0.0","0.0","0.0","19.5","9.6","3.8"
"20230714","何魂","秦款措备","25.0","25.8","24.2","26.8","23.9","26.8","21.8","26.8","0.0","14.3","0.0","5.8","4.5","2.81","18.94","0.0","87.9","85.3","85.5","10.0","6.3","7.4","0.0","0.0","0.0","25.7","10.5","3.8"
"20230713","何魂","秦款措备","25.2","26.7","23.7","24.5","23.8","26.6","21.7","7.9","0.0","16.2","0.0","0.0","4.1","6.89","10.35","0.0","87.6","84.6","85.5","9.5","9.1","7.6","0.0","0.0","0.0","16.7","6.7","3.8"
"20230712","何魂","秦款措备","24.5","27.6","22.5","25.1","23.7","26.6","21.6","76.4","0.0","15.2","1.8","5.4","4.0","12.34","22.43","0.0","85.5","80.0","85.5","8.9","7.6","7.6","0.0","0.0","0.0","16.4","8.4","3.8"
"20230711","何魂","秦款措备","24.7","28.8","22.4","24.8","23.6","26.4","21.5","49.3","42.6","14.8","1.4","0.1","3.9","6.88","5.91","0.0","87.3","92.3","85.7","9.0","8.4","7.7","0.0","0.0","0.0","17.0","5.6","3.8"
"20230710","何魂","秦款措备","25.6","28.2","22.8","26.4","23.4","26.3","21.3","0.3","0.0","12.6","3.9","3.3","3.9","18.82","20.67","0.0","83.0","85.6","85.1","7.3","7.1","7.8","0.0","0.0","0.0","11.6","7.3","3.7"
"20230709","何魂","秦款措备","24.2","27.2","21.5","27.6","23.2","26.2","21.1","3.4","0.0","15.5","0.6","8.9","4.2","13.42","25.5","0.0","87.0","79.1","84.9","9.4","5.3","7.6","0.0","0.0","0.0","9.7","7.9","3.6"
"20230708","何魂","秦款措备","22.2","23.8","20.5","26.7","23.1","26.1","20.9","28.1","0.7","11.4","0.0","1.4","4.6","2.74","10.75","0.0","91.5","90.9","84.7","10.0","7.9","7.5","0.0","0.0","0.0","4.6","11.5","3.6"
"20230707","何魂","秦款措备","22.4","25.7","20.4","27.5","22.9","26.0","20.7","51.0","0.0","9.6","0.0","5.3","4.7","4.55","21.75","0.0","84.9","91.5","84.6","9.6","6.0","7.4","0.0","0.0","0.0","10.9","13.1","3.5"
"20230706","何魂","秦款措备","24.4","28.0","21.6","27.0","22.8","25.9","20.5","0.0","0.0","11.1","6.8","4.6","4.6","23.52","22.28","0.0","75.0","89.8","84.8","6.3","8.3","7.4","0.0","0.0","0.0","10.2","6.5","3.4"
"20230705","何魂","秦款措备","25.8","30.9","21.9","26.4","22.8","25.9","20.5","29.5","1.1","12.0","7.7","2.2","4.7","23.71","12.83","0.0","77.1","85.9","85.2","4.4","7.6","7.4","0.0","0.0","0.0","15.5","7.7","3.5"
"20230704","何魂","秦款措备","24.3","28.6","22.6","27.4","22.8","25.9","20.5","3.4","0.0","10.7","2.2","9.8","4.5","13.14","26.58","0.0","83.6","80.4","85.7","9.3","5.3","7.6","0.0","0.0","0.0","6.7","5.9","3.5"
"20230703","何魂","秦款措备","24.8","28.9","23.0","27.5","22.7","25.8","20.6","0.0","0.0","12.5","3.0","9.6","4.3","17.27","26.8","0.0","80.4","78.9","86.2","7.3","6.6","7.8","0.0","0.0","0.0","6.7","8.5","3.5"
"20230702","何魂","秦款措备","24.7","28.5","21.7","27.4","22.6","25.7","20.5","0.0","0.0","12.4","8.5","12.4","3.9","24.69","27.95","0.0","79.3","69.6","86.5","7.0","3.3","8.0","0.0","0.0","0.0","10.6","5.1","3.6"
"20230701","何魂","秦款措备","23.3","27.1","21.1","25.9","22.5","25.6","20.4","0.0","0.0","11.6","5.1","11.7","3.9","19.54","30.08","0.0","79.3","85.0","86.4","5.9","1.4","7.9","0.0","0.0","0.0","6.5","7.6","3.6"
"20230630","何魂","秦款措备","22.9","25.2","21.3","25.5","22.4","25.5","20.2","14.3","0.0","11.6","0.0","9.2","4.0","5.28","29.18","0.0","87.0","91.6","85.7","10.0","4.6","7.8","0.0","0.0","0.0","15.2","18.5","3.5"
"20230629","何魂","秦款措备","24.1","26.9","23.0","24.1","22.2","25.3","20.0","3.9","18.6","10.2","0.7","0.0","4.0","7.83","8.3","0.0","87.4","98.9","85.0","9.8","9.9","7.7","0.0","0.0","0.0","16.9","21.8","3.5"
"20230628","何魂","秦款措备","22.8","25.3","20.0","23.7","22.1","25.1","19.9","23.8","15.7","10.7","2.7","0.0","4.2","17.27","5.06","0.0","82.5","99.5","84.3","8.6","9.4","7.6","0.0","0.0","0.0","10.3","21.2","3.5"
"20230627","何魂","秦款措备","23.4","26.6","20.6","23.6","21.9","25.0","19.7","14.1","12.3","12.1","0.9","0.0","4.4","9.28","3.19","0.0","86.5","100.0","83.1","9.6","9.6","7.5","0.0","0.0","0.0","19.1","15.9","3.5"
"20230626","何魂","秦款措备","23.3","24.0","21.5","24.0","21.8","24.9","19.5","14.0","0.0","12.2","0.0","0.2","4.6","4.57","8.83","0.0","89.8","96.9","82.1","10.0","8.9","7.4","0.0","0.0","0.0","18.5","14.1","3.4"
"20230625","何魂","秦款措备","22.2","26.4","20.3","23.2","21.6","24.7","19.3","34.8","0.9","11.2","1.9","2.1","4.6","15.54","16.54","0.0","78.8","93.0","81.3","9.3","8.0","7.3","0.0","0.0","0.0","6.3","17.9","3.4"
"20230624","何魂","秦款措备","22.4","26.5","20.2","22.9","21.5","24.7","19.1","0.0","38.7","11.4","7.4","2.5","4.8","24.8","8.33","0.0","70.5","96.5","80.6","7.6","8.0","7.3","0.0","0.0","0.0","8.5","21.0","3.4"
"20230623","何魂","秦款措备","23.1","26.7","20.8","23.2","21.5","24.8","19.1","0.0","0.4","8.9","10.1","0.0","5.1","26.04","4.17","0.0","69.4","97.4","79.8","3.8","10.0","7.1","0.0","0.0","0.0","8.6","17.3","3.3"
"20230622","何魂","秦款措备","23.1","26.2","20.8","24.7","21.5","24.9","19.1","0.0","0.0","6.2","6.9","12.5","5.5","23.42","28.76","0.0","73.9","84.4","79.6","5.5","2.9","7.0","0.0","0.0","0.0","8.2","11.0","3.2"
"20230621","何魂","秦款措备","20.9","23.0","18.6","25.0","21.6","25.0","19.1","23.3","0.0","6.7","0.0","8.8","5.7","6.16","26.2","0.0","88.1","86.9","79.6","9.9","4.0","6.9","0.0","0.0","0.0","9.6","7.8","3.1"
"20230620","何魂","秦款措备","22.5","27.4","20.2","24.2","21.5","24.9","19.0","0.9","0.0","7.9","7.3","11.1","5.6","23.3","25.76","0.0","65.6","86.4","79.9","7.6","6.6","6.9","0.0","0.0","0.0","10.5","8.3","3.2"
"20230619","何魂","秦款措备","24.3","28.9","20.8","23.5","21.5","25.0","18.9","0.0","0.0","7.8","11.2","10.4","5.9","27.28","27.33","0.0","63.9","85.9","79.1","3.8","1.8","6.7","0.0","0.0","0.0","9.6","10.3","3.1"
"20230618","何魂","秦款措备","24.0","28.8","21.6","23.9","21.4","24.9","18.7","0.0","0.0","7.3","11.1","10.7","6.1","28.37","27.3","0.0","66.1","82.3","77.9","5.4","3.5","6.4","0.0","0.0","0.0","8.5","10.6","3.0"
"20230617","何魂","秦款措备","24.0","27.9","20.7","22.8","21.3","24.9","18.5","0.0","0.0","7.1","9.8","10.6","6.4","26.65","26.19","0.0","55.1","82.1","76.8","6.9","3.8","6.2","0.0","0.0","0.0","9.1","10.5","3.1"
"20230616","何魂","秦款措备","23.6","28.2","19.7","22.1","21.2","24.8","18.4","0.0","0.0","4.5","12.6","10.0","6.4","29.43","27.13","0.0","63.1","79.3","75.5","1.3","3.4","6.2","0.0","0.0","0.0","8.7","11.7","3.0"
"20230615","何魂","秦款措备","21.8","26.0","18.2","19.8","21.1","24.9","18.2","0.0","0.4","3.5","10.1","3.9","6.7","26.09","17.18","0.0","70.9","88.1","74.5","3.1","7.5","6.0","0.0","0.0","0.0","7.4","12.5","3.0"
"20230614","何魂","秦款措备","22.5","25.8","20.2","17.3","21.0","24.8","18.2","0.1","9.4","2.8","5.1","0.0","6.6","19.79","4.02","0.0","71.5","94.5","74.2","5.8","9.9","6.0","0.0","0.0","0.0","7.8","11.6","3.0"
"20230613","何魂","秦款措备","23.1","25.6","20.2","19.4","20.9","24.7","18.1","0.0","0.1","3.2","8.9","0.0","6.5","25.44","9.65","0.0","72.6","77.6","74.2","7.1","9.6","6.1","0.0","0.0","0.0","8.4","10.5","3.1"
"20230612","何魂","秦款措备","22.4","26.6","20.4","20.1","20.8","24.6","18.0","0.0","0.0","3.9","6.2","8.3","6.3","22.73","24.78","0.0","79.6","75.1","74.7","7.1","5.6","6.2","0.0","0.0","0.0","7.6","10.2","3.1"
"20230611","何魂","秦款措备","21.6","24.7","20.1","21.1","20.8","24.5","18.0","4.2","0.0","4.6","1.1","4.3","6.5","12.51","16.41","0.0","84.6","73.1","74.5","8.1","6.3","6.2","0.0","0.0","0.0","10.2","8.7","3.2"
"20230610","何魂","秦款措备","22.6","26.5","19.4","20.5","20.7","24.4","17.8","0.0","0.0","4.6","10.5","6.6","6.2","27.21","22.08","0.0","73.1","78.0","74.1","4.9","6.6","6.3","0.0","0.0","0.0","8.8","6.2","3.1"
"20230609","何魂","秦款措备","21.4","25.0","18.5","18.9","20.5","24.2","17.6","0.0","0.0","4.4","11.9","11.7","6.5","29.0","28.84","0.0","74.0","76.8","74.0","1.3","2.6","6.1","0.0","0.0","0.0","9.6","6.9","3.0"
"20230608","何魂","秦款措备","20.8","25.4","18.5","17.5","20.4","24.2","17.4","0.0","0.0","4.2","7.3","3.4","6.7","22.29","17.67","0.0","74.6","78.4","73.8","5.9","7.4","5.9","0.0","0.0","0.0","8.8","7.9","2.9"
"20230607","何魂","秦款措备","21.6","25.3","18.5","17.3","20.2","24.2","17.2","0.0","0.0","3.5","10.1","0.8","7.0","24.29","12.76","0.0","64.8","76.3","72.9","6.4","9.1","5.6","0.0","0.0","0.0","9.3","9.3","2.9"
"20230606","何魂","秦款措备","20.4","23.5","18.5","19.0","20.2","24.3","17.1","0.0","5.7","2.4","9.1","4.1","7.1","26.05","16.48","0.0","66.4","82.0","72.3","3.9","7.4","5.5","0.0","0.0","0.0","11.3","13.2","2.8"
"20230605","何魂","秦款措备","23.4","27.2","21.2","17.8","20.1","24.3","17.0","0.0","49.8","2.4","3.0","0.0","7.6","16.4","2.85","0.0","43.9","93.4","71.9","7.0","9.9","5.2","0.0","0.0","0.0","8.9","11.8","3.0"
"20230604","何魂","秦款措备","23.1","27.8","18.8","20.7","19.9","24.1","16.9","0.0","0.0","3.0","9.9","7.5","7.4","26.95","23.15","0.0","43.0","69.6","71.6","6.0","5.8","5.4","0.0","0.0","0.0","8.2","9.5","3.1"
"20230603","何魂","秦款措备","21.4","24.7","17.9","21.6","19.9","24.0","16.8","0.0","0.0","3.3","12.5","12.4","7.4","29.8","28.96","0.0","59.3","73.4","70.5","0.5","1.0","5.4","0.0","0.0","0.0","8.3","8.4","3.1"
"20230602","何魂","秦款措备","23.0","27.8","19.3","20.7","19.7","23.9","16.5","1.9","0.0","3.3","11.4","12.5","7.6","29.13","30.68","0.0","67.3","76.0","69.6","2.9","0.0","5.2","0.0","0.0","0.0","8.2","10.5","3.1"
"20230601","何魂","秦款措备","18.2","20.7","16.2","22.2","19.5","23.6","16.4","18.6","0.0","4.4","0.0","10.6","7.5","5.15","26.67","0.0","77.5","47.8","69.9","9.4","4.9","5.2","0.0","0.0","0.0","7.7","9.1","3.1"
"20230531","何魂","秦款措备","19.8","24.2","16.8","21.6","19.5","23.6","16.2","0.0","0.0","3.7","9.7","12.5","7.7","28.07","30.5","0.0","53.6","52.6","69.6","3.6","1.6","5.1","0.0","0.0","0.0","8.9","9.6","3.1"
"20230530","何魂","秦款措备","18.6","20.0","17.4","20.7","19.4","23.5","16.0","18.8","1.7","3.8","0.0","4.5","7.9","6.62","19.77","0.0","0.0","67.9","68.4","9.8","7.3","4.9","0.0","0.0","0.0","9.8","6.7","3.1"
"20230529","何魂","秦款措备","20.2","22.0","18.6","22.6","19.2","23.5","15.9","48.8","0.0","4.1","0.0","12.5","8.0","2.2","30.64","0.0","0.0","50.5","68.2","10.0","4.6","4.9","0.0","0.0","0.0","11.1","10.8","3.1"
"20230528","何魂","秦款措备","20.9","21.3","20.3","22.6","19.1","23.3","15.9","2.5","0.0","5.1","0.0","10.4","7.5","3.98","23.66","0.0","84.1","48.4","68.9","10.0","5.1","5.2","0.0","0.0","0.0","18.1","11.3","3.2"
"20230527","何魂","秦款措备","21.6","25.3","18.8","22.4","19.1","23.4","15.8","0.0","0.0","5.7","5.8","12.5","7.6","22.3","30.2","0.0","73.8","47.6","68.8","8.1","0.1","5.1","0.0","0.0","0.0","11.1","15.3","3.3"
"20230526","何魂","秦款措备","19.8","22.6","18.0","20.4","19.0","23.3","15.8","0.0","0.0","6.5","2.7","8.8","7.4","13.21","26.12","0.0","76.6","69.0","68.6","8.6","4.8","5.2","0.0","0.0","0.0","9.9","9.4","3.2"
"20230525","何魂","秦款措备","19.2","23.3","15.9","21.5","19.0","23.3","15.8","0.0","0.0","5.6","8.3","11.8","7.6","27.76","28.15","0.0","66.0","69.4","68.9","5.9","3.3","5.1","0.0","0.0","0.0","6.6","10.5","3.2"
"20230524","何魂","秦款措备","18.5","22.9","-99.0","22.6","19.0","23.3","15.8","0.0","0.0","5.3","6.3","12.3","7.8","15.81","27.89","0.0","65.6","65.6","68.8","5.9","2.1","4.9","0.0","0.0","0.0","7.2","7.4","3.2"
"20230523","何魂","秦款措备","18.3","22.6","14.4","21.0","19.0","23.3","15.7","0.0","0.0","5.0","12.1","10.6","8.1","29.59","26.74","0.0","64.0","67.6","67.9","1.0","3.8","4.8","0.0","0.0","0.0","8.2","5.5","3.3"
"20230522","何魂","秦款措备","18.2","22.8","15.5","21.9","18.9","23.1","15.5","0.7","0.0","3.7","0.9","12.2","8.1","8.51","28.5","0.0","62.9","57.8","67.2","8.4","0.5","4.7","0.0","0.0","0.0","7.2","9.2","3.3"
"20230521","何魂","秦款措备","19.5","23.2","16.4","20.0","18.7","22.9","15.3","0.0","0.0","3.5","12.2","12.4","8.0","27.91","28.37","0.0","78.8","71.5","67.4","2.6","0.1","4.7","0.0","0.0","0.0","8.6","7.5","3.3"
"20230520","何魂","秦款措备","18.4","22.2","14.5","20.2","18.5","22.6","15.1","0.0","0.0","4.6","12.3","4.9","7.9","29.59","20.14","0.0","73.0","59.5","67.6","2.5","7.4","4.8","0.0","0.0","0.0","7.3","9.8","3.4"
"20230519","何魂","秦款措备","17.9","21.8","15.8","20.5","18.3","22.5","14.9","4.6","0.0","4.5","3.4","5.2","7.6","13.99","20.58","0.0","82.5","42.9","67.8","8.3","7.8","5.1","0.0","0.0","0.0","11.4","10.2","3.4"
"20230518","何魂","秦款措备","18.3","20.2","15.9","20.2","18.1","22.1","14.8","38.3","0.0","4.6","0.0","12.3","7.3","4.84","28.53","0.0","95.0","53.9","69.0","10.0","0.0","5.3","0.0","0.0","0.0","8.4","10.1","3.4"
"20230517","何魂","秦款措备","20.2","24.0","15.6","19.3","17.9","21.9","14.7","0.0","0.0","4.6","11.7","12.0","7.0","29.1","29.51","0.0","80.1","51.4","69.7","4.8","1.0","5.6","0.0","0.0","0.0","9.8","8.3","3.5"
"20230516","何魂","秦款措备","19.3","21.8","15.8","17.6","17.7","21.7","14.5","0.0","0.0","4.3","11.0","10.8","7.2","27.61","29.64","0.0","78.5","44.4","69.1","1.4","5.4","5.5","0.0","0.0","0.0","10.0","11.5","3.5"
"20230515","何魂","秦款措备","18.6","22.8","14.7","16.6","17.6","21.6","14.4","0.0","0.0","3.6","12.2","9.3","7.2","27.64","24.67","0.0","76.3","49.6","69.1","1.8","8.0","5.4","0.0","0.0","0.0","9.4","11.2","3.5"
"20230514","何魂","秦款措备","17.1","21.5","13.0","18.4","17.4","21.3","14.2","0.0","0.0","5.0","11.7","9.7","7.0","28.39","27.94","0.0","81.1","53.4","70.2","0.5","4.6","5.3","0.0","0.0","0.0","8.0","10.8","3.5"
"20230513","何魂","秦款措备","14.6","16.1","13.2","16.9","17.2","21.2","13.9","16.1","0.4","5.4","0.0","0.0","7.2","3.41","9.85","0.0","91.0","83.6","69.5","8.0","9.6","5.1","0.0","0.0","0.0","7.8","6.1","3.6"
"20230512","何魂","秦款措备","17.4","22.2","13.1","19.3","17.0","21.0","13.6","0.0","0.0","6.0","7.4","0.3","7.2","21.99","13.68","0.0","63.0","80.4","69.0","7.0","9.0","4.9","0.0","0.0","0.0","10.7","8.5","3.6"
"20230511","何魂","秦款措备","17.6","22.6","13.5","18.7","16.8","21.0","13.5","0.0","0.0","6.4","11.0","5.6","7.0","28.08","22.52","0.0","58.1","75.9","68.8","3.6","7.0","5.1","0.0","0.0","0.0","8.8","7.1","3.7"
"20230510","何魂","秦款措备","18.3","23.7","14.9","16.5","16.8","21.0","13.5","0.0","0.0","5.9","11.3","4.9","6.8","26.92","19.88","0.0","56.3","61.5","67.9","4.1","9.0","5.2","0.0","0.0","0.0","5.7","9.9","3.6"
"20230509","何魂","秦款措备","16.6","23.6","10.6","16.1","16.9","21.1","13.5","0.0","0.0","6.9","11.7","8.0","6.8","28.43","23.0","0.0","54.4","53.8","67.6","1.5","5.4","5.2","0.0","0.0","0.0","9.4","10.4","3.7"
"20230508","何魂","秦款措备","14.4","19.2","9.1","15.9","17.0","21.1","13.6","0.0","0.0","6.9","12.1","10.4","6.5","28.06","27.2","0.0","52.5","60.5","67.8","5.5","6.5","5.4","0.0","0.0","0.0","9.9","9.9","3.7"
"20230507","何魂","秦款措备","11.5","13.4","9.9","19.4","17.0","21.2","13.6","9.2","0.0","6.0","0.0","9.9","6.8","3.9","26.7","0.0","82.9","64.9","67.0","7.4","5.3","5.3","0.0","0.0","0.0","14.2","10.7","3.7"
"20230506","何魂","秦款措备","14.4","18.6","12.1","19.4","17.0","21.3","13.6","98.9","0.0","5.6","0.0","12.3","7.2","2.54","28.82","0.0","94.9","66.0","66.9","9.6","0.0","5.1","0.0","0.0","0.0","20.1","8.0","3.7"
"20230505","何魂","秦款措备","17.5","18.6","16.2","17.7","16.9","21.1","13.5","51.3","0.0","6.8","0.0","12.3","7.2","1.57","30.03","0.0","94.5","69.0","67.4","10.0","0.0","5.0","0.0","0.0","0.0","23.0","9.3","3.8"
"20230504","何魂","秦款措备","17.8","21.4","16.1","16.0","16.8","20.9","13.4","1.5","0.0","4.9","0.8","12.1","7.2","12.06","30.01","0.0","83.0","60.8","67.1","9.9","0.0","5.0","0.0","0.0","0.0","11.7","11.7","3.7"
"20230503","何魂","秦款措备","17.4","20.9","14.0","13.9","16.7","20.9","13.3","0.0","0.0","4.1","3.4","12.1","7.4","17.36","29.15","0.0","65.9","63.5","67.3","8.9","0.0","4.9","0.0","0.0","0.0","11.2","11.5","3.8"
"20230502","何魂","秦款措备","16.3","21.4","12.5","13.8","16.5","20.6","13.3","0.0","3.3","4.9","10.7","9.3","6.9","27.22","25.02","0.0","61.5","53.8","68.1","6.0","2.9","5.1","0.0","0.0","0.0","6.1","12.7","3.9"
"20230501","何魂","秦款措备","16.0","22.6","13.3","14.8","16.3","20.3","13.1","0.0","0.0","5.3","12.1","11.7","6.4","28.79","28.71","0.0","55.5","51.6","68.8","0.3","2.3","5.3","0.0","0.0","0.0","11.2","9.6","4.0"
"20230430","何魂","秦款措备","15.1","18.8","10.1","13.4","16.1","20.2","12.7","0.0","0.0","4.4","12.1","3.1","6.6","28.89","17.29","0.0","57.8","70.3","67.8","0.6","8.5","5.0","0.0","0.0","0.0","13.4","9.3","4.0"
"20230429","何魂","秦款措备","15.8","18.5","12.4","11.2","15.8","20.1","12.3","13.1","18.0","4.2","0.0","1.1","6.7","3.51","10.35","0.0","95.3","82.3","66.0","9.1","9.4","4.9","0.0","0.0","0.0","14.8","14.3","4.0"
"20230428","何魂","秦款措备","16.7","20.9","12.4","15.9","15.6","19.9","12.0","0.0","0.0","4.3","10.6","8.6","6.9","28.11","24.46","0.0","78.6","59.5","64.2","4.0","5.0","4.8","0.0","0.0","0.0","12.7","13.1","3.9"
"20230427","何魂","秦款措备","15.2","20.6","10.9","16.5","15.3","19.8","11.6","0.0","0.0","4.1","11.6","7.8","7.5","27.52","21.12","0.0","66.1","67.3","61.5","2.5","5.4","4.5","0.0","0.0","0.0","7.9","12.1","3.8"
"20230426","何魂","秦款措备","13.3","19.5","8.1","17.4","15.1","19.8","11.3","0.0","101.8","3.7","12.0","0.0","7.8","28.25","2.34","0.0","66.3","99.9","59.8","0.1","9.1","4.3","0.0","0.0","0.0","11.5","10.6","3.7"
"20230425","何魂","秦款措备","10.4","12.3","8.9","19.0","15.0","19.6","11.3","15.8","4.4","4.6","0.0","8.6","7.6","4.67","23.08","0.0","89.1","80.3","60.0","9.6","7.0","4.6","0.0","0.0","0.0","6.8","7.4","3.6"
"20230424","何魂","秦款措备","13.2","15.6","12.0","17.7","15.0","19.4","11.4","0.0","0.0","5.3","0.0","11.6","7.5","8.1","26.64","0.0","62.8","77.0","61.4","9.1","1.9","4.7","0.0","0.0","0.0","10.8","9.8","3.7"
"20230423","何魂","秦款措备","13.4","18.1","10.5","17.3","14.9","19.3","11.4","0.0","0.0","6.7","5.0","0.9","7.2","17.82","15.05","0.0","58.1","65.1","62.8","6.9","8.4","4.9","0.0","0.0","0.0","11.0","10.3","3.7"
"20230422","何魂","秦款措备","14.0","18.1","11.5","16.0","14.7","19.0","11.3","0.0","0.0","6.9","10.8","11.4","6.8","25.84","26.58","0.0","52.0","74.6","65.0","2.6","2.4","5.2","0.0","0.0","0.0","13.4","17.7","3.7"
"20230421","何魂","秦款措备","17.3","21.6","12.9","14.5","14.6","18.7","11.3","0.0","4.9","7.7","10.1","0.5","6.7","23.64","4.98","0.0","54.8","73.9","65.7","4.6","6.8","5.2","0.0","0.0","0.0","13.6","8.0","3.7"
"20230420","何魂","秦款措备","20.0","25.1","15.4","18.9","14.6","18.8","11.2","0.0","0.0","6.6","11.2","11.8","6.6","25.5","27.06","0.0","73.1","29.5","65.7","0.5","1.1","5.2","0.0","0.0","0.0","10.7","10.2","3.8"
"20230419","何魂","秦款措备","17.0","19.2","15.1","17.5","14.5","18.7","11.1","0.3","0.0","6.6","0.0","10.9","6.7","5.29","25.67","0.0","90.3","37.8","64.8","9.3","2.1","5.1","0.0","0.0","0.0","8.3","6.9","3.9"
"20230418","何魂","秦款措备","16.8","19.6","13.3","16.8","14.4","18.7","10.9","0.1","0.0","6.0","0.1","8.1","7.0","6.04","21.06","0.0","88.4","35.5","63.5","9.6","6.9","4.7","0.0","0.0","0.0","19.8","8.4","3.8"
"20230417","何魂","秦款措备","14.0","18.3","9.1","14.9","14.3","18.8","10.7","0.0","0.0","5.5","11.0","11.4","7.2","25.92","27.94","0.0","67.6","43.9","61.8","1.0","2.6","4.6","0.0","0.0","0.0","14.4","11.1","3.8"
"20230416","何魂","秦款措备","12.5","18.7","9.5","12.1","14.2","18.7","10.5","5.4","0.0","4.5","4.1","11.9","7.5","16.52","26.85","0.0","77.8","56.6","60.5","6.1","2.9","4.4","0.0","0.0","0.0","10.6","9.8","3.9"
"20230415","何魂","秦款措备","13.1","17.4","10.5","12.2","13.9","18.4","10.1","6.0","0.0","4.5","0.4","10.9","7.6","6.22","25.91","0.0","91.3","61.0","59.2","7.5","5.3","4.3","0.0","0.0","0.0","8.0","12.7","3.9"
"20230414","何魂","秦款措备","14.7","18.0","12.5","10.9","13.5","18.1","9.8","9.0","0.6","4.3","0.2","0.0","7.5","6.12","5.74","0.0","81.9","79.9","58.5","8.9","9.6","4.4","0.0","0.0","0.0","9.3","13.0","3.9"
"20230413","何魂","秦款措备","15.4","20.1","10.5","12.8","13.2","17.8","9.6","0.0","0.0","3.6","10.8","0.4","7.1","25.14","8.93","0.0","39.3","81.6","58.8","3.5","9.6","4.7","0.0","0.0","0.0","14.0","16.4","3.9"
"20230412","何魂","秦款措备","15.1","19.8","11.5","17.9","13.0","17.5","9.4","0.0","0.0","4.1","11.2","8.4","6.7","27.0","22.52","0.0","38.3","88.9","59.3","1.3","4.5","4.9","0.0","0.0","0.0","12.9","10.9","4.0"
"20230411","何魂","秦款措备","16.7","19.8","13.7","17.4","12.9","17.3","9.3","0.2","0.9","4.4","5.9","1.0","6.4","20.0","9.72","0.0","80.5","82.6","59.8","6.6","6.0","5.2","0.0","0.0","0.0","19.8","9.2","3.9"
"20230410","何魂","秦款措备","14.2","17.9","10.6","17.8","12.8","17.3","9.3","0.0","0.0","4.0","11.1","11.3","6.7","25.71","25.83","0.0","60.4","69.8","59.7","0.4","5.4","5.0","0.0","0.0","0.0","16.6","12.9","3.8"
"20230409","何魂","秦款措备","12.7","18.4","7.1","16.7","12.7","17.3","9.1","0.0","0.0","4.0","11.7","11.4","6.8","27.73","24.66","0.0","38.4","59.0","60.6","0.0","0.3","4.9","0.0","0.0","0.0","12.1","12.3","3.7"
"20230408","何魂","秦款措备","11.2","17.4","4.9","14.6","12.7","17.2","9.1","0.0","0.0","4.7","11.6","11.7","6.8","26.94","25.76","0.0","29.8","56.4","60.8","0.8","0.0","4.9","0.0","0.0","0.0","16.6","10.2","3.8"
"20230407","何魂","秦款措备","13.3","19.2","9.0","14.8","12.6","17.2","9.0","4.4","0.0","4.0","9.6","8.6","7.3","23.25","20.23","0.0","55.3","54.0","60.4","3.5","1.0","4.6","0.0","0.0","0.0","12.6","9.7","3.7"
"20230406","何魂","秦款措备","12.8","16.5","10.5","14.8","12.4","17.0","8.6","2.2","0.0","3.8","6.5","11.1","7.4","21.24","23.43","0.0","78.9","40.8","59.5","7.4","1.0","4.5","0.0","0.0","0.0","14.7","9.6","3.7"
"20230405","何魂","秦款措备","14.9","15.9","14.0","13.5","12.1","16.8","8.3","44.8","0.0","4.0","0.0","7.6","7.4","0.95","21.39","0.0","94.1","47.9","59.0","9.8","5.4","4.5","0.0","0.0","0.0","18.4","11.6","3.8"
"20230404","何魂","秦款措备","15.3","20.1","10.5","12.3","12.1","16.7","8.2","0.3","0.0","3.5","5.1","11.7","7.5","18.04","25.33","0.0","73.6","61.6","57.3","8.6","0.0","4.3","0.0","0.0","0.0","9.7","8.3","3.8"
"20230403","何魂","秦款措备","14.3","20.4","11.1","11.7","11.8","16.5","7.9","0.0","0.0","2.9","11.3","11.6","7.6","25.61","24.69","0.0","63.5","62.6","56.3","1.9","0.1","4.2","0.0","0.0","0.0","12.1","6.5","3.8"
"20230402","何魂","秦款措备","15.1","21.2","11.1","10.4","11.6","16.4","7.7","0.0","0.0","3.0","11.5","11.6","7.4","25.18","25.66","0.0","57.9","58.9","56.2","0.0","1.1","4.1","0.0","0.0","0.0","15.0","9.4","3.7"
"20230401","何魂","秦款措备","15.7","21.5","11.1","9.2","11.6","16.2","7.7","0.0","0.0","3.4","10.9","8.6","7.3","22.86","21.05","0.0","56.5","54.3","57.3","2.5","4.6","4.2","0.0","0.0","0.0","9.8","12.0","3.7"
"20230331","何魂","秦款措备","17.9","23.6","13.8","11.5","11.4","16.0","7.7","0.0","0.0","3.5","11.0","1.5","6.9","24.48","9.99","0.0","39.4","74.3","58.6","2.9","8.5","4.5","0.0","0.0","0.0","10.3","12.3","3.6"
"20230330","何魂","秦款措备","15.5","21.2","10.9","14.0","11.2","15.8","7.5","0.0","0.0","3.1","8.1","0.0","6.7","18.58","6.35","0.0","48.3","86.0","58.4","5.4","6.8","4.7","0.0","0.0","0.0","6.5","7.6","3.6"
"20230329","何魂","秦款措备","13.7","18.6","9.4","11.5","11.1","15.7","7.4","0.0","0.0","2.4","9.9","11.3","6.9","20.76","24.75","0.0","57.6","57.5","58.4","1.5","1.0","4.6","0.0","0.0","0.0","7.6","6.7","3.7"
"20230328","何魂","秦款措备","12.5","16.8","6.9","9.6","10.9","15.4","7.2","0.0","0.0","2.4","11.1","6.6","6.8","24.19","17.44","0.0","53.0","44.9","57.7","0.0","7.8","4.6","0.0","0.0","0.0","9.5","11.4","3.7"
"20230327","何魂","秦款措备","11.3","16.0","7.3","13.8","10.7","15.3","6.9","0.0","0.0","1.4","9.5","10.7","6.9","23.62","23.56","0.0","48.4","49.6","55.7","2.5","4.3","4.5","0.0","0.0","0.0","9.3","12.6","3.7"
"20230326","何魂","秦款措备","12.0","16.1","9.2","13.8","10.4","15.0","6.6","0.0","80.3","1.5","4.8","4.5","7.0","17.04","15.11","0.0","74.8","89.3","54.2","6.9","7.4","4.5","0.0","0.0","0.0","6.7","17.7","3.8"
"20230325","何魂","秦款措备","11.1","15.5","8.8","13.3","10.1","14.6","6.5","0.2","1.9","2.0","3.3","4.3","6.8","13.25","15.01","0.0","69.9","74.5","54.6","8.6","9.0","4.5","0.0","0.0","0.0","10.0","9.5","3.7"
"20230324","何魂","秦款措备","12.2","16.6","8.5","10.2","9.9","14.4","6.3","3.2","0.0","2.4","0.5","10.4","6.6","9.46","22.04","0.0","81.9","55.4","54.8","9.9","1.0","4.6","0.0","0.0","0.0","11.9","9.6","3.7"
"20230323","何魂","秦款措备","15.4","16.7","14.2","9.1","9.8","14.3","6.2","56.0","0.0","2.6","0.0","2.6","6.5","3.63","12.11","0.0","94.9","57.5","55.4","9.6","5.6","4.8","0.0","0.0","0.0","8.3","7.7","3.8"
"20230322","何魂","秦款措备","16.2","19.3","14.0","9.2","9.7","14.3","6.2","7.9","0.2","3.1","0.0","8.0","6.3","9.17","19.62","0.0","85.4","57.3","57.2","8.6","6.5","5.0","0.0","0.0","0.0","7.7","11.6","4.0"
"20230321","何魂","秦款措备","15.3","19.5","12.0","8.9","9.9","14.5","6.2","0.0","0.3","3.4","3.1","6.5","6.3","12.21","17.87","0.0","61.3","54.6","58.4","9.0","7.4","5.0","0.0","0.0","0.0","7.0","9.2","4.0"
"20230320","何魂","秦款措备","13.0","17.3","8.2","7.5","10.0","14.6","6.2","0.0","0.0","4.2","9.9","2.5","6.3","21.02","13.83","0.0","51.6","69.3","59.2","4.5","8.5","4.9","0.0","0.0","0.0","10.0","7.3","4.0"
"20230319","何魂","秦款措备","12.0","17.6","7.3","6.1","10.0","14.7","6.1","0.0","7.0","4.2","11.0","2.1","6.5","22.73","8.53","0.0","51.0","80.1","59.1","1.5","8.6","4.9","0.0","0.0","0.0","9.4","10.8","4.0"
"20230318","何魂","秦款措备","11.2","16.4","8.7","7.3","9.8","14.5","5.9","0.0","16.6","4.4","5.2","0.2","6.4","16.35","6.9","0.0","63.1","82.4","59.3","6.0","8.8","4.8","0.0","0.0","0.0","6.7","16.5","3.9"
"20230317","何魂","秦款措备","10.2","14.8","8.4","10.4","9.6","14.2","5.7","0.0","10.5","5.1","2.2","0.0","6.5","11.45","4.32","0.0","63.5","79.8","59.5","9.1","10.0","4.7","0.0","0.0","0.0","10.7","14.3","3.9"
"20230316","何魂","秦款措备","12.2","16.3","9.1","13.1","9.3","13.9","5.4","0.0","0.0","4.9","7.1","10.4","6.4","18.49","21.92","0.0","62.1","61.0","58.7","4.4","1.4","4.6","0.0","0.0","0.0","12.0","10.1","3.7"
"20230315","何魂","秦款措备","14.3","17.7","10.1","11.8","9.1","13.8","5.1","0.0","0.0","4.1","2.6","10.6","6.6","10.74","21.53","0.0","77.4","64.3","57.4","6.1","1.5","4.5","0.0","0.0","0.0","17.1","11.0","3.8"
"20230314","何魂","秦款措备","10.1","14.2","6.8","11.3","8.8","13.6","4.8","0.0","0.1","3.7","10.1","0.0","6.8","22.56","3.75","0.0","56.4","90.0","55.6","2.9","8.8","4.3","0.0","0.0","0.0","9.9","11.2","3.8"
"20230313","何魂","秦款措备","5.4","12.1","0.0","15.0","8.6","13.4","4.5","0.0","7.3","3.2","11.2","0.0","7.1","23.05","2.14","0.0","40.1","94.9","53.5","1.6","9.4","4.1","0.0","0.0","0.0","14.0","17.5","3.8"
"20230312","何魂","秦款措备","11.4","18.5","2.9","16.0","8.4","13.4","4.4","8.3","0.0","2.5","0.8","6.9","7.1","8.09","17.73","0.0","79.8","83.3","52.3","7.3","6.3","4.0","0.0","0.0","0.0","26.9","14.9","3.8"
"20230311","何魂","秦款措备","14.3","20.6","11.3","14.0","8.3","13.2","4.2","0.0","0.0","2.3","8.9","4.5","7.0","17.56","13.46","0.0","85.1","77.6","52.1","4.9","5.5","4.1","0.0","0.0","0.0","8.3","10.9","3.9"
"20230310","何魂","秦款措备","14.4","20.3","10.7","11.3","8.0","12.8","3.9","0.0","0.0","2.0","10.1","7.9","6.9","20.01","17.58","0.0","78.0","69.6","51.9","0.0","5.4","4.0","0.0","0.0","0.0","7.1","10.4","3.9"
"20230309","何魂","秦款措备","15.3","18.3","13.1","10.5","7.7","12.5","3.8","0.0","0.0","2.3","7.1","10.5","6.6","16.37","19.68","0.0","85.8","58.4","53.1","4.3","0.5","4.0","0.0","0.0","0.0","16.6","7.4","3.9"
"20230308","何魂","秦款措备","14.6","18.1","11.4","9.6","7.8","12.4","3.9","0.0","0.0","2.8","10.2","10.6","6.4","17.86","20.13","0.0","58.0","40.5","54.9","1.5","2.3","4.2","0.0","0.0","0.0","13.1","9.2","3.9"
"20230307","何魂","秦款措备","13.1","18.2","9.3","7.3","7.8","12.4","3.9","0.0","0.0","2.8","9.7","6.6","6.2","17.7","14.54","0.0","59.1","55.6","55.7","0.5","5.3","4.3","0.0","0.0","0.0","12.4","7.7","3.9"
"20230306","何魂","秦款措备","11.7","16.4","7.4","5.0","7.6","12.2","3.8","0.0","0.0","3.2","10.3","11.0","6.2","19.62","21.95","0.0","57.9","36.1","56.3","0.0","1.5","4.4","0.0","0.0","0.0","9.8","10.5","3.8"
"20230305","何魂","秦款措备","10.6","15.7","7.2","8.7","7.6","12.1","3.8","0.0","0.0","3.1","9.8","10.5","5.9","19.52","21.2","0.0","62.3","34.8","56.1","0.8","0.0","4.6","0.0","0.0","0.0","7.8","20.6","3.8"
"20230304","何魂","秦款措备","10.7","17.0","6.1","10.4","7.6","12.2","3.7","0.0","0.0","2.6","7.1","5.4","6.0","15.69","14.39","0.0","47.4","59.1","55.4","4.4","3.3","4.6","0.0","0.0","0.0","8.0","16.9","3.7"
"20230303","何魂","秦款措备","7.4","14.0","1.1","7.8","7.4","12.0","3.6","0.0","0.0","2.2","10.6","10.5","5.9","20.55","20.41","0.0","30.4","48.5","55.1","1.4","0.0","4.6","0.0","0.0","0.0","11.3","10.1","3.6"
"20230302","何魂","秦款措备","5.3","10.4","2.3","7.0","7.3","11.9","3.6","0.0","0.0","2.4","10.6","10.5","5.9","21.15","21.0","0.0","30.9","45.0","55.1","0.0","0.5","4.7","0.0","0.0","0.0","11.6","11.3","3.6"
"20230301","何魂","秦款措备","9.9","12.2","5.6","10.9","7.3","11.9","3.6","0.6","3.2","1.9","0.1","3.0","6.0","5.19","10.16","0.0","64.8","74.3","55.0","7.0","6.1","4.6","0.0","0.0","0.0","11.7","9.5","3.6"
"20230228","何魂","秦款措备","10.0","14.9","5.7","9.8","7.3","11.8","3.6","0.0","0.0","2.3","10.6","7.8","6.1","20.37","15.54","0.0","59.8","39.8","55.6","1.4","4.9","4.6","0.0","0.0","0.0","16.1","9.8","3.5"
"20230227","何魂","秦款措备","8.3","13.3","3.2","6.7","7.3","11.9","3.6","0.0","0.0","2.9","10.6","10.6","5.9","20.4","20.12","0.0","47.4","41.8","56.3","0.0","0.0","4.7","0.0","0.0","0.0","8.8","17.1","3.5"
"20230226","何魂","秦款措备","5.7","11.6","-0.1","7.7","7.2","11.8","3.5","0.0","0.0","2.7","10.6","9.6","6.0","19.62","18.41","0.0","40.9","54.8","55.9","0.0","0.9","4.7","0.0","0.0","0.0","9.9","17.9","3.6"
"20230225","何魂","秦款措备","4.9","10.6","0.6","5.0","6.9","11.7","3.2","0.0","0.0","2.0","8.0","10.5","6.5","17.82","19.33","0.0","50.1","41.4","54.2","1.8","0.0","4.3","0.0","0.0","0.0","12.5","10.2","3.5"
"20230224","何魂","秦款措备","9.3","14.6","5.5","1.6","6.7","11.5","2.9","0.0","0.0","2.4","9.6","10.6","6.3","17.53","20.04","0.0","41.9","32.9","54.1","3.9","0.0","4.3","0.0","0.0","0.0","10.4","14.4","3.5"
"20230223","何魂","秦款措备","8.9","14.3","5.6","0.0","6.5","11.2","2.6","0.0","0.0","2.3","8.5","6.2","6.5","17.75","15.41","0.0","62.4","32.1","53.3","5.4","4.5","4.1","0.0","0.0","0.0","11.0","12.2","3.5"
"20230222","何魂","秦款措备","6.5","11.3","1.3","1.2","6.2","11.1","2.3","0.0","0.0","2.1","8.7","9.8","6.9","17.7","18.32","0.0","55.8","34.6","51.7","5.1","3.1","3.7","0.0","0.0","0.0","8.7","12.0","3.5"
"20230221","何魂","秦款措备","2.6","9.1","-2.7","1.4","6.1","11.0","2.1","0.0","0.0","2.2","9.1","10.5","6.9","18.31","18.61","0.0","45.3","40.8","50.8","1.0","0.3","3.7","0.0","0.0","0.0","10.5","11.6","3.4"
"20230220","何魂","秦款措备","4.0","10.3","0.1","-0.6","5.8","10.6","1.8","0.0","0.0","2.2","9.7","10.6","6.6","16.64","19.47","0.0","30.3","32.8","49.6","0.3","0.0","3.9","0.0","0.0","0.0","13.5","17.0","3.4"
"20230219","何魂","秦款措备","9.6","14.8","4.5","5.2","5.5","10.4","1.6","0.0","0.0","1.5","8.6","0.7","6.9","16.14","9.18","0.0","58.4","51.0","48.0","4.3","8.8","3.8","0.0","0.0","0.0","13.7","9.3","3.4"
"20230218","何魂","秦款措备","9.3","12.3","5.7","4.0","5.4","10.3","1.5","6.0","0.0","1.6","0.0","9.7","6.9","3.8","17.35","0.0","94.5","53.3","47.3","10.0","5.8","3.8","0.0","0.0","0.0","7.7","8.7","3.5"
"20230217","何魂","秦款措备","7.4","10.2","4.4","-2.4","5.5","10.2","1.7","1.2","0.0","1.5","0.7","10.0","6.5","6.65","17.44","0.0","62.3","37.6","47.9","7.9","0.8","4.2","0.0","0.0","0.0","7.5","10.8","3.5"
"20230216","何魂","秦款措备","6.2","9.7","2.5","-1.7","5.6","10.3","1.7","0.0","0.0","1.4","1.6","10.2","6.4","9.22","18.16","0.0","69.9","40.4","48.5","6.3","0.3","4.2","0.0","0.0","0.0","7.6","16.6","3.6"
"20230215","何魂","秦款措备","3.7","8.2","1.7","2.6","5.7","10.5","1.8","0.0","0.0","2.3","2.2","9.2","6.7","10.23","17.01","0.0","74.1","41.8","49.4","5.9","1.3","4.0","0.0","0.0","0.0","12.2","15.7","3.7"
"20230214","何魂","秦款措备","5.8","11.3","3.2","9.0","5.6","10.4","1.8","0.0","0.0","2.6","5.3","4.5","6.6","11.57","10.86","0.0","68.8","65.9","49.2","5.3","4.0","3.9","0.0","0.0","0.0","9.9","9.0","3.6"
"20230213","何魂","秦款措备","7.0","8.7","5.0","8.9","5.5","10.3","1.6","0.7","0.0","2.5","0.2","4.5","6.6","4.48","11.76","0.0","76.5","65.1","49.4","8.8","8.1","3.8","0.0","0.0","0.0","12.5","10.3","3.6"
"20230212","何魂","秦款措备","8.7","13.6","5.5","8.5","5.1","10.0","1.1","0.8","0.0","2.3","2.9","9.8","6.9","8.7","16.0","0.0","64.6","48.9","49.2","7.0","3.6","3.6","0.0","0.0","0.0","11.5","9.1","3.6"
"20230211","何魂","秦款措备","7.5","12.1","3.2","6.7","4.6","9.5","0.7","0.0","0.0","2.1","2.6","9.9","7.1","8.89","15.99","0.0","68.0","42.5","48.1","5.3","1.4","3.4","0.0","0.0","0.0","5.2","8.1","3.5"
"20230210","何魂","秦款措备","6.3","11.4","3.8","7.6","4.3","9.1","0.4","16.8","0.0","1.5","5.2","8.3","6.9","12.97","15.0","0.0","81.0","43.8","47.9","5.1","2.4","3.5","0.0","0.0","0.0","10.8","8.3","3.5"
"20230209","何魂","秦款措备","7.3","12.3","4.2","6.6","4.3","9.2","0.4","4.5","0.0","1.0","3.2","7.7","6.9","8.49","13.68","0.0","58.3","50.4","48.2","7.6","4.9","3.5","0.0","0.0","0.0","11.7","8.1","3.5"
"20230208","何魂","秦款措备","8.5","13.6","4.8","3.6","4.4","9.2","0.4","0.0","0.0","0.7","9.9","9.8","6.9","16.17","15.82","0.0","47.5","34.3","47.9","3.8","4.1","3.5","0.0","0.0","0.0","9.4","10.9","3.5"
"20230207","何魂","秦款措备","9.2","15.7","6.1","1.6","4.4","9.2","0.4","0.0","0.0","0.7","6.4","5.8","7.0","12.78","12.11","0.0","65.1","36.5","47.2","3.1","5.4","3.4","0.0","0.0","0.0","8.8","12.6","3.5"
"20230206","何魂","秦款措备","7.4","12.3","2.4","0.2","4.4","9.2","0.4","0.0","0.0","0.6","4.6","10.2","7.0","10.5","16.44","0.0","35.8","42.4","46.4","6.9","0.5","3.3","0.0","0.0","0.0","6.4","13.3","3.4"
"20230205","何魂","秦款措备","5.2","10.9","0.6","-1.2","4.3","9.2","0.3","0.0","0.0","0.5","10.1","9.9","7.1","16.39","16.51","0.0","36.6","43.1","45.5","0.5","0.1","3.1","0.0","0.0","0.0","9.3","13.4","3.4"
"20230204","何魂","秦款措备","3.4","8.1","0.0","1.3","4.0","8.8","0.0","0.0","0.0","0.5","10.0","9.9","7.2","15.57","15.56","0.0","31.9","39.0","44.1","0.9","1.3","2.9","0.0","0.0","0.0","13.0","16.2","3.3"
"20230203","何魂","秦款措备","5.6","10.8","2.4","2.1","3.7","8.6","-0.3","0.0","0.0","0.7","3.5","9.7","7.2","8.95","16.16","0.0","50.8","38.5","43.6","5.8","4.4","2.9","0.0","0.0","0.0","10.7","10.8","3.4"
"20230202","何魂","秦款措备","4.4","9.7","0.0","1.7","3.6","8.5","-0.4","0.0","0.0","0.9","8.0","8.0","7.1","12.84","12.59","0.0","43.0","46.6","44.2","6.3","4.3","3.1","0.0","0.0","0.0","12.1","11.8","3.3"
"20230201","何魂","秦款措备","8.6","14.7","2.8","3.3","3.6","8.4","-0.4","0.0","0.0","0.9","7.1","8.8","7.0","12.5","13.94","0.0","48.0","48.5","44.7","7.5","0.1","3.2","0.0","0.0","0.0","16.5","17.4","3.3"
"20230131","何魂","秦款措备","5.1","10.4","-0.1","3.6","3.6","8.3","-0.2","0.0","0.0","0.9","10.0","10.1","6.9","15.36","16.02","0.0","42.1","32.0","45.5","0.4","0.0","3.3","0.0","0.0","0.0","12.5","13.6","3.4"
"20230130","何魂","秦款措备","3.0","7.4","-0.7","3.2","3.7","8.4","-0.1","0.0","0.0","1.0","10.0","9.2","6.9","15.64","13.84","0.0","31.8","29.5","46.1","0.0","2.8","3.4","0.0","0.0","0.0","14.3","11.4","3.5"
"20230129","何魂","秦款措备","1.5","6.6","-3.8","3.3","3.6","8.4","-0.1","0.0","0.0","1.4","9.9","7.0","6.9","15.33","11.5","0.0","51.5","24.6","46.2","0.6","7.6","3.3","0.0","0.0","0.0","11.7","13.6","3.5"
"20230128","何魂","秦款措备","-2.8","2.4","-7.6","4.7","3.5","8.2","-0.2","0.0","0.0","1.5","9.9","9.0","7.0","15.02","15.24","0.0","42.4","27.3","46.0","0.4","3.6","3.1","0.0","0.0","0.0","18.6","12.0","3.6"
"20230127","何魂","秦款措备","-1.1","3.0","-5.5","6.3","3.4","8.2","-0.3","0.0","0.0","1.5","9.2","9.1","7.0","15.07","13.34","0.0","35.6","39.9","45.7","2.3","2.6","3.0","0.0","0.0","0.0","19.2","9.9","3.6"
"20230126","何魂","秦款措备","-0.1","4.8","-6.4","5.5","3.1","7.9","-0.7","0.0","0.0","1.3","2.3","9.4","7.2","9.39","13.9","0.0","45.6","53.4","45.0","7.3","2.0","2.8","0.0","0.0","0.0","9.0","12.0","3.6"
"20230125","何魂","秦款措备","-6.4","0.4","-12.0","6.7","2.9","7.6","-0.8","0.0","0.0","1.5","9.9","0.4","7.0","15.87","4.98","0.0","27.5","62.8","45.9","0.0","7.5","2.9","0.0","0.0","0.0","15.0","7.8","3.6"
"20230124","何魂","秦款措备","-5.6","4.8","-10.6","5.7","2.9","7.4","-0.7","0.0","0.0","1.1","9.5","0.2","6.6","15.49","3.99","0.0","32.8","63.9","46.8","1.9","6.6","3.2","0.0","0.0","0.0","21.0","12.6","3.6"
"20230123","何魂","秦款措备","6.6","12.8","2.0","8.7","2.9","7.4","-0.7","0.0","0.0","1.1","8.1","0.3","6.4","13.32","6.68","0.0","51.6","69.9","47.0","5.4","9.0","3.4","0.0","0.0","0.0","13.2","10.3","3.5"
"20230122","何魂","秦款措备","4.3","8.5","-0.2","6.7","3.1","7.4","-0.4","0.0","0.0","1.2","0.4","6.2","6.2","5.92","10.95","0.0","50.1","63.8","48.2","7.3","4.8","3.6","0.0","0.0","0.0","6.1","6.6","3.6"
"20230121","何魂","秦款措备","0.8","7.2","-3.9","3.9","3.3","7.7","-0.2","0.0","0.0","1.3","9.5","8.9","6.1","14.98","13.33","0.0","25.6","53.9","48.4","1.1","2.6","3.7","0.0","0.0","0.0","14.5","5.6","3.5"
"20230120","何魂","秦款措备","3.3","8.4","-1.9","1.5","3.6","8.0","0.0","0.0","0.0","1.1","9.0","9.6","6.1","13.46","13.96","0.0","39.0","44.6","48.3","0.8","0.1","3.7","0.0","0.0","0.0","18.0","14.3","3.5"
"20230119","何魂","秦款措备","2.9","8.0","-0.8","2.1","3.8","8.2","0.2","0.0","0.0","1.1","9.5","9.6","6.2","13.83","13.16","0.0","54.5","34.0","48.6","1.0","1.3","3.6","0.0","0.0","0.0","9.1","10.4","3.5"
"20230118","何魂","秦款措备","2.5","6.9","-0.1","-0.1","3.8","8.3","0.2","0.0","0.0","1.3","8.1","9.6","6.2","12.18","14.52","0.0","54.0","22.6","49.2","0.6","0.0","3.7","0.0","0.0","0.0","12.7","9.9","3.5"
"20230117","何魂","秦款措备","1.5","6.4","-2.1","1.1","3.8","8.4","0.1","0.0","0.0","1.5","8.3","7.8","6.3","12.45","12.61","0.0","39.5","39.9","48.8","1.4","3.6","3.6","0.0","0.0","0.0","14.3","16.4","3.5"
"20230116","何魂","秦款措备","1.3","6.9","-1.8","4.8","3.7","8.4","0.0","0.0","0.0","1.7","9.0","9.1","6.1","13.82","12.8","0.0","50.5","42.0","49.6","1.3","0.4","3.7","0.0","0.0","0.0","16.6","12.1","3.4"
"20230115","何魂","秦款措备","6.0","8.1","1.5","4.8","3.6","8.1","0.0","0.0","0.0","1.8","0.0","6.3","5.9","1.11","12.01","0.0","86.8","33.5","50.3","8.9","3.9","3.8","0.0","0.0","0.0","12.0","7.6","3.4"
"20230114","何魂","秦款措备","10.3","14.2","8.0","-0.2","3.4","8.0","-0.1","0.3","0.0","1.6","0.0","9.4","6.0","1.53","13.91","0.0","89.8","28.6","49.7","8.9","1.6","3.7","0.0","0.0","0.0","11.4","12.9","3.5"
"20230113","何魂","秦款措备","14.6","16.3","13.7","-1.1","3.4","8.0","-0.1","77.1","0.0","1.2","0.0","9.1","6.2","1.89","13.03","0.0","98.8","35.1","48.4","9.0","1.4","3.6","0.0","0.0","0.0","15.2","18.5","3.5"
"20230112","何魂","秦款措备","11.8","17.2","6.3","-1.3","3.3","7.8","-0.2","0.8","0.0","0.8","7.1","9.4","6.4","11.24","13.75","0.0","71.1","33.0","47.5","3.0","1.5","3.4","0.0","0.0","0.0","6.2","19.5","3.5"
"20230111","何魂","秦款措备","8.9","13.6","4.8","1.5","3.3","7.8","-0.2","0.0","0.0","0.6","9.3","8.7","6.6","12.42","12.65","0.0","60.8","39.1","46.5","0.8","2.3","3.1","0.0","0.0","0.0","8.4","17.3","3.5"
"20230110","何魂","秦款措备","7.8","13.3","3.9","7.4","3.3","7.9","-0.2","0.0","0.0","0.6","8.6","6.8","6.8","12.51","10.62","0.0","58.1","59.0","45.8","2.0","3.1","2.9","0.0","0.0","0.0","8.8","8.4","3.6"
"20230109","何魂","秦款措备","9.3","14.2","5.7","5.9","3.5","8.0","-0.1","0.0","0.0","1.0","8.5","4.8","6.8","11.1","8.82","0.0","56.9","51.9","45.7","0.0","4.8","3.0","0.0","0.0","0.0","10.7","9.5","3.6"
"20230108","何魂","秦款措备","6.2","11.9","1.4","5.7","3.6","8.2","0.0","0.0","0.0","1.4","9.2","9.3","6.7","12.87","13.19","0.0","42.4","26.4","46.4","0.0","0.0","3.0","0.0","0.0","0.0","10.2","9.5","3.5"
"20230107","何魂","秦款措备","5.7","9.9","3.6","5.8","3.7","8.3","0.1","1.0","0.0","1.4","6.9","9.2","6.5","9.88","12.63","0.0","52.9","41.6","46.6","0.9","0.0","3.2","0.0","0.0","0.0","14.5","7.5","3.5"
"20230106","何魂","秦款措备","5.3","11.3","1.3","6.1","3.9","8.6","0.3","0.0","0.0","1.4","8.9","8.3","6.4","12.11","12.71","0.0","51.3","42.1","45.6","2.9","2.8","3.3","0.0","0.0","0.0","9.2","9.8","3.5"
"20230105","何魂","秦款措备","4.6","9.4","1.1","5.4","4.0","8.7","0.4","0.0","0.0","1.2","7.5","0.6","6.4","9.76","5.67","0.0","47.1","55.8","44.7","2.5","8.9","3.2","0.0","0.0","0.0","7.0","8.0","3.5"
"20230104","何魂","秦款措备","2.6","8.5","-2.0","4.5","4.1","8.9","0.4","0.0","0.0","0.7","9.2","8.8","6.8","12.4","11.38","0.0","39.5","38.3","44.2","0.0","1.4","2.9","0.0","0.0","0.0","12.2","8.7","3.4"
"20230103","何魂","秦款措备","1.5","6.8","-1.7","4.1","4.0","8.9","0.2","0.0","0.0","0.3","9.0","9.2","6.9","13.48","12.89","0.0","28.3","28.5","43.4","0.9","0.9","2.6","0.0","0.0","0.0","11.4","9.8","3.5"
"20230102","何魂","秦款措备","3.1","7.8","0.5","4.8","3.9","8.8","0.2","0.0","0.0","0.2","8.6","9.2","7.1","12.22","12.2","0.0","19.5","32.9","43.6","4.1","0.5","2.4","0.0","0.0","0.0","13.4","7.7","3.6"
"20230101","何魂","秦款措备","4.0","9.3","0.4","1.9","4.0","8.9","0.1","0.0","0.0","0.2","8.7","9.2","7.1","11.06","12.72","0.0","43.8","24.4","44.4","1.3","3.4","2.4","0.0","0.0","0.0","9.2","11.7","3.6"
"20221231","何魂","秦款措备","2.6","7.7","-1.0","-0.1","4.0","9.0","0.1","0.0","0.0","0.2","9.2","9.2","7.2","12.45","12.99","0.0","50.3","29.3","44.6","0.5","1.0","2.3","0.0","0.0","0.0","12.2","14.7","3.6"
"20221230","何魂","秦款措备","2.4","7.4","-1.6","2.8","4.0","8.8","0.1","0.0","0.0","0.5","9.1","8.9","7.0","11.59","12.47","0.0","52.5","42.4","44.3","1.0","1.1","2.4","0.0","0.0","0.0","10.3","15.9","3.5"
"20221229","何魂","秦款措备","1.8","7.0","-2.0","6.2","4.1","8.8","0.3","0.0","0.0","0.8","9.2","5.1","7.1","12.36","9.7","0.0","46.1","51.5","43.7","1.8","5.3","2.4","0.0","0.0","0.0","10.7","13.1","3.4"
"20221228","何魂","秦款措备","2.9","8.7","0.1","3.9","4.2","9.0","0.4","0.0","0.0","1.0","7.7","7.8","7.0","9.95","11.15","0.0","47.1","57.8","43.7","2.5","2.4","2.5","0.0","0.0","0.0","11.2","9.4","3.3"
"20221227","何魂","秦款措备","3.8","9.9","-0.2","-1.8","4.4","9.2","0.7","0.0","0.0","1.0","9.1","9.1","7.0","12.65","12.59","0.0","31.8","40.9","44.4","0.0","0.6","2.5","0.0","0.0","0.0","10.9","12.3","3.4"
"20221226","何魂","秦款措备","2.9","7.7","-0.8","-5.2","4.7","9.4","1.0","0.0","0.0","1.0","8.7","9.2","6.8","11.54","13.16","0.0","35.3","30.8","45.6","1.3","0.0","2.7","0.0","0.0","0.0","10.4","14.1","3.4"
"20221225","何魂","秦款措备","1.7","7.3","-1.7","-1.6","5.0","9.7","1.3","0.0","0.0","0.8","9.2","9.2","6.9","12.86","12.93","0.0","39.3","33.5","46.8","0.0","0.0","2.6","0.0","0.0","0.0","13.9","14.4","3.4"
"20221224","何魂","秦款措备","-2.0","3.0","-6.5","7.7","5.3","10.0","1.6","0.0","0.0","0.7","9.1","3.4","6.8","12.53","6.33","0.0","49.5","47.1","48.5","0.0","4.3","2.7","0.0","0.0","0.0","13.0","9.4","3.6"
"20221223","何魂","秦款措备","-3.7","0.3","-5.9","8.7","5.6","10.2","1.9","0.0","0.0","0.9","8.8","8.8","6.5","11.86","11.28","0.0","43.9","30.3","49.8","0.6","0.6","2.9","0.0","0.0","0.0","27.5","8.0","3.5"
"20221222","何魂","秦款措备","0.0","3.5","-4.2","9.4","5.8","10.4","2.1","0.0","0.0","0.9","7.7","9.1","6.4","10.67","11.88","0.0","49.1","44.4","50.1","2.4","0.0","3.0","0.0","0.0","0.0","17.6","8.5","3.4"
"20221221","何魂","秦款措备","4.5","8.7","2.1","10.2","5.8","10.3","2.1","19.4","0.0","1.0","1.2","8.8","6.5","3.01","11.15","0.0","81.3","59.1","49.4","6.5","0.0","2.9","0.0","0.0","0.0","10.5","10.4","3.4"
"20221220","何魂","秦款措备","3.0","7.6","-0.8","7.9","5.5","10.1","1.8","0.0","0.0","0.9","9.1","8.6","6.5","12.35","11.17","0.0","42.0","57.5","48.3","1.9","0.6","2.9","0.0","0.0","0.0","12.4","18.9","3.3"
"20221219","何魂","秦款措备","-0.6","4.5","-5.6","4.0","5.3","9.9","1.7","0.0","0.0","0.8","9.1","8.6","6.4","12.31","12.17","0.0","42.3","49.5","48.3","0.3","0.1","3.0","0.0","0.0","0.0","6.9","10.4","3.2"
"20221218","何魂","秦款措备","-3.5","1.5","-6.5","-1.4","5.2","9.8","1.4","0.0","0.0","0.9","8.6","9.2","6.6","12.17","12.81","0.0","35.9","34.5","47.0","0.0","0.6","2.9","0.0","0.0","0.0","12.1","12.9","3.2"
"20221217","何魂","秦款措备","0.4","5.1","-4.0","2.7","5.0","9.6","1.3","0.0","0.0","0.7","3.5","8.0","6.7","9.06","11.87","0.0","33.8","42.6","46.5","5.1","2.8","2.7","0.0","0.0","0.0","14.0","18.2","3.2"
"20221216","何魂","秦款措备","3.6","7.8","1.2","8.8","5.0","9.5","1.3","0.0","4.4","1.3","7.8","0.1","6.7","11.33","2.82","0.0","32.1","80.9","46.3","6.6","9.4","2.6","0.0","0.0","0.0","11.8","8.5","3.2"
"20221215","何魂","秦款措备","1.6","6.1","-4.4","9.4","5.3","9.8","1.5","0.0","0.0","1.6","9.1","7.1","6.6","12.28","10.43","0.0","48.9","66.1","47.2","1.5","1.6","2.8","0.0","0.0","0.0","10.4","11.5","3.2"
"20221214","何魂","秦款措备","-0.4","4.3","-3.6","4.4","5.4","9.9","1.6","0.0","0.0","1.5","9.2","9.1","6.7","12.53","12.42","0.0","41.8","47.9","46.5","0.6","0.8","2.9","0.0","0.0","0.0","15.6","9.5","3.2"
"20221213","何魂","秦款措备","6.4","10.2","4.3","2.3","5.6","10.1","1.9","0.0","0.0","1.3","6.4","9.2","6.7","10.09","13.2","0.0","47.3","27.9","47.2","2.1","0.0","2.8","0.0","0.0","0.0","15.2","14.4","3.2"
"20221212","何魂","秦款措备","8.0","12.8","5.2","8.6","6.0","10.5","2.2","2.0","0.0","1.6","1.1","4.9","6.5","4.87","7.2","0.0","70.5","49.3","48.2","6.5","3.9","3.0","0.0","0.0","0.0","12.8","14.5","3.3"
"20221211","何魂","秦款措备","7.6","12.3","5.2","11.8","6.2","10.8","2.4","0.0","0.0","0.9","8.8","8.4","6.5","11.94","11.31","0.0","40.8","57.3","48.8","2.4","4.1","3.2","0.0","0.0","0.0","13.1","10.0","3.2"
"20221210","何魂","秦款措备","9.3","15.3","5.1","12.6","6.3","10.8","2.5","0.0","0.0","0.7","4.2","6.3","6.5","7.72","10.03","0.0","47.3","69.5","49.2","5.9","1.6","3.1","0.0","0.0","0.0","10.9","9.1","3.2"
"20221209","何魂","秦款措备","9.5","16.4","6.3","11.9","6.5","11.0","2.8","0.0","0.0","0.8","3.8","5.2","6.4","8.27","9.7","0.0","42.5","63.3","50.4","5.5","6.0","3.2","0.0","0.0","0.0","6.7","7.7","3.2"
"20221208","何魂","秦款措备","7.8","13.3","4.2","10.2","6.5","11.0","2.7","0.0","0.0","1.3","9.1","5.6","6.4","11.6","9.93","0.0","40.5","58.4","50.4","3.9","1.9","3.2","0.0","0.0","0.0","6.8","10.6","3.1"
"20221207","何魂","秦款措备","7.2","11.3","4.1","11.4","6.4","10.9","2.6","0.0","0.0","1.0","8.0","7.4","6.5","11.47","10.93","0.0","44.6","61.8","49.6","2.8","1.4","3.2","0.0","0.0","0.0","10.1","9.8","3.2"
"20221206","何魂","秦款措备","4.1","9.3","-0.4","10.8","6.6","11.1","2.8","0.0","0.1","1.5","9.2","5.3","6.5","12.32","9.42","0.0","40.0","73.0","50.1","0.1","3.8","3.1","0.0","0.0","0.0","16.5","6.2","3.2"
"20221205","何魂","秦款措备","3.5","9.7","0.4","8.3","6.9","11.4","3.1","0.0","0.0","1.8","5.8","5.2","6.5","9.81","9.5","0.0","22.3","57.9","50.0","5.3","2.5","3.2","0.0","0.0","0.0","17.3","7.4","3.2"
"20221204","何魂","秦款措备","6.5","9.7","3.5","5.6","7.3","11.9","3.5","0.0","0.0","1.8","6.3","8.6","6.5","10.46","12.13","0.0","32.1","43.4","50.3","7.9","0.0","3.2","0.0","0.0","0.0","13.5","15.3","3.2"
"20221203","何魂","秦款措备","7.0","9.9","2.7","7.4","7.9","12.5","4.1","0.0","0.0","1.4","1.9","7.0","6.5","6.02","10.25","0.0","51.1","52.6","51.1","7.1","2.0","3.2","0.0","0.0","0.0","8.0","13.2","3.2"
"20221202","何魂","秦款措备","2.3","7.4","-1.6","3.8","8.4","13.0","4.7","0.0","0.0","1.6","8.7","9.4","6.3","13.09","13.11","0.0","40.4","47.6","52.7","2.5","0.0","3.3","0.0","0.0","0.0","8.5","11.9","3.1"
"20221201","何魂","秦款措备","0.7","5.0","-1.9","3.9","8.9","13.4","5.2","0.0","0.0","1.3","6.0","9.3","6.1","11.24","13.33","0.0","32.6","40.6","53.4","6.1","0.6","3.6","0.0","0.0","0.0","14.2","20.3","3.0"
"20221130","何魂","秦款措备","2.7","9.3","-0.8","10.9","9.2","13.7","5.5","0.0","28.9","1.1","4.7","0.0","6.0","9.49","0.5","0.0","29.3","74.6","54.2","8.5","7.3","3.6","0.0","0.0","0.0","19.9","19.8","3.0"
"20221129","何魂","秦款措备","14.9","19.8","9.3","11.6","9.3","13.8","5.6","22.4","0.0","1.1","0.0","9.1","6.0","2.89","13.16","0.0","72.0","51.5","54.1","9.8","3.1","3.6","0.0","0.0","0.0","17.5","8.2","3.0"
"20221128","何魂","秦款措备","17.9","21.9","13.2","10.3","9.4","13.9","5.9","1.1","0.0","1.0","3.3","9.4","5.9","8.96","13.41","0.0","75.6","53.1","54.5","6.9","2.9","3.8","0.0","0.0","0.0","12.7","5.7","3.1"
"20221127","何魂","秦款措备","13.6","18.6","8.9","8.4","9.6","14.2","5.9","0.0","0.0","2.1","7.5","9.5","6.1","12.01","13.35","0.0","45.5","44.8","54.7","4.5","0.0","3.7","0.0","0.0","0.0","10.7","7.9","3.1"
"20221126","何魂","秦款措备","15.0","19.9","11.3","8.9","9.7","14.4","6.0","0.0","0.0","2.1","9.3","9.5","6.2","12.53","13.54","0.0","50.1","38.5","54.9","0.0","0.0","3.5","0.0","0.0","0.0","9.8","9.3","3.2"
"20221125","何魂","秦款措备","14.3","19.2","9.7","11.7","10.0","14.7","6.3","0.0","0.0","2.1","7.7","8.4","6.3","11.9","11.4","0.0","65.4","51.9","54.7","3.8","0.6","3.5","0.0","0.0","0.0","9.9","14.0","3.2"
"20221124","何魂","秦款措备","12.9","19.1","10.2","9.3","10.1","14.9","6.4","0.0","0.0","2.0","8.1","7.7","6.4","11.31","12.36","0.0","50.3","54.1","54.1","3.8","1.8","3.4","0.0","0.0","0.0","10.5","12.4","3.1"
"20221123","何魂","秦款措备","14.6","19.9","12.0","6.2","10.2","15.0","6.3","0.2","0.0","2.0","6.2","8.1","6.6","10.97","13.21","0.0","72.9","50.0","53.0","4.1","1.5","3.3","0.0","0.0","0.0","11.3","15.8","3.0"
"20221122","何魂","秦款措备","14.6","17.5","12.9","9.9","10.1","15.0","6.3","10.9","0.0","1.1","0.0","1.8","6.7","3.54","7.83","0.0","76.9","51.4","51.7","9.4","6.6","3.1","0.0","0.0","0.0","8.1","15.4","3.0"
"20221121","何魂","秦款措备","15.4","20.1","11.3","15.2","10.2","15.0","6.4","0.0","0.0","1.2","6.0","1.8","6.7","9.5","7.17","0.0","66.1","74.1","51.5","5.3","8.0","3.3","0.0","0.0","0.0","6.3","6.4","3.1"
"20221120","何魂","秦款措备","15.3","18.7","13.4","14.8","10.2","14.9","6.4","0.0","0.0","1.9","1.6","7.5","6.7","5.06","10.85","0.0","70.6","68.4","51.3","6.1","0.5","3.2","0.0","0.0","0.0","6.9","4.2","3.1"
"20221119","何魂","秦款措备","16.1","21.1","12.5","14.5","10.4","15.1","6.6","0.0","0.0","2.0","6.7","9.5","6.6","12.06","13.53","0.0","65.5","52.0","52.1","5.8","0.3","3.3","0.0","0.0","0.0","10.5","7.0","3.1"
"20221118","何魂","秦款措备","14.4","20.6","9.4","13.2","10.7","15.4","7.0","0.0","0.0","1.9","0.0","9.3","6.7","0.0","13.18","0.0","61.3","48.0","52.7","0.0","1.8","3.4","0.0","0.0","0.0","0.0","8.0","3.1"
"20221117","何魂","秦款措备","12.8","18.6","10.1","12.5","11.0","15.7","7.3","0.0","0.0","1.6","0.0","9.2","6.7","0.0","13.48","0.0","46.0","40.9","53.2","4.1","2.3","3.5","0.0","0.0","0.0","0.0","7.9","3.2"
"20221116","何魂","秦款措备","12.8","18.2","8.9","13.1","11.5","16.1","7.8","0.0","0.0","1.3","8.7","8.4","6.7","13.32","12.19","0.0","50.1","47.3","53.9","1.3","3.6","3.5","0.0","0.0","0.0","7.2","8.6","3.1"
"20221115","何魂","秦款措备","11.3","16.5","7.0","13.3","12.0","16.6","8.3","0.0","0.0","0.7","9.9","9.5","6.6","14.71","13.6","0.0","50.8","53.6","55.3","0.0","1.1","3.7","0.0","0.0","0.0","11.6","6.3","3.1"
"20221114","何魂","秦款措备","12.8","16.3","10.2","12.9","12.3","16.9","8.7","0.0","0.0","0.9","0.6","9.5","6.8","5.54","13.66","0.0","67.4","60.9","55.9","6.8","0.9","3.5","0.0","0.0","0.0","10.3","9.3","3.1"
"20221113","何魂","秦款措备","17.8","22.9","12.9","10.1","12.7","17.3","9.1","24.8","0.0","1.2","4.0","9.9","6.7","10.18","14.59","0.0","76.6","59.9","57.8","8.0","0.1","3.6","0.0","0.0","0.0","17.5","8.8","3.2"
"20221112","何魂","秦款措备","19.1","24.2","14.2","8.8","13.0","17.6","9.5","1.9","0.0","1.6","6.4","5.5","6.3","11.48","10.35","0.0","81.4","51.5","59.5","5.6","2.3","3.9","0.0","0.0","0.0","13.4","14.6","3.3"
"20221111","何魂","秦款措备","17.5","22.1","14.5","10.3","13.2","17.7","9.7","0.0","0.0","1.8","8.4","6.5","6.3","12.78","12.16","0.0","69.0","57.4","59.8","1.6","3.9","3.9","0.0","0.0","0.0","7.8","12.4","3.4"
"20221110","何魂","秦款措备","16.9","23.7","12.9","10.2","13.4","17.9","9.9","0.0","0.0","2.7","7.3","7.2","6.2","12.03","13.84","0.0","49.1","58.0","60.2","3.1","0.6","4.1","0.0","0.0","0.0","7.5","14.8","3.4"
"20221109","何魂","秦款措备","15.2","20.7","10.4","10.1","13.8","18.4","10.3","0.0","0.0","2.8","9.7","8.3","6.0","14.9","13.47","0.0","53.0","57.0","61.5","1.6","2.1","4.3","0.0","0.0","0.0","7.6","17.4","3.4"
"20221108","何魂","秦款措备","15.4","22.4","10.6","14.1","14.2","18.9","10.8","0.0","28.9","2.6","9.9","0.2","6.0","14.85","2.16","0.0","47.4","72.5","61.6","0.0","6.1","4.3","0.0","0.0","0.0","7.8","22.8","3.3"
"20221107","何魂","秦款措备","14.0","19.8","9.3","18.2","14.6","19.3","11.1","0.0","0.0","2.8","9.9","7.1","6.2","14.79","14.5","0.0","48.5","64.1","61.9","0.0","4.0","4.2","0.0","0.0","0.0","7.3","12.0","3.1"
"20221106","何魂","秦款措备","12.2","18.6","7.5","16.7","14.7","19.6","11.1","0.0","0.1","2.6","10.1","7.8","6.6","16.23","13.37","0.0","41.4","59.4","61.2","0.9","3.1","3.8","0.0","0.0","0.0","11.9","10.7","3.0"
"20221105","何魂","秦款措备","10.6","17.4","5.5","16.5","14.7","19.8","11.1","0.0","0.0","1.4","10.0","7.2","7.0","16.85","12.32","0.0","26.1","53.8","59.8","0.5","4.1","3.3","0.0","0.0","0.0","11.6","6.1","2.9"
"20221104","何魂","秦款措备","11.6","16.8","7.5","15.1","14.5","19.5","10.7","0.0","0.0","1.2","10.0","8.5","7.2","17.02","13.81","0.0","35.0","55.5","59.1","0.9","1.4","3.0","0.0","0.0","0.0","11.5","9.0","2.8"
"20221103","何魂","秦款措备","16.4","22.8","11.9","15.0","14.3","19.3","10.5","0.0","0.0","1.3","9.9","7.6","7.3","15.86","14.27","0.0","48.0","59.9","58.3","1.3","1.8","3.0","0.0","0.0","0.0","9.0","11.0","2.8"
"20221102","何魂","秦款措备","16.7","23.1","12.3","14.9","14.2","19.1","10.4","0.0","0.0","1.2","9.9","9.0","7.2","15.25","15.16","0.0","63.8","56.5","57.6","0.0","2.6","3.1","0.0","0.0","0.0","6.2","12.7","2.9"
"20221101","何魂","秦款措备","17.0","23.0","12.5","17.0","14.3","19.1","10.6","0.0","0.0","1.2","9.8","8.0","7.1","15.72","13.31","0.0","60.9","51.8","57.5","0.4","3.8","3.2","0.0","0.0","0.0","7.1","8.8","3.0"
"20221031","何魂","秦款措备","15.9","21.1","12.2","17.0","14.5","19.4","10.9","0.0","0.0","1.5","8.2","10.1","7.0","13.89","15.92","0.0","64.4","56.4","58.3","2.0","1.3","3.4","0.0","0.0","0.0","9.4","6.2","3.1"
"20221030","何魂","秦款措备","14.8","18.8","12.9","16.6","14.9","19.7","11.3","0.0","0.0","1.7","1.9","2.4","6.9","7.49","9.01","0.0","72.8","59.1","58.8","6.6","6.4","3.5","0.0","0.0","0.0","9.3","7.8","3.1"
"20221029","何魂","秦款措备","15.7","21.0","13.5","15.9","15.2","20.0","11.6","0.0","0.0","2.3","5.1","2.7","7.2","12.04","9.74","0.0","73.0","55.8","58.9","5.4","6.0","3.4","0.0","0.0","0.0","8.7","9.8","3.1"
"20221028","何魂","秦款措备","17.2","23.0","13.3","16.9","15.5","20.3","11.9","0.0","0.0","2.0","7.7","9.6","7.3","14.26","16.55","0.0","68.8","48.4","58.9","3.3","0.8","3.3","0.0","0.0","0.0","9.3","11.3","3.0"
"20221027","何魂","秦款措备","17.6","23.5","14.5","17.1","15.8","20.7","12.1","0.0","0.0","2.0","9.2","9.5","7.4","16.28","15.74","0.0","59.5","49.0","59.7","1.9","2.8","3.3","0.0","0.0","0.0","7.2","10.1","3.0"
"20221026","何魂","秦款措备","15.9","21.6","10.7","15.9","16.0","20.9","12.4","0.0","0.0","1.9","6.6","10.0","7.3","14.39","17.32","0.0","60.3","45.6","60.6","4.9","2.9","3.3","0.0","0.0","0.0","7.4","9.7","2.9"
"20221025","何魂","秦款措备","13.7","19.0","9.8","16.7","16.2","21.0","12.6","0.0","0.0","2.0","8.1","9.3","7.3","16.11","16.6","0.0","53.9","58.1","60.4","0.9","1.6","3.4","0.0","0.0","0.0","12.3","5.9","3.0"
"20221024","何魂","秦款措备","13.8","19.1","10.7","15.8","16.4","21.1","12.9","0.0","0.0","2.0","10.0","7.1","6.9","17.86","12.5","0.0","49.5","59.5","61.3","0.8","6.3","3.8","0.0","0.0","0.0","11.3","5.5","3.1"
"20221023","何魂","秦款措备","17.0","22.8","13.5","15.1","16.7","21.3","13.3","0.0","0.0","2.6","6.7","7.5","6.7","15.23","15.23","0.0","62.5","59.4","62.6","3.3","0.9","4.0","0.0","0.0","0.0","10.3","9.7","3.1"
"20221022","何魂","秦款措备","19.2","24.3","16.9","13.2","16.9","21.4","13.6","0.0","0.0","3.1","7.1","10.2","6.5","14.94","17.66","0.0","61.8","61.4","63.3","4.3","1.3","4.2","0.0","0.0","0.0","10.3","11.1","3.2"
"20221021","何魂","秦款措备","17.9","22.1","13.8","12.6","17.1","21.6","13.8","0.0","7.4","3.1","6.0","0.0","6.5","14.54","3.88","0.0","58.6","84.9","63.2","8.1","7.0","4.4","0.0","0.0","0.0","11.4","7.0","3.2"
"20221020","何魂","秦款措备","15.9","21.7","10.9","13.7","17.3","21.9","14.0","0.0","0.0","2.9","10.2","7.9","6.6","18.58","16.45","0.0","44.3","61.4","63.1","0.9","5.5","4.3","0.0","0.0","0.0","8.3","9.3","3.2"
"20221019","何魂","秦款措备","13.0","20.4","8.1","14.4","17.5","22.2","14.0","0.0","0.0","2.0","10.1","7.7","6.9","19.29","17.09","0.0","41.5","46.4","62.3","0.0","4.4","4.0","0.0","0.0","0.0","12.5","9.8","3.1"
"20221018","何魂","秦款措备","13.2","20.1","8.8","13.6","17.5","22.3","14.0","0.0","0.0","1.6","10.1","10.2","7.0","19.14","18.62","0.0","40.8","50.0","61.1","0.5","2.4","3.9","0.0","0.0","0.0","18.3","6.1","3.0"
"20221017","何魂","秦款措备","18.1","24.8","10.9","10.2","17.6","22.4","14.0","0.0","0.0","1.4","10.1","10.3","7.3","17.23","19.4","0.0","50.0","45.9","60.6","0.6","1.0","3.8","0.0","0.0","0.0","20.5","14.9","2.9"
"20221016","何魂","秦款措备","20.4","26.1","16.7","14.7","17.8","22.6","14.2","0.0","8.5","1.5","8.4","0.0","7.2","18.78","3.27","0.0","70.9","71.6","60.9","3.5","9.8","3.6","0.0","0.0","0.0","7.1","16.1","2.9"
"20221015","何魂","秦款措备","19.7","25.0","16.5","21.9","18.0","22.8","14.5","0.0","0.0","1.6","8.7","6.8","7.1","17.77","15.39","0.0","68.9","72.8","61.2","3.4","4.6","3.8","0.0","0.0","0.0","9.2","7.8","2.9"
"20221014","何魂","秦款措备","19.0","24.8","15.5","21.4","18.3","23.0","14.8","0.0","0.0","2.2","7.8","7.9","7.0","17.27","14.65","0.0","66.9","73.0","62.0","4.9","0.8","4.0","0.0","0.0","0.0","8.6","6.8","2.9"
"20221013","何魂","秦款措备","19.0","23.5","16.3","19.9","18.6","23.3","15.2","0.0","0.0","2.5","7.4","1.7","7.0","17.12","11.62","0.0","62.0","75.0","62.8","4.4","7.9","4.0","0.0","0.0","0.0","12.3","11.0","3.0"
"20221012","何魂","秦款措备","17.1","22.8","11.2","18.6","19.0","23.6","15.6","0.0","0.1","2.4","7.4","0.0","6.8","17.0","6.32","0.0","63.0","80.6","63.8","2.9","9.3","4.1","0.0","0.0","0.0","10.1","13.0","3.0"
"20221011","何魂","秦款措备","14.7","21.1","10.7","21.1","19.1","23.7","15.7","0.0","1.6","2.4","10.3","0.1","6.9","19.98","5.78","0.0","61.3","85.1","64.1","0.3","8.9","4.2","0.0","0.0","0.0","16.2","10.5","3.1"
"20221010","何魂","秦款措备","14.8","19.1","11.6","24.9","19.2","23.8","15.9","0.0","0.0","3.2","7.8","7.9","6.7","17.58","15.99","0.0","55.9","82.1","64.8","3.1","4.4","4.2","0.0","0.0","0.0","20.7","10.8","3.1"
"20221009","何魂","秦款措备","17.3","19.8","14.9","23.7","19.3","23.8","16.1","1.4","0.4","3.2","0.0","5.1","6.6","4.69","12.19","0.0","75.5","83.5","65.0","9.8","4.5","4.4","0.0","0.0","0.0","10.4","7.2","3.1"
"20221008","何魂","秦款措备","17.2","21.8","14.3","23.3","19.3","23.9","16.1","0.0","0.2","3.2","8.2","3.5","6.5","17.43","11.44","0.0","61.9","77.9","65.2","4.9","6.6","4.6","0.0","0.0","0.0","11.4","7.5","3.1"
"20221007","何魂","秦款措备","17.2","23.4","14.9","23.4","19.3","23.8","16.1","0.0","0.0","4.0","5.0","10.0","6.3","13.53","18.94","0.0","71.0","76.4","64.9","7.0","2.3","4.9","0.0","0.0","0.0","10.9","9.0","3.1"
"20221006","何魂","秦款措备","18.1","20.2","16.5","23.4","19.5","23.9","16.3","0.7","0.0","3.7","0.0","8.1","6.2","6.36","17.76","0.0","77.5","79.3","64.8","9.6","5.0","5.1","0.0","0.0","0.0","8.0","6.5","3.1"
"20221005","何魂","秦款措备","18.3","22.6","16.0","24.4","19.7","24.2","16.5","0.0","0.0","2.6","3.1","10.3","6.5","13.69","19.91","0.0","75.9","78.9","64.9","8.3","1.9","5.1","0.0","0.0","0.0","9.3","10.0","3.1"
"20221004","何魂","秦款措备","21.8","24.9","16.7","24.5","19.9","24.4","16.7","4.7","0.0","3.6","0.0","8.9","6.7","3.82","19.26","0.0","88.9","80.4","65.3","9.4","4.6","4.9","0.0","0.0","0.0","19.5","15.5","3.0"
"20221003","何魂","秦款措备","24.2","25.3","23.2","23.5","20.2","24.6","17.0","2.9","0.0","3.6","0.1","10.4","6.7","4.5","19.57","0.0","89.1","73.3","66.4","8.1","0.5","5.0","0.0","0.0","0.0","17.6","5.4","3.0"
"20221002","何魂","秦款措备","23.9","28.3","20.0","23.3","20.4","24.8","17.3","0.0","0.0","4.2","8.3","10.3","6.5","17.81","19.24","0.0","77.0","76.4","67.4","5.5","0.0","5.1","0.0","0.0","0.0","5.5","8.9","3.0"
"20221001","何魂","秦款措备","23.4","30.8","18.5","22.2","20.5","24.7","17.5","0.0","0.0","5.2","10.7","10.4","6.1","21.17","20.17","0.0","64.5","75.8","68.9","2.6","0.0","5.4","0.0","0.0","0.0","6.8","8.2","3.1"
"20220930","何魂","秦款措备","22.1","26.9","18.4","22.1","20.5","24.6","17.6","0.0","36.7","6.0","10.7","2.3","5.5","20.89","9.14","0.0","75.8","86.1","69.8","0.0","6.4","5.7","0.0","0.0","0.0","6.5","10.4","3.1"
"20220929","何魂","秦款措备","22.6","27.2","18.6","24.2","20.6","24.7","17.8","0.0","18.1","5.3","10.7","2.1","5.4","21.05","12.34","0.0","70.6","88.6","69.9","0.4","9.0","5.7","0.0","0.0","0.0","7.3","12.1","3.2"
"20220928","何魂","秦款措备","21.8","27.7","19.1","22.4","20.8","24.9","17.9","0.0","0.0","4.6","3.2","0.4","5.6","12.95","9.21","0.0","77.3","77.3","68.9","8.0","9.3","5.6","0.0","0.0","0.0","6.9","7.8","3.2"
"20220927","何魂","秦款措备","21.6","26.6","19.1","21.8","21.0","25.1","18.0","0.0","0.1","3.2","3.1","5.8","5.9","11.08","16.83","0.0","76.3","73.3","68.9","6.0","7.8","5.4","0.0","0.0","0.0","7.2","9.4","3.1"
"20220926","何魂","秦款措备","20.5","24.2","18.8","21.7","21.2","25.4","18.1","0.0","0.0","3.8","0.2","2.0","6.2","7.51","12.09","0.0","74.8","70.6","68.3","9.5","8.1","5.1","0.0","0.0","0.0","5.1","10.5","3.2"
"20220925","何魂","秦款措备","20.3","22.6","18.5","22.1","21.2","25.5","18.2","0.0","0.2","3.5","0.1","2.8","6.3","7.05","13.52","0.0","64.6","80.5","68.8","9.0","8.0","5.0","0.0","0.0","0.0","7.2","11.9","3.2"
"20220924","何魂","秦款措备","20.0","25.6","15.7","22.1","21.2","25.4","18.3","0.0","0.0","3.4","9.4","6.0","6.2","22.44","16.89","0.0","51.6","70.5","69.4","5.0","4.1","5.1","0.0","0.0","0.0","11.8","9.5","3.3"
"20220923","何魂","秦款措备","22.4","26.8","18.9","22.8","21.3","25.4","18.4","0.0","0.0","3.9","7.6","10.4","5.9","20.1","21.82","0.0","67.3","60.8","70.3","4.3","2.9","5.3","0.0","0.0","0.0","13.9","11.0","3.4"
"20220922","何魂","秦款措备","20.3","24.8","17.1","23.1","21.4","25.5","18.6","0.0","4.0","4.1","2.3","0.0","5.9","12.78","0.0","0.0","72.8","80.9","70.0","7.0","1.0","5.4","0.0","0.0","0.0","8.2","0.0","3.5"
"20220921","何魂","秦款措备","18.9","23.4","15.4","23.0","21.7","25.7","18.9","0.0","7.9","2.5","10.2","0.4","6.1","22.69","4.62","0.0","63.3","92.9","69.4","4.0","7.5","5.3","0.0","0.0","0.0","11.2","15.5","3.5"
"20220920","何魂","秦款措备","19.3","23.4","17.4","23.1","21.9","25.9","19.1","0.0","0.0","2.0","8.3","5.2","6.1","19.48","17.45","0.0","63.1","79.4","69.6","6.0","4.4","5.3","0.0","0.0","0.0","13.6","8.5","3.6"
"20220919","何魂","秦款措备","24.1","28.8","19.0","22.7","22.2","26.1","19.4","14.2","0.0","3.7","4.4","10.5","6.1","14.96","21.55","0.0","75.8","72.5","70.5","6.5","3.0","5.3","0.0","0.0","0.0","23.2","8.9","3.6"
"20220918","何魂","秦款措备","26.4","31.0","23.0","22.5","22.4","26.3","19.6","19.0","0.0","5.1","3.6","6.8","6.1","14.4","18.13","0.0","78.6","71.8","71.1","9.0","5.6","5.2","0.0","0.0","0.0","18.4","8.3","3.6"
"20220917","何魂","秦款措备","25.8","30.4","23.2","20.3","22.5","26.4","19.8","0.3","50.1","5.8","3.4","0.0","6.2","11.89","2.33","0.0","80.8","90.4","72.2","6.5","9.9","5.2","0.0","0.0","0.0","7.1","19.6","3.6"
"20220916","何魂","秦款措备","25.1","29.2","22.5","22.7","22.6","26.3","19.9","0.0","0.0","6.7","2.9","1.1","5.8","13.54","6.69","0.0","85.0","76.0","73.7","5.6","7.1","5.5","0.0","0.0","0.0","8.0","13.5","3.5"
"20220915","何魂","秦款措备","24.3","28.1","22.5","22.9","22.7","26.4","20.0","0.0","0.0","7.3","6.9","6.1","5.9","17.64","17.53","0.0","75.5","69.6","73.8","6.0","5.8","5.5","0.0","0.0","0.0","14.6","16.7","3.5"
"20220914","何魂","秦款措备","24.3","28.7","22.1","21.5","22.9","26.5","20.2","0.0","12.5","5.5","3.2","0.0","5.7","12.99","2.99","0.0","74.4","93.0","73.6","6.9","10.0","5.8","0.0","0.0","0.0","14.3","13.5","3.4"
"20220913","何魂","秦款措备","24.7","28.4","22.7","23.6","23.0","26.6","20.3","0.0","0.0","6.2","3.6","0.1","5.5","15.21","9.89","0.0","75.9","75.9","73.8","8.3","9.8","6.0","0.0","0.0","0.0","13.6","11.9","3.3"
"20220912","何魂","秦款措备","24.5","28.1","21.9","24.9","23.1","26.8","20.5","0.0","0.0","6.7","1.3","6.7","5.5","13.37","17.51","0.0","79.0","72.6","74.1","9.1","8.6","6.1","0.0","0.0","0.0","7.8","8.8","3.2"
"20220911","何魂","秦款措备","23.8","28.6","21.0","24.9","23.2","27.0","20.6","0.0","0.0","6.5","2.7","11.3","5.6","15.4","23.56","0.0","76.1","75.6","74.4","7.9","2.1","6.1","0.0","0.0","0.0","9.6","8.4","3.1"
"20220910","何魂","秦款措备","22.8","26.4","20.8","22.8","23.4","27.1","20.7","0.0","0.3","6.2","0.9","0.3","5.6","11.64","7.11","0.0","72.9","77.8","74.7","8.4","8.6","6.0","0.0","0.0","0.0","11.3","7.1","3.1"
"20220909","何魂","秦款措备","23.1","28.0","20.0","24.2","23.5","27.2","20.8","0.0","0.0","7.8","7.8","5.3","5.9","22.04","18.81","0.0","71.8","76.1","74.9","6.4","7.0","5.7","0.0","0.0","0.0","11.2","5.6","3.2"
"20220908","何魂","秦款措备","22.7","27.4","19.3","24.4","23.5","27.1","20.9","0.0","0.0","7.2","8.6","4.0","5.7","19.94","17.04","0.0","65.8","76.9","75.8","5.4","6.5","5.8","0.0","0.0","0.0","9.2","9.0","3.2"
"20220907","何魂","秦款措备","23.3","28.7","18.8","24.5","23.7","27.2","21.1","0.0","6.9","6.3","10.9","0.8","5.4","24.27","9.92","0.0","60.3","86.0","76.2","1.6","8.9","6.1","0.0","0.0","0.0","8.0","12.3","3.3"
"20220906","何魂","秦款措备","24.5","28.3","21.3","23.1","23.9","27.4","21.2","69.2","2.5","5.5","6.2","1.1","5.7","17.81","12.02","0.0","75.1","79.4","75.9","5.6","9.8","6.0","0.0","0.0","0.0","28.5","12.0","3.4"
"20220905","何魂","秦款措备","26.2","27.9","25.3","22.7","24.0","27.6","21.4","17.8","0.0","6.9","0.0","1.0","5.5","4.46","9.87","0.0","92.6","71.6","76.3","9.8","9.8","6.2","0.0","0.0","0.0","15.0","9.8","3.4"
"20220904","何魂","秦款措备","25.8","29.4","22.5","23.0","24.2","27.7","21.6","2.8","0.0","6.2","2.9","1.3","5.4","14.33","12.63","0.0","91.9","73.5","76.8","8.6","8.5","6.3","0.0","0.0","0.0","6.9","9.1","3.5"
"20220903","何魂","秦款措备","22.7","25.1","20.8","22.1","24.5","28.2","21.9","7.4","0.8","5.1","0.0","1.1","6.0","5.69","11.61","0.0","97.1","81.0","75.9","10.0","8.8","6.0","0.0","0.0","0.0","10.2","10.7","3.5"
"20220902","何魂","秦款措备","20.9","22.3","20.0","21.6","24.6","28.3","22.0","29.9","1.5","7.0","0.0","0.0","6.1","2.72","6.89","0.0","96.9","87.0","75.4","10.0","10.0","5.9","0.0","0.0","0.0","10.7","8.3","3.6"
"20220901","何魂","秦款措备","21.9","23.1","21.0","24.9","24.6","28.2","22.1","1.8","23.1","8.4","0.0","0.3","5.7","4.71","7.95","0.0","86.5","86.6","76.2","9.1","9.3","6.3","0.0","0.0","0.0","7.8","14.2","3.6"
"20220831","何魂","秦款措备","22.6","24.3","21.2","26.0","24.8","28.4","22.3","36.2","0.1","7.1","0.0","2.6","6.0","2.32","14.94","0.0","93.4","84.5","76.2","9.9","8.4","6.2","0.0","0.0","0.0","8.2","6.3","3.6"
"20220830","何魂","秦款措备","24.0","27.2","22.6","26.4","25.0","28.6","22.4","2.4","0.5","6.4","0.7","5.9","6.2","5.44","19.28","0.0","86.8","78.1","76.2","8.5","7.4","6.1","0.0","0.0","0.0","6.2","8.2","3.6"
"20220829","何魂","秦款措备","24.3","29.7","21.1","26.6","25.0","28.6","22.5","0.0","0.5","6.8","2.9","4.2","6.1","13.71","14.31","0.0","73.0","86.0","76.7","7.0","7.3","6.2","0.0","0.0","0.0","8.4","11.1","3.6"
"20220828","何魂","秦款措备","23.0","27.2","19.5","26.7","25.1","28.6","22.6","0.0","6.3","6.8","7.9","8.6","6.0","20.71","23.06","0.0","63.4","82.5","77.4","5.6","5.3","6.2","0.0","0.0","0.0","9.1","13.0","3.5"
"20220827","何魂","秦款措备","24.6","29.8","21.2","26.2","25.2","28.8","22.7","0.0","2.1","7.6","6.5","5.2","6.1","19.79","16.62","0.0","63.8","82.9","77.6","4.5","5.9","6.1","0.0","0.0","0.0","8.9","13.7","3.4"
"20220826","何魂","秦款措备","25.0","28.7","22.4","26.4","25.3","28.8","22.9","0.0","0.0","7.9","9.9","9.2","6.0","24.35","23.73","0.0","67.4","82.4","77.8","3.8","4.6","6.1","0.0","0.0","0.0","10.1","9.0","3.5"
"20220825","何魂","秦款措备","24.5","28.8","20.4","24.3","25.4","28.8","22.9","0.0","146.2","11.2","9.2","0.2","5.8","24.19","5.2","0.0","75.6","97.8","77.8","6.0","10.0","6.3","0.0","0.0","0.0","8.8","15.6","3.5"
"20220824","何魂","秦款措备","22.2","24.2","20.7","25.5","25.5","28.9","23.1","25.5","36.1","12.3","0.0","0.0","5.9","5.44","2.11","0.0","88.5","93.1","78.1","8.9","9.0","6.3","0.0","0.0","0.0","11.2","28.7","3.5"
"20220823","何魂","秦款措备","26.8","31.4","24.1","24.0","25.7","29.1","23.3","0.3","79.7","11.6","4.4","0.0","6.0","16.51","5.08","0.0","71.9","93.4","78.4","9.1","10.0","6.2","0.0","0.0","0.0","8.5","18.2","3.6"
"20220822","何魂","秦款措备","25.7","29.0","21.2","26.1","25.8","29.2","23.4","0.0","0.0","10.7","10.6","7.1","6.1","24.86","18.99","0.0","59.6","83.9","78.2","4.5","7.4","6.0","0.0","0.0","0.0","6.8","19.8","3.6"
"20220821","何魂","秦款措备","26.0","30.3","23.0","23.8","25.9","29.3","23.5","0.0","99.1","10.9","10.2","0.0","6.2","25.63","1.29","0.0","70.5","93.4","78.3","4.1","9.8","6.0","0.0","0.0","0.0","10.1","29.7","3.5"
"20220820","何魂","秦款措备","25.6","27.7","23.4","25.5","26.0","29.4","23.6","29.2","0.0","8.4","0.3","9.4","6.3","5.82","23.82","0.0","94.3","81.3","78.6","7.6","4.6","6.0","0.0","0.0","0.0","14.9","7.7","3.5"
"20220819","何魂","秦款措备","26.6","30.1","22.5","24.6","26.0","29.5","23.7","0.0","0.0","6.4","6.4","2.2","6.5","21.32","13.59","0.0","82.4","78.3","78.4","7.4","7.6","5.9","0.0","0.0","0.0","13.8","10.2","3.5"
"20220818","何魂","秦款措备","24.8","28.9","21.7","23.4","26.1","29.5","23.7","0.0","4.1","5.9","10.2","0.4","6.5","26.04","9.32","0.0","85.3","82.1","78.6","3.6","7.4","5.9","0.0","0.0","0.0","6.7","11.7","3.4"
"20220817","何魂","秦款措备","22.9","24.2","21.9","22.8","26.2","29.6","23.8","23.4","42.8","6.8","0.0","1.8","6.3","4.81","9.01","0.0","94.6","87.3","79.1","8.9","8.5","6.0","0.0","0.0","0.0","5.5","11.5","3.5"
"20220816","何魂","秦款措备","26.1","29.2","23.8","25.0","26.2","29.5","23.9","52.6","0.0","7.9","0.0","7.3","6.1","5.03","21.02","0.0","90.4","73.4","79.6","9.9","7.9","6.2","0.0","0.0","0.0","16.6","10.4","3.5"
"20220815","何魂","秦款措备","29.0","31.5","26.8","24.7","26.3","29.6","23.9","0.0","0.2","7.8","8.8","5.2","6.0","22.34","16.08","0.0","78.5","77.1","79.2","7.4","8.1","6.1","0.0","0.0","0.0","16.8","9.9","3.5"
"20220814","何魂","秦款措备","28.3","32.7","25.1","23.6","26.4","29.6","24.0","0.0","15.0","9.7","7.9","1.3","6.0","22.77","8.24","0.0","80.4","86.5","79.5","6.6","9.1","6.1","0.0","0.0","0.0","12.6","11.3","3.5"
"20220813","何魂","秦款措备","27.2","31.4","23.5","25.0","26.5","29.7","24.2","0.4","1.6","9.9","4.2","0.0","6.1","19.24","6.2","0.0","87.5","84.8","79.3","7.9","9.9","6.1","0.0","0.0","0.0","8.9","8.4","3.5"
"20220812","何魂","秦款措备","28.1","31.9","25.2","26.3","26.6","29.8","24.2","0.0","0.2","9.3","8.4","3.8","6.1","22.41","17.6","0.0","85.3","80.5","79.2","6.1","8.8","6.2","0.0","0.0","0.0","8.7","6.7","3.5"
"20220811","何魂","秦款措备","27.4","29.0","25.6","26.0","26.6","29.9","24.3","1.4","0.0","9.8","0.0","3.1","6.1","6.92","13.63","0.0","84.8","82.4","79.0","9.5","7.4","6.2","0.0","0.0","0.0","12.9","9.9","3.6"
"20220810","何魂","秦款措备","28.1","30.4","27.2","26.2","26.7","30.0","24.3","0.0","0.5","10.4","0.1","5.0","6.2","9.31","20.45","0.0","81.1","78.9","79.2","9.0","8.5","6.2","0.0","0.0","0.0","14.3","7.8","3.6"
"20220809","何魂","秦款措备","28.6","32.0","27.0","26.3","26.7","30.0","24.4","0.0","2.1","10.4","4.2","4.3","6.2","17.82","18.41","0.0","78.4","77.9","79.3","8.4","7.9","6.2","0.0","0.0","0.0","12.1","12.5","3.6"
"20220808","何魂","秦款措备","28.9","31.3","27.3","25.3","26.8","30.1","24.3","0.0","43.3","10.0","4.5","0.0","6.4","18.8","4.91","0.0","80.0","90.4","79.2","6.3","9.6","6.0","0.0","0.0","0.0","13.8","9.9","3.7"
"20220807","何魂","秦款措备","29.0","32.3","26.8","29.7","26.8","30.3","24.3","0.0","0.8","9.3","9.9","8.9","7.0","25.03","24.16","0.0","84.4","72.5","78.7","3.6","6.3","5.6","0.0","0.0","0.0","13.8","6.9","3.6"
"20220806","何魂","秦款措备","29.2","32.4","26.9","30.4","26.9","30.3","24.3","0.0","0.0","8.4","9.8","11.6","7.5","24.26","27.36","0.0","82.8","71.8","78.5","1.9","1.0","5.2","0.0","0.0","0.0","8.5","8.2","3.6"
"20220805","何魂","秦款措备","29.0","33.1","26.6","29.8","26.8","30.2","24.3","0.0","0.0","7.0","11.0","12.3","7.6","25.44","27.66","0.0","81.6","73.4","78.7","3.1","0.4","5.2","0.0","0.0","0.0","11.2","7.6","3.7"
"20220804","何魂","秦款措备","28.7","31.8","26.2","29.4","26.8","30.3","24.3","0.0","0.0","6.4","9.6","11.1","7.7","23.43","26.77","0.0","83.1","70.5","78.8","4.6","2.0","5.2","0.0","0.0","0.0","9.8","7.2","3.7"
"20220803","何魂","秦款措备","27.7","30.4","25.4","28.0","26.8","30.2","24.4","1.3","0.0","6.6","3.6","4.8","7.7","16.49","18.65","0.0","88.1","75.8","79.4","7.6","7.6","5.2","0.0","0.0","0.0","11.2","10.8","3.7"
"20220802","何魂","秦款措备","27.1","29.4","26.0","29.0","26.8","30.1","24.4","3.7","0.0","6.2","1.1","10.3","7.6","13.07","25.09","0.0","93.4","76.5","79.7","8.6","5.3","5.3","0.0","0.0","0.0","16.3","8.4","3.7"
"20220801","何魂","秦款措备","27.5","30.5","26.2","29.1","26.7","30.0","24.3","0.3","0.0","5.8","1.3","8.6","7.5","11.09","23.86","0.0","87.4","80.5","80.1","8.9","4.5","5.4","0.0","0.0","0.0","13.6","8.2","3.7"
"20220731","何魂","秦款措备","27.1","28.3","25.8","28.0","26.6","30.0","24.2","1.0","4.2","8.3","0.0","4.7","7.6","7.05","16.87","0.0","89.5","84.1","80.5","9.3","7.8","5.4","0.0","0.0","0.0","12.3","9.4","3.7"
"20220730","何魂","秦款措备","28.1","30.6","26.4","27.8","26.5","29.9","24.1","0.0","0.0","7.4","0.3","11.5","7.4","12.23","26.09","0.0","77.8","74.3","80.7","8.3","5.6","5.5","0.0","0.0","0.0","9.4","9.4","3.7"
"20220729","何魂","秦款措备","28.5","32.9","25.2","28.1","26.3","29.7","24.0","0.0","0.0","8.4","11.7","11.3","7.1","27.99","26.68","0.0","77.9","71.0","80.6","1.4","3.8","5.7","0.0","0.0","0.0","9.8","7.4","3.7"
"20220728","何魂","秦款措备","26.6","30.8","24.3","27.9","26.1","29.4","23.8","0.0","0.0","9.7","4.7","10.2","6.9","14.45","25.47","0.0","87.3","73.1","80.8","5.9","2.3","5.8","0.0","0.0","0.0","6.9","8.5","3.7"
"20220727","何魂","秦款措备","26.2","30.5","22.7","28.1","26.0","29.3","23.7","0.0","0.0","8.6","7.5","11.6","6.7","23.29","28.18","0.0","77.3","74.1","80.9","5.9","1.0","6.0","0.0","0.0","0.0","8.8","9.1","3.7"
"20220726","何魂","秦款措备","25.7","29.7","22.6","28.1","25.9","29.1","23.5","0.0","0.0","6.4","8.4","10.9","6.7","25.19","27.65","0.0","83.4","70.3","80.9","5.1","2.5","6.0","0.0","0.0","0.0","7.9","8.9","3.8"
"20220725","何魂","秦款措备","25.2","28.6","23.2","27.9","25.8","29.1","23.3","0.0","0.0","7.8","6.5","7.5","6.9","22.11","23.33","0.0","89.9","72.3","80.9","3.9","6.8","5.9","0.0","0.0","0.0","7.2","10.0","3.9"
"20220724","何魂","秦款措备","25.1","28.1","22.9","28.1","25.7","29.0","23.2","23.4","0.0","6.8","8.1","9.9","7.1","21.5","24.71","0.0","89.8","72.6","81.4","5.5","6.8","6.0","0.0","0.0","0.0","14.2","8.0","3.9"
"20220723","何魂","秦款措备","24.6","28.3","22.1","27.8","25.6","28.9","23.2","0.2","0.0","6.5","3.7","9.2","7.0","19.2","24.79","0.0","84.8","74.9","82.1","8.6","7.8","5.9","0.0","0.0","0.0","5.5","7.7","3.9"
"20220722","何魂","秦款措备","25.1","29.7","22.0","28.0","25.5","28.8","23.1","0.0","0.0","8.0","8.6","8.7","7.0","21.73","22.92","0.0","76.6","73.0","82.3","2.6","6.5","5.9","0.0","0.0","0.0","8.9","9.4","3.8"
"20220721","何魂","秦款措备","26.3","30.1","23.0","27.9","25.4","28.7","22.9","12.9","0.0","8.4","8.1","8.4","6.8","24.39","22.12","0.0","79.0","70.9","82.1","4.8","7.6","6.0","0.0","0.0","0.0","16.7","9.0","3.7"
"20220720","何魂","秦款措备","26.0","30.3","23.3","28.4","25.2","28.4","22.7","0.0","0.0","7.6","11.8","11.3","6.6","25.58","26.95","0.0","79.5","69.0","81.9","5.1","5.1","6.0","0.0","0.0","0.0","7.5","7.8","3.6"
"20220719","何魂","秦款措备","24.7","27.4","23.1","26.8","24.9","28.1","22.4","0.0","1.1","7.1","4.5","1.6","6.3","15.16","15.14","0.0","91.3","80.8","81.7","7.0","8.6","6.1","0.0","0.0","0.0","6.8","7.0","3.6"
"20220718","何魂","秦款措备","22.8","26.2","20.1","26.3","24.7","27.8","22.2","63.1","0.0","8.7","0.0","2.5","6.1","2.15","15.49","0.0","95.8","78.9","82.0","10.0","7.5","6.3","0.0","0.0","0.0","10.1","8.8","3.6"
"20220717","何魂","秦款措备","26.3","29.4","23.5","25.5","24.4","27.5","22.0","0.0","7.7","11.4","5.8","2.9","5.7","21.79","16.7","0.0","75.6","80.4","82.7","8.3","7.4","6.7","0.0","0.0","0.0","10.1","10.0","3.7"
"20220716","何魂","秦款措备","26.0","30.2","23.0","27.0","24.2","27.3","21.9","0.0","0.1","12.0","12.4","8.1","5.5","28.65","24.35","0.0","81.4","79.4","83.2","2.5","6.4","6.8","0.0","0.0","0.0","8.9","8.0","3.7"
"20220715","何魂","秦款措备","25.7","30.2","22.9","27.3","24.0","27.0","21.8","0.0","0.0","13.8","11.2","8.8","4.9","26.83","23.22","0.0","86.8","83.0","84.6","3.8","4.1","7.2","0.0","0.0","0.0","9.6","8.2","3.8"
"20220714","何魂","秦款措备","26.8","32.1","24.2","27.5","23.9","26.8","21.8","0.0","0.0","14.3","5.8","8.7","4.5","18.94","23.88","0.0","85.3","84.6","85.5","6.3","3.5","7.4","0.0","0.0","0.0","10.5","10.2","3.8"
"20220713","何魂","秦款措备","24.5","26.7","22.3","27.0","23.8","26.6","21.7","0.0","0.0","16.2","0.0","7.2","4.1","10.35","22.97","0.0","84.6","85.9","85.5","9.1","5.4","7.6","0.0","0.0","0.0","6.7","11.9","3.8"
"20220712","何魂","秦款措备","25.1","28.3","23.4","27.2","23.7","26.6","21.6","0.0","0.0","15.2","5.4","8.5","4.0","22.43","25.48","0.0","80.0","83.6","85.5","7.6","5.3","7.6","0.0","0.0","0.0","8.4","9.9","3.8"
"20220711","何魂","秦款措备","24.8","26.0","23.5","26.2","23.6","26.4","21.5","42.6","0.0","14.8","0.1","8.7","3.9","5.91","25.0","0.0","92.3","84.6","85.7","8.4","5.1","7.7","0.0","0.0","0.0","5.6","11.7","3.8"
"20220710","何魂","秦款措备","26.4","29.6","24.7","25.3","23.4","26.3","21.3","0.0","0.0","12.6","3.3","4.7","3.9","20.67","20.42","0.0","85.6","84.9","85.1","7.1","6.9","7.8","0.0","0.0","0.0","7.3","12.4","3.7"
"20220709","何魂","秦款措备","27.6","31.2","24.6","24.4","23.2","26.2","21.1","0.0","4.2","15.5","8.9","2.0","4.2","25.5","12.34","0.0","79.1","90.6","84.9","5.3","8.4","7.6","0.0","0.0","0.0","7.9","9.7","3.6"
"20220708","何魂","秦款措备","26.7","29.5","25.6","23.7","23.1","26.1","20.9","0.7","0.7","11.4","1.4","0.4","4.6","10.75","9.92","0.0","90.9","92.3","84.7","7.9","9.5","7.5","0.0","0.0","0.0","11.5","8.9","3.6"
"20220707","何魂","秦款措备","27.5","30.6","25.7","23.7","22.9","26.0","20.7","0.0","137.5","9.6","5.3","0.1","4.7","21.75","3.54","0.0","91.5","95.8","84.6","6.0","10.0","7.4","0.0","0.0","0.0","13.1","10.9","3.5"
"20220706","何魂","秦款措备","27.0","30.4","24.5","23.4","22.8","25.9","20.5","0.0","121.3","11.1","4.6","0.0","4.6","22.28","2.49","0.0","89.8","96.3","84.8","8.3","10.0","7.4","0.0","0.0","0.0","6.5","24.3","3.4"
"20220705","何魂","秦款措备","26.4","30.7","24.9","22.7","22.8","25.9","20.5","1.1","16.1","12.0","2.2","0.0","4.7","12.83","5.56","0.0","85.9","91.0","85.2","7.6","9.9","7.4","0.0","0.0","0.0","7.7","16.6","3.5"
"20220704","何魂","秦款措备","27.4","31.1","25.1","23.9","22.8","25.9","20.5","0.0","66.2","10.7","9.8","2.2","4.5","26.58","14.03","0.0","80.4","87.5","85.7","5.3","9.3","7.6","0.0","0.0","0.0","5.9","24.6","3.5"
"20220703","何魂","秦款措备","27.5","31.5","24.7","22.9","22.7","25.8","20.6","0.0","40.8","12.5","9.6","0.0","4.3","26.8","5.1","0.0","78.9","88.1","86.2","6.6","9.6","7.8","0.0","0.0","0.0","8.5","13.8","3.5"
"20220702","何魂","秦款措备","27.4","32.2","23.8","24.7","22.6","25.7","20.5","0.0","0.0","12.4","12.4","4.0","3.9","27.95","18.37","0.0","69.6","69.6","86.5","3.3","5.5","8.0","0.0","0.0","0.0","5.1","10.5","3.6"
"20220701","何魂","秦款措备","25.9","29.9","21.7","24.8","22.5","25.6","20.4","0.0","0.0","11.6","11.7","8.2","3.9","30.08","24.0","0.0","85.0","66.8","86.4","1.4","4.0","7.9","0.0","0.0","0.0","7.6","6.8","3.6"
"20220630","何魂","秦款措备","25.5","28.2","23.4","23.9","22.4","25.5","20.2","0.0","0.0","11.6","9.2","8.1","4.0","29.18","25.39","0.0","91.6","73.0","85.7","4.6","5.9","7.8","0.0","0.0","0.0","18.5","7.8","3.5"
"20220629","何魂","秦款措备","24.1","25.0","23.0","23.5","22.2","25.3","20.0","18.6","0.0","10.2","0.0","7.9","4.0","8.3","24.55","0.0","98.9","73.8","85.0","9.9","4.8","7.7","0.0","0.0","0.0","21.8","8.4","3.5"
"20220628","何魂","秦款措备","23.7","24.7","23.3","24.1","22.1","25.1","19.9","15.7","0.0","10.7","0.0","11.0","4.2","5.06","27.46","0.0","99.5","70.9","84.3","9.4","5.3","7.6","0.0","0.0","0.0","21.2","11.0","3.5"
"20220627","何魂","秦款措备","23.6","24.5","22.8","23.8","21.9","25.0","19.7","12.3","0.0","12.1","0.0","11.2","4.4","3.19","28.44","0.0","100.0","69.6","83.1","9.6","2.8","7.5","0.0","0.0","0.0","15.9","8.6","3.5"
"20220626","何魂","秦款措备","24.0","25.7","22.5","23.0","21.8","24.9","19.5","0.0","0.0","12.2","0.2","5.6","4.6","8.83","19.61","0.0","96.9","75.4","82.1","8.9","6.6","7.4","0.0","0.0","0.0","14.1","7.4","3.4"
"20220625","何魂","秦款措备","23.2","26.5","20.9","22.2","21.6","24.7","19.3","0.9","0.0","11.2","2.1","12.5","4.6","16.54","28.58","0.0","93.0","77.1","81.3","8.0","3.9","7.3","0.0","0.0","0.0","17.9","7.1","3.4"
"20220624","何魂","秦款措备","22.9","25.1","21.4","21.7","21.5","24.7","19.1","38.7","0.0","11.4","2.5","5.0","4.8","8.33","20.36","0.0","96.5","74.6","80.6","8.0","6.5","7.3","0.0","0.0","0.0","21.0","6.5","3.4"
"20220623","何魂","秦款措备","23.2","23.9","22.7","21.1","21.5","24.8","19.1","0.4","0.0","8.9","0.0","5.0","5.1","4.17","20.67","0.0","97.4","73.8","79.8","10.0","6.9","7.1","0.0","0.0","0.0","17.3","7.5","3.3"
"20220622","何魂","秦款措备","24.7","28.6","21.9","21.3","21.5","24.9","19.1","0.0","0.1","6.2","12.5","8.9","5.5","28.76","26.02","0.0","84.4","71.8","79.6","2.9","4.3","7.0","0.0","0.0","0.0","11.0","8.3","3.2"
"20220621","何魂","秦款措备","25.0","28.6","22.7","23.9","21.6","25.0","19.1","0.0","0.0","6.7","8.8","11.4","5.7","26.2","29.64","0.0","86.9","61.6","79.6","4.0","3.4","6.9","0.0","0.0","0.0","7.8","9.4","3.1"
"20220620","何魂","秦款措备","24.2","27.6","21.9","23.0","21.5","24.9","19.0","0.0","0.0","7.9","11.1","10.8","5.6","25.76","27.39","0.0","86.4","72.9","79.9","6.6","5.0","6.9","0.0","0.0","0.0","8.3","6.9","3.2"
"20220619","何魂","秦款措备","23.5","26.7","21.1","22.9","21.5","25.0","18.9","0.0","0.0","7.8","10.4","12.5","5.9","27.33","30.05","0.0","85.9","73.1","79.1","1.8","1.9","6.7","0.0","0.0","0.0","10.3","8.4","3.1"
"20220618","何魂","秦款措备","23.9","27.2","22.1","20.0","21.4","24.9","18.7","0.0","5.0","7.3","10.7","0.0","6.1","27.3","8.68","0.0","82.3","91.0","77.9","3.5","8.6","6.4","0.0","0.0","0.0","10.6","7.7","3.0"
"20220617","何魂","秦款措备","22.8","25.8","20.2","19.9","21.3","24.9","18.5","0.0","1.1","7.1","10.6","0.9","6.4","26.19","13.49","0.0","82.1","83.5","76.8","3.8","9.0","6.2","0.0","0.0","0.0","10.5","9.0","3.1"
"20220616","何魂","秦款措备","22.1","26.0","19.8","20.0","21.2","24.8","18.4","0.0","13.5","4.5","10.0","0.0","6.4","27.13","8.66","0.0","79.3","86.6","75.5","3.4","9.5","6.2","0.0","0.0","0.0","11.7","13.1","3.0"
"20220615","何魂","秦款措备","19.8","23.4","16.1","20.8","21.1","24.9","18.2","0.4","30.0","3.5","3.9","0.0","6.7","17.18","4.79","0.0","88.1","90.1","74.5","7.5","9.8","6.0","0.0","0.0","0.0","12.5","9.9","3.0"
"20220614","何魂","秦款措备","17.3","18.4","16.8","22.4","21.0","24.8","18.2","9.4","0.0","2.8","0.0","3.5","6.6","4.02","18.67","0.0","94.5","85.6","74.2","9.9","7.6","6.0","0.0","0.0","0.0","11.6","7.1","3.0"
"20220613","何魂","秦款措备","19.4","22.4","17.8","22.8","20.9","24.7","18.1","0.1","0.0","3.2","0.0","6.4","6.5","9.65","23.95","0.0","77.6","89.1","74.2","9.6","7.3","6.1","0.0","0.0","0.0","10.5","5.5","3.1"
"20220612","何魂","秦款措备","20.1","24.3","17.4","20.9","20.8","24.6","18.0","0.0","73.4","3.9","8.3","0.0","6.3","24.78","4.52","0.0","75.1","98.4","74.7","5.6","10.0","6.2","0.0","0.0","0.0","10.2","10.6","3.1"
"20220611","何魂","秦款措备","21.1","26.4","18.3","20.8","20.8","24.5","18.0","0.0","82.6","4.6","4.3","0.0","6.5","16.41","3.15","0.0","73.1","94.4","74.5","6.3","10.0","6.2","0.0","0.0","0.0","8.7","10.0","3.2"
"20220610","何魂","秦款措备","20.5","24.9","16.4","22.4","20.7","24.4","17.8","0.0","0.0","4.6","6.6","5.3","6.2","22.08","19.38","0.0","78.0","71.6","74.1","6.6","7.5","6.3","0.0","0.0","0.0","6.2","5.8","3.1"
"20220609","何魂","秦款措备","18.9","23.3","14.7","23.1","20.5","24.2","17.6","0.0","0.0","4.4","11.7","11.8","6.5","28.84","28.97","0.0","76.8","56.5","74.0","2.6","2.5","6.1","0.0","0.0","0.0","6.9","7.4","3.0"
"20220608","何魂","秦款措备","17.5","21.0","15.0","23.0","20.4","24.2","17.4","0.0","0.0","4.2","3.4","11.5","6.7","17.67","28.42","0.0","78.4","65.4","73.8","7.4","3.8","5.9","0.0","0.0","0.0","7.9","8.4","2.9"
"20220607","何魂","秦款措备","17.3","21.6","15.0","21.6","20.2","24.2","17.2","0.0","0.0","3.5","0.8","12.1","7.0","12.76","28.38","0.0","76.3","68.5","72.9","9.1","3.8","5.6","0.0","0.0","0.0","9.3","9.6","2.9"
"20220606","何魂","秦款措备","19.0","24.1","16.1","20.9","20.2","24.3","17.1","5.7","0.0","2.4","4.1","10.0","7.1","16.48","26.87","0.0","82.0","74.6","72.3","7.4","4.1","5.5","0.0","0.0","0.0","13.2","10.9","2.8"
"20220605","何魂","秦款措备","17.8","19.1","16.4","20.2","20.1","24.3","17.0","49.8","0.0","2.4","0.0","10.7","7.6","2.85","26.68","0.0","93.4","73.3","71.9","9.9","4.9","5.2","0.0","0.0","0.0","11.8","12.9","3.0"
"20220604","何魂","秦款措备","20.7","25.1","17.7","20.7","19.9","24.1","16.9","0.0","2.2","3.0","7.5","8.3","7.4","23.15","26.55","0.0","69.6","65.8","71.6","5.8","6.6","5.4","0.0","0.0","0.0","9.5","10.0","3.1"
"20220603","何魂","秦款措备","21.6","26.2","17.7","19.2","19.9","24.0","16.8","0.0","24.4","3.3","12.4","0.0","7.4","28.96","2.69","0.0","73.4","91.8","70.5","1.0","9.6","5.4","0.0","0.0","0.0","8.4","8.9","3.1"
"20220602","何魂","秦款措备","20.7","24.5","18.0","21.4","19.7","23.9","16.5","0.0","0.0","3.3","12.5","6.8","7.6","30.68","21.25","0.0","76.0","64.5","69.6","0.0","7.5","5.2","0.0","0.0","0.0","10.5","8.2","3.1"
"20220601","何魂","秦款措备","22.2","27.5","18.5","21.2","19.5","23.6","16.4","0.0","0.0","4.4","10.6","10.8","7.5","26.67","27.67","0.0","47.8","57.6","69.9","4.9","4.4","5.2","0.0","0.0","0.0","9.1","5.7","3.1"
"20220531","何魂","秦款措备","21.6","27.4","18.4","20.3","19.5","23.6","16.2","0.0","0.0","3.7","12.5","9.6","7.7","30.5","26.04","0.0","52.6","63.0","69.6","1.6","3.6","5.1","0.0","0.0","0.0","9.6","9.3","3.1"
"20220530","何魂","秦款措备","20.7","23.9","17.2","19.8","19.4","23.5","16.0","1.7","0.0","3.8","4.5","12.5","7.9","19.77","29.58","0.0","67.9","65.9","68.4","7.3","0.4","4.9","0.0","0.0","0.0","6.7","7.4","3.1"
"20220529","何魂","秦款措备","22.6","26.6","19.2","18.7","19.2","23.5","15.9","0.0","0.0","4.1","12.5","11.5","8.0","30.64","29.45","0.0","50.5","65.1","68.2","4.6","2.3","4.9","0.0","0.0","0.0","10.8","11.4","3.1"
"20220528","何魂","秦款措备","22.6","27.0","19.3","17.6","19.1","23.3","15.9","0.0","3.0","5.1","10.4","6.0","7.5","23.66","19.28","0.0","48.4","80.4","68.9","5.1","2.3","5.2","0.0","0.0","0.0","11.3","21.1","3.2"
"20220527","何魂","秦款措备","22.4","27.2","17.5","16.9","19.1","23.4","15.8","0.0","1.8","5.7","12.5","3.4","7.6","30.2","12.26","0.0","47.6","84.4","68.8","0.1","5.5","5.1","0.0","0.0","0.0","15.3","13.4","3.3"
"20220526","何魂","秦款措备","20.4","25.0","17.1","17.9","19.0","23.3","15.8","0.0","0.5","6.5","8.8","2.3","7.4","26.12","16.57","0.0","69.0","47.4","68.6","4.8","9.3","5.2","0.0","0.0","0.0","9.4","12.7","3.2"
"20220525","何魂","秦款措备","21.5","25.4","17.9","19.9","19.0","23.3","15.8","0.0","0.0","5.6","11.8","8.2","7.6","28.15","22.53","0.0","69.4","44.8","68.9","3.3","4.0","5.1","0.0","0.0","0.0","10.5","14.9","3.2"
"20220524","何魂","秦款措备","22.6","27.1","16.5","18.8","19.0","23.3","15.8","0.0","1.2","5.3","12.3","5.4","7.8","27.89","15.85","0.0","65.6","77.0","68.8","2.1","6.3","4.9","0.0","0.0","0.0","7.4","9.2","3.2"
"20220523","何魂","秦款措备","21.0","25.7","17.5","21.5","19.0","23.3","15.7","0.0","0.0","5.0","10.6","9.6","8.1","26.74","26.31","0.0","67.6","67.9","67.9","3.8","5.3","4.8","0.0","0.0","0.0","5.5","9.7","3.3"
"20220522","何魂","秦款措备","21.9","26.4","17.7","19.0","18.9","23.1","15.5","0.0","0.0","3.7","12.2","12.5","8.1","28.5","29.69","0.0","57.8","68.0","67.2","0.5","1.5","4.7","0.0","0.0","0.0","9.2","11.0","3.3"
"20220521","何魂","秦款措备","20.0","25.3","16.9","18.4","18.7","22.9","15.3","0.0","0.1","3.5","12.4","5.9","8.0","28.37","20.44","0.0","71.5","70.5","67.4","0.1","7.0","4.7","0.0","0.0","0.0","7.5","15.7","3.3"
"20220520","何魂","秦款措备","20.2","24.9","18.1","16.9","18.5","22.6","15.1","0.0","25.0","4.6","4.9","0.0","7.9","20.14","2.63","0.0","59.5","90.5","67.6","7.4","9.9","4.8","0.0","0.0","0.0","9.8","9.3","3.4"
"20220519","何魂","秦款措备","20.5","25.8","17.1","19.3","18.3","22.5","14.9","0.0","0.0","4.5","5.2","9.5","7.6","20.58","26.49","0.0","42.9","74.4","67.8","7.8","6.4","5.1","0.0","0.0","0.0","10.2","8.6","3.4"
"20220518","何魂","秦款措备","20.2","24.5","16.8","16.1","18.1","22.1","14.8","0.0","1.1","4.6","12.3","0.0","7.3","28.53","5.55","0.0","53.9","93.6","69.0","0.0","9.6","5.3","0.0","0.0","0.0","10.1","5.1","3.4"
"20220517","何魂","秦款措备","19.3","23.7","15.7","14.7","17.9","21.9","14.7","0.0","2.2","4.6","12.0","0.0","7.0","29.51","3.87","0.0","51.4","96.6","69.7","1.0","10.0","5.6","0.0","0.0","0.0","8.3","5.9","3.5"
"20220516","何魂","秦款措备","17.6","23.1","13.6","19.3","17.7","21.7","14.5","0.0","45.1","4.3","10.8","0.0","7.2","29.64","2.38","0.0","44.4","97.6","69.1","5.4","10.0","5.5","0.0","0.0","0.0","11.5","18.0","3.5"
"20220515","何魂","秦款措备","16.6","20.1","14.0","18.8","17.6","21.6","14.4","0.0","22.9","3.6","9.3","0.0","7.2","24.67","3.15","0.0","49.6","94.8","69.1","8.0","10.0","5.4","0.0","0.0","0.0","11.2","9.4","3.5"
"20220514","何魂","秦款措备","18.4","24.3","14.2","19.4","17.4","21.3","14.2","0.0","0.0","5.0","9.7","10.1","7.0","27.94","24.95","0.0","53.4","73.9","70.2","4.6","7.4","5.3","0.0","0.0","0.0","10.8","5.8","3.5"
"20220513","何魂","秦款措备","16.9","19.6","14.7","19.7","17.2","21.2","13.9","0.4","0.0","5.4","0.0","9.2","7.2","9.85","26.78","0.0","83.6","62.1","69.5","9.6","5.1","5.1","0.0","0.0","0.0","6.1","7.6","3.6"
"20220512","何魂","秦款措备","19.3","23.4","16.7","18.5","17.0","21.0","13.6","0.0","0.0","6.0","0.3","5.5","7.2","13.68","22.7","0.0","80.4","58.0","69.0","9.0","7.8","4.9","0.0","0.0","0.0","8.5","11.1","3.6"
"20220511","何魂","秦款措备","18.7","23.3","15.0","16.4","16.8","21.0","13.5","0.0","0.0","6.4","5.6","0.0","7.0","22.52","9.47","0.0","75.9","55.0","68.8","7.0","9.4","5.1","0.0","0.0","0.0","7.1","12.2","3.7"
"20220510","何魂","秦款措备","16.5","20.1","13.1","17.5","16.8","21.0","13.5","0.0","0.0","5.9","4.9","2.8","6.8","19.88","15.1","0.0","61.5","49.5","67.9","9.0","8.9","5.2","0.0","0.0","0.0","9.9","7.9","3.6"
"20220509","何魂","秦款措备","16.1","20.2","13.4","17.9","16.9","21.1","13.5","0.0","0.0","6.9","8.0","12.3","6.8","23.0","29.35","0.0","53.8","48.1","67.6","5.4","0.5","5.2","0.0","0.0","0.0","10.4","11.3","3.7"
"20220508","何魂","秦款措备","15.9","19.3","13.3","17.0","17.0","21.1","13.6","0.0","0.0","6.9","10.4","11.8","6.5","27.2","27.12","0.0","60.5","46.6","67.8","6.5","3.8","5.4","0.0","0.0","0.0","9.9","16.4","3.7"
"20220507","何魂","秦款措备","19.4","25.7","14.9","17.4","17.0","21.2","13.6","0.0","0.0","6.0","9.9","5.3","6.8","26.7","20.96","0.0","64.9","65.1","67.0","5.3","6.5","5.3","0.0","0.0","0.0","10.7","18.2","3.7"
"20220506","何魂","秦款措备","19.4","23.1","14.8","17.1","17.0","21.3","13.6","0.0","0.0","5.6","12.3","7.0","7.2","28.82","22.25","0.0","66.0","32.9","66.9","0.0","6.3","5.1","0.0","0.0","0.0","8.0","9.1","3.7"
"20220505","何魂","秦款措备","17.7","21.2","13.7","18.5","16.9","21.1","13.5","0.0","6.0","6.8","12.3","10.1","7.2","30.03","26.99","0.0","69.0","47.6","67.4","0.0","4.6","5.0","0.0","0.0","0.0","9.3","20.3","3.8"
"20220504","何魂","秦款措备","16.0","20.1","12.2","16.4","16.8","20.9","13.4","0.0","18.5","4.9","12.1","0.2","7.2","30.01","7.37","0.0","60.8","85.0","67.1","0.0","9.0","5.0","0.0","0.0","0.0","11.7","16.5","3.7"
"20220503","何魂","秦款措备","13.9","18.4","8.3","15.5","16.7","20.9","13.3","0.0","0.0","4.1","12.1","11.6","7.4","29.15","28.76","0.0","63.5","60.6","67.3","0.0","2.4","4.9","0.0","0.0","0.0","11.5","14.1","3.8"
"20220502","何魂","秦款措备","13.8","19.6","8.6","12.6","16.5","20.6","13.3","3.3","0.3","4.9","9.3","5.7","6.9","25.02","18.37","0.0","53.8","62.6","68.1","2.9","3.9","5.1","0.0","0.0","0.0","12.7","15.2","3.9"
"20220501","何魂","秦款措备","14.8","19.1","11.5","12.2","16.3","20.3","13.1","0.0","11.5","5.3","11.7","2.8","6.4","28.71","13.72","0.0","51.6","69.0","68.8","2.3","6.4","5.3","0.0","0.0","0.0","9.6","16.0","4.0"
"20220430","何魂","秦款措备","13.4","17.2","10.3","16.8","16.1","20.2","12.7","0.0","1.1","4.4","3.1","11.5","6.6","17.29","27.4","0.0","70.3","51.8","67.8","8.5","5.1","5.0","0.0","0.0","0.0","9.3","21.5","4.0"
"20220429","何魂","秦款措备","11.2","14.1","9.4","17.3","15.8","20.1","12.3","18.0","0.0","4.2","1.1","8.1","6.7","10.35","22.27","0.0","82.3","57.4","66.0","9.4","5.6","4.9","0.0","0.0","0.0","14.3","9.5","4.0"
"20220428","何魂","秦款措备","15.9","20.5","12.0","17.1","15.6","19.9","12.0","0.0","0.0","4.3","8.6","10.9","6.9","24.46","25.21","0.0","59.5","74.1","64.2","5.0","6.3","4.8","0.0","0.0","0.0","13.1","10.4","3.9"
"20220427","何魂","秦款措备","16.5","20.4","13.1","15.1","15.3","19.8","11.6","0.0","0.0","4.1","7.8","5.5","7.5","21.12","20.5","0.0","67.3","70.0","61.5","5.4","8.1","4.5","0.0","0.0","0.0","12.1","8.8","3.8"
"20220426","何魂","秦款措备","17.4","18.8","15.5","13.6","15.1","19.8","11.3","101.8","0.0","3.7","0.0","12.3","7.8","2.34","27.92","0.0","99.9","53.4","59.8","9.1","3.3","4.3","0.0","0.0","0.0","10.6","8.6","3.7"
"20220425","何魂","秦款措备","19.0","23.6","14.1","15.1","15.0","19.6","11.3","4.4","0.0","4.6","8.6","8.8","7.6","23.08","24.93","0.0","80.3","59.4","60.0","7.0","4.9","4.6","0.0","0.0","0.0","7.4","13.1","3.6"
"20220424","何魂","秦款措备","17.7","23.0","14.4","15.7","15.0","19.4","11.4","0.0","0.0","5.3","11.6","9.0","7.5","26.64","26.05","0.0","77.0","64.4","61.4","1.9","4.5","4.7","0.0","0.0","0.0","9.8","10.0","3.7"
"20220423","何魂","秦款措备","17.3","20.4","15.1","17.0","14.9","19.3","11.4","0.0","0.0","6.7","0.9","0.3","7.2","15.05","13.64","0.0","65.1","45.3","62.8","8.4","9.1","4.9","0.0","0.0","0.0","10.3","18.4","3.7"
"20220422","何魂","秦款措备","16.0","19.6","11.5","19.7","14.7","19.0","11.3","0.0","0.0","6.9","11.4","3.6","6.8","26.58","17.15","0.0","74.6","35.9","65.0","2.4","8.1","5.2","0.0","0.0","0.0","17.7","9.2","3.7"
"20220421","何魂","秦款措备","14.5","17.1","11.9","18.6","14.6","18.7","11.3","4.9","0.0","7.7","0.5","10.1","6.7","4.98","24.99","0.0","73.9","44.3","65.7","6.8","5.9","5.2","0.0","0.0","0.0","8.0","5.0","3.7"
"20220420","何魂","秦款措备","18.9","23.3","14.8","17.6","14.6","18.8","11.2","0.0","0.0","6.6","11.8","11.3","6.6","27.06","25.28","0.0","29.5","30.5","65.7","1.1","2.8","5.2","0.0","0.0","0.0","10.2","13.7","3.8"
"20220419","何魂","秦款措备","17.5","22.1","13.4","15.0","14.5","18.7","11.1","0.0","0.0","6.6","10.9","12.1","6.7","25.67","27.87","0.0","37.8","38.4","64.8","2.1","0.0","5.1","0.0","0.0","0.0","6.9","10.6","3.9"
"20220418","何魂","秦款措备","16.8","23.0","13.4","12.0","14.4","18.7","10.9","0.0","0.0","6.0","8.1","11.1","7.0","21.06","25.88","0.0","35.5","45.3","63.5","6.9","0.9","4.7","0.0","0.0","0.0","8.4","14.1","3.8"
"20220417","何魂","秦款措备","14.9","21.7","9.6","15.1","14.3","18.8","10.7","0.0","0.0","5.5","11.4","7.6","7.2","27.94","21.7","0.0","43.9","46.4","61.8","2.6","4.6","4.6","0.0","0.0","0.0","11.1","18.6","3.8"
"20220416","何魂","秦款措备","12.1","16.6","7.6","14.7","14.2","18.7","10.5","0.0","0.0","4.5","11.9","7.3","7.5","26.85","22.29","0.0","56.6","70.9","60.5","2.9","5.8","4.4","0.0","0.0","0.0","9.8","12.9","3.9"
"20220415","何魂","秦款措备","12.2","18.5","9.3","12.6","13.9","18.4","10.1","0.0","0.0","4.5","10.9","9.7","7.6","25.91","22.0","0.0","61.0","43.4","59.2","5.3","3.9","4.3","0.0","0.0","0.0","12.7","9.1","3.9"
"20220414","何魂","秦款措备","10.9","12.9","9.9","10.7","13.5","18.1","9.8","0.6","0.0","4.3","0.0","9.6","7.5","5.74","24.82","0.0","79.9","47.8","58.5","9.6","3.0","4.4","0.0","0.0","0.0","13.0","17.7","3.9"
"20220413","何魂","秦款措备","12.8","16.9","11.0","16.4","13.2","17.8","9.6","0.0","22.9","3.6","0.4","8.7","7.1","8.93","21.22","0.0","81.6","60.6","58.8","9.6","5.8","4.7","0.0","0.0","0.0","16.4","14.9","3.9"
"20220412","何魂","秦款措备","17.9","21.7","15.6","14.2","13.0","17.5","9.4","0.0","24.1","4.1","8.4","0.0","6.7","22.52","5.02","0.0","88.9","84.4","59.3","4.5","9.6","4.9","0.0","0.0","0.0","10.9","17.2","4.0"
"20220411","何魂","秦款措备","17.4","21.3","15.1","13.7","12.9","17.3","9.3","0.9","0.0","4.4","1.0","11.8","6.4","9.72","26.27","0.0","82.6","58.1","59.8","6.0","1.6","5.2","0.0","0.0","0.0","9.2","6.7","3.9"
"20220410","何魂","秦款措备","17.8","21.9","15.0","11.0","12.8","17.3","9.3","0.0","0.0","4.0","11.3","11.7","6.7","25.83","25.16","0.0","69.8","56.5","59.7","5.4","1.8","5.0","0.0","0.0","0.0","12.9","9.6","3.8"
"20220409","何魂","秦款措备","16.7","20.6","12.7","12.0","12.7","17.3","9.1","0.0","0.0","4.0","11.4","9.1","6.8","24.66","21.95","0.0","59.0","60.1","60.6","0.3","2.9","4.9","0.0","0.0","0.0","12.3","14.0","3.7"
"20220408","何魂","秦款措备","14.6","18.2","10.1","14.0","12.7","17.2","9.1","0.0","0.0","4.7","11.7","10.2","6.8","25.76","23.74","0.0","56.4","58.8","60.8","0.0","2.9","4.9","0.0","0.0","0.0","10.2","8.2","3.8"
"20220407","何魂","秦款措备","14.8","19.8","10.9","15.9","12.6","17.2","9.0","0.0","0.0","4.0","8.6","11.5","7.3","20.23","25.34","0.0","54.0","44.8","60.4","1.0","2.3","4.6","0.0","0.0","0.0","9.7","12.5","3.7"
"20220406","何魂","秦款措备","14.8","20.9","11.4","12.8","12.4","17.0","8.6","0.0","0.0","3.8","11.1","8.3","7.4","23.43","21.24","0.0","40.8","51.1","59.5","1.0","2.8","4.5","0.0","0.0","0.0","9.6","10.0","3.7"
"20220405","何魂","秦款措备","13.5","17.6","9.2","11.1","12.1","16.8","8.3","0.0","0.0","4.0","7.6","11.8","7.4","21.39","26.22","0.0","47.9","48.5","59.0","5.4","0.1","4.5","0.0","0.0","0.0","11.6","13.9","3.8"
"20220404","何魂","秦款措备","12.3","16.9","7.7","10.8","12.1","16.7","8.2","0.0","19.5","3.5","11.7","0.0","7.5","25.33","4.88","0.0","61.6","80.8","57.3","0.0","10.0","4.3","0.0","0.0","0.0","8.3","12.1","3.8"
"20220403","何魂","秦款措备","11.7","17.0","7.1","16.4","11.8","16.5","7.9","0.0","39.5","2.9","11.6","0.4","7.6","24.69","8.55","0.0","62.6","84.9","56.3","0.1","9.6","4.2","0.0","0.0","0.0","6.5","9.3","3.8"
"20220402","何魂","秦款措备","10.4","14.5","5.6","15.7","11.6","16.4","7.7","0.0","0.0","3.0","11.6","4.3","7.4","25.66","18.63","0.0","58.9","65.3","56.2","1.1","6.9","4.1","0.0","0.0","0.0","9.4","13.2","3.7"
"20220401","何魂","秦款措备","9.2","13.6","6.6","14.3","11.6","16.2","7.7","0.0","0.0","3.4","8.6","6.2","7.3","21.05","17.95","0.0","54.3","54.4","57.3","4.6","6.6","4.2","0.0","0.0","0.0","12.0","19.2","3.7"
"20220331","何魂","秦款措备","11.5","15.0","8.4","13.9","11.4","16.0","7.7","0.0","0.0","3.5","1.5","10.7","6.9","9.99","22.98","0.0","74.3","61.0","58.6","8.5","4.3","4.5","0.0","0.0","0.0","12.3","9.4","3.6"
"20220330","何魂","秦款措备","14.0","16.2","9.8","14.5","11.2","15.8","7.5","0.0","0.0","3.1","0.0","9.5","6.7","6.35","22.13","0.0","86.0","38.6","58.4","6.8","4.1","4.7","0.0","0.0","0.0","7.6","9.7","3.6"
"20220329","何魂","秦款措备","11.5","16.4","6.8","15.1","11.1","15.7","7.4","0.0","0.0","2.4","11.3","7.5","6.9","24.75","19.06","0.0","57.5","54.0","58.4","1.0","2.8","4.6","0.0","0.0","0.0","6.7","14.6","3.7"
"20220328","何魂","秦款措备","9.6","12.6","7.0","15.5","10.9","15.4","7.2","0.0","23.1","2.4","6.6","9.1","6.8","17.44","21.57","0.0","44.9","72.8","57.7","7.8","3.0","4.6","0.0","0.0","0.0","11.4","18.6","3.7"
"20220327","何魂","秦款措备","13.8","17.9","10.3","14.8","10.7","15.3","6.9","0.0","14.5","1.4","10.7","1.0","6.9","23.56","6.31","0.0","49.6","77.1","55.7","4.3","7.8","4.5","0.0","0.0","0.0","12.6","20.7","3.7"
"20220326","何魂","秦款措备","13.8","17.1","10.9","15.8","10.4","15.0","6.6","80.3","0.0","1.5","4.5","11.1","7.0","15.11","22.91","0.0","89.3","48.1","54.2","7.4","4.8","4.5","0.0","0.0","0.0","17.7","8.7","3.8"
"20220325","何魂","秦款措备","13.3","17.2","8.4","14.7","10.1","14.6","6.5","1.9","0.0","2.0","4.3","11.4","6.8","15.01","23.4","0.0","74.5","49.0","54.6","9.0","1.4","4.5","0.0","0.0","0.0","9.5","8.8","3.7"
"20220324","何魂","秦款措备","10.2","15.8","5.9","12.8","9.9","14.4","6.3","0.0","0.0","2.4","10.4","7.4","6.6","22.04","18.48","0.0","55.4","58.8","54.8","1.0","6.6","4.6","0.0","0.0","0.0","9.6","10.6","3.7"
"20220323","何魂","秦款措备","9.1","14.9","5.8","10.7","9.8","14.3","6.2","0.0","0.0","2.6","2.6","11.3","6.5","12.11","23.23","0.0","57.5","45.6","55.4","5.6","0.0","4.8","0.0","0.0","0.0","7.7","12.1","3.8"
"20220322","何魂","秦款措备","9.2","15.1","6.4","8.2","9.7","14.3","6.2","0.2","0.0","3.1","8.0","11.2","6.3","19.62","24.46","0.0","57.3","32.6","57.2","6.5","0.8","5.0","0.0","0.0","0.0","11.6","16.1","4.0"
"20220321","何魂","秦款措备","8.9","13.5","4.9","10.1","9.9","14.5","6.2","0.3","0.0","3.4","6.5","7.7","6.3","17.87","18.94","0.0","54.6","53.6","58.4","7.4","6.6","5.0","0.0","0.0","0.0","9.2","14.7","4.0"
"20220320","何魂","秦款措备","7.5","12.0","4.0","10.9","10.0","14.6","6.2","0.0","7.8","4.2","2.5","0.0","6.3","13.83","2.28","0.0","69.3","89.1","59.2","8.5","10.0","4.9","0.0","0.0","0.0","7.3","9.9","4.0"
"20220319","何魂","秦款措备","6.1","9.7","4.3","12.1","10.0","14.7","6.1","7.0","0.0","4.2","2.1","7.7","6.5","8.53","20.81","0.0","80.1","60.4","59.1","8.6","7.3","4.9","0.0","0.0","0.0","10.8","14.4","4.0"
"20220318","何魂","秦款措备","7.3","9.6","5.3","11.4","9.8","14.5","5.9","16.6","0.0","4.4","0.2","8.0","6.4","6.9","21.63","0.0","82.4","64.5","59.3","8.8","3.8","4.8","0.0","0.0","0.0","16.5","11.3","3.9"
"20220317","何魂","秦款措备","10.4","12.6","8.0","11.4","9.6","14.2","5.7","10.5","0.0","5.1","0.0","8.7","6.5","4.32","20.12","0.0","79.8","61.3","59.5","10.0","2.4","4.7","0.0","0.0","0.0","14.3","11.3","3.9"
"20220316","何魂","秦款措备","13.1","18.6","9.1","15.2","9.3","13.9","5.4","0.0","2.5","4.9","10.4","8.6","6.4","21.92","19.2","0.0","61.0","75.4","58.7","1.4","3.3","4.6","0.0","0.0","0.0","10.1","12.5","3.7"
"20220315","何魂","秦款措备","11.8","18.3","7.5","12.9","9.1","13.8","5.1","0.0","0.0","4.1","10.6","9.4","6.6","21.53","18.65","0.0","64.3","65.6","57.4","1.5","5.0","4.5","0.0","0.0","0.0","11.0","12.1","3.8"
"20220314","何魂","秦款措备","11.3","12.5","9.6","12.3","8.8","13.6","4.8","0.1","0.0","3.7","0.0","10.2","6.8","3.75","20.18","0.0","90.0","61.0","55.6","8.8","1.8","4.3","0.0","0.0","0.0","11.2","9.2","3.8"
"20220313","何魂","秦款措备","15.0","16.3","11.1","10.9","8.6","13.4","4.5","7.3","0.0","3.2","0.0","10.2","7.1","2.14","20.4","0.0","94.9","64.0","53.5","9.4","2.5","4.1","0.0","0.0","0.0","17.5","9.6","3.8"
"20220312","何魂","秦款措备","16.0","20.1","13.3","10.0","8.4","13.4","4.4","0.0","23.4","2.5","6.9","0.0","7.1","17.73","2.92","0.0","83.3","86.0","52.3","6.3","9.6","4.0","0.0","0.0","0.0","14.9","12.6","3.8"
"20220311","何魂","秦款措备","14.0","18.0","10.6","11.5","8.3","13.2","4.2","0.0","0.0","2.3","4.5","8.4","7.0","13.46","17.8","0.0","77.6","66.5","52.1","5.5","7.1","4.1","0.0","0.0","0.0","10.9","6.3","3.9"
"20220310","何魂","秦款措备","11.3","15.4","6.7","10.3","8.0","12.8","3.9","0.0","0.0","2.0","7.9","10.7","6.9","17.58","21.16","0.0","69.6","49.9","51.9","5.4","0.0","4.0","0.0","0.0","0.0","10.4","13.7","3.9"
"20220309","何魂","秦款措备","10.5","16.5","6.4","9.7","7.7","12.5","3.8","0.0","0.0","2.3","10.5","7.8","6.6","19.68","17.52","0.0","58.4","61.3","53.1","0.5","6.4","4.0","0.0","0.0","0.0","7.4","9.0","3.9"
"20220308","何魂","秦款措备","9.6","15.1","5.5","8.4","7.8","12.4","3.9","0.0","0.0","2.8","10.6","6.8","6.4","20.13","17.01","0.0","40.5","63.8","54.9","2.3","3.5","4.2","0.0","0.0","0.0","9.2","9.9","3.9"
"20220307","何魂","秦款措备","7.3","11.5","3.4","6.5","7.8","12.4","3.9","0.0","0.0","2.8","6.6","3.7","6.2","14.54","11.39","0.0","55.6","65.8","55.7","5.3","7.5","4.3","0.0","0.0","0.0","7.7","9.6","3.9"
"20220306","何魂","秦款措备","5.0","12.2","-0.8","8.1","7.6","12.2","3.8","0.0","0.0","3.2","11.0","1.8","6.2","21.95","7.14","0.0","36.1","71.5","56.3","1.5","8.0","4.4","0.0","0.0","0.0","10.5","15.1","3.8"
"20220305","何魂","秦款措备","8.7","13.9","2.8","12.5","7.6","12.1","3.8","0.0","2.1","3.1","10.5","3.8","5.9","21.2","14.02","0.0","34.8","81.1","56.1","0.0","7.1","4.6","0.0","0.0","0.0","20.6","9.6","3.8"
"20220304","何魂","秦款措备","10.4","14.3","6.0","9.2","7.6","12.2","3.7","0.0","6.3","2.6","5.4","0.5","6.0","14.39","8.09","0.0","59.1","77.3","55.4","3.3","9.4","4.6","0.0","0.0","0.0","16.9","5.8","3.7"
"20220303","何魂","秦款措备","7.8","13.4","2.5","6.1","7.4","12.0","3.6","0.0","0.0","2.2","10.5","9.8","5.9","20.41","18.67","0.0","48.5","58.3","55.1","0.0","4.1","4.6","0.0","0.0","0.0","10.1","7.9","3.6"
"20220302","何魂","秦款措备","7.0","13.4","2.0","4.5","7.3","11.9","3.6","0.0","10.0","2.4","10.5","1.3","5.9","21.0","9.96","0.0","45.0","71.3","55.1","0.5","6.5","4.7","0.0","0.0","0.0","11.3","13.4","3.6"
"20220301","何魂","秦款措备","10.9","15.0","8.3","12.4","7.3","11.9","3.6","3.2","37.8","1.9","3.0","0.0","6.0","10.16","2.84","0.0","74.3","90.3","55.0","6.1","9.6","4.6","0.0","0.0","0.0","9.5","17.5","3.6"
"20220228","何魂","秦款措备","9.8","15.2","4.6","10.5","7.3","11.8","3.6","0.0","0.0","2.3","7.8","1.9","6.1","15.54","11.32","0.0","39.8","71.9","55.6","4.9","8.4","4.6","0.0","0.0","0.0","9.8","11.3","3.5"
"20220227","何魂","秦款措备","6.7","11.2","2.5","7.4","7.3","11.9","3.6","0.0","0.0","2.9","10.6","1.7","5.9","20.12","7.74","0.0","41.8","60.0","56.3","0.0","8.4","4.7","0.0","0.0","0.0","17.1","17.1","3.5"
"20220226","何魂","秦款措备","7.7","13.0","2.3","9.1","7.2","11.8","3.5","0.0","6.7","2.7","9.6","3.2","6.0","18.41","11.91","0.0","54.8","69.8","55.9","0.9","8.8","4.7","0.0","0.0","0.0","17.9","17.3","3.6"
"20220225","何魂","秦款措备","5.0","11.7","-0.8","8.8","6.9","11.7","3.2","0.0","2.0","2.0","10.5","0.3","6.5","19.33","5.77","0.0","41.4","69.6","54.2","0.0","9.0","4.3","0.0","0.0","0.0","10.2","9.0","3.5"
"20220224","何魂","秦款措备","1.6","8.4","-4.5","7.8","6.7","11.5","2.9","0.0","0.0","2.4","10.6","3.6","6.3","20.04","12.52","0.0","32.9","46.5","54.1","0.0","5.8","4.3","0.0","0.0","0.0","14.4","8.9","3.5"
"20220223","何魂","秦款措备","0.0","5.4","-2.5","8.4","6.5","11.2","2.6","0.0","0.0","2.3","6.2","9.9","6.5","15.41","17.37","0.0","32.1","33.1","53.3","4.5","4.8","4.1","0.0","0.0","0.0","12.2","11.0","3.5"
"20220222","何魂","秦款措备","1.2","5.3","-2.3","15.2","6.2","11.1","2.3","0.0","0.0","2.1","9.8","10.0","6.9","18.32","16.92","0.0","34.6","57.6","51.7","3.1","0.6","3.7","0.0","0.0","0.0","12.0","16.3","3.5"
"20220221","何魂","秦款措备","1.4","5.9","-4.7","14.6","6.1","11.0","2.1","0.0","0.0","2.2","10.5","10.3","6.9","18.61","17.81","0.0","40.8","58.6","50.8","0.3","0.0","3.7","0.0","0.0","0.0","11.6","13.8","3.4"
"20220220","何魂","秦款措备","-0.6","3.8","-3.8","11.8","5.8","10.6","1.8","0.0","0.0","2.2","10.6","9.8","6.6","19.47","16.6","0.0","32.8","66.4","49.6","0.0","0.0","3.9","0.0","0.0","0.0","17.0","16.8","3.4"
"20220219","何魂","秦款措备","5.2","8.7","2.2","4.3","5.5","10.4","1.6","0.0","0.0","1.5","0.7","10.5","6.9","9.18","18.91","0.0","51.0","44.1","48.0","8.8","0.0","3.8","0.0","0.0","0.0","9.3","14.0","3.4"
"20220218","何魂","秦款措备","4.0","9.7","-2.5","-2.4","5.4","10.3","1.5","0.0","0.0","1.6","9.7","10.3","6.9","17.35","18.55","0.0","53.3","40.5","47.3","5.8","0.0","3.8","0.0","0.0","0.0","8.7","14.7","3.5"
"20220217","何魂","秦款措备","-2.4","3.3","-7.5","-3.2","5.5","10.2","1.7","0.0","0.0","1.5","10.0","10.0","6.5","17.44","17.71","0.0","37.6","32.4","47.9","0.8","1.0","4.2","0.0","0.0","0.0","10.8","18.7","3.5"
"20220216","何魂","秦款措备","-1.7","3.8","-4.5","2.0","5.6","10.3","1.7","0.0","0.0","1.4","10.2","10.0","6.4","18.16","17.87","0.0","40.4","40.1","48.5","0.3","1.4","4.2","0.0","0.0","0.0","16.6","18.5","3.6"
"20220215","何魂","秦款措备","2.6","7.8","-2.6","8.1","5.7","10.5","1.8","0.0","0.6","2.3","9.2","8.8","6.7","17.01","16.04","0.0","41.8","57.4","49.4","1.3","3.5","4.0","0.0","0.0","0.0","15.7","22.5","3.7"
"20220214","何魂","秦款措备","9.0","13.7","6.1","11.9","5.6","10.4","1.8","0.0","17.3","2.6","4.5","0.0","6.6","10.86","3.81","0.0","65.9","92.6","49.2","4.0","9.1","3.9","0.0","0.0","0.0","9.0","4.9","3.6"
"20220213","何魂","秦款措备","8.9","14.5","6.5","12.6","5.5","10.3","1.6","0.0","0.0","2.5","4.5","9.9","6.6","11.76","16.31","0.0","65.1","52.6","49.4","8.1","3.3","3.8","0.0","0.0","0.0","10.3","5.7","3.6"
"20220212","何魂","秦款措备","8.5","14.2","5.1","10.7","5.1","10.0","1.1","0.0","0.0","2.3","9.8","6.7","6.9","16.0","13.13","0.0","48.9","59.1","49.2","3.6","6.5","3.6","0.0","0.0","0.0","9.1","6.4","3.6"
"20220211","何魂","秦款措备","6.7","12.3","2.0","8.3","4.6","9.5","0.7","0.0","0.0","2.1","9.9","4.1","7.1","15.99","10.98","0.0","42.5","56.3","48.1","1.4","8.0","3.4","0.0","0.0","0.0","8.1","8.0","3.5"
"20220210","何魂","秦款措备","7.6","13.0","4.9","6.6","4.3","9.1","0.4","0.0","0.0","1.5","8.3","9.9","6.9","15.0","15.68","0.0","43.8","33.8","47.9","2.4","1.0","3.5","0.0","0.0","0.0","8.3","11.7","3.5"
"20220209","何魂","秦款措备","6.6","11.6","1.7","2.8","4.3","9.2","0.4","0.0","0.0","1.0","7.7","10.3","6.9","13.68","17.34","0.0","50.4","28.6","48.2","4.9","0.0","3.5","0.0","0.0","0.0","8.1","15.5","3.5"
"20220208","何魂","秦款措备","3.6","8.8","-0.4","3.2","4.4","9.2","0.4","0.0","0.0","0.7","9.8","10.1","6.9","15.82","17.04","0.0","34.3","21.9","47.9","4.1","0.6","3.5","0.0","0.0","0.0","10.9","13.6","3.5"
"20220207","何魂","秦款措备","1.6","6.3","-2.6","10.1","4.4","9.2","0.4","0.0","0.0","0.7","5.8","9.1","7.0","12.11","14.57","0.0","36.5","53.1","47.2","5.4","2.6","3.4","0.0","0.0","0.0","12.6","8.4","3.5"
"20220206","何魂","秦款措备","0.2","6.8","-4.6","9.5","4.4","9.2","0.4","0.0","0.0","0.6","10.2","9.8","7.0","16.44","15.42","0.0","42.4","54.3","46.4","0.5","0.0","3.3","0.0","0.0","0.0","13.3","9.9","3.4"
"20220205","何魂","秦款措备","-1.2","3.4","-4.0","5.3","4.3","9.2","0.3","0.0","0.0","0.5","9.9","5.0","7.1","16.51","11.23","0.0","43.1","33.0","45.5","0.1","6.4","3.1","0.0","0.0","0.0","13.4","10.3","3.4"
"20220204","何魂","秦款措备","1.3","7.3","-2.0","5.1","4.0","8.8","0.0","0.0","0.0","0.5","9.9","9.9","7.2","15.56","15.98","0.0","39.0","37.5","44.1","1.3","2.0","2.9","0.0","0.0","0.0","16.2","14.9","3.3"
"20220203","何魂","秦款措备","2.1","7.2","-1.7","0.7","3.7","8.6","-0.3","0.0","0.0","0.7","9.7","9.9","7.2","16.16","16.23","0.0","38.5","42.8","43.6","4.4","0.0","2.9","0.0","0.0","0.0","10.8","8.9","3.4"
"20220202","何魂","秦款措备","1.7","5.8","-1.6","2.3","3.6","8.5","-0.4","0.0","0.0","0.9","8.0","9.8","7.1","12.59","16.43","0.0","46.6","31.4","44.2","4.3","0.0","3.1","0.0","0.0","0.0","11.8","12.0","3.3"
"20220201","何魂","秦款措备","3.3","7.8","0.1","10.0","3.6","8.4","-0.4","0.0","22.9","0.9","8.8","0.0","7.0","13.94","2.04","0.0","48.5","82.8","44.7","0.1","10.0","3.2","0.0","0.0","0.0","17.4","17.5","3.3"
"20220131","何魂","秦款措备","3.6","10.2","-1.4","8.7","3.6","8.3","-0.2","0.0","0.0","0.9","10.1","9.7","6.9","16.02","14.56","0.0","32.0","46.4","45.5","0.0","2.9","3.3","0.0","0.0","0.0","13.6","9.0","3.4"
"20220130","何魂","秦款措备","3.2","9.6","-1.2","3.1","3.7","8.4","-0.1","0.0","0.0","1.0","9.2","8.0","6.9","13.84","12.95","0.0","29.5","47.0","46.1","2.8","0.8","3.4","0.0","0.0","0.0","11.4","16.4","3.5"
"20220129","何魂","秦款措备","3.3","7.7","1.1","-2.6","3.6","8.4","-0.1","0.0","0.0","1.4","7.0","9.9","6.9","11.5","15.41","0.0","24.6","30.5","46.2","7.6","0.0","3.3","0.0","0.0","0.0","13.6","17.7","3.5"
"20220128","何魂","秦款措备","4.7","10.1","0.5","4.4","3.5","8.2","-0.2","0.0","0.0","1.5","9.0","6.4","7.0","15.24","9.17","0.0","27.3","46.1","46.0","3.6","3.4","3.1","0.0","0.0","0.0","12.0","20.8","3.6"
"20220127","何魂","秦款措备","6.3","11.9","2.8","7.4","3.4","8.2","-0.3","0.0","0.0","1.5","9.1","0.0","7.0","13.34","0.0","0.0","39.9","49.1","45.7","2.6","3.5","3.0","0.0","0.0","0.0","9.9","13.3","3.6"
"20220126","何魂","秦款措备","5.5","10.1","2.0","7.7","3.1","7.9","-0.7","0.0","17.4","1.3","9.4","0.0","7.2","13.9","2.06","0.0","53.4","83.0","45.0","2.0","7.5","2.8","0.0","0.0","0.0","12.0","11.8","3.6"
"20220125","何魂","秦款措备","6.7","10.9","3.8","9.3","2.9","7.6","-0.8","0.0","0.0","1.5","0.4","5.4","7.0","4.98","10.98","0.0","62.8","64.1","45.9","7.5","6.0","2.9","0.0","0.0","0.0","7.8","12.3","3.6"
"20220124","何魂","秦款措备","5.7","7.9","3.6","9.2","2.9","7.4","-0.7","0.0","0.0","1.1","0.2","0.7","6.6","3.99","4.53","0.0","63.9","63.0","46.8","6.6","9.1","3.2","0.0","0.0","0.0","12.6","13.6","3.6"
"20220123","何魂","秦款措备","8.7","12.8","6.0","10.4","2.9","7.4","-0.7","0.0","3.3","1.1","0.3","0.0","6.4","6.68","1.58","0.0","69.9","76.8","47.0","9.0","10.0","3.4","0.0","0.0","0.0","10.3","16.8","3.5"
"20220122","何魂","秦款措备","6.7","13.2","1.8","10.1","3.1","7.4","-0.4","0.0","3.1","1.2","6.2","0.0","6.2","10.95","1.9","0.0","63.8","93.4","48.2","4.8","9.9","3.6","0.0","0.0","0.0","6.6","8.1","3.6"
"20220121","何魂","秦款措备","3.9","9.8","-1.0","8.9","3.3","7.7","-0.2","0.0","2.0","1.3","8.9","6.1","6.1","13.33","10.76","0.0","53.9","69.5","48.4","2.6","4.9","3.7","0.0","0.0","0.0","5.6","6.9","3.5"
"20220120","何魂","秦款措备","1.5","8.1","-3.3","5.4","3.6","8.0","0.0","0.0","0.0","1.1","9.6","9.1","6.1","13.96","13.39","0.0","44.6","60.5","48.3","0.1","0.8","3.7","0.0","0.0","0.0","14.3","4.9","3.5"
"20220119","何魂","秦款措备","2.1","7.0","-2.1","0.2","3.8","8.2","0.2","0.0","0.0","1.1","9.6","9.6","6.2","13.16","13.97","0.0","34.0","37.3","48.6","1.3","0.0","3.6","0.0","0.0","0.0","10.4","8.0","3.5"
"20220118","何魂","秦款措备","-0.1","5.3","-4.4","1.1","3.8","8.3","0.2","0.0","0.0","1.3","9.6","5.7","6.2","14.52","8.6","0.0","22.6","52.1","49.2","0.0","2.1","3.7","0.0","0.0","0.0","9.9","17.3","3.5"
"20220117","何魂","秦款措备","1.1","5.9","-2.6","-0.5","3.8","8.4","0.1","0.0","0.0","1.5","7.8","8.9","6.3","12.61","14.41","0.0","39.9","28.6","48.8","3.6","2.8","3.6","0.0","0.0","0.0","16.4","15.4","3.5"
"20220116","何魂","秦款措备","4.8","10.6","-0.6","5.7","3.7","8.4","0.0","0.0","0.0","1.7","9.1","9.0","6.1","12.8","12.98","0.0","42.0","34.6","49.6","0.4","3.0","3.7","0.0","0.0","0.0","12.1","11.8","3.4"
"20220115","何魂","秦款措备","4.8","10.0","0.9","11.9","3.6","8.1","0.0","0.0","0.0","1.8","6.3","5.0","5.9","12.01","9.25","0.0","33.5","65.1","50.3","3.9","5.5","3.8","0.0","0.0","0.0","7.6","14.5","3.4"
"20220114","何魂","秦款措备","-0.2","5.9","-6.1","8.9","3.4","8.0","-0.1","0.0","0.0","1.6","9.4","8.9","6.0","13.91","12.47","0.0","28.6","53.4","49.7","1.6","1.1","3.7","0.0","0.0","0.0","12.9","8.4","3.5"
"20220113","何魂","秦款措备","-1.1","2.8","-3.8","7.1","3.4","8.0","-0.1","0.0","0.0","1.2","9.1","8.4","6.2","13.03","11.59","0.0","35.1","52.9","48.4","1.4","0.0","3.6","0.0","0.0","0.0","18.5","17.9","3.5"
"20220112","何魂","秦款措备","-1.3","3.5","-5.3","1.4","3.3","7.8","-0.2","0.0","0.0","0.8","9.4","9.1","6.4","13.75","12.6","0.0","33.0","46.8","47.5","1.5","0.5","3.4","0.0","0.0","0.0","19.5","8.7","3.5"
"20220111","何魂","秦款措备","1.5","6.7","-3.3","0.2","3.3","7.8","-0.2","0.0","0.0","0.6","8.7","1.5","6.6","12.65","6.65","0.0","39.1","50.0","46.5","2.3","8.0","3.1","0.0","0.0","0.0","17.3","10.8","3.5"
"20220110","何魂","秦款措备","7.4","12.4","3.4","-2.3","3.3","7.9","-0.2","0.0","0.0","0.6","6.8","9.4","6.8","10.62","13.18","0.0","59.0","45.4","45.8","3.1","0.9","2.9","0.0","0.0","0.0","8.4","11.0","3.6"
"20220109","何魂","秦款措备","5.9","10.0","3.1","-5.9","3.5","8.0","-0.1","0.0","0.0","1.0","4.8","8.8","6.8","8.82","13.13","0.0","51.9","38.6","45.7","4.8","0.3","3.0","0.0","0.0","0.0","9.5","14.0","3.6"
"20220108","何魂","秦款措备","5.7","11.8","2.5","-8.2","3.6","8.2","0.0","0.0","0.0","1.4","9.3","9.2","6.7","13.19","13.48","0.0","26.4","35.0","46.4","0.0","0.0","3.0","0.0","0.0","0.0","9.5","14.3","3.5"
"20220107","何魂","秦款措备","5.8","10.6","0.8","-6.1","3.7","8.3","0.1","0.0","0.0","1.4","9.2","8.0","6.5","12.63","12.39","0.0","41.6","33.8","46.6","0.0","2.5","3.2","0.0","0.0","0.0","7.5","17.6","3.5"
"20220106","何魂","秦款措备","6.1","11.3","3.0","-1.7","3.9","8.6","0.3","0.0","0.0","1.4","8.3","9.0","6.4","12.71","12.24","0.0","42.1","37.6","45.6","2.8","3.9","3.3","0.0","0.0","0.0","9.8","15.9","3.5"
"20220105","何魂","秦款措备","5.4","9.7","1.5","3.0","4.0","8.7","0.4","0.0","0.0","1.2","0.6","4.2","6.4","5.67","7.9","0.0","55.8","38.6","44.7","8.9","5.3","3.2","0.0","0.0","0.0","8.0","11.9","3.5"
"20220104","何魂","秦款措备","4.5","9.5","0.4","3.0","4.1","8.9","0.4","0.0","0.0","0.7","8.8","9.0","6.8","11.38","11.69","0.0","38.3","40.9","44.2","1.4","2.1","2.9","0.0","0.0","0.0","8.7","7.7","3.4"
"20220103","何魂","秦款措备","4.1","9.9","0.7","0.1","4.0","8.9","0.2","0.0","0.0","0.3","9.2","5.4","6.9","12.89","10.36","0.0","28.5","31.0","43.4","0.9","7.4","2.6","0.0","0.0","0.0","9.8","11.2","3.5"
"20220102","何魂","秦款措备","4.8","11.1","0.7","1.3","3.9","8.8","0.2","0.0","0.0","0.2","9.2","8.8","7.1","12.2","12.07","0.0","32.9","41.4","43.6","0.5","2.5","2.4","0.0","0.0","0.0","7.7","12.1","3.6"
"20220101","何魂","秦款措备","1.9","7.4","-3.9","0.3","4.0","8.9","0.1","0.0","0.0","0.2","9.2","8.3","7.1","12.72","12.03","0.0","24.4","51.8","44.4","3.4","1.6","2.4","0.0","0.0","0.0","11.7","9.7","3.6"
"20211231","何魂","秦款措备","-0.1","4.4","-3.0","-2.9","4.0","9.0","0.1","0.0","0.0","0.2","9.2","9.3","7.2","12.99","13.07","0.0","29.3","41.6","44.6","1.0","0.5","2.3","0.0","0.0","0.0","14.7","17.9","3.6"
"20211230","何魂","秦款措备","2.8","6.6","0.3","-3.2","4.0","8.8","0.1","0.0","1.2","0.5","8.9","7.8","7.0","12.47","12.59","0.0","42.4","45.6","44.3","1.1","2.6","2.4","0.0","0.0","0.0","15.9","18.1","3.5"
"20211229","何魂","秦款措备","6.2","10.9","2.2","8.2","4.1","8.8","0.3","0.0","6.6","0.8","5.1","3.9","7.1","9.7","8.04","0.0","51.5","72.0","43.7","5.3","7.8","2.4","0.0","0.0","0.0","13.1","15.9","3.4"
"20211228","何魂","秦款措备","3.9","8.4","-0.7","8.6","4.2","9.0","0.4","0.0","0.0","1.0","7.8","9.1","7.0","11.15","11.97","0.0","57.8","67.1","43.7","2.4","0.0","2.5","0.0","0.0","0.0","9.4","8.2","3.3"
"20211227","何魂","秦款措备","-1.8","3.3","-6.9","6.9","4.4","9.2","0.7","0.0","2.4","1.0","9.1","0.3","7.0","12.59","4.9","0.0","40.9","60.3","44.4","0.6","9.0","2.5","0.0","0.0","0.0","12.3","9.3","3.4"
"20211226","何魂","秦款措备","-5.2","-0.6","-8.6","5.6","4.7","9.4","1.0","0.0","0.0","1.0","9.2","8.7","6.8","13.16","11.85","0.0","30.8","43.3","45.6","0.0","4.3","2.7","0.0","0.0","0.0","14.1","8.9","3.4"
"20211225","何魂","秦款措备","-1.6","5.4","-6.5","3.5","5.0","9.7","1.3","0.0","0.0","0.8","9.2","9.1","6.9","12.93","12.15","0.0","33.5","38.4","46.8","0.0","0.3","2.6","0.0","0.0","0.0","14.4","13.2","3.4"
"20211224","何魂","秦款措备","7.7","13.0","4.8","8.4","5.3","10.0","1.6","0.0","0.0","0.7","3.4","5.8","6.8","6.33","9.38","0.0","47.1","41.3","48.5","4.3","4.4","2.7","0.0","0.0","0.0","9.4","13.9","3.6"
"20211223","何魂","秦款措备","8.7","13.3","5.2","6.1","5.6","10.2","1.9","0.0","0.0","0.9","8.8","4.5","6.5","11.28","7.74","0.0","30.3","56.1","49.8","0.6","4.9","2.9","0.0","0.0","0.0","8.0","8.5","3.5"
"20211222","何魂","秦款措备","9.4","14.7","5.6","4.5","5.8","10.4","2.1","0.0","0.0","0.9","9.1","8.9","6.4","11.88","10.53","0.0","44.4","51.5","50.1","0.0","0.0","3.0","0.0","0.0","0.0","8.5","13.6","3.4"
"20211221","何魂","秦款措备","10.2","14.3","7.4","2.5","5.8","10.3","2.1","0.0","0.0","1.0","8.8","8.7","6.5","11.15","11.28","0.0","59.1","45.9","49.4","0.0","0.5","2.9","0.0","0.0","0.0","10.4","14.4","3.4"
"20211220","何魂","秦款措备","7.9","11.9","1.8","1.9","5.5","10.1","1.8","0.0","0.0","0.9","8.6","9.1","6.5","11.17","12.55","0.0","57.5","36.0","48.3","0.6","1.8","2.9","0.0","0.0","0.0","18.9","11.9","3.3"
"20211219","何魂","秦款措备","4.0","8.3","1.1","0.7","5.3","9.9","1.7","0.0","0.0","0.8","8.6","8.6","6.4","12.17","12.95","0.0","49.5","24.0","48.3","0.1","3.3","3.0","0.0","0.0","0.0","10.4","16.8","3.2"
"20211218","何魂","秦款措备","-1.4","3.1","-6.5","3.0","5.2","9.8","1.4","0.0","0.0","0.9","9.2","6.1","6.6","12.81","9.84","0.0","34.5","46.4","47.0","0.6","4.6","2.9","0.0","0.0","0.0","12.9","9.9","3.2"
"20211217","何魂","秦款措备","2.7","7.6","-4.2","-0.5","5.0","9.6","1.3","0.0","0.0","0.7","8.0","9.2","6.7","11.87","12.57","0.0","42.6","36.3","46.5","2.8","0.9","2.7","0.0","0.0","0.0","18.2","10.6","3.2"
"20211216","何魂","秦款措备","8.8","10.5","7.1","-2.1","5.0","9.5","1.3","4.4","0.0","1.3","0.1","9.1","6.7","2.82","12.59","0.0","80.9","38.4","46.3","9.4","0.0","2.6","0.0","0.0","0.0","8.5","15.0","3.2"
"20211215","何魂","秦款措备","9.4","14.0","5.0","-2.7","5.3","9.8","1.5","0.0","0.0","1.6","7.1","9.2","6.6","10.43","12.75","0.0","66.1","31.0","47.2","1.6","0.0","2.8","0.0","0.0","0.0","11.5","11.8","3.2"
"20211214","何魂","秦款措备","4.4","9.6","-0.5","-1.1","5.4","9.9","1.6","0.0","0.0","1.5","9.1","7.3","6.7","12.42","9.71","0.0","47.9","24.0","46.5","0.8","3.1","2.9","0.0","0.0","0.0","9.5","12.7","3.2"
"20211213","何魂","秦款措备","2.3","7.7","-1.5","6.4","5.6","10.1","1.9","0.0","0.0","1.3","9.2","7.1","6.7","13.2","8.99","0.0","27.9","39.6","47.2","0.0","4.6","2.8","0.0","0.0","0.0","14.4","17.7","3.2"
"20211212","何魂","秦款措备","8.6","12.5","2.6","7.5","6.0","10.5","2.2","0.0","0.0","1.6","4.9","7.6","6.5","7.2","11.27","0.0","49.3","37.9","48.2","3.9","4.1","3.0","0.0","0.0","0.0","14.5","10.8","3.3"
"20211211","何魂","秦款措备","11.8","16.4","8.8","9.4","6.2","10.8","2.4","0.0","0.0","0.9","8.4","7.1","6.5","11.31","10.42","0.0","57.3","52.1","48.8","4.1","5.4","3.2","0.0","0.0","0.0","10.0","9.3","3.2"
"20211210","何魂","秦款措备","12.6","17.8","8.6","7.5","6.3","10.8","2.5","0.0","0.0","0.7","6.3","1.1","6.5","10.03","3.5","0.0","69.5","37.5","49.2","1.6","7.1","3.1","0.0","0.0","0.0","9.1","9.9","3.2"
"20211209","何魂","秦款措备","11.9","16.9","8.7","6.3","6.5","11.0","2.8","0.0","0.0","0.8","5.2","9.1","6.4","9.7","12.0","0.0","63.3","28.9","50.4","6.0","0.6","3.2","0.0","0.0","0.0","7.7","9.8","3.2"
"20211208","何魂","秦款措备","10.2","15.0","7.4","4.3","6.5","11.0","2.7","0.0","0.0","1.3","5.6","8.3","6.4","9.93","11.3","0.0","58.4","42.6","50.4","1.9","1.0","3.2","0.0","0.0","0.0","10.6","10.4","3.1"
"20211207","何魂","秦款措备","11.4","17.3","7.7","7.5","6.4","10.9","2.6","0.0","0.0","1.0","7.4","3.0","6.5","10.93","6.72","0.0","61.8","50.0","49.6","1.4","3.0","3.2","0.0","0.0","0.0","9.8","7.2","3.2"
"20211206","何魂","秦款措备","10.8","16.9","6.6","7.4","6.6","11.1","2.8","0.1","0.0","1.5","5.3","9.2","6.5","9.42","12.4","0.0","73.0","47.6","50.1","3.8","0.8","3.1","0.0","0.0","0.0","6.2","8.6","3.2"
"20211205","何魂","秦款措备","8.3","14.4","2.6","5.7","6.9","11.4","3.1","0.0","0.0","1.8","5.2","9.3","6.5","9.5","12.51","0.0","57.9","43.4","50.0","2.5","1.1","3.2","0.0","0.0","0.0","7.4","11.1","3.2"
"20211204","何魂","秦款措备","5.6","10.7","1.6","4.3","7.3","11.9","3.5","0.0","0.0","1.8","8.6","9.1","6.5","12.13","12.75","0.0","43.4","31.3","50.3","0.0","0.8","3.2","0.0","0.0","0.0","15.3","12.4","3.2"
"20211203","何魂","秦款措备","7.4","12.6","3.3","6.3","7.9","12.5","4.1","0.0","0.0","1.4","7.0","9.2","6.5","10.25","12.22","0.0","52.6","35.0","51.1","2.0","1.6","3.2","0.0","0.0","0.0","13.2","13.5","3.2"
"20211202","何魂","秦款措备","3.8","9.1","-1.0","7.9","8.4","13.0","4.7","0.0","0.0","1.6","9.4","4.2","6.3","13.11","8.38","0.0","47.6","41.1","52.7","0.0","3.8","3.3","0.0","0.0","0.0","11.9","8.9","3.1"
"20211201","何魂","秦款措备","3.9","7.3","0.2","6.7","8.9","13.4","5.2","0.0","0.0","1.3","9.3","8.6","6.1","13.33","11.95","0.0","40.6","44.4","53.4","0.6","2.8","3.6","0.0","0.0","0.0","20.3","10.9","3.0"
"20211130","何魂","秦款措备","10.9","13.9","6.0","5.4","9.2","13.7","5.5","28.9","0.0","1.1","0.0","9.4","6.0","0.5","13.14","0.0","74.6","38.9","54.2","7.3","0.1","3.6","0.0","0.0","0.0","19.8","10.9","3.0"
"20211129","何魂","秦款措备","11.6","16.0","7.3","4.9","9.3","13.8","5.6","0.0","0.0","1.1","9.1","9.4","6.0","13.16","13.04","0.0","51.5","45.4","54.1","3.1","1.1","3.6","0.0","0.0","0.0","8.2","13.7","3.0"
"20211128","何魂","秦款措备","10.3","16.4","5.3","5.1","9.4","13.9","5.9","0.0","0.0","1.0","9.4","7.1","5.9","13.41","11.27","0.0","53.1","37.4","54.5","2.9","4.3","3.8","0.0","0.0","0.0","5.7","15.5","3.1"
"20211127","何魂","秦款措备","8.4","13.8","4.9","9.8","9.6","14.2","5.9","0.0","0.0","2.1","9.5","5.1","6.1","13.35","10.03","0.0","44.8","52.8","54.7","0.0","4.6","3.7","0.0","0.0","0.0","7.9","14.7","3.1"
"20211126","何魂","秦款措备","8.9","13.6","5.3","10.3","9.7","14.4","6.0","0.0","0.0","2.1","9.5","3.9","6.2","13.54","7.29","0.0","38.5","52.4","54.9","0.0","6.0","3.5","0.0","0.0","0.0","9.3","13.0","3.2"
"20211125","何魂","秦款措备","11.7","16.7","8.4","10.4","10.0","14.7","6.3","0.0","0.0","2.1","8.4","8.7","6.3","11.4","12.84","0.0","51.9","41.8","54.7","0.6","2.5","3.5","0.0","0.0","0.0","14.0","11.5","3.2"
"20211124","何魂","秦款措备","9.3","13.5","5.5","9.6","10.1","14.9","6.4","0.0","0.0","2.0","7.7","6.3","6.4","12.36","11.1","0.0","54.1","41.9","54.1","1.8","4.5","3.4","0.0","0.0","0.0","12.4","11.3","3.1"
"20211123","何魂","秦款措备","6.2","10.3","3.6","7.9","10.2","15.0","6.3","0.0","0.0","2.0","8.1","9.5","6.6","13.21","13.47","0.0","50.0","43.9","53.0","1.5","0.0","3.3","0.0","0.0","0.0","15.8","13.9","3.0"
"20211122","何魂","秦款措备","9.9","15.6","4.3","10.8","10.1","15.0","6.3","0.0","0.8","1.1","1.8","0.0","6.7","7.83","2.67","0.0","51.4","73.1","51.7","6.6","8.0","3.1","0.0","0.0","0.0","15.4","10.5","3.0"
"20211121","何魂","秦款措备","15.2","20.1","11.7","10.7","10.2","15.0","6.4","0.0","0.0","1.2","1.8","1.7","6.7","7.17","6.09","0.0","74.1","62.9","51.5","8.0","4.9","3.3","0.0","0.0","0.0","6.4","10.4","3.1"
"20211120","何魂","秦款措备","14.8","20.9","10.6","12.2","10.2","14.9","6.4","0.0","0.0","1.9","7.5","8.3","6.7","10.85","13.08","0.0","68.4","56.3","51.3","0.5","1.6","3.2","0.0","0.0","0.0","4.2","15.3","3.1"
"20211119","何魂","秦款措备","14.5","20.7","9.5","19.1","10.4","15.1","6.6","0.0","31.8","2.0","9.5","0.0","6.6","13.53","1.24","0.0","52.0","84.5","52.1","0.3","7.4","3.3","0.0","0.0","0.0","7.0","24.5","3.1"
"20211118","何魂","秦款措备","13.2","18.2","9.1","19.4","10.7","15.4","7.0","0.0","0.0","1.9","9.3","4.4","6.7","13.18","9.41","0.0","48.0","79.4","52.7","1.8","7.0","3.4","0.0","0.0","0.0","8.0","7.9","3.1"
"20211117","何魂","秦款措备","12.5","17.8","8.2","17.8","11.0","15.7","7.3","0.0","0.0","1.6","9.2","3.7","6.7","13.48","9.2","0.0","40.9","71.5","53.2","2.3","6.4","3.5","0.0","0.0","0.0","7.9","7.9","3.2"
"20211116","何魂","秦款措备","13.1","17.3","10.1","16.4","11.5","16.1","7.8","0.0","0.0","1.3","8.4","9.3","6.7","12.19","13.17","0.0","47.3","57.5","53.9","3.6","3.9","3.5","0.0","0.0","0.0","8.6","9.4","3.1"
"20211115","何魂","秦款措备","13.3","19.4","10.2","15.5","12.0","16.6","8.3","0.0","0.0","0.7","9.5","8.9","6.6","13.6","13.52","0.0","53.6","61.0","55.3","1.1","3.0","3.7","0.0","0.0","0.0","6.3","7.9","3.1"
"20211114","何魂","秦款措备","12.9","17.6","8.6","15.2","12.3","16.9","8.7","0.0","0.0","0.9","9.5","5.5","6.8","13.66","10.18","0.0","60.9","62.0","55.9","0.9","4.3","3.5","0.0","0.0","0.0","9.3","9.8","3.1"
"20211113","何魂","秦款措备","10.1","15.3","4.3","15.6","12.7","17.3","9.1","0.0","0.0","1.2","9.9","9.7","6.7","14.59","13.36","0.0","59.9","49.0","57.8","0.1","0.0","3.6","0.0","0.0","0.0","8.8","8.3","3.2"
"20211112","何魂","秦款措备","8.8","12.0","6.4","14.3","13.0","17.6","9.5","0.0","0.0","1.6","5.5","9.8","6.3","10.35","14.36","0.0","51.5","62.5","59.5","2.3","0.0","3.9","0.0","0.0","0.0","14.6","6.1","3.3"
"20211111","何魂","秦款措备","10.3","14.4","8.0","12.5","13.2","17.7","9.7","0.0","0.0","1.8","6.5","9.9","6.3","12.16","14.25","0.0","57.4","46.0","59.8","3.9","0.3","3.9","0.0","0.0","0.0","12.4","7.0","3.4"
"20211110","何魂","秦款措备","10.2","14.2","7.7","11.0","13.4","17.9","9.9","0.0","0.0","2.7","7.2","9.9","6.2","13.84","14.87","0.0","58.0","44.1","60.2","0.6","0.5","4.1","0.0","0.0","0.0","14.8","8.7","3.4"
"20211109","何魂","秦款措备","10.1","14.1","7.3","9.2","13.8","18.4","10.3","0.0","0.0","2.8","8.3","10.1","6.0","13.47","15.73","0.0","57.0","26.4","61.5","2.1","0.0","4.3","0.0","0.0","0.0","17.4","14.9","3.4"
"20211108","何魂","秦款措备","14.1","20.8","8.2","14.1","14.2","18.9","10.8","28.9","0.0","2.6","0.2","9.6","6.0","2.16","14.6","0.0","72.5","29.0","61.6","6.1","0.0","4.3","0.0","0.0","0.0","22.8","9.5","3.3"
"20211107","何魂","秦款措备","18.2","22.1","14.9","17.6","14.6","19.3","11.1","0.0","0.0","2.8","7.1","4.4","6.2","14.5","10.33","0.0","64.1","55.4","61.9","4.0","4.6","4.2","0.0","0.0","0.0","12.0","10.5","3.1"
"20211106","何魂","秦款措备","16.7","21.5","14.0","17.2","14.7","19.6","11.1","0.1","0.0","2.6","7.8","2.8","6.6","13.37","10.71","0.0","59.4","53.6","61.2","3.1","9.4","3.8","0.0","0.0","0.0","10.7","7.0","3.0"
"20211105","何魂","秦款措备","16.5","21.8","11.8","12.0","14.7","19.8","11.1","0.0","0.0","1.4","7.2","7.7","7.0","12.32","13.59","0.0","53.8","35.6","59.8","4.1","5.3","3.3","0.0","0.0","0.0","6.1","10.0","2.9"
"20211104","何魂","秦款措备","15.1","21.5","11.5","8.7","14.5","19.5","10.7","0.0","0.0","1.2","8.5","10.1","7.2","13.81","16.5","0.0","55.5","32.1","59.1","1.4","0.1","3.0","0.0","0.0","0.0","9.0","11.3","2.8"
"20211103","何魂","秦款措备","15.0","20.6","10.8","9.7","14.3","19.3","10.5","0.0","0.0","1.3","7.6","10.0","7.3","14.27","16.46","0.0","59.9","36.0","58.3","1.8","0.0","3.0","0.0","0.0","0.0","11.0","13.7","2.8"
"20211102","何魂","秦款措备","14.9","20.6","10.8","13.9","14.2","19.1","10.4","0.0","3.7","1.2","9.0","1.0","7.2","15.16","5.89","0.0","56.5","61.1","57.6","2.6","7.5","3.1","0.0","0.0","0.0","12.7","7.7","2.9"
"20211101","何魂","秦款措备","17.0","22.3","13.8","15.7","14.3","19.1","10.6","0.0","0.0","1.2","8.0","1.1","7.1","13.31","7.65","0.0","51.8","61.3","57.5","3.8","9.5","3.2","0.0","0.0","0.0","8.8","9.0","3.0"
"20211031","何魂","秦款措备","17.0","23.0","12.8","15.0","14.5","19.4","10.9","0.0","0.0","1.5","10.1","8.2","7.0","15.92","15.22","0.0","56.4","57.4","58.3","1.3","2.4","3.4","0.0","0.0","0.0","6.2","8.2","3.1"
"20211030","何魂","秦款措备","16.6","20.6","13.8","15.0","14.9","19.7","11.3","0.0","0.0","1.7","2.4","9.8","6.9","9.01","15.33","0.0","59.1","57.3","58.8","6.4","2.3","3.5","0.0","0.0","0.0","7.8","10.7","3.1"
"20211029","何魂","秦款措备","15.9","20.2","13.8","15.4","15.2","20.0","11.6","0.0","0.0","2.3","2.7","6.7","7.2","9.74","13.25","0.0","55.8","51.0","58.9","6.0","3.9","3.4","0.0","0.0","0.0","9.8","10.4","3.1"
"20211028","何魂","秦款措备","16.9","23.3","11.7","17.3","15.5","20.3","11.9","0.0","0.0","2.0","9.6","3.9","7.3","16.55","9.12","0.0","48.4","49.1","58.9","0.8","5.3","3.3","0.0","0.0","0.0","11.3","8.1","3.0"
"20211027","何魂","秦款措备","17.1","22.3","13.0","16.7","15.8","20.7","12.1","0.0","0.0","2.0","9.5","9.8","7.4","15.74","14.85","0.0","49.0","53.8","59.7","2.8","2.6","3.3","0.0","0.0","0.0","10.1","6.5","3.0"
"20211026","何魂","秦款措备","15.9","21.4","12.2","15.9","16.0","20.9","12.4","0.0","0.0","1.9","10.0","10.1","7.3","17.32","16.34","0.0","45.6","48.5","60.6","2.9","0.8","3.3","0.0","0.0","0.0","9.7","10.3","2.9"
"20211025","何魂","秦款措备","16.7","22.8","12.3","14.6","16.2","21.0","12.6","0.0","0.0","2.0","9.3","9.6","7.3","16.6","17.09","0.0","58.1","49.8","60.4","1.6","1.8","3.4","0.0","0.0","0.0","5.9","11.1","3.0"
"20211024","何魂","秦款措备","15.8","20.7","11.4","12.0","16.4","21.1","12.9","0.0","0.0","2.0","7.1","10.3","6.9","12.5","17.89","0.0","59.5","40.5","61.3","6.3","0.0","3.8","0.0","0.0","0.0","5.5","11.8","3.1"
"20211023","何魂","秦款措备","15.1","21.0","10.4","12.7","16.7","21.3","13.3","0.0","0.0","2.6","7.5","10.3","6.7","15.23","18.26","0.0","59.4","44.0","62.6","0.9","0.8","4.0","0.0","0.0","0.0","9.7","14.7","3.1"
"20211022","何魂","秦款措备","13.2","18.4","9.8","15.3","16.9","21.4","13.6","0.0","15.8","3.1","10.2","0.0","6.5","17.66","3.73","0.0","61.4","83.3","63.3","1.3","9.3","4.2","0.0","0.0","0.0","11.1","11.0","3.2"
"20211021","何魂","秦款措备","12.6","14.7","11.4","17.3","17.1","21.6","13.8","7.4","10.4","3.1","0.0","1.2","6.5","3.88","7.41","0.0","84.9","72.5","63.2","7.0","9.0","4.4","0.0","0.0","0.0","7.0","5.8","3.2"
"20211020","何魂","秦款措备","13.7","19.5","9.0","17.7","17.3","21.9","14.0","0.0","0.0","2.9","7.9","10.1","6.6","16.45","17.6","0.0","61.4","61.8","63.1","5.5","0.6","4.3","0.0","0.0","0.0","9.3","9.0","3.2"
"20211019","何魂","秦款措备","14.4","20.1","11.3","17.5","17.5","22.2","14.0","0.0","0.0","2.0","7.7","10.1","6.9","17.09","17.63","0.0","46.4","51.3","62.3","4.4","3.9","4.0","0.0","0.0","0.0","9.8","8.3","3.1"
"20211018","何魂","秦款措备","13.6","19.6","7.1","17.2","17.5","22.3","14.0","0.0","0.0","1.6","10.2","9.5","7.0","18.62","17.0","0.0","50.0","57.1","61.1","2.4","4.1","3.9","0.0","0.0","0.0","6.1","7.0","3.0"
"20211017","何魂","秦款措备","10.2","16.7","5.5","17.0","17.6","22.4","14.0","0.0","0.0","1.4","10.3","10.0","7.3","19.4","17.52","0.0","45.9","58.0","60.6","1.0","1.6","3.8","0.0","0.0","0.0","14.9","8.1","2.9"
"20211016","何魂","秦款措备","14.7","19.3","10.2","16.3","17.8","22.6","14.2","8.5","0.2","1.5","0.0","0.0","7.2","3.27","3.98","0.0","71.6","70.1","60.9","9.8","8.9","3.6","0.0","0.0","0.0","16.1","8.9","2.9"
"20211015","何魂","秦款措备","21.9","26.6","18.3","17.2","18.0","22.8","14.5","0.0","0.0","1.6","6.8","7.3","7.1","15.39","16.2","0.0","72.8","52.6","61.2","4.6","5.9","3.8","0.0","0.0","0.0","7.8","11.7","2.9"
"20211014","何魂","秦款措备","21.4","25.2","18.0","16.9","18.3","23.0","14.8","0.0","0.0","2.2","7.9","6.3","7.0","14.65","13.76","0.0","73.0","42.5","62.0","0.8","3.8","4.0","0.0","0.0","0.0","6.8","9.8","2.9"
"20211013","何魂","秦款措备","19.9","23.5","17.3","17.8","18.6","23.3","15.2","0.0","0.0","2.5","1.7","7.4","7.0","11.62","17.03","0.0","75.0","48.4","62.8","7.9","4.0","4.0","0.0","0.0","0.0","11.0","8.9","3.0"
"20211012","何魂","秦款措备","18.6","20.2","17.5","18.9","19.0","23.6","15.6","0.1","0.0","2.4","0.0","9.5","6.8","6.32","18.41","0.0","80.6","63.9","63.8","9.3","2.3","4.1","0.0","0.0","0.0","13.0","9.8","3.0"
"20211011","何魂","秦款措备","21.1","24.8","17.7","17.7","19.1","23.7","15.7","1.6","0.0","2.4","0.1","0.2","6.9","5.78","8.41","0.0","85.1","67.1","64.1","8.9","5.8","4.2","0.0","0.0","0.0","10.5","10.8","3.1"
"20211010","何魂","秦款措备","24.9","28.4","21.1","18.0","19.2","23.8","15.9","0.0","0.0","3.2","7.9","0.0","6.7","15.99","8.0","0.0","82.1","65.3","64.8","4.4","6.4","4.2","0.0","0.0","0.0","10.8","12.5","3.1"
"20211009","何魂","秦款措备","23.7","27.8","21.3","19.1","19.3","23.8","16.1","0.4","0.0","3.2","5.1","5.2","6.6","12.19","14.92","0.0","83.5","56.1","65.0","4.5","7.1","4.4","0.0","0.0","0.0","7.2","18.1","3.1"
"20211008","何魂","秦款措备","23.3","27.6","21.3","18.7","19.3","23.9","16.1","0.2","0.0","3.2","3.5","6.4","6.5","11.44","15.88","0.0","77.9","55.8","65.2","6.6","4.3","4.6","0.0","0.0","0.0","7.5","20.5","3.1"
"20211007","何魂","秦款措备","23.4","27.0","20.1","19.1","19.3","23.8","16.1","0.0","0.0","4.0","10.0","10.1","6.3","18.94","20.19","0.0","76.4","58.4","64.9","2.3","5.4","4.9","0.0","0.0","0.0","9.0","12.0","3.1"
"20211006","何魂","秦款措备","23.4","27.1","21.0","17.5","19.5","23.9","16.3","0.0","0.0","3.7","8.1","10.5","6.2","17.76","20.05","0.0","79.3","54.9","64.8","5.0","3.1","5.1","0.0","0.0","0.0","6.5","9.5","3.1"
"20211005","何魂","秦款措备","24.4","28.0","21.7","17.2","19.7","24.2","16.5","0.0","0.0","2.6","10.3","10.7","6.5","19.91","21.43","0.0","78.9","39.5","64.9","1.9","2.3","5.1","0.0","0.0","0.0","10.0","15.9","3.1"
"20211004","何魂","秦款措备","24.5","27.8","21.6","21.5","19.9","24.4","16.7","0.0","0.0","3.6","8.9","2.3","6.7","19.26","12.98","0.0","80.4","63.6","65.3","4.6","9.1","4.9","0.0","0.0","0.0","15.5","11.1","3.0"
"20211003","何魂","秦款措备","23.5","28.2","19.2","22.1","20.2","24.6","17.0","0.0","0.0","3.6","10.4","4.5","6.7","19.57","14.32","0.0","73.3","73.8","66.4","0.5","8.0","5.0","0.0","0.0","0.0","5.4","7.0","3.0"
"20211002","何魂","秦款措备","23.3","28.3","19.6","21.1","20.4","24.8","17.3","0.0","0.0","4.2","10.3","10.2","6.5","19.24","20.16","0.0","76.4","73.1","67.4","0.0","3.0","5.1","0.0","0.0","0.0","8.9","10.1","3.0"
"20211001","何魂","秦款措备","22.2","26.8","18.6","20.0","20.5","24.7","17.5","0.0","0.0","5.2","10.4","9.6","6.1","20.17","18.48","0.0","75.8","72.3","68.9","0.0","2.5","5.4","0.0","0.0","0.0","8.2","7.5","3.1"
"20210930","何魂","秦款措备","22.1","25.4","19.9","20.3","20.5","24.6","17.6","36.7","0.0","6.0","2.3","7.1","5.5","9.14","16.96","0.0","86.1","67.1","69.8","6.4","4.3","5.7","0.0","0.0","0.0","10.4","8.5","3.1"
"20210929","何魂","秦款措备","24.2","27.8","21.5","20.1","20.6","24.7","17.8","18.1","0.0","5.3","2.1","10.0","5.4","12.34","20.2","0.0","88.6","63.9","69.9","9.0","3.5","5.7","0.0","0.0","0.0","12.1","8.0","3.2"
"20210928","何魂","秦款措备","22.4","26.3","20.0","19.4","20.8","24.9","17.9","0.0","0.0","4.6","0.4","11.1","5.6","9.21","21.33","0.0","77.3","67.8","68.9","9.3","2.3","5.6","0.0","0.0","0.0","7.8","9.3","3.2"
"20210927","何魂","秦款措备","21.8","25.8","18.9","20.0","21.0","25.1","18.0","0.1","0.0","3.2","5.8","6.6","5.9","16.83","15.89","0.0","73.3","69.6","68.9","7.8","3.1","5.4","0.0","0.0","0.0","9.4","11.2","3.1"
"20210926","何魂","秦款措备","21.7","25.1","19.6","20.5","21.2","25.4","18.1","0.0","0.0","3.8","2.0","7.7","6.2","12.09","17.39","0.0","70.6","62.3","68.3","8.1","4.5","5.1","0.0","0.0","0.0","10.5","9.7","3.2"
"20210925","何魂","秦款措备","22.1","26.1","19.8","21.3","21.2","25.5","18.2","0.2","0.0","3.5","2.8","6.9","6.3","13.52","15.67","0.0","80.5","65.3","68.8","8.0","4.9","5.0","0.0","0.0","0.0","11.9","14.4","3.2"
"20210924","何魂","秦款措备","22.1","26.7","19.4","21.2","21.2","25.4","18.3","0.0","0.0","3.4","6.0","5.0","6.2","16.89","15.45","0.0","70.5","68.0","69.4","4.1","7.8","5.1","0.0","0.0","0.0","9.5","11.7","3.3"
"20210923","何魂","秦款措备","22.8","27.3","19.3","20.2","21.3","25.4","18.4","0.0","0.0","3.9","10.4","1.2","5.9","21.82","10.7","0.0","60.8","71.6","70.3","2.9","7.8","5.3","0.0","0.0","0.0","11.0","12.8","3.4"
"20210922","何魂","秦款措备","23.1","27.3","19.4","19.5","21.4","25.5","18.6","4.0","0.0","4.1","0.0","6.5","5.9","0.0","15.64","0.0","80.9","66.1","70.0","1.0","5.4","5.4","0.0","0.0","0.0","0.0","12.6","3.5"
"20210921","何魂","秦款措备","23.0","25.0","21.4","20.0","21.7","25.7","18.9","7.9","0.0","2.5","0.4","10.6","6.1","4.62","19.58","0.0","92.9","61.4","69.4","7.5","4.1","5.3","0.0","0.0","0.0","15.5","11.3","3.5"
"20210920","何魂","秦款措备","23.1","27.4","19.9","21.5","21.9","25.9","19.1","0.0","0.0","2.0","5.2","11.6","6.1","17.45","23.24","0.0","79.4","50.4","69.6","4.4","0.1","5.3","0.0","0.0","0.0","8.5","11.0","3.6"
"20210919","何魂","秦款措备","22.7","27.8","19.4","21.6","22.2","26.1","19.4","0.0","0.0","3.7","10.5","9.4","6.1","21.55","19.54","0.0","72.5","54.1","70.5","3.0","3.3","5.3","0.0","0.0","0.0","8.9","11.8","3.6"
"20210918","何魂","秦款措备","22.5","26.8","19.5","19.5","22.4","26.3","19.6","0.0","2.2","5.1","6.8","0.1","6.1","18.13","8.12","0.0","71.8","79.1","71.1","5.6","7.6","5.2","0.0","0.0","0.0","8.3","9.4","3.6"
"20210917","何魂","秦款措备","20.3","22.9","19.4","21.0","22.5","26.4","19.8","50.1","7.2","5.8","0.0","0.0","6.2","2.33","4.18","0.0","90.4","89.1","72.2","9.9","9.8","5.2","0.0","0.0","0.0","19.6","8.0","3.6"
"20210916","何魂","秦款措备","22.7","24.6","20.3","22.6","22.6","26.3","19.9","0.0","1.2","6.7","1.1","0.1","5.8","6.69","5.83","0.0","76.0","85.9","73.7","7.1","9.9","5.5","0.0","0.0","0.0","13.5","7.9","3.5"
"20210915","何魂","秦款措备","22.9","26.4","21.0","23.3","22.7","26.4","20.0","0.0","0.0","7.3","6.1","9.0","5.9","17.53","21.51","0.0","69.6","76.0","73.8","5.8","5.9","5.5","0.0","0.0","0.0","16.7","8.0","3.5"
"20210914","何魂","秦款措备","21.5","23.1","20.7","21.9","22.9","26.5","20.2","12.5","0.0","5.5","0.0","7.6","5.7","2.99","20.41","0.0","93.0","78.4","73.6","10.0","4.0","5.8","0.0","0.0","0.0","13.5","8.8","3.4"
"20210913","何魂","秦款措备","23.6","25.7","22.5","20.2","23.0","26.6","20.3","0.0","0.0","6.2","0.1","2.1","5.5","9.89","10.46","0.0","75.9","78.1","73.8","9.8","8.6","6.0","0.0","0.0","0.0","11.9","7.8","3.3"
"20210912","何魂","秦款措备","24.9","28.8","21.9","21.7","23.1","26.8","20.5","0.0","1.5","6.7","6.7","3.3","5.5","17.51","14.05","0.0","72.6","77.9","74.1","8.6","8.4","6.1","0.0","0.0","0.0","8.8","11.7","3.2"
"20210911","何魂","秦款措备","24.9","28.4","21.4","22.8","23.2","27.0","20.6","0.0","2.7","6.5","11.3","0.5","5.6","23.56","7.65","0.0","75.6","82.9","74.4","2.1","9.4","6.1","0.0","0.0","0.0","8.4","9.8","3.1"
"20210910","何魂","秦款措备","22.8","24.5","21.6","24.0","23.4","27.1","20.7","0.3","0.0","6.2","0.3","7.9","5.6","7.11","20.53","0.0","77.8","79.9","74.7","8.6","6.1","6.0","0.0","0.0","0.0","7.1","8.7","3.1"
"20210909","何魂","秦款措备","24.2","27.6","21.4","24.0","23.5","27.2","20.8","0.0","0.0","7.8","5.3","5.2","5.9","18.81","15.6","0.0","76.1","82.9","74.9","7.0","4.3","5.7","0.0","0.0","0.0","5.6","9.3","3.2"
"20210908","何魂","秦款措备","24.4","28.1","22.2","24.3","23.5","27.1","20.9","0.0","0.0","7.2","4.0","8.5","5.7","17.04","20.71","0.0","76.9","79.0","75.8","6.5","4.4","5.8","0.0","0.0","0.0","9.0","15.2","3.2"
"20210907","何魂","秦款措备","24.5","27.8","21.3","22.9","23.7","27.2","21.1","6.9","113.6","6.3","0.8","0.4","5.4","9.92","4.64","0.0","86.0","82.3","76.2","8.9","8.1","6.1","0.0","0.0","0.0","12.3","32.2","3.3"
"20210906","何魂","秦款措备","23.1","26.2","21.2","20.9","23.9","27.4","21.2","2.5","7.4","5.5","1.1","0.0","5.7","12.02","4.55","0.0","79.4","88.6","75.9","9.8","9.9","6.0","0.0","0.0","0.0","12.0","17.8","3.4"
"20210905","何魂","秦款措备","22.7","26.3","21.3","19.9","24.0","27.6","21.4","0.0","36.3","6.9","1.0","0.0","5.5","9.87","2.47","0.0","71.6","87.6","76.3","9.8","9.9","6.2","0.0","0.0","0.0","9.8","9.8","3.4"
"20210904","何魂","秦款措备","23.0","26.8","20.8","24.4","24.2","27.7","21.6","0.0","0.0","6.2","1.3","11.2","5.4","12.63","24.64","0.0","73.5","69.1","76.8","8.5","1.8","6.3","0.0","0.0","0.0","9.1","9.8","3.5"
"20210903","何魂","秦款措备","22.1","25.5","20.0","25.9","24.5","28.2","21.9","0.8","28.9","5.1","1.1","7.7","6.0","11.61","20.69","0.0","81.0","73.6","75.9","8.8","4.0","6.0","0.0","0.0","0.0","10.7","35.7","3.5"
"20210902","何魂","秦款措备","21.6","24.5","20.4","26.8","24.6","28.3","22.0","1.5","29.5","7.0","0.0","0.0","6.1","6.89","6.85","0.0","87.0","84.8","75.4","10.0","10.0","5.9","0.0","0.0","0.0","8.3","24.0","3.6"
"20210901","何魂","秦款措备","24.9","28.5","20.8","26.4","24.6","28.2","22.1","23.1","0.0","8.4","0.3","2.3","5.7","7.95","12.88","0.0","86.6","78.1","76.2","9.3","8.0","6.3","0.0","0.0","0.0","14.2","9.7","3.6"
"20210831","何魂","秦款措备","26.0","29.5","24.3","26.2","24.8","28.4","22.3","0.1","0.0","7.1","2.6","3.3","6.0","14.94","13.84","0.0","84.5","74.5","76.2","8.4","7.6","6.2","0.0","0.0","0.0","6.3","12.1","3.6"
"20210830","何魂","秦款措备","26.4","30.6","24.3","28.5","25.0","28.6","22.4","0.5","0.0","6.4","5.9","9.0","6.2","19.28","22.89","0.0","78.1","77.6","76.2","7.4","5.5","6.1","0.0","0.0","0.0","8.2","7.6","3.6"
"20210829","何魂","秦款措备","26.6","30.0","25.0","27.5","25.0","28.6","22.5","0.5","3.1","6.8","4.2","7.5","6.1","14.31","20.74","0.0","86.0","83.8","76.7","7.3","5.1","6.2","0.0","0.0","0.0","11.1","14.2","3.6"
"20210828","何魂","秦款措备","26.7","30.3","23.5","26.9","25.1","28.6","22.6","6.3","17.6","6.8","8.6","5.0","6.0","23.06","19.95","0.0","82.5","86.8","77.4","5.3","7.6","6.2","0.0","0.0","0.0","13.0","9.9","3.5"
"20210827","何魂","秦款措备","26.2","29.2","23.4","26.2","25.2","28.8","22.7","2.1","27.4","7.6","5.2","0.1","6.1","16.62","6.58","0.0","82.9","89.4","77.6","5.9","9.9","6.1","0.0","0.0","0.0","13.7","15.1","3.4"
"20210826","何魂","秦款措备","26.4","30.5","24.1","28.7","25.3","28.8","22.9","0.0","0.0","7.9","9.2","1.5","6.0","23.73","13.8","0.0","82.4","79.0","77.8","4.6","8.3","6.1","0.0","0.0","0.0","9.0","14.4","3.5"
"20210825","何魂","秦款措备","24.3","26.4","23.2","29.3","25.4","28.8","22.9","146.2","0.0","11.2","0.2","10.7","5.8","5.2","23.7","0.0","97.8","78.0","77.8","10.0","2.8","6.3","0.0","0.0","0.0","15.6","7.4","3.5"
"20210824","何魂","秦款措备","25.5","26.8","23.4","28.0","25.5","28.9","23.1","36.1","0.0","12.3","0.0","11.5","5.9","2.11","25.27","0.0","93.1","78.0","78.1","9.0","1.8","6.3","0.0","0.0","0.0","28.7","6.7","3.5"
"20210823","何魂","秦款措备","24.0","26.7","22.3","27.1","25.7","29.1","23.3","79.7","0.0","11.6","0.0","8.9","6.0","5.08","21.47","0.0","93.4","77.0","78.4","10.0","5.9","6.2","0.0","0.0","0.0","18.2","6.8","3.6"
"20210822","何魂","秦款措备","26.1","29.7","24.2","27.0","25.8","29.2","23.4","0.0","0.0","10.7","7.1","6.8","6.1","18.99","22.03","0.0","83.9","73.5","78.2","7.4","7.3","6.0","0.0","0.0","0.0","19.8","8.0","3.6"
"20210821","何魂","秦款措备","23.8","25.7","20.8","26.7","25.9","29.3","23.5","99.1","0.0","10.9","0.0","10.9","6.2","1.29","24.73","0.0","93.4","76.4","78.3","9.8","1.4","6.0","0.0","0.0","0.0","29.7","8.0","3.5"
"20210820","何魂","秦款措备","25.5","29.3","21.9","29.4","26.0","29.4","23.6","0.0","0.0","8.4","9.4","12.1","6.3","23.82","25.56","0.0","81.3","66.9","78.6","4.6","0.0","6.0","0.0","0.0","0.0","7.7","8.1","3.5"
"20210819","何魂","秦款措备","24.6","28.1","22.2","29.1","26.0","29.5","23.7","0.0","0.0","6.4","2.2","12.2","6.5","13.59","26.45","0.0","78.3","74.8","78.4","7.6","0.6","5.9","0.0","0.0","0.0","10.2","9.1","3.5"
"20210818","何魂","秦款措备","23.4","25.9","21.7","28.7","26.1","29.5","23.7","4.1","0.0","5.9","0.4","12.1","6.5","9.32","25.59","0.0","82.1","74.4","78.6","7.4","0.9","5.9","0.0","0.0","0.0","11.7","7.3","3.4"
"20210817","何魂","秦款措备","22.8","26.1","20.4","28.4","26.2","29.6","23.8","42.8","0.0","6.8","1.8","12.1","6.3","9.01","25.7","0.0","87.3","78.0","79.1","8.5","2.5","6.0","0.0","0.0","0.0","11.5","8.1","3.5"
"20210816","何魂","秦款措备","25.0","28.2","22.0","28.2","26.2","29.5","23.9","0.0","0.0","7.9","7.3","12.2","6.1","21.02","26.31","0.0","73.4","78.0","79.6","7.9","2.9","6.2","0.0","0.0","0.0","10.4","9.9","3.5"
"20210815","何魂","秦款措备","24.7","28.7","22.4","28.1","26.3","29.6","23.9","0.2","0.0","7.8","5.2","12.2","6.0","16.08","25.64","0.0","77.1","80.4","79.2","8.1","2.8","6.1","0.0","0.0","0.0","9.9","9.9","3.5"
"20210814","何魂","秦款措备","23.6","25.9","21.6","27.9","26.4","29.6","24.0","15.0","0.0","9.7","1.3","11.2","6.0","8.24","25.7","0.0","86.5","81.6","79.5","9.1","5.3","6.1","0.0","0.0","0.0","11.3","13.5","3.5"
"20210813","何魂","秦款措备","25.0","26.4","23.7","27.6","26.5","29.7","24.2","1.6","0.0","9.9","0.0","9.9","6.1","6.2","24.4","0.0","84.8","83.9","79.3","9.9","2.9","6.1","0.0","0.0","0.0","8.4","11.9","3.5"
"20210812","何魂","秦款措备","26.3","29.9","23.4","25.9","26.6","29.8","24.2","0.2","36.6","9.3","3.8","1.8","6.1","17.6","6.48","0.0","80.5","92.9","79.2","8.8","7.1","6.2","0.0","0.0","0.0","6.7","15.9","3.5"
"20210811","何魂","秦款措备","26.0","28.6","24.5","26.2","26.6","29.9","24.3","0.0","10.5","9.8","3.1","5.7","6.1","13.63","15.58","0.0","82.4","90.6","79.0","7.4","8.3","6.2","0.0","0.0","0.0","9.9","18.5","3.6"
"20210810","何魂","秦款措备","26.2","29.4","22.7","25.6","26.7","30.0","24.3","0.5","12.5","10.4","5.0","1.3","6.2","20.45","8.05","0.0","78.9","91.4","79.2","8.5","9.4","6.2","0.0","0.0","0.0","7.8","20.9","3.6"
"20210809","何魂","秦款措备","26.3","32.1","22.9","25.8","26.7","30.0","24.4","2.1","15.1","10.4","4.3","3.4","6.2","18.41","15.91","0.0","77.9","90.0","79.3","7.9","8.5","6.2","0.0","0.0","0.0","12.5","17.7","3.6"
"20210808","何魂","秦款措备","25.3","28.0","23.3","24.9","26.8","30.1","24.3","43.3","163.1","10.0","0.0","0.0","6.4","4.91","3.1","0.0","90.4","94.3","79.2","9.6","10.0","6.0","0.0","0.0","0.0","9.9","21.7","3.7"
"20210807","何魂","秦款措备","29.7","33.1","27.5","25.6","26.8","30.3","24.3","0.8","107.0","9.3","8.9","0.5","7.0","24.16","9.06","0.0","72.5","90.4","78.7","6.3","9.6","5.6","0.0","0.0","0.0","6.9","15.7","3.6"
"20210806","何魂","秦款措备","30.4","35.6","26.8","26.1","26.9","30.3","24.3","0.0","6.3","8.4","11.6","0.0","7.5","27.36","5.83","0.0","71.8","88.4","78.5","1.0","10.0","5.2","0.0","0.0","0.0","8.2","21.3","3.6"
"20210805","何魂","秦款措备","29.8","33.2","26.9","26.6","26.8","30.2","24.3","0.0","0.0","7.0","12.3","2.2","7.6","27.66","16.43","0.0","73.4","91.1","78.7","0.4","8.6","5.2","0.0","0.0","0.0","7.6","12.1","3.7"
"20210804","何魂","秦款措备","29.4","32.7","26.4","27.0","26.8","30.3","24.3","0.0","0.0","6.4","11.1","6.7","7.7","26.77","22.25","0.0","70.5","85.0","78.8","2.0","5.1","5.2","0.0","0.0","0.0","7.2","13.7","3.7"
"20210803","何魂","秦款措备","28.0","31.5","26.0","26.9","26.8","30.2","24.4","0.0","0.0","6.6","4.8","2.5","7.7","18.65","17.58","0.0","75.8","82.1","79.4","7.6","8.0","5.2","0.0","0.0","0.0","10.8","12.8","3.7"
"20210802","何魂","秦款措备","29.0","32.0","26.8","26.8","26.8","30.1","24.4","0.0","0.0","6.2","10.3","5.6","7.6","25.09","19.47","0.0","76.5","83.6","79.7","5.3","8.1","5.3","0.0","0.0","0.0","8.4","12.2","3.7"
"20210801","何魂","秦款措备","29.1","32.1","26.5","26.9","26.7","30.0","24.3","0.0","0.0","5.8","8.6","7.1","7.5","23.86","22.58","0.0","80.5","81.4","80.1","4.5","7.9","5.4","0.0","0.0","0.0","8.2","9.7","3.7"
"20210731","何魂","秦款措备","28.0","30.1","25.9","26.1","26.6","30.0","24.2","4.2","0.0","8.3","4.7","7.7","7.6","16.87","22.12","0.0","84.1","84.0","80.5","7.8","7.4","5.4","0.0","0.0","0.0","9.4","7.3","3.7"
"20210730","何魂","秦款措备","27.8","30.8","25.1","24.0","26.5","29.9","24.1","0.0","50.0","7.4","11.5","2.1","7.4","26.09","13.13","0.0","74.3","91.5","80.7","5.6","8.9","5.5","0.0","0.0","0.0","9.4","14.2","3.7"
"20210729","何魂","秦款措备","28.1","31.7","25.1","23.2","26.3","29.7","24.0","0.0","14.3","8.4","11.3","0.1","7.1","26.68","7.94","0.0","71.0","96.5","80.6","3.8","10.0","5.7","0.0","0.0","0.0","7.4","4.9","3.7"
"20210728","何魂","秦款措备","27.9","32.0","24.9","21.9","26.1","29.4","23.8","0.0","46.5","9.7","10.2","0.0","6.9","25.47","3.69","0.0","73.1","96.6","80.8","2.3","10.0","5.8","0.0","0.0","0.0","8.5","3.9","3.7"
"20210727","何魂","秦款措备","28.1","31.9","25.2","22.6","26.0","29.3","23.7","0.0","32.1","8.6","11.6","0.0","6.7","28.18","4.23","0.0","74.1","94.4","80.9","1.0","9.9","6.0","0.0","0.0","0.0","9.1","7.1","3.7"
"20210726","何魂","秦款措备","28.1","31.3","25.6","23.9","25.9","29.1","23.5","0.0","0.0","6.4","10.9","11.0","6.7","27.65","26.98","0.0","70.3","80.6","80.9","2.5","4.3","6.0","0.0","0.0","0.0","8.9","7.6","3.8"
"20210725","何魂","秦款措备","27.9","31.1","26.0","21.3","25.8","29.1","23.3","0.0","1.5","7.8","7.5","1.1","6.9","23.33","10.47","0.0","72.3","90.8","80.9","6.8","9.1","5.9","0.0","0.0","0.0","10.0","10.4","3.9"
"20210724","何魂","秦款措备","28.1","31.7","25.5","21.6","25.7","29.0","23.2","0.0","2.3","6.8","9.9","1.7","7.1","24.71","14.57","0.0","72.6","88.5","81.4","6.8","8.9","6.0","0.0","0.0","0.0","8.0","14.6","3.9"
"20210723","何魂","秦款措备","27.8","32.0","25.0","21.8","25.6","28.9","23.2","0.0","176.2","6.5","9.2","0.0","7.0","24.79","3.61","0.0","74.9","97.3","82.1","7.8","10.0","5.9","0.0","0.0","0.0","7.7","9.9","3.9"
"20210722","何魂","秦款措备","28.0","31.6","25.2","22.5","25.5","28.8","23.1","0.0","105.3","8.0","8.7","0.0","7.0","22.92","5.74","0.0","73.0","95.6","82.3","6.5","10.0","5.9","0.0","0.0","0.0","9.4","4.9","3.8"
"20210721","何魂","秦款措备","27.9","31.2","25.7","24.9","25.4","28.7","22.9","0.0","3.4","8.4","8.4","5.3","6.8","22.12","21.2","0.0","70.9","84.6","82.1","7.6","8.4","6.0","0.0","0.0","0.0","9.0","8.2","3.7"
"20210720","何魂","秦款措备","28.4","32.4","25.6","24.9","25.2","28.4","22.7","0.0","1.1","7.6","11.3","0.3","6.6","26.95","9.14","0.0","69.0","89.8","81.9","5.1","9.1","6.0","0.0","0.0","0.0","7.8","19.9","3.6"
"20210719","何魂","秦款措备","26.8","29.7","24.3","23.2","24.9","28.1","22.4","1.1","0.5","7.1","1.6","0.0","6.3","15.14","3.3","0.0","80.8","91.6","81.7","8.6","10.0","6.1","0.0","0.0","0.0","7.0","12.8","3.6"
"20210718","何魂","秦款措备","26.3","29.0","24.3","22.2","24.7","27.8","22.2","0.0","0.0","8.7","2.5","2.9","6.1","15.49","18.17","0.0","78.9","78.6","82.0","7.5","8.0","6.3","0.0","0.0","0.0","8.8","6.6","3.6"
"20210717","何魂","秦款措备","25.5","28.0","23.2","21.8","24.4","27.5","22.0","7.7","0.0","11.4","2.9","12.2","5.7","16.7","29.69","0.0","80.4","75.0","82.7","7.4","1.0","6.7","0.0","0.0","0.0","10.0","8.1","3.7"
"20210716","何魂","秦款措备","27.0","30.4","25.0","21.3","24.2","27.3","21.9","0.1","0.0","12.0","8.1","9.1","5.5","24.35","25.64","0.0","79.4","76.0","83.2","6.4","4.6","6.8","0.0","0.0","0.0","8.0","7.5","3.7"
"20210715","何魂","秦款措备","27.3","30.0","25.5","19.6","24.0","27.0","21.8","0.0","0.0","13.8","8.8","0.0","4.9","23.22","9.01","0.0","83.0","83.3","84.6","4.1","10.0","7.2","0.0","0.0","0.0","8.2","6.8","3.8"
"20210714","何魂","秦款措备","27.5","30.0","25.2","19.3","23.9","26.8","21.8","0.0","5.2","14.3","8.7","0.0","4.5","23.88","5.91","0.0","84.6","93.0","85.5","3.5","10.0","7.4","0.0","0.0","0.0","10.2","5.6","3.8"
"20210713","何魂","秦款措备","27.0","29.5","25.1","18.9","23.8","26.6","21.7","0.0","100.9","16.2","7.2","0.0","4.1","22.97","2.19","0.0","85.9","97.0","85.5","5.4","10.0","7.6","0.0","0.0","0.0","11.9","11.4","3.8"
"20210712","何魂","秦款措备","27.2","29.9","25.4","20.1","23.7","26.6","21.6","0.0","37.5","15.2","8.5","0.0","4.0","25.48","4.46","0.0","83.6","91.3","85.5","5.3","10.0","7.6","0.0","0.0","0.0","9.9","10.7","3.8"
"20210711","何魂","秦款措备","26.2","29.1","23.8","21.6","23.6","26.4","21.5","0.0","0.0","14.8","8.7","0.3","3.9","25.0","8.34","0.0","84.6","89.4","85.7","5.1","8.8","7.7","0.0","0.0","0.0","11.7","8.7","3.8"
"20210710","何魂","秦款措备","25.3","28.0","23.4","22.2","23.4","26.3","21.3","0.0","208.7","12.6","4.7","1.2","3.9","20.42","5.8","0.0","84.9","96.5","85.1","6.9","9.0","7.8","0.0","0.0","0.0","12.4","9.5","3.7"
"20210709","何魂","秦款措备","24.4","28.1","22.2","22.2","23.2","26.2","21.1","4.2","2.1","15.5","2.0","0.4","4.2","12.34","9.47","0.0","90.6","87.6","84.9","8.4","9.1","7.6","0.0","0.0","0.0","9.7","7.2","3.6"
"20210708","何魂","秦款措备","23.7","27.7","21.6","23.5","23.1","26.1","20.9","0.7","0.0","11.4","0.4","10.9","4.6","9.92","25.75","0.0","92.3","82.0","84.7","9.5","5.0","7.5","0.0","0.0","0.0","8.9","8.6","3.6"
"20210707","何魂","秦款措备","23.7","26.4","21.6","22.7","22.9","26.0","20.7","137.5","0.6","9.6","0.1","3.7","4.7","3.54","18.65","0.0","95.8","88.0","84.6","10.0","8.0","7.4","0.0","0.0","0.0","10.9","12.2","3.5"
"20210706","何魂","秦款措备","23.4","24.7","21.5","22.7","22.8","25.9","20.5","121.3","0.8","11.1","0.0","0.2","4.6","2.49","6.11","0.0","96.3","90.6","84.8","10.0","9.9","7.4","0.0","0.0","0.0","24.3","8.7","3.4"
"20210705","何魂","秦款措备","22.7","24.6","20.8","22.2","22.8","25.9","20.5","16.1","0.0","12.0","0.0","6.0","4.7","5.56","21.59","0.0","91.0","79.6","85.2","9.9","8.3","7.4","0.0","0.0","0.0","16.6","7.4","3.5"
"20210704","何魂","秦款措备","23.9","26.6","21.5","20.4","22.8","25.9","20.5","66.2","0.0","10.7","2.2","1.5","4.5","14.03","11.54","0.0","87.5","79.9","85.7","9.3","9.1","7.6","0.0","0.0","0.0","24.6","7.3","3.5"
"20210703","何魂","秦款措备","22.9","24.8","21.5","20.6","22.7","25.8","20.6","40.8","7.8","12.5","0.0","0.0","4.3","5.1","7.33","0.0","88.1","81.6","86.2","9.6","9.4","7.8","0.0","0.0","0.0","13.8","9.9","3.5"
"20210702","何魂","秦款措备","24.7","29.4","21.7","21.7","22.6","25.7","20.5","0.0","0.0","12.4","4.0","4.7","3.9","18.37","18.43","0.0","69.6","72.5","86.5","5.5","7.3","8.0","0.0","0.0","0.0","10.5","7.2","3.6"
"20210701","何魂","秦款措备","24.8","29.5","21.4","20.8","22.5","25.6","20.4","0.0","0.0","11.6","8.2","4.5","3.9","24.0","19.26","0.0","66.8","81.1","86.4","4.0","7.1","7.9","0.0","0.0","0.0","6.8","9.9","3.6"
"20210630","何魂","秦款措备","23.9","27.9","21.3","22.0","22.4","25.5","20.2","0.0","5.9","11.6","8.1","6.6","4.0","25.39","21.26","0.0","73.0","77.4","85.7","5.9","6.5","7.8","0.0","0.0","0.0","7.8","21.9","3.5"
"20210629","何魂","秦款措备","23.5","28.3","20.8","21.6","22.2","25.3","20.0","0.0","99.2","10.2","7.9","0.0","4.0","24.55","8.53","0.0","73.8","90.9","85.0","4.8","8.8","7.7","0.0","0.0","0.0","8.4","14.2","3.5"
"20210628","何魂","秦款措备","24.1","28.3","21.5","24.9","22.1","25.1","19.9","0.0","0.0","10.7","11.0","10.0","4.2","27.46","24.62","0.0","70.9","70.1","84.3","5.3","3.1","7.6","0.0","0.0","0.0","11.0","7.6","3.5"
"20210627","何魂","秦款措备","23.8","27.7","19.9","23.2","21.9","25.0","19.7","0.0","0.0","12.1","11.2","5.1","4.4","28.44","18.51","0.0","69.6","75.9","83.1","2.8","6.5","7.5","0.0","0.0","0.0","8.6","8.5","3.5"
"20210626","何魂","秦款措备","23.0","26.3","21.2","23.3","21.8","24.9","19.5","0.0","0.0","12.2","5.6","11.1","4.6","19.61","29.26","0.0","75.4","76.9","82.1","6.6","4.0","7.4","0.0","0.0","0.0","7.4","10.0","3.4"
"20210625","何魂","秦款措备","22.2","25.9","18.9","22.0","21.6","24.7","19.3","0.0","35.3","11.2","12.5","0.1","4.6","28.58","7.02","0.0","77.1","96.4","81.3","3.9","9.9","7.3","0.0","0.0","0.0","7.1","9.1","3.4"
"20210624","何魂","秦款措备","21.7","25.4","19.1","22.6","21.5","24.7","19.1","0.0","19.5","11.4","5.0","1.9","4.8","20.36","11.28","0.0","74.6","80.8","80.6","6.5","9.4","7.3","0.0","0.0","0.0","6.5","10.4","3.4"
"20210623","何魂","秦款措备","21.1","25.4","18.6","23.8","21.5","24.8","19.1","0.0","0.0","8.9","5.0","11.4","5.1","20.67","29.34","0.0","73.8","70.9","79.8","6.9","3.6","7.1","0.0","0.0","0.0","7.5","5.3","3.3"
"20210622","何魂","秦款措备","21.3","25.1","18.6","22.8","21.5","24.9","19.1","0.1","0.0","6.2","8.9","12.6","5.5","26.02","30.73","0.0","71.8","69.5","79.6","4.3","0.0","7.0","0.0","0.0","0.0","8.3","5.7","3.2"
"20210621","何魂","秦款措备","23.9","30.9","20.1","21.2","21.6","25.0","19.1","0.0","0.0","6.7","11.4","12.4","5.7","29.64","28.78","0.0","61.6","73.1","79.6","3.4","2.0","6.9","0.0","0.0","0.0","9.4","8.5","3.1"
"20210620","何魂","秦款措备","23.0","26.5","19.7","21.2","21.5","24.9","19.0","0.0","0.0","7.9","10.8","9.0","5.6","27.39","25.22","0.0","72.9","73.4","79.9","5.0","5.9","6.9","0.0","0.0","0.0","6.9","7.2","3.2"
"20210619","何魂","秦款措备","22.9","27.2","19.7","21.8","21.5","25.0","18.9","0.0","0.8","7.8","12.5","8.3","5.9","30.05","25.81","0.0","73.1","75.5","79.1","1.9","7.4","6.7","0.0","0.0","0.0","8.4","10.2","3.1"
"20210618","何魂","秦款措备","20.0","22.0","18.3","18.3","21.4","24.9","18.7","5.0","40.2","7.3","0.0","0.0","6.1","8.68","3.06","0.0","91.0","93.9","77.9","8.6","10.0","6.4","0.0","0.0","0.0","7.7","8.4","3.0"
"20210617","何魂","秦款措备","19.9","23.2","18.2","22.3","21.3","24.9","18.5","1.1","0.0","7.1","0.9","4.0","6.4","13.49","18.58","0.0","83.5","63.4","76.8","9.0","8.8","6.2","0.0","0.0","0.0","9.0","6.7","3.1"
"20210616","何魂","秦款措备","20.0","22.5","18.3","23.9","21.2","24.8","18.4","13.5","0.0","4.5","0.0","12.6","6.4","8.66","29.15","0.0","86.6","49.4","75.5","9.5","5.4","6.2","0.0","0.0","0.0","13.1","9.5","3.0"
"20210615","何魂","秦款措备","20.8","22.9","18.6","23.8","21.1","24.9","18.2","30.0","0.0","3.5","0.0","12.1","6.7","4.79","29.16","0.0","90.1","63.0","74.5","9.8","4.6","6.0","0.0","0.0","0.0","9.9","10.7","3.0"
"20210614","何魂","秦款措备","22.4","25.9","20.5","23.3","21.0","24.8","18.2","0.0","16.4","2.8","3.5","2.5","6.6","18.67","10.21","0.0","85.6","89.4","74.2","7.6","8.4","6.0","0.0","0.0","0.0","7.1","15.8","3.0"
"20210613","何魂","秦款措备","22.8","26.8","20.4","22.0","20.9","24.7","18.1","0.0","91.0","3.2","6.4","0.3","6.5","23.95","9.93","0.0","89.1","95.5","74.2","7.3","9.9","6.1","0.0","0.0","0.0","5.5","8.0","3.1"
"20210612","何魂","秦款措备","20.9","21.6","20.4","22.6","20.8","24.6","18.0","73.4","2.3","3.9","0.0","5.1","6.3","4.52","20.18","0.0","98.4","89.6","74.7","10.0","8.8","6.2","0.0","0.0","0.0","10.6","10.5","3.1"
"20210611","何魂","秦款措备","20.8","22.9","19.6","22.6","20.8","24.5","18.0","82.6","10.5","4.6","0.0","1.6","6.5","3.15","15.73","0.0","94.4","93.4","74.5","10.0","7.6","6.2","0.0","0.0","0.0","10.0","9.2","3.2"
"20210610","何魂","秦款措备","22.4","26.0","19.5","24.7","20.7","24.4","17.8","0.0","0.0","4.6","5.3","10.4","6.2","19.38","27.47","0.0","71.6","68.4","74.1","7.5","4.3","6.3","0.0","0.0","0.0","5.8","8.6","3.1"
"20210609","何魂","秦款措备","23.1","27.8","19.0","24.0","20.5","24.2","17.6","0.0","0.0","4.4","11.8","12.6","6.5","28.97","29.41","0.0","56.5","49.9","74.0","2.5","0.0","6.1","0.0","0.0","0.0","7.4","6.9","3.0"
"20210608","何魂","秦款措备","23.0","26.2","20.1","23.3","20.4","24.2","17.4","0.0","0.0","4.2","11.5","12.6","6.7","28.42","29.02","0.0","65.4","40.9","73.8","3.8","0.0","5.9","0.0","0.0","0.0","8.4","5.2","2.9"
"20210607","何魂","秦款措备","21.6","25.8","19.1","21.5","20.2","24.2","17.2","0.0","0.0","3.5","12.1","12.5","7.0","28.38","29.24","0.0","68.5","49.5","72.9","3.8","1.3","5.6","0.0","0.0","0.0","9.6","8.4","2.9"
"20210606","何魂","秦款措备","20.9","24.7","18.4","21.0","20.2","24.3","17.1","0.0","0.0","2.4","10.0","6.9","7.1","26.87","20.75","0.0","74.6","69.3","72.3","4.1","7.3","5.5","0.0","0.0","0.0","10.9","9.6","2.8"
"20210605","何魂","秦款措备","20.2","23.3","17.4","22.0","20.1","24.3","17.0","0.0","0.0","2.4","10.7","11.0","7.6","26.68","24.7","0.0","73.3","79.6","71.9","4.9","5.6","5.2","0.0","0.0","0.0","12.9","8.9","3.0"
"20210604","何魂","秦款措备","20.7","24.8","17.1","22.9","19.9","24.1","16.9","2.2","0.0","3.0","8.3","10.2","7.4","26.55","26.55","0.0","65.8","78.1","71.6","6.6","5.5","5.4","0.0","0.0","0.0","10.0","10.5","3.1"
"20210603","何魂","秦款措备","19.2","19.9","18.2","21.3","19.9","24.0","16.8","24.4","0.0","3.3","0.0","5.9","7.4","2.69","21.46","0.0","91.8","81.3","70.5","9.6","7.3","5.4","0.0","0.0","0.0","8.9","11.6","3.1"
"20210602","何魂","秦款措备","21.4","25.6","19.1","21.1","19.7","23.9","16.5","0.0","0.0","3.3","6.8","11.8","7.6","21.25","29.95","0.0","64.5","50.8","69.6","7.5","3.1","5.2","0.0","0.0","0.0","8.2","13.9","3.1"
"20210601","何魂","秦款措备","21.2","26.3","16.6","22.0","19.5","23.6","16.4","0.0","0.0","4.4","10.8","10.6","7.5","27.67","25.49","0.0","57.6","66.9","69.9","4.4","5.0","5.2","0.0","0.0","0.0","5.7","10.5","3.1"
"20210531","何魂","秦款措备","20.3","24.9","16.9","19.6","19.5","23.6","16.2","0.0","1.0","3.7","9.6","4.0","7.7","26.04","21.12","0.0","63.0","78.5","69.6","3.6","9.1","5.1","0.0","0.0","0.0","9.3","7.0","3.1"
"20210530","何魂","秦款措备","19.8","23.9","16.4","20.2","19.4","23.5","16.0","0.0","0.0","3.8","12.5","2.3","7.9","29.58","17.47","0.0","65.9","54.4","68.4","0.4","8.9","4.9","0.0","0.0","0.0","7.4","5.7","3.1"
"20210529","何魂","秦款措备","18.7","22.8","14.4","19.7","19.2","23.5","15.9","0.0","0.0","4.1","11.5","12.1","8.0","29.45","29.03","0.0","65.1","61.5","68.2","2.3","3.0","4.9","0.0","0.0","0.0","11.4","9.5","3.1"
"20210528","何魂","秦款措备","17.6","21.5","15.0","19.2","19.1","23.3","15.9","3.0","0.0","5.1","6.0","12.5","7.5","19.28","29.4","0.0","80.4","67.6","68.9","2.3","1.5","5.2","0.0","0.0","0.0","21.1","9.6","3.2"
"20210527","何魂","秦款措备","16.9","20.9","13.4","19.4","19.1","23.4","15.8","1.8","0.0","5.7","3.4","11.1","7.6","12.26","29.12","0.0","84.4","60.8","68.8","5.5","4.9","5.1","0.0","0.0","0.0","13.4","9.9","3.3"
"20210526","何魂","秦款措备","17.9","22.1","15.5","19.0","19.0","23.3","15.8","0.5","0.0","6.5","2.3","3.6","7.4","16.57","14.75","0.0","47.4","73.1","68.6","9.3","7.8","5.2","0.0","0.0","0.0","12.7","8.0","3.2"
"20210525","何魂","秦款措备","19.9","25.5","17.0","19.4","19.0","23.3","15.8","0.0","0.0","5.6","8.2","3.1","7.6","22.53","16.35","0.0","44.8","80.8","68.9","4.0","8.6","5.1","0.0","0.0","0.0","14.9","8.3","3.2"
"20210524","何魂","秦款措备","18.8","21.3","16.9","19.1","19.0","23.3","15.8","1.2","0.0","5.3","5.4","5.7","7.8","15.85","20.49","0.0","77.0","74.5","68.8","6.3","6.9","4.9","0.0","0.0","0.0","9.2","9.5","3.2"
"20210523","何魂","秦款措备","21.5","26.5","16.8","16.8","19.0","23.3","15.7","0.0","0.0","5.0","9.6","10.8","8.1","26.31","27.93","0.0","67.9","77.1","67.9","5.3","2.1","4.8","0.0","0.0","0.0","9.7","7.1","3.3"
"20210522","何魂","秦款措备","19.0","24.3","15.1","15.4","18.9","23.1","15.5","0.0","0.0","3.7","12.5","8.2","8.1","29.69","21.69","0.0","68.0","74.1","67.2","1.5","4.9","4.7","0.0","0.0","0.0","11.0","9.4","3.3"
"20210521","何魂","秦款措备","18.4","22.7","15.9","14.9","18.7","22.9","15.3","0.1","0.0","3.5","5.9","3.6","8.0","20.44","18.58","0.0","70.5","72.1","67.4","7.0","7.9","4.7","0.0","0.0","0.0","15.7","7.4","3.3"
"20210520","何魂","秦款措备","16.9","17.9","15.9","15.2","18.5","22.6","15.1","25.0","0.0","4.6","0.0","9.1","7.9","2.63","26.99","0.0","90.5","67.8","67.6","9.9","4.0","4.8","0.0","0.0","0.0","9.3","8.5","3.4"
"20210519","何魂","秦款措备","19.3","23.6","16.0","15.6","18.3","22.5","14.9","0.0","2.1","4.5","9.5","6.8","7.6","26.49","18.49","0.0","74.4","70.8","67.8","6.4","3.9","5.1","0.0","0.0","0.0","8.6","18.1","3.4"
"20210518","何魂","秦款措备","16.1","17.7","14.2","17.3","18.1","22.1","14.8","1.1","4.5","4.6","0.0","0.1","7.3","5.55","5.89","0.0","93.6","93.6","69.0","9.6","9.5","5.3","0.0","0.0","0.0","5.1","6.8","3.4"
"20210517","何魂","秦款措备","14.7","16.0","14.2","18.2","17.9","21.9","14.7","2.2","0.0","4.6","0.0","5.3","7.0","3.87","21.53","0.0","96.6","86.0","69.7","10.0","8.4","5.6","0.0","0.0","0.0","5.9","7.5","3.5"
"20210516","何魂","秦款措备","19.3","20.9","15.4","18.2","17.7","21.7","14.5","45.1","0.6","4.3","0.0","4.8","7.2","2.38","21.2","0.0","97.6","91.4","69.1","10.0","8.4","5.5","0.0","0.0","0.0","18.0","8.5","3.5"
"20210515","何魂","秦款措备","18.8","20.3","17.8","16.3","17.6","21.6","14.4","22.9","14.8","3.6","0.0","0.0","7.2","3.15","2.93","0.0","94.8","86.6","69.1","10.0","10.0","5.4","0.0","0.0","0.0","9.4","12.1","3.5"
"20210514","何魂","秦款措备","19.4","23.4","16.4","20.1","17.4","21.3","14.2","0.0","0.0","5.0","10.1","10.2","7.0","24.95","25.69","0.0","73.9","38.4","70.2","7.4","5.6","5.3","0.0","0.0","0.0","5.8","8.3","3.5"
"20210513","何魂","秦款措备","19.7","25.0","16.5","17.9","17.2","21.2","13.9","0.0","0.0","5.4","9.2","12.4","7.2","26.78","29.91","0.0","62.1","46.3","69.5","5.1","0.1","5.1","0.0","0.0","0.0","7.6","13.2","3.6"
"20210512","何魂","秦款措备","18.5","24.8","15.8","18.2","17.0","21.0","13.6","0.0","0.0","6.0","5.5","11.0","7.2","22.7","27.04","0.0","58.0","58.3","69.0","7.8","1.3","4.9","0.0","0.0","0.0","11.1","14.5","3.6"
"20210511","何魂","秦款措备","16.4","18.8","14.7","18.8","16.8","21.0","13.5","0.0","0.0","6.4","0.0","12.4","7.0","9.47","29.38","0.0","55.0","63.6","68.8","9.4","1.0","5.1","0.0","0.0","0.0","12.2","14.2","3.7"
"20210510","何魂","秦款措备","17.5","21.3","14.8","17.6","16.8","21.0","13.5","0.0","0.0","5.9","2.8","6.1","6.8","15.1","20.27","0.0","49.5","76.4","67.9","8.9","5.8","5.2","0.0","0.0","0.0","7.9","16.0","3.6"
"20210509","何魂","秦款措备","17.9","22.0","13.8","16.4","16.9","21.1","13.5","0.0","50.8","6.9","12.3","0.0","6.8","29.35","2.08","0.0","48.1","91.8","67.6","0.5","10.0","5.2","0.0","0.0","0.0","11.3","18.4","3.7"
"20210508","何魂","秦款措备","17.0","20.8","12.2","17.4","17.0","21.1","13.6","0.0","0.0","6.9","11.8","7.2","6.5","27.12","23.22","0.0","46.6","65.8","67.8","3.8","6.3","5.4","0.0","0.0","0.0","16.4","9.3","3.7"
"20210507","何魂","秦款措备","17.4","20.3","15.3","16.5","17.0","21.2","13.6","0.0","0.0","6.0","5.3","12.2","6.8","20.96","29.25","0.0","65.1","50.4","67.0","6.5","4.0","5.3","0.0","0.0","0.0","18.2","11.0","3.7"
"20210506","何魂","秦款措备","17.1","21.7","11.5","17.9","17.0","21.3","13.6","0.0","0.0","5.6","7.0","12.3","7.2","22.25","28.54","0.0","32.9","65.3","66.9","6.3","2.3","5.1","0.0","0.0","0.0","9.1","13.8","3.7"
"20210505","何魂","秦款措备","18.5","23.2","14.4","15.9","16.9","21.1","13.5","6.0","0.0","6.8","10.1","1.9","7.2","26.99","15.24","0.0","47.6","79.8","67.4","4.6","9.0","5.0","0.0","0.0","0.0","20.3","8.3","3.8"
"20210504","何魂","秦款措备","16.4","18.4","14.3","19.0","16.8","20.9","13.4","18.5","0.0","4.9","0.2","9.7","7.2","7.37","24.98","0.0","85.0","84.8","67.1","9.0","5.1","5.0","0.0","0.0","0.0","16.5","9.1","3.7"
"20210503","何魂","秦款措备","15.5","19.4","11.0","16.8","16.7","20.9","13.3","0.0","21.3","4.1","11.6","0.0","7.4","28.76","3.05","0.0","60.6","95.3","67.3","2.4","10.0","4.9","0.0","0.0","0.0","14.1","9.3","3.8"
"20210502","何魂","秦款措备","12.6","16.9","8.6","18.7","16.5","20.6","13.3","0.3","1.1","4.9","5.7","5.0","6.9","18.37","17.2","0.0","62.6","83.1","68.1","3.9","8.5","5.1","0.0","0.0","0.0","15.2","10.0","3.9"
"20210501","何魂","秦款措备","12.2","16.6","10.1","19.5","16.3","20.3","13.1","11.5","0.0","5.3","2.8","11.6","6.4","13.72","26.87","0.0","69.0","77.0","68.8","6.4","2.4","5.3","0.0","0.0","0.0","16.0","14.4","4.0"
"20210430","何魂","秦款措备","16.8","21.7","12.9","16.9","16.1","20.2","12.7","1.1","0.0","4.4","11.5","10.6","6.6","27.4","27.45","0.0","51.8","64.9","67.8","5.1","1.5","5.0","0.0","0.0","0.0","21.5","14.7","4.0"
"20210429","何魂","秦款措备","17.3","22.0","14.9","16.2","15.8","20.1","12.3","0.0","0.0","4.2","8.1","12.2","6.7","22.27","27.45","0.0","57.4","42.5","66.0","5.6","0.0","4.9","0.0","0.0","0.0","9.5","9.2","4.0"
"20210428","何魂","秦款措备","17.1","20.7","14.7","14.3","15.6","19.9","12.0","0.0","0.0","4.3","10.9","12.2","6.9","25.21","27.77","0.0","74.1","51.0","64.2","6.3","0.5","4.8","0.0","0.0","0.0","10.4","12.5","3.9"
"20210427","何魂","秦款措备","15.1","19.0","10.7","13.7","15.3","19.8","11.6","0.0","0.0","4.1","5.5","10.5","7.5","20.5","24.45","0.0","70.0","52.5","61.5","8.1","2.9","4.5","0.0","0.0","0.0","8.8","10.7","3.8"
"20210426","何魂","秦款措备","13.6","18.2","9.3","14.2","15.1","19.8","11.3","0.0","0.0","3.7","12.3","11.8","7.8","27.92","27.15","0.0","53.4","53.0","59.8","3.3","1.5","4.3","0.0","0.0","0.0","8.6","11.8","3.7"
"20210425","何魂","秦款措备","15.1","19.6","11.2","14.8","15.0","19.6","11.3","0.0","0.0","4.6","8.8","12.1","7.6","24.93","26.44","0.0","59.4","60.9","60.0","4.9","0.0","4.6","0.0","0.0","0.0","13.1","19.5","3.6"
"20210424","何魂","秦款措备","15.7","20.1","12.8","11.1","15.0","19.4","11.4","0.0","0.0","5.3","9.0","12.2","7.5","26.05","28.16","0.0","64.4","39.1","61.4","4.5","0.0","4.7","0.0","0.0","0.0","10.0","16.0","3.7"
"20210423","何魂","秦款措备","17.0","21.4","14.2","10.3","14.9","19.3","11.4","0.0","0.0","6.7","0.3","12.1","7.2","13.64","27.83","0.0","45.3","36.9","62.8","9.1","0.8","4.9","0.0","0.0","0.0","18.4","13.5","3.7"
"20210422","何魂","秦款措备","19.7","26.5","15.8","9.3","14.7","19.0","11.3","0.0","0.0","6.9","3.6","11.5","6.8","17.15","27.26","0.0","35.9","33.1","65.0","8.1","2.0","5.2","0.0","0.0","0.0","9.2","20.4","3.7"
"20210421","何魂","秦款措备","18.6","25.3","12.9","12.2","14.6","18.7","11.3","0.0","0.0","7.7","10.1","10.6","6.7","24.99","26.99","0.0","44.3","31.8","65.7","5.9","5.5","5.2","0.0","0.0","0.0","5.0","24.4","3.7"
"20210420","何魂","秦款措备","17.6","24.1","13.5","14.0","14.6","18.8","11.2","0.0","0.1","6.6","11.3","9.8","6.6","25.28","23.34","0.0","30.5","68.5","65.7","2.8","5.8","5.2","0.0","0.0","0.0","13.7","13.1","3.8"
"20210419","何魂","秦款措备","15.0","21.7","8.9","11.8","14.5","18.7","11.1","0.0","33.2","6.6","12.1","0.0","6.7","27.87","6.39","0.0","38.4","84.5","64.8","0.0","9.9","5.1","0.0","0.0","0.0","10.6","10.5","3.9"
"20210418","何魂","秦款措备","12.0","18.1","7.3","13.9","14.4","18.7","10.9","0.0","0.0","6.0","11.1","10.0","7.0","25.88","24.87","0.0","45.3","73.4","63.5","0.9","4.4","4.7","0.0","0.0","0.0","14.1","10.2","3.8"
"20210417","何魂","秦款措备","15.1","19.9","9.0","12.2","14.3","18.8","10.7","0.0","32.6","5.5","7.6","0.0","7.2","21.7","2.53","0.0","46.4","88.6","61.8","4.6","8.8","4.6","0.0","0.0","0.0","18.6","8.2","3.8"
"20210416","何魂","秦款措备","14.7","19.1","9.8","12.9","14.2","18.7","10.5","0.0","0.0","4.5","7.3","9.2","7.5","22.29","22.61","0.0","70.9","65.5","60.5","5.8","5.3","4.4","0.0","0.0","0.0","12.9","12.4","3.9"
"20210415","何魂","秦款措备","12.6","17.2","8.0","14.5","13.9","18.4","10.1","0.0","0.0","4.5","9.7","5.6","7.6","22.0","19.43","0.0","43.4","44.6","59.2","3.9","6.9","4.3","0.0","0.0","0.0","9.1","8.7","3.9"
"20210414","何魂","秦款措备","10.7","15.9","6.5","15.1","13.5","18.1","9.8","0.0","0.0","4.3","9.6","11.9","7.5","24.82","27.26","0.0","47.8","32.9","58.5","3.0","1.3","4.4","0.0","0.0","0.0","17.7","10.4","3.9"
"20210413","何魂","秦款措备","16.4","21.4","10.3","10.1","13.2","17.8","9.6","22.9","0.0","3.6","8.7","5.0","7.1","21.22","16.29","0.0","60.6","43.3","58.8","5.8","5.5","4.7","0.0","0.0","0.0","14.9","15.0","3.9"
"20210412","何魂","秦款措备","14.2","16.7","12.1","9.0","13.0","17.5","9.4","24.1","12.0","4.1","0.0","1.3","6.7","5.02","7.46","0.0","84.4","79.4","59.3","9.6","9.8","4.9","0.0","0.0","0.0","17.2","16.3","4.0"
"20210411","何魂","秦款措备","13.7","18.9","8.5","10.5","12.9","17.3","9.3","0.0","2.9","4.4","11.8","0.3","6.4","26.27","11.23","0.0","58.1","68.1","59.8","1.6","9.5","5.2","0.0","0.0","0.0","6.7","8.7","3.9"
"20210410","何魂","秦款措备","11.0","15.7","7.0","10.0","12.8","17.3","9.3","0.0","0.0","4.0","11.7","0.1","6.7","25.16","6.51","0.0","56.5","54.8","59.7","1.8","8.5","5.0","0.0","0.0","0.0","9.6","8.9","3.8"
"20210409","何魂","秦款措备","12.0","16.6","8.3","11.8","12.7","17.3","9.1","0.0","0.0","4.0","9.1","11.4","6.8","21.95","24.42","0.0","60.1","47.8","60.6","2.9","1.0","4.9","0.0","0.0","0.0","14.0","11.2","3.7"
"20210408","何魂","秦款措备","14.0","19.0","10.9","13.3","12.7","17.2","9.1","0.0","0.0","4.7","10.2","11.2","6.8","23.74","25.54","0.0","58.8","44.9","60.8","2.9","0.6","4.9","0.0","0.0","0.0","8.2","11.1","3.8"
"20210407","何魂","秦款措备","15.9","21.5","13.0","14.5","12.6","17.2","9.0","0.0","0.0","4.0","11.5","10.4","7.3","25.34","23.49","0.0","44.8","39.6","60.4","2.3","1.4","4.6","0.0","0.0","0.0","12.5","10.5","3.7"
"20210406","何魂","秦款措备","12.8","16.3","7.7","11.7","12.4","17.0","8.6","0.0","0.0","3.8","8.3","10.3","7.4","21.24","24.75","0.0","51.1","47.3","59.5","2.8","3.9","4.5","0.0","0.0","0.0","10.0","10.9","3.7"
"20210405","何魂","秦款措备","11.1","17.3","6.3","9.7","12.1","16.8","8.3","0.0","0.0","4.0","11.8","11.8","7.4","26.22","26.14","0.0","48.5","43.4","59.0","0.1","0.1","4.5","0.0","0.0","0.0","13.9","8.7","3.8"
"20210404","何魂","秦款措备","10.8","16.8","8.6","12.8","12.1","16.7","8.2","19.5","0.0","3.5","0.0","11.5","7.5","4.88","25.08","0.0","80.8","43.3","57.3","10.0","2.0","4.3","0.0","0.0","0.0","12.1","13.8","3.8"
"20210403","何魂","秦款措备","16.4","20.0","14.2","13.8","11.8","16.5","7.9","39.5","0.0","2.9","0.4","11.1","7.6","8.55","24.44","0.0","84.9","38.6","56.3","9.6","1.9","4.2","0.0","0.0","0.0","9.3","11.2","3.8"
"20210402","何魂","秦款措备","15.7","22.2","12.6","11.5","11.6","16.4","7.7","0.0","0.0","3.0","4.3","11.1","7.4","18.63","23.91","0.0","65.3","42.8","56.2","6.9","3.3","4.1","0.0","0.0","0.0","13.2","10.2","3.7"
"20210401","何魂","秦款措备","14.3","18.6","11.0","12.5","11.6","16.2","7.7","0.0","2.7","3.4","6.2","4.6","7.3","17.95","13.11","0.0","54.4","60.1","57.3","6.6","6.5","4.2","0.0","0.0","0.0","19.2","11.3","3.7"
"20210331","何魂","秦款措备","13.9","19.2","9.6","12.9","11.4","16.0","7.7","0.0","0.0","3.5","10.7","10.9","6.9","22.98","24.17","0.0","61.0","65.1","58.6","4.3","3.4","4.5","0.0","0.0","0.0","9.4","9.0","3.6"
"20210330","何魂","秦款措备","14.5","21.6","11.1","11.6","11.2","15.8","7.5","0.0","0.0","3.1","9.5","11.2","6.7","22.13","21.6","0.0","38.6","62.9","58.4","4.1","6.3","4.7","0.0","0.0","0.0","9.7","8.5","3.6"
"20210329","何魂","秦款措备","15.1","19.7","12.3","10.4","11.1","15.7","7.4","0.0","0.0","2.4","7.5","5.8","6.9","19.06","17.73","0.0","54.0","58.1","58.4","2.8","7.0","4.6","0.0","0.0","0.0","14.6","10.7","3.7"
"20210328","何魂","秦款措备","15.5","19.0","13.8","9.4","10.9","15.4","7.2","23.1","0.4","2.4","9.1","0.0","6.8","21.57","8.01","0.0","72.8","69.6","57.7","3.0","9.1","4.6","0.0","0.0","0.0","18.6","10.5","3.7"
"20210327","何魂","秦款措备","14.8","17.2","11.1","13.7","10.7","15.3","6.9","14.5","1.9","1.4","1.0","0.0","6.9","6.31","2.68","0.0","77.1","97.6","55.7","7.8","10.0","4.5","0.0","0.0","0.0","20.7","11.6","3.7"
"20210326","何魂","秦款措备","15.8","21.2","11.7","14.5","10.4","15.0","6.6","0.0","24.6","1.5","11.1","0.0","7.0","22.91","3.46","0.0","48.1","83.1","54.2","4.8","9.8","4.5","0.0","0.0","0.0","8.7","10.3","3.8"
"20210325","何魂","秦款措备","14.7","19.9","10.6","13.0","10.1","14.6","6.5","0.0","0.0","2.0","11.4","11.2","6.8","23.4","22.95","0.0","49.0","57.1","54.6","1.4","2.4","4.5","0.0","0.0","0.0","8.8","6.5","3.7"
"20210324","何魂","秦款措备","12.8","16.2","9.0","11.5","9.9","14.4","6.3","0.0","0.0","2.4","7.4","7.1","6.6","18.48","16.35","0.0","58.8","52.3","54.8","6.6","2.0","4.6","0.0","0.0","0.0","10.6","8.7","3.7"
"20210323","何魂","秦款措备","10.7","15.8","5.2","12.6","9.8","14.3","6.2","0.0","0.0","2.6","11.3","11.6","6.5","23.23","23.07","0.0","45.6","46.0","55.4","0.0","0.0","4.8","0.0","0.0","0.0","12.1","11.4","3.8"
"20210322","何魂","秦款措备","8.2","13.9","3.7","14.1","9.7","14.3","6.2","0.0","0.0","3.1","11.2","8.4","6.3","24.46","19.02","0.0","32.6","67.5","57.2","0.8","5.0","5.0","0.0","0.0","0.0","16.1","15.7","4.0"
"20210321","何魂","秦款措备","10.1","15.2","5.3","13.7","9.9","14.5","6.2","0.0","0.0","3.4","7.7","10.3","6.3","18.94","20.91","0.0","53.6","64.3","58.4","6.6","0.9","5.0","0.0","0.0","0.0","14.7","16.3","4.0"
"20210320","何魂","秦款措备","10.9","12.7","9.3","10.4","10.0","14.6","6.2","7.8","0.0","4.2","0.0","11.2","6.3","2.28","22.83","0.0","89.1","38.8","59.2","10.0","0.0","4.9","0.0","0.0","0.0","9.9","12.9","4.0"
"20210319","何魂","秦款措备","12.1","16.7","8.9","12.6","10.0","14.7","6.1","0.0","0.0","4.2","7.7","11.3","6.5","20.81","21.04","0.0","60.4","55.1","59.1","7.3","1.5","4.9","0.0","0.0","0.0","14.4","22.7","4.0"
"20210318","何魂","秦款措备","11.4","15.9","8.5","12.2","9.8","14.5","5.9","0.0","0.0","4.4","8.0","11.4","6.4","21.63","23.07","0.0","64.5","50.0","59.3","3.8","0.0","4.8","0.0","0.0","0.0","11.3","10.1","3.9"
"20210317","何魂","秦款措备","11.4","16.5","8.0","11.1","9.6","14.2","5.7","0.0","0.0","5.1","8.7","10.8","6.5","20.12","21.48","0.0","61.3","48.1","59.5","2.4","2.1","4.7","0.0","0.0","0.0","11.3","16.7","3.9"
"20210316","何魂","秦款措备","15.2","21.5","11.0","6.6","9.3","13.9","5.4","2.5","0.0","4.9","8.6","11.2","6.4","19.2","22.6","0.0","75.4","43.0","58.7","3.3","1.0","4.6","0.0","0.0","0.0","12.5","12.6","3.7"
"20210315","何魂","秦款措备","12.9","16.3","8.2","7.7","9.1","13.8","5.1","0.0","0.0","4.1","9.4","8.7","6.6","18.65","18.02","0.0","65.6","39.6","57.4","5.0","2.4","4.5","0.0","0.0","0.0","12.1","19.6","3.8"
"20210314","何魂","秦款措备","12.3","17.6","8.2","8.2","8.8","13.6","4.8","0.0","0.0","3.7","10.2","10.9","6.8","20.18","23.39","0.0","61.0","21.0","55.6","1.8","2.1","4.3","0.0","0.0","0.0","9.2","13.5","3.8"
"20210313","何魂","秦款措备","10.9","15.4","7.5","11.6","8.6","13.4","4.5","0.0","0.0","3.2","10.2","8.3","7.1","20.4","19.23","0.0","64.0","48.5","53.5","2.5","6.8","4.1","0.0","0.0","0.0","9.6","9.6","3.8"
"20210312","何魂","秦款措备","10.0","12.1","9.1","9.5","8.4","13.4","4.4","23.4","0.0","2.5","0.0","11.1","7.1","2.92","22.29","0.0","86.0","39.5","52.3","9.6","1.5","4.0","0.0","0.0","0.0","12.6","13.2","3.8"
"20210311","何魂","秦款措备","11.5","16.6","6.5","7.8","8.3","13.2","4.2","0.0","0.0","2.3","8.4","11.3","7.0","17.8","22.48","0.0","66.5","37.0","52.1","7.1","0.0","4.1","0.0","0.0","0.0","6.3","12.0","3.9"
"20210310","何魂","秦款措备","10.3","15.6","7.2","9.9","8.0","12.8","3.9","0.0","13.9","2.0","10.7","0.0","6.9","21.16","0.0","0.0","49.9","83.6","51.9","0.0","8.3","4.0","0.0","0.0","0.0","13.7","12.5","3.9"
"20210309","何魂","秦款措备","9.7","13.8","6.6","11.0","7.7","12.5","3.8","0.0","11.0","2.3","7.8","0.0","6.6","17.52","6.66","0.0","61.3","79.5","53.1","6.4","9.4","4.0","0.0","0.0","0.0","9.0","8.1","3.9"
"20210308","何魂","秦款措备","8.4","13.9","4.0","10.4","7.8","12.4","3.9","0.0","0.0","2.8","6.8","10.8","6.4","17.01","20.59","0.0","63.8","67.3","54.9","3.5","0.4","4.2","0.0","0.0","0.0","9.9","9.4","3.9"
"20210307","何魂","秦款措备","6.5","9.8","4.8","8.2","7.8","12.4","3.9","0.0","7.0","2.8","3.7","0.0","6.2","11.39","5.09","0.0","65.8","75.6","55.7","7.5","8.6","4.3","0.0","0.0","0.0","9.6","6.7","3.9"
"20210306","何魂","秦款措备","8.1","12.5","5.2","8.1","7.6","12.2","3.8","0.0","0.0","3.2","1.8","10.8","6.2","7.14","20.32","0.0","71.5","46.4","56.3","8.0","1.3","4.4","0.0","0.0","0.0","15.1","10.3","3.8"
"20210305","何魂","秦款措备","12.5","19.3","9.3","5.1","7.6","12.1","3.8","2.1","0.0","3.1","3.8","10.9","5.9","14.02","21.06","0.0","81.1","42.3","56.1","7.1","0.0","4.6","0.0","0.0","0.0","9.6","16.8","3.8"
"20210304","何魂","秦款措备","9.2","13.9","5.0","7.9","7.6","12.2","3.7","6.3","0.0","2.6","0.5","8.3","6.0","8.09","18.55","0.0","77.3","43.1","55.4","9.4","4.0","4.6","0.0","0.0","0.0","5.8","16.0","3.7"
"20210303","何魂","秦款措备","6.1","10.6","1.6","8.7","7.4","12.0","3.6","0.0","0.0","2.2","9.8","3.7","5.9","18.67","11.58","0.0","58.3","63.9","55.1","4.1","7.5","4.6","0.0","0.0","0.0","7.9","10.4","3.6"
"20210302","何魂","秦款措备","4.5","8.8","2.2","8.5","7.3","11.9","3.6","10.0","0.0","2.4","1.3","8.9","5.9","9.96","18.86","0.0","71.3","50.9","55.1","6.5","4.4","4.7","0.0","0.0","0.0","13.4","12.6","3.6"
"20210301","何魂","秦款措备","12.4","15.5","5.2","10.8","7.3","11.9","3.6","37.8","0.0","1.9","0.0","6.9","6.0","2.84","15.78","0.0","90.3","67.3","55.0","9.6","6.0","4.6","0.0","0.0","0.0","17.5","7.7","3.6"
"20210228","何魂","秦款措备","10.5","15.6","5.4","6.9","7.3","11.8","3.6","0.0","0.2","2.3","1.9","0.0","6.1","11.32","2.73","0.0","71.9","70.0","55.6","8.4","9.0","4.6","0.0","0.0","0.0","11.3","6.2","3.5"
"20210227","何魂","秦款措备","7.4","10.1","5.8","6.8","7.3","11.9","3.6","0.0","1.5","2.9","1.7","2.6","5.9","7.74","10.89","0.0","60.0","66.4","56.3","8.4","7.3","4.7","0.0","0.0","0.0","17.1","9.5","3.5"
"20210226","何魂","秦款措备","9.1","13.4","6.8","9.5","7.2","11.8","3.5","6.7","1.8","2.7","3.2","1.9","6.0","11.91","9.6","0.0","69.8","79.3","55.9","8.8","9.5","4.7","0.0","0.0","0.0","17.3","9.5","3.6"
"20210225","何魂","秦款措备","8.8","11.6","6.3","9.7","6.9","11.7","3.2","2.0","49.8","2.0","0.3","0.0","6.5","5.77","0.47","0.0","69.6","94.3","54.2","9.0","10.0","4.3","0.0","0.0","0.0","9.0","10.5","3.5"
"20210224","何魂","秦款措备","7.8","13.1","3.2","10.8","6.7","11.5","2.9","0.0","0.0","2.4","3.6","7.8","6.3","12.52","16.7","0.0","46.5","46.9","54.1","5.8","5.0","4.3","0.0","0.0","0.0","8.9","12.0","3.5"
"20210223","何魂","秦款措备","8.4","13.5","4.8","6.0","6.5","11.2","2.6","0.0","0.0","2.3","9.9","10.5","6.5","17.37","19.49","0.0","33.1","40.5","53.3","4.8","0.0","4.1","0.0","0.0","0.0","11.0","13.6","3.5"
"20210222","何魂","秦款措备","15.2","18.6","11.8","9.5","6.2","11.1","2.3","0.0","0.7","2.1","10.0","10.0","6.9","16.92","17.67","0.0","57.6","44.0","51.7","0.6","2.3","3.7","0.0","0.0","0.0","16.3","24.4","3.5"
"20210221","何魂","秦款措备","14.6","19.3","10.4","11.0","6.1","11.0","2.1","0.0","4.1","2.2","10.3","9.7","6.9","17.81","17.03","0.0","58.6","63.3","50.8","0.0","6.0","3.7","0.0","0.0","0.0","13.8","8.3","3.4"
"20210220","何魂","秦款措备","11.8","17.5","7.4","9.3","5.8","10.6","1.8","0.0","0.0","2.2","9.8","0.0","6.6","16.6","0.0","0.0","66.4","45.9","49.6","0.0","1.9","3.9","0.0","0.0","0.0","16.8","6.1","3.4"
"20210219","何魂","秦款措备","4.3","10.7","-3.2","6.1","5.5","10.4","1.6","0.0","0.0","1.5","10.5","10.3","6.9","18.91","17.43","0.0","44.1","38.4","48.0","0.0","4.8","3.8","0.0","0.0","0.0","14.0","10.9","3.4"
"20210218","何魂","秦款措备","-2.4","3.2","-7.2","1.2","5.4","10.3","1.5","0.0","0.0","1.6","10.3","10.5","6.9","18.55","18.79","0.0","40.5","36.8","47.3","0.0","0.0","3.8","0.0","0.0","0.0","14.7","14.2","3.5"
"20210217","何魂","秦款措备","-3.2","0.3","-5.5","0.1","5.5","10.2","1.7","0.0","0.0","1.5","10.0","8.5","6.5","17.71","11.79","0.0","32.4","42.3","47.9","1.0","1.9","4.2","0.0","0.0","0.0","18.7","19.3","3.5"
"20210216","何魂","秦款措备","2.0","7.1","-1.9","7.0","5.6","10.3","1.7","0.0","4.1","1.4","10.0","6.7","6.4","17.87","12.79","0.0","40.1","65.5","48.5","1.4","6.0","4.2","0.0","0.0","0.0","18.5","17.3","3.6"
"20210215","何魂","秦款措备","8.1","13.1","0.4","12.8","5.7","10.5","1.8","0.6","0.0","2.3","8.8","5.6","6.7","16.04","13.51","0.0","57.4","75.4","49.4","3.5","7.3","4.0","0.0","0.0","0.0","22.5","9.8","3.7"
"20210214","何魂","秦款措备","11.9","13.9","10.0","12.3","5.6","10.4","1.8","17.3","0.0","2.6","0.0","9.3","6.6","3.81","15.83","0.0","92.6","73.5","49.2","9.1","3.3","3.9","0.0","0.0","0.0","4.9","6.1","3.6"
"20210213","何魂","秦款措备","12.6","18.8","7.7","11.4","5.5","10.3","1.6","0.0","0.0","2.5","9.9","10.4","6.6","16.31","16.29","0.0","52.6","81.3","49.4","3.3","2.8","3.8","0.0","0.0","0.0","5.7","11.9","3.6"
"20210212","何魂","秦款措备","10.7","16.1","7.1","11.7","5.1","10.0","1.1","0.0","32.7","2.3","6.7","0.0","6.9","13.13","0.81","0.0","59.1","94.6","49.2","6.5","8.8","3.6","0.0","0.0","0.0","6.4","11.1","3.6"
"20210211","何魂","秦款措备","8.3","12.3","4.0","9.7","4.6","9.5","0.7","0.0","0.0","2.1","4.1","8.4","7.1","10.98","11.93","0.0","56.3","59.6","48.1","8.0","5.3","3.4","0.0","0.0","0.0","8.0","6.3","3.5"
"20210210","何魂","秦款措备","6.6","12.4","1.9","6.3","4.3","9.1","0.4","0.0","0.0","1.5","9.9","9.4","6.9","15.68","14.86","0.0","33.8","47.4","47.9","1.0","0.3","3.5","0.0","0.0","0.0","11.7","7.4","3.5"
"20210209","何魂","秦款措备","2.8","8.9","-3.2","3.8","4.3","9.2","0.4","0.0","0.0","1.0","10.3","10.2","6.9","17.34","16.32","0.0","28.6","38.6","48.2","0.0","0.4","3.5","0.0","0.0","0.0","15.5","10.7","3.5"
"20210208","何魂","秦款措备","3.2","9.0","-1.0","4.1","4.4","9.2","0.4","0.0","0.0","0.7","10.1","10.0","6.9","17.04","15.62","0.0","21.9","41.3","47.9","0.6","0.4","3.5","0.0","0.0","0.0","13.6","12.5","3.5"
"20210207","何魂","秦款措备","10.1","15.8","6.3","5.0","4.4","9.2","0.4","0.0","0.0","0.7","9.1","7.5","7.0","14.57","13.52","0.0","53.1","41.5","47.2","2.6","5.5","3.4","0.0","0.0","0.0","8.4","9.6","3.5"
"20210206","何魂","秦款措备","9.5","13.7","5.1","1.2","4.4","9.2","0.4","0.0","0.0","0.6","9.8","9.1","7.0","15.42","15.05","0.0","54.3","36.4","46.4","0.0","3.9","3.3","0.0","0.0","0.0","9.9","11.7","3.4"
"20210205","何魂","秦款措备","5.3","8.9","0.6","1.8","4.3","9.2","0.3","0.0","0.0","0.5","5.0","9.8","7.1","11.23","16.68","0.0","33.0","26.0","45.5","6.4","0.0","3.1","0.0","0.0","0.0","10.3","14.7","3.4"
"20210204","何魂","秦款措备","5.1","9.5","2.3","5.2","4.0","8.8","0.0","0.0","0.0","0.5","9.9","9.9","7.2","15.98","15.85","0.0","37.5","34.0","44.1","2.0","0.0","2.9","0.0","0.0","0.0","14.9","9.9","3.3"
"20210203","何魂","秦款措备","0.7","4.9","-3.4","5.6","3.7","8.6","-0.3","0.0","0.0","0.7","9.9","9.7","7.2","16.23","14.22","0.0","42.8","42.8","43.6","0.0","1.8","2.9","0.0","0.0","0.0","8.9","8.7","3.4"
"20210202","何魂","秦款措备","2.3","8.5","-2.2","7.1","3.6","8.5","-0.4","0.0","0.0","0.9","9.8","9.7","7.1","16.43","13.97","0.0","31.4","49.9","44.2","0.0","1.6","3.1","0.0","0.0","0.0","12.0","8.5","3.3"
"20210201","何魂","秦款措备","10.0","12.1","8.5","5.6","3.6","8.4","-0.4","22.9","0.0","0.9","0.0","9.7","7.0","2.04","14.67","0.0","82.8","50.1","44.7","10.0","0.5","3.2","0.0","0.0","0.0","17.5","9.8","3.3"
"20210131","何魂","秦款措备","8.7","13.1","2.4","6.3","3.6","8.3","-0.2","0.0","0.0","0.9","9.7","8.4","6.9","14.56","12.86","0.0","46.4","51.8","45.5","2.9","2.9","3.3","0.0","0.0","0.0","9.0","7.7","3.4"
"20210130","何魂","秦款措备","3.1","8.8","-4.0","7.1","3.7","8.4","-0.1","0.0","0.0","1.0","8.0","4.8","6.9","12.95","9.77","0.0","47.0","55.3","46.1","0.8","6.3","3.4","0.0","0.0","0.0","16.4","8.7","3.5"
"20210129","何魂","秦款措备","-2.6","2.7","-6.3","8.5","3.6","8.4","-0.1","0.0","0.0","1.4","9.9","3.7","6.9","15.41","7.33","0.0","30.5","59.6","46.2","0.0","9.3","3.3","0.0","0.0","0.0","17.7","9.5","3.5"
"20210128","何魂","秦款措备","4.4","11.1","-2.9","8.9","3.5","8.2","-0.2","0.0","0.3","1.5","6.4","7.0","7.0","9.17","10.18","0.0","46.1","69.6","46.0","3.4","8.6","3.1","0.0","0.0","0.0","20.8","14.5","3.6"
"20210127","何魂","秦款措备","7.4","12.9","3.9","6.7","3.4","8.2","-0.3","0.0","73.3","1.5","0.0","0.0","7.0","0.0","0.42","0.0","49.1","96.0","45.7","3.5","10.0","3.0","0.0","0.0","0.0","13.3","18.6","3.6"
"20210126","何魂","秦款措备","7.7","9.1","6.6","9.5","3.1","7.9","-0.7","17.4","0.0","1.3","0.0","3.2","7.2","2.06","7.48","0.0","83.0","64.0","45.0","7.5","9.3","2.8","0.0","0.0","0.0","11.8","15.2","3.6"
"20210125","何魂","秦款措备","9.3","13.2","7.4","9.1","2.9","7.6","-0.8","0.0","0.0","1.5","5.4","0.1","7.0","10.98","5.12","0.0","64.1","66.0","45.9","6.0","9.6","2.9","0.0","0.0","0.0","12.3","9.5","3.6"
"20210124","何魂","秦款措备","9.2","12.6","8.7","10.2","2.9","7.4","-0.7","0.0","0.0","1.1","0.7","8.5","6.6","4.53","12.13","0.0","63.0","64.0","46.8","9.1","6.6","3.2","0.0","0.0","0.0","13.6","9.0","3.6"
"20210123","何魂","秦款措备","10.4","11.6","9.6","8.8","2.9","7.4","-0.7","3.3","4.9","1.1","0.0","0.0","6.4","1.58","2.34","0.0","76.8","97.1","47.0","10.0","9.8","3.4","0.0","0.0","0.0","16.8","9.9","3.5"
"20210122","何魂","秦款措备","10.1","11.8","8.4","7.7","3.1","7.4","-0.4","3.1","9.6","1.2","0.0","0.0","6.2","1.9","1.52","0.0","93.4","82.3","48.2","9.9","9.9","3.6","0.0","0.0","0.0","8.1","9.8","3.6"
"20210121","何魂","秦款措备","8.9","13.8","4.0","5.0","3.3","7.7","-0.2","2.0","0.0","1.3","6.1","9.8","6.1","10.76","14.0","0.0","69.5","47.5","48.4","4.9","1.6","3.7","0.0","0.0","0.0","6.9","9.5","3.5"
"20210120","何魂","秦款措备","5.4","12.0","-0.8","5.1","3.6","8.0","0.0","0.0","0.0","1.1","9.1","9.2","6.1","13.39","12.44","0.0","60.5","45.6","48.3","0.8","0.1","3.7","0.0","0.0","0.0","4.9","9.2","3.5"
"20210119","何魂","秦款措备","0.2","5.7","-4.2","4.9","3.8","8.2","0.2","0.0","0.0","1.1","9.6","4.6","6.2","13.97","8.89","0.0","37.3","40.9","48.6","0.0","3.5","3.6","0.0","0.0","0.0","8.0","11.6","3.5"
"20210118","何魂","秦款措备","1.1","6.0","-2.4","5.3","3.8","8.3","0.2","0.0","2.6","1.3","5.7","3.2","6.2","8.6","7.32","0.0","52.1","60.9","49.2","2.1","8.0","3.7","0.0","0.0","0.0","17.3","13.1","3.5"
"20210117","何魂","秦款措备","-0.5","3.4","-3.4","6.4","3.8","8.4","0.1","0.0","0.0","1.5","8.9","6.8","6.3","14.41","8.72","0.0","28.6","39.6","48.8","2.8","7.3","3.6","0.0","0.0","0.0","15.4","8.0","3.5"
"20210116","何魂","秦款措备","5.7","11.9","0.1","3.8","3.7","8.4","0.0","0.0","0.0","1.7","9.0","6.1","6.1","12.98","10.67","0.0","34.6","31.1","49.6","3.0","7.5","3.7","0.0","0.0","0.0","11.8","8.7","3.4"
"20210115","何魂","秦款措备","11.9","15.7","7.2","2.4","3.6","8.1","0.0","0.0","0.0","1.8","5.0","9.3","5.9","9.25","13.32","0.0","65.1","39.6","50.3","5.5","0.3","3.8","0.0","0.0","0.0","14.5","8.8","3.4"
"20210114","何魂","秦款措备","8.9","14.5","4.7","2.1","3.4","8.0","-0.1","0.0","0.0","1.6","8.9","1.6","6.0","12.47","5.87","0.0","53.4","39.8","49.7","1.1","6.1","3.7","0.0","0.0","0.0","8.4","10.5","3.5"
"20210113","何魂","秦款措备","7.1","11.7","1.4","3.5","3.4","8.0","-0.1","0.0","0.0","1.2","8.4","9.4","6.2","11.59","12.4","0.0","52.9","47.3","48.4","0.0","1.3","3.6","0.0","0.0","0.0","17.9","12.9","3.5"
"20210112","何魂","秦款措备","1.4","5.5","-3.5","4.6","3.3","7.8","-0.2","0.0","0.0","0.8","9.1","9.0","6.4","12.6","12.84","0.0","46.8","45.4","47.5","0.5","2.9","3.4","0.0","0.0","0.0","8.7","14.9","3.5"
"20210111","何魂","秦款措备","0.2","4.5","-3.1","5.9","3.3","7.8","-0.2","0.0","0.0","0.6","1.5","9.1","6.6","6.65","12.5","0.0","50.0","39.5","46.5","8.0","3.6","3.1","0.0","0.0","0.0","10.8","10.5","3.5"
"20210110","何魂","秦款措备","-2.3","3.6","-7.8","5.9","3.3","7.9","-0.2","0.0","0.0","0.6","9.4","9.2","6.8","13.18","11.99","0.0","45.4","40.5","45.8","0.9","1.6","2.9","0.0","0.0","0.0","11.0","9.3","3.6"
"20210109","何魂","秦款措备","-5.9","0.3","-10.2","5.3","3.5","8.0","-0.1","0.0","0.0","1.0","8.8","7.6","6.8","13.13","10.61","0.0","38.6","48.0","45.7","0.3","4.5","3.0","0.0","0.0","0.0","14.0","13.8","3.6"
"20210108","何魂","秦款措备","-8.2","-2.2","-12.2","8.8","3.6","8.2","0.0","0.0","0.0","1.4","9.2","9.0","6.7","13.48","12.12","0.0","35.0","63.5","46.4","0.0","4.1","3.0","0.0","0.0","0.0","14.3","22.0","3.5"
"20210107","何魂","秦款措备","-6.1","0.2","-10.4","14.4","3.7","8.3","0.1","0.0","26.3","1.4","8.0","0.0","6.5","12.39","0.7","0.0","33.8","96.6","46.6","2.5","10.0","3.2","0.0","0.0","0.0","17.6","28.9","3.5"
"20210106","何魂","秦款措备","-1.7","2.4","-5.9","7.8","3.9","8.6","0.3","0.0","10.7","1.4","9.0","0.0","6.4","12.24","1.72","0.0","37.6","89.4","45.6","3.9","9.8","3.3","0.0","0.0","0.0","15.9","6.0","3.5"
"20210105","何魂","秦款措备","3.0","8.0","-2.2","7.4","4.0","8.7","0.4","0.0","0.0","1.2","4.2","9.2","6.4","7.9","11.9","0.0","38.6","51.1","44.7","5.3","1.0","3.2","0.0","0.0","0.0","11.9","7.7","3.5"
"20210104","何魂","秦款措备","3.0","9.0","-2.2","5.5","4.1","8.9","0.4","0.0","0.0","0.7","9.0","8.4","6.8","11.69","10.85","0.0","40.9","34.8","44.2","2.1","2.5","2.9","0.0","0.0","0.0","7.7","12.5","3.4"
"20210103","何魂","秦款措备","0.1","3.7","-2.7","5.9","4.0","8.9","0.2","0.0","0.0","0.3","5.4","9.2","6.9","10.36","12.09","0.0","31.0","43.0","43.4","7.4","0.1","2.6","0.0","0.0","0.0","11.2","12.6","3.5"
"20210102","何魂","秦款措备","1.3","5.0","-1.6","4.1","3.9","8.8","0.2","0.0","0.0","0.2","8.8","9.1","7.1","12.07","11.17","0.0","41.4","53.1","43.6","2.5","0.4","2.4","0.0","0.0","0.0","12.1","9.7","3.6"
"20210101","何魂","秦款措备","0.3","4.6","-5.0","1.9","4.0","8.9","0.1","0.0","0.0","0.2","8.3","9.3","7.1","12.03","12.32","0.0","51.8","44.0","44.4","1.6","1.0","2.4","0.0","0.0","0.0","9.7","10.5","3.6"
