"조회일자","지역(시)","지역(군)","평균 기온(°C)","최고 기온(°C)","최저 기온(°C)","전년 기온(°C)","평년 기온(°C)","평년 최고 기온(°C)","평년 최저 기온(°C)","평균 강수량(mm)","전년 강수량(mm)","평년 강수량(mm)","평균 일조시간(hr)","전년 일조시간(hr)","평년 일조시간(hr)","평균 일사량(MJ/㎡)","전년 일사량(MJ/㎡)","평년 일사량(MJ/㎡)","평균 습도(%)","전년 습도(%)","평년 습도(%)","평균 운량(1/10)","전년 운량(1/10)","평년 운량(1/10)","평균 적설량(cm)","전년 적설량(cm)","평년 적설량(cm)","평균 순간최대풍속(m/s)","전년 순간최대풍속(m/s)","평년 순간최대풍속(m/s)"
"20241231","인천","남구","0.5","4.6","-1.4","2.8","-1.1","2.6","-4.5","0.0","3.1","0.4","8.7","0.9","5.8","10.92","4.38","0.0","45.9","89.6","62.2","0.0","5.9","3.6","0.0","0.0","0.0","13.4","12.3","3.2"
"20241231","인천","강화군","-1.0","4.0","-5.6","1.3","-2.8","2.0","-7.6","0.0","7.4","0.6","8.5","0.0","5.4","0.0","0.0","0.0","49.1","93.1","65.8","0.0","4.4","0.0","0.0","0.0","0.0","9.3","10.7","1.5"
"20241230","인천","남구","5.7","9.5","3.0","1.6","-1.2","2.5","-4.6","0.0","10.5","0.4","2.9","0.0","5.7","6.94","1.04","0.0","70.8","89.1","61.6","6.3","9.8","3.6","0.0","2.1","0.0","10.4","7.1","3.2"
"20241230","인천","강화군","4.0","8.6","-0.6","0.4","-2.9","1.9","-7.7","0.0","13.6","0.6","4.3","0.0","5.4","0.0","0.0","0.0","71.5","95.4","65.2","5.3","9.6","0.0","0.0","0.0","0.0","9.1","5.0","1.5"
"20241229","인천","남구","1.4","5.0","-2.9","1.7","-1.3","2.3","-4.7","0.0","0.0","0.4","5.1","0.0","5.9","8.29","4.09","0.0","56.3","72.9","60.7","6.1","6.8","3.4","0.0","0.0","0.0","6.7","3.3","3.2"
"20241229","인천","강화군","-1.5","3.7","-7.6","0.2","-3.0","1.7","-7.8","0.0","0.0","0.5","5.4","0.0","5.5","0.0","0.0","0.0","66.1","78.0","64.4","3.1","7.0","0.0","0.0","0.0","0.0","3.9","4.7","1.5"
"20241228","인천","남구","-2.8","0.0","-5.7","1.3","-1.3","2.4","-4.7","0.0","0.0","0.4","8.5","5.9","5.9","10.43","8.06","0.0","50.8","71.6","60.4","1.5","3.6","3.3","0.0","0.0","0.0","12.7","7.1","3.1"
"20241228","인천","강화군","-3.6","0.4","-7.8","-1.2","-2.9","1.8","-7.7","0.0","0.0","0.4","7.9","0.0","5.6","0.0","0.0","0.0","50.9","79.0","63.8","2.3","5.3","0.0","0.0","0.0","0.0","10.7","5.9","1.5"
"20241227","인천","남구","-2.4","0.6","-5.0","1.0","-1.1","2.6","-4.5","0.0","0.0","0.4","6.5","8.6","6.0","8.67","9.27","0.0","50.8","78.5","60.5","2.5","0.3","3.2","0.0","0.0","0.0","11.2","3.9","3.2"
"20241227","인천","강화군","-3.3","0.5","-8.6","-1.7","-2.7","2.1","-7.5","0.0","0.0","0.4","7.6","0.0","5.9","0.0","0.0","0.0","54.0","80.9","63.3","2.9","2.0","0.0","0.0","0.0","0.0","8.5","4.0","1.6"
"20241226","인천","남구","-0.4","5.3","-4.3","2.5","-0.8","2.9","-4.2","0.0","0.0","0.5","8.6","7.8","6.0","10.53","10.1","0.0","59.6","70.8","61.4","1.1","3.0","3.3","0.0","0.0","0.0","12.1","9.3","3.3"
"20241226","인천","강화군","-0.9","5.1","-4.5","-0.2","-2.4","2.4","-7.1","0.0","0.0","0.5","8.1","0.0","5.8","0.0","0.0","0.0","57.4","81.5","64.2","0.9","3.0","0.0","0.0","0.0","0.0","11.7","8.6","1.6"
"20241225","인천","남구","2.7","6.1","-0.9","-0.3","-0.4","3.4","-3.8","0.0","0.2","0.6","3.4","3.7","6.0","6.79","6.35","0.0","67.8","74.6","62.6","6.9","4.6","3.3","0.0","0.7","0.0","9.5","8.3","3.3"
"20241225","인천","강화군","1.1","5.8","-5.0","-2.0","-2.0","2.8","-6.7","0.0","0.2","0.5","3.9","0.0","5.8","0.0","0.0","0.0","72.5","86.0","65.1","7.8","5.4","0.0","0.0","0.0","0.0","8.1","6.3","1.6"
"20241224","인천","남구","-0.4","3.4","-2.9","-2.5","0.3","4.1","-3.2","0.0","1.3","0.7","8.6","6.3","5.9","10.51","8.83","0.0","52.5","78.4","64.1","2.1","5.1","3.5","0.0","4.1","0.0","6.6","4.4","3.4"
"20241224","인천","강화군","-2.6","2.2","-6.6","-4.1","-1.3","3.5","-6.1","0.0","0.5","0.6","8.4","0.0","5.8","0.0","0.0","0.0","61.9","82.1","66.4","2.6","5.8","0.0","0.0","0.0","0.0","6.0","4.8","1.6"
"20241223","인천","남구","0.6","6.3","-3.4","-6.3","0.7","4.6","-2.8","0.0","0.0","0.9","7.2","7.4","5.9","9.64","9.8","0.0","58.9","57.0","65.1","2.3","4.1","3.6","0.0","0.0","0.0","8.6","6.2","3.3"
"20241223","인천","강화군","-1.7","5.3","-8.0","-8.0","-1.0","4.0","-5.8","0.0","0.0","0.8","7.4","0.0","5.8","0.0","0.0","0.0","66.1","62.0","67.7","1.0","5.5","0.0","0.0","0.0","0.0","7.4","4.1","1.6"
"20241222","인천","남구","-2.9","0.1","-6.0","-11.5","0.9","4.8","-2.5","0.0","0.0","0.9","8.7","8.7","5.8","10.78","10.82","0.0","52.1","56.3","65.2","0.0","0.0","3.9","0.0","0.1","0.0","12.3","14.4","3.1"
"20241222","인천","강화군","-3.9","0.0","-7.1","-12.1","-0.8","4.2","-5.7","0.0","0.0","0.7","8.4","0.0","5.6","0.0","0.0","0.0","56.4","57.3","68.2","0.0","0.6","0.0","0.0","0.0","0.0","11.6","11.0","1.5"
"20241221","인천","남구","-0.8","3.0","-4.2","-11.6","0.9","4.8","-2.6","1.9","0.0","0.7","2.9","8.7","5.8","4.27","10.95","0.0","72.1","60.8","64.2","5.6","0.5","3.8","0.2","0.3","0.0","12.3","10.4","3.1"
"20241221","인천","강화군","-1.5","1.8","-5.0","-12.0","-0.8","4.3","-5.9","4.9","0.0","0.6","5.2","0.0","5.7","0.0","0.0","0.0","71.8","59.9","67.2","4.1","0.9","0.0","0.0","0.0","0.0","11.9","8.5","1.5"
"20241220","인천","남구","1.7","5.3","-1.6","-7.8","0.6","4.5","-2.9","0.2","0.2","0.6","1.1","5.6","5.9","5.39","8.42","0.0","65.8","66.8","63.3","8.5","2.6","3.7","0.0","1.1","0.0","6.6","12.5","3.0"
"20241220","인천","강화군","-0.4","3.1","-5.2","-8.5","-1.2","3.9","-6.0","0.5","0.0","0.6","0.2","6.2","5.8","0.0","0.0","0.0","76.4","65.4","66.8","9.1","3.1","0.0","0.0","0.0","0.0","2.6","9.8","1.5"
"20241219","인천","남구","-2.3","2.6","-6.7","-3.9","0.2","4.0","-3.2","0.0","0.1","0.6","7.8","1.0","5.8","10.04","5.22","0.0","53.6","62.6","62.5","3.4","7.4","3.6","0.0","0.8","0.0","5.7","7.6","3.1"
"20241219","인천","강화군","-4.5","2.6","-10.5","-5.0","-1.5","3.5","-6.4","0.0","0.7","0.5","7.6","1.3","5.8","0.0","0.0","0.0","60.1","66.3","66.2","3.4","8.3","0.0","0.0","0.0","0.0","6.0","7.7","1.5"
"20241218","인천","남구","-3.7","-1.4","-5.5","-7.8","0.0","3.8","-3.3","0.0","0.0","0.5","8.6","3.1","5.7","10.7","6.58","0.0","45.9","44.9","61.7","0.0","6.5","3.7","0.0","0.0","0.0","8.5","7.9","3.2"
"20241218","인천","강화군","-4.3","-1.4","-7.9","-8.7","-1.6","3.3","-6.5","0.0","0.0","0.4","8.4","5.5","5.6","0.0","0.0","0.0","44.4","51.6","65.6","0.0","7.6","0.0","0.0","0.0","0.0","7.9","6.6","1.5"
"20241217","인천","남구","-0.5","2.6","-3.4","-9.7","0.0","3.7","-3.3","0.0","0.0","0.6","4.3","8.7","5.8","6.93","10.93","0.0","47.8","51.6","60.8","1.8","0.0","3.5","0.0","0.0","0.0","11.9","13.3","3.3"
"20241217","인천","강화군","-2.3","2.5","-6.0","-10.3","-1.6","3.1","-6.3","0.0","0.0","0.4","6.2","8.4","5.7","0.0","0.0","0.0","59.0","54.6","65.0","1.9","0.5","0.0","0.0","0.0","0.0","8.1","10.2","1.5"
"20241216","인천","남구","0.8","4.1","-2.0","-4.2","0.1","3.7","-3.2","0.0","0.3","0.7","2.7","1.6","5.7","5.11","5.45","0.0","58.5","71.8","60.7","3.8","6.4","3.5","0.0","0.8","0.0","7.2","18.5","3.3"
"20241216","인천","강화군","-2.7","2.8","-6.8","-5.1","-1.6","3.1","-6.3","0.5","0.0","0.6","2.6","3.9","5.5","0.0","0.0","0.0","78.9","70.3","65.2","3.5","6.1","0.0","0.0","0.0","0.0","5.5","17.9","1.5"
"20241215","인천","남구","1.3","4.8","-1.3","4.6","0.2","3.9","-3.1","0.0","27.3","0.8","5.6","0.0","5.7","8.07","1.19","0.0","57.9","94.8","60.1","2.1","10.0","3.5","0.0","0.0","0.0","12.8","10.4","3.4"
"20241215","인천","강화군","-0.7","5.3","-4.8","3.6","-1.4","3.3","-6.2","0.0","20.6","0.6","5.9","0.0","5.5","0.0","0.0","0.0","61.4","95.8","64.5","2.0","9.8","0.0","0.0","0.0","0.0","9.7","11.5","1.5"
"20241214","인천","남구","-0.6","1.8","-2.8","7.7","0.5","4.1","-2.8","0.0","17.0","0.8","8.6","0.0","5.8","10.6","1.17","0.0","51.3","85.8","59.7","1.5","10.0","3.6","0.0","0.0","0.0","9.5","10.7","3.3"
"20241214","인천","강화군","-2.5","2.1","-7.0","5.9","-1.3","3.5","-6.1","0.0","25.4","0.6","8.3","0.0","5.6","0.0","0.0","0.0","59.9","94.5","64.6","0.9","9.8","0.0","0.0","0.0","0.0","8.1","10.6","1.5"
"20241213","인천","남구","0.8","3.7","-1.1","7.0","0.6","4.3","-2.6","0.0","0.0","0.7","3.0","1.4","5.9","6.54","5.6","0.0","45.1","72.3","59.6","5.3","7.8","3.5","0.0","0.0","0.0","10.0","6.0","3.3"
"20241213","인천","강화군","-0.5","3.7","-3.7","5.4","-1.1","3.7","-5.8","0.0","0.0","0.5","2.9","1.8","5.8","0.0","0.0","0.0","50.6","81.4","64.5","5.0","6.6","0.0","0.0","0.0","0.0","7.2","4.5","1.5"
"20241212","인천","남구","0.1","3.3","-2.9","4.5","1.0","4.7","-2.4","0.0","0.0","0.8","5.9","3.9","5.6","9.42","6.26","0.0","43.1","77.0","60.9","4.5","5.1","3.9","0.0","0.0","0.0","7.6","9.3","3.3"
"20241212","인천","강화군","-0.2","3.6","-6.4","3.1","-0.8","4.1","-5.6","0.0","0.0","0.7","6.9","3.8","5.5","0.0","0.0","0.0","41.1","80.4","65.5","4.4","4.0","0.0","0.0","0.0","0.0","6.3","12.4","1.6"
"20241211","인천","남구","2.2","6.1","-0.5","8.5","1.2","5.0","-2.2","0.0","13.4","0.7","7.3","0.0","5.7","8.82","1.5","0.0","49.1","84.8","60.7","5.0","10.0","3.9","0.0","0.0","0.0","7.1","15.4","3.3"
"20241211","인천","강화군","1.9","5.9","-2.2","6.1","-0.5","4.4","-5.3","0.0","20.0","0.7","5.9","0.0","5.6","0.0","0.0","0.0","46.1","91.4","65.3","4.9","7.6","0.0","0.0","0.0","0.0","6.9","14.1","1.6"
"20241210","인천","남구","2.5","6.0","-1.3","9.1","1.5","5.2","-1.8","0.0","0.0","0.9","7.9","6.5","5.5","10.1","8.37","0.0","57.5","52.5","61.8","3.0","5.5","4.0","0.0","0.0","0.0","8.6","7.1","3.3"
"20241210","인천","강화군","1.0","6.2","-5.5","8.5","-0.1","4.6","-4.9","0.0","0.0","0.9","7.9","6.8","5.5","0.0","0.0","0.0","62.0","47.8","66.2","3.4","5.3","0.0","0.0","0.0","0.0","7.2","7.7","1.6"
"20241209","인천","남구","1.6","6.1","-2.9","12.2","1.8","5.4","-1.5","0.0","0.0","0.9","7.0","1.7","5.3","9.28","4.06","0.0","53.9","86.9","62.6","0.8","7.4","4.2","0.0","0.0","0.0","4.4","8.2","3.3"
"20241209","인천","강화군","-1.4","5.5","-6.4","12.2","0.2","4.8","-4.5","0.0","0.0","1.0","7.4","0.3","5.3","0.0","0.0","0.0","70.1","83.0","66.3","1.3","7.0","0.0","0.0","0.0","0.0","4.8","8.2","1.7"
"20241208","인천","남구","-0.4","3.1","-2.9","11.6","1.8","5.4","-1.6","0.0","0.0","1.2","8.6","7.8","5.3","10.99","8.92","0.0","46.8","72.8","62.7","0.0","0.1","4.3","0.0","0.0","0.0","10.2","13.1","3.2"
"20241208","인천","강화군","-1.5","3.4","-6.3","11.5","0.2","4.8","-4.6","0.0","0.0","1.3","8.5","4.4","5.2","0.0","0.0","0.0","51.0","77.0","66.4","0.0","3.1","0.0","0.0","0.0","0.0","8.6","15.1","1.6"
"20241207","인천","남구","-0.3","2.7","-2.1","7.2","1.7","5.3","-1.6","0.0","0.0","1.1","6.6","7.8","5.4","9.97","9.37","0.0","57.4","63.0","61.6","1.0","0.9","4.1","0.0","0.0","0.0","11.0","10.1","3.3"
"20241207","인천","강화군","-1.5","2.7","-5.7","6.0","0.2","4.8","-4.6","0.0","0.0","1.2","5.1","7.2","5.4","0.0","0.0","0.0","63.6","72.1","64.9","3.1","1.0","0.0","0.0","0.0","0.0","9.2","10.6","1.6"
"20241206","인천","남구","1.9","5.2","-0.9","7.5","1.8","5.4","-1.6","0.0","2.5","1.2","8.5","0.0","5.5","10.89","2.03","0.0","52.4","72.4","61.7","1.1","6.3","4.1","0.0","0.0","0.0","11.6","11.7","3.4"
"20241206","인천","강화군","0.1","4.1","-4.5","6.5","0.3","4.9","-4.5","0.0","0.4","1.1","8.4","0.0","5.3","0.0","0.0","0.0","59.8","78.5","64.9","1.5","5.8","0.0","0.0","0.0","0.0","9.8","11.2","1.6"
"20241205","인천","남구","4.1","8.1","0.1","7.0","2.0","5.7","-1.5","0.6","0.0","1.1","6.8","3.7","5.5","9.87","6.31","0.0","63.4","55.0","61.0","3.1","5.1","4.1","0.0","0.0","0.0","11.5","5.1","3.3"
"20241205","인천","강화군","1.9","8.1","-4.0","6.5","0.5","5.2","-4.4","1.3","0.0","1.1","6.2","2.5","5.3","0.0","0.0","0.0","73.9","60.1","64.2","2.9","8.3","0.0","0.0","0.0","0.0","9.4","3.5","1.6"
"20241204","인천","남구","2.6","5.9","-0.9","3.9","2.3","6.2","-1.3","0.0","0.0","1.0","8.5","7.8","5.6","10.87","10.22","0.0","55.6","59.0","60.6","1.1","3.3","4.0","0.0","0.0","0.0","6.8","5.5","3.3"
"20241204","인천","강화군","0.5","5.7","-4.5","1.9","0.8","5.7","-4.2","0.0","0.0","1.0","8.3","6.6","5.5","0.0","0.0","0.0","65.5","71.9","63.8","2.1","5.4","0.0","0.0","0.0","0.0","6.4","4.3","1.6"
"20241203","인천","남구","1.0","3.8","-2.7","1.0","2.8","6.8","-0.8","0.0","0.0","0.8","8.5","8.8","5.5","10.97","11.14","0.0","50.6","56.1","61.4","5.3","0.0","3.9","0.0","0.0","0.0","10.3","7.0","3.3"
"20241203","인천","강화군","0.2","4.0","-4.9","-0.9","1.3","6.2","-3.6","0.0","0.0","0.6","7.9","8.6","5.3","0.0","0.0","0.0","52.8","65.9","64.6","5.4","0.0","0.0","0.0","0.0","0.0","8.0","5.1","1.6"
"20241202","인천","남구","7.4","12.6","1.0","2.8","3.3","7.3","-0.2","0.0","0.0","1.0","3.2","3.9","5.5","6.09","7.77","0.0","79.9","59.9","63.0","2.9","4.6","3.9","0.0","0.0","0.0","10.0","12.7","3.1"
"20241202","인천","강화군","6.5","12.7","-0.4","1.7","1.7","6.8","-3.2","0.0","0.2","0.7","2.3","5.7","5.3","0.0","0.0","0.0","81.0","66.4","66.4","1.6","5.8","0.0","0.0","0.0","0.0","8.1","9.6","1.5"
"20241201","인천","남구","6.8","10.0","3.0","-2.7","3.8","7.7","0.4","2.3","0.0","0.9","2.8","8.6","5.3","7.13","11.52","0.0","87.8","55.8","64.7","5.8","1.1","4.0","4.3","0.0","0.0","6.7","7.0","3.0"
"20241201","인천","강화군","4.6","8.7","-1.1","-4.5","2.1","7.2","-2.6","4.1","0.0","0.8","0.2","8.5","5.2","0.0","0.0","0.0","96.3","66.3","67.6","6.1","0.6","0.0","0.0","0.0","0.0","4.1","8.6","1.5"
"20241130","인천","남구","3.8","5.6","1.6","-3.9","4.2","8.1","0.8","0.0","0.0","0.9","1.4","9.0","5.3","4.25","11.63","0.0","76.9","51.4","65.2","2.6","0.3","4.1","7.2","0.0","0.0","7.9","12.4","3.0"
"20241130","인천","강화군","2.7","6.9","-2.5","-4.7","2.6","7.6","-2.1","0.3","0.0","0.9","2.3","8.6","5.1","0.0","0.0","0.0","84.9","53.0","68.1","4.3","0.6","0.0","0.0","0.0","0.0","5.2","8.6","1.5"
"20241129","인천","남구","1.1","3.9","-2.8","-0.9","4.4","8.2","1.0","0.2","0.0","1.1","5.3","2.6","5.3","7.58","5.19","0.0","75.8","60.5","65.5","2.8","4.4","4.3","10.7","0.0","0.0","7.5","15.2","3.0"
"20241129","인천","강화군","-0.8","3.3","-5.5","-2.3","2.8","7.8","-1.8","0.2","0.0","1.0","4.3","1.7","5.0","0.0","0.0","0.0","84.6","58.9","68.3","3.3","5.1","0.0","0.0","0.0","0.0","4.0","11.8","1.6"
"20241128","인천","남구","0.9","2.7","-1.1","1.2","4.6","8.3","1.2","8.5","0.0","1.3","4.0","5.8","5.2","7.86","9.28","0.0","84.0","59.6","65.8","6.3","3.4","4.5","26.0","0.0","0.0","10.2","11.6","3.1"
"20241128","인천","강화군","0.3","2.9","-2.8","0.1","3.0","7.9","-1.7","0.3","0.0","1.1","4.9","6.6","5.0","0.0","0.0","0.0","81.5","58.3","68.3","6.6","3.9","0.0","0.0","0.0","0.0","8.3","11.3","1.6"
"20241127","인천","남구","-0.3","3.5","-1.6","6.7","4.8","8.6","1.4","25.1","4.6","1.6","0.9","2.7","5.2","1.11","4.94","0.0","94.8","80.9","65.4","9.6","7.1","4.5","19.4","0.0","0.0","16.0","11.2","3.1"
"20241127","인천","강화군","-0.8","1.2","-3.4","6.6","3.2","8.1","-1.4","11.4","11.7","1.3","1.9","1.6","4.9","0.0","0.0","0.0","88.6","86.3","68.2","8.0","8.0","0.0","0.0","0.0","0.0","14.7","9.8","1.6"
"20241126","인천","남구","6.2","12.5","2.0","3.6","5.1","9.0","1.7","21.7","0.0","1.7","1.7","1.7","5.2","6.05","6.64","0.0","83.9","44.8","64.9","8.6","9.3","4.5","0.0","0.0","0.0","19.0","5.6","3.1"
"20241126","인천","강화군","5.5","11.9","0.3","2.9","3.5","8.5","-1.2","17.1","0.4","1.5","1.6","1.3","4.8","0.0","0.0","0.0","86.5","59.0","68.3","8.3","9.4","0.0","0.0","0.0","0.0","13.9","4.6","1.6"
"20241125","인천","남구","11.2","16.4","5.3","-1.8","5.4","9.3","1.9","0.0","0.0","1.7","6.0","9.1","5.3","9.15","11.97","0.0","55.0","46.5","65.0","6.1","1.5","4.4","0.0","0.0","0.0","11.3","8.7","3.1"
"20241125","인천","강화군","8.7","14.5","0.3","-2.5","3.6","8.8","-1.1","0.0","0.0","1.4","5.9","8.8","4.9","0.0","0.0","0.0","63.3","48.0","68.8","6.1","2.4","0.0","0.0","0.0","0.0","6.6","7.4","1.6"
"20241124","인천","남구","7.5","11.8","3.2","-1.4","5.7","9.7","2.2","0.0","0.0","1.7","8.7","8.6","5.3","11.16","11.67","0.0","57.6","56.4","64.5","0.6","0.8","4.3","0.0","0.0","0.0","5.6","12.2","3.1"
"20241124","인천","강화군","4.5","11.7","-1.0","-1.9","3.9","9.1","-0.9","0.0","0.0","1.4","8.6","8.7","5.0","0.0","0.0","0.0","66.0","54.5","68.9","1.1","0.3","0.0","0.0","0.0","0.0","4.4","10.7","1.6"
"20241123","인천","남구","6.5","12.2","1.9","9.2","5.8","9.9","2.3","0.0","0.0","1.6","8.6","4.9","5.6","11.25","8.49","0.0","46.9","76.6","63.7","0.6","4.8","4.2","0.0","0.0","0.0","5.4","14.5","3.0"
"20241123","인천","강화군","4.9","11.1","-0.7","8.5","4.0","9.2","-0.9","0.0","0.0","1.3","8.7","5.7","5.3","0.0","0.0","0.0","51.1","76.1","68.6","0.0","3.9","0.0","0.0","0.0","0.0","5.0","11.3","1.6"
"20241122","인천","남구","6.5","9.3","4.2","10.4","5.9","9.9","2.3","0.0","0.0","1.2","8.9","0.7","5.6","11.99","6.9","0.0","46.6","71.4","63.0","0.0","7.6","4.1","0.0","0.0","0.0","9.4","9.7","3.0"
"20241122","인천","강화군","6.2","9.8","1.7","9.5","4.1","9.2","-0.8","0.0","0.0","1.1","8.8","0.3","5.4","0.0","0.0","0.0","43.3","80.5","68.0","0.0","8.9","0.0","0.0","0.0","0.0","9.2","6.7","1.6"
"20241121","인천","남구","10.1","13.7","6.6","8.0","5.9","10.0","2.2","0.0","0.0","1.8","3.9","9.0","5.7","6.78","12.09","0.0","74.9","64.6","62.4","3.4","0.0","4.1","0.0","0.0","0.0","11.9","5.1","3.1"
"20241121","인천","강화군","9.6","14.3","3.6","5.1","4.2","9.4","-1.0","0.1","0.0","1.4","4.6","9.1","5.5","0.0","0.0","0.0","77.1","79.6","67.5","4.1","0.6","0.0","0.0","0.0","0.0","8.6","5.6","1.7"
"20241120","인천","남구","6.9","9.8","3.5","6.5","5.9","10.0","2.2","0.7","0.0","1.8","0.6","9.0","5.8","3.65","12.51","0.0","64.3","56.0","61.4","6.5","0.0","4.0","0.0","0.0","0.0","5.0","6.6","3.2"
"20241120","인천","강화군","5.2","8.2","-0.1","4.6","4.2","9.4","-0.9","0.0","0.0","1.6","0.1","9.1","5.7","0.0","0.0","0.0","72.8","63.6","66.4","7.5","0.0","0.0","0.0","0.0","0.0","3.7","5.8","1.7"
"20241119","인천","남구","4.9","9.2","0.4","7.1","6.1","10.2","2.6","0.0","0.0","1.9","6.7","4.7","5.7","8.91","7.99","0.0","52.5","69.0","61.6","4.8","3.1","4.0","0.0","0.0","0.0","5.3","12.9","3.2"
"20241119","인천","강화군","2.6","8.9","-3.6","5.9","4.5","9.6","-0.6","0.0","0.0","1.7","6.4","5.9","5.6","0.0","0.0","0.0","59.4","72.5","66.4","5.5","2.6","0.0","0.0","0.0","0.0","4.2","9.3","1.7"
"20241118","인천","남구","2.8","5.9","0.7","1.0","6.4","10.5","2.8","0.0","0.0","2.1","9.0","8.6","5.7","13.01","12.21","0.0","31.1","62.5","61.6","0.9","0.4","4.0","0.0","0.0","0.0","13.5","16.6","3.1"
"20241118","인천","강화군","1.9","5.8","-3.0","0.4","4.8","10.0","-0.3","0.0","0.0","1.8","9.2","9.0","5.6","0.0","0.0","0.0","33.9","62.6","66.4","1.0","0.1","0.0","0.0","0.0","0.0","12.6","14.0","1.7"
"20241117","인천","남구","7.0","13.6","3.2","1.6","6.7","10.7","3.2","0.0","2.3","2.0","4.5","3.5","5.7","8.84","5.95","0.0","43.3","60.5","61.7","5.0","3.9","4.1","0.0","0.0","0.0","15.2","14.5","3.1"
"20241117","인천","강화군","6.5","13.0","3.3","0.9","5.1","10.3","0.0","0.0","0.0","1.7","5.0","4.4","5.6","0.0","0.0","0.0","39.3","58.6","66.3","5.0","3.0","0.0","0.0","0.0","0.0","13.3","12.5","1.7"
"20241116","인천","남구","16.5","21.3","13.6","7.1","7.1","11.1","3.7","5.8","10.1","1.3","2.3","0.0","5.8","6.28","1.25","0.0","76.4","81.9","61.7","7.4","9.9","4.0","0.0","0.0","0.0","10.0","9.8","3.1"
"20241116","인천","강화군","15.7","21.0","13.0","6.2","5.5","10.6","0.6","5.4","8.8","1.2","1.7","0.0","5.7","0.0","0.0","0.0","80.3","92.4","65.8","7.5","9.5","0.0","0.0","0.0","0.0","9.0","9.0","1.7"
"20241115","인천","남구","17.0","21.4","14.1","7.4","7.8","11.7","4.3","0.1","0.0","1.5","4.3","0.7","5.5","8.79","5.51","0.0","65.9","71.0","62.6","7.1","6.4","4.3","0.0","0.0","0.0","6.8","4.1","3.0"
"20241115","인천","강화군","15.7","20.3","12.2","4.9","6.2","11.3","1.3","0.2","0.0","1.4","5.1","0.1","5.4","0.0","0.0","0.0","74.0","83.9","66.5","6.3","7.0","0.0","0.0","0.0","0.0","4.9","3.3","1.7"
"20241114","인천","남구","15.4","17.3","13.7","5.5","8.2","12.2","4.6","0.1","0.0","1.4","0.1","9.1","5.8","3.83","12.24","0.0","66.9","67.0","62.7","9.1","1.8","4.1","0.0","0.0","0.0","6.3","4.6","3.0"
"20241114","인천","강화군","13.8","16.5","10.0","3.1","6.7","11.7","1.7","0.2","0.0","1.4","0.0","9.0","5.7","0.0","0.0","0.0","78.8","81.8","66.5","8.5","2.0","0.0","0.0","0.0","0.0","4.3","5.8","1.7"
"20241113","인천","남구","14.3","20.2","9.7","2.5","8.7","12.7","5.2","0.0","0.0","1.7","7.7","9.3","5.7","11.28","13.5","0.0","66.8","55.1","63.7","2.6","0.0","4.1","0.0","0.0","0.0","7.7","8.2","3.0"
"20241113","인천","강화군","11.4","18.9","4.6","0.6","7.3","12.2","2.3","0.0","0.0","1.7","8.6","9.4","5.6","0.0","0.0","0.0","70.1","64.5","66.8","3.5","0.3","0.0","0.0","0.0","0.0","5.5","7.6","1.8"
"20241112","인천","남구","14.0","17.8","11.4","1.4","9.3","13.2","5.8","0.0","0.0","1.8","8.9","8.4","5.5","12.37","13.0","0.0","69.5","56.6","64.3","2.0","1.0","4.3","0.0","0.0","0.0","7.1","8.9","3.0"
"20241112","인천","강화군","12.6","17.7","6.5","0.4","7.8","12.7","2.9","0.0","0.0","1.8","9.2","9.2","5.5","0.0","0.0","0.0","69.4","63.5","67.2","1.6","0.0","0.0","0.0","0.0","0.0","6.9","7.6","1.8"
"20241111","인천","남구","14.2","19.1","11.0","1.5","9.6","13.6","6.1","0.0","0.0","1.9","9.1","6.3","5.5","12.08","10.51","0.0","66.8","48.8","64.0","2.3","2.5","4.4","0.0","0.0","0.0","5.3","8.6","3.0"
"20241111","인천","강화군","13.1","18.9","7.4","0.9","8.2","13.1","3.2","0.0","0.0","2.0","9.3","6.5","5.5","0.0","0.0","0.0","73.6","49.4","67.0","2.5","1.9","0.0","0.0","0.0","0.0","6.4","9.4","1.9"
"20241110","인천","남구","14.6","19.2","11.9","2.9","9.8","13.7","6.2","0.0","0.0","2.3","7.1","9.3","5.6","11.0","14.01","0.0","68.4","51.8","64.1","4.1","1.1","4.3","0.0","0.0","0.0","4.7","11.8","3.0"
"20241110","인천","강화군","12.7","18.9","7.6","2.3","8.3","13.3","3.3","0.0","0.0","2.2","7.0","9.5","5.5","0.0","0.0","0.0","65.6","48.5","66.6","4.3","1.3","0.0","0.0","0.0","0.0","5.4","10.2","1.9"
"20241109","인천","남구","12.9","19.0","7.1","11.9","10.1","14.1","6.6","0.0","3.7","2.5","8.3","1.5","5.2","12.45","6.07","0.0","56.6","66.4","65.1","1.8","5.5","4.6","0.0","0.0","0.0","5.3","10.4","2.9"
"20241109","인천","강화군","10.0","18.1","3.6","10.7","8.7","13.6","3.7","0.0","3.6","2.6","8.8","2.9","5.2","0.0","0.0","0.0","62.8","72.1","67.0","2.5","5.4","0.0","0.0","0.0","0.0","4.0","10.1","1.9"
"20241108","인천","남구","10.2","15.8","4.2","8.9","10.6","14.6","7.0","0.0","0.0","2.3","9.2","8.5","5.1","13.27","11.91","0.0","49.3","57.5","66.1","0.3","4.0","4.7","0.0","0.0","0.0","5.5","5.4","2.8"
"20241108","인천","강화군","7.7","15.8","0.4","6.3","9.2","14.2","4.1","0.0","0.0","2.3","9.5","9.6","5.1","0.0","0.0","0.0","53.5","72.4","68.1","0.8","3.0","0.0","0.0","0.0","0.0","4.5","4.8","1.8"
"20241107","인천","남구","8.1","13.2","3.0","5.5","11.0","15.2","7.2","0.0","0.0","2.4","9.2","9.3","5.3","13.75","14.15","0.0","45.3","59.6","67.1","0.0","1.1","4.5","0.0","0.0","0.0","5.2","17.8","2.7"
"20241107","인천","강화군","5.3","12.9","-1.8","4.2","9.5","14.8","4.2","0.0","0.0","2.3","9.7","9.6","5.3","0.0","0.0","0.0","52.1","70.6","69.3","0.0","2.3","0.0","0.0","0.0","0.0","6.3","19.2","1.7"
"20241106","인천","남구","7.8","11.3","5.0","13.5","11.3","15.6","7.4","0.0","27.1","2.3","9.2","1.9","5.5","14.31","6.25","0.0","44.5","81.1","67.6","0.0","9.5","4.2","0.0","0.0","0.0","9.7","21.7","2.6"
"20241106","인천","강화군","6.3","10.9","1.9","13.0","9.7","15.2","4.2","0.0","33.6","2.3","9.7","1.6","5.4","0.0","0.0","0.0","49.1","83.9","70.1","0.0","8.9","0.0","0.0","0.0","0.0","9.2","18.0","1.7"
"20241105","인천","남구","9.3","13.9","5.8","17.4","11.5","16.0","7.5","0.0","15.3","1.4","9.0","0.0","6.1","13.49","2.46","0.0","46.6","87.0","67.1","2.5","9.4","3.9","0.0","0.0","0.0","11.5","13.0","2.5"
"20241105","인천","강화군","9.0","13.4","3.7","16.7","9.8","15.5","4.1","0.0","28.0","1.6","9.2","0.0","5.9","0.0","0.0","0.0","44.5","90.9","70.3","2.0","9.0","0.0","0.0","0.0","0.0","8.7","7.5","1.6"
"20241104","인천","남구","14.8","18.3","9.2","17.0","11.5","16.0","7.4","0.0","0.0","1.2","7.1","2.8","6.4","11.82","8.17","0.0","63.3","70.3","66.2","5.6","6.8","3.6","0.0","0.0","0.0","10.2","6.5","2.5"
"20241104","인천","강화군","13.7","17.5","8.6","15.6","9.7","15.5","3.9","0.0","0.0","1.1","5.7","4.8","6.3","0.0","0.0","0.0","63.9","72.5","70.0","6.3","6.5","0.0","0.0","0.0","0.0","8.5","6.0","1.5"
"20241103","인천","남구","18.2","22.6","14.1","18.7","11.3","15.8","7.2","0.0","0.0","1.2","8.5","0.4","6.7","13.07","5.19","0.0","74.4","84.5","64.8","1.8","8.4","3.4","0.0","0.0","0.0","7.8","11.0","2.5"
"20241103","인천","강화군","16.2","21.6","9.6","17.9","9.4","15.2","3.6","6.6","0.0","1.1","8.6","0.3","6.7","0.0","0.0","0.0","83.8","88.8","68.4","2.4","8.4","0.0","0.0","0.0","0.0","7.4","11.0","1.5"
"20241102","인천","남구","17.9","23.5","13.6","19.7","11.1","15.6","7.1","0.0","0.0","1.4","9.4","9.3","6.7","13.59","13.48","0.0","62.6","78.8","63.5","1.9","4.1","3.5","0.0","0.0","0.0","8.0","11.0","2.6"
"20241102","인천","강화군","16.5","23.1","11.7","19.7","9.4","15.2","3.5","0.0","0.0","1.2","9.5","8.4","6.6","0.0","0.0","0.0","63.0","83.6","67.1","2.0","4.4","0.0","0.0","0.0","0.0","8.3","12.4","1.6"
"20241101","인천","남구","16.0","18.8","14.0","18.6","11.1","15.6","7.0","0.0","0.0","1.3","0.0","0.0","6.9","5.89","4.21","0.0","69.9","87.3","62.1","9.6","8.9","3.4","0.0","0.0","0.0","5.3","11.0","2.6"
"20241101","인천","강화군","13.8","18.7","10.0","19.0","9.4","15.2","3.5","0.0","0.0","1.1","0.0","0.0","7.0","0.0","0.0","0.0","78.9","92.1","65.4","9.9","7.5","0.0","0.0","0.0","0.0","4.0","10.7","1.6"
"20241031","인천","남구","16.3","21.5","12.1","16.1","11.2","15.6","7.3","0.0","0.0","1.4","9.5","3.4","6.7","14.08","10.18","0.0","71.4","83.1","61.9","2.0","5.3","3.6","0.0","0.0","0.0","4.9","7.7","2.6"
"20241031","인천","강화군","13.6","21.0","7.9","15.0","9.5","15.2","3.8","0.0","0.0","1.1","8.6","0.6","6.8","0.0","0.0","0.0","81.0","90.8","65.0","2.0","7.9","0.0","0.0","0.0","0.0","4.7","7.7","1.6"
"20241030","인천","남구","15.2","19.6","11.9","15.4","11.5","16.0","7.7","0.0","0.0","1.6","9.5","9.3","6.7","14.11","13.84","0.0","75.9","75.0","62.2","0.8","1.4","3.6","0.0","0.0","0.0","7.4","5.0","2.6"
"20241030","인천","강화군","13.5","19.9","8.1","12.9","9.9","15.7","4.2","0.0","0.0","1.3","9.7","8.2","6.7","0.0","0.0","0.0","83.0","89.1","65.0","1.0","2.0","0.0","0.0","0.0","0.0","8.2","5.9","1.7"
"20241029","인천","남구","15.3","19.1","13.5","15.4","11.8","16.3","7.9","0.1","0.0","1.6","1.1","9.7","7.0","6.78","14.89","0.0","66.5","62.4","62.2","5.5","0.0","3.4","0.0","0.0","0.0","7.1","5.3","2.6"
"20241029","인천","강화군","13.7","17.7","10.3","11.8","10.2","16.1","4.4","0.2","0.0","1.4","0.5","9.9","6.8","0.0","0.0","0.0","77.0","81.3","65.3","5.6","0.3","0.0","0.0","0.0","0.0","4.4","5.2","1.7"
"20241028","인천","남구","15.7","19.8","11.8","14.4","12.1","16.5","8.3","0.0","0.0","1.3","2.7","9.7","7.2","9.68","14.67","0.0","77.5","65.9","62.4","6.1","0.0","3.2","0.0","0.0","0.0","6.3","5.4","2.6"
"20241028","인천","강화군","13.5","18.5","8.3","11.5","10.4","16.2","4.9","0.0","0.0","1.1","2.2","10.0","7.1","0.0","0.0","0.0","86.8","78.9","65.1","5.3","0.3","0.0","0.0","0.0","0.0","5.3","4.8","1.6"
"20241027","인천","남구","16.3","18.5","14.2","15.1","12.6","17.0","8.7","0.0","0.0","1.5","0.8","7.8","7.0","5.92","12.65","0.0","78.4","63.6","64.4","8.6","3.4","3.3","0.0","0.0","0.0","5.1","8.5","2.6"
"20241027","인천","강화군","14.4","17.2","10.3","14.2","10.9","16.7","5.5","0.0","0.0","1.5","0.0","8.1","6.9","0.0","0.0","0.0","87.9","61.5","66.7","8.3","1.0","0.0","0.0","0.0","0.0","4.4","8.4","1.7"
"20241026","인천","남구","18.1","23.9","12.6","17.5","13.0","17.5","9.2","0.0","0.0","1.7","9.3","3.2","7.0","15.0","9.14","0.0","66.6","86.4","65.7","3.1","7.4","3.3","0.0","0.0","0.0","5.5","9.4","2.6"
"20241026","인천","강화군","15.0","22.7","8.7","16.9","11.4","17.1","6.0","0.0","0.0","1.8","10.0","0.9","6.9","0.0","0.0","0.0","77.0","91.9","67.8","3.3","6.8","0.0","0.0","0.0","0.0","4.8","9.2","1.7"
"20241025","인천","남구","15.5","21.7","10.1","16.8","13.3","17.8","9.5","0.0","0.0","1.6","7.6","8.2","7.0","14.06","13.47","0.0","67.0","79.5","66.1","4.3","1.5","3.3","0.0","0.0","0.0","5.0","4.9","2.5"
"20241025","인천","강화군","13.3","20.8","7.3","14.7","11.7","17.4","6.3","0.0","0.0","1.8","8.1","5.9","6.9","0.0","0.0","0.0","75.9","92.1","68.4","3.9","4.3","0.0","0.0","0.0","0.0","4.4","4.7","1.7"
"20241024","인천","남구","13.1","17.5","8.5","15.7","13.7","18.2","9.9","0.0","0.0","1.6","9.6","3.5","6.7","15.07","9.1","0.0","69.4","81.1","66.4","0.0","4.1","3.6","0.0","0.0","0.0","9.0","6.7","2.5"
"20241024","인천","강화군","10.6","17.7","4.9","14.4","12.1","17.8","6.8","0.0","0.0","1.8","10.0","4.8","6.6","0.0","0.0","0.0","83.8","91.8","68.6","0.0","3.4","0.0","0.0","0.0","0.0","6.6","7.1","1.7"
"20241023","인천","남구","12.7","15.8","9.7","16.2","14.2","18.7","10.3","0.2","0.0","1.8","4.3","9.4","6.7","10.26","14.89","0.0","71.4","74.4","67.5","5.3","2.4","3.7","0.0","0.0","0.0","14.9","6.2","2.5"
"20241023","인천","강화군","11.4","15.2","6.4","13.3","12.5","18.4","7.1","0.1","0.0","1.9","4.3","9.1","6.5","0.0","0.0","0.0","79.6","88.3","69.6","4.3","2.0","0.0","0.0","0.0","0.0","12.6","6.5","1.6"
"20241022","인천","남구","16.0","17.3","15.2","13.7","14.6","19.2","10.6","11.0","0.0","1.7","0.0","9.3","6.7","1.46","14.8","0.0","88.5","62.1","68.0","10.0","3.8","3.6","0.0","0.0","0.0","14.3","7.5","2.3"
"20241022","인천","강화군","14.5","16.4","13.0","10.6","12.8","18.8","7.3","11.8","0.0","1.7","0.0","8.4","6.6","0.0","0.0","0.0","94.5","82.0","70.1","10.0","3.8","0.0","0.0","0.0","0.0","9.6","5.9","1.6"
"20241021","인천","남구","14.9","18.7","10.9","11.6","14.8","19.5","10.8","0.3","2.5","1.6","0.6","9.1","6.9","7.75","16.17","0.0","65.1","49.9","67.7","9.4","0.5","3.5","0.0","0.0","0.0","7.1","13.2","2.3"
"20241021","인천","강화군","13.0","16.9","8.2","9.5","13.0","19.1","7.4","0.1","2.2","1.5","0.3","9.2","6.8","0.0","0.0","0.0","78.9","63.5","69.9","9.4","1.0","0.0","0.0","0.0","0.0","4.0","13.6","1.6"
"20241020","인천","남구","13.9","17.9","11.3","12.2","15.0","19.8","10.8","0.0","0.0","1.3","9.4","9.5","7.1","16.2","16.07","0.0","52.6","44.8","67.5","1.1","1.5","3.3","0.0","0.0","0.0","11.6","12.5","2.2"
"20241020","인천","강화군","12.2","17.5","9.0","10.5","13.2","19.4","7.4","0.0","0.0","1.2","10.1","9.9","7.1","0.0","0.0","0.0","63.9","51.9","69.6","1.0","1.8","0.0","0.0","0.0","0.0","8.8","11.9","1.6"
"20241019","인천","남구","16.5","20.4","13.3","17.3","15.1","19.9","10.9","0.3","3.9","1.0","8.5","0.0","7.4","16.18","4.17","0.0","75.5","78.8","67.6","5.5","9.4","3.1","0.0","0.0","0.0","11.3","10.1","2.2"
"20241019","인천","강화군","15.2","18.3","11.5","17.0","13.3","19.5","7.4","0.1","21.1","0.8","8.1","0.2","7.4","0.0","0.0","0.0","74.9","79.3","69.7","3.4","9.3","0.0","0.0","0.0","0.0","11.0","10.3","1.6"
"20241018","인천","남구","17.3","19.3","15.1","16.3","15.1","20.0","11.0","67.4","0.0","1.3","0.0","7.7","7.4","1.46","13.44","0.0","86.1","71.6","67.1","9.3","6.6","3.1","0.0","0.0","0.0","8.9","8.7","2.2"
"20241018","인천","강화군","16.0","18.1","14.0","15.1","13.3","19.5","7.5","27.5","0.0","1.3","0.0","6.6","7.5","0.0","0.0","0.0","90.8","82.0","69.6","9.4","5.8","0.0","0.0","0.0","0.0","10.8","8.7","1.6"
"20241017","인천","남구","19.4","25.2","14.7","14.8","15.1","19.9","11.1","0.0","0.0","1.4","7.8","10.3","7.3","14.1","17.19","0.0","70.9","50.8","66.3","4.0","0.0","3.2","0.0","0.0","0.0","4.9","5.6","2.3"
"20241017","인천","강화군","16.6","24.2","10.4","11.4","13.3","19.4","7.5","0.0","0.0","1.3","8.0","10.4","7.4","0.0","0.0","0.0","78.9","70.5","69.1","4.8","0.1","0.0","0.0","0.0","0.0","3.6","5.3","1.6"
"20241016","인천","남구","17.5","21.7","14.5","14.7","15.2","19.8","11.2","0.0","0.0","1.2","6.3","10.3","7.4","13.34","17.5","0.0","81.8","53.8","65.9","2.5","0.0","3.3","0.0","0.0","0.0","5.1","7.3","2.4"
"20241016","인천","강화군","14.6","21.4","9.7","13.4","13.4","19.4","7.6","0.0","0.0","1.4","9.9","10.4","7.4","0.0","0.0","0.0","85.0","55.3","68.7","1.0","0.0","0.0","0.0","0.0","0.0","5.0","6.7","1.6"
"20241015","인천","남구","19.5","21.6","18.0","16.9","15.5","20.1","11.5","0.5","0.0","1.4","0.0","9.2","7.3","5.99","15.27","0.0","86.5","76.3","65.9","7.5","2.1","3.6","0.0","0.0","0.0","5.0","9.6","2.4"
"20241015","인천","강화군","18.2","20.9","15.0","14.9","13.7","19.7","7.9","0.3","0.0","1.6","0.4","8.7","7.4","0.0","0.0","0.0","90.3","84.6","68.8","5.8","2.4","0.0","0.0","0.0","0.0","4.0","8.2","1.6"
"20241014","인천","남구","19.8","21.6","18.5","15.7","15.7","20.3","11.8","0.0","8.1","1.9","0.0","3.0","7.2","5.01","7.7","0.0","66.6","78.9","65.7","9.8","4.6","3.7","0.0","0.0","0.0","6.5","7.1","2.4"
"20241014","인천","강화군","18.4","21.5","16.0","12.7","14.0","19.8","8.3","0.0","11.0","2.1","0.0","3.2","7.3","0.0","0.0","0.0","75.4","97.8","68.3","9.8","5.8","0.0","0.0","0.0","0.0","4.6","3.5","1.6"
"20241013","인천","남구","19.2","23.2","15.0","17.9","16.0","20.6","12.1","0.0","0.0","1.5","3.6","3.7","7.3","10.72","11.41","0.0","64.6","69.4","65.8","6.1","6.8","3.7","0.0","0.0","0.0","5.5","5.0","2.4"
"20241013","인천","강화군","16.6","21.4","10.4","15.1","14.3","20.2","8.7","0.0","0.0","1.7","4.2","1.6","7.5","0.0","0.0","0.0","78.3","86.4","67.8","6.6","7.0","0.0","0.0","0.0","0.0","5.1","4.7","1.6"
"20241012","인천","남구","18.4","22.6","15.3","18.3","16.3","20.9","12.5","0.0","0.0","1.6","10.3","9.3","7.1","18.02","15.4","0.0","64.4","63.8","66.8","0.0","5.4","3.9","0.0","0.0","0.0","5.5","5.7","2.3"
"20241012","인천","강화군","15.3","22.4","9.7","16.5","14.7","20.6","9.1","0.0","0.0","1.6","9.6","8.8","7.4","0.0","0.0","0.0","79.0","75.9","68.6","0.0","2.8","0.0","0.0","0.0","0.0","4.9","5.4","1.6"
"20241011","인천","남구","18.9","22.9","15.4","18.6","16.7","21.3","12.8","0.0","0.0","1.9","9.8","9.9","7.1","15.98","16.53","0.0","70.3","60.6","67.3","0.6","1.3","4.0","0.0","0.0","0.0","6.0","6.3","2.3"
"20241011","인천","강화군","16.8","22.3","11.3","15.2","15.0","21.0","9.5","0.0","0.0","1.9","10.2","9.2","7.2","0.0","0.0","0.0","77.6","81.9","69.2","0.3","1.9","0.0","0.0","0.0","0.0","5.5","5.1","1.6"
"20241010","인천","남구","19.3","23.3","16.2","16.9","16.9","21.5","13.0","0.0","0.0","1.8","7.9","10.2","7.3","14.91","17.33","0.0","67.0","75.8","67.8","4.0","0.0","3.8","0.0","0.0","0.0","8.0","6.6","2.3"
"20241010","인천","강화군","17.1","22.4","13.2","14.6","15.3","21.2","9.8","0.5","0.0","1.7","7.0","10.4","7.4","0.0","0.0","0.0","80.8","88.0","69.4","4.5","0.3","0.0","0.0","0.0","0.0","4.6","6.2","1.6"
"20241009","인천","남구","19.4","24.0","14.8","17.3","17.2","21.8","13.3","0.0","1.2","1.4","8.7","4.9","7.2","16.03","12.44","0.0","62.4","66.9","68.7","3.4","6.1","4.0","0.0","0.0","0.0","9.8","7.0","2.3"
"20241009","인천","강화군","16.4","23.0","10.6","15.9","15.5","21.4","10.1","0.0","7.0","1.3","8.2","5.9","7.2","0.0","0.0","0.0","76.6","77.5","70.4","4.1","5.6","0.0","0.0","0.0","0.0","5.3","7.4","1.6"
"20241008","인천","남구","18.2","22.3","14.1","17.8","17.4","21.9","13.5","0.0","0.2","1.8","9.8","0.0","7.4","16.58","6.86","0.0","73.6","64.3","68.7","1.1","9.0","3.9","0.0","0.0","0.0","6.2","6.3","2.3"
"20241008","인천","강화군","15.9","21.9","10.6","16.1","15.7","21.6","10.2","0.0","0.0","1.5","8.9","0.3","7.2","0.0","0.0","0.0","81.6","77.8","70.6","0.5","8.4","0.0","0.0","0.0","0.0","4.9","4.6","1.6"
"20241007","인천","남구","17.6","20.2","14.9","17.7","17.5","22.1","13.5","0.0","0.0","1.6","2.0","4.6","7.8","9.29","12.19","0.0","73.5","54.6","67.8","6.8","8.5","3.8","0.0","0.0","0.0","6.1","6.8","2.2"
"20241007","인천","강화군","15.9","20.0","12.2","14.9","15.8","21.7","10.2","0.0","0.0","1.4","1.6","4.2","7.5","0.0","0.0","0.0","83.6","71.3","69.9","7.8","7.9","0.0","0.0","0.0","0.0","4.6","4.5","1.6"
"20241006","인천","남구","15.8","17.6","13.9","16.3","17.5","22.2","13.5","0.1","0.0","1.3","0.0","8.3","7.8","3.7","17.45","0.0","73.5","46.8","67.4","8.8","7.0","3.9","0.0","0.0","0.0","4.4","6.5","2.3"
"20241006","인천","강화군","13.2","16.5","9.0","14.6","15.9","21.8","10.3","0.1","0.0","1.2","0.0","7.0","7.7","0.0","0.0","0.0","86.4","54.9","69.4","9.1","5.5","0.0","0.0","0.0","0.0","4.8","6.5","1.6"
"20241005","인천","남구","18.1","22.6","13.7","14.9","17.6","22.1","13.7","0.0","0.0","1.7","9.9","10.6","7.4","16.91","19.79","0.0","58.0","40.8","67.5","3.9","1.4","4.2","0.0","0.0","0.0","6.2","13.7","2.3"
"20241005","인천","강화군","14.7","21.8","9.2","13.8","16.1","21.8","10.6","0.0","0.0","1.9","9.7","10.7","7.3","0.0","0.0","0.0","74.0","47.0","69.3","3.8","2.3","0.0","0.0","0.0","0.0","4.3","9.1","1.7"
"20241004","인천","남구","17.8","22.5","13.3","18.7","17.7","22.2","13.9","0.0","0.9","2.1","10.7","6.7","7.3","19.55","14.06","0.0","60.8","70.8","68.2","0.0","5.8","4.2","0.0","0.0","0.0","6.2","14.0","2.4"
"20241004","인천","강화군","15.7","21.9","9.3","16.8","16.2","21.9","10.8","0.0","18.3","3.3","10.8","6.0","7.3","0.0","0.0","0.0","68.5","81.3","69.6","0.0","5.3","0.0","0.0","0.0","0.0","6.5","10.2","1.7"
"20241003","인천","남구","16.5","22.7","11.0","18.5","17.9","22.4","14.1","0.0","0.0","2.0","8.0","3.0","6.8","17.8","9.5","0.0","58.5","62.9","69.5","2.0","5.4","4.4","0.0","0.0","0.0","6.5","5.4","2.3"
"20241003","인천","강화군","14.6","21.6","6.5","16.0","16.4","22.0","11.2","0.0","0.0","3.3","9.1","4.0","7.0","0.0","0.0","0.0","67.0","82.5","70.7","1.3","6.4","0.0","0.0","0.0","0.0","4.9","4.0","1.6"
"20241002","인천","남구","15.2","18.9","12.1","18.9","18.2","22.5","14.5","0.0","0.0","2.8","10.2","9.8","6.6","20.15","18.92","0.0","46.1","51.1","70.7","0.8","2.3","4.5","0.0","0.0","0.0","9.4","8.5","2.3"
"20241002","인천","강화군","14.4","18.9","9.6","16.1","16.7","22.2","11.7","0.0","0.0","3.6","10.2","10.2","6.8","0.0","0.0","0.0","49.9","70.3","71.7","0.5","1.6","0.0","0.0","0.0","0.0","8.8","7.7","1.6"
"20241001","인천","남구","18.5","22.9","14.4","18.9","18.5","22.8","14.9","2.2","0.0","3.3","2.8","10.8","6.2","8.01","20.03","0.0","68.8","57.1","71.6","5.9","0.4","4.6","0.0","0.0","0.0","10.7","9.4","2.2"
"20241001","인천","강화군","17.1","22.4","10.0","17.2","17.0","22.5","12.1","1.2","0.0","4.0","3.9","10.4","6.5","0.0","0.0","0.0","75.5","61.5","72.6","5.1","0.6","0.0","0.0","0.0","0.0","10.5","10.0","1.6"
"20240930","인천","남구","23.4","27.1","19.3","20.0","18.8","23.0","15.3","0.0","20.5","3.0","9.0","3.7","6.0","18.48","9.35","0.0","63.1","71.1","71.3","4.1","6.3","4.9","0.0","0.0","0.0","6.8","12.4","2.2"
"20240930","인천","강화군","21.2","26.4","17.0","18.9","17.3","22.7","12.4","0.0","6.4","3.4","9.7","3.9","6.3","0.0","0.0","0.0","75.0","85.5","72.8","5.6","5.0","0.0","0.0","0.0","0.0","5.6","10.1","1.6"
"20240929","인천","남구","24.1","28.6","20.0","20.8","19.1","23.4","15.5","0.0","0.0","2.8","7.7","5.9","6.0","16.11","16.99","0.0","62.9","61.9","70.7","2.9","8.3","4.8","0.0","0.0","0.0","6.4","6.7","2.0"
"20240929","인천","강화군","21.2","27.7","16.3","19.6","17.6","23.1","12.7","0.0","0.0","2.4","9.8","6.3","6.4","0.0","0.0","0.0","74.0","71.5","72.5","1.0","7.1","0.0","0.0","0.0","0.0","6.8","5.9","1.5"
"20240928","인천","남구","23.4","27.8","18.5","21.9","19.4","23.8","15.8","0.0","0.0","2.5","7.6","7.9","6.5","16.93","16.26","0.0","61.1","80.1","69.6","2.3","3.3","4.7","0.0","0.0","0.0","7.3","6.9","2.0"
"20240928","인천","강화군","21.6","27.1","18.0","21.5","17.9","23.5","13.0","0.0","0.0","2.4","10.5","7.3","6.6","0.0","0.0","0.0","66.0","81.4","71.8","1.8","3.5","0.0","0.0","0.0","0.0","7.5","6.7","1.5"
"20240927","인천","남구","22.8","26.8","19.4","21.2","19.6","24.1","16.0","0.0","3.4","1.7","8.4","0.5","6.6","16.21","6.05","0.0","73.9","90.4","69.5","2.1","9.1","4.7","0.0","0.0","0.0","8.2","6.3","2.0"
"20240927","인천","강화군","20.9","26.6","15.9","21.0","18.1","23.8","13.1","0.0","0.7","2.0","9.7","1.7","6.8","0.0","0.0","0.0","76.9","92.8","71.7","1.0","7.9","0.0","0.0","0.0","0.0","7.0","7.5","1.5"
"20240926","인천","남구","23.8","27.2","21.5","20.1","19.9","24.4","16.3","0.4","19.1","1.9","9.0","0.0","6.8","18.92","2.73","0.0","75.3","94.4","70.3","4.8","10.0","4.6","0.0","0.0","0.0","6.7","6.3","2.0"
"20240926","인천","강화군","21.7","26.1","18.7","19.2","18.3","24.1","13.4","0.7","17.6","2.2","7.4","0.0","7.0","0.0","0.0","0.0","85.4","100.0","72.2","5.0","7.6","0.0","0.0","0.0","0.0","6.5","6.6","1.5"
"20240925","인천","남구","23.6","27.1","19.8","21.8","20.1","24.7","16.4","0.0","1.0","1.9","6.3","0.6","7.3","15.49","10.25","0.0","65.8","64.5","70.5","6.6","9.8","4.3","0.0","0.0","0.0","5.7","5.6","2.0"
"20240925","인천","강화군","21.1","26.5","16.0","19.1","18.5","24.4","13.5","0.1","0.6","2.2","7.8","0.1","7.5","0.0","0.0","0.0","79.4","82.8","72.3","6.8","8.5","0.0","0.0","0.0","0.0","6.6","4.8","1.5"
"20240924","인천","남구","21.8","26.6","17.1","22.1","20.2","24.8","16.4","0.0","0.0","1.7","10.7","8.3","7.5","21.17","18.12","0.0","56.5","53.1","70.2","1.9","5.3","4.1","0.0","0.0","0.0","5.5","9.7","2.1"
"20240924","인천","강화군","18.2","24.8","13.1","19.9","18.5","24.4","13.5","0.0","0.0","1.7","11.1","8.5","7.7","0.0","0.0","0.0","73.9","68.1","72.0","1.1","5.8","0.0","0.0","0.0","0.0","4.5","8.2","1.6"
"20240923","인천","남구","21.2","25.7","17.1","22.7","20.2","24.7","16.4","0.0","0.0","3.8","10.7","10.7","7.3","21.11","17.66","0.0","57.8","64.3","70.8","1.4","5.5","4.2","0.0","0.0","0.0","7.2","7.4","2.0"
"20240923","인천","강화군","18.7","24.1","15.4","19.8","18.6","24.4","13.5","0.0","0.0","2.4","11.1","10.7","7.6","0.0","0.0","0.0","69.3","78.0","72.5","1.1","5.3","0.0","0.0","0.0","0.0","7.6","6.5","1.6"
"20240922","인천","남구","20.9","25.6","17.6","21.0","20.3","24.8","16.6","0.0","0.0","4.8","5.4","10.6","7.0","16.86","20.63","0.0","69.3","70.4","70.7","5.0","1.6","4.5","0.0","0.0","0.0","9.5","5.8","2.1"
"20240922","인천","강화군","19.6","24.8","16.6","18.7","18.7","24.4","13.8","0.0","0.0","3.3","5.0","9.4","7.2","0.0","0.0","0.0","70.8","83.1","72.5","5.0","1.1","0.0","0.0","0.0","0.0","8.6","6.3","1.7"
"20240921","인천","남구","19.2","22.0","17.3","19.8","20.5","24.9","16.8","13.7","0.1","4.9","0.4","2.4","7.0","8.0","13.09","0.0","83.1","71.9","70.1","8.9","7.0","4.5","0.0","0.0","0.0","13.2","11.3","2.1"
"20240921","인천","강화군","18.7","22.2","16.1","18.1","18.9","24.5","13.9","10.1","0.0","3.4","0.4","1.1","7.2","0.0","0.0","0.0","80.5","80.9","71.9","8.4","7.6","0.0","0.0","0.0","0.0","11.5","12.6","1.7"
"20240920","인천","남구","24.8","28.3","18.5","20.7","20.7","25.1","17.0","56.9","29.5","5.7","0.2","0.0","7.0","3.69","2.43","0.0","94.5","90.6","70.3","9.9","9.9","4.6","0.0","0.0","0.0","13.2","11.3","2.2"
"20240920","인천","강화군","23.5","27.1","16.7","20.3","19.2","24.7","14.2","56.4","13.1","5.3","0.0","0.0","7.0","0.0","0.0","0.0","95.4","95.1","71.6","10.0","9.0","0.0","0.0","0.0","0.0","11.8","9.6","1.8"
"20240919","인천","남구","28.5","31.9","26.3","23.9","21.0","25.3","17.4","0.0","0.0","6.7","2.2","3.4","6.8","13.09","12.18","0.0","80.4","87.1","70.7","8.3","7.4","4.8","0.0","0.0","0.0","4.6","6.5","2.2"
"20240919","인천","강화군","26.9","31.0","24.5","22.7","19.6","25.0","14.7","0.0","0.0","6.1","2.2","2.9","6.7","0.0","0.0","0.0","87.3","94.9","71.8","8.1","7.8","0.0","0.0","0.0","0.0","3.9","7.5","1.8"
"20240918","인천","남구","28.9","32.3","26.2","24.5","21.3","25.6","17.7","0.0","0.0","5.3","8.8","8.8","6.8","18.62","19.26","0.0","82.1","83.0","70.6","6.3","3.4","4.8","0.0","0.0","0.0","5.5","6.8","2.3"
"20240918","인천","강화군","26.3","30.7","23.6","22.9","20.0","25.3","15.2","0.0","2.6","6.4","3.9","8.6","6.9","0.0","0.0","0.0","91.6","90.0","71.2","8.3","4.0","0.0","0.0","0.0","0.0","4.0","6.3","1.8"
"20240917","인천","남구","28.1","32.5","26.1","24.2","21.6","25.9","17.9","0.0","0.0","4.8","4.5","8.5","7.1","15.79","18.4","0.0","81.6","87.1","71.0","7.3","5.5","4.7","0.0","0.0","0.0","7.3","6.3","2.2"
"20240917","인천","강화군","25.3","29.1","22.8","22.9","20.3","25.6","15.5","1.3","8.7","5.8","0.2","6.1","7.0","0.0","0.0","0.0","91.6","94.4","71.3","7.8","6.1","0.0","0.0","0.0","0.0","7.9","4.7","1.8"
"20240916","인천","남구","26.9","31.7","21.6","23.9","21.8","26.0","18.2","12.1","26.7","4.3","6.1","0.2","7.0","17.75","7.23","0.0","75.8","87.1","71.7","6.4","9.9","4.9","0.0","0.0","0.0","8.3","6.5","2.2"
"20240916","인천","강화군","24.3","29.3","20.4","23.0","20.5","25.8","15.9","2.1","12.9","4.9","4.8","1.4","6.9","0.0","0.0","0.0","83.1","94.5","71.8","6.8","9.3","0.0","0.0","0.0","0.0","7.2","4.7","1.8"
"20240915","인천","남구","27.7","31.4","25.3","22.5","21.8","26.1","18.3","0.0","6.1","4.7","3.7","0.1","6.9","11.5","5.43","0.0","77.3","82.0","72.6","3.6","10.0","5.0","0.0","0.0","0.0","8.8","6.8","2.1"
"20240915","인천","강화군","24.9","29.0","22.5","21.2","20.6","25.9","16.0","0.0","7.2","4.2","7.3","0.0","7.0","0.0","0.0","0.0","81.8","92.9","72.7","4.5","9.9","0.0","0.0","0.0","0.0","9.1","6.4","1.7"
"20240914","인천","남구","26.8","29.2","24.9","23.2","21.9","26.1","18.4","0.0","0.0","4.1","6.7","4.3","6.5","15.95","12.98","0.0","86.5","74.1","73.6","6.1","7.9","5.3","0.0","0.0","0.0","6.0","7.5","2.0"
"20240914","인천","강화군","25.7","29.5","23.1","22.8","20.6","25.8","16.1","0.0","0.0","4.0","5.3","5.8","6.6","0.0","0.0","0.0","89.5","76.8","73.4","5.4","8.3","0.0","0.0","0.0","0.0","5.3","7.2","1.7"
"20240913","인천","남구","26.0","27.4","24.8","22.1","22.0","26.0","18.5","10.6","22.6","4.2","0.0","0.0","6.3","4.87","3.37","0.0","93.9","87.1","74.4","9.8","10.0","5.5","0.0","0.0","0.0","11.4","6.6","2.0"
"20240913","인천","강화군","25.2","27.3","24.1","20.9","20.7","25.8","16.3","28.4","11.1","3.5","0.0","0.0","6.4","0.0","0.0","0.0","94.5","95.0","74.5","8.6","9.9","0.0","0.0","0.0","0.0","11.4","8.6","1.7"
"20240912","인천","남구","26.3","27.8","25.0","25.2","22.1","26.1","18.7","16.8","0.0","4.7","0.0","6.2","6.2","5.0","16.87","0.0","92.9","73.0","74.8","10.0","6.9","5.5","0.0","0.0","0.0","5.2","6.4","2.0"
"20240912","인천","강화군","24.8","26.4","22.9","23.6","20.8","25.9","16.4","1.5","0.0","5.1","0.0","6.1","6.4","0.0","0.0","0.0","93.6","83.4","75.1","10.0","7.1","0.0","0.0","0.0","0.0","4.1","6.9","1.7"
"20240911","인천","남구","28.6","34.4","25.9","25.0","22.1","26.1","18.8","3.9","0.0","5.2","7.7","9.5","6.1","18.5","20.12","0.0","77.1","72.0","75.4","5.5","4.8","5.6","0.0","0.0","0.0","7.7","6.8","2.0"
"20240911","인천","강화군","26.7","33.3","21.2","23.6","20.9","25.9","16.5","0.0","0.0","7.3","9.6","10.3","6.3","0.0","0.0","0.0","80.8","77.3","75.7","4.5","4.9","0.0","0.0","0.0","0.0","8.0","6.3","1.7"
"20240910","인천","남구","28.6","32.3","26.1","25.0","22.4","26.3","19.1","0.0","0.0","4.1","11.0","5.8","6.3","21.14","16.83","0.0","72.0","72.8","75.1","1.1","5.8","5.7","0.0","0.0","0.0","6.3","5.8","2.1"
"20240910","인천","강화군","26.0","31.1","22.1","22.7","21.1","26.1","16.8","0.0","0.0","6.3","10.8","6.8","6.5","0.0","0.0","0.0","80.0","79.4","75.5","1.8","6.4","0.0","0.0","0.0","0.0","5.9","4.9","1.7"
"20240909","인천","남구","27.8","31.7","24.1","25.1","22.5","26.5","19.3","0.0","0.0","4.7","10.5","9.8","6.7","20.86","21.72","0.0","74.1","70.4","75.2","2.4","2.5","5.4","0.0","0.0","0.0","6.2","5.5","2.1"
"20240909","인천","강화군","25.2","30.6","20.8","22.9","21.3","26.3","17.0","0.0","0.0","6.6","10.8","9.3","6.9","0.0","0.0","0.0","81.3","77.1","75.6","2.3","3.1","0.0","0.0","0.0","0.0","5.1","5.7","1.7"
"20240908","인천","남구","26.1","29.8","23.0","25.1","22.7","26.7","19.4","0.0","0.0","3.9","8.8","11.3","6.8","18.64","23.17","0.0","77.4","61.8","75.5","2.4","0.0","5.3","0.0","0.0","0.0","6.5","7.0","2.1"
"20240908","인천","강화군","23.7","28.9","19.3","22.7","21.5","26.5","17.1","0.0","0.0","6.2","8.0","11.6","7.0","0.0","0.0","0.0","85.5","74.8","75.6","1.9","0.6","0.0","0.0","0.0","0.0","4.8","6.2","1.8"
"20240907","인천","남구","26.0","29.7","23.0","27.1","22.8","26.7","19.5","0.0","0.0","4.5","9.3","11.4","6.6","21.35","23.63","0.0","76.9","50.4","75.4","4.3","0.0","5.4","0.0","0.0","0.0","6.2","7.2","2.2"
"20240907","인천","강화군","23.8","28.9","20.5","23.9","21.6","26.5","17.2","0.0","0.0","5.5","8.3","11.7","6.7","0.0","0.0","0.0","83.5","69.5","75.6","3.3","0.1","0.0","0.0","0.0","0.0","5.2","6.0","1.8"
"20240906","인천","남구","24.6","25.9","23.4","27.4","23.0","27.0","19.7","0.1","0.0","5.0","0.2","7.5","6.6","6.97","14.85","0.0","82.0","69.8","74.9","9.4","2.4","5.3","0.0","0.0","0.0","8.4","8.1","2.2"
"20240906","인천","강화군","23.2","25.3","22.0","25.7","21.8","26.7","17.5","0.0","0.0","3.8","0.0","11.5","6.9","0.0","0.0","0.0","85.0","77.9","75.3","8.8","2.3","0.0","0.0","0.0","0.0","5.4","6.9","1.8"
"20240905","인천","남구","25.9","27.7","24.7","27.6","23.1","27.1","19.9","4.5","0.0","5.9","1.4","7.7","6.3","7.09","18.36","0.0","85.6","77.0","75.7","9.4","5.4","5.4","0.0","0.0","0.0","12.5","6.3","2.2"
"20240905","인천","강화군","24.9","27.7","21.7","26.1","22.0","26.8","17.7","2.9","0.0","4.4","0.7","9.1","6.5","0.0","0.0","0.0","88.0","84.3","76.1","8.4","3.8","0.0","0.0","0.0","0.0","8.9","6.4","1.7"
"20240904","인천","남구","27.3","31.3","23.3","26.9","23.4","27.3","20.3","0.0","0.2","5.9","10.9","1.1","6.2","22.39","11.0","0.0","64.8","80.4","76.0","3.1","9.3","5.5","0.0","0.0","0.0","7.7","6.0","2.2"
"20240904","인천","강화군","24.9","29.7","20.3","24.9","22.3","27.0","18.1","0.0","0.4","4.9","10.1","1.3","6.3","0.0","0.0","0.0","77.1","93.3","76.6","4.3","8.8","0.0","0.0","0.0","0.0","6.1","5.3","1.7"
"20240903","인천","남구","27.2","32.0","23.7","26.4","23.7","27.6","20.6","0.0","0.0","6.3","9.4","0.1","6.4","22.15","7.74","0.0","58.6","77.0","76.3","2.8","8.5","5.5","0.0","0.0","0.0","7.8","4.7","2.3"
"20240903","인천","강화군","24.2","28.7","21.2","24.3","22.6","27.3","18.4","0.0","0.0","5.5","8.6","1.1","6.2","0.0","0.0","0.0","70.0","90.4","77.0","3.5","7.3","0.0","0.0","0.0","0.0","6.2","3.8","1.7"
"20240902","인천","남구","24.6","26.6","22.0","25.1","23.9","27.9","20.8","3.9","0.0","5.4","0.0","10.8","6.7","4.85","23.17","0.0","78.0","71.1","76.6","8.3","6.0","5.4","0.0","0.0","0.0","7.6","6.9","2.3"
"20240902","인천","강화군","22.2","23.8","20.1","21.9","22.8","27.6","18.7","3.6","0.0","5.4","0.0","11.4","6.5","0.0","0.0","0.0","86.0","82.9","77.1","7.6","4.5","0.0","0.0","0.0","0.0","6.3","4.6","1.8"
"20240901","인천","남구","26.0","29.0","24.5","24.1","24.0","27.9","20.9","0.0","0.0","4.8","6.8","11.4","6.5","20.49","23.56","0.0","73.3","73.0","77.3","4.1","0.9","5.6","0.0","0.0","0.0","7.3","6.6","2.3"
"20240901","인천","강화군","23.3","27.9","19.2","22.3","22.9","27.7","18.9","0.0","0.0","5.2","8.2","11.7","6.3","0.0","0.0","0.0","82.9","76.6","77.7","3.9","1.6","0.0","0.0","0.0","0.0","7.0","5.3","1.8"
"20240831","인천","남구","26.7","30.8","22.8","23.6","24.1","28.0","21.0","0.0","0.0","5.7","11.3","8.4","6.4","23.98","21.0","0.0","73.1","78.0","77.8","0.8","5.4","5.8","0.0","0.0","0.0","7.1","7.2","2.4"
"20240831","인천","강화군","24.4","30.0","19.4","22.1","23.1","27.8","19.1","0.0","0.0","5.3","11.7","7.3","6.1","0.0","0.0","0.0","80.6","84.9","77.8","0.5","4.8","0.0","0.0","0.0","0.0","5.6","6.8","1.8"
"20240830","인천","남구","27.6","31.9","24.2","22.9","24.2","28.0","21.1","0.0","0.1","7.1","10.9","0.1","6.5","24.43","7.27","0.0","69.1","84.9","78.3","2.4","9.3","5.7","0.0","0.0","0.0","7.5","5.3","2.4"
"20240830","인천","강화군","26.1","30.4","22.4","21.4","23.1","27.7","19.1","0.0","0.3","6.2","9.8","1.3","6.3","0.0","0.0","0.0","69.5","93.3","78.1","1.3","8.1","0.0","0.0","0.0","0.0","7.7","4.9","1.8"
"20240829","인천","남구","28.8","33.0","23.9","23.4","24.2","27.9","21.2","0.0","30.5","8.9","11.3","0.0","6.2","24.35","4.3","0.0","60.6","91.3","78.4","0.6","9.9","5.9","0.0","0.0","0.0","7.7","11.3","2.4"
"20240829","인천","강화군","26.2","31.1","21.6","23.0","23.2","27.7","19.2","0.0","39.0","6.7","11.9","0.0","6.1","0.0","0.0","0.0","70.5","96.8","78.0","0.0","9.8","0.0","0.0","0.0","0.0","7.3","7.2","1.9"
"20240828","인천","남구","28.7","33.1","23.9","22.7","24.2","28.0","21.4","0.0","21.6","9.7","10.0","0.0","6.0","22.42","4.14","0.0","60.3","88.3","78.5","0.6","10.0","6.1","0.0","0.0","0.0","6.8","9.6","2.4"
"20240828","인천","강화군","26.3","31.4","21.2","21.4","23.3","27.7","19.4","0.0","14.2","7.4","11.9","0.0","6.0","0.0","0.0","0.0","71.9","99.1","78.1","0.0","9.9","0.0","0.0","0.0","0.0","6.5","7.9","1.8"
"20240827","인천","남구","26.9","30.0","25.0","25.6","24.3","28.0","21.5","0.2","0.0","11.3","3.4","0.1","6.0","10.55","10.83","0.0","67.4","80.5","79.0","6.1","9.5","6.2","0.0","0.0","0.0","9.0","6.8","2.4"
"20240827","인천","강화군","24.8","29.0","22.0","23.9","23.3","27.7","19.5","0.4","0.0","9.4","3.6","0.0","6.0","0.0","0.0","0.0","79.4","86.3","78.5","6.1","8.6","0.0","0.0","0.0","0.0","9.3","7.5","1.8"
"20240826","인천","남구","28.1","31.0","26.9","25.3","24.4","28.0","21.6","0.0","0.0","11.7","0.9","6.2","5.9","10.49","18.41","0.0","83.5","79.3","78.6","8.4","5.8","6.2","0.0","0.0","0.0","6.6","7.5","2.4"
"20240826","인천","강화군","26.2","30.3","23.4","23.5","23.3","27.7","19.5","0.0","0.0","10.2","1.2","8.4","6.1","0.0","0.0","0.0","86.5","88.4","78.4","9.1","5.5","0.0","0.0","0.0","0.0","8.6","5.7","1.9"
"20240825","인천","남구","28.6","32.0","26.0","25.9","24.5","28.1","21.7","0.0","0.3","11.2","7.6","9.8","5.7","19.11","23.67","0.0","79.6","82.8","78.5","2.9","3.6","6.4","0.0","0.0","0.0","5.1","8.0","2.4"
"20240825","인천","강화군","26.4","30.9","22.8","25.0","23.5","27.9","19.6","0.0","0.0","10.0","7.4","7.5","6.0","0.0","0.0","0.0","86.5","89.1","78.5","3.6","3.9","0.0","0.0","0.0","0.0","5.1","7.5","1.9"
"20240824","인천","남구","27.9","30.3","26.0","24.5","24.7","28.3","21.9","0.0","5.7","9.1","5.6","0.7","5.9","16.61","8.16","0.0","80.4","92.5","78.4","3.6","8.9","6.4","0.0","0.0","0.0","5.5","6.5","2.4"
"20240824","인천","강화군","26.0","29.7","23.2","23.3","23.6","28.1","19.7","0.0","3.4","9.1","3.6","0.0","6.2","0.0","0.0","0.0","89.6","96.8","78.4","3.9","6.1","0.0","0.0","0.0","0.0","5.1","6.8","1.9"
"20240823","인천","남구","27.4","30.4","24.6","24.2","24.8","28.4","22.0","0.4","81.0","8.6","8.1","0.0","6.0","20.5","2.21","0.0","83.9","94.0","78.7","4.4","9.6","6.3","0.0","0.0","0.0","9.9","8.7","2.4"
"20240823","인천","강화군","26.8","30.1","24.6","24.0","23.7","28.1","20.0","0.3","21.6","8.4","9.1","0.0","6.1","0.0","0.0","0.0","86.4","99.1","78.6","2.0","9.3","0.0","0.0","0.0","0.0","7.4","7.0","1.9"
"20240822","인천","남구","27.9","30.0","26.9","26.6","25.1","28.7","22.2","0.6","11.7","8.3","3.9","2.6","6.1","12.41","13.42","0.0","86.1","86.3","78.5","7.3","9.6","6.2","0.0","0.0","0.0","14.5","11.7","2.4"
"20240822","인천","강화군","27.3","29.2","25.1","25.7","24.0","28.4","20.2","5.0","14.5","8.4","1.4","0.4","6.1","0.0","0.0","0.0","86.6","93.0","78.3","6.6","8.6","0.0","0.0","0.0","0.0","13.3","10.5","1.9"
"20240821","인천","남구","27.8","30.8","26.1","28.6","25.2","28.8","22.4","66.3","0.0","7.8","0.7","6.3","6.1","7.35","18.36","0.0","90.8","76.6","78.9","9.1","7.3","6.2","0.0","0.0","0.0","17.6","9.6","2.3"
"20240821","인천","강화군","27.4","30.0","25.5","27.3","24.2","28.5","20.5","128.3","0.0","7.7","0.5","6.1","5.9","0.0","0.0","0.0","90.3","81.4","78.7","9.6","7.4","0.0","0.0","0.0","0.0","14.8","10.0","2.0"
"20240820","인천","남구","31.4","35.6","27.9","27.2","25.4","29.1","22.7","0.0","0.0","6.5","7.8","3.2","6.1","19.33","15.94","0.0","70.9","81.1","79.0","5.8","6.3","6.3","0.0","0.0","0.0","7.3","5.1","2.2"
"20240820","인천","강화군","28.2","34.0","24.4","25.1","24.4","28.7","20.9","14.1","0.0","6.3","6.7","2.1","5.7","0.0","0.0","0.0","86.4","93.1","78.6","7.0","7.6","0.0","0.0","0.0","0.0","5.6","4.6","1.9"
"20240819","인천","남구","29.9","33.2","27.6","27.5","25.5","29.2","22.9","0.0","0.0","6.4","10.0","11.7","6.1","21.68","25.18","0.0","77.1","75.0","79.4","2.4","2.9","6.2","0.0","0.0","0.0","6.9","6.7","2.2"
"20240819","인천","강화군","27.6","32.4","24.7","25.7","24.6","28.8","21.1","0.0","0.0","6.1","9.9","11.8","5.7","0.0","0.0","0.0","84.8","86.6","79.1","4.3","2.3","0.0","0.0","0.0","0.0","5.9","6.6","1.9"
"20240818","인천","남구","29.3","32.7","27.2","27.9","25.6","29.3","23.0","0.0","0.0","5.8","6.0","10.3","6.0","18.71","22.79","0.0","77.0","74.0","79.7","5.3","3.4","6.3","0.0","0.0","0.0","6.7","6.7","2.1"
"20240818","인천","강화군","27.5","31.7","24.7","26.0","24.7","29.0","21.2","0.0","0.0","5.9","6.0","9.9","5.7","0.0","0.0","0.0","86.4","87.4","79.2","5.9","3.3","0.0","0.0","0.0","0.0","5.7","5.9","1.9"
"20240817","인천","남구","29.5","32.9","27.4","27.3","25.7","29.3","23.1","0.0","0.0","6.3","7.4","11.7","5.9","19.3","24.89","0.0","76.8","73.9","80.4","4.0","2.6","6.3","0.0","0.0","0.0","6.0","6.1","2.2"
"20240817","인천","강화군","27.3","31.7","24.0","25.4","24.8","29.1","21.4","0.4","0.0","6.6","6.8","10.4","5.7","0.0","0.0","0.0","88.5","85.8","79.7","5.0","3.1","0.0","0.0","0.0","0.0","5.4","5.7","1.9"
"20240816","인천","남구","29.7","33.2","27.3","26.6","25.9","29.5","23.3","0.0","0.0","5.4","8.7","8.1","6.1","22.49","21.25","0.0","72.8","76.9","80.8","4.1","3.3","6.2","0.0","0.0","0.0","6.7","7.1","2.2"
"20240816","인천","강화군","27.4","31.9","23.9","24.8","25.1","29.3","21.6","3.1","0.0","6.4","6.9","9.2","5.9","0.0","0.0","0.0","83.4","88.6","80.1","4.8","4.6","0.0","0.0","0.0","0.0","8.9","5.6","1.9"
"20240815","인천","남구","29.7","33.5","27.4","27.4","26.0","29.6","23.4","2.7","0.0","6.5","8.9","5.5","6.3","23.49","19.04","0.0","76.0","78.5","81.4","5.3","6.1","6.1","0.0","0.0","0.0","9.0","6.7","2.2"
"20240815","인천","강화군","27.9","31.9","24.4","26.2","25.2","29.4","21.8","0.0","0.0","7.3","8.0","6.1","6.1","0.0","0.0","0.0","84.8","86.5","80.7","5.9","6.5","0.0","0.0","0.0","0.0","5.2","4.9","1.8"
"20240814","인천","남구","29.5","32.5","26.3","27.8","26.1","29.7","23.4","9.1","0.0","8.4","7.1","10.2","6.3","18.43","23.29","0.0","79.9","77.5","81.7","4.9","2.8","6.3","0.0","0.0","0.0","8.2","7.3","2.3"
"20240814","인천","강화군","27.7","32.9","23.7","26.0","25.3","29.5","21.9","10.7","0.0","9.6","9.2","8.9","6.1","0.0","0.0","0.0","86.9","86.8","81.1","4.0","4.5","0.0","0.0","0.0","0.0","7.4","6.9","1.8"
"20240813","인천","남구","30.6","35.0","27.7","26.7","26.2","29.9","23.5","0.0","0.0","10.1","10.3","5.0","6.3","23.36","19.77","0.0","76.0","79.1","81.5","3.3","7.3","6.2","0.0","0.0","0.0","6.6","6.8","2.3"
"20240813","인천","강화군","28.8","33.4","24.5","25.3","25.4","29.7","22.0","0.0","0.0","10.6","11.6","4.0","6.2","0.0","0.0","0.0","80.0","88.5","81.3","0.9","7.3","0.0","0.0","0.0","0.0","6.6","4.3","1.8"
"20240812","인천","남구","30.2","33.4","28.3","23.5","26.3","29.9","23.6","0.0","21.7","9.1","9.3","1.9","6.3","22.6","8.78","0.0","74.4","92.5","81.2","3.3","8.3","6.3","0.0","0.0","0.0","6.3","8.9","2.3"
"20240812","인천","강화군","28.1","32.2","24.8","22.8","25.4","29.7","22.0","0.0","21.0","9.2","9.4","0.0","6.2","0.0","0.0","0.0","82.9","98.6","81.1","3.4","8.0","0.0","0.0","0.0","0.0","5.6","7.2","1.8"
"20240811","인천","남구","30.0","33.7","27.4","23.0","26.4","30.0","23.6","0.0","46.6","9.2","6.8","0.0","6.3","20.53","6.05","0.0","73.1","93.1","80.9","5.6","10.0","6.3","0.0","0.0","0.0","8.0","15.8","2.3"
"20240811","인천","강화군","28.1","32.4","24.1","22.5","25.5","29.9","22.1","0.0","47.5","10.0","5.9","0.0","6.3","0.0","0.0","0.0","80.6","98.1","80.7","6.5","10.0","0.0","0.0","0.0","0.0","7.3","12.2","1.8"
"20240810","인천","남구","29.0","32.6","26.3","22.8","26.4","30.1","23.7","0.0","70.5","9.2","6.9","0.0","6.3","19.65","3.71","0.0","76.0","90.3","80.9","5.1","10.0","6.4","0.0","0.0","0.0","6.9","15.5","2.4"
"20240810","인천","강화군","26.8","32.2","22.9","23.0","25.5","29.9","22.1","0.0","39.6","10.7","7.1","0.0","6.1","0.0","0.0","0.0","83.5","90.1","80.5","5.5","9.5","0.0","0.0","0.0","0.0","5.9","13.0","1.9"
"20240809","인천","남구","28.2","31.8","25.6","29.3","26.4","30.1","23.7","0.0","0.0","9.4","9.9","4.5","6.1","23.01","16.27","0.0","82.0","64.6","80.9","1.8","7.9","6.4","0.0","0.0","0.0","6.7","10.5","2.4"
"20240809","인천","강화군","26.7","31.2","22.8","27.1","25.6","29.9","22.2","0.0","0.0","9.6","8.6","4.9","5.9","0.0","0.0","0.0","85.9","74.8","80.5","3.4","7.8","0.0","0.0","0.0","0.0","5.4","7.9","2.0"
"20240808","인천","남구","27.4","30.5","25.6","30.7","26.5","30.0","23.8","2.0","0.0","9.9","3.7","10.0","6.0","15.65","21.94","0.0","86.1","63.3","81.1","7.0","2.9","6.3","0.0","0.0","0.0","5.4","7.6","2.5"
"20240808","인천","강화군","26.2","29.6","23.9","28.5","25.6","29.9","22.3","7.8","0.0","13.0","3.5","12.0","5.9","0.0","0.0","0.0","90.4","69.5","80.4","7.5","2.8","0.0","0.0","0.0","0.0","5.2","7.7","2.0"
"20240807","인천","남구","28.8","31.9","26.8","30.2","26.6","30.2","23.8","4.4","7.8","9.2","8.5","7.8","6.3","21.84","19.93","0.0","80.9","72.1","81.1","5.1","5.8","6.1","0.0","0.0","0.0","5.9","10.5","2.5"
"20240807","인천","강화군","27.3","31.3","24.5","28.1","25.8","30.1","22.3","1.3","0.0","12.9","7.6","8.9","6.1","0.0","0.0","0.0","86.5","75.6","80.4","5.8","4.9","0.0","0.0","0.0","0.0","5.8","6.8","1.9"
"20240806","인천","남구","28.9","31.8","26.7","29.4","26.5","30.1","23.8","0.5","0.0","10.7","9.3","5.5","6.3","23.82","20.14","0.0","80.3","79.0","81.4","4.3","6.5","6.2","0.0","0.0","0.0","7.3","6.3","2.5"
"20240806","인천","강화군","27.5","31.5","24.7","28.1","25.7","29.9","22.3","0.0","0.0","13.6","8.7","5.0","5.9","0.0","0.0","0.0","84.3","85.0","80.9","4.9","7.1","0.0","0.0","0.0","0.0","6.2","5.6","1.9"
"20240805","인천","남구","29.9","33.1","27.3","28.7","26.5","30.1","23.9","0.5","0.0","10.5","8.4","12.4","6.3","22.1","27.25","0.0","78.0","73.8","81.3","6.8","2.8","6.1","0.0","0.0","0.0","6.4","6.9","2.5"
"20240805","인천","강화군","28.2","32.8","25.3","27.1","25.7","29.9","22.4","0.9","0.0","15.0","8.1","9.8","5.9","0.0","0.0","0.0","84.8","86.3","81.1","6.1","3.3","0.0","0.0","0.0","0.0","6.8","6.4","1.9"
"20240804","인천","남구","30.0","33.5","26.5","29.2","26.6","30.2","23.9","0.0","0.0","10.5","12.6","12.3","6.4","26.29","26.1","0.0","75.3","69.8","81.3","1.0","3.4","6.1","0.0","0.0","0.0","5.9","5.9","2.6"
"20240804","인천","강화군","27.9","32.6","23.9","27.0","25.8","29.9","22.4","0.0","0.0","16.0","11.6","11.5","6.0","0.0","0.0","0.0","83.5","83.3","81.2","0.4","3.3","0.0","0.0","0.0","0.0","6.3","6.0","1.9"
"20240803","인천","남구","28.7","32.0","26.0","28.1","26.6","30.1","24.0","0.0","0.0","10.0","11.0","12.1","6.2","24.66","26.92","0.0","80.5","73.4","81.9","1.9","3.5","6.3","0.0","0.0","0.0","5.4","5.7","2.6"
"20240803","인천","강화군","27.4","31.5","24.7","26.5","25.7","29.8","22.5","0.0","0.0","13.8","5.9","8.8","5.7","0.0","0.0","0.0","87.1","86.8","81.8","0.0","4.4","0.0","0.0","0.0","0.0","5.8","5.8","2.0"
"20240802","인천","남구","28.4","30.7","27.2","28.2","26.4","29.9","24.0","0.0","0.0","11.2","5.2","11.5","5.9","18.17","24.48","0.0","88.4","77.4","82.7","7.4","3.0","6.6","0.0","0.0","0.0","8.0","6.3","2.6"
"20240802","인천","강화군","27.2","29.6","25.5","26.1","25.6","29.5","22.5","0.1","0.0","14.7","1.7","9.5","5.4","0.0","0.0","0.0","92.0","88.1","82.6","4.9","4.8","0.0","0.0","0.0","0.0","7.6","5.7","2.0"
"20240801","인천","남구","28.7","31.6","27.2","29.3","26.3","29.7","23.9","0.0","0.0","9.2","6.6","12.0","5.8","20.88","24.06","0.0","84.6","75.4","83.3","6.0","4.6","6.7","0.0","0.0","0.0","7.6","5.1","2.7"
"20240801","인천","강화군","27.7","30.1","26.2","27.8","25.5","29.4","22.5","0.0","0.0","13.5","2.7","10.6","5.2","0.0","0.0","0.0","86.9","86.1","83.1","3.9","5.4","0.0","0.0","0.0","0.0","7.5","6.1","2.0"
"20240731","인천","남구","28.3","31.3","26.3","27.9","26.2","29.6","23.8","0.0","0.0","9.9","8.2","7.9","5.6","22.41","21.22","0.0","82.6","77.9","84.0","6.4","5.8","6.8","0.0","0.0","0.0","7.2","6.0","2.6"
"20240731","인천","강화군","27.0","30.4","24.6","26.5","25.5","29.3","22.5","0.0","0.0","11.2","2.1","7.4","5.1","0.0","0.0","0.0","86.9","87.8","83.5","4.1","5.9","0.0","0.0","0.0","0.0","7.3","7.3","2.0"
"20240730","인천","남구","27.0","29.5","25.4","29.4","26.0","29.3","23.6","0.0","0.0","11.0","3.9","10.8","5.4","16.8","24.94","0.0","89.5","68.5","84.5","7.9","4.5","6.9","0.0","0.0","0.0","7.9","6.0","2.5"
"20240730","인천","강화군","25.9","28.7","24.5","27.2","25.3","29.1","22.4","0.5","0.0","12.1","1.2","11.6","4.9","0.0","0.0","0.0","92.5","80.9","84.1","4.0","4.8","0.0","0.0","0.0","0.0","8.4","6.8","1.9"
"20240729","인천","남구","26.5","27.2","25.6","28.9","25.9","29.2","23.5","0.0","0.0","11.4","0.0","9.0","5.4","5.05","24.45","0.0","91.4","72.5","84.4","9.1","6.5","7.0","0.0","0.0","0.0","10.2","6.4","2.5"
"20240729","인천","강화군","25.8","26.4","24.8","26.2","25.1","28.9","22.3","0.2","0.0","12.7","0.0","4.1","4.8","0.0","0.0","0.0","92.3","86.9","84.0","6.8","5.9","0.0","0.0","0.0","0.0","11.6","6.8","1.9"
"20240728","인천","남구","28.9","31.8","27.2","28.9","25.8","29.1","23.3","0.0","0.0","10.5","8.2","12.0","5.4","21.52","26.55","0.0","79.3","74.4","83.8","7.5","2.0","6.9","0.0","0.0","0.0","12.2","7.5","2.5"
"20240728","인천","강화군","28.0","30.7","26.4","27.0","25.0","28.8","22.1","0.0","0.0","13.1","3.6","11.6","4.9","0.0","0.0","0.0","81.3","85.0","83.6","6.9","2.4","0.0","0.0","0.0","0.0","13.6","6.1","2.0"
"20240727","인천","남구","29.3","31.5","27.4","27.8","25.7","29.1","23.2","0.0","0.0","11.7","4.5","12.2","5.2","18.32","26.47","0.0","80.6","79.0","83.8","8.4","4.4","7.0","0.0","0.0","0.0","9.5","5.9","2.5"
"20240727","인천","강화군","28.5","30.7","26.6","26.4","24.9","28.7","22.0","0.0","0.0","14.5","1.8","10.3","4.9","0.0","0.0","0.0","80.5","88.6","83.4","9.0","3.8","0.0","0.0","0.0","0.0","10.7","5.5","2.0"
"20240726","인천","남구","28.8","33.3","26.0","27.2","25.5","28.9","23.0","4.0","1.6","12.1","6.0","8.9","5.0","19.0","25.12","0.0","81.8","84.6","83.8","7.6","6.6","7.1","0.0","0.0","0.0","14.7","7.4","2.5"
"20240726","인천","강화군","28.1","33.4","24.0","25.7","24.7","28.5","21.8","17.3","12.7","16.5","5.1","3.9","4.7","0.0","0.0","0.0","82.8","96.0","83.5","8.5","5.8","0.0","0.0","0.0","0.0","15.0","7.6","2.0"
"20240725","인천","남구","28.6","31.4","26.2","26.3","25.4","28.8","22.9","2.0","0.2","11.0","5.8","3.8","5.0","19.3","17.59","0.0","84.0","86.1","83.8","6.9","7.9","7.1","0.0","0.0","0.0","7.4","8.7","2.6"
"20240725","인천","강화군","27.3","31.1","25.0","24.9","24.6","28.4","21.7","0.0","11.0","15.2","2.6","0.8","4.8","0.0","0.0","0.0","87.3","96.8","83.4","7.3","6.9","0.0","0.0","0.0","0.0","4.9","8.6","2.1"
"20240724","인천","남구","26.7","29.3","25.2","25.2","25.3","28.7","22.8","1.9","0.0","10.6","6.3","7.1","5.1","20.12","19.67","0.0","94.3","89.0","84.3","7.1","7.4","7.1","0.0","0.0","0.0","8.4","6.7","2.7"
"20240724","인천","강화군","26.2","28.9","24.0","24.7","24.5","28.4","21.6","1.1","0.8","13.8","2.1","6.1","5.0","0.0","0.0","0.0","95.0","95.6","83.6","5.9","5.6","0.0","0.0","0.0","0.0","8.4","7.3","2.1"
"20240723","인천","남구","25.3","26.1","24.5","24.4","25.2","28.6","22.8","0.8","79.0","10.2","0.2","0.0","5.1","5.23","3.16","0.0","95.5","95.9","84.5","9.0","10.0","7.3","0.0","0.0","0.0","14.4","12.6","2.7"
"20240723","인천","강화군","24.8","26.9","23.7","24.7","24.5","28.3","21.6","2.8","65.8","11.2","0.0","0.0","4.8","0.0","0.0","0.0","93.5","99.8","83.7","6.9","9.5","0.0","0.0","0.0","0.0","13.9","15.3","2.1"
"20240722","인천","남구","26.1","26.9","24.0","26.6","25.2","28.5","22.7","45.0","5.3","10.1","0.0","5.3","5.1","3.71","15.64","0.0","94.6","77.5","84.4","10.0","7.1","7.2","0.0","0.0","0.0","17.8","12.1","2.7"
"20240722","인천","강화군","26.0","27.2","24.5","25.8","24.4","28.2","21.4","67.0","38.7","10.2","0.0","4.9","4.8","0.0","0.0","0.0","91.1","84.4","83.5","9.4","7.3","0.0","0.0","0.0","0.0","16.4","10.1","2.1"
"20240721","인천","남구","25.6","28.6","22.5","27.8","25.1","28.5","22.6","2.1","0.0","10.3","1.7","12.8","5.3","13.09","26.83","0.0","89.8","70.1","84.1","9.1","1.1","7.1","0.0","0.0","0.0","19.8","5.3","2.7"
"20240721","인천","강화군","24.8","27.9","21.7","25.8","24.4","28.3","21.3","7.5","0.0","8.4","1.6","12.1","4.9","0.0","0.0","0.0","91.6","79.9","83.2","7.3","0.9","0.0","0.0","0.0","0.0","20.9","5.2","2.1"
"20240720","인천","남구","26.1","29.1","23.9","26.2","25.0","28.5","22.4","5.0","0.0","8.4","1.6","12.0","5.6","13.52","24.48","0.0","87.9","77.0","83.5","8.9","4.3","6.9","0.0","0.0","0.0","15.4","6.6","2.7"
"20240720","인천","강화군","25.6","29.2","22.7","24.7","24.3","28.2","21.2","5.9","0.0","7.3","0.3","9.5","5.0","0.0","0.0","0.0","86.5","88.6","82.7","8.9","3.9","0.0","0.0","0.0","0.0","16.1","5.9","2.1"
"20240719","인천","남구","25.2","27.9","23.5","26.2","24.7","28.1","22.1","0.3","0.0","8.2","6.3","11.9","5.4","22.28","27.62","0.0","93.8","82.6","83.2","8.3","1.9","6.9","0.0","0.0","0.0","7.0","6.2","2.6"
"20240719","인천","강화군","25.0","28.1","22.9","25.0","24.0","27.9","21.0","0.0","0.0","7.8","5.7","9.3","4.7","0.0","0.0","0.0","89.8","90.0","82.7","4.1","1.4","0.0","0.0","0.0","0.0","7.8","6.1","2.1"
"20240718","인천","남구","23.8","25.5","22.6","24.6","24.4","27.8","21.8","124.9","2.5","12.0","0.0","2.3","5.2","2.96","9.17","0.0","98.0","89.9","83.5","9.9","8.0","7.0","0.0","0.0","0.0","17.6","4.9","2.6"
"20240718","인천","강화군","23.8","25.3","22.6","24.3","23.6","27.6","20.6","196.5","0.0","11.3","0.0","0.7","4.6","0.0","0.0","0.0","96.1","93.1","83.2","9.0","7.6","0.0","0.0","0.0","0.0","16.4","3.4","2.1"
"20240717","인천","남구","24.8","25.9","23.7","24.3","24.1","27.5","21.6","52.7","0.0","13.2","0.0","0.9","4.9","2.49","12.18","0.0","95.0","89.4","84.0","10.0","9.1","7.3","0.0","0.0","0.0","12.5","6.1","2.6"
"20240717","인천","강화군","24.4","25.3","22.8","23.0","23.4","27.3","20.5","194.9","1.5","11.7","0.0","0.1","4.4","0.0","0.0","0.0","95.4","99.4","83.4","10.0","9.3","0.0","0.0","0.0","0.0","14.0","5.3","2.1"
"20240716","인천","남구","26.1","30.6","24.0","23.5","24.0","27.5","21.5","5.2","0.2","12.7","2.6","0.0","5.0","12.14","6.43","0.0","84.3","93.0","84.0","8.4","9.5","7.3","0.0","0.0","0.0","9.7","8.1","2.6"
"20240716","인천","강화군","24.9","30.3","22.4","23.5","23.3","27.2","20.3","7.8","1.8","12.3","1.5","0.0","4.6","0.0","0.0","0.0","90.0","98.3","83.3","6.9","9.3","0.0","0.0","0.0","0.0","8.1","7.7","2.1"
"20240715","인천","남구","27.7","30.8","24.9","23.6","23.8","27.2","21.4","0.0","0.7","14.7","6.9","0.0","4.7","18.93","3.15","0.0","70.6","95.3","84.7","4.5","9.8","7.5","0.0","0.0","0.0","6.5","13.1","2.6"
"20240715","인천","강화군","26.0","30.1","22.7","23.8","23.1","26.9","20.2","0.0","0.7","13.2","7.8","0.0","4.5","0.0","0.0","0.0","78.0","98.4","83.7","3.5","9.6","0.0","0.0","0.0","0.0","6.0","12.6","2.0"
"20240714","인천","남구","27.7","31.5","23.9","23.7","23.8","27.2","21.4","0.0","41.2","15.5","6.2","0.0","4.6","20.9","1.74","0.0","72.1","98.1","84.8","4.8","10.0","7.6","0.0","0.0","0.0","7.0","13.6","2.7"
"20240714","인천","강화군","25.2","31.2","21.6","23.9","23.2","26.9","20.2","9.3","19.6","14.8","7.9","0.0","4.5","0.0","0.0","0.0","84.6","100.0","83.5","4.1","9.3","0.0","0.0","0.0","0.0","6.5","13.6","2.1"
"20240713","인천","남구","26.1","30.2","23.4","24.8","23.9","27.2","21.4","8.1","109.9","12.7","9.6","0.0","4.4","21.95","3.16","0.0","82.3","95.0","84.3","3.4","10.0","7.7","0.0","0.0","0.0","7.0","13.7","2.6"
"20240713","인천","강화군","24.5","29.9","20.2","24.2","23.2","27.0","20.2","0.0","118.1","13.0","6.6","0.0","4.5","0.0","0.0","0.0","87.8","99.8","82.8","2.6","9.9","0.0","0.0","0.0","0.0","6.0","14.7","2.0"
"20240712","인천","남구","24.3","27.7","21.9","24.9","23.9","27.2","21.3","0.0","0.4","12.3","4.8","2.2","4.3","16.83","16.73","0.0","85.4","89.5","83.9","5.1","9.4","7.6","0.0","0.0","0.0","5.4","5.0","2.6"
"20240712","인천","강화군","23.3","27.6","19.4","24.3","23.2","27.1","20.1","0.1","0.6","13.4","5.3","3.0","4.6","0.0","0.0","0.0","92.3","95.8","82.3","2.5","8.4","0.0","0.0","0.0","0.0","5.3","4.8","2.0"
"20240711","인천","남구","23.2","25.7","21.6","23.7","23.8","27.1","21.2","0.0","41.0","12.6","4.6","0.2","4.3","16.22","3.78","0.0","87.9","92.1","83.5","6.3","9.8","7.5","0.0","0.0","0.0","6.0","8.3","2.5"
"20240711","인천","강화군","22.2","25.7","19.6","22.9","23.1","27.1","20.0","0.0","38.8","14.0","3.1","0.0","4.5","0.0","0.0","0.0","94.4","99.6","82.0","3.0","8.3","0.0","0.0","0.0","0.0","6.5","8.9","2.0"
"20240710","인천","남구","26.0","30.5","22.7","25.1","23.8","27.2","21.1","0.6","3.0","11.1","12.4","8.4","4.6","28.21","23.38","0.0","79.5","84.6","82.3","4.8","6.9","7.4","0.0","0.0","0.0","7.1","9.4","2.5"
"20240710","인천","강화군","25.1","30.0","22.2","24.7","23.1","27.1","19.9","0.2","0.0","13.7","7.8","7.0","4.8","0.0","0.0","0.0","82.4","91.0","81.1","4.9","5.8","0.0","0.0","0.0","0.0","7.8","7.7","2.0"
"20240709","인천","남구","23.2","25.0","21.9","24.5","23.8","27.4","21.1","0.5","15.9","9.4","0.6","1.5","5.1","8.28","9.55","0.0","94.3","89.4","81.4","9.8","8.5","7.1","0.0","0.0","0.0","8.6","8.0","2.5"
"20240709","인천","강화군","22.9","26.0","20.8","24.3","23.1","27.3","19.8","0.0","3.3","10.4","0.3","2.0","5.3","0.0","0.0","0.0","94.4","95.5","80.4","9.3","6.4","0.0","0.0","0.0","0.0","8.4","9.3","2.0"
"20240708","인천","남구","23.2","23.8","22.5","24.6","23.8","27.5","21.0","14.6","0.0","9.3","0.0","1.1","5.5","3.55","12.9","0.0","96.6","81.8","81.0","9.6","8.0","6.9","0.0","0.0","0.0","8.4","6.6","2.5"
"20240708","인천","강화군","22.6","24.2","21.2","23.5","23.0","27.3","19.6","9.0","0.0","10.0","0.0","1.1","5.5","0.0","0.0","0.0","97.6","90.1","80.0","8.3","5.1","0.0","0.0","0.0","0.0","5.1","5.8","1.9"
"20240707","인천","남구","23.6","27.7","21.5","25.9","23.7","27.4","20.8","12.8","0.0","8.6","0.6","9.1","6.1","10.35","23.7","0.0","88.6","70.3","80.8","8.5","4.4","6.5","0.0","0.0","0.0","7.4","10.8","2.5"
"20240707","인천","강화군","23.4","27.1","19.7","24.5","22.9","27.3","19.4","2.8","0.0","9.4","2.8","8.8","6.0","0.0","0.0","0.0","90.5","81.3","80.0","7.9","4.5","0.0","0.0","0.0","0.0","6.1","6.1","1.9"
"20240706","인천","남구","24.4","28.5","22.3","25.7","23.5","27.3","20.8","2.7","0.0","7.3","0.3","10.0","6.3","9.24","25.75","0.0","88.0","76.9","81.3","8.9","6.0","6.6","0.0","0.0","0.0","15.5","11.5","2.5"
"20240706","인천","강화군","23.2","28.7","20.2","24.9","22.9","27.2","19.3","2.0","0.0","8.0","0.2","8.5","6.2","0.0","0.0","0.0","90.4","86.0","80.1","7.9","6.3","0.0","0.0","0.0","0.0","16.3","9.3","2.0"
"20240705","인천","남구","22.4","24.5","20.6","22.9","23.3","27.0","20.6","0.1","6.1","7.8","3.4","6.5","6.1","15.59","20.88","0.0","85.1","88.6","82.7","8.6","5.8","6.7","0.0","0.0","0.0","16.3","15.0","2.4"
"20240705","인천","강화군","22.0","24.3","19.8","23.0","22.7","27.0","19.2","0.1","1.1","7.2","2.2","2.7","6.0","0.0","0.0","0.0","88.6","94.3","80.8","7.6","4.5","0.0","0.0","0.0","0.0","18.4","14.1","2.0"
"20240704","인천","남구","25.1","28.6","22.0","24.5","23.1","26.7","20.5","1.6","63.8","9.5","5.7","0.0","5.7","21.99","4.44","0.0","84.3","93.6","84.3","8.4","9.8","7.0","0.0","0.0","0.0","15.9","12.7","2.4"
"20240704","인천","강화군","24.1","27.7","20.7","24.2","22.6","26.7","19.2","11.5","66.7","9.0","2.7","0.0","5.6","0.0","0.0","0.0","86.4","99.0","82.2","7.5","8.5","0.0","0.0","0.0","0.0","13.1","16.3","2.0"
"20240703","인천","남구","23.5","25.0","22.5","27.2","23.0","26.5","20.5","0.2","0.0","10.8","2.3","9.3","5.3","14.51","22.94","0.0","89.8","78.6","85.1","9.6","6.5","7.3","0.0","0.0","0.0","11.4","5.4","2.5"
"20240703","인천","강화군","23.0","24.7","22.3","25.7","22.5","26.4","19.2","0.0","0.0","9.9","0.1","8.9","5.3","0.0","0.0","0.0","88.9","86.8","83.1","7.6","5.0","0.0","0.0","0.0","0.0","13.2","4.9","2.0"
"20240702","인천","남구","23.3","24.7","21.1","24.4","22.9","26.4","20.4","57.8","0.0","11.3","0.0","4.3","4.7","2.05","15.82","0.0","91.5","86.3","85.7","9.9","7.0","7.6","0.0","0.0","0.0","11.8","5.3","2.5"
"20240702","인천","강화군","22.4","25.0","20.8","23.4","22.3","26.2","19.2","73.8","0.0","10.0","0.0","3.2","4.7","0.0","0.0","0.0","93.9","95.3","83.6","10.0","6.8","0.0","0.0","0.0","0.0","13.1","6.5","2.0"
"20240701","인천","남구","24.5","27.6","21.2","25.2","22.7","26.2","20.2","0.0","0.0","12.4","12.6","13.1","4.4","28.48","28.45","0.0","78.5","82.0","85.7","2.8","0.6","7.7","0.0","0.0","0.0","6.2","6.5","2.5"
"20240701","인천","강화군","23.4","27.4","20.3","24.7","22.2","26.0","19.0","0.0","0.0","11.0","8.6","11.7","4.5","0.0","0.0","0.0","84.4","89.0","83.6","4.6","1.3","0.0","0.0","0.0","0.0","6.0","7.9","1.9"
"20240630","인천","남구","22.7","24.8","20.9","23.9","22.7","26.4","20.1","5.4","0.2","11.1","3.1","6.1","4.8","13.38","18.18","0.0","92.3","90.4","84.7","7.5","6.5","7.5","0.0","0.0","0.0","14.6","5.4","2.5"
"20240630","인천","강화군","22.9","26.9","20.7","23.5","22.1","26.1","18.9","3.6","2.1","10.3","1.9","4.6","4.8","0.0","0.0","0.0","92.0","94.6","83.1","5.5","4.1","0.0","0.0","0.0","0.0","11.9","6.3","1.9"
"20240629","인천","남구","25.8","31.0","21.6","23.2","22.6","26.3","19.9","57.7","44.0","9.1","6.5","0.0","5.2","19.48","2.65","0.0","69.9","95.4","83.7","6.6","10.0","7.2","0.0","0.0","0.0","11.8","15.2","2.5"
"20240629","인천","강화군","24.2","30.0","18.0","22.7","22.0","26.0","18.6","28.4","50.5","8.4","6.5","0.0","5.0","0.0","0.0","0.0","75.9","100.0","82.1","6.6","9.1","0.0","0.0","0.0","0.0","8.1","11.9","1.9"
"20240628","인천","남구","24.8","29.0","21.7","24.2","22.4","26.2","19.7","0.0","0.0","8.3","12.2","3.3","5.5","28.47","17.53","0.0","58.8","85.6","82.8","1.4","9.1","7.1","0.0","0.0","0.0","7.0","7.0","2.5"
"20240628","인천","강화군","22.9","28.3","16.6","22.9","21.8","26.0","18.4","0.0","0.1","7.5","11.5","2.2","5.4","0.0","0.0","0.0","68.4","96.9","81.1","0.9","8.0","0.0","0.0","0.0","0.0","6.9","6.1","2.0"
"20240627","인천","남구","24.3","28.0","21.2","23.6","22.4","26.3","19.6","0.0","0.0","7.1","11.4","8.3","6.0","23.79","25.15","0.0","66.9","81.1","81.1","3.9","5.4","6.8","0.0","0.0","0.0","5.6","12.3","2.4"
"20240627","인천","강화군","22.6","27.9","16.4","22.4","21.8","26.1","18.2","0.0","2.7","6.6","11.8","3.5","5.7","0.0","0.0","0.0","74.0","89.9","79.5","2.0","6.9","0.0","0.0","0.0","0.0","6.4","13.1","2.0"
"20240626","인천","남구","23.8","29.0","19.6","23.2","22.3","26.2","19.4","0.0","17.8","5.1","13.8","0.0","6.4","29.75","4.17","0.0","65.4","88.4","79.8","0.5","10.0","6.6","0.0","0.0","0.0","7.0","13.5","2.4"
"20240626","인천","강화군","22.6","27.8","16.0","22.6","21.6","26.0","18.0","0.0","42.2","4.9","12.2","0.0","6.1","0.0","0.0","0.0","69.0","96.3","78.4","0.0","9.5","0.0","0.0","0.0","0.0","8.0","13.6","2.0"
"20240625","인천","남구","22.3","25.3","20.1","26.7","22.1","26.0","19.2","0.0","0.0","5.4","11.1","7.6","6.3","26.39","21.81","0.0","67.3","65.8","79.3","3.4","5.8","6.5","0.0","0.0","0.0","10.0","7.3","2.5"
"20240625","인천","강화군","21.8","25.6","15.9","24.9","21.4","25.8","17.8","0.0","0.0","5.6","11.4","8.4","6.0","0.0","0.0","0.0","69.0","80.1","77.9","2.1","4.4","0.0","0.0","0.0","0.0","9.4","5.5","2.0"
"20240624","인천","남구","22.5","25.5","21.1","24.6","22.1","26.2","19.1","0.1","0.0","4.8","8.2","12.0","6.3","20.98","27.35","0.0","79.9","73.0","78.0","5.3","0.4","6.4","0.0","0.0","0.0","9.6","5.7","2.4"
"20240624","인천","강화군","22.7","25.7","18.0","23.6","21.4","26.0","17.6","0.0","0.0","4.9","7.8","11.2","6.3","0.0","0.0","0.0","78.3","83.5","77.0","3.0","0.9","0.0","0.0","0.0","0.0","7.8","6.1","2.0"
"20240623","인천","남구","23.9","26.7","22.3","23.2","22.1","26.3","19.0","1.1","0.0","3.1","6.5","8.8","6.6","23.23","24.43","0.0","83.6","80.8","77.7","7.5","3.3","6.2","0.0","0.0","0.0","7.5","6.8","2.3"
"20240623","인천","강화군","23.1","27.3","20.5","21.6","21.4","26.1","17.5","16.5","0.0","3.4","5.1","6.1","6.4","0.0","0.0","0.0","86.4","91.8","77.0","6.6","2.6","0.0","0.0","0.0","0.0","9.2","5.7","1.9"
"20240622","인천","남구","23.6","24.9","22.5","21.5","21.9","26.2","18.7","23.1","0.0","2.6","0.0","8.8","6.8","4.22","24.88","0.0","84.5","78.5","78.5","10.0","4.8","6.1","0.0","0.0","0.0","6.9","8.5","2.3"
"20240622","인천","강화군","22.6","24.0","20.6","20.8","21.2","25.9","17.3","16.6","1.7","2.8","0.0","5.2","6.5","0.0","0.0","0.0","89.1","90.9","77.6","9.1","5.9","0.0","0.0","0.0","0.0","6.3","7.9","2.0"
"20240621","인천","남구","24.9","27.9","22.0","20.4","21.9","26.2","18.7","0.0","20.5","2.3","10.4","0.3","6.8","25.32","7.28","0.0","67.3","87.1","78.4","6.1","9.4","6.2","0.0","0.0","0.0","8.0","7.0","2.2"
"20240621","인천","강화군","23.1","28.6","17.9","19.7","21.1","26.0","17.2","0.0","14.2","2.4","9.3","0.0","6.4","0.0","0.0","0.0","74.6","97.4","77.6","6.1","7.5","0.0","0.0","0.0","0.0","8.0","4.9","2.0"
"20240620","인천","남구","26.0","30.7","21.9","22.9","21.8","26.3","18.6","0.0","15.2","2.7","12.0","0.3","6.8","25.45","6.01","0.0","56.1","63.0","78.0","3.3","9.8","6.2","0.0","0.0","0.0","5.7","8.5","2.2"
"20240620","인천","강화군","24.5","31.2","17.3","21.2","21.1","25.9","17.1","0.0","16.0","2.3","12.2","0.0","6.5","0.0","0.0","0.0","62.8","85.8","77.2","2.8","9.5","0.0","0.0","0.0","0.0","6.1","4.8","1.9"
"20240619","인천","남구","25.8","31.7","20.8","25.5","21.7","26.1","18.5","0.0","0.0","3.1","13.0","10.5","6.8","28.28","24.61","0.0","68.8","64.6","77.6","4.1","5.1","6.2","0.0","0.0","0.0","5.9","6.6","2.2"
"20240619","인천","강화군","24.0","31.2","17.4","24.5","20.9","25.7","17.0","0.0","0.0","3.0","10.9","10.5","6.6","0.0","0.0","0.0","76.5","73.8","76.8","2.3","4.0","0.0","0.0","0.0","0.0","5.8","6.9","1.9"
"20240618","인천","남구","22.8","26.5","20.3","23.1","21.6","26.1","18.3","0.0","0.0","3.0","13.3","11.8","7.1","29.69","27.45","0.0","77.3","71.4","76.1","0.4","3.8","6.0","0.0","0.0","0.0","6.5","6.5","2.2"
"20240618","인천","강화군","21.5","25.5","17.6","22.3","20.9","25.7","16.7","0.0","0.0","2.9","11.1","10.8","7.0","0.0","0.0","0.0","84.9","76.0","75.4","0.0","3.6","0.0","0.0","0.0","0.0","8.0","7.0","1.9"
"20240617","인천","남구","22.4","26.3","18.8","22.2","21.7","26.1","18.3","0.0","0.0","2.5","13.6","10.5","7.4","28.72","26.57","0.0","69.1","71.1","74.5","3.3","5.9","5.8","0.0","0.0","0.0","7.4","6.3","2.2"
"20240617","인천","강화군","21.3","25.8","14.8","20.8","20.8","25.8","16.6","0.0","0.0","2.7","12.1","10.0","7.3","0.0","0.0","0.0","78.3","85.0","74.0","3.3","4.9","0.0","0.0","0.0","0.0","8.2","7.8","1.9"
"20240616","인천","남구","22.0","25.1","19.4","21.7","21.6","26.1","18.2","0.0","0.0","3.0","13.8","13.0","7.7","30.3","29.61","0.0","75.8","69.0","73.7","0.6","0.9","5.6","0.0","0.0","0.0","8.8","6.9","2.2"
"20240616","인천","강화군","21.8","26.3","16.4","20.5","20.8","25.8","16.4","0.0","0.0","3.2","12.1","11.9","7.8","0.0","0.0","0.0","71.6","83.4","73.2","0.0","1.6","0.0","0.0","0.0","0.0","7.8","6.6","1.8"
"20240615","인천","남구","22.7","26.3","20.5","20.8","21.4","26.0","18.0","4.4","0.0","2.6","4.6","11.5","7.9","17.71","26.7","0.0","81.6","78.0","73.8","6.8","1.9","5.5","0.0","0.0","0.0","6.6","6.9","2.3"
"20240615","인천","강화군","21.8","25.8","19.4","20.6","20.7","25.7","16.2","0.5","0.0","2.8","4.8","8.4","7.8","0.0","0.0","0.0","84.8","84.3","73.1","6.8","3.3","0.0","0.0","0.0","0.0","6.7","7.4","1.9"
"20240614","인천","남구","23.8","28.4","20.4","20.5","21.2","25.9","17.8","0.0","0.0","2.6","7.6","11.4","8.1","21.66","28.88","0.0","74.0","76.0","74.2","6.4","3.0","5.3","0.0","0.0","0.0","7.2","7.0","2.3"
"20240614","인천","강화군","22.5","29.1","16.4","19.4","20.5","25.5","16.0","0.0","0.0","2.8","6.2","9.2","7.9","0.0","0.0","0.0","77.0","87.3","73.3","7.3","5.0","0.0","0.0","0.0","0.0","6.4","7.1","1.9"
"20240613","인천","남구","23.8","28.1","19.9","20.4","21.1","25.7","17.7","0.0","0.0","3.0","13.4","13.1","8.0","29.47","29.43","0.0","70.6","76.6","74.6","1.5","3.9","5.4","0.0","0.0","0.0","6.4","8.0","2.5"
"20240613","인천","강화군","21.5","27.9","15.8","19.2","20.3","25.3","16.0","0.0","0.0","3.4","12.1","8.8","7.7","0.0","0.0","0.0","74.9","89.3","73.5","0.6","5.0","0.0","0.0","0.0","0.0","7.1","7.5","2.0"
"20240612","인천","남구","22.7","27.8","19.0","20.2","20.9","25.5","17.6","0.0","0.0","3.8","10.3","7.1","7.7","26.0","19.25","0.0","70.8","78.0","75.3","4.9","7.0","5.5","0.0","0.0","0.0","7.9","6.5","2.5"
"20240612","인천","강화군","20.8","27.3","14.9","19.1","20.2","25.1","15.9","0.0","0.0","4.0","8.6","5.1","7.3","0.0","0.0","0.0","77.1","88.6","74.1","4.9","7.6","0.0","0.0","0.0","0.0","8.1","6.9","2.0"
"20240611","인천","남구","22.3","26.2","19.9","21.6","20.8","25.4","17.4","0.0","11.2","3.3","9.7","9.9","7.6","26.32","24.51","0.0","80.9","78.1","75.5","5.8","4.8","5.6","0.0","0.0","0.0","7.9","6.1","2.5"
"20240611","인천","강화군","21.3","26.0","16.8","20.6","20.1","25.1","15.8","0.0","0.0","3.6","8.6","7.6","7.2","0.0","0.0","0.0","84.8","81.8","74.5","3.3","4.5","0.0","0.0","0.0","0.0","7.7","6.9","2.0"
"20240610","인천","남구","22.8","27.9","18.9","21.8","20.8","25.3","17.4","0.0","5.0","2.8","11.7","6.5","7.6","25.94","19.17","0.0","76.1","74.1","74.8","1.4","6.8","5.6","0.0","0.0","0.0","8.7","16.1","2.4"
"20240610","인천","강화군","21.4","26.8","16.0","20.5","20.0","25.0","15.6","0.0","11.5","3.5","9.7","4.0","7.1","0.0","0.0","0.0","82.9","87.1","74.2","0.8","6.6","0.0","0.0","0.0","0.0","6.4","9.0","1.9"
"20240609","인천","남구","20.8","24.8","17.5","21.0","20.7","25.2","17.3","0.0","1.0","2.3","11.2","11.0","7.5","26.51","27.42","0.0","78.9","77.4","74.0","3.8","5.3","5.6","0.0","0.0","0.0","7.3","7.5","2.4"
"20240609","인천","강화군","19.5","24.4","14.6","19.5","19.9","25.0","15.4","0.0","0.0","3.0","9.3","10.7","7.1","0.0","0.0","0.0","83.3","85.5","73.4","3.8","4.9","0.0","0.0","0.0","0.0","7.4","7.9","1.9"
"20240608","인천","남구","19.7","23.1","17.7","19.2","20.6","25.1","17.0","9.9","1.3","2.0","6.4","1.8","7.3","17.94","10.41","0.0","86.1","84.4","73.6","7.0","9.3","5.7","0.0","0.0","0.0","7.3","9.9","2.3"
"20240608","인천","강화군","18.2","22.6","15.4","18.5","19.7","24.9","15.2","2.6","26.5","2.3","3.6","0.5","7.1","0.0","0.0","0.0","91.4","95.8","73.2","7.0","7.9","0.0","0.0","0.0","0.0","6.7","10.6","1.9"
"20240607","인천","남구","21.0","25.1","17.0","19.6","20.5","25.1","16.8","0.1","0.0","1.2","7.3","2.7","7.6","20.89","13.68","0.0","65.1","80.5","72.7","8.3","8.8","5.4","0.0","0.0","0.0","5.9","7.2","2.2"
"20240607","인천","강화군","20.0","24.3","14.9","18.7","19.5","24.9","14.9","0.1","0.5","1.5","7.0","0.2","7.5","0.0","0.0","0.0","71.0","93.9","72.3","8.6","7.4","0.0","0.0","0.0","0.0","6.5","6.3","1.9"
"20240606","인천","남구","21.0","26.6","18.0","19.2","20.2","24.9","16.6","0.0","0.0","1.4","12.2","8.9","7.6","27.32","24.61","0.0","70.3","77.1","71.9","2.5","6.3","5.4","0.0","0.0","0.0","7.3","7.0","2.2"
"20240606","인천","강화군","20.2","26.3","15.0","18.6","19.3","24.5","14.6","0.0","0.4","1.4","11.8","4.8","7.6","0.0","0.0","0.0","72.1","89.5","71.4","3.4","7.3","0.0","0.0","0.0","0.0","8.0","7.2","1.9"
"20240605","인천","남구","21.0","25.2","17.7","19.4","20.0","24.7","16.4","0.0","0.0","1.6","10.2","10.8","7.6","24.58","26.7","0.0","65.9","76.1","71.5","5.4","4.8","5.3","0.0","0.0","0.0","6.6","8.8","2.3"
"20240605","인천","강화군","19.4","24.9","13.6","18.5","19.1","24.4","14.5","0.0","0.0","1.7","8.6","9.7","7.8","0.0","0.0","0.0","70.4","87.5","70.9","5.3","5.4","0.0","0.0","0.0","0.0","7.4","9.4","1.9"
"20240604","인천","남구","22.3","26.4","18.4","19.5","19.9","24.6","16.2","0.0","0.0","1.9","13.8","10.3","7.7","30.37","24.66","0.0","43.8","72.9","71.4","0.0","3.9","5.1","0.0","0.0","0.0","6.3","7.1","2.3"
"20240604","인천","강화군","20.0","26.0","12.3","19.2","18.9","24.2","14.2","0.0","0.0","2.3","12.1","9.8","7.9","0.0","0.0","0.0","52.6","83.0","71.0","0.0","4.0","0.0","0.0","0.0","0.0","8.2","7.3","2.0"
"20240603","인천","남구","21.7","27.0","15.8","20.6","19.7","24.6","16.0","0.0","0.0","1.9","12.4","13.2","8.0","29.13","30.37","0.0","55.1","61.6","70.9","1.8","2.5","4.9","0.0","0.0","0.0","7.1","10.5","2.5"
"20240603","인천","강화군","20.5","26.9","12.5","21.3","18.8","24.1","13.8","0.0","0.0","2.5","12.0","12.2","8.2","0.0","0.0","0.0","56.8","58.0","70.1","0.0","2.0","0.0","0.0","0.0","0.0","7.1","9.7","2.0"
"20240602","인천","남구","19.2","22.7","16.0","18.6","19.5","24.4","15.7","0.0","0.0","1.8","13.7","5.9","8.5","29.98","15.51","0.0","60.8","82.6","70.1","0.6","4.5","4.8","0.0","0.0","0.0","7.8","6.7","2.5"
"20240602","인천","강화군","18.3","23.4","13.3","18.3","18.6","24.0","13.6","0.0","0.0","2.4","12.1","5.2","8.3","0.0","0.0","0.0","64.9","91.0","69.4","0.0","3.5","0.0","0.0","0.0","0.0","8.7","7.7","2.1"
"20240601","인천","남구","19.3","23.5","16.7","21.1","19.3","24.2","15.5","0.0","0.0","1.5","12.5","4.5","8.4","29.98","17.17","0.0","67.4","74.8","70.1","2.5","6.6","4.6","0.0","0.0","0.0","9.2","5.3","2.6"
"20240601","인천","강화군","19.1","24.4","14.4","19.9","18.4","23.9","13.3","0.0","0.0","2.1","11.9","4.8","8.4","0.0","0.0","0.0","66.0","82.3","69.1","0.9","6.0","0.0","0.0","0.0","0.0","9.8","5.2","2.1"
"20240531","인천","남구","18.3","21.4","15.9","21.0","19.2","24.0","15.5","0.0","0.0","1.2","11.4","6.5","8.5","29.51","22.4","0.0","76.8","64.6","70.4","4.8","7.3","4.6","0.0","0.0","0.0","7.7","7.7","2.5"
"20240531","인천","강화군","17.5","21.4","13.2","20.0","18.3","23.8","13.2","0.0","0.0","1.8","9.5","4.9","8.4","0.0","0.0","0.0","81.9","78.3","69.2","4.0","7.1","0.0","0.0","0.0","0.0","7.7","6.9","2.0"
"20240530","인천","남구","19.5","23.3","16.3","22.3","19.1","23.9","15.3","0.0","0.0","1.3","0.7","2.0","8.5","13.6","14.94","0.0","57.5","76.5","69.6","9.0","5.0","4.6","0.0","0.0","0.0","5.8","9.3","2.6"
"20240530","인천","강화군","18.2","22.4","13.0","21.6","18.3","23.8","13.0","0.0","0.0","1.5","0.3","3.7","8.4","0.0","0.0","0.0","63.1","74.3","68.2","9.9","6.4","0.0","0.0","0.0","0.0","5.2","6.9","2.0"
"20240529","인천","남구","19.4","23.5","15.7","21.0","18.9","23.7","15.1","0.0","2.6","2.0","13.4","4.0","8.4","29.1","13.67","0.0","62.4","90.6","69.5","1.6","5.4","4.6","0.0","0.0","0.0","6.2","5.1","2.6"
"20240529","인천","강화군","17.5","22.9","11.8","21.4","18.1","23.5","12.9","0.0","0.2","2.3","12.0","6.5","8.4","0.0","0.0","0.0","66.0","89.3","68.3","2.0","5.1","0.0","0.0","0.0","0.0","7.0","6.1","2.1"
"20240528","인천","남구","19.9","25.1","14.8","18.1","18.7","23.4","14.9","0.0","40.9","2.3","11.8","0.0","7.9","27.47","2.55","0.0","57.5","96.6","70.1","2.3","10.0","4.8","0.0","0.0","0.0","9.3","8.6","2.6"
"20240528","인천","강화군","18.9","24.6","14.2","17.9","17.8","23.3","12.7","0.0","24.0","2.6","10.8","0.0","8.1","0.0","0.0","0.0","60.6","100.0","69.2","1.0","10.0","0.0","0.0","0.0","0.0","8.4","12.2","2.0"
"20240527","인천","남구","17.5","21.0","14.4","19.0","18.5","23.2","14.7","0.0","28.1","2.7","12.8","0.0","7.8","28.0","3.39","0.0","68.9","89.0","70.7","3.9","9.8","4.9","0.0","0.0","0.0","11.8","6.1","2.5"
"20240527","인천","강화군","18.1","22.7","13.1","17.6","17.6","23.0","12.6","0.0","53.8","3.1","11.7","0.0","7.9","0.0","0.0","0.0","63.1","96.9","69.9","3.4","9.4","0.0","0.0","0.0","0.0","11.8","7.0","2.1"
"20240526","인천","남구","18.3","21.7","15.7","20.1","18.3","23.0","14.6","4.8","0.1","3.8","1.9","10.5","7.6","8.07","26.25","0.0","80.3","57.0","71.0","8.1","7.4","4.9","0.0","0.0","0.0","13.6","6.8","2.6"
"20240526","인천","강화군","17.7","21.9","15.8","18.4","17.4","22.8","12.5","8.7","0.2","4.2","1.5","10.0","7.7","0.0","0.0","0.0","84.9","65.5","69.9","7.0","7.0","0.0","0.0","0.0","0.0","9.8","6.3","2.1"
"20240525","인천","남구","18.4","21.0","16.3","19.5","18.1","22.9","14.5","0.0","0.0","3.5","0.4","10.8","7.6","12.91","27.44","0.0","84.9","53.9","71.4","9.5","4.6","4.9","0.0","0.0","0.0","6.0","6.9","2.5"
"20240525","인천","강화군","17.6","21.5","14.6","17.3","17.3","22.6","12.3","0.0","0.0","3.8","1.2","9.9","7.5","0.0","0.0","0.0","88.3","61.4","70.5","8.4","4.6","0.0","0.0","0.0","0.0","6.5","7.1","2.1"
"20240524","인천","남구","17.5","21.3","14.8","18.4","18.0","22.7","14.5","0.0","0.0","3.0","3.3","5.1","7.7","16.92","18.52","0.0","85.5","54.5","71.6","7.6","6.8","5.0","0.0","0.0","0.0","5.6","6.0","2.5"
"20240524","인천","강화군","16.8","20.7","14.5","16.9","17.2","22.5","12.3","0.0","0.0","3.1","1.0","5.2","7.4","0.0","0.0","0.0","90.0","62.5","70.9","5.8","6.1","0.0","0.0","0.0","0.0","4.9","5.3","2.0"
"20240523","인천","남구","17.5","21.9","14.8","19.2","17.9","22.7","14.3","0.0","0.0","3.2","12.0","13.0","7.8","29.32","28.56","0.0","80.3","57.9","70.8","3.8","0.3","4.9","0.0","0.0","0.0","7.6","9.7","2.5"
"20240523","인천","강화군","16.9","21.7","12.9","17.3","17.1","22.4","12.1","0.0","0.0","3.2","7.6","12.1","7.4","0.0","0.0","0.0","84.6","64.5","70.4","4.5","0.1","0.0","0.0","0.0","0.0","6.3","7.5","2.0"
"20240522","인천","남구","17.5","21.9","14.3","18.2","17.8","22.7","14.0","0.0","0.0","3.0","10.4","7.7","8.1","25.43","22.1","0.0","82.0","67.9","70.1","6.5","5.5","4.7","0.0","0.0","0.0","4.8","8.8","2.6"
"20240522","인천","강화군","16.1","21.4","13.2","17.6","16.9","22.4","11.8","0.0","1.9","3.1","8.0","8.8","7.7","0.0","0.0","0.0","89.1","70.8","69.8","4.9","6.4","0.0","0.0","0.0","0.0","6.5","7.2","2.0"
"20240521","인천","남구","18.6","23.6","14.9","15.2","17.5","22.4","13.7","0.0","0.3","2.1","8.5","3.2","8.1","23.86","15.25","0.0","82.9","88.4","70.2","5.4","9.1","4.8","0.0","0.0","0.0","5.7","8.8","2.7"
"20240521","인천","강화군","18.2","24.1","14.3","15.3","16.6","22.0","11.5","0.0","1.2","2.4","8.0","5.6","7.6","0.0","0.0","0.0","86.1","93.0","70.0","3.8","8.6","0.0","0.0","0.0","0.0","6.8","9.7","2.1"
"20240520","인천","남구","17.7","21.1","14.8","18.3","17.2","22.0","13.4","0.0","0.0","3.0","2.6","10.5","7.9","16.44","27.03","0.0","82.8","75.3","70.9","8.3","4.6","4.9","0.0","0.0","0.0","7.6","9.1","2.8"
"20240520","인천","강화군","16.7","20.1","14.5","17.4","16.3","21.7","11.3","0.0","0.0","3.3","2.9","9.9","7.5","0.0","0.0","0.0","88.6","84.5","70.5","7.4","6.4","0.0","0.0","0.0","0.0","7.4","8.3","2.2"
"20240519","인천","남구","19.9","24.3","16.4","21.2","16.9","21.8","13.1","0.0","0.0","3.4","12.7","10.7","7.8","28.47","24.85","0.0","71.6","61.8","70.9","1.5","3.0","5.0","0.0","0.0","0.0","7.9","6.8","2.9"
"20240519","인천","강화군","18.7","23.8","13.4","20.0","16.0","21.5","11.1","0.0","0.0","3.9","12.0","11.3","7.6","0.0","0.0","0.0","77.0","70.4","70.2","1.4","2.5","0.0","0.0","0.0","0.0","6.7","7.6","2.2"
"20240518","인천","남구","19.7","23.5","15.9","20.6","16.7","21.5","13.0","0.0","0.0","3.8","12.4","1.2","7.7","27.44","12.56","0.0","72.3","74.9","71.8","1.6","8.1","5.0","0.0","0.0","0.0","7.6","11.7","2.9"
"20240518","인천","강화군","18.7","23.3","14.2","19.4","15.8","21.1","11.0","0.0","0.0","4.2","9.7","1.4","7.4","0.0","0.0","0.0","77.9","82.4","70.7","1.9","7.9","0.0","0.0","0.0","0.0","7.6","8.2","2.3"
"20240517","인천","남구","17.0","21.5","12.1","21.1","16.6","21.4","13.0","0.0","0.0","3.8","11.4","9.5","7.2","25.58","25.96","0.0","73.5","74.3","72.2","4.0","5.5","5.3","0.0","0.0","0.0","8.0","11.9","2.9"
"20240517","인천","강화군","16.3","21.4","8.4","20.0","15.8","21.1","11.0","0.0","0.0","4.4","9.5","6.4","7.1","0.0","0.0","0.0","77.9","85.6","71.0","2.8","6.3","0.0","0.0","0.0","0.0","8.1","13.4","2.3"
"20240516","인천","남구","12.9","17.5","7.2","21.3","16.6","21.5","12.9","0.0","0.0","3.8","13.1","12.3","7.3","30.55","27.4","0.0","71.4","59.3","70.8","0.5","1.8","5.3","0.0","0.0","0.0","8.5","8.1","2.8"
"20240516","인천","강화군","12.9","17.4","7.5","20.0","15.7","21.2","10.9","0.0","0.0","4.3","12.1","11.6","7.3","0.0","0.0","0.0","71.8","68.0","70.0","0.0","1.9","0.0","0.0","0.0","0.0","9.6","8.7","2.2"
"20240515","인천","남구","12.0","16.4","7.2","19.4","16.4","21.3","12.7","20.0","0.0","3.6","1.4","12.5","7.6","4.96","26.67","0.0","77.5","56.4","70.4","7.5","0.9","5.0","0.0","0.0","0.0","14.7","7.7","2.7"
"20240515","인천","강화군","11.0","16.0","7.3","18.0","15.6","21.0","10.8","24.6","0.0","4.1","0.1","11.6","7.5","0.0","0.0","0.0","84.1","63.6","69.2","6.8","2.3","0.0","0.0","0.0","0.0","11.4","6.7","2.3"
"20240514","인천","남구","16.9","20.8","12.8","16.7","16.2","20.8","12.6","0.0","0.0","3.7","12.7","11.1","7.2","29.46","26.52","0.0","56.0","62.0","71.3","0.3","1.1","5.1","0.0","0.0","0.0","7.2","6.8","2.8"
"20240514","인천","강화군","15.0","21.0","8.6","14.3","15.3","20.6","10.6","0.0","0.0","4.1","12.1","9.5","7.1","0.0","0.0","0.0","63.8","74.8","70.1","0.1","2.5","0.0","0.0","0.0","0.0","8.5","7.3","2.3"
"20240513","인천","남구","16.8","21.3","13.0","15.9","16.0","20.7","12.4","0.0","0.0","3.8","12.7","6.9","7.0","29.38","23.14","0.0","64.8","70.9","70.8","0.0","4.8","5.2","0.0","0.0","0.0","7.8","7.9","2.8"
"20240513","인천","강화군","15.5","21.4","8.6","14.3","15.2","20.4","10.4","0.0","0.0","4.5","12.1","4.8","6.9","0.0","0.0","0.0","67.1","80.3","69.7","0.0","6.8","0.0","0.0","0.0","0.0","7.4","6.5","2.3"
"20240512","인천","남구","15.4","19.8","11.0","16.7","15.7","20.4","12.1","0.0","0.0","3.9","13.0","6.8","7.2","29.21","19.84","0.0","72.0","57.0","70.7","1.4","4.8","5.1","0.0","0.0","0.0","8.7","5.8","2.9"
"20240512","인천","강화군","15.9","21.7","9.3","14.8","14.9","20.1","10.2","0.0","0.0","4.7","12.1","6.4","6.9","0.0","0.0","0.0","64.4","70.4","69.2","0.0","4.8","0.0","0.0","0.0","0.0","7.7","6.6","2.3"
"20240511","인천","남구","15.9","21.1","12.2","17.6","15.5","20.2","12.0","27.9","0.0","4.0","1.5","12.6","7.1","9.18","26.96","0.0","83.3","53.9","70.5","8.3","3.0","5.1","0.0","0.0","0.0","16.1","6.0","3.0"
"20240511","인천","강화군","15.7","19.4","11.3","16.0","14.8","19.9","10.1","21.7","0.0","5.1","0.1","12.1","6.9","0.0","0.0","0.0","87.0","60.0","68.9","7.8","2.0","0.0","0.0","0.0","0.0","17.4","6.5","2.3"
"20240510","인천","남구","16.3","20.5","12.8","16.6","15.5","20.3","12.0","0.0","0.0","3.1","12.4","12.4","7.3","28.14","25.2","0.0","62.1","61.5","69.6","2.4","3.6","5.1","0.0","0.0","0.0","8.1","6.1","3.0"
"20240510","인천","강화군","15.2","20.8","9.9","14.6","14.8","20.1","9.9","0.0","0.0","4.1","12.1","11.9","7.0","0.0","0.0","0.0","68.3","70.5","68.5","2.1","2.9","0.0","0.0","0.0","0.0","10.0","6.4","2.3"
"20240509","인천","남구","14.5","18.2","11.3","14.1","15.6","20.4","11.9","0.0","0.0","4.0","12.3","12.5","7.4","26.68","27.72","0.0","74.0","69.3","68.6","0.5","1.5","5.0","0.0","0.0","0.0","8.9","6.8","3.0"
"20240509","인천","강화군","13.7","18.7","7.1","12.5","14.8","20.3","9.8","0.0","0.0","4.9","11.1","12.2","7.3","0.0","0.0","0.0","80.6","80.8","67.4","0.5","1.1","0.0","0.0","0.0","0.0","10.0","8.6","2.3"
"20240508","인천","남구","14.2","18.9","9.7","14.1","15.5","20.4","11.9","0.0","0.0","4.4","12.1","12.5","7.4","28.73","27.01","0.0","63.8","59.3","68.4","1.9","3.8","5.0","0.0","0.0","0.0","8.0","7.2","3.0"
"20240508","인천","강화군","13.7","19.8","9.0","12.3","14.8","20.2","9.8","1.4","0.0","5.6","10.6","12.0","7.4","0.0","0.0","0.0","66.1","71.1","66.7","1.5","2.3","0.0","0.0","0.0","0.0","9.6","7.6","2.4"
"20240507","인천","남구","12.8","14.1","11.8","14.3","15.7","20.7","11.9","6.3","0.0","3.8","0.0","2.6","7.8","5.08","12.2","0.0","84.3","46.9","66.9","9.8","7.3","4.7","0.0","0.0","0.0","10.2","8.0","3.1"
"20240507","인천","강화군","13.0","15.6","11.5","13.3","14.9","20.5","9.6","2.1","0.0","5.0","0.0","3.3","7.9","0.0","0.0","0.0","83.6","50.9","65.5","9.8","7.0","0.0","0.0","0.0","0.0","8.1","7.7","2.4"
"20240506","인천","남구","12.8","13.7","12.2","12.9","15.5","20.6","11.7","12.6","47.5","3.5","0.0","0.2","8.0","2.45","5.35","0.0","98.3","82.3","67.2","10.0","9.4","4.5","0.0","0.0","0.0","10.5","12.8","3.1"
"20240506","인천","강화군","13.0","13.8","12.6","12.0","14.8","20.4","9.4","12.0","33.3","4.3","0.0","0.1","8.1","0.0","0.0","0.0","97.4","82.9","65.5","9.4","8.8","0.0","0.0","0.0","0.0","9.5","13.7","2.4"
"20240505","인천","남구","17.0","18.8","13.7","17.6","15.4","20.4","11.6","51.0","14.3","4.3","0.0","0.0","7.8","3.27","1.68","0.0","90.8","91.9","68.2","10.0","10.0","4.6","0.0","0.0","0.0","13.6","12.5","3.2"
"20240505","인천","강화군","16.4","18.8","13.7","16.4","14.7","20.3","9.4","70.5","33.5","5.1","0.0","0.0","7.8","0.0","0.0","0.0","95.3","99.1","65.9","9.9","9.3","0.0","0.0","0.0","0.0","16.3","11.4","2.4"
"20240504","인천","남구","18.8","23.8","13.4","20.2","15.5","20.6","11.6","0.0","0.0","3.1","12.4","2.7","7.9","27.27","15.77","0.0","51.3","64.6","67.4","3.5","7.6","4.5","0.0","0.0","0.0","6.6","10.3","3.2"
"20240504","인천","강화군","17.0","23.7","9.3","18.8","14.8","20.4","9.4","0.0","0.0","3.7","12.0","2.4","7.8","0.0","0.0","0.0","61.8","76.6","65.2","2.9","7.8","0.0","0.0","0.0","0.0","8.0","6.5","2.4"
"20240503","인천","남구","17.2","23.5","12.2","18.9","15.6","20.7","11.7","0.0","0.0","1.8","12.4","10.5","8.0","27.91","26.13","0.0","58.8","50.4","67.6","0.0","4.9","4.5","0.0","0.0","0.0","7.2","8.0","3.2"
"20240503","인천","강화군","15.6","24.7","8.2","16.5","14.8","20.5","9.4","0.0","0.0","2.1","12.0","8.9","7.9","0.0","0.0","0.0","60.9","63.5","65.5","0.0","4.1","0.0","0.0","0.0","0.0","8.2","6.7","2.4"
"20240502","인천","남구","16.2","20.8","12.7","16.0","15.5","20.4","11.7","0.0","0.0","2.6","12.6","8.5","7.7","28.23","21.34","0.0","60.9","43.9","68.4","0.0","6.9","4.8","0.0","0.0","0.0","6.6","7.0","3.2"
"20240502","인천","강화군","15.4","20.2","8.3","14.2","14.7","20.2","9.5","0.0","0.0","2.2","12.0","7.6","7.3","0.0","0.0","0.0","59.9","54.5","66.3","0.0","0.0","0.0","0.0","0.0","0.0","8.5","6.7","2.3"
"20240501","인천","남구","16.7","21.4","12.9","13.1","15.3","20.2","11.6","0.0","0.0","3.7","8.6","11.1","7.2","22.6","25.4","0.0","58.5","66.5","68.3","4.3","2.3","5.0","0.0","0.0","0.0","6.3","7.8","3.1"
"20240501","인천","강화군","16.1","21.8","11.6","11.3","14.5","19.9","9.3","0.0","0.0","3.3","8.9","9.2","6.9","0.0","0.0","0.0","57.4","73.3","66.5","2.6","4.4","0.0","0.0","0.0","0.0","8.3","7.3","2.3"
"20240430","인천","남구","14.9","17.0","13.1","11.5","15.0","19.8","11.3","0.0","0.0","3.1","6.5","6.9","7.3","18.67","20.62","0.0","76.0","74.6","67.2","7.4","6.0","5.0","0.0","0.0","0.0","7.4","9.8","3.1"
"20240430","인천","강화군","15.6","20.9","11.4","11.0","14.1","19.5","8.9","0.0","0.0","2.8","6.9","2.6","7.0","0.0","0.0","0.0","71.8","80.5","66.0","6.4","6.6","0.0","0.0","0.0","0.0","7.2","10.6","2.3"
"20240429","인천","남구","19.0","25.1","15.2","12.1","14.5","19.2","10.8","0.0","10.3","2.9","8.7","2.6","7.3","20.16","9.64","0.0","53.4","86.5","66.8","5.8","9.6","4.9","0.0","0.0","0.0","8.8","13.6","3.1"
"20240429","인천","강화군","18.5","25.1","13.4","11.9","13.4","18.9","8.2","0.0","21.3","2.8","9.6","2.2","7.1","0.0","0.0","0.0","54.3","91.0","65.7","5.4","8.8","0.0","0.0","0.0","0.0","7.7","11.1","2.3"
"20240428","인천","남구","17.4","23.5","11.8","14.5","13.9","18.6","10.2","0.0","2.1","3.2","11.2","8.6","7.4","24.42","21.16","0.0","69.5","63.0","65.7","5.5","6.1","4.8","0.0","0.0","0.0","5.6","8.0","3.1"
"20240428","인천","강화군","16.5","24.6","8.7","12.7","12.8","18.3","7.4","0.0","4.6","3.2","10.2","8.7","7.2","0.0","0.0","0.0","70.5","71.4","64.4","5.9","5.9","0.0","0.0","0.0","0.0","6.5","9.2","2.3"
"20240427","인천","남구","15.3","21.2","11.0","10.8","13.4","18.1","9.7","0.0","0.0","2.6","12.3","12.2","7.5","27.89","26.23","0.0","70.1","70.0","64.3","0.3","0.8","4.5","0.0","0.0","0.0","6.7","6.5","3.2"
"20240427","인천","강화군","13.8","21.2","6.7","9.2","12.3","17.8","6.9","0.0","0.0","2.9","11.9","11.6","7.5","0.0","0.0","0.0","77.0","74.6","63.1","1.0","1.5","0.0","0.0","0.0","0.0","8.3","6.7","2.4"
"20240426","인천","남구","15.9","22.2","11.4","9.2","13.0","17.8","9.4","0.0","0.0","1.7","10.9","5.2","8.0","23.82","18.08","0.0","74.0","70.9","63.7","2.8","5.0","4.2","0.0","0.0","0.0","6.6","10.8","3.2"
"20240426","인천","강화군","14.4","22.3","7.5","8.7","12.1","17.6","6.6","0.0","0.0","1.9","11.2","7.3","8.0","0.0","0.0","0.0","73.9","78.3","61.9","2.4","4.6","0.0","0.0","0.0","0.0","6.7","10.7","2.4"
"20240425","인천","남구","12.6","17.3","9.1","10.6","12.9","17.6","9.2","0.0","0.0","1.9","6.4","0.0","8.0","18.57","8.6","0.0","82.0","64.9","63.7","4.8","8.6","4.1","0.0","0.0","0.0","5.5","6.4","3.3"
"20240425","인천","강화군","11.3","16.2","8.7","9.4","12.0","17.5","6.6","0.0","0.0","2.0","4.7","0.0","8.0","0.0","0.0","0.0","90.3","79.0","61.2","3.8","8.9","0.0","0.0","0.0","0.0","7.9","5.8","2.5"
"20240424","인천","남구","12.5","16.4","9.7","14.4","12.8","17.5","9.2","9.5","0.0","2.3","4.6","7.7","7.6","15.21","19.12","0.0","83.8","42.5","64.5","8.3","5.9","4.3","0.0","0.0","0.0","8.3","9.9","3.4"
"20240424","인천","강화군","11.9","16.1","10.0","13.7","12.0","17.4","6.7","5.7","0.0","2.3","2.7","8.4","7.7","0.0","0.0","0.0","90.5","47.8","61.7","7.3","6.3","0.0","0.0","0.0","0.0","8.1","10.1","2.5"
"20240423","인천","남구","16.6","22.4","12.7","15.8","12.8","17.6","9.3","1.2","0.0","2.6","4.7","4.5","7.4","16.64","18.98","0.0","62.0","32.3","65.2","8.1","8.3","4.4","0.0","0.0","0.0","8.9","7.1","3.4"
"20240423","인천","강화군","15.0","21.6","11.6","14.7","12.1","17.4","6.9","0.8","0.0","2.5","4.1","4.3","7.4","0.0","0.0","0.0","69.5","32.6","62.5","8.1","8.9","0.0","0.0","0.0","0.0","6.6","9.3","2.5"
"20240422","인천","남구","18.3","23.5","15.4","16.7","12.8","17.6","9.3","0.0","0.0","2.7","9.0","5.4","7.2","24.23","19.75","0.0","52.5","17.4","65.8","6.5","7.9","4.6","0.0","0.0","0.0","8.3","10.4","3.5"
"20240422","인천","강화군","17.7","22.3","14.1","16.3","12.1","17.4","6.9","0.0","0.0","2.7","8.3","5.7","7.3","0.0","0.0","0.0","55.8","17.6","63.0","5.9","7.9","0.0","0.0","0.0","0.0","8.0","8.0","2.4"
"20240421","인천","남구","16.9","20.4","13.0","15.1","12.8","17.6","9.2","0.0","0.0","2.9","0.8","9.7","6.8","9.93","23.56","0.0","66.5","38.4","65.8","8.8","1.9","4.8","0.0","0.0","0.0","10.3","11.8","3.4"
"20240421","인천","강화군","16.4","20.8","12.4","15.5","12.0","17.3","6.9","0.0","0.0","3.3","2.3","10.7","6.9","0.0","0.0","0.0","66.6","24.1","63.6","8.0","3.6","0.0","0.0","0.0","0.0","8.6","13.2","2.4"
"20240420","인천","남구","14.4","16.4","13.0","13.2","12.8","17.6","9.1","3.3","0.0","2.8","0.0","0.0","6.6","4.79","6.35","0.0","78.5","92.8","65.6","9.4","9.9","5.0","0.0","0.0","0.0","10.5","8.3","3.4"
"20240420","인천","강화군","13.5","16.6","11.1","12.6","11.9","17.3","6.7","3.0","0.9","3.3","0.0","0.0","6.8","0.0","0.0","0.0","84.0","100.0","63.8","8.9","7.6","0.0","0.0","0.0","0.0","9.1","7.2","2.3"
"20240419","인천","남구","15.3","19.0","11.6","17.5","12.7","17.6","8.9","0.0","0.0","2.4","10.2","12.0","6.9","23.4","26.59","0.0","60.9","69.5","64.6","3.8","2.4","4.8","0.0","0.0","0.0","6.2","7.6","3.4"
"20240419","인천","강화군","13.5","19.5","7.3","16.8","11.8","17.3","6.3","0.0","0.0","2.9","9.6","9.9","7.1","0.0","0.0","0.0","72.0","79.0","63.2","4.5","4.0","0.0","0.0","0.0","0.0","7.5","6.9","2.3"
"20240418","인천","남구","14.5","19.7","10.0","13.7","12.4","17.3","8.5","0.0","1.2","2.1","11.6","4.0","7.1","25.37","11.53","0.0","65.9","76.8","64.4","0.0","6.8","4.7","0.0","0.0","0.0","8.2","8.2","3.3"
"20240418","인천","강화군","14.7","20.3","7.0","12.6","11.4","17.1","5.9","0.0","1.5","2.7","11.4","4.2","7.2","0.0","0.0","0.0","64.0","85.4","62.9","0.0","5.6","0.0","0.0","0.0","0.0","10.5","6.5","2.3"
"20240417","인천","남구","12.1","17.2","7.7","12.0","12.0","16.9","8.1","0.0","0.0","1.7","10.7","7.1","7.3","22.58","18.35","0.0","77.1","63.0","64.3","5.5","5.3","4.5","0.0","0.0","0.0","7.2","7.1","3.3"
"20240417","인천","강화군","10.6","18.0","6.2","10.9","11.1","16.8","5.5","0.0","0.0","2.2","8.3","5.2","7.3","0.0","0.0","0.0","87.8","70.1","63.1","3.4","6.3","0.0","0.0","0.0","0.0","8.1","7.0","2.3"
"20240416","인천","남구","10.7","12.9","9.0","9.7","11.6","16.4","7.8","2.3","0.0","1.4","3.2","4.4","7.6","13.15","15.16","0.0","94.1","77.8","64.3","7.3","7.1","4.2","0.0","0.0","0.0","6.8","8.7","3.3"
"20240416","인천","강화군","9.8","12.2","7.6","9.3","10.7","16.3","5.2","1.3","0.0","1.6","0.5","3.6","7.6","0.0","0.0","0.0","99.1","85.8","62.6","4.9","6.6","0.0","0.0","0.0","0.0","6.6","7.2","2.3"
"20240415","인천","남구","14.2","19.7","10.0","11.3","11.2","15.9","7.5","19.0","2.9","1.2","0.0","1.5","7.7","2.72","9.35","0.0","83.3","86.9","64.2","9.6","8.9","4.3","0.0","0.0","0.0","13.7","10.2","3.4"
"20240415","인천","강화군","13.6","19.1","9.7","10.2","10.4","15.9","4.9","17.5","1.5","1.2","0.0","0.1","7.7","0.0","0.0","0.0","87.3","98.9","62.5","7.8","8.0","0.0","0.0","0.0","0.0","9.5","6.6","2.4"
"20240414","인천","남구","18.7","25.5","11.7","14.8","10.8","15.5","7.2","0.0","0.0","1.6","11.3","3.6","7.4","24.29","16.25","0.0","54.1","63.3","64.9","3.0","8.1","4.4","0.0","0.0","0.0","7.4","9.6","3.5"
"20240414","인천","강화군","17.3","25.0","8.6","14.2","10.1","15.5","4.9","0.0","0.0","1.7","11.3","4.5","7.4","0.0","0.0","0.0","59.8","68.5","62.8","2.6","7.6","0.0","0.0","0.0","0.0","7.3","7.2","2.5"
"20240413","인천","남구","16.2","23.4","10.2","11.3","10.7","15.4","7.1","0.0","0.0","1.3","11.2","2.6","7.5","24.96","13.42","0.0","68.0","40.0","64.8","0.1","6.6","4.4","0.0","0.0","0.0","6.2","5.9","3.5"
"20240413","인천","강화군","15.2","23.8","6.4","9.5","10.1","15.5","4.8","0.0","0.0","1.3","11.4","1.6","7.6","0.0","0.0","0.0","72.8","50.0","62.3","0.0","5.4","0.0","0.0","0.0","0.0","6.7","5.5","2.5"
"20240411","인천","남구","14.4","19.6","11.9","12.0","10.7","15.4","7.0","0.0","0.3","2.2","3.9","0.0","7.0","14.16","3.02","0.0","65.0","70.6","64.4","5.6","6.8","4.8","0.0","0.0","0.0","5.7","18.5","3.6"
"20240411","인천","강화군","13.3","18.8","8.2","11.6","10.0","15.5","4.8","0.1","2.1","2.1","4.1","0.1","7.3","0.0","0.0","0.0","74.4","79.4","62.0","5.8","7.9","0.0","0.0","0.0","0.0","5.2","19.9","2.5"
"20240410","인천","남구","12.6","16.6","9.7","12.4","10.5","15.3","6.8","0.0","0.0","2.1","3.8","9.9","7.1","15.47","22.16","0.0","69.6","49.3","64.0","6.1","1.4","4.7","0.0","0.0","0.0","8.7","12.9","3.5"
"20240410","인천","강화군","11.8","15.2","7.5","11.6","9.8","15.4","4.6","0.0","0.0","1.9","1.8","8.9","7.4","0.0","0.0","0.0","73.0","58.5","61.5","5.8","4.1","0.0","0.0","0.0","0.0","8.1","13.2","2.4"
"20240409","인천","남구","14.6","20.1","10.1","9.4","10.3","15.1","6.7","0.0","0.0","1.5","11.6","11.9","7.3","24.57","25.03","0.0","39.9","65.4","64.1","1.1","0.0","4.6","0.0","0.0","0.0","11.7","9.1","3.5"
"20240409","인천","강화군","13.9","19.5","8.7","7.9","9.6","15.2","4.4","0.0","0.0","1.3","11.5","11.5","7.6","0.0","0.0","0.0","40.1","74.6","61.4","1.3","0.3","0.0","0.0","0.0","0.0","10.3","8.9","2.4"
"20240408","인천","남구","13.3","19.4","9.8","8.1","10.0","14.7","6.5","0.0","0.0","1.9","2.9","11.9","6.8","14.54","25.34","0.0","59.8","59.4","64.9","8.1","0.3","4.9","0.0","0.0","0.0","5.5","10.0","3.6"
"20240408","인천","강화군","13.4","19.9","6.0","8.1","9.3","14.8","4.1","0.0","0.0","1.8","1.8","11.7","7.0","0.0","0.0","0.0","57.5","56.5","62.3","7.8","0.1","0.0","0.0","0.0","0.0","7.9","9.7","2.4"
"20240407","인천","남구","13.0","19.9","8.1","8.0","9.8","14.5","6.3","0.0","0.0","2.0","11.5","11.2","7.0","23.04","24.09","0.0","37.8","65.8","64.7","1.1","0.3","4.6","0.0","0.0","0.0","5.7","13.0","3.5"
"20240407","인천","강화군","11.0","19.6","3.7","7.8","9.0","14.7","3.8","0.0","0.0","1.9","11.3","11.3","7.2","0.0","0.0","0.0","41.1","60.3","61.9","2.4","0.4","0.0","0.0","0.0","0.0","7.6","13.2","2.4"
"20240406","인천","남구","10.4","15.1","6.9","7.7","9.6","14.4","6.1","0.0","2.5","1.5","7.4","0.0","7.4","17.16","3.64","0.0","58.1","94.8","64.2","5.1","9.5","4.3","0.0","0.0","0.0","8.2","7.8","3.4"
"20240406","인천","강화군","9.0","16.5","3.1","8.2","8.8","14.4","3.4","0.0","1.1","1.5","8.0","0.0","7.5","0.0","0.0","0.0","60.1","96.9","61.1","5.1","9.0","0.0","0.0","0.0","0.0","10.3","7.4","2.4"
"20240405","인천","남구","12.2","16.6","8.4","10.6","9.4","14.1","5.9","0.0","40.5","1.6","5.7","0.0","7.5","16.0","1.67","0.0","59.3","95.9","64.2","4.4","10.0","4.2","0.0","0.0","0.0","9.0","10.9","3.5"
"20240405","인천","강화군","11.3","16.0","4.6","10.5","8.6","14.2","3.1","0.0","65.1","1.6","6.1","0.0","7.6","0.0","0.0","0.0","69.0","100.0","61.0","3.3","9.3","0.0","0.0","0.0","0.0","7.4","11.4","2.4"
"20240404","인천","남구","14.9","20.4","10.9","17.0","9.3","13.9","5.7","0.0","10.6","1.8","6.9","1.9","7.5","19.48","11.4","0.0","57.4","37.3","63.7","5.9","9.1","4.1","0.0","0.0","0.0","6.4","12.2","3.5"
"20240404","인천","강화군","14.6","20.6","10.9","15.8","8.4","13.9","2.8","0.0","11.4","1.8","6.8","1.2","7.5","0.0","0.0","0.0","55.9","44.8","61.1","4.9","9.3","0.0","0.0","0.0","0.0","6.0","8.9","2.4"
"20240403","인천","남구","14.7","19.0","11.7","18.8","9.2","13.9","5.5","0.0","0.0","1.6","1.0","10.8","7.8","8.44","22.06","0.0","55.9","24.8","62.1","8.1","3.9","3.8","0.0","0.0","0.0","5.6","8.4","3.5"
"20240403","인천","강화군","14.8","20.0","10.2","15.8","8.3","13.8","2.7","0.0","0.0","1.5","1.6","10.7","7.9","0.0","0.0","0.0","52.0","36.0","59.8","8.5","4.4","0.0","0.0","0.0","0.0","5.3","6.7","2.4"
"20240402","인천","남구","14.2","19.6","8.4","17.9","8.9","13.6","5.2","0.0","0.0","1.3","9.2","11.1","7.7","20.91","23.29","0.0","47.4","25.4","61.5","4.6","0.6","4.0","0.0","0.0","0.0","7.3","8.1","3.5"
"20240402","인천","강화군","11.6","19.3","2.5","15.6","8.0","13.5","2.4","0.0","0.0","1.1","8.3","10.8","7.7","0.0","0.0","0.0","55.8","35.9","59.3","4.3","1.0","0.0","0.0","0.0","0.0","8.2","6.7","2.4"
"20240401","인천","남구","11.2","16.7","6.3","15.0","8.6","13.1","5.0","0.0","0.0","1.4","11.5","11.2","7.3","23.45","21.56","0.0","34.6","50.0","62.7","0.9","1.3","4.2","0.0","0.0","0.0","6.3","6.4","3.5"
"20240401","인천","강화군","8.6","15.7","2.5","13.1","7.7","13.0","2.3","0.0","0.0","1.3","11.0","11.0","7.4","0.0","0.0","0.0","39.9","53.1","60.2","0.8","2.3","0.0","0.0","0.0","0.0","8.3","7.7","2.4"
"20240331","인천","남구","9.6","15.3","4.2","11.5","8.3","12.9","4.7","0.0","0.0","1.6","10.0","11.3","7.1","22.43","22.51","0.0","40.9","52.8","63.0","3.3","0.0","4.4","0.0","0.0","0.0","8.4","6.7","3.5"
"20240331","인천","강화군","8.3","15.2","-0.2","10.1","7.4","12.7","2.1","0.0","0.0","1.4","9.2","11.0","7.1","0.0","0.0","0.0","44.5","56.8","60.7","2.8","0.1","0.0","0.0","0.0","0.0","8.8","8.7","2.3"
"20240330","인천","남구","8.3","14.3","3.7","11.1","8.1","12.7","4.5","0.0","0.0","1.4","6.5","11.3","7.2","16.87","22.78","0.0","59.0","52.9","62.5","3.0","1.6","4.5","0.0","0.0","0.0","9.0","6.0","3.4"
"20240330","인천","강화군","7.3","14.3","1.0","9.1","7.1","12.5","1.7","0.0","0.0","1.2","5.5","11.2","7.1","0.0","0.0","0.0","63.0","52.1","59.8","3.3","1.5","0.0","0.0","0.0","0.0","8.0","7.1","2.2"
"20240329","인천","남구","7.1","10.8","5.4","9.6","7.8","12.3","4.2","2.0","0.0","1.1","3.4","11.0","7.3","7.34","21.01","0.0","82.0","65.1","63.7","4.5","1.4","4.3","0.0","0.0","0.0","13.9","5.7","3.4"
"20240329","인천","강화군","6.9","12.3","1.1","7.5","6.8","12.2","1.4","3.0","0.0","0.9","3.8","10.8","7.1","0.0","0.0","0.0","79.0","71.1","61.0","3.6","1.4","0.0","0.0","0.0","0.0","10.5","6.6","2.2"
"20240328","인천","남구","9.9","13.0","6.1","7.7","7.5","12.1","3.9","0.6","0.0","0.9","0.1","7.8","7.4","6.95","18.34","0.0","82.3","61.3","64.4","8.9","2.4","4.1","0.0","0.0","0.0","8.3","6.1","3.4"
"20240328","인천","강화군","8.9","12.6","5.8","5.9","6.6","12.0","1.0","1.3","0.0","0.8","0.0","9.8","7.2","0.0","0.0","0.0","91.8","70.9","61.4","7.3","1.6","0.0","0.0","0.0","0.0","6.4","6.4","2.2"
"20240327","인천","남구","9.2","13.6","4.8","6.2","7.2","11.8","3.7","0.0","0.0","0.6","8.5","10.5","7.3","18.0","21.72","0.0","75.9","56.1","64.4","5.1","0.4","4.1","0.0","0.0","0.0","6.9","8.3","3.4"
"20240327","인천","강화군","7.2","12.3","1.4","4.5","6.3","11.6","0.8","0.0","0.0","0.5","7.0","10.9","7.2","0.0","0.0","0.0","84.4","60.3","61.4","6.8","0.9","0.0","0.0","0.0","0.0","7.3","9.6","2.3"
"20240326","인천","남구","6.3","11.1","2.0","8.1","6.9","11.4","3.5","11.9","0.0","0.5","4.6","11.3","7.3","17.51","23.41","0.0","83.0","29.6","63.9","5.9","0.9","4.1","0.0","0.0","0.0","9.8","11.7","3.5"
"20240326","인천","강화군","5.3","11.3","1.6","8.3","6.0","11.2","0.7","16.1","0.0","0.4","3.1","11.1","7.3","0.0","0.0","0.0","89.0","25.9","60.8","6.0","1.9","0.0","0.0","0.0","0.0","9.8","11.3","2.4"
"20240325","인천","남구","10.7","13.6","6.9","9.6","6.7","11.0","3.3","4.6","0.0","0.8","0.0","9.0","7.2","4.96","19.46","0.0","62.0","63.4","63.7","9.8","3.1","4.0","0.0","0.0","0.0","11.7","7.6","3.6"
"20240325","인천","강화군","9.4","12.6","5.7","9.2","5.8","10.9","0.6","3.7","0.0","0.7","0.0","8.5","7.3","0.0","0.0","0.0","73.8","62.5","60.8","10.0","5.3","0.0","0.0","0.0","0.0","8.9","7.8","2.4"
"20240324","인천","남구","14.7","21.5","8.9","9.7","6.5","10.8","3.1","0.0","0.0","0.9","8.9","6.1","7.1","20.59","16.26","0.0","47.3","34.5","63.1","5.3","7.4","4.2","0.0","0.0","0.0","6.2","9.4","3.6"
"20240324","인천","강화군","14.0","21.8","7.9","10.1","5.7","10.7","0.5","0.0","0.0","0.7","9.1","6.7","7.3","0.0","0.0","0.0","49.0","30.9","59.8","4.6","7.8","0.0","0.0","0.0","0.0","6.2","12.3","2.3"
"20240323","인천","남구","11.1","16.1","7.1","14.4","6.4","10.7","3.1","0.0","0.0","1.1","7.2","6.1","6.9","18.65","14.7","0.0","74.1","50.8","62.3","7.6","6.5","4.4","0.0","0.0","0.0","9.0","11.6","3.7"
"20240323","인천","강화군","10.9","17.3","5.3","14.9","5.6","10.6","0.6","0.0","0.1","0.8","8.3","5.9","7.2","0.0","0.0","0.0","72.4","47.0","59.3","4.4","6.1","0.0","0.0","0.0","0.0","8.5","14.7","2.4"
"20240322","인천","남구","10.3","14.5","4.1","14.1","6.5","11.0","3.1","0.0","0.0","1.3","3.6","2.4","6.9","10.26","12.64","0.0","55.4","50.6","61.6","7.4","8.0","4.4","0.0","0.0","0.0","16.5","8.4","3.6"
"20240322","인천","강화군","8.9","14.0","0.7","13.4","5.7","10.9","0.6","0.7","0.0","1.0","2.3","0.3","7.2","0.0","0.0","0.0","65.3","52.8","58.8","7.0","8.3","0.0","0.0","0.0","0.0","18.2","7.8","2.4"
"20240321","인천","남구","4.4","8.4","0.1","10.7","6.7","11.3","3.1","0.0","0.0","1.3","11.2","10.9","7.0","22.03","20.35","0.0","59.9","45.8","62.1","0.8","0.8","4.2","0.0","0.0","0.0","8.1","5.7","3.6"
"20240321","인천","강화군","2.5","8.6","-3.9","8.7","5.8","11.2","0.5","0.0","0.0","1.2","11.0","10.7","7.3","0.0","0.0","0.0","64.0","44.6","59.1","1.8","0.8","0.0","0.0","0.0","0.0","8.4","6.2","2.4"
"20240320","인천","남구","4.1","7.6","1.6","6.7","6.8","11.5","3.1","0.0","0.0","1.4","11.1","9.3","7.0","21.81","19.69","0.0","54.3","65.1","62.6","0.9","5.4","4.2","0.0","0.0","0.0","12.8","5.4","3.6"
"20240320","인천","강화군","4.2","8.4","0.3","4.9","5.9","11.3","0.6","0.0","0.0","1.2","9.8","7.1","7.2","0.0","0.0","0.0","49.0","67.3","59.9","1.3","5.1","0.0","0.0","0.0","0.0","11.4","7.0","2.4"
"20240319","인천","남구","5.8","8.6","3.6","4.7","6.7","11.5","3.0","0.0","0.0","1.2","5.8","10.9","7.0","13.92","20.54","0.0","68.6","81.1","63.0","3.9","3.3","4.2","0.0","0.0","0.0","17.2","7.3","3.5"
"20240319","인천","강화군","5.8","10.5","1.7","3.2","5.8","11.3","0.4","0.0","0.0","1.2","3.9","10.4","7.2","0.0","0.0","0.0","69.6","86.9","61.0","4.0","3.5","0.0","0.0","0.0","0.0","15.8","9.0","2.4"
"20240318","인천","남구","6.0","10.7","2.1","6.7","6.6","11.4","2.9","0.0","0.0","1.3","10.3","9.4","7.1","20.77","18.12","0.0","36.4","47.9","63.9","3.0","1.8","4.2","0.0","0.0","0.0","9.5","9.2","3.5"
"20240318","인천","강화군","5.3","11.3","-1.7","6.9","5.6","11.1","0.2","0.0","0.0","1.3","10.6","8.7","7.1","0.0","0.0","0.0","41.5","47.4","62.2","2.5","2.1","0.0","0.0","0.0","0.0","8.4","9.4","2.4"
"20240317","인천","남구","7.7","10.6","4.8","6.0","6.4","11.2","2.7","0.1","0.0","1.6","8.5","5.3","7.0","18.45","14.8","0.0","54.1","37.6","64.1","5.4","8.4","4.2","0.0","0.0","0.0","15.9","7.6","3.5"
"20240317","인천","강화군","7.8","10.9","4.8","6.1","5.4","10.8","-0.1","0.0","0.0","1.3","9.8","5.0","7.1","0.0","0.0","0.0","51.8","34.0","62.4","4.4","7.9","0.0","0.0","0.0","0.0","12.0","6.6","2.4"
"20240316","인천","남구","9.1","15.8","4.8","4.3","6.2","10.8","2.5","0.0","0.0","1.4","8.6","7.2","6.9","18.79","17.54","0.0","68.4","37.0","63.8","3.4","6.4","4.4","0.0","0.0","0.0","6.3","9.6","3.5"
"20240316","인천","강화군","8.0","15.5","0.2","3.4","5.1","10.5","-0.3","0.0","0.0","1.0","5.6","7.6","6.8","0.0","0.0","0.0","69.9","38.6","62.4","5.1","7.0","0.0","0.0","0.0","0.0","6.4","8.9","2.3"
"20240315","인천","남구","7.2","10.6","4.5","7.9","5.8","10.4","2.1","0.0","0.0","1.3","9.1","0.6","6.9","19.03","5.15","0.0","82.8","66.5","63.4","1.1","7.9","4.3","0.0","0.0","0.0","9.5","10.5","3.5"
"20240315","인천","강화군","7.1","10.8","1.3","8.0","4.7","10.1","-0.8","0.0","0.0","0.9","10.2","0.0","6.8","0.0","0.0","0.0","86.6","69.4","61.8","0.0","8.0","0.0","0.0","0.0","0.0","10.6","11.9","2.3"
"20240314","인천","남구","7.1","12.4","4.3","8.0","5.5","10.0","1.8","0.0","0.0","1.3","10.7","8.5","6.9","20.63","18.73","0.0","74.5","54.5","62.7","0.5","3.5","4.2","0.0","0.0","0.0","6.7","11.9","3.6"
"20240314","인천","강화군","6.2","13.1","-0.5","7.2","4.4","9.7","-1.0","0.0","0.0","0.9","10.7","7.6","6.8","0.0","0.0","0.0","80.9","64.5","61.1","0.0","4.0","0.0","0.0","0.0","0.0","7.8","13.0","2.3"
"20240313","인천","남구","5.9","9.7","2.3","2.3","5.1","9.5","1.4","0.0","0.0","0.9","10.8","9.6","7.1","20.25","20.02","0.0","66.1","41.5","61.9","0.5","4.1","4.0","0.0","0.0","0.0","9.5","12.7","3.6"
"20240313","인천","강화군","5.3","9.4","-1.8","2.2","4.0","9.2","-1.5","0.0","0.0","0.6","10.9","9.6","7.1","0.0","0.0","0.0","68.3","45.4","60.3","0.0","4.3","0.0","0.0","0.0","0.0","9.9","12.1","2.3"
"20240312","인천","남구","6.3","10.5","4.5","4.5","4.7","8.9","1.2","0.0","4.5","0.6","1.6","3.2","7.0","8.04","6.43","0.0","71.5","68.3","62.0","5.3","5.4","4.0","0.0","0.0","0.0","9.6","17.3","3.7"
"20240312","인천","강화군","6.0","11.5","0.9","4.4","3.6","8.7","-1.5","0.0","2.4","0.6","1.2","3.2","6.9","0.0","0.0","0.0","71.1","71.0","60.6","4.1","5.4","0.0","0.0","0.0","0.0","9.7","14.7","2.3"
"20240311","인천","남구","6.3","10.5","2.8","13.5","4.5","8.8","0.9","0.0","0.0","0.7","1.8","7.9","7.2","8.68","16.62","0.0","61.6","58.3","61.6","7.1","5.3","4.1","0.0","0.0","0.0","7.7","9.1","3.8"
"20240311","인천","강화군","5.3","10.1","0.4","11.2","3.4","8.6","-1.8","0.0","0.0","0.6","1.8","7.7","7.2","0.0","0.0","0.0","68.9","79.3","60.4","6.8","5.5","0.0","0.0","0.0","0.0","6.0","7.9","2.3"
"20240310","인천","남구","3.8","8.1","-1.0","10.7","4.2","8.5","0.7","0.0","0.0","0.6","10.8","9.1","7.1","19.95","16.48","0.0","60.1","69.5","62.2","1.1","2.5","4.1","0.0","0.0","0.0","7.3","7.5","3.7"
"20240310","인천","강화군","1.9","7.4","-5.0","9.3","3.2","8.3","-2.0","0.0","0.0","0.7","10.9","8.5","7.1","0.0","0.0","0.0","66.0","80.0","61.2","1.6","3.6","0.0","0.0","0.0","0.0","7.5","8.1","2.2"
"20240309","인천","남구","1.8","5.3","-1.1","7.4","4.0","8.3","0.5","0.0","1.1","0.7","11.0","0.1","7.0","20.45","5.54","0.0","51.6","90.8","62.6","0.0","7.5","4.2","0.0","0.0","0.0","9.4","8.0","3.8"
"20240309","인천","강화군","0.9","5.4","-4.3","7.6","3.0","8.1","-2.0","0.0","0.4","0.8","10.9","1.1","7.1","0.0","0.0","0.0","49.4","97.3","61.3","0.0","7.0","0.0","0.0","0.0","0.0","8.0","7.9","2.3"
"20240308","인천","남구","2.2","5.9","-0.3","12.3","4.0","8.2","0.5","0.0","4.4","0.9","10.9","1.5","6.7","20.19","7.84","0.0","52.3","67.5","63.4","1.3","7.4","4.4","0.0","0.0","0.0","13.3","11.6","3.8"
"20240308","인천","강화군","2.4","6.2","-1.5","11.0","2.9","8.0","-1.9","0.0","3.5","1.0","10.4","0.1","6.7","0.0","0.0","0.0","49.0","78.9","62.2","0.0","7.9","0.0","0.0","0.0","0.0","14.3","9.8","2.2"
"20240307","인천","남구","4.0","5.9","1.6","10.0","4.0","8.2","0.5","0.0","0.0","1.2","4.2","6.6","6.5","11.06","14.45","0.0","63.8","68.4","64.7","4.5","2.9","4.5","0.0","0.0","0.0","9.6","7.5","3.7"
"20240307","인천","강화군","2.9","6.6","-1.4","8.6","2.9","8.0","-2.1","0.0","0.0","1.5","4.2","4.7","6.6","0.0","0.0","0.0","65.1","82.5","63.2","3.1","6.3","0.0","0.0","0.0","0.0","8.7","7.7","2.2"
"20240306","인천","남구","5.7","10.3","2.2","7.9","3.9","8.1","0.5","0.0","0.0","1.5","9.6","9.6","6.4","16.64","18.08","0.0","64.1","53.8","65.6","3.6","0.9","4.6","0.0","0.0","0.0","7.8","7.2","3.7"
"20240306","인천","강화군","5.2","10.4","1.9","6.1","2.8","7.8","-2.0","0.0","0.0","1.9","6.6","9.7","6.4","0.0","0.0","0.0","64.1","58.1","64.1","4.6","1.5","0.0","0.0","0.0","0.0","8.1","7.8","2.2"
"20240305","인천","남구","7.3","10.5","4.9","6.7","3.9","8.1","0.4","0.0","0.0","1.4","0.0","10.3","6.4","6.25","17.54","0.0","47.1","54.4","65.3","8.8","0.8","4.5","0.0","0.0","0.0","8.1","5.4","3.6"
"20240305","인천","강화군","6.6","11.2","3.7","4.1","2.8","7.8","-2.1","0.0","0.0","1.7","0.0","10.1","6.5","0.0","0.0","0.0","45.8","62.1","64.0","8.4","3.4","0.0","0.0","0.0","0.0","9.3","6.6","2.2"
"20240304","인천","남구","4.9","9.4","-0.6","6.5","3.7","7.9","0.3","0.0","0.0","1.4","8.6","9.4","6.4","16.61","16.0","0.0","42.3","74.6","65.4","4.5","4.5","4.5","0.0","0.0","0.0","5.4","5.7","3.5"
"20240304","인천","강화군","2.8","9.7","-4.7","4.5","2.6","7.6","-2.5","0.0","0.0","1.6","9.4","8.9","6.6","0.0","0.0","0.0","48.3","83.5","64.1","4.3","4.3","0.0","0.0","0.0","0.0","5.7","6.8","2.1"
"20240303","인천","남구","3.6","7.6","0.7","4.3","3.6","7.9","0.2","0.0","0.0","1.4","5.8","5.4","6.5","12.85","14.01","0.0","75.0","68.8","64.9","2.4","3.8","4.3","0.0","0.0","0.0","12.1","8.3","3.5"
"20240303","인천","강화군","2.2","7.1","-2.1","2.6","2.5","7.6","-2.6","0.0","0.0","1.6","6.7","4.1","6.7","0.0","0.0","0.0","75.1","81.4","63.4","1.4","4.9","0.0","0.0","0.0","0.0","9.1","7.2","2.1"
"20240302","인천","남구","-0.3","4.4","-7.7","1.9","3.5","7.8","0.1","0.0","0.0","1.3","6.4","10.5","6.4","13.32","18.91","0.0","62.1","39.3","64.1","4.5","0.0","4.4","0.0","0.0","0.0","14.0","13.6","3.4"
"20240302","인천","강화군","-0.3","4.3","-9.8","1.4","2.4","7.4","-2.7","0.0","0.0","1.3","5.9","10.4","6.6","0.0","0.0","0.0","67.9","37.4","63.1","4.3","0.8","0.0","0.0","0.0","0.0","14.4","9.4","2.0"
"20240301","인천","남구","-4.3","0.1","-6.7","5.2","3.3","7.6","-0.1","0.0","0.0","1.2","10.5","5.8","6.4","19.11","12.02","0.0","41.0","59.9","64.1","0.4","5.4","4.3","0.0","0.0","0.0","16.6","14.4","3.3"
"20240301","인천","강화군","-4.7","-0.9","-9.0","4.9","2.1","7.2","-3.0","0.0","0.0","1.2","10.5","6.5","6.6","0.0","0.0","0.0","40.9","56.6","62.9","0.1","5.0","0.0","0.0","0.0","0.0","15.5","11.0","2.0"
"20240229","인천","남구","4.0","7.8","0.1","4.0","3.3","7.6","-0.1","0.0","0.0","1.2","1.4","0.2","6.5","7.67","7.82","0.0","62.9","68.9","64.1","6.8","6.8","4.3","0.0","0.0","0.0","13.1","7.0","3.4"
"20240229","인천","강화군","3.4","8.2","-0.9","2.7","2.1","7.2","-3.0","0.0","0.0","1.2","2.3","0.3","6.6","0.0","0.0","0.0","63.0","80.8","62.8","7.1","7.6","0.0","0.0","0.0","0.0","13.3","6.6","2.0"
"20240228","인천","남구","5.9","9.2","3.9","4.0","3.2","7.5","-0.2","0.0","0.0","1.1","1.8","0.2","6.5","9.97","7.82","0.0","61.8","68.9","64.0","8.6","6.8","4.3","0.0","0.0","0.0","4.9","7.0","3.4"
"20240228","인천","강화군","4.2","9.0","0.0","2.7","2.0","7.1","-3.1","0.0","0.0","1.1","0.5","0.3","6.6","0.0","0.0","0.0","73.9","80.8","62.7","7.4","7.6","0.0","0.0","0.0","0.0","5.4","6.6","2.0"
"20240227","인천","남구","5.6","9.6","1.8","3.0","3.2","7.6","-0.2","0.0","0.0","1.3","5.4","10.6","6.3","12.42","18.48","0.0","50.8","60.8","64.2","8.1","0.0","4.4","0.0","0.0","0.0","9.7","6.5","3.3"
"20240227","인천","강화군","4.2","9.1","0.3","0.6","1.9","7.2","-3.1","0.0","0.0","1.3","7.1","9.4","6.4","0.0","0.0","0.0","60.6","63.1","63.0","6.6","0.0","0.0","0.0","0.0","0.0","6.8","7.2","2.0"
"20240226","인천","남구","3.8","8.0","-0.3","1.8","3.1","7.5","-0.5","0.0","0.0","1.1","8.6","10.5","6.4","15.45","18.14","0.0","68.3","51.6","63.4","2.0","0.0","4.3","0.0","0.0","0.0","8.0","6.6","3.1"
"20240226","인천","강화군","2.1","8.4","-3.3","0.0","1.8","7.1","-3.4","0.0","0.0","1.2","9.0","10.4","6.4","0.0","0.0","0.0","71.4","59.4","62.2","2.1","0.0","0.0","0.0","0.0","0.0","4.8","7.6","1.9"
"20240225","인천","남구","2.4","5.5","0.7","0.1","2.7","7.0","-0.9","1.2","0.0","0.9","4.2","10.3","6.9","10.79","18.23","0.0","82.4","42.3","62.4","5.3","0.0","3.8","0.0","0.0","0.0","7.5","11.5","3.2"
"20240225","인천","강화군","2.1","5.9","0.1","0.1","1.3","6.8","-3.8","1.5","0.0","0.8","3.2","10.4","6.9","0.0","0.0","0.0","81.4","39.6","61.1","5.4","0.5","0.0","0.0","0.0","0.0","7.5","9.7","1.9"
"20240224","인천","남구","2.3","6.0","-0.5","2.6","2.4","6.8","-1.2","0.4","0.0","0.8","3.9","10.1","6.7","10.98","16.81","0.0","66.6","61.0","62.8","8.6","0.9","3.9","0.0","0.0","0.0","8.9","10.7","3.3"
"20240224","인천","강화군","1.3","5.1","-2.4","2.6","1.1","6.5","-4.1","1.1","0.0","0.7","3.4","10.0","6.7","0.0","0.0","0.0","71.4","54.0","61.7","8.4","1.1","0.0","0.0","0.0","0.0","7.1","10.1","2.0"
"20240223","인천","남구","1.8","4.9","-1.2","2.3","2.1","6.3","-1.4","0.0","0.0","1.4","6.2","9.8","6.5","14.3","15.16","0.0","69.3","72.6","62.1","7.5","2.9","4.0","7.2","0.0","0.0","7.9","6.4","3.4"
"20240223","인천","강화군","0.8","4.8","-2.0","1.0","0.8","6.1","-4.2","0.2","0.0","1.3","7.2","9.8","6.5","0.0","0.0","0.0","68.6","83.3","61.5","6.5","2.6","0.0","0.0","0.0","0.0","7.5","7.1","2.0"
"20240222","인천","남구","0.1","1.0","-0.9","0.0","1.9","6.2","-1.7","10.6","0.0","1.1","0.0","9.4","7.0","4.36","16.44","0.0","87.4","59.9","61.4","9.9","4.9","3.5","9.9","0.0","0.0","10.6","6.2","3.5"
"20240222","인천","강화군","-0.3","1.7","-1.5","-1.6","0.6","5.9","-4.6","6.5","0.0","0.9","0.0","9.5","6.8","0.0","0.0","0.0","84.1","66.1","60.8","9.9","4.4","0.0","0.0","0.0","0.0","9.5","6.7","2.0"
"20240221","인천","남구","2.0","4.1","0.3","-2.0","1.7","5.9","-1.9","18.1","0.0","1.1","0.0","10.3","7.0","2.39","17.32","0.0","92.5","45.6","61.6","10.0","0.1","3.5","1.0","0.0","0.0","12.0","9.5","3.5"
"20240221","인천","강화군","0.6","2.6","-0.6","-2.9","0.4","5.6","-4.8","15.8","0.0","1.0","0.0","10.3","6.9","0.0","0.0","0.0","98.9","46.3","61.2","10.0","0.0","0.0","0.0","0.0","0.0","12.0","8.6","2.0"
"20240220","인천","남구","3.6","6.0","1.4","-0.6","1.5","5.8","-2.1","2.3","0.0","1.1","0.0","10.1","7.0","2.95","17.36","0.0","83.6","44.8","60.7","10.0","0.1","3.6","0.0","0.0","0.0","10.4","14.4","3.5"
"20240220","인천","강화군","3.2","6.1","1.1","-1.6","0.2","5.5","-5.1","1.5","0.0","1.0","0.0","9.9","6.9","0.0","0.0","0.0","80.5","47.3","60.9","9.8","0.3","0.0","0.0","0.0","0.0","11.4","12.7","2.0"
"20240219","인천","남구","7.6","11.9","2.7","2.6","1.2","5.4","-2.4","6.7","0.3","0.9","0.0","8.3","7.2","1.72","15.68","0.0","95.3","60.5","59.2","9.0","3.5","3.3","0.0","0.0","0.0","11.0","11.9","3.5"
"20240219","인천","강화군","7.5","10.2","2.3","2.4","-0.1","5.1","-5.4","5.2","0.1","0.7","0.0","9.0","7.1","0.0","0.0","0.0","94.9","60.1","59.1","8.6","3.5","0.0","0.0","0.0","0.0","9.7","13.7","2.0"
"20240218","인천","남구","7.4","11.0","3.3","3.9","0.8","5.1","-2.7","10.1","0.0","0.7","0.5","0.0","7.3","2.3","3.24","0.0","81.8","68.4","59.2","7.4","10.0","3.2","0.0","0.0","0.0","9.7","4.6","3.5"
"20240218","인천","강화군","5.0","9.1","-1.1","3.1","-0.4","4.8","-5.8","31.2","0.0","0.6","0.3","0.0","7.2","0.0","0.0","0.0","93.1","73.5","58.7","6.5","9.9","0.0","0.0","0.0","0.0","5.1","3.5","2.0"
"20240217","인천","남구","4.0","7.7","-0.5","3.1","0.7","4.9","-2.7","0.0","0.0","0.9","9.2","7.2","6.9","15.16","13.39","0.0","73.3","71.5","59.2","1.5","5.3","3.5","0.0","0.0","0.0","8.0","5.4","3.5"
"20240217","인천","강화군","1.5","6.6","-4.8","0.9","-0.5","4.5","-5.7","0.0","0.0","0.9","4.8","6.4","6.8","0.0","0.0","0.0","84.0","85.3","58.7","3.5","5.3","0.0","0.0","0.0","0.0","5.8","5.7","2.0"
"20240216","인천","남구","1.8","5.9","-1.7","1.7","0.8","4.8","-2.7","0.0","0.0","0.9","10.1","3.7","6.7","15.98","9.51","0.0","63.0","69.6","59.6","0.0","5.1","3.7","0.0","0.0","0.0","6.8","7.7","3.6"
"20240216","인천","강화군","0.1","5.3","-5.2","0.0","-0.5","4.5","-5.6","0.0","0.0","0.8","9.8","5.0","6.7","0.0","0.0","0.0","71.6","75.3","59.2","0.5","4.4","0.0","0.0","0.0","0.0","6.3","8.1","2.0"
"20240215","인천","남구","3.3","8.7","-0.1","2.5","0.8","4.8","-2.6","6.9","0.0","1.3","2.9","9.8","6.6","4.71","14.85","0.0","81.4","48.3","60.3","7.6","3.5","3.8","1.1","0.0","0.0","13.5","8.7","3.5"
"20240215","인천","강화군","3.0","8.5","-0.5","0.7","-0.4","4.5","-5.6","10.4","0.0","1.2","3.2","9.8","6.4","0.0","0.0","0.0","79.6","52.8","60.0","6.3","3.6","0.0","0.0","0.0","0.0","11.4","7.0","2.0"
"20240214","인천","남구","11.6","15.0","7.8","0.4","0.8","4.8","-2.6","0.0","0.0","1.4","3.1","10.0","6.5","9.66","15.43","0.0","80.8","47.8","60.6","8.3","0.9","3.9","0.0","0.0","0.0","6.5","9.8","3.5"
"20240214","인천","강화군","11.5","14.8","8.1","0.6","-0.5","4.4","-5.6","0.0","0.0","1.3","1.5","10.0","6.3","0.0","0.0","0.0","86.0","41.3","60.5","6.9","1.0","0.0","0.0","0.0","0.0","10.5","9.8","2.0"
"20240213","인천","남구","9.3","12.7","5.3","4.4","0.8","4.7","-2.6","0.0","0.0","1.1","8.4","1.5","6.5","13.31","6.68","0.0","70.1","68.0","59.9","2.0","6.0","3.9","0.0","0.0","0.0","11.8","8.9","3.5"
"20240213","인천","강화군","8.1","12.6","0.5","4.8","-0.5","4.4","-5.7","0.0","0.0","1.0","7.6","2.8","6.4","0.0","0.0","0.0","78.9","63.6","60.1","1.8","6.1","0.0","0.0","0.0","0.0","13.8","10.6","1.9"
"20240212","인천","남구","3.9","8.7","-1.6","3.0","0.5","4.5","-2.9","0.0","0.0","0.8","9.6","1.2","6.6","15.12","7.98","0.0","63.8","70.5","59.6","0.0","7.1","3.9","0.0","0.0","0.0","9.0","7.6","3.4"
"20240212","인천","강화군","1.1","7.5","-5.9","2.2","-0.8","4.2","-6.1","0.0","0.0","0.7","9.8","0.6","6.4","0.0","0.0","0.0","70.8","76.1","60.4","0.0","8.1","0.0","0.0","0.0","0.0","6.3","8.6","1.9"
"20240211","인천","남구","1.1","5.2","-3.0","1.6","0.0","4.0","-3.3","0.0","0.0","0.9","7.2","6.1","6.6","12.16","10.97","0.0","69.3","75.8","59.8","1.1","4.1","3.8","0.0","0.0","0.0","9.4","5.2","3.4"
"20240211","인천","강화군","-1.0","4.8","-6.7","-0.6","-1.3","3.7","-6.6","0.0","0.0","0.8","5.3","4.0","6.4","0.0","0.0","0.0","78.4","84.8","60.3","1.5","4.3","0.0","0.0","0.0","0.0","9.9","4.2","1.9"
"20240210","인천","남구","1.7","5.7","-0.5","3.3","-0.5","3.5","-3.7","0.0","0.2","0.5","9.1","3.3","6.5","13.12","9.28","0.0","72.5","79.3","59.9","0.4","6.0","3.8","0.0","0.0","0.0","7.7","7.6","3.5"
"20240210","인천","강화군","-0.2","5.4","-4.5","2.1","-1.8","3.1","-6.9","0.0","0.6","0.4","8.5","3.0","6.4","0.0","0.0","0.0","79.0","85.8","60.2","0.0","4.8","0.0","0.0","0.0","0.0","7.5","7.2","1.9"
"20240209","인천","남구","1.1","5.2","-2.8","3.9","-0.6","3.4","-4.1","0.0","0.0","0.4","9.7","6.2","6.4","14.83","12.0","0.0","67.4","47.3","60.4","0.9","6.9","3.9","0.0","0.0","0.0","8.2","7.0","3.5"
"20240209","인천","강화군","-0.4","4.6","-6.3","2.1","-2.0","3.1","-7.1","0.0","0.1","0.4","9.8","7.2","6.2","0.0","0.0","0.0","73.8","50.0","60.7","1.5","7.4","0.0","0.0","0.0","0.0","7.3","6.0","1.9"
"20240208","인천","남구","-0.1","4.1","-2.5","1.5","-0.7","3.3","-4.1","0.0","0.0","0.3","8.8","9.6","6.2","13.69","14.45","0.0","66.6","58.9","61.7","1.9","0.5","4.0","0.0","0.0","0.0","6.4","9.3","3.4"
"20240208","인천","강화군","-1.8","3.5","-6.4","1.3","-2.1","3.0","-7.1","0.0","0.0","0.2","9.3","9.8","6.1","0.0","0.0","0.0","76.1","48.8","61.9","2.6","0.0","0.0","0.0","0.0","0.0","5.7","11.5","1.8"
"20240207","인천","남구","-0.1","3.5","-2.5","2.2","-0.8","3.2","-4.2","0.0","0.0","0.4","6.8","6.7","6.3","12.23","10.22","0.0","77.8","78.1","61.8","3.4","2.3","3.9","0.0","0.0","0.0","6.8","6.8","3.4"
"20240207","인천","강화군","-1.4","2.7","-6.3","1.2","-2.2","2.8","-7.3","0.0","0.0","0.3","5.2","6.7","6.2","0.0","0.0","0.0","80.4","82.6","61.8","4.0","2.5","0.0","0.0","0.0","0.0","5.3","4.8","1.8"
"20240206","인천","남구","0.2","1.7","-0.7","2.7","-0.9","3.1","-4.2","0.1","0.0","0.3","0.0","7.6","6.4","4.78","10.5","0.0","86.9","75.5","61.6","9.0","3.3","3.7","1.3","0.0","0.0","5.7","6.7","3.3"
"20240206","인천","강화군","-0.1","1.7","-1.4","-0.2","-2.3","2.8","-7.4","0.1","0.0","0.2","0.1","7.5","6.3","0.0","0.0","0.0","82.5","87.9","61.8","9.4","3.8","0.0","0.0","0.0","0.0","6.7","3.4","1.7"
"20240205","인천","남구","2.2","6.9","0.3","1.8","-0.9","3.1","-4.3","7.4","0.0","0.4","0.0","9.2","6.4","2.56","12.21","0.0","88.9","73.5","62.2","10.0","0.8","3.5","0.9","0.0","0.0","12.0","6.6","3.2"
"20240205","인천","강화군","1.5","4.1","-1.1","-0.9","-2.4","2.7","-7.6","4.6","0.0","0.3","0.0","8.9","6.4","0.0","0.0","0.0","83.6","86.3","62.4","9.9","0.0","0.0","0.0","0.0","0.0","13.5","6.1","1.7"
"20240204","인천","남구","5.3","9.0","1.6","-0.2","-1.2","2.8","-4.5","0.0","0.0","0.4","5.0","8.3","6.8","10.74","12.82","0.0","65.3","57.1","61.2","8.5","2.1","3.2","0.0","0.0","0.0","6.9","6.2","3.1"
"20240204","인천","강화군","4.7","9.0","-1.9","-1.9","-2.7","2.4","-7.9","0.0","0.0","0.3","7.0","8.6","6.8","0.0","0.0","0.0","63.4","65.3","61.7","7.8","1.9","0.0","0.0","0.0","0.0","8.3","6.3","1.7"
"20240203","인천","남구","3.2","7.1","-0.6","-2.2","-1.4","2.6","-4.9","0.0","0.0","0.7","0.2","8.9","7.1","5.74","13.37","0.0","70.8","50.1","60.4","8.9","3.3","2.8","0.0","0.0","0.0","6.0","6.5","3.2"
"20240203","인천","강화군","2.4","7.1","-3.9","-3.4","-3.0","2.2","-8.2","0.0","0.0","0.6","0.7","8.8","7.0","0.0","0.0","0.0","67.5","54.5","60.9","8.6","3.4","0.0","0.0","0.0","0.0","7.2","6.6","1.7"
"20240202","인천","남구","0.6","3.4","-1.2","-3.1","-1.5","2.5","-4.9","0.0","0.0","0.8","5.1","6.5","6.9","9.85","9.71","0.0","74.8","50.8","60.1","5.5","7.4","2.8","0.0","0.0","0.0","6.2","10.3","3.2"
"20240202","인천","강화군","-0.8","4.4","-3.5","-3.3","-3.0","2.2","-8.2","0.0","0.0","0.6","4.9","7.3","6.9","0.0","0.0","0.0","78.5","45.5","61.0","5.8","5.9","0.0","0.0","0.0","0.0","6.3","11.0","1.7"
"20240201","인천","남구","0.6","4.3","-2.2","-0.4","-1.5","2.5","-4.9","0.0","0.0","0.7","6.8","7.4","6.9","10.43","12.03","0.0","67.8","70.3","59.6","5.1","5.0","2.8","0.0","0.0","0.0","8.4","12.7","3.3"
"20240201","인천","강화군","0.2","5.1","-2.6","-0.8","-3.0","2.2","-8.2","0.0","0.0","0.6","8.8","9.2","7.0","0.0","0.0","0.0","61.9","69.0","60.7","5.5","2.8","0.0","0.0","0.0","0.0","8.5","12.7","1.7"
"20240131","인천","남구","3.7","8.3","0.3","2.7","-1.4","2.5","-4.8","0.0","0.0","0.7","8.9","7.0","6.7","12.25","10.5","0.0","58.5","68.1","58.6","2.9","4.0","3.0","0.0","0.0","0.0","8.7","11.2","3.3"
"20240131","인천","강화군","2.8","9.1","-2.1","1.7","-2.9","2.2","-8.2","0.0","0.0","0.5","8.6","0.8","6.9","0.0","0.0","0.0","59.5","81.0","59.9","2.4","7.4","0.0","0.0","0.0","0.0","6.3","9.5","1.7"
"20240130","인천","남구","1.2","5.7","-2.6","-0.6","-1.3","2.6","-4.7","0.0","0.0","0.6","9.2","9.5","6.6","12.58","13.74","0.0","61.3","54.8","58.2","2.0","0.0","3.1","0.0","0.0","0.0","4.8","7.5","3.3"
"20240130","인천","강화군","-1.5","5.8","-6.9","-2.3","-2.8","2.3","-8.0","0.0","0.0","0.5","9.2","9.4","6.8","0.0","0.0","0.0","69.4","62.3","59.7","3.0","0.3","0.0","0.0","0.0","0.0","5.2","8.4","1.7"
"20240129","인천","남구","-0.5","3.6","-4.0","-1.5","-1.3","2.6","-4.7","0.0","0.0","0.3","8.6","6.4","6.4","12.06","10.66","0.0","70.4","56.6","58.6","2.1","3.0","3.3","0.0","0.0","0.0","5.1","11.8","3.3"
"20240129","인천","강화군","-2.5","4.0","-8.5","-2.3","-2.8","2.3","-8.1","0.0","0.0","0.2","8.2","6.5","6.6","0.0","0.0","0.0","79.6","61.5","60.5","1.0","4.4","0.0","0.0","0.0","0.0","6.0","10.5","1.7"
"20240128","인천","남구","-1.9","2.8","-5.1","-5.5","-1.4","2.5","-4.8","0.0","0.0","0.3","5.5","8.8","6.6","10.32","12.35","0.0","64.5","49.8","59.1","2.8","0.8","3.2","0.0","0.0","0.0","5.9","11.8","3.3"
"20240128","인천","강화군","-3.4","1.7","-8.1","-6.9","-2.9","2.2","-8.3","0.0","0.0","0.2","7.5","7.7","6.7","0.0","0.0","0.0","69.4","55.5","60.9","1.1","2.3","0.0","0.0","0.0","0.0","5.8","7.6","1.8"
"20240127","인천","남구","-0.6","4.1","-4.0","-7.0","-1.6","2.3","-5.0","0.0","0.0","0.3","8.0","9.3","6.5","11.77","13.68","0.0","68.8","52.9","59.1","1.9","0.0","3.1","0.0","0.0","0.0","5.7","16.5","3.3"
"20240127","인천","강화군","-1.8","3.3","-7.9","-7.6","-3.2","1.9","-8.5","0.0","0.0","0.2","8.0","9.3","6.5","0.0","0.0","0.0","65.0","51.0","60.9","1.4","0.8","0.0","0.0","0.0","0.0","6.4","12.9","1.7"
"20240126","인천","남구","-1.5","2.9","-5.4","-5.4","-1.9","2.0","-5.4","0.0","1.6","0.3","5.9","0.0","6.8","10.26","4.42","0.0","63.9","75.9","59.3","2.0","8.8","2.9","0.0","8.4","0.0","4.5","7.1","3.3"
"20240126","인천","강화군","-3.7","2.6","-9.0","-6.6","-3.5","1.6","-8.8","0.0","0.3","0.2","7.3","0.2","6.7","0.0","0.0","0.0","74.5","83.8","61.3","1.0","8.5","0.0","0.0","0.0","0.0","5.9","4.7","1.7"
"20240125","인천","남구","-4.8","-1.3","-8.4","-11.3","-2.1","1.7","-5.5","0.0","0.0","0.3","9.4","9.4","6.8","12.93","13.37","0.0","45.1","46.0","60.3","0.0","2.1","2.8","0.0","0.0","0.0","9.6","9.7","3.4"
"20240125","인천","강화군","-5.5","-0.8","-11.6","-12.2","-3.7","1.4","-8.8","0.0","0.0","0.2","9.3","9.3","6.6","0.0","0.0","0.0","47.3","50.5","62.0","1.9","2.5","0.0","0.0","0.0","0.0","7.8","6.2","1.7"
"20240124","인천","남구","-7.6","-4.7","-10.4","-14.6","-2.1","1.7","-5.4","0.0","0.0","0.4","9.4","9.2","6.6","13.0","12.94","0.0","52.4","51.8","61.0","0.0","1.8","3.1","0.0","0.0","0.0","13.8","15.7","3.3"
"20240124","인천","강화군","-7.4","-4.0","-11.1","-15.1","-3.7","1.3","-8.7","0.0","0.0","0.3","9.1","8.8","6.4","0.0","0.0","0.0","48.1","49.3","62.3","0.6","1.1","0.0","0.0","0.0","0.0","12.7","11.4","1.7"
"20240123","인천","남구","-11.5","-9.5","-13.6","-1.4","-2.1","1.6","-5.4","0.0","0.0","0.5","6.4","6.3","6.4","10.89","9.47","0.0","57.3","67.9","61.0","1.8","5.3","3.3","0.0","0.0","0.0","13.5","13.7","3.3"
"20240123","인천","강화군","-11.5","-8.9","-14.1","-3.0","-3.7","1.2","-8.6","0.0","0.0","0.4","8.9","6.6","6.2","0.0","0.0","0.0","52.9","74.1","62.5","3.4","5.5","0.0","0.0","0.0","0.0","12.0","10.6","1.7"
"20240122","인천","남구","-9.2","-3.7","-11.8","0.0","-1.9","1.8","-5.2","0.0","0.0","0.7","3.3","0.3","6.2","7.95","5.05","0.0","66.5","51.8","61.2","5.9","7.1","3.6","0.0","0.0","0.0","14.2","6.8","3.3"
"20240122","인천","강화군","-9.6","-4.1","-12.4","-1.6","-3.4","1.4","-8.3","0.0","0.0","0.4","6.1","0.9","6.0","0.0","0.0","0.0","63.3","71.4","63.1","6.8","8.1","0.0","0.0","0.0","0.0","12.2","4.0","1.7"
"20240121","인천","남구","0.3","2.2","-3.8","-4.3","-1.6","2.1","-4.9","0.1","0.0","0.6","0.0","8.8","6.1","3.61","11.84","0.0","79.3","48.9","61.1","9.5","2.4","3.9","0.0","0.0","0.0","12.2","5.6","3.2"
"20240121","인천","강화군","0.2","2.7","-4.1","-6.4","-3.2","1.7","-8.0","0.0","0.0","0.4","0.0","7.9","5.9","0.0","0.0","0.0","75.0","64.3","63.2","9.1","3.3","0.0","0.0","0.0","0.0","10.0","4.7","1.7"
"20240120","인천","남구","3.3","4.6","1.0","-3.3","-1.4","2.3","-4.7","0.4","0.0","0.6","0.0","8.9","5.9","2.94","12.52","0.0","70.3","46.4","61.2","9.5","0.4","4.0","0.0","0.0","0.0","12.0","14.8","3.2"
"20240120","인천","강화군","1.8","4.3","0.3","-4.4","-3.0","1.9","-7.9","0.4","0.0","0.4","0.0","8.6","5.7","0.0","0.0","0.0","75.9","51.6","63.6","8.4","0.1","0.0","0.0","0.0","0.0","10.8","12.3","1.6"
"20240119","인천","남구","5.6","8.5","4.3","0.6","-1.3","2.5","-4.7","0.0","1.5","0.6","6.4","3.2","5.9","9.12","8.04","0.0","61.6","61.8","61.3","7.1","5.3","4.0","0.0","0.0","0.0","10.1","13.5","3.0"
"20240119","인천","강화군","4.1","8.1","2.0","-0.8","-3.0","2.0","-7.9","0.0","0.8","0.4","6.5","2.0","5.7","0.0","0.0","0.0","66.8","74.0","63.8","6.5","5.4","0.0","0.0","0.0","0.0","9.8","8.6","1.5"
"20240118","인천","남구","4.0","7.8","0.8","-2.6","-1.2","2.7","-4.5","0.1","0.0","0.5","8.2","8.9","5.7","10.6","12.25","0.0","78.4","60.3","62.0","6.5","1.8","4.0","0.0","0.0","0.0","9.9","5.8","3.0"
"20240118","인천","강화군","3.4","7.6","0.1","-4.1","-2.9","2.1","-7.8","0.1","0.0","0.4","8.3","8.7","5.6","0.0","0.0","0.0","78.6","70.8","64.5","4.0","2.4","0.0","0.0","0.0","0.0","8.1","6.5","1.5"
"20240117","인천","남구","0.4","1.1","-1.7","-3.5","-1.3","2.6","-4.7","9.9","0.0","0.4","0.0","0.2","5.9","1.66","5.94","0.0","80.3","61.0","61.8","9.6","8.6","3.8","0.4","0.0","0.0","5.1","5.4","2.9"
"20240117","인천","강화군","-0.9","0.6","-5.4","-5.6","-3.1","2.0","-8.0","6.3","0.0","0.6","0.0","0.2","5.7","0.0","0.0","0.0","81.9","73.3","64.6","9.1","7.6","0.0","0.0","0.0","0.0","4.5","2.6","1.5"
"20240116","인천","남구","-2.2","1.9","-6.3","-5.5","-1.4","2.3","-4.8","0.0","0.0","0.4","8.4","9.2","5.7","10.69","12.39","0.0","46.9","58.3","61.7","3.5","1.0","3.7","0.0","0.0","0.0","5.8","10.3","2.9"
"20240116","인천","강화군","-4.2","2.6","-9.1","-6.4","-3.3","1.9","-8.0","0.0","0.0","0.7","8.0","8.7","5.7","0.0","0.0","0.0","59.6","64.0","64.2","3.0","3.0","0.0","0.0","0.0","0.0","5.4","0.0","1.5"
"20240115","인천","남구","-3.7","-0.1","-6.2","-1.6","-1.6","2.1","-4.8","0.0","1.3","0.6","9.2","0.0","5.6","12.14","1.13","0.0","45.3","91.5","61.9","0.0","9.8","3.8","0.0","0.3","0.0","12.5","8.0","2.9"
"20240115","인천","강화군","-4.0","0.1","-9.2","-2.0","-3.4","1.6","-8.1","0.0","0.5","0.8","8.6","0.0","5.6","0.0","0.0","0.0","41.4","91.8","64.4","0.6","9.6","0.0","0.0","0.0","0.0","8.4","0.0","1.5"
"20240114","인천","남구","0.1","4.3","-3.4","5.4","-1.7","1.9","-5.0","1.9","3.6","0.6","0.5","0.0","5.7","1.81","1.44","0.0","71.6","95.4","61.2","4.1","9.9","3.6","0.0","0.0","0.0","11.6","7.6","3.0"
"20240114","인천","강화군","-0.9","3.2","-5.2","4.4","-3.6","1.5","-8.2","4.1","2.4","0.9","0.3","0.0","5.7","0.0","0.0","0.0","79.4","100.0","64.1","4.5","9.6","0.0","0.0","0.0","0.0","6.0","6.8","1.6"
"20240113","인천","남구","0.4","4.4","-1.9","7.3","-1.9","1.7","-5.2","0.0","36.0","0.5","8.8","0.0","6.0","11.45","1.74","0.0","50.0","95.6","60.3","0.3","10.0","3.4","0.0","0.0","0.0","5.5","8.7","3.0"
"20240113","인천","강화군","-1.9","4.0","-6.2","6.1","-3.7","1.3","-8.5","0.0","31.3","0.8","8.5","0.0","6.0","0.0","0.0","0.0","61.5","100.0","63.3","0.3","9.1","0.0","0.0","0.0","0.0","5.9","5.0","1.6"
"20240112","인천","남구","1.0","3.3","-0.5","6.1","-1.9","1.7","-5.2","0.0","0.0","0.5","8.8","8.8","6.0","11.46","10.24","0.0","59.8","53.1","60.5","0.0","1.9","3.3","0.0","0.0","0.0","7.9","6.0","3.0"
"20240112","인천","강화군","0.4","3.1","-4.1","3.2","-3.7","1.2","-8.5","0.0","0.0","0.5","8.5","8.4","6.0","0.0","0.0","0.0","56.6","62.6","63.2","0.3","3.1","0.0","0.0","0.0","0.0","6.9","3.1","1.5"
"20240111","인천","남구","1.7","4.8","-2.9","1.9","-1.9","1.8","-5.1","0.0","0.0","0.5","2.9","8.4","6.1","7.01","10.71","0.0","80.4","69.8","61.1","5.5","1.9","3.3","0.3","0.0","0.0","7.8","4.9","3.0"
"20240111","인천","강화군","0.8","4.6","-6.6","-1.1","-3.7","1.2","-8.4","0.0","0.0","0.4","1.3","7.9","6.1","0.0","0.0","0.0","85.4","77.5","64.0","6.8","3.4","0.0","0.0","0.0","0.0","8.2","4.6","1.5"
"20240110","인천","남구","-1.6","1.5","-4.1","0.5","-1.8","2.0","-5.1","0.0","0.0","0.3","3.9","8.3","6.0","7.35","10.88","0.0","85.0","61.8","61.4","2.5","2.3","3.3","0.9","0.0","0.0","5.7","5.9","3.1"
"20240110","인천","강화군","-3.0","1.9","-7.7","-1.5","-3.5","1.4","-8.3","0.0","0.0","0.3","8.2","8.2","6.1","0.0","0.0","0.0","83.0","68.3","64.3","0.5","2.0","0.0","0.0","0.0","0.0","6.1","6.7","1.5"
"20240109","인천","남구","-0.3","1.2","-2.5","2.1","-1.7","2.0","-5.0","1.8","0.0","0.6","0.0","8.1","5.9","1.77","10.44","0.0","84.9","57.0","62.2","8.5","3.3","3.4","1.7","0.0","0.0","5.9","11.2","3.1"
"20240109","인천","강화군","-1.3","0.4","-3.0","2.0","-3.5","1.5","-8.2","1.0","0.0","0.7","0.0","8.0","6.0","0.0","0.0","0.0","89.1","55.9","65.1","9.3","2.9","0.0","0.0","0.0","0.0","4.3","10.6","1.5"
"20240108","인천","남구","-4.8","-1.1","-10.0","1.9","-1.5","2.2","-4.8","0.0","0.0","0.7","7.9","6.7","5.7","10.75","9.02","0.0","59.3","63.8","62.8","3.9","5.1","3.7","0.3","0.0","0.0","6.4","4.8","3.2"
"20240108","인천","강화군","-6.0","-2.2","-12.4","-0.6","-3.3","1.6","-7.9","0.0","0.0","0.9","7.3","6.3","5.8","0.0","0.0","0.0","68.5","78.6","65.8","5.4","5.9","0.0","0.0","0.0","0.0","4.8","3.1","1.6"
"20240107","인천","남구","-4.6","-1.6","-8.3","1.5","-1.4","2.3","-4.7","0.0","0.0","0.9","8.9","7.1","5.5","11.99","8.53","0.0","56.5","74.6","62.6","0.0","3.9","3.9","1.5","0.0","0.0","11.3","11.4","3.2"
"20240107","인천","강화군","-99.0","-1.9","-9.1","0.1","-3.2","1.6","-7.9","0.0","0.2","0.9","0.0","5.3","5.6","0.0","0.0","0.0","0.0","85.4","66.1","0.0","4.3","0.0","0.0","0.0","0.0","0.0","9.2","1.6"
"20240106","인천","남구","0.2","4.4","-2.2","1.7","-1.5","2.2","-4.7","2.1","3.2","0.9","8.4","4.4","5.6","10.68","7.14","0.0","68.8","70.1","62.2","2.0","4.9","3.7","1.5","0.0","0.0","7.8","9.3","3.2"
"20240106","인천","강화군","-0.6","3.5","-5.3","-0.3","-3.3","1.7","-7.9","2.2","10.3","0.9","7.6","4.0","5.7","0.0","0.0","0.0","72.0","80.4","65.3","1.8","5.5","0.0","0.0","0.0","0.0","6.4","5.5","1.6"
"20240105","인천","남구","4.8","7.8","0.3","-1.6","-1.4","2.3","-4.7","0.0","0.0","0.9","7.1","2.5","5.7","8.91","5.9","0.0","77.1","67.4","61.9","3.4","2.5","3.6","0.0","0.0","0.0","8.1","3.8","3.1"
"20240105","인천","강화군","3.9","7.6","-1.9","-4.4","-3.2","1.8","-8.0","0.0","0.0","0.9","6.3","3.2","5.8","0.0","0.0","0.0","82.9","74.4","65.2","2.1","3.3","0.0","0.0","0.0","0.0","6.8","2.8","1.6"
"20240104","인천","남구","2.3","5.2","-2.0","-1.5","-1.2","2.5","-4.5","0.0","0.0","0.5","2.9","8.8","5.8","7.12","10.37","0.0","68.5","51.3","61.8","5.9","1.9","3.7","0.0","0.0","0.0","8.4","6.0","3.1"
"20240104","인천","강화군","1.3","5.0","-5.2","-4.1","-3.0","1.9","-7.8","0.0","0.0","0.5","1.9","8.5","5.8","0.0","0.0","0.0","79.3","65.3","65.0","5.4","3.5","0.0","0.0","0.0","0.0","7.8","6.1","1.5"
"20240103","인천","남구","2.1","4.9","-0.4","-4.6","-1.2","2.5","-4.5","0.0","0.0","0.5","1.2","8.9","5.8","4.59","11.26","0.0","78.5","44.6","61.8","6.0","0.0","3.7","0.0","0.0","0.0","8.4","7.7","3.1"
"20240103","인천","강화군","0.7","3.8","-3.4","-6.9","-3.0","2.0","-7.8","0.0","0.0","0.5","0.9","8.5","5.8","0.0","0.0","0.0","84.9","60.4","65.0","5.8","1.1","0.0","0.0","0.0","0.0","7.8","5.8","1.5"
"20240102","인천","남구","-99.0","3.9","1.7","-4.6","-1.2","2.5","-4.5","0.0","0.0","0.4","0.0","8.8","6.0","0.0","11.14","0.0","0.0","45.3","61.9","0.0","0.9","3.5","0.0","0.0","0.0","6.3","7.3","3.2"
"20240102","인천","강화군","-99.0","4.4","-0.4","-5.7","-2.9","2.0","-7.7","0.0","0.0","0.5","0.0","8.5","5.9","0.0","0.0","0.0","0.0","46.3","64.8","0.0","1.4","0.0","0.0","0.0","0.0","6.4","7.8","1.5"
"20240101","인천","남구","2.9","5.2","0.2","-0.6","-1.1","2.6","-4.4","0.0","0.0","0.4","3.3","8.7","5.8","6.49","10.53","0.0","87.1","52.1","62.3","6.6","1.9","3.6","0.0","0.0","0.0","4.0","9.8","3.2"
"20240101","인천","강화군","1.2","5.6","-3.1","-1.2","-2.8","2.0","-7.6","0.0","0.0","0.5","0.0","8.4","5.6","0.0","0.0","0.0","93.3","47.4","65.8","7.0","3.8","0.0","0.0","0.0","0.0","3.9","8.5","1.5"
"20231231","인천","남구","2.8","4.5","0.5","0.2","-1.1","2.6","-4.5","3.1","0.0","0.4","0.9","2.4","5.8","4.38","5.05","0.0","89.6","62.4","62.2","5.9","5.6","3.6","0.0","0.0","0.0","12.3","7.7","3.2"
"20231231","인천","강화군","1.3","4.5","-2.6","-2.1","-2.8","2.0","-7.6","7.4","0.0","0.6","0.0","2.1","5.4","0.0","0.0","0.0","93.1","75.8","65.8","4.4","8.0","0.0","0.0","0.0","0.0","10.7","6.0","1.5"
"20231230","인천","남구","1.6","3.2","0.3","-2.5","-1.2","2.5","-4.6","10.5","0.2","0.4","0.0","8.5","5.7","1.04","10.51","0.0","89.1","68.3","61.6","9.8","2.6","3.6","2.1","0.3","0.0","7.1","6.2","3.2"
"20231230","인천","강화군","0.4","1.9","-2.6","-4.9","-2.9","1.9","-7.7","13.6","0.0","0.6","0.0","8.5","5.4","0.0","0.0","0.0","95.4","73.8","65.2","9.6","1.1","0.0","0.0","0.0","0.0","5.0","6.2","1.5"
"20231229","인천","남구","1.7","3.5","-0.3","-2.8","-1.3","2.3","-4.7","0.0","0.3","0.4","0.0","8.6","5.9","4.09","10.1","0.0","72.9","54.6","60.7","6.8","3.6","3.4","0.0","1.1","0.0","3.3","5.1","3.2"
"20231229","인천","강화군","0.2","3.8","-3.0","-5.7","-3.0","1.7","-7.8","0.0","0.0","0.5","0.0","8.4","5.5","0.0","0.0","0.0","78.0","69.3","64.4","7.0","4.6","0.0","0.0","0.0","0.0","4.7","4.6","1.5"
"20231228","인천","남구","1.3","3.6","-1.1","-3.2","-1.3","2.4","-4.7","0.0","0.2","0.4","5.9","8.2","5.9","8.06","10.2","0.0","71.6","55.4","60.4","3.6","3.1","3.3","0.0","0.4","0.0","7.1","9.0","3.1"
"20231228","인천","강화군","-1.2","4.3","-6.4","-4.8","-2.9","1.8","-7.7","0.0","0.0","0.4","0.0","7.9","5.6","0.0","0.0","0.0","79.0","62.6","63.8","5.3","4.5","0.0","0.0","0.0","0.0","5.9","7.2","1.5"
"20231227","인천","남구","1.0","5.5","-2.6","-1.7","-1.1","2.6","-4.5","0.0","0.0","0.4","8.6","8.5","6.0","9.27","9.8","0.0","78.5","66.6","60.5","0.3","1.0","3.2","0.0","0.0","0.0","3.9","4.7","3.2"
"20231227","인천","강화군","-1.7","5.4","-6.4","-5.2","-2.7","2.1","-7.5","0.0","0.0","0.4","0.0","8.4","5.9","0.0","0.0","0.0","80.9","80.5","63.3","2.0","2.5","0.0","0.0","0.0","0.0","4.0","5.0","1.6"
"20231226","인천","남구","2.5","6.6","-1.5","-3.7","-0.8","2.9","-4.2","0.0","0.0","0.5","7.8","6.3","6.0","10.1","7.35","0.0","70.8","62.1","61.4","3.0","2.1","3.3","0.0","0.0","0.0","9.3","4.7","3.3"
"20231226","인천","강화군","-0.2","6.8","-4.7","-6.5","-2.4","2.4","-7.1","0.0","0.0","0.5","0.0","6.4","5.8","0.0","0.0","0.0","81.5","77.5","64.2","3.0","3.8","0.0","0.0","0.0","0.0","8.6","3.6","1.6"
"20231225","인천","남구","-0.3","1.9","-1.8","-4.9","-0.4","3.4","-3.8","0.2","0.0","0.6","3.7","8.8","6.0","6.35","10.51","0.0","74.6","62.3","62.6","4.6","0.4","3.3","0.7","0.0","0.0","8.3","6.6","3.3"
"20231225","인천","강화군","-2.0","1.8","-6.0","-7.0","-2.0","2.8","-6.7","0.2","0.0","0.5","0.0","8.3","5.8","0.0","0.0","0.0","86.0","73.6","65.1","5.4","4.4","0.0","0.0","0.0","0.0","6.3","6.4","1.6"
"20231224","인천","남구","-2.5","1.3","-5.5","-9.0","0.3","4.1","-3.2","1.3","0.0","0.7","6.3","8.8","5.9","8.83","10.6","0.0","78.4","54.1","64.1","5.1","0.8","3.5","4.1","0.0","0.0","4.4","6.7","3.4"
"20231224","인천","강화군","-4.1","0.8","-8.6","-10.5","-1.3","3.5","-6.1","0.5","0.0","0.6","0.0","8.3","5.8","0.0","0.0","0.0","82.1","62.9","66.4","5.8","5.5","0.0","0.0","0.0","0.0","4.8","5.2","1.6"
"20231223","인천","남구","-6.3","-2.1","-11.9","-11.3","0.7","4.6","-2.8","0.0","0.0","0.9","7.4","7.0","5.9","9.8","9.25","0.0","57.0","60.6","65.1","4.1","3.4","3.6","0.0","0.0","0.0","6.2","16.6","3.3"
"20231223","인천","강화군","-8.0","-2.9","-14.3","-11.8","-1.0","4.0","-5.8","0.0","0.0","0.8","0.0","7.9","5.8","0.0","0.0","0.0","62.0","58.6","67.7","5.5","5.4","0.0","0.0","0.0","0.0","4.1","11.6","1.6"
"20231222","인천","남구","-11.5","-8.9","-14.2","-7.7","0.9","4.8","-2.5","0.0","0.0","0.9","8.7","6.4","5.8","10.82","9.28","0.0","56.3","61.4","65.2","0.0","1.4","3.9","0.1","0.0","0.0","14.4","17.0","3.1"
"20231222","인천","강화군","-12.1","-8.3","-16.1","-8.3","-0.8","4.2","-5.7","0.0","0.0","0.7","0.0","7.7","5.6","0.0","0.0","0.0","57.3","60.4","68.2","0.6","2.8","0.0","0.0","0.0","0.0","11.0","14.0","1.5"
"20231221","인천","남구","-11.6","-8.9","-13.9","0.9","0.9","4.8","-2.6","0.0","3.9","0.7","8.7","1.6","5.8","10.95","4.6","0.0","60.8","78.8","64.2","0.5","7.9","3.8","0.3","3.8","0.0","10.4","10.3","3.1"
"20231221","인천","강화군","-12.0","-9.0","-16.0","-0.4","-0.8","4.3","-5.9","0.0","5.7","0.6","0.0","0.4","5.7","0.0","0.0","0.0","59.9","84.9","67.2","0.9","8.0","0.0","0.0","0.0","0.0","8.5","8.5","1.5"
"20231220","인천","남구","-7.8","-3.2","-11.5","-2.5","0.6","4.5","-2.9","0.2","0.0","0.6","5.6","6.0","5.9","8.42","9.04","0.0","66.8","50.3","63.3","2.6","5.1","3.7","1.1","0.0","0.0","12.5","7.6","3.0"
"20231220","인천","강화군","-8.5","-3.7","-12.3","-4.2","-1.2","3.9","-6.0","0.0","0.0","0.6","6.2","6.5","5.8","0.0","0.0","0.0","65.4","57.3","66.8","3.1","6.3","0.0","0.0","0.0","0.0","9.8","3.8","1.5"
"20231219","인천","남구","-3.9","-0.9","-7.5","-7.1","0.2","4.0","-3.2","0.1","0.0","0.6","1.0","3.4","5.8","5.22","6.76","0.0","62.6","50.5","62.5","7.4","2.6","3.6","0.8","0.0","0.0","7.6","5.0","3.1"
"20231219","인천","강화군","-5.0","-1.8","-9.5","-8.9","-1.5","3.5","-6.4","0.7","0.0","0.5","1.3","4.2","5.8","0.0","0.0","0.0","66.3","63.6","66.2","8.3","4.1","0.0","0.0","0.0","0.0","7.7","3.5","1.5"
"20231218","인천","남구","-7.8","-4.9","-11.4","-9.7","0.0","3.8","-3.3","0.0","0.0","0.5","3.1","8.6","5.7","6.58","10.62","0.0","44.9","47.6","61.7","6.5","0.0","3.7","0.0","0.0","0.0","7.9","9.0","3.2"
"20231218","인천","강화군","-8.7","-4.6","-13.5","-10.2","-1.6","3.3","-6.5","0.0","0.0","0.4","5.5","8.4","5.6","0.0","0.0","0.0","51.6","50.5","65.6","7.6","2.3","0.0","0.0","0.0","0.0","6.6","10.0","1.5"
"20231217","인천","남구","-9.7","-6.9","-12.1","-7.3","0.0","3.7","-3.3","0.0","1.3","0.6","8.7","7.5","5.8","10.93","9.71","0.0","51.6","52.5","60.8","0.0","3.5","3.5","0.0","2.1","0.0","13.3","11.8","3.3"
"20231217","인천","강화군","-10.3","-6.8","-12.7","-8.3","-1.6","3.1","-6.3","0.0","0.1","0.4","8.4","7.5","5.7","0.0","0.0","0.0","54.6","58.5","65.0","0.5","3.5","0.0","0.0","0.0","0.0","10.2","8.3","1.5"
"20231216","인천","남구","-4.2","3.6","-9.9","-6.9","0.1","3.7","-3.2","0.3","0.0","0.7","1.6","7.9","5.7","5.45","9.97","0.0","71.8","47.4","60.7","6.4","5.6","3.5","0.8","0.0","0.0","18.5","9.4","3.3"
"20231216","인천","강화군","-5.1","3.1","-10.4","-7.6","-1.6","3.1","-6.3","0.0","0.0","0.6","3.9","7.9","5.5","0.0","0.0","0.0","70.3","47.4","65.2","6.1","5.6","0.0","0.0","0.0","0.0","17.9","7.8","1.5"
"20231215","인천","남구","4.6","6.7","3.3","-4.3","0.2","3.9","-3.1","27.3","2.5","0.8","0.0","1.4","5.7","1.19","3.66","0.0","94.8","75.0","60.1","10.0","6.4","3.5","0.0","4.6","0.0","10.4","9.5","3.4"
"20231215","인천","강화군","3.6","5.1","3.0","-5.1","-1.4","3.3","-6.2","20.6","1.5","0.6","0.0","0.3","5.5","0.0","0.0","0.0","95.8","80.1","64.5","9.8","6.0","0.0","0.0","0.0","0.0","11.5","8.1","1.5"
"20231214","인천","남구","7.7","9.4","6.6","-8.2","0.5","4.1","-2.8","17.0","0.0","0.8","0.0","8.7","5.8","1.17","10.73","0.0","85.8","52.1","59.7","10.0","0.6","3.6","0.0","0.0","0.0","10.7","15.5","3.3"
"20231214","인천","강화군","5.9","8.2","4.9","-9.1","-1.3","3.5","-6.1","25.4","0.0","0.6","0.0","8.3","5.6","0.0","0.0","0.0","94.5","57.5","64.6","9.8","1.8","0.0","0.0","0.0","0.0","10.6","7.8","1.5"
"20231213","인천","남구","7.0","9.9","2.2","0.2","0.6","4.3","-2.6","0.0","1.3","0.7","1.4","1.4","5.9","5.6","5.1","0.0","72.3","67.8","59.6","7.8","6.4","3.5","0.0","0.9","0.0","6.0","19.6","3.3"
"20231213","인천","강화군","5.4","9.3","-0.9","-1.1","-1.1","3.7","-5.8","0.0","0.6","0.5","1.8","2.7","5.8","0.0","0.0","0.0","81.4","72.5","64.5","6.6","6.1","0.0","0.0","0.0","0.0","4.5","16.4","1.5"
"20231212","인천","남구","4.5","7.8","2.9","2.5","1.0","4.7","-2.4","0.0","2.1","0.8","3.9","1.5","5.6","6.26","3.84","0.0","77.0","68.0","60.9","5.1","7.3","3.9","0.0","0.0","0.0","9.3","8.9","3.3"
"20231212","인천","강화군","3.1","7.7","-0.3","0.0","-0.8","4.1","-5.6","0.0","2.1","0.7","3.8","0.6","5.5","0.0","0.0","0.0","80.4","80.4","65.5","4.0","7.9","0.0","0.0","0.0","0.0","12.4","8.7","1.6"
"20231211","인천","남구","8.5","11.2","4.8","1.7","1.2","5.0","-2.2","13.4","0.0","0.7","0.0","8.8","5.7","1.5","10.78","0.0","84.8","49.3","60.7","10.0","1.1","3.9","0.0","0.0","0.0","15.4","7.6","3.3"
"20231211","인천","강화군","6.1","9.9","2.6","0.7","-0.5","4.4","-5.3","20.0","0.0","0.7","0.0","8.5","5.6","0.0","0.0","0.0","91.4","49.6","65.3","7.6","1.1","0.0","0.0","0.0","0.0","14.1","7.7","1.6"
"20231210","인천","남구","9.1","12.3","5.3","2.7","1.5","5.2","-1.8","0.0","0.0","0.9","6.5","3.5","5.5","8.37","6.56","0.0","52.5","42.9","61.8","5.5","7.1","4.0","0.0","0.0","0.0","7.1","7.6","3.3"
"20231210","인천","강화군","8.5","12.9","0.9","1.4","-0.1","4.6","-4.9","0.0","0.0","0.9","6.8","4.5","5.5","0.0","0.0","0.0","47.8","53.0","66.2","5.3","7.0","0.0","0.0","0.0","0.0","7.7","10.8","1.6"
"20231209","인천","남구","12.2","14.5","9.1","5.3","1.8","5.4","-1.5","0.0","0.0","0.9","1.7","7.7","5.3","4.06","8.89","0.0","86.9","56.4","62.6","7.4","2.5","4.2","0.0","0.0","0.0","8.2","8.0","3.3"
"20231209","인천","강화군","12.2","14.9","7.0","2.9","0.2","4.8","-4.5","0.0","0.2","1.0","0.3","7.0","5.3","0.0","0.0","0.0","83.0","76.4","66.3","7.0","4.1","0.0","0.0","0.0","0.0","8.2","6.1","1.7"
"20231208","인천","남구","11.6","16.0","7.1","4.5","1.8","5.4","-1.6","0.0","0.0","1.2","7.8","8.6","5.3","8.92","10.32","0.0","72.8","51.4","62.7","0.1","1.0","4.3","0.0","0.0","0.0","13.1","6.0","3.2"
"20231208","인천","강화군","11.5","15.5","4.4","1.3","0.2","4.8","-4.6","0.0","0.0","1.3","4.4","8.4","5.2","0.0","0.0","0.0","77.0","70.4","66.4","3.1","0.9","0.0","0.0","0.0","0.0","15.1","4.4","1.6"
"20231207","인천","남구","7.2","11.6","2.0","5.2","1.7","5.3","-1.6","0.0","0.7","1.1","7.8","7.2","5.4","9.37","8.76","0.0","63.0","58.8","61.6","0.9","2.6","4.1","0.0","0.0","0.0","10.1","11.0","3.3"
"20231207","인천","강화군","6.0","11.1","-2.6","3.6","0.2","4.8","-4.6","0.0","0.0","1.2","7.2","8.5","5.4","0.0","0.0","0.0","72.1","63.3","64.9","1.0","1.5","0.0","0.0","0.0","0.0","10.6","11.1","1.6"
"20231206","인천","남구","7.5","10.1","5.5","1.5","1.8","5.4","-1.6","2.5","0.1","1.2","0.0","5.2","5.5","2.03","8.31","0.0","72.4","62.9","61.7","6.3","6.6","4.1","0.0","0.6","0.0","11.7","7.9","3.4"
"20231206","인천","강화군","6.5","10.3","2.1","-0.1","0.3","4.9","-4.5","0.4","0.1","1.1","0.0","6.2","5.3","0.0","0.0","0.0","78.5","75.3","64.9","5.8","6.0","0.0","0.0","0.0","0.0","11.2","10.8","1.6"
"20231205","인천","남구","7.0","10.7","4.5","-3.2","2.0","5.7","-1.5","0.0","0.0","1.1","3.7","8.6","5.5","6.31","11.13","0.0","55.0","42.6","61.0","5.1","2.8","4.1","0.0","0.0","0.0","5.1","9.3","3.3"
"20231205","인천","강화군","6.5","10.1","3.6","-4.1","0.5","5.2","-4.4","0.0","0.0","1.1","2.5","8.3","5.3","0.0","0.0","0.0","60.1","51.6","64.2","8.3","3.0","0.0","0.0","0.0","0.0","3.5","7.2","1.6"
"20231204","인천","남구","3.9","8.7","-1.9","-3.8","2.3","6.2","-1.3","0.0","0.0","1.0","7.8","1.0","5.6","10.22","6.31","0.0","59.0","34.1","60.6","3.3","7.3","4.0","0.0","0.0","0.0","5.5","15.0","3.3"
"20231204","인천","강화군","1.9","7.6","-5.0","-4.2","0.8","5.7","-4.2","0.0","0.0","1.0","6.6","1.3","5.5","0.0","0.0","0.0","71.9","36.4","63.8","5.4","8.4","0.0","0.0","0.0","0.0","4.3","8.8","1.6"
"20231203","인천","남구","1.0","4.9","-1.5","2.7","2.8","6.8","-0.8","0.0","1.4","0.8","8.8","4.1","5.5","11.14","7.33","0.0","56.1","70.5","61.4","0.0","6.5","3.9","0.0","0.4","0.0","7.0","12.3","3.3"
"20231203","인천","강화군","-0.9","4.4","-5.2","1.1","1.3","6.2","-3.6","0.0","2.2","0.6","8.6","4.4","5.3","0.0","0.0","0.0","65.9","83.5","64.6","0.0","8.0","0.0","0.0","0.0","0.0","5.1","7.6","1.6"
"20231202","인천","남구","2.8","7.0","-2.4","-2.3","3.3","7.3","-0.2","0.0","0.0","1.0","3.9","8.1","5.5","7.77","10.98","0.0","59.9","35.9","63.0","4.6","2.6","3.9","0.0","0.0","0.0","12.7","8.4","3.1"
"20231202","인천","강화군","1.7","7.2","-6.5","-3.8","1.7","6.8","-3.2","0.2","0.0","0.7","5.7","7.7","5.3","0.0","0.0","0.0","66.4","45.6","66.4","5.8","3.6","0.0","0.0","0.0","0.0","9.6","5.8","1.5"
"20231201","인천","남구","-2.7","0.1","-6.0","-5.3","3.8","7.7","0.4","0.0","0.0","0.9","8.6","8.1","5.3","11.52","10.18","0.0","55.8","43.1","64.7","1.1","1.9","4.0","0.0","0.0","0.0","7.0","9.9","3.0"
"20231201","인천","강화군","-4.5","0.8","-9.0","-6.2","2.1","7.2","-2.6","0.0","0.0","0.8","8.5","8.0","5.2","0.0","0.0","0.0","66.3","49.8","67.6","0.6","3.0","0.0","0.0","0.0","0.0","8.6","7.4","1.5"
"20231130","인천","남구","-3.9","-1.2","-6.5","-5.6","4.2","8.1","0.8","0.0","0.0","0.9","9.0","8.9","5.3","11.63","11.44","0.0","51.4","48.6","65.2","0.3","2.3","4.1","0.0","0.0","0.0","12.4","14.9","3.0"
"20231130","인천","강화군","-4.7","-1.2","-7.3","-5.9","2.6","7.6","-2.1","0.0","0.0","0.9","8.6","8.6","5.1","0.0","0.0","0.0","53.0","49.9","68.1","0.6","2.0","0.0","0.0","0.0","0.0","8.6","10.8","1.5"
"20231129","인천","남구","-0.9","2.7","-3.9","5.8","4.4","8.2","1.0","0.0","2.4","1.1","2.6","2.1","5.3","5.19","5.67","0.0","60.5","58.8","65.5","4.4","9.5","4.3","0.0","0.0","0.0","15.2","16.3","3.0"
"20231129","인천","강화군","-2.3","1.1","-5.2","5.0","2.8","7.8","-1.8","0.0","1.8","1.0","1.7","2.8","5.0","0.0","0.0","0.0","58.9","61.4","68.3","5.1","9.5","0.0","0.0","0.0","0.0","11.8","12.3","1.6"
"20231128","인천","남구","1.2","5.5","-1.2","13.0","4.6","8.3","1.2","0.0","30.1","1.3","5.8","0.5","5.2","9.28","3.44","0.0","59.6","68.8","65.8","3.4","9.5","4.5","0.0","0.0","0.0","11.6","11.2","3.1"
"20231128","인천","강화군","0.1","4.2","-2.0","12.3","3.0","7.9","-1.7","0.0","56.1","1.1","6.6","0.4","5.0","0.0","0.0","0.0","58.3","73.8","68.3","3.9","9.4","0.0","0.0","0.0","0.0","11.3","10.2","1.6"
"20231127","인천","남구","6.7","9.4","4.7","6.0","4.8","8.6","1.4","4.6","0.0","1.6","2.7","6.2","5.2","4.94","9.33","0.0","80.9","38.9","65.4","7.1","2.6","4.5","0.0","0.0","0.0","11.2","5.6","3.1"
"20231127","인천","강화군","6.6","9.7","2.8","3.5","3.2","8.1","-1.4","11.7","0.0","1.3","1.6","6.4","4.9","0.0","0.0","0.0","86.3","52.8","68.2","8.0","3.3","0.0","0.0","0.0","0.0","9.8","4.1","1.6"
"20231126","인천","남구","3.6","6.7","-0.3","6.5","5.1","9.0","1.7","0.0","0.0","1.7","1.7","8.7","5.2","6.64","11.19","0.0","44.8","47.4","64.9","9.3","0.0","4.5","0.0","0.0","0.0","5.6","10.1","3.1"
"20231126","인천","강화군","2.9","6.1","-1.0","4.9","3.5","8.5","-1.2","0.4","0.0","1.5","1.3","8.2","4.8","0.0","0.0","0.0","59.0","55.8","68.3","9.4","0.4","0.0","0.0","0.0","0.0","4.6","8.7","1.6"
"20231125","인천","남구","-1.8","1.7","-5.6","12.4","5.4","9.3","1.9","0.0","0.1","1.7","9.1","8.5","5.3","11.97","10.6","0.0","46.5","67.9","65.0","1.5","3.4","4.4","0.0","0.0","0.0","8.7","12.6","3.1"
"20231125","인천","강화군","-2.5","1.8","-7.6","12.0","3.6","8.8","-1.1","0.0","0.9","1.4","8.8","6.7","4.9","0.0","0.0","0.0","48.0","81.6","68.8","2.4","6.5","0.0","0.0","0.0","0.0","7.4","15.5","1.6"
"20231124","인천","남구","-1.4","2.4","-4.0","10.0","5.7","9.7","2.2","0.0","0.0","1.7","8.6","6.6","5.3","11.67","9.6","0.0","56.4","68.5","64.5","0.8","4.0","4.3","0.0","0.0","0.0","12.2","8.0","3.1"
"20231124","인천","강화군","-1.9","1.2","-4.9","7.8","3.9","9.1","-0.9","0.0","0.0","1.4","8.7","3.4","5.0","0.0","0.0","0.0","54.5","86.1","68.9","0.3","6.1","0.0","0.0","0.0","0.0","10.7","4.2","1.6"
"20231123","인천","남구","9.2","13.9","2.4","10.3","5.8","9.9","2.3","0.0","0.0","1.6","4.9","8.5","5.6","8.49","11.46","0.0","76.6","61.0","63.7","4.8","3.1","4.2","0.0","0.0","0.0","14.5","8.2","3.0"
"20231123","인천","강화군","8.5","14.2","0.7","9.3","4.0","9.2","-0.9","0.0","0.2","1.3","5.7","8.1","5.3","0.0","0.0","0.0","76.1","68.5","68.6","3.9","3.0","0.0","0.0","0.0","0.0","11.3","7.8","1.6"
"20231122","인천","남구","10.4","13.6","5.6","10.2","5.9","9.9","2.3","0.0","0.0","1.2","0.7","0.5","5.6","6.9","5.05","0.0","71.4","75.9","63.0","7.6","8.8","4.1","0.0","0.0","0.0","9.7","5.7","3.0"
"20231122","인천","강화군","9.5","13.6","2.9","7.9","4.1","9.2","-0.8","0.0","0.2","1.1","0.3","0.3","5.4","0.0","0.0","0.0","80.5","91.3","68.0","8.9","8.6","0.0","0.0","0.0","0.0","6.7","4.9","1.6"
"20231121","인천","남구","8.0","13.2","2.8","12.3","5.9","10.0","2.2","0.0","0.0","1.8","9.0","3.7","5.7","12.09","6.57","0.0","64.6","73.5","62.4","0.0","6.3","4.1","0.0","0.0","0.0","5.1","6.3","3.1"
"20231121","인천","강화군","5.1","12.1","-1.3","9.6","4.2","9.4","-1.0","0.0","0.0","1.4","9.1","1.7","5.5","0.0","0.0","0.0","79.6","84.6","67.5","0.6","5.8","0.0","0.0","0.0","0.0","5.6","5.8","1.7"
"20231120","인천","남구","6.5","10.7","3.3","13.6","5.9","10.0","2.2","0.0","0.0","1.8","9.0","9.1","5.8","12.51","11.29","0.0","56.0","65.1","61.4","0.0","2.3","4.0","0.0","0.0","0.0","6.6","4.8","3.2"
"20231120","인천","강화군","4.6","11.5","-0.5","10.5","4.2","9.4","-0.9","0.0","0.0","1.6","9.1","8.5","5.7","0.0","0.0","0.0","63.6","71.8","66.4","0.0","1.9","0.0","0.0","0.0","0.0","5.8","5.1","1.7"
"20231119","인천","남구","7.1","13.0","0.7","13.5","6.1","10.2","2.6","0.0","0.0","1.9","4.7","8.8","5.7","7.99","11.05","0.0","69.0","54.4","61.6","3.1","4.5","4.0","0.0","0.0","0.0","12.9","8.1","3.2"
"20231119","인천","강화군","5.9","13.4","-1.8","10.6","4.5","9.6","-0.6","0.0","0.0","1.7","5.9","7.7","5.6","0.0","0.0","0.0","72.5","72.8","66.4","2.6","5.4","0.0","0.0","0.0","0.0","9.3","4.7","1.7"
"20231118","인천","남구","1.0","4.9","-2.9","11.5","6.4","10.5","2.8","0.0","0.0","2.1","8.6","9.0","5.7","12.21","11.53","0.0","62.5","70.5","61.6","0.4","0.6","4.0","0.0","0.0","0.0","16.6","6.1","3.1"
"20231118","인천","강화군","0.4","4.8","-3.3","8.5","4.8","10.0","-0.3","0.0","0.0","1.8","9.0","8.5","5.6","0.0","0.0","0.0","62.6","84.6","66.4","0.1","2.5","0.0","0.0","0.0","0.0","14.0","5.8","1.7"
"20231117","인천","남구","1.6","6.6","-1.6","11.1","6.7","10.7","3.2","2.3","0.0","2.0","3.5","9.1","5.7","5.95","11.56","0.0","60.5","67.0","61.7","3.9","1.5","4.1","0.0","0.0","0.0","14.5","5.6","3.1"
"20231117","인천","강화군","0.9","5.9","-2.0","8.5","5.1","10.3","0.0","0.0","0.0","1.7","4.4","8.7","5.6","0.0","0.0","0.0","58.6","87.6","66.3","3.0","1.1","0.0","0.0","0.0","0.0","12.5","5.5","1.7"
"20231116","인천","남구","7.1","8.3","6.2","9.4","7.1","11.1","3.7","10.1","0.0","1.3","0.0","8.4","5.8","1.25","12.12","0.0","81.9","68.0","61.7","9.9","2.8","4.0","0.0","0.0","0.0","9.8","6.2","3.1"
"20231116","인천","강화군","6.2","7.6","4.3","6.1","5.5","10.6","0.6","8.8","0.0","1.2","0.0","6.2","5.7","0.0","0.0","0.0","92.4","84.9","65.8","9.5","5.6","0.0","0.0","0.0","0.0","9.0","8.1","1.7"
"20231115","인천","남구","7.4","10.2","4.2","8.6","7.8","11.7","4.3","0.0","1.0","1.5","0.7","3.6","5.5","5.51","7.22","0.0","71.0","71.9","62.6","6.4","5.5","4.3","0.0","0.0","0.0","4.1","13.7","3.0"
"20231115","인천","강화군","4.9","9.6","-0.9","6.5","6.2","11.3","1.3","0.0","3.4","1.4","0.1","3.2","5.4","0.0","0.0","0.0","83.9","87.4","66.5","7.0","5.9","0.0","0.0","0.0","0.0","3.3","8.1","1.7"
"20231114","인천","남구","5.5","10.6","0.3","9.3","8.2","12.2","4.6","0.0","0.0","1.4","9.1","6.1","5.8","12.24","10.93","0.0","67.0","70.0","62.7","1.8","5.9","4.1","0.0","0.0","0.0","4.6","9.4","3.0"
"20231114","인천","강화군","3.1","9.9","-2.5","8.2","6.7","11.7","1.7","0.0","0.0","1.4","9.0","7.4","5.7","0.0","0.0","0.0","81.8","76.1","66.5","2.0","3.9","0.0","0.0","0.0","0.0","5.8","8.8","1.7"
"20231113","인천","남구","2.5","6.0","-1.4","9.5","8.7","12.7","5.2","0.0","0.0","1.7","9.3","0.5","5.7","13.5","6.65","0.0","55.1","77.8","63.7","0.0","8.1","4.1","0.0","0.0","0.0","8.2","9.3","3.0"
"20231113","인천","강화군","0.6","6.1","-4.4","8.5","7.3","12.2","2.3","0.0","0.0","1.7","9.4","3.5","5.6","0.0","0.0","0.0","64.5","84.3","66.8","0.3","7.4","0.0","0.0","0.0","0.0","7.6","12.4","1.8"
"20231112","인천","남구","1.4","4.3","-0.9","16.3","9.3","13.2","5.8","0.0","47.7","1.8","8.4","1.7","5.5","13.0","6.52","0.0","56.6","76.1","64.3","1.0","8.1","4.3","0.0","0.0","0.0","8.9","13.0","3.0"
"20231112","인천","강화군","0.4","4.7","-3.8","15.6","7.8","12.7","2.9","0.0","37.6","1.8","9.2","1.2","5.5","0.0","0.0","0.0","63.5","82.8","67.2","0.0","8.0","0.0","0.0","0.0","0.0","7.6","17.0","1.8"
"20231111","인천","남구","1.5","5.1","-1.7","15.5","9.6","13.6","6.1","0.0","0.0","1.9","6.3","8.9","5.5","10.51","11.48","0.0","48.8","58.5","64.0","2.5","0.0","4.4","0.0","0.0","0.0","8.6","7.5","3.0"
"20231111","인천","강화군","0.9","5.0","-2.8","12.7","8.2","13.1","3.2","0.0","0.0","2.0","6.5","8.6","5.5","0.0","0.0","0.0","49.4","73.6","67.0","1.9","1.9","0.0","0.0","0.0","0.0","9.4","5.4","1.9"
"20231110","인천","남구","2.9","8.4","0.1","13.0","9.8","13.7","6.2","0.0","0.0","2.3","9.3","8.2","5.6","14.01","10.42","0.0","51.8","76.0","64.1","1.1","0.1","4.3","0.0","0.0","0.0","11.8","6.1","3.0"
"20231110","인천","강화군","2.3","6.6","0.2","10.7","8.3","13.3","3.3","0.0","0.0","2.2","9.5","6.7","5.5","0.0","0.0","0.0","48.5","87.6","66.6","1.3","4.4","0.0","0.0","0.0","0.0","10.2","4.9","1.9"
"20231109","인천","남구","11.9","18.6","8.0","11.4","10.1","14.1","6.6","3.7","0.0","2.5","1.5","5.6","5.2","6.07","9.82","0.0","66.4","80.4","65.1","5.5","5.6","4.6","0.0","0.0","0.0","10.4","5.1","2.9"
"20231109","인천","강화군","10.7","17.8","4.5","8.8","8.7","13.6","3.7","3.6","0.0","2.6","2.9","0.4","5.2","0.0","0.0","0.0","72.1","96.0","67.0","5.4","8.4","0.0","0.0","0.0","0.0","10.1","3.7","1.9"
"20231108","인천","남구","8.9","13.6","3.0","12.6","10.6","14.6","7.0","0.0","0.0","2.3","8.5","8.9","5.1","11.91","11.7","0.0","57.5","76.3","66.1","4.0","2.5","4.7","0.0","0.0","0.0","5.4","4.9","2.8"
"20231108","인천","강화군","6.3","13.9","-0.5","10.0","9.2","14.2","4.1","0.0","0.0","2.3","9.6","9.2","5.1","0.0","0.0","0.0","72.4","85.5","68.1","3.0","3.9","0.0","0.0","0.0","0.0","4.8","6.0","1.8"
"20231107","인천","남구","5.5","8.2","3.3","11.7","11.0","15.2","7.2","0.0","0.0","2.4","9.3","4.2","5.3","14.15","9.35","0.0","59.6","64.4","67.1","1.1","6.4","4.5","0.0","0.0","0.0","17.8","6.0","2.7"
"20231107","인천","강화군","4.2","7.9","1.0","10.1","9.5","14.8","4.2","0.0","0.0","2.3","9.6","3.5","5.3","0.0","0.0","0.0","70.6","79.6","69.3","2.3","7.9","0.0","0.0","0.0","0.0","19.2","7.0","1.7"
"20231106","인천","남구","13.5","19.6","7.1","10.4","11.3","15.6","7.4","27.1","0.0","2.3","1.9","9.2","5.5","6.25","14.05","0.0","81.1","58.1","67.6","9.5","3.5","4.2","0.0","0.0","0.0","21.7","5.8","2.6"
"20231106","인천","강화군","13.0","20.7","7.2","7.9","9.7","15.2","4.2","33.6","0.0","2.3","1.6","9.5","5.4","0.0","0.0","0.0","83.9","75.3","70.1","8.9","2.0","0.0","0.0","0.0","0.0","18.0","6.3","1.7"
"20231105","인천","남구","17.4","19.3","15.4","8.0","11.5","16.0","7.5","15.3","0.0","1.4","0.0","9.4","6.1","2.46","14.49","0.0","87.0","48.4","67.1","9.4","0.4","3.9","0.0","0.0","0.0","13.0","5.9","2.5"
"20231105","인천","강화군","16.7","18.7","14.7","5.1","9.8","15.5","4.1","28.0","0.0","1.6","0.0","9.8","5.9","0.0","0.0","0.0","90.9","68.1","70.3","9.0","1.0","0.0","0.0","0.0","0.0","7.5","6.9","1.6"
"20231104","인천","남구","17.0","20.5","13.1","5.0","11.5","16.0","7.4","0.0","0.0","1.2","2.8","9.6","6.4","8.17","14.95","0.0","70.3","39.5","66.2","6.8","0.3","3.6","0.0","0.0","0.0","6.5","11.1","2.5"
"20231104","인천","강화군","15.6","20.6","10.4","3.3","9.7","15.5","3.9","0.0","0.0","1.1","4.8","9.9","6.3","0.0","0.0","0.0","72.5","48.0","70.0","6.5","0.0","0.0","0.0","0.0","0.0","6.0","13.3","1.5"
"20231103","인천","남구","18.7","20.5","16.0","9.4","11.3","15.8","7.2","0.0","0.0","1.2","0.4","0.6","6.7","5.19","4.77","0.0","84.5","55.4","64.8","8.4","7.0","3.4","0.0","0.0","0.0","11.0","9.8","2.5"
"20231103","인천","강화군","17.9","20.5","13.0","8.8","9.4","15.2","3.6","0.0","0.0","1.1","0.3","0.2","6.7","0.0","0.0","0.0","88.8","58.6","68.4","8.4","8.6","0.0","0.0","0.0","0.0","11.0","8.1","1.5"
"20231102","인천","남구","19.7","23.2","17.8","10.8","11.1","15.6","7.1","0.0","0.0","1.4","9.3","9.6","6.7","13.48","14.84","0.0","78.8","53.9","63.5","4.1","0.0","3.5","0.0","0.0","0.0","11.0","6.0","2.6"
"20231102","인천","강화군","19.7","22.6","17.8","8.7","9.4","15.2","3.5","0.0","0.0","1.2","8.4","9.8","6.6","0.0","0.0","0.0","83.6","61.1","67.1","4.4","0.0","0.0","0.0","0.0","0.0","12.4","6.0","1.6"
"20231101","인천","남구","18.6","20.5","16.7","13.2","11.1","15.6","7.0","0.0","0.0","1.3","0.0","4.2","6.9","4.21","8.84","0.0","87.3","73.0","62.1","8.9","4.0","3.4","0.0","0.0","0.0","11.0","6.8","2.6"
"20231101","인천","강화군","19.0","20.0","17.8","0.0","9.4","15.2","3.5","0.0","0.0","1.1","0.0","4.4","7.0","0.0","0.0","0.0","92.1","0.0","65.4","7.5","3.8","0.0","0.0","0.0","0.0","10.7","0.0","1.6"
"20231031","인천","남구","16.1","18.8","13.2","14.8","11.2","15.6","7.3","0.0","0.0","1.4","3.4","7.9","6.7","10.18","13.2","0.0","83.1","70.0","61.9","5.3","3.6","3.6","0.0","0.0","0.0","7.7","7.4","2.6"
"20231031","인천","강화군","15.0","18.3","9.3","0.0","9.5","15.2","3.8","0.0","0.0","1.1","0.6","6.7","6.8","0.0","0.0","0.0","90.8","0.0","65.0","7.9","5.3","0.0","0.0","0.0","0.0","7.7","0.0","1.6"
"20231030","인천","남구","15.4","20.0","11.3","14.9","11.5","16.0","7.7","0.0","0.0","1.6","9.3","9.2","6.7","13.84","13.45","0.0","75.0","67.6","62.2","1.4","1.8","3.6","0.0","0.0","0.0","5.0","5.1","2.6"
"20231030","인천","강화군","12.9","19.5","8.1","12.5","9.9","15.7","4.2","0.0","0.0","1.3","8.2","8.0","6.7","0.0","0.0","0.0","89.1","77.6","65.0","2.0","2.3","0.0","0.0","0.0","0.0","5.9","4.7","1.7"
"20231029","인천","남구","15.4","20.3","10.7","14.7","11.8","16.3","7.9","0.0","0.0","1.6","9.7","8.6","7.0","14.89","13.72","0.0","62.4","68.4","62.2","0.0","1.6","3.4","0.0","0.0","0.0","5.3","5.1","2.6"
"20231029","인천","강화군","11.8","19.7","6.3","12.4","10.2","16.1","4.4","0.0","0.0","1.4","9.9","9.0","6.8","0.0","0.0","0.0","81.3","79.0","65.3","0.3","1.8","0.0","0.0","0.0","0.0","5.2","4.3","1.7"
"20231028","인천","남구","14.4","19.1","10.4","12.8","12.1","16.5","8.3","0.0","0.0","1.3","9.7","9.2","7.2","14.67","13.18","0.0","65.9","71.9","62.4","0.0","0.8","3.2","0.0","0.0","0.0","5.4","5.2","2.6"
"20231028","인천","강화군","11.5","18.9","5.4","11.2","10.4","16.2","4.9","0.0","0.0","1.1","10.0","9.5","7.1","0.0","0.0","0.0","78.9","81.1","65.1","0.3","0.1","0.0","0.0","0.0","0.0","4.8","6.0","1.6"
"20231027","인천","남구","15.1","19.0","12.0","13.0","12.6","17.0","8.7","0.0","0.0","1.5","7.8","9.5","7.0","12.65","13.88","0.0","63.6","68.6","64.4","3.4","0.4","3.3","0.0","0.0","0.0","8.5","7.0","2.6"
"20231027","인천","강화군","14.2","18.9","9.1","11.4","10.9","16.7","5.5","0.0","0.0","1.5","8.1","8.9","6.9","0.0","0.0","0.0","61.5","79.9","66.7","1.0","2.9","0.0","0.0","0.0","0.0","8.4","6.8","1.7"
"20231026","인천","남구","17.5","20.3","15.6","12.8","13.0","17.5","9.2","0.0","0.0","1.7","3.2","6.8","7.0","9.14","12.22","0.0","86.4","54.8","65.7","7.4","5.0","3.3","0.0","0.0","0.0","9.4","4.9","2.6"
"20231026","인천","강화군","16.9","20.0","13.2","11.3","11.4","17.1","6.0","0.0","0.0","1.8","0.9","7.3","6.9","0.0","0.0","0.0","91.9","69.0","67.8","6.8","4.9","0.0","0.0","0.0","0.0","9.2","4.4","1.7"
"20231025","인천","남구","16.8","21.0","12.8","11.0","13.3","17.8","9.5","0.0","0.0","1.6","8.2","9.9","7.0","13.47","15.5","0.0","79.5","53.9","66.1","1.5","0.0","3.3","0.0","0.0","0.0","4.9","6.4","2.5"
"20231025","인천","강화군","14.7","20.1","10.1","10.0","11.7","17.4","6.3","0.0","0.0","1.8","5.9","10.1","6.9","0.0","0.0","0.0","92.1","59.6","68.4","4.3","0.1","0.0","0.0","0.0","0.0","4.7","5.2","1.7"
"20231024","인천","남구","15.7","18.8","13.0","10.1","13.7","18.2","9.9","0.0","0.0","1.6","3.5","10.0","6.7","9.1","16.37","0.0","81.1","45.5","66.4","4.1","0.0","3.6","0.0","0.0","0.0","6.7","10.2","2.5"
"20231024","인천","강화군","14.4","19.7","9.3","10.3","12.1","17.8","6.8","0.0","0.0","1.8","4.8","10.1","6.6","0.0","0.0","0.0","91.8","45.3","68.6","3.4","0.0","0.0","0.0","0.0","0.0","7.1","12.3","1.7"
"20231023","인천","남구","16.2","20.2","12.4","13.2","14.2","18.7","10.3","0.0","0.0","1.8","9.4","10.1","6.7","14.89","16.18","0.0","74.4","59.1","67.5","2.4","1.0","3.7","0.0","0.0","0.0","6.2","13.5","2.5"
"20231023","인천","강화군","13.3","19.7","8.9","13.1","12.5","18.4","7.1","0.0","0.0","1.9","9.1","10.1","6.5","0.0","0.0","0.0","88.3","58.6","69.6","2.0","1.4","0.0","0.0","0.0","0.0","6.5","11.1","1.6"
"20231022","인천","남구","13.7","18.0","7.3","15.0","14.6","19.2","10.6","0.0","0.0","1.7","9.3","9.0","6.7","14.8","14.71","0.0","62.1","79.1","68.0","3.8","4.0","3.6","0.0","0.0","0.0","7.5","6.2","2.3"
"20231022","인천","강화군","10.6","17.4","3.0","13.7","12.8","18.8","7.3","0.0","0.0","1.7","8.4","8.3","6.6","0.0","0.0","0.0","82.0","90.0","70.1","3.8","5.6","0.0","0.0","0.0","0.0","5.9","6.5","1.6"
"20231021","인천","남구","11.6","16.0","8.2","14.0","14.8","19.5","10.8","2.5","0.0","1.6","9.1","7.7","6.9","16.17","14.44","0.0","49.9","70.5","67.7","0.5","4.9","3.5","0.0","0.0","0.0","13.2","5.1","2.3"
"20231021","인천","강화군","9.5","16.3","3.5","11.3","13.0","19.1","7.4","2.2","0.0","1.5","9.2","7.2","6.8","0.0","0.0","0.0","63.5","86.9","69.9","1.0","5.9","0.0","0.0","0.0","0.0","13.6","6.1","1.6"
"20231020","인천","남구","12.2","15.1","9.6","13.3","15.0","19.8","10.8","0.0","0.0","1.3","9.5","10.2","7.1","16.07","16.26","0.0","44.8","65.6","67.5","1.5","2.1","3.3","0.0","0.0","0.0","12.5","5.3","2.2"
"20231020","인천","강화군","10.5","15.2","4.8","11.0","13.2","19.4","7.4","0.0","0.0","1.2","9.9","10.0","7.1","0.0","0.0","0.0","51.9","81.5","69.6","1.8","2.1","0.0","0.0","0.0","0.0","11.9","5.5","1.6"
"20231019","인천","남구","17.3","19.0","15.1","11.5","15.1","19.9","10.9","3.9","0.0","1.0","0.0","10.3","7.4","4.17","16.89","0.0","78.8","52.0","67.6","9.4","0.0","3.1","0.0","0.0","0.0","10.1","5.9","2.2"
"20231019","인천","강화군","17.0","19.7","12.9","8.8","13.3","19.5","7.4","21.1","0.0","0.8","0.2","10.3","7.4","0.0","0.0","0.0","79.3","71.6","69.7","9.3","0.1","0.0","0.0","0.0","0.0","10.3","10.2","1.6"
"20231018","인천","남구","16.3","20.4","11.3","9.6","15.1","20.0","11.0","0.0","0.0","1.3","7.7","10.3","7.4","13.44","17.56","0.0","71.6","45.9","67.1","6.6","0.0","3.1","0.0","0.0","0.0","8.7","11.1","2.2"
"20231018","인천","강화군","15.1","19.2","7.4","7.8","13.3","19.5","7.5","0.0","0.0","1.3","6.6","10.3","7.5","0.0","0.0","0.0","82.0","58.9","69.6","5.8","0.0","0.0","0.0","0.0","0.0","8.7","9.2","1.6"
"20231017","인천","남구","14.8","19.5","10.5","10.9","15.1","19.9","11.1","0.0","0.0","1.4","10.3","10.3","7.3","17.19","18.07","0.0","50.8","44.4","66.3","0.0","1.6","3.2","0.0","0.0","0.0","5.6","12.8","2.3"
"20231017","인천","강화군","11.4","19.4","4.6","10.7","13.3","19.4","7.5","0.0","0.0","1.3","10.4","10.3","7.4","0.0","0.0","0.0","70.5","45.4","69.1","0.1","1.0","0.0","0.0","0.0","0.0","5.3","11.1","1.6"
"20231016","인천","남구","14.7","18.0","11.9","16.3","15.2","19.8","11.2","0.0","0.0","1.2","10.3","0.5","7.4","17.5","5.96","0.0","53.8","75.6","65.9","0.0","9.0","3.3","0.0","0.0","0.0","7.3","6.4","2.4"
"20231016","인천","강화군","13.4","17.8","10.0","14.5","13.4","19.4","7.6","0.0","0.0","1.4","10.4","0.4","7.4","0.0","0.0","0.0","55.3","85.1","68.7","0.0","8.8","0.0","0.0","0.0","0.0","6.7","5.2","1.6"
"20231015","인천","남구","16.9","20.5","12.8","17.2","15.5","20.1","11.5","0.0","0.0","1.4","9.2","7.8","7.3","15.27","16.11","0.0","76.3","71.1","65.9","2.1","6.3","3.6","0.0","0.0","0.0","9.6","5.6","2.4"
"20231015","인천","강화군","14.9","20.3","7.8","15.2","13.7","19.7","7.9","0.0","0.0","1.6","8.7","7.2","7.4","0.0","0.0","0.0","84.6","76.3","68.8","2.4","7.0","0.0","0.0","0.0","0.0","8.2","4.8","1.6"
"20231014","인천","남구","15.7","19.0","13.9","16.6","15.7","20.3","11.8","8.1","0.0","1.9","3.0","5.2","7.2","7.7","13.6","0.0","78.9","74.8","65.7","4.6","7.8","3.7","0.0","0.0","0.0","7.1","6.1","2.4"
"20231014","인천","강화군","12.7","17.2","10.4","14.9","14.0","19.8","8.3","11.0","0.0","2.1","3.2","3.3","7.3","0.0","0.0","0.0","97.8","85.6","68.3","5.8","9.1","0.0","0.0","0.0","0.0","3.5","6.5","1.6"
"20231013","인천","남구","17.9","21.5","15.8","16.6","16.0","20.6","12.1","0.0","0.0","1.5","3.7","10.0","7.3","11.41","17.26","0.0","69.4","66.6","65.8","6.8","3.4","3.7","0.0","0.0","0.0","5.0","5.7","2.4"
"20231013","인천","강화군","15.1","20.3","11.5","14.8","14.3","20.2","8.7","0.0","0.0","1.7","1.6","10.0","7.5","0.0","0.0","0.0","86.4","79.8","67.8","7.0","2.9","0.0","0.0","0.0","0.0","4.7","5.5","1.6"
"20231012","인천","남구","18.3","23.1","13.7","13.7","16.3","20.9","12.5","0.0","0.0","1.6","9.3","10.4","7.1","15.4","17.61","0.0","63.8","65.3","66.8","5.4","0.0","3.9","0.0","0.0","0.0","5.7","4.7","2.3"
"20231012","인천","강화군","16.5","22.5","10.5","11.2","14.7","20.6","9.1","0.0","0.0","1.6","8.8","10.5","7.4","0.0","0.0","0.0","75.9","79.4","68.6","2.8","0.3","0.0","0.0","0.0","0.0","5.4","4.0","1.6"
"20231011","인천","남구","18.6","23.1","14.8","11.1","16.7","21.3","12.8","0.0","0.0","1.9","9.9","10.6","7.1","16.53","18.15","0.0","60.6","61.5","67.3","1.3","0.6","4.0","0.0","0.0","0.0","6.3","10.3","2.3"
"20231011","인천","강화군","15.2","22.3","10.2","9.9","15.0","21.0","9.5","0.0","0.0","1.9","9.2","10.6","7.2","0.0","0.0","0.0","81.9","73.6","69.2","1.9","1.8","0.0","0.0","0.0","0.0","5.1","8.0","1.6"
"20231010","인천","남구","16.9","21.2","13.0","9.8","16.9","21.5","13.0","0.0","2.9","1.8","10.2","2.2","7.3","17.33","9.41","0.0","75.8","69.1","67.8","0.0","8.3","3.8","0.0","0.0","0.0","6.6","16.7","2.3"
"20231010","인천","강화군","14.6","21.1","10.5","9.4","15.3","21.2","9.8","0.0","0.3","1.7","10.4","2.7","7.4","0.0","0.0","0.0","88.0","73.4","69.4","0.3","8.1","0.0","0.0","0.0","0.0","6.2","13.9","1.6"
"20231009","인천","남구","17.3","21.3","14.5","12.9","17.2","21.8","13.3","1.2","17.3","1.4","4.9","0.0","7.2","12.44","2.47","0.0","66.9","80.5","68.7","6.1","9.1","4.0","0.0","0.0","0.0","7.0","16.8","2.3"
"20231009","인천","강화군","15.9","21.0","11.6","12.7","15.5","21.4","10.1","7.0","30.9","1.3","5.9","0.0","7.2","0.0","0.0","0.0","77.5","90.3","70.4","5.6","8.9","0.0","0.0","0.0","0.0","7.4","16.8","1.6"
"20231008","인천","남구","17.8","19.8","15.9","16.2","17.4","21.9","13.5","0.2","0.0","1.8","0.0","8.6","7.4","6.86","17.71","0.0","64.3","57.0","68.7","9.0","4.0","3.9","0.0","0.0","0.0","6.3","6.8","2.3"
"20231008","인천","강화군","16.1","20.0","11.5","13.5","15.7","21.6","10.2","0.0","0.0","1.5","0.3","6.6","7.2","0.0","0.0","0.0","77.8","73.9","70.6","8.4","3.5","0.0","0.0","0.0","0.0","4.6","4.4","1.6"
"20231007","인천","남구","17.7","21.0","13.7","13.6","17.5","22.1","13.5","0.0","0.0","1.6","4.6","10.2","7.8","12.19","18.61","0.0","54.6","57.0","67.8","8.5","2.6","3.8","0.0","0.0","0.0","6.8","10.4","2.2"
"20231007","인천","강화군","14.9","21.0","9.0","12.9","15.8","21.7","10.2","0.0","0.0","1.4","4.2","10.8","7.5","0.0","0.0","0.0","71.3","57.8","69.9","7.9","1.6","0.0","0.0","0.0","0.0","4.5","9.7","1.6"
"20231006","인천","남구","16.3","20.6","11.3","15.5","17.5","22.2","13.5","0.0","0.0","1.3","8.3","5.3","7.8","17.45","13.04","0.0","46.8","72.5","67.4","7.0","7.8","3.9","0.0","0.0","0.0","6.5","7.1","2.3"
"20231006","인천","강화군","14.6","20.9","8.0","15.0","15.9","21.8","10.3","0.0","0.0","1.2","7.0","6.1","7.7","0.0","0.0","0.0","54.9","76.5","69.4","5.5","7.4","0.0","0.0","0.0","0.0","6.5","6.1","1.6"
"20231005","인천","남구","14.9","18.6","11.9","15.5","17.6","22.1","13.7","0.0","0.0","1.7","10.6","8.4","7.4","19.79","17.17","0.0","40.8","69.3","67.5","1.4","7.1","4.2","0.0","0.0","0.0","13.7","7.1","2.3"
"20231005","인천","강화군","13.8","18.4","9.1","14.9","16.1","21.8","10.6","0.0","0.0","1.9","10.7","5.9","7.3","0.0","0.0","0.0","47.0","78.3","69.3","2.3","7.9","0.0","0.0","0.0","0.0","9.1","5.3","1.7"
"20231004","인천","남구","18.7","22.8","15.7","17.0","17.7","22.2","13.9","0.9","7.0","2.1","6.7","7.1","7.3","14.06","15.98","0.0","70.8","75.1","68.2","5.8","8.3","4.2","0.0","0.0","0.0","14.0","14.5","2.4"
"20231004","인천","강화군","16.8","22.1","11.7","16.5","16.2","21.9","10.8","18.3","6.6","3.3","6.0","6.4","7.3","0.0","0.0","0.0","81.3","74.8","69.6","5.3","7.6","0.0","0.0","0.0","0.0","10.2","10.7","1.7"
"20231003","인천","남구","18.5","22.4","16.2","21.9","17.9","22.4","14.1","0.0","57.1","2.0","3.0","0.0","6.8","9.5","0.96","0.0","62.9","96.1","69.5","5.4","10.0","4.4","0.0","0.0","0.0","5.4","17.9","2.3"
"20231003","인천","강화군","16.0","21.9","11.7","20.6","16.4","22.0","11.2","0.0","100.2","3.3","4.0","0.0","7.0","0.0","0.0","0.0","82.5","100.0","70.7","6.4","8.5","0.0","0.0","0.0","0.0","4.0","15.5","1.6"
"20231002","인천","남구","18.9","23.4","14.6","20.0","18.2","22.5","14.5","0.0","17.8","2.8","9.8","0.0","6.6","18.92","5.48","0.0","51.1","74.6","70.7","2.3","9.9","4.5","0.0","0.0","0.0","8.5","13.1","2.3"
"20231002","인천","강화군","16.1","23.3","10.0","18.2","16.7","22.2","11.7","0.0","44.8","3.6","10.2","0.0","6.8","0.0","0.0","0.0","70.3","89.8","71.7","1.6","9.6","0.0","0.0","0.0","0.0","7.7","5.5","1.6"
"20231001","인천","남구","18.9","22.7","15.7","19.6","18.5","22.8","14.9","0.0","0.0","3.3","10.8","6.0","6.2","20.03","15.52","0.0","57.1","74.6","71.6","0.4","6.4","4.6","0.0","0.0","0.0","9.4","4.5","2.2"
"20231001","인천","강화군","17.2","23.4","12.4","16.9","17.0","22.5","12.1","0.0","0.0","4.0","10.4","5.3","6.5","0.0","0.0","0.0","61.5","84.3","72.6","0.6","6.4","0.0","0.0","0.0","0.0","10.0","5.0","1.6"
"20230930","인천","남구","20.0","22.4","17.3","19.8","18.8","23.0","15.3","20.5","0.0","3.0","3.7","10.6","6.0","9.35","18.03","0.0","71.1","80.5","71.3","6.3","1.3","4.9","0.0","0.0","0.0","12.4","5.3","2.2"
"20230930","인천","강화군","18.9","23.5","14.7","17.0","17.3","22.7","12.4","6.4","0.0","3.4","3.9","7.2","6.3","0.0","0.0","0.0","85.5","85.0","72.8","5.0","3.9","0.0","0.0","0.0","0.0","10.1","5.3","1.6"
"20230929","인천","남구","20.8","25.2","17.7","19.7","19.1","23.4","15.5","0.0","0.0","2.8","5.9","9.7","6.0","16.99","18.73","0.0","61.9","80.1","70.7","8.3","2.9","4.8","0.0","0.0","0.0","6.7","6.0","2.0"
"20230929","인천","강화군","19.6","25.2","14.3","17.7","17.6","23.1","12.7","0.0","0.0","2.4","6.3","7.5","6.4","0.0","0.0","0.0","71.5","88.9","72.5","7.1","3.8","0.0","0.0","0.0","0.0","5.9","5.2","1.5"
"20230928","인천","남구","21.9","25.3","19.4","20.1","19.4","23.8","15.8","0.0","0.0","2.5","7.9","5.1","6.5","16.26","12.67","0.0","80.1","76.8","69.6","3.3","4.9","4.7","0.0","0.0","0.0","6.9","6.4","2.0"
"20230928","인천","강화군","21.5","25.4","17.4","17.5","17.9","23.5","13.0","0.0","0.0","2.4","7.3","5.3","6.6","0.0","0.0","0.0","81.4","92.0","71.8","3.5","6.4","0.0","0.0","0.0","0.0","6.7","4.5","1.5"
"20230927","인천","남구","21.2","22.7","19.6","20.4","19.6","24.1","16.0","3.4","0.0","1.7","0.5","10.8","6.6","6.05","19.4","0.0","90.4","71.8","69.5","9.1","0.6","4.7","0.0","0.0","0.0","6.3","6.1","2.0"
"20230927","인천","강화군","21.0","24.5","19.0","17.7","18.1","23.8","13.1","0.7","0.0","2.0","1.7","10.6","6.8","0.0","0.0","0.0","92.8","83.9","71.7","7.9","0.9","0.0","0.0","0.0","0.0","7.5","5.1","1.5"
"20230926","인천","남구","20.1","20.9","18.6","19.8","19.9","24.4","16.3","19.1","0.0","1.9","0.0","9.3","6.8","2.73","17.84","0.0","94.4","63.8","70.3","10.0","6.8","4.6","0.0","0.0","0.0","6.3","6.0","2.0"
"20230926","인천","강화군","19.2","20.7","17.4","17.7","18.3","24.1","13.4","17.6","0.0","2.2","0.0","9.7","7.0","0.0","0.0","0.0","100.0","77.6","72.2","7.6","5.1","0.0","0.0","0.0","0.0","6.6","4.8","1.5"
"20230925","인천","남구","21.8","25.6","18.9","20.0","20.1","24.7","16.4","1.0","0.0","1.9","0.6","7.9","7.3","10.25","17.53","0.0","64.5","67.4","70.5","9.8","6.8","4.3","0.0","0.0","0.0","5.6","5.7","2.0"
"20230925","인천","강화군","19.1","23.2","15.8","17.0","18.5","24.4","13.5","0.6","0.0","2.2","0.1","7.3","7.5","0.0","0.0","0.0","82.8","83.5","72.3","8.5","6.8","0.0","0.0","0.0","0.0","4.8","5.4","1.5"
"20230924","인천","남구","22.1","25.6","18.8","18.7","20.2","24.8","16.4","0.0","0.0","1.7","8.3","10.2","7.5","18.12","20.89","0.0","53.1","63.4","70.2","5.3","3.8","4.1","0.0","0.0","0.0","9.7","8.1","2.1"
"20230924","인천","강화군","19.9","25.0","15.6","17.0","18.5","24.4","13.5","0.0","0.0","1.7","8.5","10.3","7.7","0.0","0.0","0.0","68.1","81.6","72.0","5.8","2.9","0.0","0.0","0.0","0.0","8.2","6.7","1.6"
"20230923","인천","남구","22.7","26.5","18.6","17.8","20.2","24.7","16.4","0.0","4.3","3.8","10.7","7.2","7.3","17.66","16.03","0.0","64.3","67.4","70.8","5.5","2.6","4.2","0.0","0.0","0.0","7.4","15.7","2.0"
"20230923","인천","강화군","19.8","25.9","14.4","16.8","18.6","24.4","13.5","0.0","1.9","2.4","10.7","6.9","7.6","0.0","0.0","0.0","78.0","75.4","72.5","5.3","2.5","0.0","0.0","0.0","0.0","6.5","15.5","1.6"
"20230922","인천","남구","21.0","25.3","16.9","19.7","20.3","24.8","16.6","0.0","0.0","4.8","10.6","8.9","7.0","20.63","18.99","0.0","70.4","58.1","70.7","1.6","5.3","4.5","0.0","0.0","0.0","5.8","6.8","2.1"
"20230922","인천","강화군","18.7","25.3","12.5","18.4","18.7","24.4","13.8","0.0","0.0","3.3","9.4","9.5","7.2","0.0","0.0","0.0","83.1","72.9","72.5","1.1","4.1","0.0","0.0","0.0","0.0","6.3","6.0","1.7"
"20230921","인천","남구","19.8","22.8","17.4","18.6","20.5","24.9","16.8","0.1","0.0","4.9","2.4","10.4","7.0","13.09","19.71","0.0","71.9","57.3","70.1","7.0","0.3","4.5","0.0","0.0","0.0","11.3","7.7","2.1"
"20230921","인천","강화군","18.1","22.2","14.6","16.2","18.9","24.5","13.9","0.0","0.0","3.4","1.1","11.3","7.2","0.0","0.0","0.0","80.9","71.4","71.9","7.6","0.0","0.0","0.0","0.0","0.0","12.6","5.8","1.7"
"20230920","인천","남구","20.7","23.8","18.6","19.1","20.7","25.1","17.0","29.5","0.0","5.7","0.0","9.6","7.0","2.43","18.44","0.0","90.6","51.4","70.3","9.9","2.9","4.6","0.0","0.0","0.0","11.3","7.3","2.2"
"20230920","인천","강화군","20.3","22.5","17.5","18.2","19.2","24.7","14.2","13.1","0.0","5.3","0.0","9.7","7.0","0.0","0.0","0.0","95.1","50.8","71.6","9.0","2.5","0.0","0.0","0.0","0.0","9.6","9.7","1.8"
"20230919","인천","남구","23.9","26.5","21.9","23.2","21.0","25.3","17.4","0.0","0.0","6.7","3.4","8.0","6.8","12.18","19.12","0.0","87.1","62.9","70.7","7.4","5.4","4.8","0.0","0.0","0.0","6.5","13.7","2.2"
"20230919","인천","강화군","22.7","26.4","19.0","22.9","19.6","25.0","14.7","0.0","0.0","6.1","2.9","9.4","6.7","0.0","0.0","0.0","94.9","58.0","71.8","7.8","4.9","0.0","0.0","0.0","0.0","7.5","13.2","1.8"
"20230918","인천","남구","24.5","27.7","22.6","25.8","21.3","25.6","17.7","0.0","0.0","5.3","8.8","8.3","6.8","19.26","18.56","0.0","83.0","74.1","70.6","3.4","6.3","4.8","0.0","0.0","0.0","6.8","10.5","2.3"
"20230918","인천","강화군","22.9","26.8","19.3","25.2","20.0","25.3","15.2","2.6","0.0","6.4","8.6","10.2","6.9","0.0","0.0","0.0","90.0","78.3","71.2","4.0","4.9","0.0","0.0","0.0","0.0","6.3","9.4","1.8"
"20230917","인천","남구","24.2","27.3","22.0","24.5","21.6","25.9","17.9","0.0","0.5","4.8","8.5","6.5","7.1","18.4","16.66","0.0","87.1","84.4","71.0","5.5","7.0","4.7","0.0","0.0","0.0","6.3","6.2","2.2"
"20230917","인천","강화군","22.9","26.2","20.5","23.7","20.3","25.6","15.5","8.7","0.0","5.8","6.1","7.0","7.0","0.0","0.0","0.0","94.4","91.3","71.3","6.1","4.9","0.0","0.0","0.0","0.0","4.7","5.3","1.8"
"20230916","인천","남구","23.9","26.8","21.7","25.3","21.8","26.0","18.2","26.7","14.9","4.3","0.2","1.7","7.0","7.23","10.74","0.0","87.1","75.1","71.7","9.9","9.3","4.9","0.0","0.0","0.0","6.5","13.1","2.2"
"20230916","인천","강화군","23.0","27.4","20.8","23.8","20.5","25.8","15.9","12.9","6.4","4.9","1.4","0.4","6.9","0.0","0.0","0.0","94.5","90.8","71.8","9.3","7.8","0.0","0.0","0.0","0.0","4.7","7.0","1.8"
"20230915","인천","남구","22.5","24.2","20.6","25.6","21.8","26.1","18.3","6.1","0.0","4.7","0.1","2.3","6.9","5.43","12.06","0.0","82.0","60.3","72.6","10.0","8.4","5.0","0.0","0.0","0.0","6.8","9.1","2.1"
"20230915","인천","강화군","21.2","23.4","19.3","23.7","20.6","25.9","16.0","7.2","0.0","4.2","0.0","1.6","7.0","0.0","0.0","0.0","92.9","74.3","72.7","9.9","8.3","0.0","0.0","0.0","0.0","6.4","6.2","1.7"
"20230914","인천","남구","23.2","26.4","18.8","24.4","21.9","26.1","18.4","0.0","0.0","4.1","4.3","0.9","6.5","12.98","9.37","0.0","74.1","55.3","73.6","7.9","8.8","5.3","0.0","0.0","0.0","7.5","13.2","2.0"
"20230914","인천","강화군","22.8","27.3","18.4","23.3","20.6","25.8","16.1","0.0","0.0","4.0","5.8","1.6","6.6","0.0","0.0","0.0","76.8","64.0","73.4","8.3","9.3","0.0","0.0","0.0","0.0","7.2","9.6","1.7"
"20230913","인천","남구","22.1","24.7","19.5","24.3","22.0","26.0","18.5","22.6","0.0","4.2","0.0","0.1","6.3","3.37","8.68","0.0","87.1","71.3","74.4","10.0","9.8","5.5","0.0","0.0","0.0","6.6","7.2","2.0"
"20230913","인천","강화군","20.9","23.9","18.4","23.4","20.7","25.8","16.3","11.1","0.0","3.5","0.0","0.0","6.4","0.0","0.0","0.0","95.0","83.9","74.5","9.9","10.0","0.0","0.0","0.0","0.0","8.6","6.4","1.7"
"20230912","인천","남구","25.2","28.7","22.3","23.2","22.1","26.1","18.7","0.0","0.0","4.7","6.2","3.3","6.2","16.87","12.96","0.0","73.0","78.1","74.8","6.9","7.8","5.5","0.0","0.0","0.0","6.4","5.2","2.0"
"20230912","인천","강화군","23.6","29.1","19.1","21.4","20.8","25.9","16.4","0.0","0.0","5.1","6.1","4.6","6.4","0.0","0.0","0.0","83.4","89.0","75.1","7.1","7.4","0.0","0.0","0.0","0.0","6.9","4.0","1.7"
"20230911","인천","남구","25.0","28.3","23.4","22.7","22.1","26.1","18.8","0.0","0.0","5.2","9.5","0.8","6.1","20.12","8.85","0.0","72.0","69.4","75.4","4.8","8.1","5.6","0.0","0.0","0.0","6.8","6.7","2.0"
"20230911","인천","강화군","23.6","27.9","19.0","20.5","20.9","25.9","16.5","0.0","0.2","7.3","10.3","0.3","6.3","0.0","0.0","0.0","77.3","86.0","75.7","4.9","8.9","0.0","0.0","0.0","0.0","6.3","4.8","1.7"
"20230910","인천","남구","25.0","28.5","23.0","23.7","22.4","26.3","19.1","0.0","0.0","4.1","5.8","6.6","6.3","16.83","17.81","0.0","72.8","43.8","75.1","5.8","7.9","5.7","0.0","0.0","0.0","5.8","7.3","2.1"
"20230910","인천","강화군","22.7","28.2","18.5","20.8","21.1","26.1","16.8","0.0","0.0","6.3","6.8","7.9","6.5","0.0","0.0","0.0","79.4","70.5","75.5","6.4","8.1","0.0","0.0","0.0","0.0","4.9","5.4","1.7"
"20230909","인천","남구","25.1","29.7","22.0","24.1","22.5","26.5","19.3","0.0","0.0","4.7","9.8","9.9","6.7","21.72","22.32","0.0","70.4","67.6","75.2","2.5","4.6","5.4","0.0","0.0","0.0","5.5","6.7","2.1"
"20230909","인천","강화군","22.9","29.4","17.5","22.0","21.3","26.3","17.0","0.0","0.0","6.6","9.3","10.4","6.9","0.0","0.0","0.0","77.1","77.4","75.6","3.1","3.5","0.0","0.0","0.0","0.0","5.7","4.0","1.7"
"20230908","인천","남구","25.1","28.6","22.1","22.4","22.7","26.7","19.4","0.0","0.0","3.9","11.3","11.0","6.8","23.17","22.72","0.0","61.8","72.6","75.5","0.0","2.0","5.3","0.0","0.0","0.0","7.0","5.8","2.1"
"20230908","인천","강화군","22.7","28.5","16.5","20.8","21.5","26.5","17.1","0.0","0.0","6.2","11.6","11.7","7.0","0.0","0.0","0.0","74.8","83.8","75.6","0.6","2.5","0.0","0.0","0.0","0.0","6.2","4.9","1.8"
"20230907","인천","남구","27.1","31.3","22.9","22.6","22.8","26.7","19.5","0.0","0.0","4.5","11.4","11.5","6.6","23.63","23.82","0.0","50.4","65.4","75.4","0.0","0.8","5.4","0.0","0.0","0.0","7.2","9.0","2.2"
"20230907","인천","강화군","23.9","29.5","18.5","21.3","21.6","26.5","17.2","0.0","0.0","5.5","11.7","11.6","6.7","0.0","0.0","0.0","69.5","71.4","75.6","0.1","0.0","0.0","0.0","0.0","0.0","6.0","7.6","1.8"
"20230906","인천","남구","27.4","30.4","24.0","20.9","23.0","27.0","19.7","0.0","25.5","5.0","7.5","9.4","6.6","14.85","21.6","0.0","69.8","77.9","74.9","2.4","3.9","5.3","0.0","0.0","0.0","8.1","14.1","2.2"
"20230906","인천","강화군","25.7","30.5","21.2","21.2","21.8","26.7","17.5","0.0","10.5","3.8","11.5","9.5","6.9","0.0","0.0","0.0","77.9","81.4","75.3","2.3","4.1","0.0","0.0","0.0","0.0","6.9","11.2","1.8"
"20230905","인천","남구","27.6","31.3","25.6","18.5","23.1","27.1","19.9","0.0","95.5","5.9","7.7","0.0","6.3","18.36","1.76","0.0","77.0","92.8","75.7","5.4","10.0","5.4","0.0","0.0","0.0","6.3","17.7","2.2"
"20230905","인천","강화군","26.1","30.8","22.6","18.3","22.0","26.8","17.7","0.0","80.9","4.4","9.1","0.0","6.5","0.0","0.0","0.0","84.3","100.0","76.1","3.8","10.0","0.0","0.0","0.0","0.0","6.4","9.4","1.7"
"20230904","인천","남구","26.9","29.7","24.6","22.9","23.4","27.3","20.3","0.2","27.1","5.9","1.1","0.0","6.2","11.0","3.75","0.0","80.4","82.5","76.0","9.3","9.8","5.5","0.0","0.0","0.0","6.0","12.0","2.2"
"20230904","인천","강화군","24.9","28.8","22.8","21.9","22.3","27.0","18.1","0.4","39.3","4.9","1.3","0.0","6.3","0.0","0.0","0.0","93.3","91.4","76.6","8.8","9.9","0.0","0.0","0.0","0.0","5.3","11.4","1.7"
"20230903","인천","남구","26.4","28.4","24.0","24.5","23.7","27.6","20.6","0.0","0.0","6.3","0.1","5.9","6.4","7.74","17.95","0.0","77.0","57.3","76.3","8.5","7.5","5.5","0.0","0.0","0.0","4.7","9.3","2.3"
"20230903","인천","강화군","24.3","28.4","19.4","23.6","22.6","27.3","18.4","0.0","0.0","5.5","1.1","8.4","6.2","0.0","0.0","0.0","90.4","66.0","77.0","7.3","6.5","0.0","0.0","0.0","0.0","3.8","7.5","1.7"
"20230902","인천","남구","25.1","29.1","20.2","25.1","23.9","27.9","20.8","0.0","0.0","5.4","10.8","10.8","6.7","23.17","23.55","0.0","71.1","57.6","76.6","6.0","4.3","5.4","0.0","0.0","0.0","6.9","7.6","2.3"
"20230902","인천","강화군","21.9","28.2","16.6","23.1","22.8","27.6","18.7","0.0","0.0","5.4","11.4","11.7","6.5","0.0","0.0","0.0","82.9","70.9","77.1","4.5","2.5","0.0","0.0","0.0","0.0","4.6","5.8","1.8"
"20230901","인천","남구","24.1","28.3","20.4","23.9","24.0","27.9","20.9","0.0","0.0","4.8","11.4","11.6","6.5","23.56","24.04","0.0","73.0","71.9","77.3","0.9","1.3","5.6","0.0","0.0","0.0","6.6","9.1","2.3"
"20230901","인천","강화군","22.3","27.8","15.5","22.5","22.9","27.7","18.9","0.0","0.0","5.2","11.7","11.9","6.3","0.0","0.0","0.0","76.6","78.0","77.7","1.6","2.4","0.0","0.0","0.0","0.0","5.3","6.5","1.8"
"20230831","인천","남구","23.6","26.9","21.1","21.5","24.1","28.0","21.0","0.0","0.0","5.7","8.4","2.1","6.4","21.0","10.65","0.0","78.0","81.8","77.8","5.4","6.8","5.8","0.0","0.0","0.0","7.2","5.5","2.4"
"20230831","인천","강화군","22.1","27.4","18.9","21.7","23.1","27.8","19.1","0.0","0.0","5.3","7.3","4.9","6.1","0.0","0.0","0.0","84.9","85.3","77.8","4.8","7.1","0.0","0.0","0.0","0.0","6.8","6.7","1.8"
"20230830","인천","남구","22.9","24.3","21.8","19.0","24.2","28.0","21.1","0.1","34.1","7.1","0.1","0.0","6.5","7.27","3.15","0.0","84.9","92.8","78.3","9.3","9.9","5.7","0.0","0.0","0.0","5.3","7.5","2.4"
"20230830","인천","강화군","21.4","25.4","18.8","18.5","23.1","27.7","19.1","0.3","22.9","6.2","1.3","0.0","6.3","0.0","0.0","0.0","93.3","99.0","78.1","8.1","9.6","0.0","0.0","0.0","0.0","4.9","6.6","1.8"
"20230829","인천","남구","23.4","25.5","22.2","20.8","24.2","27.9","21.2","30.5","1.0","8.9","0.0","0.0","6.2","4.3","6.0","0.0","91.3","70.3","78.4","9.9","10.0","5.9","0.0","0.0","0.0","11.3","9.8","2.4"
"20230829","인천","강화군","23.0","25.3","20.4","19.8","23.2","27.7","19.2","39.0","2.2","6.7","0.0","0.0","6.1","0.0","0.0","0.0","96.8","86.5","78.0","9.8","9.6","0.0","0.0","0.0","0.0","7.2","4.9","1.9"
"20230828","인천","남구","22.7","25.6","20.5","22.4","24.2","28.0","21.4","21.6","0.0","9.7","0.0","11.7","6.0","4.14","25.52","0.0","88.3","57.8","78.5","10.0","4.8","6.1","0.0","0.0","0.0","9.6","6.6","2.4"
"20230828","인천","강화군","21.4","24.1","19.4","20.2","23.3","27.7","19.4","14.2","0.0","7.4","0.0","11.2","6.0","0.0","0.0","0.0","99.1","69.4","78.1","9.9","4.1","0.0","0.0","0.0","0.0","7.9","5.6","1.8"
"20230827","인천","남구","25.6","28.4","23.2","21.4","24.3","28.0","21.5","0.0","0.0","11.3","0.1","11.6","6.0","10.83","26.09","0.0","80.5","55.3","79.0","9.5","2.9","6.2","0.0","0.0","0.0","6.8","11.4","2.4"
"20230827","인천","강화군","23.9","27.2","20.4","21.1","23.3","27.7","19.5","0.0","0.2","9.4","0.0","11.9","6.0","0.0","0.0","0.0","86.3","59.5","78.5","8.6","1.4","0.0","0.0","0.0","0.0","7.5","9.6","1.8"
"20230826","인천","남구","25.3","28.2","23.2","23.7","24.4","28.0","21.6","0.0","0.0","11.7","6.2","9.2","5.9","18.41","21.86","0.0","79.3","74.5","78.6","5.8","5.9","6.2","0.0","0.0","0.0","7.5","8.0","2.4"
"20230826","인천","강화군","23.5","28.2","20.0","22.7","23.3","27.7","19.5","0.0","0.0","10.2","8.4","8.8","6.1","0.0","0.0","0.0","88.4","85.5","78.4","5.5","5.3","0.0","0.0","0.0","0.0","5.7","7.5","1.9"
"20230825","인천","남구","25.9","28.3","24.2","22.4","24.5","28.1","21.7","0.3","1.6","11.2","9.8","0.0","5.7","23.67","5.03","0.0","82.8","74.1","78.5","3.6","8.6","6.4","0.0","0.0","0.0","8.0","6.7","2.4"
"20230825","인천","강화군","25.0","28.3","21.8","21.5","23.5","27.9","19.6","0.0","0.7","10.0","7.5","0.0","6.0","0.0","0.0","0.0","89.1","86.8","78.5","3.9","8.4","0.0","0.0","0.0","0.0","7.5","7.4","1.9"
"20230824","인천","남구","24.5","27.0","22.4","24.5","24.7","28.3","21.9","5.7","0.0","9.1","0.7","2.8","5.9","8.16","13.87","0.0","92.5","65.9","78.4","8.9","5.9","6.4","0.0","0.0","0.0","6.5","8.1","2.4"
"20230824","인천","강화군","23.3","26.2","21.2","23.1","23.6","28.1","19.7","3.4","0.0","9.1","0.0","2.9","6.2","0.0","0.0","0.0","96.8","76.0","78.4","6.1","7.4","0.0","0.0","0.0","0.0","6.8","6.0","1.9"
"20230823","인천","남구","24.2","25.7","23.1","24.4","24.8","28.4","22.0","81.0","2.8","8.6","0.0","7.4","6.0","2.21","21.45","0.0","94.0","72.3","78.7","9.6","5.1","6.3","0.0","0.0","0.0","8.7","9.4","2.4"
"20230823","인천","강화군","24.0","26.0","22.0","23.8","23.7","28.1","20.0","21.6","2.1","8.4","0.0","8.4","6.1","0.0","0.0","0.0","99.1","76.9","78.6","9.3","4.3","0.0","0.0","0.0","0.0","7.0","10.0","1.9"
"20230822","인천","남구","26.6","30.0","25.1","26.2","25.1","28.7","22.2","11.7","0.0","8.3","2.6","3.6","6.1","13.42","15.69","0.0","86.3","78.0","78.5","9.6","8.6","6.2","0.0","0.0","0.0","11.7","8.0","2.4"
"20230822","인천","강화군","25.7","28.5","23.8","24.5","24.0","28.4","20.2","14.5","4.4","8.4","0.4","1.9","6.1","0.0","0.0","0.0","93.0","89.1","78.3","8.6","7.8","0.0","0.0","0.0","0.0","10.5","8.1","1.9"
"20230821","인천","남구","28.6","31.8","26.0","27.0","25.2","28.8","22.4","0.0","0.0","7.8","6.3","9.0","6.1","18.36","22.34","0.0","76.6","78.9","78.9","7.3","2.8","6.2","0.0","0.0","0.0","9.6","5.9","2.3"
"20230821","인천","강화군","27.3","31.4","23.3","25.7","24.2","28.5","20.5","0.0","0.0","7.7","6.1","8.8","5.9","0.0","0.0","0.0","81.4","90.4","78.7","7.4","2.0","0.0","0.0","0.0","0.0","10.0","5.4","2.0"
"20230820","인천","남구","27.2","30.1","25.5","26.7","25.4","29.1","22.7","0.0","0.0","6.5","3.2","9.4","6.1","15.94","21.29","0.0","81.1","82.1","79.0","6.3","2.9","6.3","0.0","0.0","0.0","5.1","6.6","2.2"
"20230820","인천","강화군","25.1","29.3","21.6","26.3","24.4","28.7","20.9","0.0","0.0","6.3","2.1","9.2","5.7","0.0","0.0","0.0","93.1","87.5","78.6","7.6","2.9","0.0","0.0","0.0","0.0","4.6","6.9","1.9"
"20230819","인천","남구","27.5","30.8","25.5","25.7","25.5","29.2","22.9","0.0","11.3","6.4","11.7","0.2","6.1","25.18","5.73","0.0","75.0","86.4","79.4","2.9","9.5","6.2","0.0","0.0","0.0","6.7","12.8","2.2"
"20230819","인천","강화군","25.7","29.7","22.2","25.1","24.6","28.8","21.1","0.0","15.9","6.1","11.8","0.0","5.7","0.0","0.0","0.0","86.6","97.1","79.1","2.3","9.0","0.0","0.0","0.0","0.0","6.6","11.7","1.9"
"20230818","인천","남구","27.9","31.1","25.3","25.0","25.6","29.3","23.0","0.0","0.0","5.8","10.3","7.5","6.0","22.79","19.99","0.0","74.0","76.5","79.7","3.4","6.0","6.3","0.0","0.0","0.0","6.7","7.3","2.1"
"20230818","인천","강화군","26.0","30.5","22.2","23.6","24.7","29.0","21.2","0.0","0.0","5.9","9.9","7.9","5.7","0.0","0.0","0.0","87.4","89.3","79.2","3.3","5.6","0.0","0.0","0.0","0.0","5.9","7.2","1.9"
"20230817","인천","남구","27.3","30.4","24.3","25.2","25.7","29.3","23.1","0.0","0.0","6.3","11.7","10.7","5.9","24.89","23.36","0.0","73.9","77.0","80.4","2.6","3.6","6.3","0.0","0.0","0.0","6.1","7.3","2.2"
"20230817","인천","강화군","25.4","29.6","21.7","24.0","24.8","29.1","21.4","0.0","0.0","6.6","10.4","10.8","5.7","0.0","0.0","0.0","85.8","86.9","79.7","3.1","2.9","0.0","0.0","0.0","0.0","5.7","6.2","1.9"
"20230816","인천","남구","26.6","29.7","24.2","25.0","25.9","29.5","23.3","0.0","0.0","5.4","8.1","11.0","6.1","21.25","25.95","0.0","76.9","79.9","80.8","3.3","4.0","6.2","0.0","0.0","0.0","7.1","7.1","2.2"
"20230816","인천","강화군","24.8","29.4","21.6","24.5","25.1","29.3","21.6","0.0","0.0","6.4","9.2","9.0","5.9","0.0","0.0","0.0","88.6","89.5","80.1","4.6","4.4","0.0","0.0","0.0","0.0","5.6","7.2","1.9"
"20230815","인천","남구","27.4","31.2","24.2","27.2","26.0","29.6","23.4","0.0","0.0","6.5","5.5","0.1","6.3","19.04","9.03","0.0","78.5","86.8","81.4","6.1","9.8","6.1","0.0","0.0","0.0","6.7","15.7","2.2"
"20230815","인천","강화군","26.2","30.4","22.6","27.1","25.2","29.4","21.8","0.0","8.2","7.3","6.1","0.0","6.1","0.0","0.0","0.0","86.5","95.3","80.7","6.5","8.5","0.0","0.0","0.0","0.0","4.9","20.5","1.8"
"20230814","인천","남구","27.8","31.1","25.0","26.8","26.1","29.7","23.4","0.0","1.4","8.4","10.2","4.8","6.3","23.29","18.17","0.0","77.5","86.3","81.7","2.8","8.4","6.3","0.0","0.0","0.0","7.3","9.8","2.3"
"20230814","인천","강화군","26.0","30.6","22.6","25.9","25.3","29.5","21.9","0.0","0.4","9.6","8.9","1.9","6.1","0.0","0.0","0.0","86.8","94.1","81.1","4.5","7.3","0.0","0.0","0.0","0.0","6.9","7.9","1.8"
"20230813","인천","남구","26.7","30.5","23.3","24.6","26.2","29.9","23.5","0.0","6.5","10.1","5.0","1.7","6.3","19.77","5.59","0.0","79.1","86.3","81.5","7.3","8.9","6.2","0.0","0.0","0.0","6.8","9.6","2.3"
"20230813","인천","강화군","25.3","30.4","22.1","22.9","25.4","29.7","22.0","0.0","6.3","10.6","4.0","0.1","6.2","0.0","0.0","0.0","88.5","98.8","81.3","7.3","8.1","0.0","0.0","0.0","0.0","4.3","4.0","1.8"
"20230812","인천","남구","23.5","25.8","21.8","25.1","26.3","29.9","23.6","21.7","0.0","9.1","1.9","11.9","6.3","8.78","25.43","0.0","92.5","81.8","81.2","8.3","2.8","6.3","0.0","0.0","0.0","8.9","5.9","2.3"
"20230812","인천","강화군","22.8","24.8","21.7","23.9","25.4","29.7","22.0","21.0","0.0","9.2","0.0","11.2","6.2","0.0","0.0","0.0","98.6","87.8","81.1","8.0","3.6","0.0","0.0","0.0","0.0","7.2","5.9","1.8"
"20230811","인천","남구","23.0","24.8","21.9","23.5","26.4","30.0","23.6","46.6","19.4","9.2","0.0","1.4","6.3","6.05","10.3","0.0","93.1","90.8","80.9","10.0","8.1","6.3","0.0","0.0","0.0","15.8","5.2","2.3"
"20230811","인천","강화군","22.5","25.1","20.6","23.5","25.5","29.9","22.1","47.5","3.4","10.0","0.0","2.2","6.3","0.0","0.0","0.0","98.1","94.5","80.7","10.0","5.9","0.0","0.0","0.0","0.0","12.2","5.5","1.8"
"20230810","인천","남구","22.8","27.1","21.1","22.7","26.4","30.1","23.7","70.5","6.3","9.2","0.0","3.7","6.3","3.71","15.67","0.0","90.3","90.6","80.9","10.0","9.0","6.4","0.0","0.0","0.0","15.5","6.0","2.4"
"20230810","인천","강화군","23.0","25.5","21.7","23.6","25.5","29.9","22.1","39.6","1.0","10.7","0.0","9.6","6.1","0.0","0.0","0.0","90.1","88.3","80.5","9.5","6.4","0.0","0.0","0.0","0.0","13.0","6.4","1.9"
"20230809","인천","남구","29.3","32.5","27.1","24.2","26.4","30.1","23.7","0.0","113.1","9.4","4.5","0.0","6.1","16.27","1.95","0.0","64.6","97.4","80.9","7.9","10.0","6.4","0.0","0.0","0.0","10.5","15.6","2.4"
"20230809","인천","강화군","27.1","31.4","24.2","24.1","25.6","29.9","22.2","0.0","92.4","9.6","4.9","0.0","5.9","0.0","0.0","0.0","74.8","100.0","80.5","7.8","9.5","0.0","0.0","0.0","0.0","7.9","8.5","2.0"
"20230808","인천","남구","30.7","34.3","26.6","26.2","26.5","30.0","23.8","0.0","207.8","9.9","10.0","0.0","6.0","21.94","2.02","0.0","63.3","93.0","81.1","2.9","10.0","6.3","0.0","0.0","0.0","7.6","17.6","2.5"
"20230808","인천","강화군","28.5","33.2","23.9","26.6","25.6","29.9","22.3","0.0","41.2","13.0","12.0","0.0","5.9","0.0","0.0","0.0","69.5","99.5","80.4","2.8","10.0","0.0","0.0","0.0","0.0","7.7","11.3","2.0"
"20230807","인천","남구","30.2","34.6","26.4","28.1","26.6","30.2","23.8","7.8","0.0","9.2","7.8","1.3","6.3","19.93","10.97","0.0","72.1","85.6","81.1","5.8","7.9","6.1","0.0","0.0","0.0","10.5","9.7","2.5"
"20230807","인천","강화군","28.1","32.6","25.5","27.7","25.8","30.1","22.3","0.0","1.2","12.9","8.9","0.7","6.1","0.0","0.0","0.0","75.6","95.4","80.4","4.9","8.3","0.0","0.0","0.0","0.0","6.8","12.5","1.9"
"20230806","인천","남구","29.4","32.8","26.4","27.7","26.5","30.1","23.8","0.0","0.0","10.7","5.5","1.9","6.3","20.14","12.41","0.0","79.0","88.4","81.4","6.5","7.4","6.2","0.0","0.0","0.0","6.3","7.0","2.5"
"20230806","인천","강화군","28.1","32.0","23.9","27.0","25.7","29.9","22.3","0.0","0.3","13.6","5.0","0.3","5.9","0.0","0.0","0.0","85.0","98.0","80.9","7.1","7.0","0.0","0.0","0.0","0.0","5.6","6.1","1.9"
"20230805","인천","남구","28.7","32.8","25.9","27.8","26.5","30.1","23.9","0.0","0.0","10.5","12.4","8.3","6.3","27.25","23.27","0.0","73.8","87.0","81.3","2.8","6.0","6.1","0.0","0.0","0.0","6.9","6.9","2.5"
"20230805","인천","강화군","27.1","31.8","22.7","27.5","25.7","29.9","22.4","0.0","0.9","15.0","9.8","7.0","5.9","0.0","0.0","0.0","86.3","94.4","81.1","3.3","5.3","0.0","0.0","0.0","0.0","6.4","7.6","1.9"
"20230804","인천","남구","29.2","32.6","26.5","27.3","26.6","30.2","23.9","0.0","0.0","10.5","12.3","9.4","6.4","26.1","23.36","0.0","69.8","88.1","81.3","3.4","5.1","6.1","0.0","0.0","0.0","5.9","6.6","2.6"
"20230804","인천","강화군","27.0","31.5","23.3","27.3","25.8","29.9","22.4","0.0","0.1","16.0","11.5","7.7","6.0","0.0","0.0","0.0","83.3","94.0","81.2","3.3","2.9","0.0","0.0","0.0","0.0","6.0","5.8","1.9"
"20230803","인천","남구","28.1","31.6","25.0","26.3","26.6","30.1","24.0","0.0","51.1","10.0","12.1","3.9","6.2","26.92","16.87","0.0","73.4","94.6","81.9","3.5","8.9","6.3","0.0","0.0","0.0","5.7","13.3","2.6"
"20230803","인천","강화군","26.5","30.3","22.6","26.5","25.7","29.8","22.5","0.0","31.1","13.8","8.8","0.3","5.7","0.0","0.0","0.0","86.8","99.6","81.8","4.4","8.0","0.0","0.0","0.0","0.0","5.8","8.5","2.0"
"20230802","인천","남구","28.2","31.4","26.2","25.5","26.4","29.9","24.0","0.0","148.2","11.2","11.5","0.0","5.9","24.48","2.88","0.0","77.4","95.8","82.7","3.0","10.0","6.6","0.0","0.0","0.0","6.3","17.0","2.6"
"20230802","인천","강화군","26.1","30.1","23.2","26.0","25.6","29.5","22.5","0.0","28.9","14.7","9.5","0.0","5.4","0.0","0.0","0.0","88.1","98.5","82.6","4.8","7.5","0.0","0.0","0.0","0.0","5.7","11.4","2.0"
"20230801","인천","남구","29.3","32.8","26.5","27.7","26.3","29.7","23.9","0.0","31.3","9.2","12.0","2.8","5.8","24.06","15.74","0.0","75.4","85.0","83.3","4.6","8.8","6.7","0.0","0.0","0.0","5.1","12.7","2.7"
"20230801","인천","강화군","27.8","31.9","23.6","27.5","25.5","29.4","22.5","0.0","23.3","13.5","10.6","2.3","5.2","0.0","0.0","0.0","86.1","92.4","83.1","5.4","7.1","0.0","0.0","0.0","0.0","6.1","7.7","2.0"
"20230731","인천","남구","27.9","31.5","25.5","27.2","26.2","29.6","23.8","0.0","20.7","9.9","7.9","0.1","5.6","21.22","5.5","0.0","77.9","82.4","84.0","5.8","9.8","6.8","0.0","0.0","0.0","6.0","8.4","2.6"
"20230731","인천","강화군","26.5","31.3","22.8","25.9","25.5","29.3","22.5","0.0","47.2","11.2","7.4","0.0","5.1","0.0","0.0","0.0","87.8","97.9","83.5","5.9","9.9","0.0","0.0","0.0","0.0","7.3","5.6","2.0"
"20230730","인천","남구","29.4","33.7","25.4","31.1","26.0","29.3","23.6","0.0","0.0","11.0","10.8","9.5","5.4","24.94","23.02","0.0","68.5","61.8","84.5","4.5","5.1","6.9","0.0","0.0","0.0","6.0","8.7","2.5"
"20230730","인천","강화군","27.2","32.3","22.4","28.0","25.3","29.1","22.4","0.0","10.1","12.1","11.6","8.3","4.9","0.0","0.0","0.0","80.9","87.6","84.1","4.8","6.6","0.0","0.0","0.0","0.0","6.8","7.4","1.9"
"20230729","인천","남구","28.9","32.1","26.5","29.3","25.9","29.2","23.5","0.0","0.0","11.4","9.0","8.6","5.4","24.45","23.62","0.0","72.5","71.0","84.4","6.5","3.9","7.0","0.0","0.0","0.0","6.4","7.3","2.5"
"20230729","인천","강화군","26.2","30.5","23.4","28.1","25.1","28.9","22.3","0.0","0.0","12.7","4.1","8.6","4.8","0.0","0.0","0.0","86.9","81.9","84.0","5.9","5.9","0.0","0.0","0.0","0.0","6.8","5.6","1.9"
"20230728","인천","남구","28.9","31.7","25.7","28.4","25.8","29.1","23.3","0.0","0.0","10.5","12.0","9.5","5.4","26.55","23.22","0.0","74.4","64.5","83.8","2.0","4.4","6.9","0.0","0.0","0.0","7.5","8.1","2.5"
"20230728","인천","강화군","27.0","31.6","22.9","27.5","25.0","28.8","22.1","0.0","0.0","13.1","11.6","11.0","4.9","0.0","0.0","0.0","85.0","73.1","83.6","2.4","3.9","0.0","0.0","0.0","0.0","6.1","5.8","2.0"
"20230727","인천","남구","27.8","31.1","24.7","27.8","25.7","29.1","23.2","0.0","0.0","11.7","12.2","5.4","5.2","26.47","18.93","0.0","79.0","72.6","83.8","4.4","5.8","7.0","0.0","0.0","0.0","5.9","7.1","2.5"
"20230727","인천","강화군","26.4","30.4","23.4","26.6","24.9","28.7","22.0","0.0","0.0","14.5","10.3","2.8","4.9","0.0","0.0","0.0","88.6","88.5","83.4","3.8","6.6","0.0","0.0","0.0","0.0","5.5","4.9","2.0"
"20230726","인천","남구","27.2","29.6","25.0","27.5","25.5","28.9","23.0","1.6","0.0","12.1","8.9","11.3","5.0","25.12","25.38","0.0","84.6","74.6","83.8","6.6","6.1","7.1","0.0","0.0","0.0","7.4","6.1","2.5"
"20230726","인천","강화군","25.7","28.8","23.5","26.4","24.7","28.5","21.8","12.7","0.0","16.5","3.9","9.8","4.7","0.0","0.0","0.0","96.0","85.4","83.5","5.8","5.6","0.0","0.0","0.0","0.0","7.6","5.3","2.0"
"20230725","인천","남구","26.3","28.4","24.9","25.8","25.4","28.8","22.9","0.2","0.0","11.0","3.8","12.8","5.0","17.59","28.28","0.0","86.1","79.0","83.8","7.9","1.4","7.1","0.0","0.0","0.0","8.7","6.9","2.6"
"20230725","인천","강화군","24.9","27.3","23.0","25.3","24.6","28.4","21.7","11.0","0.0","15.2","0.8","11.8","4.8","0.0","0.0","0.0","96.8","85.8","83.4","6.9","2.8","0.0","0.0","0.0","0.0","8.6","6.4","2.1"
"20230724","인천","남구","25.2","27.3","23.4","24.5","25.3","28.7","22.8","0.0","0.4","10.6","7.1","0.4","5.1","19.67","8.72","0.0","89.0","87.8","84.3","7.4","9.5","7.1","0.0","0.0","0.0","6.7","7.1","2.7"
"20230724","인천","강화군","24.7","28.0","22.4","23.7","24.5","28.4","21.6","0.8","10.4","13.8","6.1","0.5","5.0","0.0","0.0","0.0","95.6","96.4","83.6","5.6","7.8","0.0","0.0","0.0","0.0","7.3","5.1","2.1"
"20230723","인천","남구","24.4","25.1","23.8","24.2","25.2","28.6","22.8","79.0","11.6","10.2","0.0","0.1","5.1","3.16","9.17","0.0","95.9","84.5","84.5","10.0","9.0","7.3","0.0","0.0","0.0","12.6","9.0","2.7"
"20230723","인천","강화군","24.7","25.5","23.6","23.1","24.5","28.3","21.6","65.8","22.8","11.2","0.0","0.3","4.8","0.0","0.0","0.0","99.8","94.6","83.7","9.5","8.8","0.0","0.0","0.0","0.0","15.3","6.1","2.1"
"20230722","인천","남구","26.6","31.7","23.3","24.8","25.2","28.5","22.7","5.3","0.0","10.1","5.3","5.6","5.1","15.64","19.77","0.0","77.5","82.6","84.4","7.1","6.6","7.2","0.0","0.0","0.0","12.1","8.2","2.7"
"20230722","인천","강화군","25.8","31.1","22.6","23.9","24.4","28.2","21.4","38.7","7.2","10.2","4.9","3.8","4.8","0.0","0.0","0.0","84.4","93.5","83.5","7.3","5.9","0.0","0.0","0.0","0.0","10.1","6.3","2.1"
"20230721","인천","남구","27.8","32.4","23.6","23.2","25.1","28.5","22.6","0.0","12.8","10.3","12.8","1.6","5.3","26.83","11.98","0.0","70.1","83.8","84.1","1.1","8.8","7.1","0.0","0.0","0.0","5.3","12.0","2.7"
"20230721","인천","강화군","25.8","31.6","20.2","23.1","24.4","28.3","21.3","0.0","16.5","8.4","12.1","2.5","4.9","0.0","0.0","0.0","79.9","87.6","83.2","0.9","7.8","0.0","0.0","0.0","0.0","5.2","10.4","2.1"
"20230720","인천","남구","26.2","29.4","23.2","25.8","25.0","28.5","22.4","0.0","0.7","8.4","12.0","3.9","5.6","24.48","18.37","0.0","77.0","80.4","83.5","4.3","9.0","6.9","0.0","0.0","0.0","6.6","7.1","2.7"
"20230720","인천","강화군","24.7","29.3","21.0","25.0","24.3","28.2","21.2","0.0","0.3","7.3","9.5","1.4","5.0","0.0","0.0","0.0","88.6","92.4","82.7","3.9","9.6","0.0","0.0","0.0","0.0","5.9","6.0","2.1"
"20230719","인천","남구","26.2","30.2","23.0","25.8","24.7","28.1","22.1","0.0","0.0","8.2","11.9","10.1","5.4","27.62","26.18","0.0","82.6","81.1","83.2","1.9","6.1","6.9","0.0","0.0","0.0","6.2","8.5","2.6"
"20230719","인천","강화군","25.0","30.5","20.8","25.6","24.0","27.9","21.0","0.0","0.0","7.8","9.3","9.0","4.7","0.0","0.0","0.0","90.0","87.6","82.7","1.4","6.1","0.0","0.0","0.0","0.0","6.1","7.4","2.1"
"20230718","인천","남구","24.6","27.1","23.1","25.9","24.4","27.8","21.8","2.5","0.0","12.0","2.3","3.4","5.2","9.17","15.95","0.0","89.9","78.8","83.5","8.0","7.5","7.0","0.0","0.0","0.0","4.9","5.7","2.6"
"20230718","인천","강화군","24.3","27.7","21.9","25.5","23.6","27.6","20.6","0.0","0.0","11.3","0.7","5.9","4.6","0.0","0.0","0.0","93.1","85.0","83.2","7.6","5.3","0.0","0.0","0.0","0.0","3.4","5.9","2.1"
"20230717","인천","남구","24.3","26.0","23.1","24.6","24.1","27.5","21.6","0.0","0.0","13.2","0.9","5.8","4.9","12.18","22.27","0.0","89.4","83.8","84.0","9.1","7.5","7.3","0.0","0.0","0.0","6.1","7.8","2.6"
"20230717","인천","강화군","23.0","25.1","21.9","24.6","23.4","27.3","20.5","1.5","0.0","11.7","0.1","6.4","4.4","0.0","0.0","0.0","99.4","91.5","83.4","9.3","6.3","0.0","0.0","0.0","0.0","5.3","7.8","2.1"
"20230716","인천","남구","23.5","24.4","22.9","24.4","24.0","27.5","21.5","0.2","0.0","12.7","0.0","7.7","5.0","6.43","24.04","0.0","93.0","83.6","84.0","9.5","6.9","7.3","0.0","0.0","0.0","8.1","8.2","2.6"
"20230716","인천","강화군","23.5","25.3","22.6","24.4","23.3","27.2","20.3","1.8","0.0","12.3","0.0","6.7","4.6","0.0","0.0","0.0","98.3","91.8","83.3","9.3","6.9","0.0","0.0","0.0","0.0","7.7","7.6","2.1"
"20230715","인천","남구","23.6","24.5","22.9","24.3","23.8","27.2","21.4","0.7","0.0","14.7","0.0","10.9","4.7","3.15","27.06","0.0","95.3","84.6","84.7","9.8","4.3","7.5","0.0","0.0","0.0","13.1","6.7","2.6"
"20230715","인천","강화군","23.8","25.0","23.0","23.6","23.1","26.9","20.2","0.7","0.0","13.2","0.0","9.8","4.5","0.0","0.0","0.0","98.4","93.3","83.7","9.6","3.5","0.0","0.0","0.0","0.0","12.6","7.8","2.0"
"20230714","인천","남구","23.7","24.3","23.1","24.0","23.8","27.2","21.4","41.2","0.5","15.5","0.0","8.0","4.6","1.74","24.69","0.0","98.1","87.9","84.8","10.0","7.0","7.6","0.0","0.0","0.0","13.6","8.5","2.7"
"20230714","인천","강화군","23.9","24.9","23.5","24.2","23.2","26.9","20.2","19.6","1.0","14.8","0.0","3.9","4.5","0.0","0.0","0.0","100.0","91.4","83.5","9.3","6.1","0.0","0.0","0.0","0.0","13.6","6.7","2.1"
"20230713","인천","남구","24.8","25.7","23.5","24.4","23.9","27.2","21.4","109.9","168.0","12.7","0.0","0.0","4.4","3.16","1.6","0.0","95.0","93.4","84.3","10.0","10.0","7.7","0.0","0.0","0.0","13.7","15.8","2.6"
"20230713","인천","강화군","24.2","25.6","23.0","24.4","23.2","27.0","20.2","118.1","100.5","13.0","0.0","0.0","4.5","0.0","0.0","0.0","99.8","99.4","82.8","9.9","9.1","0.0","0.0","0.0","0.0","14.7","11.4","2.0"
"20230712","인천","남구","24.9","27.5","22.4","26.7","23.9","27.2","21.3","0.4","0.0","12.3","2.2","0.5","4.3","16.73","12.13","0.0","89.5","72.1","83.9","9.4","8.8","7.6","0.0","0.0","0.0","5.0","6.3","2.6"
"20230712","인천","강화군","24.3","27.6","21.8","25.1","23.2","27.1","20.1","0.6","0.0","13.4","3.0","0.1","4.6","0.0","0.0","0.0","95.8","83.5","82.3","8.4","9.1","0.0","0.0","0.0","0.0","4.8","6.2","2.0"
"20230711","인천","남구","23.7","25.0","21.9","26.7","23.8","27.1","21.2","41.0","0.0","12.6","0.2","10.2","4.3","3.78","25.61","0.0","92.1","69.9","83.5","9.8","4.0","7.5","0.0","0.0","0.0","8.3","6.1","2.5"
"20230711","인천","강화군","22.9","24.8","21.0","25.7","23.1","27.1","20.0","38.8","0.0","14.0","0.0","8.2","4.5","0.0","0.0","0.0","99.6","77.5","82.0","8.3","6.5","0.0","0.0","0.0","0.0","8.9","6.9","2.0"
"20230710","인천","남구","25.1","28.4","23.0","26.7","23.8","27.2","21.1","3.0","0.0","11.1","8.4","7.5","4.6","23.38","23.73","0.0","84.6","75.1","82.3","6.9","6.9","7.4","0.0","0.0","0.0","9.4","6.9","2.5"
"20230710","인천","강화군","24.7","28.5","22.7","25.9","23.1","27.1","19.9","0.0","0.0","13.7","7.0","7.7","4.8","0.0","0.0","0.0","91.0","78.9","81.1","5.8","5.8","0.0","0.0","0.0","0.0","7.7","8.6","2.0"
"20230709","인천","남구","24.5","25.9","21.8","25.3","23.8","27.4","21.1","15.9","0.0","9.4","1.5","9.1","5.1","9.55","24.44","0.0","89.4","82.8","81.4","8.5","6.1","7.1","0.0","0.0","0.0","8.0","6.2","2.5"
"20230709","인천","강화군","24.3","25.9","20.7","25.0","23.1","27.3","19.8","3.3","0.0","10.4","2.0","8.1","5.3","0.0","0.0","0.0","95.5","93.6","80.4","6.4","4.5","0.0","0.0","0.0","0.0","9.3","6.6","2.0"
"20230708","인천","남구","24.6","28.6","22.3","24.4","23.8","27.5","21.0","0.0","0.0","9.3","1.1","1.6","5.5","12.9","12.63","0.0","81.8","88.6","81.0","8.0","9.4","6.9","0.0","0.0","0.0","6.6","7.5","2.5"
"20230708","인천","강화군","23.5","28.4","20.2","23.9","23.0","27.3","19.6","0.0","2.2","10.0","1.1","0.2","5.5","0.0","0.0","0.0","90.1","97.5","80.0","5.1","8.8","0.0","0.0","0.0","0.0","5.8","9.3","1.9"
"20230707","인천","남구","25.9","30.0","23.1","27.6","23.7","27.4","20.8","0.0","0.5","8.6","9.1","0.5","6.1","23.7","8.67","0.0","70.3","78.5","80.8","4.4","9.0","6.5","0.0","0.0","0.0","10.8","14.8","2.5"
"20230707","인천","강화군","24.5","31.2","20.5","26.7","22.9","27.3","19.4","0.0","1.6","9.4","8.8","0.0","6.0","0.0","0.0","0.0","81.3","89.5","80.0","4.5","7.9","0.0","0.0","0.0","0.0","6.1","14.8","1.9"
"20230706","인천","남구","25.7","29.1","22.2","29.0","23.5","27.3","20.8","0.0","0.0","7.3","10.0","5.1","6.3","25.75","20.77","0.0","76.9","72.5","81.3","6.0","6.3","6.6","0.0","0.0","0.0","11.5","7.7","2.5"
"20230706","인천","강화군","24.9","28.9","21.5","27.7","22.9","27.2","19.3","0.0","0.4","8.0","8.5","5.5","6.2","0.0","0.0","0.0","86.0","85.3","80.1","6.3","7.4","0.0","0.0","0.0","0.0","9.3","5.5","2.0"
"20230705","인천","남구","22.9","24.5","21.3","27.3","23.3","27.0","20.6","6.1","0.0","7.8","6.5","10.1","6.1","20.88","24.0","0.0","88.6","74.8","82.7","5.8","5.3","6.7","0.0","0.0","0.0","15.0","7.7","2.4"
"20230705","인천","강화군","23.0","25.4","21.1","27.0","22.7","27.0","19.2","1.1","0.0","7.2","2.7","8.4","6.0","0.0","0.0","0.0","94.3","87.8","80.8","4.5","6.4","0.0","0.0","0.0","0.0","14.1","6.3","2.0"
"20230704","인천","남구","24.5","26.6","23.9","27.3","23.1","26.7","20.5","63.8","0.0","9.5","0.0","4.4","5.7","4.44","19.17","0.0","93.6","71.4","84.3","9.8","7.1","7.0","0.0","0.0","0.0","12.7","7.2","2.4"
"20230704","인천","강화군","24.2","26.3","22.9","26.8","22.6","26.7","19.2","66.7","0.0","9.0","0.0","5.6","5.6","0.0","0.0","0.0","99.0","83.5","82.2","8.5","7.4","0.0","0.0","0.0","0.0","16.3","5.5","2.0"
"20230703","인천","남구","27.2","32.4","23.3","27.1","23.0","26.5","20.5","0.0","0.0","10.8","9.3","11.5","5.3","22.94","26.99","0.0","78.6","72.6","85.1","6.5","4.6","7.3","0.0","0.0","0.0","5.4","6.3","2.5"
"20230703","인천","강화군","25.7","31.4","20.7","25.8","22.5","26.4","19.2","0.0","0.0","9.9","8.9","11.4","5.3","0.0","0.0","0.0","86.8","83.0","83.1","5.0","3.8","0.0","0.0","0.0","0.0","4.9","5.5","2.0"
"20230702","인천","남구","24.4","28.2","21.7","26.5","22.9","26.4","20.4","0.0","0.0","11.3","4.3","12.3","4.7","15.82","27.19","0.0","86.3","80.8","85.7","7.0","4.0","7.6","0.0","0.0","0.0","5.3","6.2","2.5"
"20230702","인천","강화군","23.4","27.6","20.8","25.6","22.3","26.2","19.2","0.0","0.0","10.0","3.2","8.0","4.7","0.0","0.0","0.0","95.3","88.4","83.6","6.8","3.6","0.0","0.0","0.0","0.0","6.5","4.9","2.0"
"20230701","인천","남구","25.2","28.7","22.0","25.6","22.7","26.2","20.2","0.0","0.0","12.4","13.1","11.0","4.4","28.45","27.75","0.0","82.0","86.0","85.7","0.6","4.8","7.7","0.0","0.0","0.0","6.5","9.2","2.5"
"20230701","인천","강화군","24.7","28.7","19.9","25.7","22.2","26.0","19.0","0.0","0.2","11.0","11.7","6.4","4.5","0.0","0.0","0.0","89.0","90.4","83.6","1.3","6.4","0.0","0.0","0.0","0.0","7.9","9.9","1.9"
"20230630","인천","남구","23.9","26.8","22.1","22.6","22.7","26.4","20.1","0.2","126.1","11.1","6.1","0.0","4.8","18.18","2.79","0.0","90.4","97.0","84.7","6.5","10.0","7.5","0.0","0.0","0.0","5.4","9.5","2.5"
"20230630","인천","강화군","23.5","26.8","21.0","22.2","22.1","26.1","18.9","2.1","196.8","10.3","4.6","0.0","4.8","0.0","0.0","0.0","94.6","100.0","83.1","4.1","9.5","0.0","0.0","0.0","0.0","6.3","8.4","1.9"
"20230629","인천","남구","23.2","24.5","21.9","23.7","22.6","26.3","19.9","44.0","24.9","9.1","0.0","0.0","5.2","2.65","3.66","0.0","95.4","95.8","83.7","10.0","10.0","7.2","0.0","0.0","0.0","15.2","18.4","2.5"
"20230629","인천","강화군","22.7","24.4","21.7","23.5","22.0","26.0","18.6","50.5","47.6","8.4","0.0","0.0","5.0","0.0","0.0","0.0","100.0","100.0","82.1","9.1","8.5","0.0","0.0","0.0","0.0","11.9","21.4","1.9"
"20230628","인천","남구","24.2","27.3","21.9","25.1","22.4","26.2","19.7","0.0","2.6","8.3","3.3","0.0","5.5","17.53","2.94","0.0","85.6","85.9","82.8","9.1","10.0","7.1","0.0","0.0","0.0","7.0","18.0","2.5"
"20230628","인천","강화군","22.9","26.6","20.8","25.4","21.8","26.0","18.4","0.1","6.1","7.5","2.2","0.0","5.4","0.0","0.0","0.0","96.9","91.8","81.1","8.0","9.8","0.0","0.0","0.0","0.0","6.1","21.1","2.0"
"20230627","인천","남구","23.6","27.6","20.3","25.8","22.4","26.3","19.6","0.0","2.3","7.1","8.3","0.1","6.0","25.15","5.47","0.0","81.1","83.8","81.1","5.4","10.0","6.8","0.0","0.0","0.0","12.3","18.7","2.4"
"20230627","인천","강화군","22.4","25.6","20.0","25.7","21.8","26.1","18.2","2.7","62.8","6.6","3.5","0.0","5.7","0.0","0.0","0.0","89.9","92.6","79.5","6.9","10.0","0.0","0.0","0.0","0.0","13.1","16.7","2.0"
"20230626","인천","남구","23.2","25.4","21.7","25.1","22.3","26.2","19.4","17.8","0.0","5.1","0.0","0.1","6.4","4.17","6.2","0.0","88.4","85.6","79.8","10.0","10.0","6.6","0.0","0.0","0.0","13.5","13.3","2.4"
"20230626","인천","강화군","22.6","24.3","20.6","24.9","21.6","26.0","18.0","42.2","0.0","4.9","0.0","0.0","6.1","0.0","0.0","0.0","96.3","94.5","78.4","9.5","8.4","0.0","0.0","0.0","0.0","13.6","11.2","2.0"
"20230625","인천","남구","26.7","30.8","22.1","23.7","22.1","26.0","19.2","0.0","0.0","5.4","7.6","2.4","6.3","21.81","14.89","0.0","65.8","87.3","79.3","5.8","7.6","6.5","0.0","0.0","0.0","7.3","10.1","2.5"
"20230625","인천","강화군","24.9","30.6","18.6","23.6","21.4","25.8","17.8","0.0","0.0","5.6","8.4","1.2","6.0","0.0","0.0","0.0","80.1","93.1","77.9","4.4","6.6","0.0","0.0","0.0","0.0","5.5","13.1","2.0"
"20230624","인천","남구","24.6","28.8","21.4","20.8","22.1","26.2","19.1","0.0","8.4","4.8","12.0","2.5","6.3","27.35","10.96","0.0","73.0","94.9","78.0","0.4","8.6","6.4","0.0","0.0","0.0","5.7","12.0","2.4"
"20230624","인천","강화군","23.6","27.9","19.4","21.4","21.4","26.0","17.6","0.0","0.3","4.9","11.2","1.4","6.3","0.0","0.0","0.0","83.5","98.4","77.0","0.9","6.6","0.0","0.0","0.0","0.0","6.1","9.4","2.0"
"20230623","인천","남구","23.2","26.7","19.6","22.3","22.1","26.3","19.0","0.0","92.3","3.1","8.8","0.0","6.6","24.43","3.03","0.0","80.8","92.4","77.7","3.3","9.5","6.2","0.0","0.0","0.0","6.8","16.6","2.3"
"20230623","인천","강화군","21.6","26.7","17.9","21.7","21.4","26.1","17.5","0.0","129.4","3.4","6.1","0.0","6.4","0.0","0.0","0.0","91.8","99.9","77.0","2.6","9.0","0.0","0.0","0.0","0.0","5.7","14.7","1.9"
"20230622","인천","남구","21.5","25.1","19.0","22.9","21.9","26.2","18.7","0.0","0.0","2.6","8.8","2.5","6.8","24.88","15.66","0.0","78.5","81.4","78.5","4.8","6.9","6.1","0.0","0.0","0.0","8.5","6.2","2.3"
"20230622","인천","강화군","20.8","24.3","17.5","22.2","21.2","25.9","17.3","1.7","0.0","2.8","5.2","4.6","6.5","0.0","0.0","0.0","90.9","92.3","77.6","5.9","6.9","0.0","0.0","0.0","0.0","7.9","6.6","2.0"
"20230621","인천","남구","20.4","22.7","18.7","23.2","21.9","26.2","18.7","20.5","0.0","2.3","0.3","10.5","6.8","7.28","26.94","0.0","87.1","81.0","78.4","9.4","5.5","6.2","0.0","0.0","0.0","7.0","5.1","2.2"
"20230621","인천","강화군","19.7","21.8","18.4","23.0","21.1","26.0","17.2","14.2","0.0","2.4","0.0","10.8","6.4","0.0","0.0","0.0","97.4","86.9","77.6","7.5","3.1","0.0","0.0","0.0","0.0","4.9","6.5","2.0"
"20230620","인천","남구","22.9","24.9","19.8","23.4","21.8","26.3","18.6","15.2","0.0","2.7","0.3","6.2","6.8","6.01","19.79","0.0","63.0","81.8","78.0","9.8","5.0","6.2","0.0","0.0","0.0","8.5","5.9","2.2"
"20230620","인천","강화군","21.2","23.8","18.7","22.7","21.1","25.9","17.1","16.0","0.2","2.3","0.0","3.1","6.5","0.0","0.0","0.0","85.8","92.3","77.2","9.5","5.6","0.0","0.0","0.0","0.0","4.8","5.3","1.9"
"20230619","인천","남구","25.5","31.8","21.3","22.4","21.7","26.1","18.5","0.0","0.0","3.1","10.5","0.0","6.8","24.61","9.3","0.0","64.6","83.6","77.6","5.1","9.0","6.2","0.0","0.0","0.0","6.6","5.1","2.2"
"20230619","인천","강화군","24.5","31.2","18.6","21.8","20.9","25.7","17.0","0.0","0.3","3.0","10.5","0.0","6.6","0.0","0.0","0.0","73.8","95.1","76.8","4.0","5.9","0.0","0.0","0.0","0.0","6.9","4.7","1.9"
"20230618","인천","남구","23.1","27.3","20.1","22.0","21.6","26.1","18.3","0.0","0.0","3.0","11.8","1.8","7.1","27.45","11.93","0.0","71.4","82.9","76.1","3.8","8.8","6.0","0.0","0.0","0.0","6.5","9.4","2.2"
"20230618","인천","강화군","22.3","28.1","17.6","21.6","20.9","25.7","16.7","0.0","0.0","2.9","10.8","0.2","7.0","0.0","0.0","0.0","76.0","94.1","75.4","3.6","7.1","0.0","0.0","0.0","0.0","7.0","6.0","1.9"
"20230617","인천","남구","22.2","26.3","18.9","21.2","21.7","26.1","18.3","0.0","0.0","2.5","10.5","0.1","7.4","26.57","13.56","0.0","71.1","79.9","74.5","5.9","7.8","5.8","0.0","0.0","0.0","6.3","6.4","2.2"
"20230617","인천","강화군","20.8","26.6","14.5","20.1","20.8","25.8","16.6","0.0","0.0","2.7","10.0","1.3","7.3","0.0","0.0","0.0","85.0","90.6","74.0","4.9","5.0","0.0","0.0","0.0","0.0","7.8","5.4","1.9"
"20230616","인천","남구","21.7","25.7","18.4","19.2","21.6","26.1","18.2","0.0","2.7","3.0","13.0","8.5","7.7","29.61","24.66","0.0","69.0","78.5","73.7","0.9","3.9","5.6","0.0","0.0","0.0","6.9","8.4","2.2"
"20230616","인천","강화군","20.5","24.7","15.9","18.6","20.8","25.8","16.4","0.0","0.0","3.2","11.9","8.2","7.8","0.0","0.0","0.0","83.4","86.8","73.2","1.6","3.5","0.0","0.0","0.0","0.0","6.6","8.3","1.8"
"20230615","인천","남구","20.8","24.3","17.7","17.3","21.4","26.0","18.0","0.0","19.7","2.6","11.5","0.0","7.9","26.7","6.18","0.0","78.0","90.5","73.8","1.9","10.0","5.5","0.0","0.0","0.0","6.9","7.8","2.3"
"20230615","인천","강화군","20.6","25.2","16.5","16.1","20.7","25.7","16.2","0.0","20.4","2.8","8.4","0.0","7.8","0.0","0.0","0.0","84.3","100.0","73.1","3.3","9.4","0.0","0.0","0.0","0.0","7.4","5.5","1.9"
"20230614","인천","남구","20.5","24.0","17.5","21.8","21.2","25.9","17.8","0.0","0.1","2.6","11.4","5.6","8.1","28.88","15.01","0.0","76.0","50.1","74.2","3.0","7.9","5.3","0.0","0.0","0.0","7.0","11.1","2.3"
"20230614","인천","강화군","19.4","24.1","14.5","20.5","20.5","25.5","16.0","0.0","0.0","2.8","9.2","5.1","7.9","0.0","0.0","0.0","87.3","63.5","73.3","5.0","6.9","0.0","0.0","0.0","0.0","7.1","9.1","1.9"
"20230613","인천","남구","20.4","23.3","17.7","22.7","21.1","25.7","17.7","0.0","0.0","3.0","13.1","7.5","8.0","29.43","18.65","0.0","76.6","67.8","74.6","3.9","7.4","5.4","0.0","0.0","0.0","8.0","8.6","2.5"
"20230613","인천","강화군","19.2","23.0","15.9","21.0","20.3","25.3","16.0","0.0","13.7","3.4","8.8","6.2","7.7","0.0","0.0","0.0","89.3","84.8","73.5","5.0","7.4","0.0","0.0","0.0","0.0","7.5","9.1","2.0"
"20230612","인천","남구","20.2","22.8","17.8","22.9","20.9","25.5","17.6","0.0","0.0","3.8","7.1","10.5","7.7","19.25","24.47","0.0","78.0","63.0","75.3","7.0","5.6","5.5","0.0","0.0","0.0","6.5","6.8","2.5"
"20230612","인천","강화군","19.1","23.9","15.6","21.5","20.2","25.1","15.9","0.0","0.0","4.0","5.1","9.5","7.3","0.0","0.0","0.0","88.6","75.5","74.1","7.6","6.6","0.0","0.0","0.0","0.0","6.9","7.1","2.0"
"20230611","인천","남구","21.6","26.5","18.5","23.9","20.8","25.4","17.4","11.2","0.0","3.3","9.9","12.2","7.6","24.51","28.12","0.0","78.1","61.1","75.5","4.8","3.6","5.6","0.0","0.0","0.0","6.1","9.6","2.5"
"20230611","인천","강화군","20.6","25.9","16.1","22.6","20.1","25.1","15.8","0.0","0.0","3.6","7.6","10.0","7.2","0.0","0.0","0.0","81.8","70.3","74.5","4.5","4.1","0.0","0.0","0.0","0.0","6.9","8.2","2.0"
"20230610","인천","남구","21.8","26.0","19.0","20.0","20.8","25.3","17.4","5.0","4.4","2.8","6.5","4.4","7.6","19.17","12.98","0.0","74.1","77.5","74.8","6.8","7.0","5.6","0.0","0.0","0.0","16.1","10.9","2.4"
"20230610","인천","강화군","20.5","25.6","16.9","18.0","20.0","25.0","15.6","11.5","2.0","3.5","4.0","3.1","7.1","0.0","0.0","0.0","87.1","92.5","74.2","6.6","7.8","0.0","0.0","0.0","0.0","9.0","8.1","1.9"
"20230609","인천","남구","21.0","24.9","17.8","20.1","20.7","25.2","17.3","1.0","0.4","2.3","11.0","6.3","7.5","27.42","19.91","0.0","77.4","76.0","74.0","5.3","5.4","5.6","0.0","0.0","0.0","7.5","7.5","2.4"
"20230609","인천","강화군","19.5","24.7","15.8","18.8","19.9","25.0","15.4","0.0","1.0","3.0","10.7","4.2","7.1","0.0","0.0","0.0","85.5","86.0","73.4","4.9","5.6","0.0","0.0","0.0","0.0","7.9","7.2","1.9"
"20230608","인천","남구","19.2","22.9","17.4","19.9","20.6","25.1","17.0","1.3","0.0","2.0","1.8","11.2","7.3","10.41","24.89","0.0","84.4","70.1","73.6","9.3","4.0","5.7","0.0","0.0","0.0","9.9","7.6","2.3"
"20230608","인천","강화군","18.5","21.7","17.0","18.9","19.7","24.9","15.2","26.5","0.0","2.3","0.5","9.4","7.1","0.0","0.0","0.0","95.8","76.5","73.2","7.9","5.0","0.0","0.0","0.0","0.0","10.6","7.2","1.9"
"20230607","인천","남구","19.6","22.7","18.1","19.9","20.5","25.1","16.8","0.0","0.0","1.2","2.7","9.6","7.6","13.68","26.67","0.0","80.5","54.9","72.7","8.8","5.9","5.4","0.0","0.0","0.0","7.2","9.3","2.2"
"20230607","인천","강화군","18.7","21.7","17.0","18.6","19.5","24.9","14.9","0.5","0.0","1.5","0.2","9.1","7.5","0.0","0.0","0.0","93.9","62.4","72.3","7.4","5.0","0.0","0.0","0.0","0.0","6.3","7.6","1.9"
"20230606","인천","남구","19.2","22.2","16.9","19.6","20.2","24.9","16.6","0.0","1.6","1.4","8.9","5.0","7.6","24.61","19.73","0.0","77.1","65.4","71.9","6.3","7.0","5.4","0.0","0.0","0.0","7.0","10.8","2.2"
"20230606","인천","강화군","18.6","22.2","15.5","18.0","19.3","24.5","14.6","0.4","3.6","1.4","4.8","6.7","7.6","0.0","0.0","0.0","89.5","72.9","71.4","7.3","6.3","0.0","0.0","0.0","0.0","7.2","9.9","1.9"
"20230605","인천","남구","19.4","22.8","17.5","21.9","20.0","24.7","16.4","0.0","0.5","1.6","10.8","0.9","7.6","26.7","9.25","0.0","76.1","60.0","71.5","4.8","9.4","5.3","0.0","0.0","0.0","8.8","9.3","2.3"
"20230605","인천","강화군","18.5","23.1","14.3","21.9","19.1","24.4","14.5","0.0","0.0","1.7","9.7","0.6","7.8","0.0","0.0","0.0","87.5","67.8","70.9","5.4","9.0","0.0","0.0","0.0","0.0","9.4","7.0","1.9"
"20230604","인천","남구","19.5","23.8","15.9","22.8","19.9","24.6","16.2","0.0","0.0","1.9","10.3","4.6","7.7","24.66","17.42","0.0","72.9","72.5","71.4","3.9","7.9","5.1","0.0","0.0","0.0","7.1","5.4","2.3"
"20230604","인천","강화군","19.2","25.3","13.5","21.3","18.9","24.2","14.2","0.0","0.0","2.3","9.8","2.6","7.9","0.0","0.0","0.0","83.0","82.1","71.0","4.0","7.8","0.0","0.0","0.0","0.0","7.3","4.4","2.0"
"20230603","인천","남구","20.6","25.9","16.5","21.3","19.7","24.6","16.0","0.0","0.0","1.9","13.2","10.6","8.0","30.37","26.39","0.0","61.6","72.0","70.9","2.5","3.6","4.9","0.0","0.0","0.0","10.5","6.6","2.5"
"20230603","인천","강화군","21.3","26.3","16.2","20.7","18.8","24.1","13.8","0.0","0.0","2.5","12.2","10.1","8.2","0.0","0.0","0.0","58.0","82.5","70.1","2.0","2.8","0.0","0.0","0.0","0.0","9.7","8.3","2.0"
"20230602","인천","남구","18.6","22.6","16.9","19.5","19.5","24.4","15.7","0.0","0.0","1.8","5.9","9.1","8.5","15.51","24.49","0.0","82.6","76.1","70.1","4.5","5.8","4.8","0.0","0.0","0.0","6.7","6.6","2.5"
"20230602","인천","강화군","18.3","22.1","14.8","18.4","18.6","24.0","13.6","0.0","0.0","2.4","5.2","8.4","8.3","0.0","0.0","0.0","91.0","87.8","69.4","3.5","6.1","0.0","0.0","0.0","0.0","7.7","7.1","2.1"
"20230601","인천","남구","21.1","24.9","18.0","20.4","19.3","24.2","15.5","0.0","0.0","1.5","4.5","13.7","8.4","17.17","30.01","0.0","74.8","48.5","70.1","6.6","1.4","4.6","0.0","0.0","0.0","5.3","11.4","2.6"
"20230601","인천","강화군","19.9","24.3","16.2","19.6","18.4","23.9","13.3","0.0","0.0","2.1","4.8","12.0","8.4","0.0","0.0","0.0","82.3","61.6","69.1","6.0","1.9","0.0","0.0","0.0","0.0","5.2","8.9","2.1"
"20230531","인천","남구","21.0","24.9","18.7","18.7","19.2","24.0","15.5","0.0","0.0","1.2","6.5","13.0","8.5","22.4","28.03","0.0","64.6","54.1","70.4","7.3","2.3","4.6","0.0","0.0","0.0","7.7","9.1","2.5"
"20230531","인천","강화군","20.0","24.7","16.3","17.8","18.3","23.8","13.2","0.0","0.0","1.8","4.9","11.0","8.4","0.0","0.0","0.0","78.3","57.1","69.2","7.1","2.4","0.0","0.0","0.0","0.0","6.9","8.6","2.0"
"20230530","인천","남구","22.3","25.8","19.4","18.9","19.1","23.9","15.3","0.0","0.0","1.3","2.0","0.2","8.5","14.94","9.14","0.0","76.5","75.8","69.6","5.0","7.5","4.6","0.0","0.0","0.0","9.3","8.5","2.6"
"20230530","인천","강화군","21.6","26.2","17.3","18.4","18.3","23.8","13.0","0.0","0.0","1.5","3.7","0.2","8.4","0.0","0.0","0.0","74.3","81.4","68.2","6.4","7.0","0.0","0.0","0.0","0.0","6.9","8.4","2.0"
"20230529","인천","남구","21.0","24.4","17.8","20.0","18.9","23.7","15.1","2.6","0.0","2.0","4.0","6.5","8.4","13.67","19.52","0.0","90.6","74.0","69.5","5.4","6.5","4.6","0.0","0.0","0.0","5.1","6.8","2.6"
"20230529","인천","강화군","21.4","27.4","17.6","18.9","18.1","23.5","12.9","0.2","0.0","2.3","6.5","4.6","8.4","0.0","0.0","0.0","89.3","88.6","68.3","5.1","6.4","0.0","0.0","0.0","0.0","6.1","8.1","2.1"
"20230528","인천","남구","18.1","19.1","17.4","19.8","18.7","23.4","14.9","40.9","0.0","2.3","0.0","12.6","7.9","2.55","27.15","0.0","96.6","69.3","70.1","10.0","2.1","4.8","0.0","0.0","0.0","8.6","10.3","2.6"
"20230528","인천","강화군","17.9","19.5","17.3","19.2","17.8","23.3","12.7","24.0","0.0","2.6","0.0","9.4","8.1","0.0","0.0","0.0","100.0","82.0","69.2","10.0","4.4","0.0","0.0","0.0","0.0","12.2","9.6","2.0"
"20230527","인천","남구","19.0","20.2","18.4","17.5","18.5","23.2","14.7","28.1","0.0","2.7","0.0","13.3","7.8","3.39","29.49","0.0","89.0","71.4","70.7","9.8","1.5","4.9","0.0","0.0","0.0","6.1","10.4","2.5"
"20230527","인천","강화군","17.6","18.8","14.4","17.1","17.6","23.0","12.6","53.8","0.0","3.1","0.0","12.1","7.9","0.0","0.0","0.0","96.9","80.6","69.9","9.4","2.6","0.0","0.0","0.0","0.0","7.0","9.2","2.1"
"20230526","인천","남구","20.1","24.1","16.5","16.5","18.3","23.0","14.6","0.1","0.0","3.8","10.5","13.5","7.6","26.25","30.17","0.0","57.0","68.8","71.0","7.4","2.1","4.9","0.0","0.0","0.0","6.8","11.5","2.6"
"20230526","인천","강화군","18.4","23.1","13.3","16.6","17.4","22.8","12.5","0.2","0.0","4.2","10.0","11.4","7.7","0.0","0.0","0.0","65.5","74.8","69.9","7.0","2.8","0.0","0.0","0.0","0.0","6.3","13.3","2.1"
"20230525","인천","남구","19.5","24.8","14.5","17.9","18.1","22.9","14.5","0.0","2.0","3.5","10.8","7.9","7.6","27.44","21.92","0.0","53.9","81.8","71.4","4.6","6.5","4.9","0.0","0.0","0.0","6.9","10.4","2.5"
"20230525","인천","강화군","17.3","23.8","10.2","16.9","17.3","22.6","12.3","0.0","8.7","3.8","9.9","6.9","7.5","0.0","0.0","0.0","61.4","90.4","70.5","4.6","6.6","0.0","0.0","0.0","0.0","7.1","10.3","2.1"
"20230524","인천","남구","18.4","22.0","14.5","20.1","18.0","22.7","14.5","0.0","0.0","3.0","5.1","0.0","7.7","18.52","0.05","0.0","54.5","66.4","71.6","6.8","3.5","5.0","0.0","0.0","0.0","6.0","6.7","2.5"
"20230524","인천","강화군","16.9","22.1","11.3","18.8","17.2","22.5","12.3","0.0","0.0","3.1","5.2","11.5","7.4","0.0","0.0","0.0","62.5","79.5","70.9","6.1","3.3","0.0","0.0","0.0","0.0","5.3","7.7","2.0"
"20230523","인천","남구","19.2","24.6","15.0","19.5","17.9","22.7","14.3","0.0","0.0","3.2","13.0","11.9","7.8","28.56","26.59","0.0","57.9","75.4","70.8","0.3","4.4","4.9","0.0","0.0","0.0","9.7","6.8","2.5"
"20230523","인천","강화군","17.3","24.0","10.1","18.7","17.1","22.4","12.1","0.0","0.0","3.2","12.1","10.1","7.4","0.0","0.0","0.0","64.5","86.0","70.4","0.1","2.9","0.0","0.0","0.0","0.0","7.5","8.0","2.0"
"20230522","인천","남구","18.2","22.3","14.8","17.3","17.8","22.7","14.0","0.0","0.0","3.0","7.7","9.9","8.1","22.1","26.16","0.0","67.9","79.5","70.1","5.5","4.9","4.7","0.0","0.0","0.0","8.8","8.7","2.6"
"20230522","인천","강화군","17.6","24.4","12.7","16.5","16.9","22.4","11.8","1.9","0.0","3.1","8.8","4.4","7.7","0.0","0.0","0.0","70.8","90.9","69.8","6.4","5.0","0.0","0.0","0.0","0.0","7.2","6.4","2.0"
"20230521","인천","남구","15.2","17.8","14.0","17.1","17.5","22.4","13.7","0.3","0.0","2.1","3.2","8.9","8.1","15.25","26.01","0.0","88.4","81.3","70.2","9.1","5.9","4.8","0.0","0.0","0.0","8.8","6.8","2.7"
"20230521","인천","강화군","15.3","18.3","13.2","16.6","16.6","22.0","11.5","1.2","0.0","2.4","5.6","3.2","7.6","0.0","0.0","0.0","93.0","91.9","70.0","8.6","5.6","0.0","0.0","0.0","0.0","9.7","8.1","2.1"
"20230520","인천","남구","18.3","22.9","14.5","18.4","17.2","22.0","13.4","0.0","0.0","3.0","10.5","9.9","7.9","27.03","24.91","0.0","75.3","59.1","70.9","4.6","5.6","4.9","0.0","0.0","0.0","9.1","7.4","2.8"
"20230520","인천","강화군","17.4","22.6","14.0","17.4","16.3","21.7","11.3","0.0","0.0","3.3","9.9","10.7","7.5","0.0","0.0","0.0","84.5","76.5","70.5","6.4","3.6","0.0","0.0","0.0","0.0","8.3","7.4","2.2"
"20230519","인천","남구","21.2","26.6","16.4","17.7","16.9","21.8","13.1","0.0","0.0","3.4","10.7","7.1","7.8","24.85","19.49","0.0","61.8","60.3","70.9","3.0","4.8","5.0","0.0","0.0","0.0","6.8","10.2","2.9"
"20230519","인천","강화군","20.0","26.1","15.9","16.9","16.0","21.5","11.1","0.0","0.0","3.9","11.3","9.4","7.6","0.0","0.0","0.0","70.4","72.8","70.2","2.5","5.4","0.0","0.0","0.0","0.0","7.6","9.0","2.2"
"20230518","인천","남구","20.6","24.8","18.1","18.3","16.7","21.5","13.0","0.0","2.4","3.8","1.2","8.2","7.7","12.56","19.35","0.0","74.9","63.1","71.8","8.1","4.6","5.0","0.0","0.0","0.0","11.7","11.5","2.9"
"20230518","인천","강화군","19.4","24.9","16.5","17.1","15.8","21.1","11.0","0.0","0.5","4.2","1.4","5.8","7.4","0.0","0.0","0.0","82.4","77.0","70.7","7.9","5.4","0.0","0.0","0.0","0.0","8.2","10.5","2.3"
"20230517","인천","남구","21.1","24.8","16.7","17.4","16.6","21.4","13.0","0.0","0.0","3.8","9.5","12.6","7.2","25.96","27.2","0.0","74.3","69.3","72.2","5.5","0.0","5.3","0.0","0.0","0.0","11.9","7.5","2.9"
"20230517","인천","강화군","20.0","24.9","15.2","16.3","15.8","21.1","11.0","0.0","0.0","4.4","6.4","10.2","7.1","0.0","0.0","0.0","85.6","81.5","71.0","6.3","1.9","0.0","0.0","0.0","0.0","13.4","8.4","2.3"
"20230516","인천","남구","21.3","26.3","17.7","15.4","16.6","21.5","12.9","0.0","0.0","3.8","12.3","12.8","7.3","27.4","28.41","0.0","59.3","66.3","70.8","1.8","0.1","5.3","0.0","0.0","0.0","8.1","10.5","2.8"
"20230516","인천","강화군","20.0","25.9","14.7","14.8","15.7","21.2","10.9","0.0","0.0","4.3","11.6","12.1","7.3","0.0","0.0","0.0","68.0","78.9","70.0","1.9","1.3","0.0","0.0","0.0","0.0","8.7","11.7","2.2"
"20230515","인천","남구","19.4","25.0","13.5","14.8","16.4","21.3","12.7","0.0","0.0","3.6","12.5","13.2","7.6","26.67","29.34","0.0","56.4","44.9","70.4","0.9","2.0","5.0","0.0","0.0","0.0","7.7","11.3","2.7"
"20230515","인천","강화군","18.0","24.7","9.5","15.3","15.6","21.0","10.8","0.0","0.0","4.1","11.6","12.1","7.5","0.0","0.0","0.0","63.6","41.9","69.2","2.3","1.0","0.0","0.0","0.0","0.0","6.7","10.6","2.3"
"20230514","인천","남구","16.7","21.0","12.9","14.4","16.2","20.8","12.6","0.0","0.0","3.7","11.1","9.5","7.2","26.52","20.6","0.0","62.0","53.9","71.3","1.1","5.8","5.1","0.0","0.0","0.0","6.8","11.2","2.8"
"20230514","인천","강화군","14.3","19.7","8.7","14.7","15.3","20.6","10.6","0.0","0.0","4.1","9.5","11.1","7.1","0.0","0.0","0.0","74.8","44.9","70.1","2.5","4.5","0.0","0.0","0.0","0.0","7.3","10.6","2.3"
"20230513","인천","남구","15.9","20.6","12.5","18.0","16.0","20.7","12.4","0.0","0.0","3.8","6.9","7.8","7.0","23.14","23.84","0.0","70.9","41.9","70.8","4.8","4.8","5.2","0.0","0.0","0.0","7.9","12.5","2.8"
"20230513","인천","강화군","14.3","20.1","9.1","16.9","15.2","20.4","10.4","0.0","0.0","4.5","4.8","8.4","6.9","0.0","0.0","0.0","80.3","48.1","69.7","6.8","4.6","0.0","0.0","0.0","0.0","6.5","11.0","2.3"
"20230512","인천","남구","16.7","22.8","12.7","18.6","15.7","20.4","12.1","0.0","0.0","3.9","6.8","11.8","7.2","19.84","26.73","0.0","57.0","54.0","70.7","4.8","4.5","5.1","0.0","0.0","0.0","5.8","6.7","2.9"
"20230512","인천","강화군","14.8","21.9","7.9","18.2","14.9","20.1","10.2","0.0","0.0","4.7","6.4","11.2","6.9","0.0","0.0","0.0","70.4","55.1","69.2","4.8","5.1","0.0","0.0","0.0","0.0","6.6","9.2","2.3"
"20230511","인천","남구","17.6","22.7","12.7","16.8","15.5","20.2","12.0","0.0","0.0","4.0","12.6","9.8","7.1","26.96","24.99","0.0","53.9","60.0","70.5","3.0","7.9","5.1","0.0","0.0","0.0","6.0","8.6","3.0"
"20230511","인천","강화군","16.0","23.0","10.3","16.4","14.8","19.9","10.1","0.0","0.1","5.1","12.1","8.5","6.9","0.0","0.0","0.0","60.0","68.3","68.9","2.0","7.5","0.0","0.0","0.0","0.0","6.5","8.9","2.3"
"20230510","인천","남구","16.6","22.8","10.9","18.8","15.5","20.3","12.0","0.0","0.0","3.1","12.4","9.5","7.3","25.2","27.48","0.0","61.5","36.8","69.6","3.6","7.0","5.1","0.0","0.0","0.0","6.1","8.2","3.0"
"20230510","인천","강화군","14.6","22.7","6.4","17.5","14.8","20.1","9.9","0.0","0.0","4.1","11.9","9.0","7.0","0.0","0.0","0.0","70.5","50.9","68.5","2.9","6.9","0.0","0.0","0.0","0.0","6.4","7.6","2.3"
"20230509","인천","남구","14.1","18.8","10.4","16.1","15.6","20.4","11.9","0.0","0.0","4.0","12.5","12.8","7.4","27.72","28.78","0.0","69.3","59.6","68.6","1.5","3.3","5.0","0.0","0.0","0.0","6.8","8.8","3.0"
"20230509","인천","강화군","12.5","18.2","6.2","15.2","14.8","20.3","9.8","0.0","0.0","4.9","12.2","11.6","7.3","0.0","0.0","0.0","80.8","65.3","67.4","1.1","3.1","0.0","0.0","0.0","0.0","8.6","7.2","2.3"
"20230508","인천","남구","14.1","18.6","10.1","15.2","15.5","20.4","11.9","0.0","0.7","4.4","12.5","0.0","7.4","27.01","6.08","0.0","59.3","48.1","68.4","3.8","9.3","5.0","0.0","0.0","0.0","7.2","11.8","3.0"
"20230508","인천","강화군","12.3","18.6","5.9","14.2","14.8","20.2","9.8","0.0","0.6","5.6","12.0","0.0","7.4","0.0","0.0","0.0","71.1","58.8","66.7","2.3","9.6","0.0","0.0","0.0","0.0","7.6","8.4","2.4"
"20230507","인천","남구","14.3","18.0","12.2","16.6","15.7","20.7","11.9","0.0","0.3","3.8","2.6","7.4","7.8","12.2","23.82","0.0","46.9","54.3","66.9","7.3","8.8","4.7","0.0","0.0","0.0","8.0","13.2","3.1"
"20230507","인천","강화군","13.3","18.7","8.7","17.2","14.9","20.5","9.6","0.0","0.7","5.0","3.3","6.8","7.9","0.0","0.0","0.0","50.9","51.6","65.5","7.0","8.0","0.0","0.0","0.0","0.0","7.7","10.6","2.4"
"20230506","인천","남구","12.9","16.7","11.7","18.3","15.5","20.6","11.7","47.5","0.0","3.5","0.2","11.0","8.0","5.35","27.01","0.0","82.3","71.5","67.2","9.4","5.4","4.5","0.0","0.0","0.0","12.8","6.8","3.1"
"20230506","인천","강화군","12.0","13.7","10.3","17.0","14.8","20.4","9.4","33.3","0.0","4.3","0.1","8.0","8.1","0.0","0.0","0.0","82.9","86.1","65.5","8.8","5.5","0.0","0.0","0.0","0.0","13.7","6.9","2.4"
"20230505","인천","남구","17.6","21.3","15.5","17.2","15.4","20.4","11.6","14.3","0.0","4.3","0.0","12.6","7.8","1.68","28.78","0.0","91.9","51.9","68.2","10.0","0.6","4.6","0.0","0.0","0.0","12.5","7.0","3.2"
"20230505","인천","강화군","16.4","20.4","12.9","15.1","14.7","20.3","9.4","33.5","0.0","5.1","0.0","11.7","7.8","0.0","0.0","0.0","99.1","67.5","65.9","9.3","1.9","0.0","0.0","0.0","0.0","11.4","8.6","2.4"
"20230504","인천","남구","20.2","26.0","16.0","16.3","15.5","20.6","11.6","0.0","0.0","3.1","2.7","12.3","7.9","15.77","26.69","0.0","64.6","42.1","67.4","7.6","0.0","4.5","0.0","0.0","0.0","10.3","9.5","3.2"
"20230504","인천","강화군","18.8","24.4","12.3","14.8","14.8","20.4","9.4","0.0","0.0","3.7","2.4","11.9","7.8","0.0","0.0","0.0","76.6","55.4","65.2","7.8","0.6","0.0","0.0","0.0","0.0","6.5","10.7","2.4"
"20230503","인천","남구","18.9","24.9","13.6","13.1","15.6","20.7","11.7","0.0","0.0","1.8","10.5","12.5","8.0","26.13","27.56","0.0","50.4","48.1","67.6","4.9","0.6","4.5","0.0","0.0","0.0","8.0","7.7","3.2"
"20230503","인천","강화군","16.5","23.9","7.9","12.1","14.8","20.5","9.4","0.0","0.0","2.1","8.9","12.0","7.9","0.0","0.0","0.0","63.5","51.8","65.5","4.1","0.6","0.0","0.0","0.0","0.0","6.7","9.3","2.4"
"20230502","인천","남구","16.0","22.6","10.0","13.3","15.5","20.4","11.7","0.0","0.0","2.6","8.5","11.9","7.7","21.34","26.16","0.0","43.9","59.6","68.4","6.9","0.8","4.8","0.0","0.0","0.0","7.0","10.3","3.2"
"20230502","인천","강화군","14.2","22.2","6.5","12.6","14.7","20.2","9.5","0.0","0.0","2.2","7.6","11.8","7.3","0.0","0.0","0.0","54.5","60.0","66.3","0.0","2.0","0.0","0.0","0.0","0.0","6.7","10.6","2.3"
"20230501","인천","남구","13.1","18.5","9.1","11.9","15.3","20.2","11.6","0.0","0.0","3.7","11.1","11.2","7.2","25.4","27.33","0.0","66.5","63.5","68.3","2.3","1.1","5.0","0.0","0.0","0.0","7.8","10.4","3.1"
"20230501","인천","강화군","11.3","18.6","5.8","11.8","14.5","19.9","9.3","0.0","0.0","3.3","9.2","9.6","6.9","0.0","0.0","0.0","73.3","67.1","66.5","4.4","1.5","0.0","0.0","0.0","0.0","7.3","11.2","2.3"
"20230430","인천","남구","11.5","16.0","8.4","12.1","15.0","19.8","11.3","0.0","0.0","3.1","6.9","3.4","7.3","20.62","18.17","0.0","74.6","65.8","67.2","6.0","7.9","5.0","0.0","0.0","0.0","9.8","9.6","3.1"
"20230430","인천","강화군","11.0","15.4","5.6","11.9","14.1","19.5","8.9","0.0","0.0","2.8","2.6","2.0","7.0","0.0","0.0","0.0","80.5","73.3","66.0","6.6","8.3","0.0","0.0","0.0","0.0","10.6","8.9","2.3"
"20230429","인천","남구","12.1","15.6","9.3","12.9","14.5","19.2","10.8","10.3","17.0","2.9","2.6","1.0","7.3","9.64","11.5","0.0","86.5","68.9","66.8","9.6","8.8","4.9","0.0","0.0","0.0","13.6","9.3","3.1"
"20230429","인천","강화군","11.9","14.3","9.0","11.7","13.4","18.9","8.2","21.3","12.0","2.8","2.2","2.9","7.1","0.0","0.0","0.0","91.0","77.3","65.7","8.8","8.1","0.0","0.0","0.0","0.0","11.1","9.6","2.3"
"20230428","인천","남구","14.5","19.3","8.9","16.0","13.9","18.6","10.2","2.1","0.0","3.2","8.6","7.5","7.4","21.16","21.35","0.0","63.0","46.0","65.7","6.1","6.1","4.8","0.0","0.0","0.0","8.0","8.1","3.1"
"20230428","인천","강화군","12.7","18.0","3.7","14.9","12.8","18.3","7.4","4.6","0.0","3.2","8.7","7.1","7.2","0.0","0.0","0.0","71.4","49.5","64.4","5.9","6.4","0.0","0.0","0.0","0.0","9.2","10.1","2.3"
"20230427","인천","남구","10.8","15.5","5.5","15.4","13.4","18.1","9.7","0.0","0.0","2.6","12.2","11.8","7.5","26.23","26.11","0.0","70.0","37.8","64.3","0.8","0.0","4.5","0.0","0.0","0.0","6.5","13.2","3.2"
"20230427","인천","강화군","9.2","14.8","3.0","15.3","12.3","17.8","6.9","0.0","0.0","2.9","11.6","11.6","7.5","0.0","0.0","0.0","74.6","37.3","63.1","1.5","0.3","0.0","0.0","0.0","0.0","6.7","9.7","2.4"
"20230426","인천","남구","9.2","11.5","7.6","19.9","13.0","17.8","9.4","0.0","0.3","1.7","5.2","10.6","8.0","18.08","24.88","0.0","70.9","60.1","63.7","5.0","5.1","4.2","0.0","0.0","0.0","10.8","13.0","3.2"
"20230426","인천","강화군","8.7","12.2","4.7","20.6","12.1","17.6","6.6","0.0","0.1","1.9","7.3","11.2","8.0","0.0","0.0","0.0","78.3","61.0","61.9","4.6","4.3","0.0","0.0","0.0","0.0","10.7","10.9","2.4"
"20230425","인천","남구","10.6","12.4","9.0","18.3","12.9","17.6","9.2","0.0","0.5","1.9","0.0","0.1","8.0","8.6","9.31","0.0","64.9","80.0","63.7","8.6","9.8","4.1","0.0","0.0","0.0","6.4","7.2","3.3"
"20230425","인천","강화군","9.4","12.2","5.9","17.8","12.0","17.5","6.6","0.0","0.6","2.0","0.0","0.1","8.0","0.0","0.0","0.0","79.0","88.8","61.2","8.9","8.9","0.0","0.0","0.0","0.0","5.8","4.5","2.5"
"20230424","인천","남구","14.4","20.4","9.8","15.5","12.8","17.5","9.2","0.0","0.1","2.3","7.7","5.6","7.6","19.12","19.76","0.0","42.5","80.3","64.5","5.9","7.5","4.3","0.0","0.0","0.0","9.9","6.3","3.4"
"20230424","인천","강화군","13.7","20.1","6.1","14.4","12.0","17.4","6.7","0.0","1.5","2.3","8.4","1.6","7.7","0.0","0.0","0.0","47.8","93.9","61.7","6.3","6.9","0.0","0.0","0.0","0.0","10.1","6.2","2.5"
"20230423","인천","남구","15.8","21.1","12.0","14.7","12.8","17.6","9.3","0.0","0.0","2.6","4.5","8.6","7.4","18.98","22.32","0.0","32.3","71.1","65.2","8.3","6.4","4.4","0.0","0.0","0.0","7.1","6.2","3.4"
"20230423","인천","강화군","14.7","21.2","7.3","14.7","12.1","17.4","6.9","0.0","0.0","2.5","4.3","9.6","7.4","0.0","0.0","0.0","32.6","69.0","62.5","8.9","4.9","0.0","0.0","0.0","0.0","9.3","5.8","2.5"
"20230422","인천","남구","16.7","21.3","13.0","12.5","12.8","17.6","9.3","0.0","0.0","2.7","5.4","0.0","7.2","19.75","3.93","0.0","17.4","80.5","65.8","7.9","8.5","4.6","0.0","0.0","0.0","10.4","11.9","3.5"
"20230422","인천","강화군","16.3","20.7","11.6","12.5","12.1","17.4","6.9","0.0","0.0","2.7","5.7","0.0","7.3","0.0","0.0","0.0","17.6","88.6","63.0","7.9","6.6","0.0","0.0","0.0","0.0","8.0","11.2","2.4"
"20230421","인천","남구","15.1","20.2","9.2","14.3","12.8","17.6","9.2","0.0","0.0","2.9","9.7","7.0","6.8","23.56","20.74","0.0","38.4","48.0","65.8","1.9","3.6","4.8","0.0","0.0","0.0","11.8","10.4","3.4"
"20230421","인천","강화군","15.5","20.6","10.3","13.5","12.0","17.3","6.9","0.0","0.0","3.3","10.7","6.7","6.9","0.0","0.0","0.0","24.1","54.5","63.6","3.6","5.4","0.0","0.0","0.0","0.0","13.2","13.3","2.4"
"20230420","인천","남구","13.2","16.4","11.9","12.9","12.8","17.6","9.1","0.0","0.0","2.8","0.0","12.0","6.6","6.35","25.91","0.0","92.8","58.0","65.6","9.9","0.0","5.0","0.0","0.0","0.0","8.3","7.5","3.4"
"20230420","인천","강화군","12.6","16.3","11.1","10.9","11.9","17.3","6.7","0.9","0.0","3.3","0.0","11.7","6.8","0.0","0.0","0.0","100.0","74.3","63.8","7.6","2.4","0.0","0.0","0.0","0.0","7.2","8.6","2.3"
"20230419","인천","남구","17.5","24.6","12.1","11.9","12.7","17.6","8.9","0.0","0.0","2.4","12.0","11.9","6.9","26.59","25.03","0.0","69.5","70.8","64.6","2.4","0.0","4.8","0.0","0.0","0.0","7.6","7.5","3.4"
"20230419","인천","강화군","16.8","25.4","8.2","11.4","11.8","17.3","6.3","0.0","0.0","2.9","9.9","11.4","7.1","0.0","0.0","0.0","79.0","79.6","63.2","4.0","1.9","0.0","0.0","0.0","0.0","6.9","8.8","2.3"
"20230418","인천","남구","13.7","17.5","10.9","12.3","12.4","17.3","8.5","1.2","0.0","2.1","4.0","8.2","7.1","11.53","21.27","0.0","76.8","56.4","64.4","6.8","5.6","4.7","0.0","0.0","0.0","8.2","8.0","3.3"
"20230418","인천","강화군","12.6","18.5","8.7","11.7","11.4","17.1","5.9","1.5","0.0","2.7","4.2","8.2","7.2","0.0","0.0","0.0","85.4","72.9","62.9","5.6","5.0","0.0","0.0","0.0","0.0","6.5","9.5","2.3"
"20230417","인천","남구","12.0","15.7","7.3","10.7","12.0","16.9","8.1","0.0","0.0","1.7","7.1","11.4","7.3","18.35","25.65","0.0","63.0","69.3","64.3","5.3","1.9","4.5","0.0","0.0","0.0","7.1","9.1","3.3"
"20230417","인천","강화군","10.9","15.6","3.6","10.4","11.1","16.8","5.5","0.0","0.0","2.2","5.2","11.3","7.3","0.0","0.0","0.0","70.1","76.0","63.1","6.3","3.6","0.0","0.0","0.0","0.0","7.0","9.5","2.3"
"20230416","인천","남구","9.7","14.2","6.4","11.1","11.6","16.4","7.8","0.0","0.0","1.4","4.4","12.2","7.6","15.16","26.06","0.0","77.8","58.5","64.3","7.1","0.9","4.2","0.0","0.0","0.0","8.7","8.6","3.3"
"20230416","인천","강화군","9.3","13.7","6.1","10.5","10.7","16.3","5.2","0.0","0.0","1.6","3.6","11.9","7.6","0.0","0.0","0.0","85.8","64.5","62.6","6.6","1.8","0.0","0.0","0.0","0.0","7.2","8.7","2.3"
"20230415","인천","남구","11.3","14.0","7.0","12.0","11.2","15.9","7.5","2.9","0.0","1.2","1.5","11.8","7.7","9.35","25.09","0.0","86.9","49.9","64.2","8.9","1.6","4.3","0.0","0.0","0.0","10.2","12.4","3.4"
"20230415","인천","강화군","10.2","14.5","6.9","11.3","10.4","15.9","4.9","1.5","0.0","1.2","0.1","11.8","7.7","0.0","0.0","0.0","98.9","54.9","62.5","8.0","2.0","0.0","0.0","0.0","0.0","6.6","10.0","2.4"
"20230414","인천","남구","14.8","19.5","11.7","12.4","10.8","15.5","7.2","0.0","0.0","1.6","3.6","1.2","7.4","16.25","11.29","0.0","63.3","50.1","64.9","8.1","9.3","4.4","0.0","0.0","0.0","9.6","10.7","3.5"
"20230414","인천","강화군","14.2","18.3","9.4","13.1","10.1","15.5","4.9","0.0","0.0","1.7","4.5","2.3","7.4","0.0","0.0","0.0","68.5","48.4","62.8","7.6","8.4","0.0","0.0","0.0","0.0","7.2","8.3","2.5"
"20230413","인천","남구","11.3","15.6","6.1","11.8","10.7","15.4","7.1","0.0","1.5","1.3","2.6","0.0","7.5","13.42","5.08","0.0","40.0","70.5","64.8","6.6","10.0","4.4","0.0","0.0","0.0","5.9","15.5","3.5"
"20230413","인천","강화군","9.5","15.4","2.6","13.0","10.1","15.5","4.8","0.0","0.1","1.3","1.6","1.6","7.6","0.0","0.0","0.0","50.0","67.3","62.3","5.4","9.8","0.0","0.0","0.0","0.0","5.5","10.5","2.5"
"20230412","인천","남구","9.4","13.3","6.3","15.6","10.7","15.3","7.1","0.0","1.7","1.8","11.2","5.0","7.2","24.58","17.52","0.0","49.3","85.9","64.9","0.0","8.8","4.6","0.0","0.0","0.0","9.8","9.9","3.7"
"20230412","인천","강화군","8.2","13.8","2.1","15.0","10.0","15.4","4.9","0.0","2.8","1.7","10.8","0.9","7.5","0.0","0.0","0.0","61.8","96.3","62.2","1.5","8.8","0.0","0.0","0.0","0.0","10.5","11.1","2.6"
"20230411","인천","남구","12.0","15.6","9.3","18.5","10.7","15.4","7.0","0.3","0.0","2.2","0.0","10.1","7.0","3.02","22.8","0.0","70.6","65.4","64.4","6.8","2.8","4.8","0.0","0.0","0.0","18.5","6.6","3.6"
"20230411","인천","강화군","11.6","15.4","5.8","17.0","10.0","15.5","4.8","2.1","0.0","2.1","0.1","9.3","7.3","0.0","0.0","0.0","79.4","78.3","62.0","7.9","3.1","0.0","0.0","0.0","0.0","19.9","7.4","2.5"
"20230410","인천","남구","12.4","16.2","7.7","16.7","10.5","15.3","6.8","0.0","0.0","2.1","9.9","11.5","7.1","22.16","23.89","0.0","49.3","50.6","64.0","1.4","1.8","4.7","0.0","0.0","0.0","12.9","8.2","3.5"
"20230410","인천","강화군","11.6","16.6","4.1","15.7","9.8","15.4","4.6","0.0","0.0","1.9","8.9","11.3","7.4","0.0","0.0","0.0","58.5","61.0","61.5","4.1","2.0","0.0","0.0","0.0","0.0","13.2","9.0","2.4"
"20230409","인천","남구","9.4","14.1","4.9","16.3","10.3","15.1","6.7","0.0","0.0","1.5","11.9","9.3","7.3","25.03","21.33","0.0","65.4","44.8","64.1","0.0","1.6","4.6","0.0","0.0","0.0","9.1","12.4","3.5"
"20230409","인천","강화군","7.9","14.8","1.3","17.0","9.6","15.2","4.4","0.0","0.0","1.3","11.5","10.0","7.6","0.0","0.0","0.0","74.6","48.0","61.4","0.3","1.9","0.0","0.0","0.0","0.0","8.9","13.6","2.4"
"20230408","인천","남구","8.1","13.2","3.9","11.7","10.0","14.7","6.5","0.0","0.0","1.9","11.9","11.8","6.8","25.34","24.52","0.0","59.4","49.0","64.9","0.3","0.3","4.9","0.0","0.0","0.0","10.0","7.6","3.6"
"20230408","인천","강화군","8.1","12.7","1.4","10.1","9.3","14.8","4.1","0.0","0.0","1.8","11.7","11.5","7.0","0.0","0.0","0.0","56.5","61.1","62.3","0.1","1.8","0.0","0.0","0.0","0.0","9.7","8.0","2.4"
"20230407","인천","남구","8.0","13.1","4.5","9.2","9.8","14.5","6.3","0.0","0.0","2.0","11.2","10.6","7.0","24.09","24.02","0.0","65.8","52.4","64.7","0.3","2.3","4.6","0.0","0.0","0.0","13.0","10.5","3.5"
"20230407","인천","강화군","7.8","13.7","2.4","8.6","9.0","14.7","3.8","0.0","0.0","1.9","11.3","10.2","7.2","0.0","0.0","0.0","60.3","63.8","61.9","0.4","3.0","0.0","0.0","0.0","0.0","13.2","10.5","2.4"
"20230406","인천","남구","7.7","8.4","6.5","10.2","9.6","14.4","6.1","2.5","0.0","1.5","0.0","9.8","7.4","3.64","22.61","0.0","94.8","55.1","64.2","9.5","5.5","4.3","0.0","0.0","0.0","7.8","7.5","3.4"
"20230406","인천","강화군","8.2","9.4","6.9","10.2","8.8","14.4","3.4","1.1","0.0","1.5","0.0","9.7","7.5","0.0","0.0","0.0","96.9","58.6","61.1","9.0","7.1","0.0","0.0","0.0","0.0","7.4","7.1","2.4"
"20230405","인천","남구","10.6","14.4","7.7","8.9","9.4","14.1","5.9","40.5","0.0","1.6","0.0","9.9","7.5","1.67","21.18","0.0","95.9","50.5","64.2","10.0","6.8","4.2","0.0","0.0","0.0","10.9","7.4","3.5"
"20230405","인천","강화군","10.5","13.5","7.9","7.8","8.6","14.2","3.1","65.1","0.0","1.6","0.0","10.2","7.6","0.0","0.0","0.0","100.0","62.9","61.0","9.3","5.4","0.0","0.0","0.0","0.0","11.4","8.5","2.4"
"20230404","인천","남구","17.0","20.6","12.0","8.8","9.3","13.9","5.7","10.6","0.0","1.8","1.9","11.6","7.5","11.4","24.4","0.0","37.3","62.9","63.7","9.1","0.0","4.1","0.0","0.0","0.0","12.2","8.5","3.5"
"20230404","인천","강화군","15.8","20.2","10.7","7.9","8.4","13.9","2.8","11.4","0.0","1.8","1.2","11.4","7.5","0.0","0.0","0.0","44.8","71.3","61.1","9.3","1.5","0.0","0.0","0.0","0.0","8.9","8.2","2.4"
"20230403","인천","남구","18.8","24.4","13.5","8.5","9.2","13.9","5.5","0.0","0.0","1.6","10.8","11.8","7.8","22.06","23.69","0.0","24.8","57.0","62.1","3.9","0.0","3.8","0.0","0.0","0.0","8.4","7.5","3.5"
"20230403","인천","강화군","15.8","24.0","6.9","7.6","8.3","13.8","2.7","0.0","0.0","1.5","10.7","11.5","7.9","0.0","0.0","0.0","36.0","60.1","59.8","4.4","1.8","0.0","0.0","0.0","0.0","6.7","9.0","2.4"
"20230402","인천","남구","17.9","23.7","13.3","6.8","8.9","13.6","5.2","0.0","0.0","1.3","11.1","11.0","7.7","23.29","23.19","0.0","25.4","63.0","61.5","0.6","0.8","4.0","0.0","0.0","0.0","8.1","9.2","3.5"
"20230402","인천","강화군","15.6","23.5","8.0","6.6","8.0","13.5","2.4","0.0","0.0","1.1","10.8","11.1","7.7","0.0","0.0","0.0","35.9","56.6","59.3","1.0","1.3","0.0","0.0","0.0","0.0","6.7","8.9","2.4"
"20230401","인천","남구","15.0","22.9","8.3","8.1","8.6","13.1","5.0","0.0","0.0","1.4","11.2","11.9","7.3","21.56","24.06","0.0","50.0","59.8","62.7","1.3","1.0","4.2","0.0","0.0","0.0","6.4","9.3","3.5"
"20230401","인천","강화군","13.1","22.3","4.1","7.5","7.7","13.0","2.3","0.0","0.0","1.3","11.0","11.1","7.4","0.0","0.0","0.0","53.1","61.9","60.2","2.3","0.3","0.0","0.0","0.0","0.0","7.7","8.2","2.4"
"20230331","인천","남구","11.5","17.4","7.4","10.1","8.3","12.9","4.7","0.0","0.0","1.6","11.3","5.7","7.1","22.51","16.81","0.0","52.8","70.1","63.0","0.0","7.3","4.4","0.0","0.0","0.0","6.7","10.6","3.5"
"20230331","인천","강화군","10.1","17.7","2.9","10.2","7.4","12.7","2.1","0.0","1.5","1.4","11.0","3.8","7.1","0.0","0.0","0.0","56.8","72.6","60.7","0.1","6.4","0.0","0.0","0.0","0.0","8.7","10.6","2.3"
"20230330","인천","남구","11.1","17.2","6.2","10.4","8.1","12.7","4.5","0.0","0.0","1.4","11.3","1.0","7.2","22.78","8.38","0.0","52.9","72.9","62.5","1.6","7.1","4.5","0.0","0.0","0.0","6.0","7.7","3.4"
"20230330","인천","강화군","9.1","16.6","1.0","9.2","7.1","12.5","1.7","0.0","0.7","1.2","11.2","0.6","7.1","0.0","0.0","0.0","52.1","86.0","59.8","1.5","7.9","0.0","0.0","0.0","0.0","7.1","4.9","2.2"
"20230329","인천","남구","9.6","15.3","4.8","9.3","7.8","12.3","4.2","0.0","0.0","1.1","11.0","11.1","7.3","21.01","22.77","0.0","65.1","53.8","63.7","1.4","1.1","4.3","0.0","0.0","0.0","5.7","6.7","3.4"
"20230329","인천","강화군","7.5","15.2","1.0","7.1","6.8","12.2","1.4","0.0","0.0","0.9","10.8","10.5","7.1","0.0","0.0","0.0","71.1","63.9","61.0","1.4","2.9","0.0","0.0","0.0","0.0","6.6","7.3","2.2"
"20230328","인천","남구","7.7","12.8","3.6","6.8","7.5","12.1","3.9","0.0","0.0","0.9","7.8","11.7","7.4","18.34","23.56","0.0","61.3","39.3","64.4","2.4","0.8","4.1","0.0","0.0","0.0","6.1","7.0","3.4"
"20230328","인천","강화군","5.9","12.9","-1.0","5.9","6.6","12.0","1.0","0.0","0.0","0.8","9.8","11.4","7.2","0.0","0.0","0.0","70.9","41.9","61.4","1.6","0.0","0.0","0.0","0.0","0.0","6.4","6.7","2.2"
"20230327","인천","남구","6.2","10.4","2.0","7.3","7.2","11.8","3.7","0.0","0.0","0.6","10.5","10.8","7.3","21.72","21.62","0.0","56.1","52.1","64.4","0.4","0.3","4.1","0.0","0.0","0.0","8.3","15.7","3.4"
"20230327","인천","강화군","4.5","10.7","-2.6","7.5","6.3","11.6","0.8","0.0","0.0","0.5","10.9","10.3","7.2","0.0","0.0","0.0","60.3","49.4","61.4","0.9","1.6","0.0","0.0","0.0","0.0","9.6","13.6","2.3"
"20230326","인천","남구","8.1","12.3","4.2","10.2","6.9","11.4","3.5","0.0","17.2","0.5","11.3","2.6","7.3","23.41","10.58","0.0","29.6","80.5","63.9","0.9","8.5","4.1","0.0","0.0","0.0","11.7","13.7","3.5"
"20230326","인천","강화군","8.3","12.8","3.8","11.4","6.0","11.2","0.7","0.0","30.9","0.4","11.1","3.0","7.3","0.0","0.0","0.0","25.9","77.8","60.8","1.9","7.0","0.0","0.0","0.0","0.0","11.3","10.7","2.4"
"20230325","인천","남구","9.6","14.9","5.8","12.3","6.7","11.0","3.3","0.0","9.3","0.8","9.0","0.6","7.2","19.46","7.61","0.0","63.4","62.5","63.7","3.1","8.8","4.0","0.0","0.0","0.0","7.6","12.7","3.6"
"20230325","인천","강화군","9.2","15.4","2.7","11.2","5.8","10.9","0.6","0.0","13.7","0.7","8.5","0.9","7.3","0.0","0.0","0.0","62.5","73.1","60.8","5.3","8.3","0.0","0.0","0.0","0.0","7.8","6.7","2.4"
"20230324","인천","남구","9.7","14.4","5.9","7.2","6.5","10.8","3.1","0.0","0.0","0.9","6.1","0.1","7.1","16.26","6.67","0.0","34.5","71.8","63.1","7.4","7.8","4.2","0.0","0.0","0.0","9.4","7.5","3.6"
"20230324","인천","강화군","10.1","15.5","6.1","6.9","5.7","10.7","0.5","0.0","0.0","0.7","6.7","0.0","7.3","0.0","0.0","0.0","30.9","80.9","59.8","7.8","8.5","0.0","0.0","0.0","0.0","12.3","7.0","2.3"
"20230323","인천","남구","14.4","20.6","10.5","5.1","6.4","10.7","3.1","0.0","0.0","1.1","6.1","0.2","6.9","14.7","7.21","0.0","50.8","59.9","62.3","6.5","8.3","4.4","0.0","0.0","0.0","11.6","6.3","3.7"
"20230323","인천","강화군","14.9","21.3","10.3","5.0","5.6","10.6","0.6","0.1","0.0","0.8","5.9","0.1","7.2","0.0","0.0","0.0","47.0","65.0","59.3","6.1","8.9","0.0","0.0","0.0","0.0","14.7","6.5","2.4"
"20230322","인천","남구","14.1","20.9","8.2","5.9","6.5","11.0","3.1","0.0","0.0","1.3","2.4","11.0","6.9","12.64","21.27","0.0","50.6","53.4","61.6","8.0","1.9","4.4","0.0","0.0","0.0","8.4","8.1","3.6"
"20230322","인천","강화군","13.4","20.8","4.3","6.2","5.7","10.9","0.6","0.0","0.0","1.0","0.3","11.0","7.2","0.0","0.0","0.0","52.8","53.8","58.8","8.3","2.4","0.0","0.0","0.0","0.0","7.8","10.2","2.4"
"20230321","인천","남구","10.7","16.7","4.7","4.2","6.7","11.3","3.1","0.0","0.0","1.3","10.9","6.5","7.0","20.35","15.96","0.0","45.8","47.5","62.1","0.8","7.3","4.2","0.0","0.0","0.0","5.7","8.8","3.6"
"20230321","인천","강화군","8.7","17.0","-0.5","4.8","5.8","11.2","0.5","0.0","0.0","1.2","10.7","7.4","7.3","0.0","0.0","0.0","44.6","48.9","59.1","0.8","6.8","0.0","0.0","0.0","0.0","6.2","8.0","2.4"
"20230320","인천","남구","6.7","12.8","1.3","4.5","6.8","11.5","3.1","0.0","0.0","1.4","9.3","8.9","7.0","19.69","18.96","0.0","65.1","64.4","62.6","5.4","5.5","4.2","0.0","0.0","0.0","5.4","8.9","3.6"
"20230320","인천","강화군","4.9","13.2","-1.5","4.4","5.9","11.3","0.6","0.0","0.0","1.2","7.1","9.4","7.2","0.0","0.0","0.0","67.3","67.3","59.9","5.1","3.9","0.0","0.0","0.0","0.0","7.0","8.8","2.4"
"20230319","인천","남구","4.7","10.2","1.7","3.6","6.7","11.5","3.0","0.0","12.0","1.2","10.9","0.0","7.0","20.54","3.33","0.0","81.1","83.3","63.0","3.3","8.5","4.2","0.0","0.0","0.0","7.3","8.6","3.5"
"20230319","인천","강화군","3.2","9.3","-1.8","2.7","5.8","11.3","0.4","0.0","15.6","1.2","10.4","0.0","7.2","0.0","0.0","0.0","86.9","93.4","61.0","3.5","8.4","0.0","0.0","0.0","0.0","9.0","7.6","2.4"
"20230318","인천","남구","6.7","12.6","3.2","7.8","6.6","11.4","2.9","0.0","0.0","1.3","9.4","0.0","7.1","18.12","5.02","0.0","47.9","55.8","63.9","1.8","9.6","4.2","0.0","0.0","0.0","9.2","10.8","3.5"
"20230318","인천","강화군","6.9","12.9","2.9","6.9","5.6","11.1","0.2","0.0","0.0","1.3","8.7","0.7","7.1","0.0","0.0","0.0","47.4","62.5","62.2","2.1","9.4","0.0","0.0","0.0","0.0","9.4","9.9","2.4"
"20230317","인천","남구","6.0","10.8","1.2","9.4","6.4","11.2","2.7","0.0","0.1","1.6","5.3","0.6","7.0","14.8","8.3","0.0","37.6","62.8","64.1","8.4","9.9","4.2","0.0","0.0","0.0","7.6","10.0","3.5"
"20230317","인천","강화군","6.1","11.3","-1.6","9.4","5.4","10.8","-0.1","0.0","0.0","1.3","5.0","1.0","7.1","0.0","0.0","0.0","34.0","59.8","62.4","7.9","9.8","0.0","0.0","0.0","0.0","6.6","8.9","2.4"
"20230316","인천","남구","4.3","7.7","1.6","8.0","6.2","10.8","2.5","0.0","0.0","1.4","7.2","7.8","6.9","17.54","17.12","0.0","37.0","69.9","63.8","6.4","4.5","4.4","0.0","0.0","0.0","9.6","8.2","3.5"
"20230316","인천","강화군","3.4","8.2","-2.7","8.0","5.1","10.5","-0.3","0.0","0.0","1.0","7.6","8.1","6.8","0.0","0.0","0.0","38.6","70.4","62.4","7.0","4.4","0.0","0.0","0.0","0.0","8.9","7.0","2.3"
"20230315","인천","남구","7.9","11.1","3.1","5.1","5.8","10.4","2.1","0.0","0.0","1.3","0.6","9.5","6.9","5.15","18.6","0.0","66.5","76.4","63.4","7.9","2.9","4.3","0.0","0.0","0.0","10.5","6.8","3.5"
"20230315","인천","강화군","8.0","10.9","1.0","4.1","4.7","10.1","-0.8","0.0","0.0","0.9","0.0","8.7","6.8","0.0","0.0","0.0","69.4","85.9","61.8","8.0","2.6","0.0","0.0","0.0","0.0","11.9","6.4","2.3"
"20230314","인천","남구","8.0","12.8","3.4","6.8","5.5","10.0","1.8","0.0","6.4","1.3","8.5","0.0","6.9","18.73","1.99","0.0","54.5","91.6","62.7","3.5","7.3","4.2","0.0","0.0","0.0","11.9","14.4","3.6"
"20230314","인천","강화군","7.2","12.1","0.6","6.8","4.4","9.7","-1.0","0.0","6.2","0.9","7.6","0.0","6.8","0.0","0.0","0.0","64.5","93.4","61.1","4.0","7.8","0.0","0.0","0.0","0.0","13.0","12.2","2.3"
"20230313","인천","남구","2.3","5.1","-1.4","10.0","5.1","9.5","1.4","0.0","32.8","0.9","9.6","0.0","7.1","20.02","4.53","0.0","41.5","95.5","61.9","4.1","8.6","4.0","0.0","0.0","0.0","12.7","12.7","3.6"
"20230313","인천","강화군","2.2","5.5","-4.0","10.3","4.0","9.2","-1.5","0.0","16.1","0.6","9.6","0.0","7.1","0.0","0.0","0.0","45.4","98.5","60.3","4.3","8.3","0.0","0.0","0.0","0.0","12.1","6.5","2.3"
"20230312","인천","남구","4.5","10.0","0.2","11.0","4.7","8.9","1.2","4.5","2.5","0.6","3.2","2.6","7.0","6.43","12.1","0.0","68.3","77.1","62.0","5.4","6.9","4.0","0.0","0.0","0.0","17.3","9.5","3.7"
"20230312","인천","강화군","4.4","7.8","0.1","9.4","3.6","8.7","-1.5","2.4","9.5","0.6","3.2","1.0","6.9","0.0","0.0","0.0","71.0","83.6","60.6","5.4","7.0","0.0","0.0","0.0","0.0","14.7","8.7","2.3"
"20230311","인천","남구","13.5","19.7","9.9","10.1","4.5","8.8","0.9","0.0","0.0","0.7","7.9","5.3","7.2","16.62","13.48","0.0","58.3","65.9","61.6","5.3","6.3","4.1","0.0","0.0","0.0","9.1","5.9","3.8"
"20230311","인천","강화군","11.2","18.7","5.3","8.5","3.4","8.6","-1.8","0.0","0.0","0.6","7.7","6.1","7.2","0.0","0.0","0.0","79.3","74.3","60.4","5.5","6.3","0.0","0.0","0.0","0.0","7.9","5.8","2.3"
"20230310","인천","남구","10.7","18.2","4.7","7.3","4.2","8.5","0.7","0.0","0.0","0.6","9.1","8.9","7.1","16.48","16.03","0.0","69.5","63.0","62.2","2.5","7.4","4.1","0.0","0.0","0.0","7.5","7.0","3.7"
"20230310","인천","강화군","9.3","18.0","3.7","5.6","3.2","8.3","-2.0","0.0","0.0","0.7","8.5","9.7","7.1","0.0","0.0","0.0","80.0","73.5","61.2","3.6","5.1","0.0","0.0","0.0","0.0","8.1","7.2","2.2"
"20230309","인천","남구","7.4","12.2","4.4","5.8","4.0","8.3","0.5","1.1","0.0","0.7","0.1","9.6","7.0","5.54","17.64","0.0","90.8","77.1","62.6","7.5","4.0","4.2","0.0","0.0","0.0","8.0","5.7","3.8"
"20230309","인천","강화군","7.6","12.8","3.6","3.7","3.0","8.1","-2.0","0.4","0.0","0.8","1.1","7.6","7.1","0.0","0.0","0.0","97.3","81.9","61.3","7.0","5.3","0.0","0.0","0.0","0.0","7.9","7.3","2.3"
"20230308","인천","남구","12.3","15.7","8.6","4.9","4.0","8.2","0.5","4.4","0.0","0.9","1.5","7.1","6.7","7.84","15.13","0.0","67.5","61.6","63.4","7.4","4.6","4.4","0.0","0.0","0.0","11.6","6.6","3.8"
"20230308","인천","강화군","11.0","14.2","3.6","3.9","2.9","8.0","-1.9","3.5","0.0","1.0","0.1","6.7","6.7","0.0","0.0","0.0","78.9","69.5","62.2","7.9","5.3","0.0","0.0","0.0","0.0","9.8","6.7","2.2"
"20230307","인천","남구","10.0","14.6","7.9","2.1","4.0","8.2","0.5","0.0","0.0","1.2","6.6","7.7","6.5","14.45","14.87","0.0","68.4","44.8","64.7","2.9","6.1","4.5","0.0","0.0","0.0","7.5","6.3","3.7"
"20230307","인천","강화군","8.6","14.2","4.4","0.4","2.9","8.0","-2.1","0.0","0.0","1.5","4.7","6.9","6.6","0.0","0.0","0.0","82.5","52.3","63.2","6.3","7.0","0.0","0.0","0.0","0.0","7.7","6.0","2.2"
"20230306","인천","남구","7.9","12.5","2.5","1.3","3.9","8.1","0.5","0.0","0.0","1.5","9.6","10.8","6.4","18.08","20.07","0.0","53.8","38.9","65.6","0.9","1.1","4.6","0.0","0.0","0.0","7.2","10.9","3.7"
"20230306","인천","강화군","6.1","12.9","-2.1","1.3","2.8","7.8","-2.0","0.0","0.0","1.9","9.7","10.6","6.4","0.0","0.0","0.0","58.1","37.3","64.1","1.5","2.5","0.0","0.0","0.0","0.0","7.8","11.6","2.2"
"20230305","인천","남구","6.7","12.4","2.0","2.0","3.9","8.1","0.4","0.0","0.0","1.4","10.3","10.8","6.4","17.54","19.43","0.0","54.4","36.8","65.3","0.8","0.0","4.5","0.0","0.0","0.0","5.4","15.0","3.6"
"20230305","인천","강화군","4.1","12.6","-2.2","2.4","2.8","7.8","-2.1","0.0","0.0","1.7","10.1","10.4","6.5","0.0","0.0","0.0","62.1","35.3","64.0","3.4","0.8","0.0","0.0","0.0","0.0","6.6","13.8","2.2"
"20230304","인천","남구","6.5","11.0","4.2","6.4","3.7","7.9","0.3","0.0","0.0","1.4","9.4","3.5","6.4","16.0","10.29","0.0","74.6","67.4","65.4","4.5","4.8","4.5","0.0","0.0","0.0","5.7","17.2","3.5"
"20230304","인천","강화군","4.5","10.9","-0.1","5.0","2.6","7.6","-2.5","0.0","0.0","1.6","8.9","2.0","6.6","0.0","0.0","0.0","83.5","79.6","64.1","4.3","4.5","0.0","0.0","0.0","0.0","6.8","16.0","2.1"
"20230303","인천","남구","4.3","7.9","-0.2","5.1","3.6","7.9","0.2","0.0","0.0","1.4","5.4","10.6","6.5","14.01","18.08","0.0","68.8","62.9","64.9","3.8","0.0","4.3","0.0","0.0","0.0","8.3","8.7","3.5"
"20230303","인천","강화군","2.6","7.4","-4.4","3.6","2.5","7.6","-2.6","0.0","0.0","1.6","4.1","10.5","6.7","0.0","0.0","0.0","81.4","63.0","63.4","4.9","0.8","0.0","0.0","0.0","0.0","7.2","6.6","2.1"
"20230302","인천","남구","1.9","4.9","-0.8","3.0","3.5","7.8","0.1","0.0","0.0","1.3","10.5","10.8","6.4","18.91","18.89","0.0","39.3","64.4","64.1","0.0","0.0","4.4","0.0","0.0","0.0","13.6","9.2","3.4"
"20230302","인천","강화군","1.4","5.5","-3.0","3.0","2.4","7.4","-2.7","0.0","0.0","1.3","10.4","10.6","6.6","0.0","0.0","0.0","37.4","67.9","63.1","0.8","0.8","0.0","0.0","0.0","0.0","9.4","10.6","2.0"
"20230301","인천","남구","5.2","8.2","2.1","4.8","3.3","7.6","-0.1","0.0","4.3","1.2","5.8","4.4","6.4","12.02","9.76","0.0","59.9","73.4","64.1","5.4","5.5","4.3","0.0","0.0","0.0","14.4","10.5","3.3"
"20230301","인천","강화군","4.9","9.3","1.4","4.4","2.1","7.2","-3.0","0.0","1.1","1.2","6.5","5.4","6.6","0.0","0.0","0.0","56.6","69.8","62.9","5.0","4.9","0.0","0.0","0.0","0.0","11.0","9.1","2.0"
"20230228","인천","남구","4.0","6.7","0.2","5.6","3.2","7.5","-0.2","0.0","0.0","1.1","0.2","6.0","6.5","7.82","12.25","0.0","68.9","65.1","64.0","6.8","5.3","4.3","0.0","0.0","0.0","7.0","6.0","3.4"
"20230228","인천","강화군","2.7","7.7","-4.3","4.2","2.0","7.1","-3.1","0.0","0.0","1.1","0.3","3.7","6.6","0.0","0.0","0.0","80.8","77.1","62.7","7.6","5.6","0.0","0.0","0.0","0.0","6.6","6.4","2.0"
"20230227","인천","남구","3.0","8.3","-1.1","3.4","3.2","7.6","-0.2","0.0","0.0","1.3","10.6","10.5","6.3","18.48","17.92","0.0","60.8","66.1","64.2","0.0","0.0","4.4","0.0","0.0","0.0","6.5","10.2","3.3"
"20230227","인천","강화군","0.6","7.9","-5.2","3.4","1.9","7.2","-3.1","0.0","0.0","1.3","9.4","10.5","6.4","0.0","0.0","0.0","63.1","69.5","63.0","0.0","0.8","0.0","0.0","0.0","0.0","7.2","10.6","2.0"
"20230226","인천","남구","1.8","7.0","-2.4","4.1","3.1","7.5","-0.5","0.0","0.5","1.1","10.5","0.2","6.4","18.14","6.28","0.0","51.6","80.6","63.4","0.0","6.1","4.3","0.0","0.0","0.0","6.6","15.2","3.1"
"20230226","인천","강화군","0.0","7.1","-6.7","4.9","1.8","7.1","-3.4","0.0","0.0","1.2","10.4","0.1","6.4","0.0","0.0","0.0","59.4","84.8","62.2","0.0","6.5","0.0","0.0","0.0","0.0","7.6","16.5","1.9"
"20230225","인천","남구","0.1","3.8","-2.6","2.9","2.7","7.0","-0.9","0.0","0.0","0.9","10.3","5.7","6.9","18.23","12.09","0.0","42.3","79.1","62.4","0.0","4.1","3.8","0.0","0.0","0.0","11.5","7.3","3.2"
"20230225","인천","강화군","0.1","4.4","-3.0","1.9","1.3","6.8","-3.8","0.0","0.0","0.8","10.4","3.5","6.9","0.0","0.0","0.0","39.6","88.5","61.1","0.5","4.4","0.0","0.0","0.0","0.0","9.7","6.2","1.9"
"20230224","인천","남구","2.6","6.8","-0.3","-1.6","2.4","6.8","-1.2","0.0","0.0","0.8","10.1","10.4","6.7","16.81","17.54","0.0","61.0","51.5","62.8","0.9","0.0","3.9","0.0","0.0","0.0","10.7","7.7","3.3"
"20230224","인천","강화군","2.6","6.8","-1.8","-3.5","1.1","6.5","-4.1","0.0","0.0","0.7","10.0","10.4","6.7","0.0","0.0","0.0","54.0","62.8","61.7","1.1","0.0","0.0","0.0","0.0","0.0","10.1","8.4","2.0"
"20230223","인천","남구","2.3","6.5","-1.4","-5.3","2.1","6.3","-1.4","0.0","0.0","1.4","9.8","10.3","6.5","15.16","17.9","0.0","72.6","35.4","62.1","2.9","0.0","4.0","0.0","0.0","0.0","6.4","11.7","3.4"
"20230223","인천","강화군","1.0","6.9","-4.5","-6.0","0.8","6.1","-4.2","0.0","0.0","1.3","9.8","10.3","6.5","0.0","0.0","0.0","83.3","41.8","61.5","2.6","0.0","0.0","0.0","0.0","0.0","7.1","11.6","2.0"
"20230222","인천","남구","0.0","4.6","-3.9","-4.4","1.9","6.2","-1.7","0.0","0.0","1.1","9.4","9.5","7.0","16.44","16.87","0.0","59.9","40.8","61.4","4.9","0.9","3.5","0.0","0.0","0.0","6.2","12.6","3.5"
"20230222","인천","강화군","-1.6","3.5","-8.1","-5.2","0.6","5.9","-4.6","0.0","0.0","0.9","9.5","9.9","6.8","0.0","0.0","0.0","66.1","44.3","60.8","4.4","2.3","0.0","0.0","0.0","0.0","6.7","11.5","2.0"
"20230221","인천","남구","-2.0","2.2","-5.3","-2.4","1.7","5.9","-1.9","0.0","0.0","1.1","10.3","7.9","7.0","17.32","13.76","0.0","45.6","54.4","61.6","0.1","1.5","3.5","0.0","0.0","0.0","9.5","14.3","3.5"
"20230221","인천","강화군","-2.9","2.1","-7.5","-3.2","0.4","5.6","-4.8","0.0","0.4","1.0","10.3","6.5","6.9","0.0","0.0","0.0","46.3","61.8","61.2","0.0","2.5","0.0","0.0","0.0","0.0","8.6","11.6","2.0"
"20230220","인천","남구","-0.6","1.4","-3.1","-4.7","1.5","5.8","-2.1","0.0","0.0","1.1","10.1","10.3","7.0","17.36","17.34","0.0","44.8","42.3","60.7","0.1","0.3","3.6","0.0","0.0","0.0","14.4","13.5","3.5"
"20230220","인천","강화군","-1.6","2.0","-4.4","-4.9","0.2","5.5","-5.1","0.0","0.0","1.0","9.9","10.2","6.9","0.0","0.0","0.0","47.3","42.6","60.9","0.3","1.0","0.0","0.0","0.0","0.0","12.7","11.8","2.0"
"20230219","인천","남구","2.6","4.8","0.5","-1.7","1.2","5.4","-2.4","0.3","0.0","0.9","8.3","5.1","7.2","15.68","11.51","0.0","60.5","56.3","59.2","3.5","5.8","3.3","0.0","0.0","0.0","11.9","14.6","3.5"
"20230219","인천","강화군","2.4","5.5","-2.8","-2.0","-0.1","5.1","-5.4","0.1","0.0","0.7","9.0","3.2","7.1","0.0","0.0","0.0","60.1","57.3","59.1","3.5","6.0","0.0","0.0","0.0","0.0","13.7","11.8","2.0"
"20230218","인천","남구","3.9","5.4","2.6","-1.9","0.8","5.1","-2.7","0.0","0.0","0.7","0.0","8.6","7.3","3.24","15.1","0.0","68.4","45.4","59.2","10.0","4.1","3.2","0.0","0.0","0.0","4.6","5.8","3.5"
"20230218","인천","강화군","3.1","5.2","-1.4","-3.3","-0.4","4.8","-5.8","0.0","0.0","0.6","0.0","8.7","7.2","0.0","0.0","0.0","73.5","52.3","58.7","9.9","4.7","0.0","0.0","0.0","0.0","3.5","5.6","2.0"
"20230217","인천","남구","3.1","7.6","-0.7","-6.4","0.7","4.9","-2.7","0.0","0.0","0.9","7.2","10.2","6.9","13.39","16.45","0.0","71.5","41.1","59.2","5.3","0.0","3.5","0.0","0.0","0.0","5.4","12.7","3.5"
"20230217","인천","강화군","0.9","7.0","-4.0","-6.7","-0.5","4.5","-5.7","0.0","0.0","0.9","6.4","10.1","6.8","0.0","0.0","0.0","85.3","45.1","58.7","5.3","1.1","0.0","0.0","0.0","0.0","5.7","9.1","2.0"
"20230216","인천","남구","1.7","4.5","-0.3","-7.2","0.8","4.8","-2.7","0.0","0.0","0.9","3.7","7.9","6.7","9.51","14.43","0.0","69.6","49.6","59.6","5.1","1.4","3.7","0.0","0.0","0.0","7.7","14.0","3.6"
"20230216","인천","강화군","0.0","3.7","-4.1","-7.4","-0.5","4.5","-5.6","0.0","0.0","0.8","5.0","9.0","6.7","0.0","0.0","0.0","75.3","52.8","59.2","4.4","1.1","0.0","0.0","0.0","0.0","8.1","10.9","2.0"
"20230215","인천","남구","2.5","7.5","-1.7","-5.2","0.8","4.8","-2.6","0.0","0.0","1.3","9.8","5.5","6.6","14.85","12.65","0.0","48.3","57.5","60.3","3.5","4.5","3.8","0.0","0.0","0.0","8.7","13.2","3.5"
"20230215","인천","강화군","0.7","6.7","-2.6","-5.4","-0.4","4.5","-5.6","0.0","0.0","1.2","9.8","7.7","6.4","0.0","0.0","0.0","52.8","57.8","60.0","3.6","3.9","0.0","0.0","0.0","0.0","7.0","12.2","2.0"
"20230214","인천","남구","0.4","4.1","-2.6","1.4","0.8","4.8","-2.6","0.0","1.0","1.4","10.0","1.3","6.5","15.43","7.13","0.0","47.8","71.4","60.6","0.9","6.9","3.9","0.0","0.0","0.0","9.8","10.4","3.5"
"20230214","인천","강화군","0.6","4.3","-3.3","0.7","-0.5","4.4","-5.6","0.0","1.8","1.3","10.0","0.4","6.3","0.0","0.0","0.0","41.3","77.1","60.5","1.0","6.1","0.0","0.0","0.0","0.0","9.8","11.8","2.0"
"20230213","인천","남구","4.4","7.7","0.9","3.7","0.8","4.7","-2.6","0.0","0.0","1.1","1.5","3.5","6.5","6.68","9.24","0.0","68.0","44.1","59.9","6.0","5.5","3.9","0.0","0.0","0.0","8.9","6.4","3.5"
"20230213","인천","강화군","4.8","8.2","1.0","3.3","-0.5","4.4","-5.7","0.0","0.0","1.0","2.8","3.1","6.4","0.0","0.0","0.0","63.6","47.0","60.1","6.1","5.5","0.0","0.0","0.0","0.0","10.6","5.3","1.9"
"20230212","인천","남구","3.0","5.8","-0.7","3.5","0.5","4.5","-2.9","0.0","0.0","0.8","1.2","9.3","6.6","7.98","14.81","0.0","70.5","61.0","59.6","7.1","5.5","3.9","0.0","0.0","0.0","7.6","6.0","3.4"
"20230212","인천","강화군","2.2","5.6","-3.8","2.6","-0.8","4.2","-6.1","0.0","0.0","0.7","0.6","9.4","6.4","0.0","0.0","0.0","76.1","57.8","60.4","8.1","5.0","0.0","0.0","0.0","0.0","8.6","6.4","1.9"
"20230211","인천","남구","1.6","5.3","-1.0","2.3","0.0","4.0","-3.3","0.0","0.0","0.9","6.1","8.4","6.6","10.97","13.3","0.0","75.8","75.6","59.8","4.1","2.5","3.8","0.0","0.0","0.0","5.2","4.0","3.4"
"20230211","인천","강화군","-0.6","5.8","-4.3","1.2","-1.3","3.7","-6.6","0.0","0.0","0.8","4.0","8.7","6.4","0.0","0.0","0.0","84.8","72.5","60.3","4.3","3.0","0.0","0.0","0.0","0.0","4.2","5.3","1.9"
"20230210","인천","남구","3.3","6.0","1.1","1.3","-0.5","3.5","-3.7","0.2","0.0","0.5","3.3","9.6","6.5","9.28","14.09","0.0","79.3","62.8","59.9","6.0","1.6","3.8","0.0","0.0","0.0","7.6","6.3","3.5"
"20230210","인천","강화군","2.1","6.6","-2.0","0.0","-1.8","3.1","-6.9","0.6","0.0","0.4","3.0","9.5","6.4","0.0","0.0","0.0","85.8","66.9","60.2","4.8","3.1","0.0","0.0","0.0","0.0","7.2","7.9","1.9"
"20230209","인천","남구","3.9","9.2","-2.3","0.4","-0.6","3.4","-4.1","0.0","0.0","0.4","6.2","9.4","6.4","12.0","12.98","0.0","47.3","63.6","60.4","6.9","4.8","3.9","0.0","0.0","0.0","7.0","5.3","3.5"
"20230209","인천","강화군","2.1","8.8","-6.4","-1.3","-2.0","3.1","-7.1","0.1","0.0","0.4","7.2","9.5","6.2","0.0","0.0","0.0","50.0","67.0","60.7","7.4","4.6","0.0","0.0","0.0","0.0","6.0","4.6","1.9"
"20230208","인천","남구","1.5","5.9","-1.3","0.2","-0.7","3.3","-4.1","0.0","0.0","0.3","9.6","8.6","6.2","14.45","14.27","0.0","58.9","55.5","61.7","0.5","2.0","4.0","0.0","0.0","0.0","9.3","7.1","3.4"
"20230208","인천","강화군","1.3","6.5","-5.0","-1.1","-2.1","3.0","-7.1","0.0","0.0","0.2","9.8","8.9","6.1","0.0","0.0","0.0","48.8","67.3","61.9","0.0","2.3","0.0","0.0","0.0","0.0","11.5","6.0","1.8"
"20230207","인천","남구","2.2","6.8","-0.5","-1.9","-0.8","3.2","-4.2","0.0","0.0","0.4","6.7","6.5","6.3","10.22","9.88","0.0","78.1","49.8","61.8","2.3","7.0","3.9","0.0","0.0","0.0","6.8","7.7","3.4"
"20230207","인천","강화군","1.2","7.3","-3.5","-3.2","-2.2","2.8","-7.3","0.0","0.0","0.3","6.7","6.4","6.2","0.0","0.0","0.0","82.6","61.1","61.8","2.5","6.4","0.0","0.0","0.0","0.0","4.8","6.2","1.8"
"20230206","인천","남구","2.7","6.6","-0.3","-2.9","-0.9","3.1","-4.2","0.0","0.0","0.3","7.6","9.8","6.4","10.5","14.18","0.0","75.5","48.6","61.6","3.3","0.6","3.7","0.0","0.0","0.0","6.7","10.8","3.3"
"20230206","인천","강화군","-0.2","7.0","-6.1","-4.2","-2.3","2.8","-7.4","0.0","0.0","0.2","7.5","9.6","6.3","0.0","0.0","0.0","87.9","57.5","61.8","3.8","1.0","0.0","0.0","0.0","0.0","3.4","10.4","1.7"
"20230205","인천","남구","1.8","5.8","-2.1","-6.0","-0.9","3.1","-4.3","0.0","0.0","0.4","9.2","9.1","6.4","12.21","13.23","0.0","73.5","47.3","62.2","0.8","0.5","3.5","0.0","0.0","0.0","6.6","13.3","3.2"
"20230205","인천","강화군","-0.9","6.0","-6.7","-6.0","-2.4","2.7","-7.6","0.0","0.0","0.3","8.9","9.6","6.4","0.0","0.0","0.0","86.3","49.1","62.4","0.0","0.6","0.0","0.0","0.0","0.0","6.1","11.5","1.7"
"20230204","인천","남구","-0.2","4.4","-4.5","-4.8","-1.2","2.8","-4.5","0.0","0.0","0.4","8.3","7.8","6.8","12.82","12.44","0.0","57.1","51.9","61.2","2.1","1.3","3.2","0.0","0.0","0.0","6.2","16.4","3.1"
"20230204","인천","강화군","-1.9","4.4","-8.0","-5.7","-2.7","2.4","-7.9","0.0","0.0","0.3","8.6","9.1","6.8","0.0","0.0","0.0","65.3","57.3","61.7","1.9","2.3","0.0","0.0","0.0","0.0","6.3","15.1","1.7"
"20230203","인천","남구","-2.2","1.6","-4.7","-3.4","-1.4","2.6","-4.9","0.0","0.0","0.7","8.9","9.7","7.1","13.37","14.04","0.0","50.1","50.8","60.4","3.3","0.5","2.8","0.0","0.0","0.0","6.5","9.6","3.2"
"20230203","인천","강화군","-3.4","1.3","-6.7","-4.8","-3.0","2.2","-8.2","0.0","0.0","0.6","8.8","9.7","7.0","0.0","0.0","0.0","54.5","59.6","60.9","3.4","1.4","0.0","0.0","0.0","0.0","6.6","8.4","1.7"
"20230202","인천","남구","-3.1","-0.4","-5.2","-3.0","-1.5","2.5","-4.9","0.0","0.0","0.8","6.5","9.6","6.9","9.71","13.63","0.0","50.8","59.4","60.1","7.4","2.4","2.8","0.0","0.0","0.0","10.3","8.0","3.2"
"20230202","인천","강화군","-3.3","0.2","-6.7","-5.0","-3.0","2.2","-8.2","0.0","0.0","0.6","7.3","9.6","6.9","0.0","0.0","0.0","45.5","71.0","61.0","5.9","3.3","0.0","0.0","0.0","0.0","11.0","6.1","1.7"
"20230201","인천","남구","-0.4","4.4","-2.8","-1.4","-1.5","2.5","-4.9","0.0","1.2","0.7","7.4","4.8","6.9","12.03","5.89","0.0","70.3","75.1","59.6","5.0","5.3","2.8","0.0","2.3","0.0","12.7","9.6","3.3"
"20230201","인천","강화군","-0.8","3.5","-3.9","-2.0","-3.0","2.2","-8.2","0.0","1.0","0.6","9.2","4.7","7.0","0.0","0.0","0.0","69.0","85.4","60.7","2.8","4.6","0.0","0.0","0.0","0.0","12.7","8.5","1.7"
"20230131","인천","남구","2.7","7.1","-2.1","-0.3","-1.4","2.5","-4.8","0.0","1.9","0.7","7.0","8.4","6.7","10.5","11.71","0.0","68.1","56.4","58.6","4.0","4.9","3.0","0.0","3.1","0.0","11.2","8.7","3.3"
"20230131","인천","강화군","1.7","5.6","-4.9","-1.6","-2.9","2.2","-8.2","0.0","5.3","0.5","0.8","8.2","6.9","0.0","0.0","0.0","81.0","66.6","59.9","7.4","4.1","0.0","0.0","0.0","0.0","9.5","7.1","1.7"
"20230130","인천","남구","-0.6","3.0","-3.5","-2.9","-1.3","2.6","-4.7","0.0","0.0","0.6","9.5","9.6","6.6","13.74","13.36","0.0","54.8","41.9","58.2","0.0","0.6","3.1","0.0","0.0","0.0","7.5","10.3","3.3"
"20230130","인천","강화군","-2.3","3.1","-7.3","-3.0","-2.8","2.3","-8.0","0.0","0.0","0.5","9.4","9.5","6.8","0.0","0.0","0.0","62.3","42.3","59.7","0.3","1.3","0.0","0.0","0.0","0.0","8.4","7.4","1.7"
"20230129","인천","남구","-1.5","4.1","-6.6","-3.5","-1.3","2.6","-4.7","0.0","0.0","0.3","6.4","9.5","6.4","10.66","13.28","0.0","56.6","47.4","58.6","3.0","1.0","3.3","0.0","0.0","0.0","11.8","7.7","3.3"
"20230129","인천","강화군","-2.3","4.5","-10.0","-4.0","-2.8","2.3","-8.1","0.0","0.0","0.2","6.5","9.4","6.6","0.0","0.0","0.0","61.5","50.6","60.5","4.4","2.0","0.0","0.0","0.0","0.0","10.5","9.1","1.7"
"20230128","인천","남구","-5.5","-1.0","-10.1","-2.7","-1.4","2.5","-4.8","0.0","0.0","0.3","8.8","8.9","6.6","12.35","12.88","0.0","49.8","50.0","59.1","0.8","2.6","3.2","0.0","0.0","0.0","11.8","11.1","3.3"
"20230128","인천","강화군","-6.9","-1.2","-13.8","-2.7","-2.9","2.2","-8.3","0.0","0.0","0.2","7.7","8.9","6.7","0.0","0.0","0.0","55.5","46.8","60.9","2.3","2.9","0.0","0.0","0.0","0.0","7.6","8.2","1.8"
"20230127","인천","남구","-7.0","-5.0","-8.2","-1.6","-1.6","2.3","-5.0","0.0","0.0","0.3","9.3","8.3","6.5","13.68","10.86","0.0","52.9","49.5","59.1","0.0","2.8","3.1","0.0","0.0","0.0","16.5","9.5","3.3"
"20230127","인천","강화군","-7.6","-4.3","-11.3","-1.7","-3.2","1.9","-8.5","0.0","0.0","0.2","9.3","8.9","6.5","0.0","0.0","0.0","51.0","49.9","60.9","0.8","2.9","0.0","0.0","0.0","0.0","12.9","9.5","1.7"
"20230126","인천","남구","-5.4","-3.6","-8.1","0.9","-1.9","2.0","-5.4","1.6","0.0","0.3","0.0","8.6","6.8","4.42","11.67","0.0","75.9","58.1","59.3","8.8","2.0","2.9","8.4","0.0","0.0","7.1","7.8","3.3"
"20230126","인천","강화군","-6.6","-3.9","-9.3","0.5","-3.5","1.6","-8.8","0.3","0.0","0.2","0.2","8.2","6.7","0.0","0.0","0.0","83.8","58.0","61.3","8.5","3.1","0.0","0.0","0.0","0.0","4.7","7.7","1.7"
"20230125","인천","남구","-11.3","-6.0","-16.7","3.2","-2.1","1.7","-5.5","0.0","0.2","0.3","9.4","1.8","6.8","13.37","6.01","0.0","46.0","74.0","60.3","2.1","6.6","2.8","0.0","0.0","0.0","9.7","9.8","3.4"
"20230125","인천","강화군","-12.2","-7.1","-18.4","3.2","-3.7","1.4","-8.8","0.0","0.0","0.2","9.3","0.6","6.6","0.0","0.0","0.0","50.5","75.8","62.0","2.5","8.3","0.0","0.0","0.0","0.0","6.2","7.2","1.7"
"20230124","인천","남구","-14.6","-7.6","-16.5","4.5","-2.1","1.7","-5.4","0.0","0.0","0.4","9.2","6.2","6.6","12.94","10.04","0.0","51.8","52.0","61.0","1.8","4.8","3.1","0.0","0.0","0.0","15.7","7.9","3.3"
"20230124","인천","강화군","-15.1","-9.4","-17.1","4.7","-3.7","1.3","-8.7","0.0","0.0","0.3","8.8","5.5","6.4","0.0","0.0","0.0","49.3","55.9","62.3","1.1","5.5","0.0","0.0","0.0","0.0","11.4","8.1","1.7"
"20230123","인천","남구","-1.4","3.0","-7.6","1.1","-2.1","1.6","-5.4","0.0","0.0","0.5","6.3","6.7","6.4","9.47","9.29","0.0","67.9","49.4","61.0","5.3","5.1","3.3","0.0","0.0","0.0","13.7","7.6","3.3"
"20230123","인천","강화군","-3.0","3.2","-9.4","0.7","-3.7","1.2","-8.6","0.0","0.0","0.4","6.6","7.8","6.2","0.0","0.0","0.0","74.1","53.9","62.5","5.5","3.3","0.0","0.0","0.0","0.0","10.6","7.6","1.7"
"20230122","인천","남구","0.0","2.8","-2.2","-0.7","-1.9","1.8","-5.2","0.0","0.0","0.7","0.3","7.4","6.2","5.05","11.04","0.0","51.8","51.4","61.2","7.1","5.6","3.6","0.0","0.0","0.0","6.8","5.9","3.3"
"20230122","인천","강화군","-1.6","1.5","-4.1","-2.0","-3.4","1.4","-8.3","0.0","0.0","0.4","0.9","5.9","6.0","0.0","0.0","0.0","71.4","54.8","63.1","8.1","6.6","0.0","0.0","0.0","0.0","4.0","5.7","1.7"
"20230121","인천","남구","-4.3","0.5","-9.6","-3.1","-1.6","2.1","-4.9","0.0","0.0","0.6","8.8","9.3","6.1","11.84","12.01","0.0","48.9","57.0","61.1","2.4","0.0","3.9","0.0","0.0","0.0","5.6","5.1","3.2"
"20230121","인천","강화군","-6.4","-0.8","-12.9","-5.6","-3.2","1.7","-8.0","0.0","0.0","0.4","7.9","8.9","5.9","0.0","0.0","0.0","64.3","65.4","63.2","3.3","0.6","0.0","0.0","0.0","0.0","4.7","4.4","1.7"
"20230120","인천","남구","-3.3","3.5","-8.1","-5.4","-1.4","2.3","-4.7","0.0","0.0","0.6","8.9","9.3","5.9","12.52","11.81","0.0","46.4","58.9","61.2","0.4","0.0","4.0","0.0","0.0","0.0","14.8","7.2","3.2"
"20230120","인천","강화군","-4.4","3.7","-11.1","-7.1","-3.0","1.9","-7.9","0.0","0.0","0.4","8.6","8.8","5.7","0.0","0.0","0.0","51.6","65.1","63.6","0.1","1.1","0.0","0.0","0.0","0.0","12.3","6.6","1.6"
"20230119","인천","남구","0.6","4.0","-4.0","-4.7","-1.3","2.5","-4.7","1.5","0.2","0.6","3.2","0.4","5.9","8.04","3.32","0.0","61.8","65.3","61.3","5.3","5.6","4.0","0.0","0.6","0.0","13.5","12.1","3.0"
"20230119","인천","강화군","-0.8","4.2","-7.9","-5.5","-3.0","2.0","-7.9","0.8","0.4","0.4","2.0","1.2","5.7","0.0","0.0","0.0","74.0","70.4","63.8","5.4","5.6","0.0","0.0","0.0","0.0","8.6","9.3","1.5"
"20230118","인천","남구","-2.6","0.6","-4.8","-5.2","-1.2","2.7","-4.5","0.0","0.0","0.5","8.9","9.2","5.7","12.25","12.0","0.0","60.3","47.9","62.0","1.8","0.0","4.0","0.0","0.0","0.0","5.8","8.3","3.0"
"20230118","인천","강화군","-4.1","0.4","-8.5","-5.4","-2.9","2.1","-7.8","0.0","0.0","0.4","8.7","8.8","5.6","0.0","0.0","0.0","70.8","50.6","64.5","2.4","0.8","0.0","0.0","0.0","0.0","6.5","6.4","1.5"
"20230117","인천","남구","-3.5","-1.4","-6.8","-5.0","-1.3","2.6","-4.7","0.0","0.4","0.4","0.2","3.9","5.9","5.94","7.64","0.0","61.0","56.9","61.8","8.6","2.8","3.8","0.0","0.6","0.0","5.4","13.6","2.9"
"20230117","인천","강화군","-5.6","-2.0","-9.0","-6.7","-3.1","2.0","-8.0","0.0","0.2","0.6","0.2","4.1","5.7","0.0","0.0","0.0","73.3","63.4","64.6","7.6","2.1","0.0","0.0","0.0","0.0","2.6","9.4","1.5"
"20230116","인천","남구","-5.5","-3.3","-7.3","-2.7","-1.4","2.3","-4.8","0.0","0.0","0.4","9.2","9.2","5.7","12.39","12.08","0.0","58.3","56.1","61.7","1.0","1.3","3.7","0.0","0.0","0.0","10.3","11.5","2.9"
"20230116","인천","강화군","-6.4","-3.2","-8.9","-2.9","-3.3","1.9","-8.0","0.0","0.0","0.7","8.7","8.6","5.7","0.0","0.0","0.0","64.0","55.6","64.2","3.0","2.1","0.0","0.0","0.0","0.0","0.0","9.1","1.5"
"20230115","인천","남구","-1.6","3.9","-4.0","-0.1","-1.6","2.1","-4.8","1.3","0.0","0.6","0.0","0.7","5.6","1.13","3.42","0.0","91.5","50.3","61.9","9.8","9.4","3.8","0.3","0.0","0.0","8.0","5.1","2.9"
"20230115","인천","강화군","-2.0","1.9","-4.7","-1.4","-3.4","1.6","-8.1","0.5","0.2","0.8","0.0","0.0","5.6","0.0","0.0","0.0","91.8","62.5","64.4","9.6","9.1","0.0","0.0","0.0","0.0","0.0","2.9","1.5"
"20230114","인천","남구","5.4","7.0","3.5","-4.7","-1.7","1.9","-5.0","3.6","0.0","0.6","0.0","9.1","5.7","1.44","11.85","0.0","95.4","44.5","61.2","9.9","2.9","3.6","0.0","0.0","0.0","7.6","10.8","3.0"
"20230114","인천","강화군","4.4","6.5","1.7","-5.8","-3.6","1.5","-8.2","2.4","0.0","0.9","0.0","8.3","5.7","0.0","0.0","0.0","100.0","52.1","64.1","9.6","3.3","0.0","0.0","0.0","0.0","6.8","6.7","1.6"
"20230113","인천","남구","7.3","10.1","5.1","-5.6","-1.9","1.7","-5.2","36.0","0.0","0.5","0.0","8.9","6.0","1.74","11.51","0.0","95.6","45.5","60.3","10.0","2.9","3.4","0.0","0.0","0.0","8.7","13.7","3.0"
"20230113","인천","강화군","6.1","7.8","3.1","-5.7","-3.7","1.3","-8.5","31.3","0.0","0.8","0.0","8.5","6.0","0.0","0.0","0.0","100.0","45.4","63.3","9.1","2.1","0.0","0.0","0.0","0.0","5.0","13.6","1.6"
"20230112","인천","남구","6.1","11.7","0.3","-6.9","-1.9","1.7","-5.2","0.0","0.0","0.5","8.8","8.4","6.0","10.24","11.5","0.0","53.1","47.9","60.5","1.9","3.9","3.3","0.0","0.0","0.0","6.0","9.8","3.0"
"20230112","인천","강화군","3.2","11.2","-3.6","-7.2","-3.7","1.2","-8.5","0.0","0.0","0.5","8.4","7.7","6.0","0.0","0.0","0.0","62.6","51.8","63.2","3.1","4.9","0.0","0.0","0.0","0.0","3.1","6.9","1.5"
"20230111","인천","남구","1.9","6.1","-1.5","-7.5","-1.9","1.8","-5.1","0.0","0.0","0.5","8.4","9.1","6.1","10.71","11.91","0.0","69.8","55.1","61.1","1.9","0.3","3.3","0.0","0.0","0.0","4.9","13.1","3.0"
"20230111","인천","강화군","-1.1","5.4","-5.9","-7.9","-3.7","1.2","-8.4","0.0","0.0","0.4","7.9","8.6","6.1","0.0","0.0","0.0","77.5","55.6","64.0","3.4","0.9","0.0","0.0","0.0","0.0","4.6","13.4","1.5"
"20230110","인천","남구","0.5","6.0","-3.3","-0.1","-1.8","2.0","-5.1","0.0","1.2","0.3","8.3","3.3","6.0","10.88","6.83","0.0","61.8","75.9","61.4","2.3","7.0","3.3","0.0","0.7","0.0","5.9","12.8","3.1"
"20230110","인천","강화군","-1.5","5.6","-6.8","-1.6","-3.5","1.4","-8.3","0.0","1.6","0.3","8.2","3.5","6.1","0.0","0.0","0.0","68.3","77.4","64.3","2.0","7.1","0.0","0.0","0.0","0.0","6.7","10.9","1.5"
"20230109","인천","남구","2.1","4.8","-1.8","0.5","-1.7","2.0","-5.0","0.0","0.0","0.6","8.1","7.4","5.9","10.44","9.16","0.0","57.0","72.8","62.2","3.3","2.8","3.4","0.0","0.0","0.0","11.2","6.0","3.1"
"20230109","인천","강화군","2.0","4.7","-1.5","-1.2","-3.5","1.5","-8.2","0.0","0.0","0.7","8.0","7.8","6.0","0.0","0.0","0.0","55.9","77.0","65.1","2.9","1.0","0.0","0.0","0.0","0.0","10.6","5.4","1.5"
"20230108","인천","남구","1.9","5.8","-2.8","1.6","-1.5","2.2","-4.8","0.0","0.0","0.7","6.7","1.2","5.7","9.02","5.12","0.0","63.8","65.9","62.8","5.1","7.1","3.7","0.0","0.0","0.0","4.8","9.8","3.2"
"20230108","인천","강화군","-0.6","4.5","-6.3","-0.2","-3.3","1.6","-7.9","0.0","0.0","0.9","6.3","0.5","5.8","0.0","0.0","0.0","78.6","74.9","65.8","5.9","6.3","0.0","0.0","0.0","0.0","3.1","6.5","1.6"
"20230107","인천","남구","1.5","3.5","-1.2","-1.7","-1.4","2.3","-4.7","0.0","0.0","0.9","7.1","8.9","5.5","8.53","10.85","0.0","74.6","50.4","62.6","3.9","0.0","3.9","0.0","0.0","0.0","11.4","4.7","3.2"
"20230107","인천","강화군","0.1","3.1","-4.4","-4.1","-3.2","1.6","-7.9","0.2","0.0","0.9","5.3","8.5","5.6","0.0","0.0","0.0","85.4","58.4","66.1","4.3","0.0","0.0","0.0","0.0","0.0","9.2","4.9","1.6"
"20230106","인천","남구","1.7","4.7","-3.0","-2.0","-1.5","2.2","-4.7","3.2","0.0","0.9","4.4","8.9","5.6","7.14","10.72","0.0","70.1","44.1","62.2","4.9","0.0","3.7","0.0","0.0","0.0","9.3","7.9","3.2"
"20230106","인천","강화군","-0.3","4.4","-7.3","-2.3","-3.3","1.7","-7.9","10.3","0.0","0.9","4.0","8.5","5.7","0.0","0.0","0.0","80.4","42.6","65.3","5.5","0.0","0.0","0.0","0.0","0.0","5.5","8.8","1.6"
"20230105","인천","남구","-1.6","1.3","-3.7","-3.2","-1.4","2.3","-4.7","0.0","0.0","0.9","2.5","0.4","5.7","5.9","5.53","0.0","67.4","45.1","61.9","2.5","7.1","3.6","0.0","0.0","0.0","3.8","6.8","3.1"
"20230105","인천","강화군","-4.4","2.5","-9.2","-5.1","-3.2","1.8","-8.0","0.0","0.0","0.9","3.2","1.8","5.8","0.0","0.0","0.0","74.4","56.5","65.2","3.3","7.5","0.0","0.0","0.0","0.0","2.8","3.7","1.6"
"20230104","인천","남구","-1.5","1.9","-4.4","-2.9","-1.2","2.5","-4.5","0.0","0.0","0.5","8.8","8.9","5.8","10.37","11.06","0.0","51.3","46.0","61.8","1.9","0.0","3.7","0.0","0.0","0.0","6.0","10.5","3.1"
"20230104","인천","강화군","-4.1","1.7","-9.2","-3.8","-3.0","1.9","-7.8","0.0","0.0","0.5","8.5","8.5","5.8","0.0","0.0","0.0","65.3","50.0","65.0","3.5","0.0","0.0","0.0","0.0","0.0","6.1","8.0","1.5"
"20230103","인천","남구","-4.6","-1.3","-8.4","-1.9","-1.2","2.5","-4.5","0.0","0.2","0.5","8.9","6.9","5.8","11.26","8.6","0.0","44.6","56.9","61.8","0.0","5.3","3.7","0.0","0.0","0.0","7.7","4.9","3.1"
"20230103","인천","강화군","-6.9","-1.2","-12.3","-3.4","-3.0","2.0","-7.8","0.0","0.0","0.5","8.5","7.0","5.8","0.0","0.0","0.0","60.4","65.5","65.0","1.1","7.9","0.0","0.0","0.0","0.0","5.8","6.0","1.5"
"20230102","인천","남구","-4.6","-1.8","-6.7","-1.2","-1.2","2.5","-4.5","0.0","0.3","0.4","8.8","5.9","6.0","11.14","9.22","0.0","45.3","58.0","61.9","0.9","3.5","3.5","0.0","0.2","0.0","7.3","8.5","3.2"
"20230102","인천","강화군","-5.7","-1.5","-9.5","-2.4","-2.9","2.0","-7.7","0.0","1.5","0.5","8.5","5.9","5.9","0.0","0.0","0.0","46.3","67.9","64.8","1.4","4.1","0.0","0.0","0.0","0.0","7.8","7.8","1.5"
"20230101","인천","남구","-0.6","3.3","-4.1","-3.4","-1.1","2.6","-4.4","0.0","0.0","0.4","8.7","8.8","5.8","10.53","9.88","0.0","52.1","43.4","62.3","1.9","1.8","3.6","0.0","0.0","0.0","9.8","7.5","3.2"
"20230101","인천","강화군","-1.2","3.4","-5.2","-5.1","-2.8","2.0","-7.6","0.0","0.0","0.5","8.4","8.1","5.6","0.0","0.0","0.0","47.4","56.0","65.8","3.8","3.5","0.0","0.0","0.0","0.0","8.5","4.1","1.5"
"20221231","인천","남구","0.2","4.0","-4.5","-6.5","-1.1","2.6","-4.5","0.0","0.0","0.4","2.4","8.9","5.8","5.05","11.03","0.0","62.4","35.6","62.2","5.6","0.0","3.6","0.0","0.0","0.0","7.7","16.9","3.2"
"20221231","인천","강화군","-2.1","3.5","-8.4","-6.7","-2.8","2.0","-7.6","0.0","0.0","0.6","2.1","8.5","5.4","0.0","0.0","0.0","75.8","37.3","65.8","8.0","0.6","0.0","0.0","0.0","0.0","6.0","12.5","1.5"
"20221230","인천","남구","-2.5","0.6","-4.9","-3.5","-1.2","2.5","-4.6","0.2","0.0","0.4","8.5","6.4","5.7","10.51","7.58","0.0","68.3","50.6","61.6","2.6","1.6","3.6","0.3","0.0","0.0","6.2","14.3","3.2"
"20221230","인천","강화군","-4.9","0.5","-8.7","-3.4","-2.9","1.9","-7.7","0.0","0.0","0.6","8.5","6.8","5.4","0.0","0.0","0.0","73.8","47.6","65.2","1.1","1.4","0.0","0.0","0.0","0.0","6.2","9.8","1.5"
"20221229","인천","남구","-2.8","0.7","-7.4","1.3","-1.3","2.3","-4.7","0.3","0.0","0.4","8.6","4.0","5.9","10.1","7.05","0.0","54.6","69.6","60.7","3.6","3.6","3.4","1.1","0.0","0.0","5.1","11.5","3.2"
"20221229","인천","강화군","-5.7","-0.2","-11.7","0.8","-3.0","1.7","-7.8","0.0","0.0","0.5","8.4","5.2","5.5","0.0","0.0","0.0","69.3","69.9","64.4","4.6","4.1","0.0","0.0","0.0","0.0","4.6","12.1","1.5"
"20221228","인천","남구","-3.2","-0.1","-5.7","-2.2","-1.3","2.4","-4.7","0.2","0.0","0.4","8.2","1.1","5.9","10.2","4.32","0.0","55.4","70.4","60.4","3.1","4.4","3.3","0.4","0.0","0.0","9.0","4.7","3.1"
"20221228","인천","강화군","-4.8","-0.3","-10.1","-4.5","-2.9","1.8","-7.7","0.0","0.0","0.4","7.9","1.4","5.6","0.0","0.0","0.0","62.6","78.8","63.8","4.5","3.4","0.0","0.0","0.0","0.0","7.2","3.2","1.5"
"20221227","인천","남구","-1.7","2.2","-5.8","-6.8","-1.1","2.6","-4.5","0.0","0.0","0.4","8.5","4.2","6.0","9.8","6.46","0.0","66.6","62.5","60.5","1.0","1.6","3.2","0.0","0.0","0.0","4.7","8.5","3.2"
"20221227","인천","강화군","-5.2","1.5","-11.0","-8.0","-2.7","2.1","-7.5","0.0","0.0","0.4","8.4","4.0","5.9","0.0","0.0","0.0","80.5","71.5","63.3","2.5","3.4","0.0","0.0","0.0","0.0","5.0","6.4","1.6"
"20221226","인천","남구","-3.7","-0.4","-6.3","-11.3","-0.8","2.9","-4.2","0.0","0.0","0.5","6.3","8.9","6.0","7.35","10.89","0.0","62.1","47.0","61.4","2.1","0.0","3.3","0.0","0.0","0.0","4.7","11.4","3.3"
"20221226","인천","강화군","-6.5","-0.5","-10.7","-11.3","-2.4","2.4","-7.1","0.0","0.0","0.5","6.4","8.3","5.8","0.0","0.0","0.0","77.5","48.5","64.2","3.8","0.8","0.0","0.0","0.0","0.0","3.6","7.7","1.6"
"20221225","인천","남구","-4.9","-0.8","-8.8","-11.5","-0.4","3.4","-3.8","0.0","0.0","0.6","8.8","8.8","6.0","10.51","10.96","0.0","62.3","42.9","62.6","0.4","0.0","3.3","0.0","0.0","0.0","6.6","12.2","3.3"
"20221225","인천","강화군","-7.0","-0.7","-12.9","-11.7","-2.0","2.8","-6.7","0.0","0.0","0.5","8.3","8.4","5.8","0.0","0.0","0.0","73.6","44.0","65.1","4.4","0.6","0.0","0.0","0.0","0.0","6.4","9.3","1.6"
"20221224","인천","남구","-9.0","-5.0","-12.7","-0.8","0.3","4.1","-3.2","0.0","0.1","0.7","8.8","0.2","5.9","10.6","2.41","0.0","54.1","62.9","64.1","0.8","5.8","3.5","0.0","0.0","0.0","6.7","13.1","3.4"
"20221224","인천","강화군","-10.5","-5.4","-15.2","-1.5","-1.3","3.5","-6.1","0.0","0.1","0.6","8.3","0.5","5.8","0.0","0.0","0.0","62.9","65.8","66.4","5.5","6.1","0.0","0.0","0.0","0.0","5.2","10.6","1.6"
"20221223","인천","남구","-11.3","-9.4","-12.8","3.0","0.7","4.6","-2.8","0.0","0.0","0.9","7.0","7.1","5.9","9.25","8.56","0.0","60.6","51.3","65.1","3.4","2.9","3.6","0.0","0.0","0.0","16.6","4.9","3.3"
"20221223","인천","강화군","-11.8","-9.4","-13.6","0.7","-1.0","4.0","-5.8","0.0","0.0","0.8","7.9","4.8","5.8","0.0","0.0","0.0","58.6","58.8","67.7","5.4","4.9","0.0","0.0","0.0","0.0","11.6","3.4","1.6"
"20221222","인천","남구","-7.7","-2.8","-11.0","1.7","0.9","4.8","-2.5","0.0","0.0","0.9","6.4","8.7","5.8","9.28","9.78","0.0","61.4","45.0","65.2","1.4","0.0","3.9","0.0","0.0","0.0","17.0","7.2","3.1"
"20221222","인천","강화군","-8.3","-3.8","-11.8","0.8","-0.8","4.2","-5.7","0.0","0.0","0.7","7.7","8.3","5.6","0.0","0.0","0.0","60.4","46.5","68.2","2.8","0.0","0.0","0.0","0.0","0.0","14.0","9.5","1.5"
"20221221","인천","남구","0.9","4.3","-2.8","5.2","0.9","4.8","-2.6","3.9","0.0","0.7","1.6","5.2","5.8","4.6","7.51","0.0","78.8","69.5","64.2","7.9","2.4","3.8","3.8","0.0","0.0","10.3","9.2","3.1"
"20221221","인천","강화군","-0.4","2.2","-4.0","3.4","-0.8","4.3","-5.9","5.7","0.0","0.6","0.4","4.9","5.7","0.0","0.0","0.0","84.9","72.5","67.2","8.0","4.5","0.0","0.0","0.0","0.0","8.5","7.9","1.5"
"20221220","인천","남구","-2.5","2.2","-8.4","6.9","0.6","4.5","-2.9","0.0","0.0","0.6","6.0","5.6","5.9","9.04","8.17","0.0","50.3","76.3","63.3","5.1","4.4","3.7","0.0","0.0","0.0","7.6","9.3","3.0"
"20221220","인천","강화군","-4.2","0.5","-11.9","3.7","-1.2","3.9","-6.0","0.0","0.0","0.6","6.5","5.5","5.8","0.0","0.0","0.0","57.3","91.0","66.8","6.3","4.1","0.0","0.0","0.0","0.0","3.8","9.5","1.5"
"20221219","인천","남구","-7.1","-3.6","-11.8","1.5","0.2","4.0","-3.2","0.0","0.0","0.6","3.4","8.8","5.8","6.76","10.29","0.0","50.5","57.0","62.5","2.6","0.4","3.6","0.0","0.0","0.0","5.0","13.7","3.1"
"20221219","인천","강화군","-8.9","-3.4","-14.7","-2.0","-1.5","3.5","-6.4","0.0","0.0","0.5","4.2","8.3","5.8","0.0","0.0","0.0","63.6","72.8","66.2","4.1","3.4","0.0","0.0","0.0","0.0","3.5","8.9","1.5"
"20221218","인천","남구","-9.7","-6.6","-12.4","-3.5","0.0","3.8","-3.3","0.0","4.6","0.5","8.6","4.5","5.7","10.62","6.68","0.0","47.6","55.8","61.7","0.0","3.3","3.7","0.0","5.2","0.0","9.0","13.6","3.2"
"20221218","인천","강화군","-10.2","-6.5","-15.3","-5.0","-1.6","3.3","-6.5","0.0","3.2","0.4","8.4","4.6","5.6","0.0","0.0","0.0","50.5","68.6","65.6","2.3","5.5","0.0","0.0","0.0","0.0","10.0","10.8","1.5"
"20221217","인천","남구","-7.3","-4.1","-10.2","-5.4","0.0","3.7","-3.3","1.3","0.0","0.6","7.5","7.1","5.8","9.71","9.77","0.0","52.5","51.1","60.8","3.5","2.1","3.5","2.1","0.0","0.0","11.8","17.3","3.3"
"20221217","인천","강화군","-8.3","-3.9","-12.0","-5.5","-1.6","3.1","-6.3","0.1","0.0","0.4","7.5","6.8","5.7","0.0","0.0","0.0","58.5","50.1","65.0","3.5","1.6","0.0","0.0","0.0","0.0","8.3","14.8","1.5"
"20221216","인천","남구","-6.9","-4.2","-9.8","6.4","0.1","3.7","-3.2","0.0","0.0","0.7","7.9","5.2","5.7","9.97","7.21","0.0","47.4","66.0","60.7","5.6","5.9","3.5","0.0","0.0","0.0","9.4","13.3","3.3"
"20221216","인천","강화군","-7.6","-3.9","-12.5","4.5","-1.6","3.1","-6.3","0.0","0.0","0.6","7.9","5.0","5.5","0.0","0.0","0.0","47.4","77.0","65.2","5.6","8.1","0.0","0.0","0.0","0.0","7.8","9.2","1.5"
"20221215","인천","남구","-4.3","0.3","-7.5","8.4","0.2","3.9","-3.1","2.5","1.8","0.8","1.4","3.9","5.7","3.66","6.11","0.0","75.0","71.0","60.1","6.4","5.4","3.5","4.6","0.0","0.0","9.5","12.7","3.4"
"20221215","인천","강화군","-5.1","-0.4","-10.4","6.6","-1.4","3.3","-6.2","1.5","0.6","0.6","0.3","4.2","5.5","0.0","0.0","0.0","80.1","87.9","64.5","6.0","4.4","0.0","0.0","0.0","0.0","8.1","9.4","1.5"
"20221214","인천","남구","-8.2","-6.0","-10.8","4.7","0.5","4.1","-2.8","0.0","0.4","0.8","8.7","4.1","5.8","10.73","6.06","0.0","52.1","61.8","59.7","0.6","9.1","3.6","0.0","0.0","0.0","15.5","7.2","3.3"
"20221214","인천","강화군","-9.1","-5.8","-11.5","3.8","-1.3","3.5","-6.1","0.0","0.5","0.6","8.3","3.6","5.6","0.0","0.0","0.0","57.5","76.5","64.6","1.8","8.4","0.0","0.0","0.0","0.0","7.8","4.4","1.5"
"20221213","인천","남구","0.2","4.7","-6.6","-1.8","0.6","4.3","-2.6","1.3","0.0","0.7","1.4","9.0","5.9","5.1","10.43","0.0","67.8","37.5","59.6","6.4","2.1","3.5","0.9","0.0","0.0","19.6","10.5","3.3"
"20221213","인천","강화군","-1.1","3.9","-7.5","-2.4","-1.1","3.7","-5.8","0.6","0.0","0.5","2.7","8.5","5.8","0.0","0.0","0.0","72.5","51.5","64.5","6.1","2.1","0.0","0.0","0.0","0.0","16.4","6.2","1.5"
"20221212","인천","남구","2.5","5.5","-1.1","1.3","1.0","4.7","-2.4","2.1","0.0","0.8","1.5","8.5","5.6","3.84","9.55","0.0","68.0","52.9","60.9","7.3","3.8","3.9","0.0","0.0","0.0","8.9","14.1","3.3"
"20221212","인천","강화군","0.0","3.8","-4.9","0.8","-0.8","4.1","-5.6","2.1","0.0","0.7","0.6","7.5","5.5","0.0","0.0","0.0","80.4","58.5","65.5","7.9","2.1","0.0","0.0","0.0","0.0","8.7","10.7","1.6"
"20221211","인천","남구","1.7","5.1","-0.6","5.7","1.2","5.0","-2.2","0.0","0.0","0.7","8.8","6.0","5.7","10.78","7.31","0.0","49.3","75.4","60.7","1.1","7.9","3.9","0.0","0.0","0.0","7.6","6.2","3.3"
"20221211","인천","강화군","0.7","5.1","-4.5","3.1","-0.5","4.4","-5.3","0.0","0.0","0.7","8.5","1.8","5.6","0.0","0.0","0.0","49.6","94.9","65.3","1.1","7.1","0.0","0.0","0.0","0.0","7.7","5.7","1.6"
"20221210","인천","남구","2.7","4.8","0.3","7.9","1.5","5.2","-1.8","0.0","0.3","0.9","3.5","0.8","5.5","6.56","1.8","0.0","42.9","73.1","61.8","7.1","8.3","4.0","0.0","0.0","0.0","7.6","7.1","3.3"
"20221210","인천","강화군","1.4","5.7","-3.9","6.0","-0.1","4.6","-4.9","0.0","2.4","0.9","4.5","0.4","5.5","0.0","0.0","0.0","53.0","90.5","66.2","7.0","8.1","0.0","0.0","0.0","0.0","10.8","3.1","1.6"
"20221209","인천","남구","5.3","9.8","3.1","7.7","1.8","5.4","-1.5","0.0","0.0","0.9","7.7","1.2","5.3","8.89","4.91","0.0","56.4","56.8","62.6","2.5","7.3","4.2","0.0","0.0","0.0","8.0","5.1","3.3"
"20221209","인천","강화군","2.9","9.0","-1.5","5.0","0.2","4.8","-4.5","0.2","0.0","1.0","7.0","0.8","5.3","0.0","0.0","0.0","76.4","77.3","66.3","4.1","8.0","0.0","0.0","0.0","0.0","6.1","2.9","1.7"
"20221208","인천","남구","4.5","8.7","1.3","6.5","1.8","5.4","-1.6","0.0","0.0","1.2","8.6","8.9","5.3","10.32","9.6","0.0","51.4","64.0","62.7","1.0","1.8","4.3","0.0","0.0","0.0","6.0","4.9","3.2"
"20221208","인천","강화군","1.3","7.9","-3.5","4.1","0.2","4.8","-4.6","0.0","0.0","1.3","8.4","8.5","5.2","0.0","0.0","0.0","70.4","79.4","66.4","0.9","2.1","0.0","0.0","0.0","0.0","4.4","4.0","1.6"
"20221207","인천","남구","5.2","8.1","2.2","7.0","1.7","5.3","-1.6","0.7","0.0","1.1","7.2","8.3","5.4","8.76","9.07","0.0","58.8","55.9","61.6","2.6","0.0","4.1","0.0","0.0","0.0","11.0","6.1","3.3"
"20221207","인천","강화군","3.6","8.9","-2.4","5.3","0.2","4.8","-4.6","0.0","0.0","1.2","8.5","7.9","5.4","0.0","0.0","0.0","63.3","74.3","64.9","1.5","0.0","0.0","0.0","0.0","0.0","11.1","5.5","1.6"
"20221206","인천","남구","1.5","4.7","-2.2","6.3","1.8","5.4","-1.6","0.1","0.0","1.2","5.2","7.2","5.5","8.31","8.18","0.0","62.9","49.3","61.7","6.6","5.0","4.1","0.6","0.0","0.0","7.9","5.0","3.4"
"20221206","인천","강화군","-0.1","4.6","-5.9","3.5","0.3","4.9","-4.5","0.1","0.0","1.1","6.2","6.3","5.3","0.0","0.0","0.0","75.3","64.9","64.9","6.0","4.5","0.0","0.0","0.0","0.0","10.8","3.1","1.6"
"20221205","인천","남구","-3.2","0.2","-6.5","3.4","2.0","5.7","-1.5","0.0","0.0","1.1","8.6","9.2","5.5","11.13","10.13","0.0","42.6","41.4","61.0","2.8","0.0","4.1","0.0","0.0","0.0","9.3","5.4","3.3"
"20221205","인천","강화군","-4.1","0.4","-9.0","0.8","0.5","5.2","-4.4","0.0","0.0","1.1","8.3","8.5","5.3","0.0","0.0","0.0","51.6","58.4","64.2","3.0","0.1","0.0","0.0","0.0","0.0","7.2","3.4","1.6"
"20221204","인천","남구","-3.8","-0.6","-5.1","2.3","2.3","6.2","-1.3","0.0","0.0","1.0","1.0","7.2","5.6","6.31","9.01","0.0","34.1","39.1","60.6","7.3","1.1","4.0","0.0","0.0","0.0","15.0","9.2","3.3"
"20221204","인천","강화군","-4.2","-1.4","-5.8","0.8","0.8","5.7","-4.2","0.0","0.0","1.0","1.3","6.9","5.5","0.0","0.0","0.0","36.4","53.4","63.8","8.4","1.1","0.0","0.0","0.0","0.0","8.8","8.4","1.6"
"20221203","인천","남구","2.7","7.0","-0.6","2.6","2.8","6.8","-0.8","1.4","0.4","0.8","4.1","8.8","5.5","7.33","10.61","0.0","70.5","43.6","61.4","6.5","1.5","3.9","0.4","0.0","0.0","12.3","13.0","3.3"
"20221203","인천","강화군","1.1","6.5","-1.5","2.1","1.3","6.2","-3.6","2.2","0.0","0.6","4.4","8.3","5.3","0.0","0.0","0.0","83.5","48.4","64.6","8.0","1.4","0.0","0.0","0.0","0.0","7.6","10.5","1.6"
"20221202","인천","남구","-2.3","1.4","-6.8","3.4","3.3","7.3","-0.2","0.0","0.0","1.0","8.1","5.3","5.5","10.98","6.09","0.0","35.9","47.4","63.0","2.6","3.0","3.9","0.0","0.0","0.0","8.4","12.4","3.1"
"20221202","인천","강화군","-3.8","0.2","-9.6","2.4","1.7","6.8","-3.2","0.0","0.2","0.7","7.7","4.3","5.3","0.0","0.0","0.0","45.6","65.8","66.4","3.6","2.8","0.0","0.0","0.0","0.0","5.8","10.5","1.5"
"20221201","인천","남구","-5.3","-2.1","-8.7","-0.7","3.8","7.7","0.4","0.0","0.0","0.9","8.1","9.2","5.3","10.18","10.92","0.0","43.1","43.5","64.7","1.9","0.8","4.0","0.0","0.0","0.0","9.9","16.8","3.0"
"20221201","인천","강화군","-6.2","-1.7","-10.8","-1.1","2.1","7.2","-2.6","0.0","0.0","0.8","8.0","8.5","5.2","0.0","0.0","0.0","49.8","53.9","67.6","3.0","0.4","0.0","0.0","0.0","0.0","7.4","13.1","1.5"
"20221130","인천","남구","-5.6","-1.6","-7.4","6.3","4.2","8.1","0.8","0.0","27.7","0.9","8.9","0.5","5.3","11.44","1.57","0.0","48.6","75.3","65.2","2.3","8.6","4.1","0.0","0.0","0.0","14.9","19.5","3.0"
"20221130","인천","강화군","-5.9","-2.8","-7.8","5.8","2.6","7.6","-2.1","0.0","16.4","0.9","8.6","0.0","5.1","0.0","0.0","0.0","49.9","81.3","68.1","2.0","9.4","0.0","0.0","0.0","0.0","10.8","18.7","1.5"
"20221129","인천","남구","5.8","14.6","-1.6","8.6","4.4","8.2","1.0","2.4","0.0","1.1","2.1","4.3","5.3","5.67","6.94","0.0","58.8","56.0","65.5","9.5","6.9","4.3","0.0","0.0","0.0","16.3","6.5","3.0"
"20221129","인천","강화군","5.0","14.8","-2.8","6.8","2.8","7.8","-1.8","1.8","0.0","1.0","2.8","4.6","5.0","0.0","0.0","0.0","61.4","72.3","68.3","9.5","8.3","0.0","0.0","0.0","0.0","12.3","3.8","1.6"
"20221128","인천","남구","13.0","16.4","7.6","5.8","4.6","8.3","1.2","30.1","0.0","1.3","0.5","7.9","5.2","3.44","10.35","0.0","68.8","49.9","65.8","9.5","4.1","4.5","0.0","0.0","0.0","11.2","4.7","3.1"
"20221128","인천","강화군","12.3","17.2","5.7","2.5","3.0","7.9","-1.7","56.1","0.0","1.1","0.4","7.5","5.0","0.0","0.0","0.0","73.8","64.3","68.3","9.4","3.8","0.0","0.0","0.0","0.0","10.2","4.0","1.6"
"20221127","인천","남구","6.0","11.1","-0.5","3.5","4.8","8.6","1.4","0.0","0.0","1.6","6.2","9.1","5.2","9.33","10.77","0.0","38.9","47.0","65.4","2.6","0.0","4.5","0.0","0.0","0.0","5.6","7.4","3.1"
"20221127","인천","강화군","3.5","10.0","-3.8","1.0","3.2","8.1","-1.4","0.0","0.0","1.3","6.4","8.6","4.9","0.0","0.0","0.0","52.8","60.9","68.2","3.3","0.0","0.0","0.0","0.0","0.0","4.1","4.5","1.6"
"20221126","인천","남구","6.5","12.7","0.9","3.9","5.1","9.0","1.7","0.0","0.0","1.7","8.7","6.6","5.2","11.19","8.64","0.0","47.4","48.4","64.9","0.0","1.4","4.5","0.0","0.0","0.0","10.1","8.3","3.1"
"20221126","인천","강화군","4.9","11.7","-2.5","1.2","3.5","8.5","-1.2","0.0","0.0","1.5","8.2","5.5","4.8","0.0","0.0","0.0","55.8","66.6","68.3","0.4","1.6","0.0","0.0","0.0","0.0","8.7","7.5","1.6"
"20221125","인천","남구","12.4","16.1","8.7","6.9","5.4","9.3","1.9","0.1","0.0","1.7","8.5","8.8","5.3","10.6","9.63","0.0","67.9","44.8","65.0","3.4","2.1","4.4","0.0","0.0","0.0","12.6","10.5","3.1"
"20221125","인천","강화군","12.0","15.7","7.1","5.2","3.6","8.8","-1.1","0.9","0.0","1.4","6.7","7.7","4.9","0.0","0.0","0.0","81.6","56.3","68.8","6.5","0.0","0.0","0.0","0.0","0.0","15.5","9.0","1.6"
"20221124","인천","남구","10.0","13.8","7.4","5.7","5.7","9.7","2.2","0.0","0.0","1.7","6.6","4.7","5.3","9.6","5.9","0.0","68.5","53.9","64.5","4.0","4.9","4.3","0.0","0.0","0.0","8.0","11.3","3.1"
"20221124","인천","강화군","7.8","13.3","4.1","5.0","3.9","9.1","-0.9","0.0","0.0","1.4","3.4","5.8","5.0","0.0","0.0","0.0","86.1","65.1","68.9","6.1","4.0","0.0","0.0","0.0","0.0","4.2","8.0","1.6"
"20221123","인천","남구","10.3","13.3","8.0","-0.1","5.8","9.9","2.3","0.0","0.0","1.6","8.5","2.5","5.6","11.46","5.49","0.0","61.0","59.3","63.7","3.1","3.5","4.2","0.0","0.0","0.0","8.2","11.3","3.0"
"20221123","인천","강화군","9.3","13.7","4.5","-0.8","4.0","9.2","-0.9","0.2","0.0","1.3","8.1","6.5","5.3","0.0","0.0","0.0","68.5","65.6","68.6","3.0","2.4","0.0","0.0","0.0","0.0","7.8","9.3","1.6"
"20221122","인천","남구","10.2","11.9","8.1","3.2","5.9","9.9","2.3","0.0","0.0","1.2","0.5","7.6","5.6","5.05","8.55","0.0","75.9","56.0","63.0","8.8","4.0","4.1","0.0","0.0","0.0","5.7","16.3","3.0"
"20221122","인천","강화군","7.9","11.5","4.5","2.6","4.1","9.2","-0.8","0.2","0.2","1.1","0.3","5.3","5.4","0.0","0.0","0.0","91.3","63.8","68.0","8.6","3.9","0.0","0.0","0.0","0.0","4.9","11.4","1.6"
"20221121","인천","남구","12.3","15.6","10.4","10.5","5.9","10.0","2.2","0.0","3.1","1.8","3.7","0.0","5.7","6.57","3.29","0.0","73.5","74.5","62.4","6.3","9.6","4.1","0.0","0.0","0.0","6.3","15.7","3.1"
"20221121","인천","강화군","9.6","14.8","5.8","9.5","4.2","9.4","-1.0","0.0","5.4","1.4","1.7","0.0","5.5","0.0","0.0","0.0","84.6","85.9","67.5","5.8","9.6","0.0","0.0","0.0","0.0","5.8","15.9","1.7"
"20221120","인천","남구","13.6","17.3","11.0","9.9","5.9","10.0","2.2","0.0","0.0","1.8","9.1","4.0","5.8","11.29","5.9","0.0","65.1","82.4","61.4","2.3","5.8","4.0","0.0","0.0","0.0","4.8","4.3","3.2"
"20221120","인천","강화군","10.5","17.6","6.2","7.7","4.2","9.4","-0.9","0.0","0.0","1.6","8.5","3.3","5.7","0.0","0.0","0.0","71.8","86.8","66.4","1.9","4.3","0.0","0.0","0.0","0.0","5.1","3.9","1.7"
"20221119","인천","남구","13.5","18.8","9.5","13.1","6.1","10.2","2.6","0.0","0.0","1.9","8.8","5.3","5.7","11.05","7.62","0.0","54.4","80.0","61.6","4.5","5.0","4.0","0.0","0.0","0.0","8.1","7.6","3.2"
"20221119","인천","강화군","10.6","17.7","4.7","12.1","4.5","9.6","-0.6","0.0","0.0","1.7","7.7","3.3","5.6","0.0","0.0","0.0","72.8","87.4","66.4","5.4","5.6","0.0","0.0","0.0","0.0","4.7","6.7","1.7"
"20221118","인천","남구","11.5","15.9","7.6","12.0","6.4","10.5","2.8","0.0","0.8","2.1","9.0","4.3","5.7","11.53","6.15","0.0","70.5","77.0","61.6","0.6","6.1","4.0","0.0","0.0","0.0","6.1","8.9","3.1"
"20221118","인천","강화군","8.5","16.2","2.3","12.0","4.8","10.0","-0.3","0.0","0.0","1.8","8.5","0.9","5.6","0.0","0.0","0.0","84.6","89.6","66.4","2.5","5.1","0.0","0.0","0.0","0.0","5.8","9.4","1.7"
"20221117","인천","남구","11.1","15.3","7.4","7.8","6.7","10.7","3.2","0.0","0.0","2.0","9.1","7.3","5.7","11.56","9.74","0.0","67.0","59.9","61.7","1.5","3.5","4.1","0.0","0.0","0.0","5.6","6.0","3.1"
"20221117","인천","강화군","8.5","14.8","3.4","5.9","5.1","10.3","0.0","0.0","0.0","1.7","8.7","6.8","5.6","0.0","0.0","0.0","87.6","73.1","66.3","1.1","3.9","0.0","0.0","0.0","0.0","5.5","5.2","1.7"
"20221116","인천","남구","9.4","12.6","6.4","8.7","7.1","11.1","3.7","0.0","0.0","1.3","8.4","9.1","5.8","12.12","11.18","0.0","68.0","54.0","61.7","2.8","0.0","4.0","0.0","0.0","0.0","6.2","6.8","3.1"
"20221116","인천","강화군","6.1","12.8","0.9","7.2","5.5","10.6","0.6","0.0","0.0","1.2","6.2","8.8","5.7","0.0","0.0","0.0","84.9","64.4","65.8","5.6","0.1","0.0","0.0","0.0","0.0","8.1","7.3","1.7"
"20221115","인천","남구","8.6","12.1","5.2","11.1","7.8","11.7","4.3","1.0","0.0","1.5","3.6","8.2","5.5","7.22","10.52","0.0","71.9","66.6","62.6","5.5","3.1","4.3","0.0","0.0","0.0","13.7","5.7","3.0"
"20221115","인천","강화군","6.5","12.7","1.4","8.0","6.2","11.3","1.3","3.4","0.0","1.4","3.2","6.7","5.4","0.0","0.0","0.0","87.4","81.3","66.5","5.9","5.5","0.0","0.0","0.0","0.0","8.1","5.1","1.7"
"20221114","인천","남구","9.3","12.1","5.7","12.2","8.2","12.2","4.6","0.0","0.0","1.4","6.1","7.8","5.8","10.93","10.27","0.0","70.0","64.9","62.7","5.9","2.3","4.1","0.0","0.0","0.0","9.4","9.3","3.0"
"20221114","인천","강화군","8.2","12.7","2.4","10.2","6.7","11.7","1.7","0.0","0.0","1.4","7.4","8.6","5.7","0.0","0.0","0.0","76.1","79.8","66.5","3.9","1.3","0.0","0.0","0.0","0.0","8.8","8.4","1.7"
"20221113","인천","남구","9.5","14.4","8.5","9.2","8.7","12.7","5.2","0.0","0.0","1.7","0.5","9.1","5.7","6.65","11.24","0.0","77.8","55.1","63.7","8.1","4.0","4.1","0.0","0.0","0.0","9.3","7.1","3.0"
"20221113","인천","강화군","8.5","14.0","5.4","6.5","7.3","12.2","2.3","0.0","0.2","1.7","3.5","5.5","5.6","0.0","0.0","0.0","84.3","77.8","66.8","7.4","3.6","0.0","0.0","0.0","0.0","12.4","6.2","1.8"
"20221112","인천","남구","16.3","21.4","13.2","5.3","9.3","13.2","5.8","47.7","0.0","1.8","1.7","7.8","5.5","6.52","11.16","0.0","76.1","48.0","64.3","8.1","2.1","4.3","0.0","0.0","0.0","13.0","10.1","3.0"
"20221112","인천","강화군","15.6","20.6","9.2","3.5","7.8","12.7","2.9","37.6","0.0","1.8","1.2","8.2","5.5","0.0","0.0","0.0","82.8","66.4","67.2","8.0","0.0","0.0","0.0","0.0","0.0","17.0","9.1","1.8"
"20221111","인천","남구","15.5","21.0","12.3","6.3","9.6","13.6","6.1","0.0","0.3","1.9","8.9","8.1","5.5","11.48","9.7","0.0","58.5","54.5","64.0","0.0","3.9","4.4","0.0","0.0","0.0","7.5","12.3","3.0"
"20221111","인천","강화군","12.7","20.3","7.0","5.3","8.2","13.1","3.2","0.0","0.0","2.0","8.6","6.7","5.5","0.0","0.0","0.0","73.6","66.5","67.0","1.9","4.0","0.0","0.0","0.0","0.0","5.4","11.3","1.9"
"20221110","인천","남구","13.0","17.5","9.4","4.7","9.8","13.7","6.2","0.0","0.0","2.3","8.2","5.6","5.6","10.42","8.87","0.0","76.0","69.6","64.1","0.1","7.1","4.3","0.0","0.0","0.0","6.1","10.8","3.0"
"20221110","인천","강화군","10.7","17.7","5.4","3.5","8.3","13.3","3.3","0.0","0.2","2.2","6.7","4.2","5.5","0.0","0.0","0.0","87.6","81.3","66.6","4.4","7.3","0.0","0.0","0.0","0.0","4.9","8.5","1.9"
"20221109","인천","남구","11.4","14.4","8.3","5.0","10.1","14.1","6.6","0.0","13.3","2.5","5.6","0.6","5.2","9.82","3.25","0.0","80.4","79.4","65.1","5.6","8.3","4.6","0.0","0.0","0.0","5.1","11.8","2.9"
"20221109","인천","강화군","8.8","13.9","5.2","5.5","8.7","13.6","3.7","0.0","0.1","2.6","0.4","0.3","5.2","0.0","0.0","0.0","96.0","75.1","67.0","8.4","7.6","0.0","0.0","0.0","0.0","3.7","11.3","1.9"
"20221108","인천","남구","12.6","16.8","10.5","8.5","10.6","14.6","7.0","0.0","31.4","2.3","8.9","0.8","5.1","11.7","3.04","0.0","76.3","80.9","66.1","2.5","9.9","4.7","0.0","0.0","0.0","4.9","14.6","2.8"
"20221108","인천","강화군","10.0","16.7","5.6","8.4","9.2","14.2","4.1","0.0","22.8","2.3","9.2","0.2","5.1","0.0","0.0","0.0","85.5","77.3","68.1","3.9","8.5","0.0","0.0","0.0","0.0","6.0","14.9","1.8"
"20221107","인천","남구","11.7","15.7","7.2","16.4","11.0","15.2","7.2","0.0","0.0","2.4","4.2","6.9","5.3","9.35","11.12","0.0","64.4","48.8","67.1","6.4","6.8","4.5","0.0","0.0","0.0","6.0","9.6","2.7"
"20221107","인천","강화군","10.1","15.6","3.9","14.1","9.5","14.8","4.2","0.0","0.0","2.3","3.5","6.3","5.3","0.0","0.0","0.0","79.6","65.6","69.3","7.9","6.9","0.0","0.0","0.0","0.0","7.0","5.3","1.7"
"20221106","인천","남구","10.4","15.5","5.6","15.4","11.3","15.6","7.4","0.0","0.0","2.3","9.2","7.9","5.5","14.05","11.31","0.0","58.1","52.4","67.6","3.5","1.5","4.2","0.0","0.0","0.0","5.8","5.9","2.6"
"20221106","인천","강화군","7.9","14.5","1.5","11.7","9.7","15.2","4.2","0.0","0.0","2.3","9.5","7.9","5.4","0.0","0.0","0.0","75.3","71.9","70.1","2.0","2.0","0.0","0.0","0.0","0.0","6.3","3.8","1.7"
"20221105","인천","남구","8.0","12.6","2.5","13.9","11.5","16.0","7.5","0.0","0.0","1.4","9.4","8.4","6.1","14.49","11.12","0.0","48.4","68.0","67.1","0.4","0.9","3.9","0.0","0.0","0.0","5.9","4.4","2.5"
"20221105","인천","강화군","5.1","12.2","-2.1","11.1","9.8","15.5","4.1","0.0","0.0","1.6","9.8","6.9","5.9","0.0","0.0","0.0","68.1","85.5","70.3","1.0","2.9","0.0","0.0","0.0","0.0","6.9","3.2","1.6"
"20221104","인천","남구","5.0","8.8","1.8","12.6","11.5","16.0","7.4","0.0","2.4","1.2","9.6","3.6","6.4","14.95","6.21","0.0","39.5","82.8","66.2","0.3","3.1","3.6","0.0","0.0","0.0","11.1","9.4","2.5"
"20221104","인천","강화군","3.3","9.1","-1.1","10.3","9.7","15.5","3.9","0.0","1.3","1.1","9.9","3.4","6.3","0.0","0.0","0.0","48.0","93.5","70.0","0.0","6.0","0.0","0.0","0.0","0.0","13.3","6.9","1.5"
"20221103","인천","남구","9.4","12.4","5.9","12.3","11.3","15.8","7.2","0.0","0.0","1.2","0.6","7.2","6.7","4.77","10.45","0.0","55.4","67.0","64.8","7.0","4.0","3.4","0.0","0.0","0.0","9.8","5.8","2.5"
"20221103","인천","강화군","8.8","13.0","3.1","10.0","9.4","15.2","3.6","0.0","0.0","1.1","0.2","5.4","6.7","0.0","0.0","0.0","58.6","85.0","68.4","8.6","4.0","0.0","0.0","0.0","0.0","8.1","5.5","1.5"
"20221102","인천","남구","10.8","15.7","6.6","11.7","11.1","15.6","7.1","0.0","0.0","1.4","9.6","9.0","6.7","14.84","12.16","0.0","53.9","70.0","63.5","0.0","4.1","3.5","0.0","0.0","0.0","6.0","6.4","2.6"
"20221102","인천","강화군","8.7","16.0","2.2","9.6","9.4","15.2","3.5","0.0","0.0","1.2","9.8","8.3","6.6","0.0","0.0","0.0","61.1","83.6","67.1","0.0","2.4","0.0","0.0","0.0","0.0","6.0","5.5","1.6"
"20221101","인천","남구","13.2","16.7","9.6","13.0","11.1","15.6","7.0","0.0","0.0","1.3","4.2","7.7","6.9","8.84","10.98","0.0","73.0","73.4","62.1","4.0","2.8","3.4","0.0","0.0","0.0","6.8","7.5","2.6"
"20221101","인천","강화군","0.0","0.0","0.0","11.5","9.4","15.2","3.5","0.0","0.0","1.1","4.4","4.1","7.0","0.0","0.0","0.0","0.0","84.6","65.4","3.8","3.3","0.0","0.0","0.0","0.0","0.0","5.5","1.6"
"20221031","인천","남구","14.8","18.4","11.9","15.0","11.2","15.6","7.3","0.0","0.0","1.4","7.9","8.4","6.7","13.2","11.49","0.0","70.0","75.1","61.9","3.6","2.5","3.6","0.0","0.0","0.0","7.4","5.3","2.6"
"20221031","인천","강화군","0.0","0.0","0.0","12.6","9.5","15.2","3.8","0.0","0.0","1.1","6.7","6.6","6.8","0.0","0.0","0.0","0.0","87.9","65.0","5.3","3.8","0.0","0.0","0.0","0.0","0.0","4.9","1.6"
"20221030","인천","남구","14.9","20.4","11.6","15.1","11.5","16.0","7.7","0.0","0.0","1.6","9.2","3.3","6.7","13.45","7.21","0.0","67.6","58.1","62.2","1.8","5.1","3.6","0.0","0.0","0.0","5.1","7.6","2.6"
"20221030","인천","강화군","12.5","19.6","6.8","13.3","9.9","15.7","4.2","0.0","0.0","1.3","8.0","2.6","6.7","0.0","0.0","0.0","77.6","74.1","65.0","2.3","5.0","0.0","0.0","0.0","0.0","4.7","4.1","1.7"
"20221029","인천","남구","14.7","19.6","11.0","15.5","11.8","16.3","7.9","0.0","0.0","1.6","8.6","9.7","7.0","13.72","13.04","0.0","68.4","47.4","62.2","1.6","3.8","3.4","0.0","0.0","0.0","5.1","8.6","2.6"
"20221029","인천","강화군","12.4","19.6","7.2","12.1","10.2","16.1","4.4","0.0","0.0","1.4","9.0","9.2","6.8","0.0","0.0","0.0","79.0","70.4","65.3","1.8","5.4","0.0","0.0","0.0","0.0","4.3","5.6","1.7"
"20221028","인천","남구","12.8","17.8","8.5","13.7","12.1","16.5","8.3","0.0","0.0","1.3","9.2","9.9","7.2","13.18","14.56","0.0","71.9","45.0","62.4","0.8","0.0","3.2","0.0","0.0","0.0","5.2","6.3","2.6"
"20221028","인천","강화군","11.2","18.3","4.8","11.0","10.4","16.2","4.9","0.0","0.0","1.1","9.5","10.0","7.1","0.0","0.0","0.0","81.1","65.9","65.1","0.1","0.0","0.0","0.0","0.0","0.0","6.0","4.8","1.6"
"20221027","인천","남구","13.0","17.8","9.2","14.4","12.6","17.0","8.7","0.0","0.0","1.5","9.5","9.9","7.0","13.88","14.75","0.0","68.6","54.8","64.4","0.4","1.3","3.3","0.0","0.0","0.0","7.0","10.3","2.6"
"20221027","인천","강화군","11.4","17.7","5.6","13.4","10.9","16.7","5.5","0.0","0.0","1.5","8.9","9.8","6.9","0.0","0.0","0.0","79.9","61.3","66.7","2.9","1.0","0.0","0.0","0.0","0.0","6.8","9.2","1.7"
"20221026","인천","남구","12.8","17.2","8.6","14.4","13.0","17.5","9.2","0.0","0.0","1.7","6.8","9.3","7.0","12.22","11.99","0.0","54.8","70.1","65.7","5.0","5.3","3.3","0.0","0.0","0.0","4.9","5.3","2.6"
"20221026","인천","강화군","11.3","17.1","6.6","11.4","11.4","17.1","6.0","0.0","0.0","1.8","7.3","8.4","6.9","0.0","0.0","0.0","69.0","90.5","67.8","4.9","4.6","0.0","0.0","0.0","0.0","4.4","6.0","1.7"
"20221025","인천","남구","11.0","17.0","6.0","12.9","13.3","17.8","9.5","0.0","0.0","1.6","9.9","10.0","7.0","15.5","14.64","0.0","53.9","62.0","66.1","0.0","0.4","3.3","0.0","0.0","0.0","6.4","6.1","2.5"
"20221025","인천","강화군","10.0","16.3","3.9","10.4","11.7","17.4","6.3","0.0","0.0","1.8","10.1","9.6","6.9","0.0","0.0","0.0","59.6","80.9","68.4","0.1","2.0","0.0","0.0","0.0","0.0","5.2","6.8","1.7"
"20221024","인천","남구","10.1","13.2","7.4","12.6","13.7","18.2","9.9","0.0","0.0","1.6","10.0","10.1","6.7","16.37","14.92","0.0","45.5","58.8","66.4","0.0","0.4","3.6","0.0","0.0","0.0","10.2","6.3","2.5"
"20221024","인천","강화군","10.3","13.9","7.2","9.6","12.1","17.8","6.8","0.0","0.0","1.8","10.1","10.0","6.6","0.0","0.0","0.0","45.3","76.0","68.6","0.0","0.8","0.0","0.0","0.0","0.0","12.3","6.2","1.7"
"20221023","인천","남구","13.2","17.2","10.5","12.5","14.2","18.7","10.3","0.0","0.0","1.8","10.1","10.1","6.7","16.18","15.26","0.0","59.1","50.3","67.5","1.0","0.6","3.7","0.0","0.0","0.0","13.5","6.0","2.5"
"20221023","인천","강화군","13.1","17.9","9.1","9.5","12.5","18.4","7.1","0.0","0.0","1.9","10.1","10.0","6.5","0.0","0.0","0.0","58.6","69.5","69.6","1.4","1.3","0.0","0.0","0.0","0.0","11.1","5.6","1.6"
"20221022","인천","남구","15.0","19.0","11.7","11.5","14.6","19.2","10.6","0.0","0.0","1.7","9.0","10.3","6.7","14.71","15.15","0.0","79.1","46.8","68.0","4.0","0.4","3.6","0.0","0.0","0.0","6.2","8.7","2.3"
"20221022","인천","강화군","13.7","18.8","7.3","10.1","12.8","18.8","7.3","0.0","0.0","1.7","8.3","10.1","6.6","0.0","0.0","0.0","90.0","59.1","70.1","5.6","0.1","0.0","0.0","0.0","0.0","6.5","8.7","1.6"
"20221021","인천","남구","14.0","18.5","10.0","9.9","14.8","19.5","10.8","0.0","0.0","1.6","7.7","9.4","6.9","14.44","12.88","0.0","70.5","53.6","67.7","4.9","2.0","3.5","0.0","0.0","0.0","5.1","6.0","2.3"
"20221021","인천","강화군","11.3","17.8","6.4","7.3","13.0","19.1","7.4","0.0","0.0","1.5","7.2","9.3","6.8","0.0","0.0","0.0","86.9","68.8","69.9","5.9","2.9","0.0","0.0","0.0","0.0","6.1","5.8","1.6"
"20221020","인천","남구","13.3","17.8","8.4","9.3","15.0","19.8","10.8","0.0","0.0","1.3","10.2","10.3","7.1","16.26","15.75","0.0","65.6","50.8","67.5","2.1","0.3","3.3","0.0","0.0","0.0","5.3","7.1","2.2"
"20221020","인천","강화군","11.0","17.8","4.0","6.6","13.2","19.4","7.4","0.0","0.0","1.2","10.0","10.2","7.1","0.0","0.0","0.0","81.5","72.8","69.6","2.1","0.0","0.0","0.0","0.0","0.0","5.5","5.7","1.6"
"20221019","인천","남구","11.5","15.9","6.4","11.0","15.1","19.9","10.9","0.0","1.6","1.0","10.3","8.1","7.4","16.89","12.97","0.0","52.0","64.5","67.6","0.0","3.4","3.1","0.0","0.0","0.0","5.9","9.7","2.2"
"20221019","인천","강화군","8.8","16.4","1.5","10.3","13.3","19.5","7.4","0.0","0.3","0.8","10.3","8.4","7.4","0.0","0.0","0.0","71.6","70.5","69.7","0.1","3.9","0.0","0.0","0.0","0.0","10.2","10.7","1.6"
"20221018","인천","남구","9.6","13.2","6.7","10.3","15.1","20.0","11.0","0.0","5.4","1.3","10.3","5.4","7.4","17.56","10.22","0.0","45.9","51.8","67.1","0.0","5.6","3.1","0.0","0.0","0.0","11.1","9.0","2.2"
"20221018","인천","강화군","7.8","13.7","2.7","7.7","13.3","19.5","7.5","0.0","8.0","1.3","10.3","0.3","7.5","0.0","0.0","0.0","58.9","73.6","69.6","0.0","7.4","0.0","0.0","0.0","0.0","9.2","3.9","1.6"
"20221017","인천","남구","10.9","15.1","8.9","5.9","15.1","19.9","11.1","0.0","0.0","1.4","10.3","10.4","7.3","18.07","17.24","0.0","44.4","28.1","66.3","1.6","0.0","3.2","0.0","0.0","0.0","12.8","11.8","2.3"
"20221017","인천","강화군","10.7","14.7","6.1","4.9","13.3","19.4","7.5","0.0","0.0","1.3","10.3","10.3","7.4","0.0","0.0","0.0","45.4","40.9","69.1","1.0","0.3","0.0","0.0","0.0","0.0","11.1","9.8","1.6"
"20221016","인천","남구","16.3","19.2","14.8","10.5","15.2","19.8","11.2","0.0","0.0","1.2","0.5","3.4","7.4","5.96","8.82","0.0","75.6","41.0","65.9","9.0","6.5","3.3","0.0","0.0","0.0","6.4","14.9","2.4"
"20221016","인천","강화군","14.5","17.7","11.5","9.9","13.4","19.4","7.6","0.0","0.0","1.4","0.4","2.7","7.4","0.0","0.0","0.0","85.1","45.0","68.7","8.8","5.9","0.0","0.0","0.0","0.0","5.2","11.0","1.6"
"20221015","인천","남구","17.2","21.9","13.1","18.7","15.5","20.1","11.5","0.0","0.1","1.4","7.8","1.8","7.3","16.11","7.25","0.0","71.1","60.9","65.9","6.3","9.5","3.6","0.0","0.0","0.0","5.6","9.7","2.4"
"20221015","인천","강화군","15.2","21.9","10.0","18.2","13.7","19.7","7.9","0.0","0.7","1.6","7.2","1.9","7.4","0.0","0.0","0.0","76.3","70.6","68.8","7.0","9.4","0.0","0.0","0.0","0.0","4.8","9.7","1.6"
"20221014","인천","남구","16.6","21.2","13.5","19.9","15.7","20.3","11.8","0.0","0.0","1.9","5.2","10.4","7.2","13.6","16.45","0.0","74.8","65.1","65.7","7.8","4.3","3.7","0.0","0.0","0.0","6.1","6.8","2.4"
"20221014","인천","강화군","14.9","20.9","10.7","18.8","14.0","19.8","8.3","0.0","0.0","2.1","3.3","9.6","7.3","0.0","0.0","0.0","85.6","80.4","68.3","9.1","5.4","0.0","0.0","0.0","0.0","6.5","6.0","1.6"
"20221013","인천","남구","16.6","21.7","12.3","19.5","16.0","20.6","12.1","0.0","0.0","1.5","10.0","10.1","7.3","17.26","15.26","0.0","66.6","61.0","65.8","3.4","3.8","3.7","0.0","0.0","0.0","5.7","7.7","2.4"
"20221013","인천","강화군","14.8","21.2","9.2","18.1","14.3","20.2","8.7","0.0","0.0","1.7","10.0","9.4","7.5","0.0","0.0","0.0","79.8","74.1","67.8","2.9","2.6","0.0","0.0","0.0","0.0","5.5","7.0","1.6"
"20221012","인천","남구","13.7","19.3","7.8","17.9","16.3","20.9","12.5","0.0","0.0","1.6","10.4","2.7","7.1","17.61","8.46","0.0","65.3","57.1","66.8","0.0","7.3","3.9","0.0","0.0","0.0","4.7","9.2","2.3"
"20221012","인천","강화군","11.2","19.1","4.5","17.7","14.7","20.6","9.1","0.0","0.0","1.6","10.5","3.3","7.4","0.0","0.0","0.0","79.4","68.3","68.6","0.3","4.9","0.0","0.0","0.0","0.0","4.0","7.1","1.6"
"20221011","인천","남구","11.1","15.8","7.2","15.0","16.7","21.3","12.8","0.0","0.4","1.9","10.6","3.1","7.1","18.15","8.42","0.0","61.5","63.0","67.3","0.6","8.4","4.0","0.0","0.0","0.0","10.3","9.9","2.3"
"20221011","인천","강화군","9.9","16.7","4.4","13.7","15.0","21.0","9.5","0.0","1.0","1.9","10.6","2.6","7.2","0.0","0.0","0.0","73.6","79.6","69.2","1.8","7.9","0.0","0.0","0.0","0.0","8.0","7.3","1.6"
"20221010","인천","남구","9.8","11.8","8.5","19.8","16.9","21.5","13.0","2.9","7.0","1.8","2.2","0.4","7.3","9.41","2.73","0.0","69.1","80.0","67.8","8.3","9.8","3.8","0.0","0.0","0.0","16.7","9.3","2.3"
"20221010","인천","강화군","9.4","12.6","8.1","19.2","15.3","21.2","9.8","0.3","9.8","1.7","2.7","0.0","7.4","0.0","0.0","0.0","73.4","90.3","69.4","8.1","9.1","0.0","0.0","0.0","0.0","13.9","7.6","1.6"
"20221009","인천","남구","12.9","15.4","11.2","21.6","17.2","21.8","13.3","17.3","0.0","1.4","0.0","2.5","7.2","2.47","7.33","0.0","80.5","73.1","68.7","9.1","6.9","4.0","0.0","0.0","0.0","16.8","6.5","2.3"
"20221009","인천","강화군","12.7","14.4","9.3","20.0","15.5","21.4","10.1","30.9","0.0","1.3","0.0","1.7","7.2","0.0","0.0","0.0","90.3","91.6","70.4","8.9","7.5","0.0","0.0","0.0","0.0","16.8","4.7","1.6"
"20221008","인천","남구","16.2","21.3","11.6","19.3","17.4","21.9","13.5","0.0","1.8","1.8","8.6","0.0","7.4","17.71","3.83","0.0","57.0","80.5","68.7","4.0","9.5","3.9","0.0","0.0","0.0","6.8","5.9","2.3"
"20221008","인천","강화군","13.5","20.0","7.3","18.1","15.7","21.6","10.2","0.0","0.9","1.5","6.6","0.0","7.2","0.0","0.0","0.0","73.9","98.1","70.6","3.5","9.4","0.0","0.0","0.0","0.0","4.4","2.8","1.6"
"20221007","인천","남구","13.6","17.2","10.7","19.5","17.5","22.1","13.5","0.0","4.6","1.6","10.2","0.9","7.8","18.61","5.7","0.0","57.0","77.0","67.8","2.6","9.6","3.8","0.0","0.0","0.0","10.4","6.8","2.2"
"20221007","인천","강화군","12.9","17.8","7.5","17.8","15.8","21.7","10.2","0.0","4.8","1.4","10.8","0.4","7.5","0.0","0.0","0.0","57.8","95.1","69.9","1.6","7.1","0.0","0.0","0.0","0.0","9.7","5.1","1.6"
"20221006","인천","남구","15.5","19.2","11.9","19.6","17.5","22.2","13.5","0.0","1.1","1.3","5.3","0.3","7.8","13.04","4.34","0.0","72.5","81.8","67.4","7.8","8.9","3.9","0.0","0.0","0.0","7.1","6.7","2.3"
"20221006","인천","강화군","15.0","19.0","11.1","17.5","15.9","21.8","10.3","0.0","1.7","1.2","6.1","0.1","7.7","0.0","0.0","0.0","76.5","98.3","69.4","7.4","7.4","0.0","0.0","0.0","0.0","6.1","5.9","1.6"
"20221005","인천","남구","15.5","18.8","12.3","23.2","17.6","22.1","13.7","0.0","0.0","1.7","8.4","3.4","7.4","17.17","10.1","0.0","69.3","77.5","67.5","7.1","8.9","4.2","0.0","0.0","0.0","7.1","10.7","2.3"
"20221005","인천","강화군","14.9","19.7","11.7","22.8","16.1","21.8","10.6","0.0","0.0","1.9","5.9","1.6","7.3","0.0","0.0","0.0","78.3","89.6","69.3","7.9","8.5","0.0","0.0","0.0","0.0","5.3","13.5","1.7"
"20221004","인천","남구","17.0","22.2","12.6","23.5","17.7","22.2","13.9","7.0","1.8","2.1","7.1","0.0","7.3","15.98","3.96","0.0","75.1","72.4","68.2","8.3","9.6","4.2","0.0","0.0","0.0","14.5","14.1","2.4"
"20221004","인천","강화군","16.5","21.3","12.5","23.4","16.2","21.9","10.8","6.6","20.8","3.3","6.4","0.0","7.3","0.0","0.0","0.0","74.8","89.5","69.6","7.6","9.1","0.0","0.0","0.0","0.0","10.7","13.0","1.7"
"20221003","인천","남구","21.9","22.8","19.2","22.7","17.9","22.4","14.1","57.1","0.0","2.0","0.0","8.8","6.8","0.96","16.23","0.0","96.1","64.3","69.5","10.0","4.5","4.4","0.0","0.0","0.0","17.9","7.8","2.3"
"20221003","인천","강화군","20.6","23.4","16.6","21.1","16.4","22.0","11.2","100.2","0.0","3.3","0.0","6.0","7.0","0.0","0.0","0.0","100.0","83.4","70.7","8.5","5.1","0.0","0.0","0.0","0.0","15.5","8.2","1.6"
"20221002","인천","남구","20.0","23.2","17.6","21.3","18.2","22.5","14.5","17.8","0.0","2.8","0.0","8.8","6.6","5.48","16.62","0.0","74.6","69.4","70.7","9.9","2.6","4.5","0.0","0.0","0.0","13.1","8.6","2.3"
"20221002","인천","강화군","18.2","21.9","14.2","18.5","16.7","22.2","11.7","44.8","0.0","3.6","0.0","10.7","6.8","0.0","0.0","0.0","89.8","89.4","71.7","9.6","1.1","0.0","0.0","0.0","0.0","5.5","5.9","1.6"
"20221001","인천","남구","19.6","22.8","15.4","21.2","18.5","22.8","14.9","0.0","7.8","3.3","6.0","10.0","6.2","15.52","17.29","0.0","74.6","70.6","71.6","6.4","3.9","4.6","0.0","0.0","0.0","4.5","18.2","2.2"
"20221001","인천","강화군","16.9","24.3","9.8","20.0","17.0","22.5","12.1","0.0","1.5","4.0","5.3","9.4","6.5","0.0","0.0","0.0","84.3","80.4","72.6","6.4","4.7","0.0","0.0","0.0","0.0","5.0","8.9","1.6"
"20220930","인천","남구","19.8","25.0","16.5","20.8","18.8","23.0","15.3","0.0","0.0","3.0","10.6","10.8","6.0","18.03","18.5","0.0","80.5","78.1","71.3","1.3","0.0","4.9","0.0","0.0","0.0","5.3","7.6","2.2"
"20220930","인천","강화군","17.0","24.8","11.6","18.8","17.3","22.7","12.4","0.0","0.0","3.4","7.2","6.4","6.3","0.0","0.0","0.0","85.0","92.1","72.8","3.9","3.4","0.0","0.0","0.0","0.0","5.3","4.5","1.6"
"20220929","인천","남구","19.7","23.7","16.7","20.2","19.1","23.4","15.5","0.0","9.7","2.8","9.7","0.4","6.0","18.73","3.83","0.0","80.1","85.5","70.7","2.9","7.0","4.8","0.0","0.0","0.0","6.0","10.0","2.0"
"20220929","인천","강화군","17.7","23.8","12.5","19.4","17.6","23.1","12.7","0.0","8.3","2.4","7.5","0.3","6.4","0.0","0.0","0.0","88.9","96.4","72.5","3.8","7.3","0.0","0.0","0.0","0.0","5.2","9.4","1.5"
"20220928","인천","남구","20.1","24.5","17.2","21.3","19.4","23.8","15.8","0.0","3.5","2.5","5.1","0.5","6.5","12.67","6.69","0.0","76.8","71.0","69.6","4.9","9.9","4.7","0.0","0.0","0.0","6.4","7.2","2.0"
"20220928","인천","강화군","17.5","23.7","13.3","19.5","17.9","23.5","13.0","0.0","3.7","2.4","5.3","0.1","6.6","0.0","0.0","0.0","92.0","90.3","71.8","6.4","8.9","0.0","0.0","0.0","0.0","4.5","4.9","1.5"
"20220927","인천","남구","20.4","25.8","15.9","21.9","19.6","24.1","16.0","0.0","0.0","1.7","10.8","2.6","6.6","19.4","9.68","0.0","71.8","56.1","69.5","0.6","9.4","4.7","0.0","0.0","0.0","6.1","7.2","2.0"
"20220927","인천","강화군","17.7","25.7","11.6","20.3","18.1","23.8","13.1","0.0","0.0","2.0","10.6","0.8","6.8","0.0","0.0","0.0","83.9","74.5","71.7","0.9","9.9","0.0","0.0","0.0","0.0","5.1","4.4","1.5"
"20220926","인천","남구","19.8","24.5","16.6","22.9","19.9","24.4","16.3","0.0","0.0","1.9","9.3","7.3","6.8","17.84","14.62","0.0","63.8","57.8","70.3","6.8","7.5","4.6","0.0","0.0","0.0","6.0","7.1","2.0"
"20220926","인천","강화군","17.7","24.9","12.2","20.8","18.3","24.1","13.4","0.0","0.0","2.2","9.7","8.3","7.0","0.0","0.0","0.0","77.6","76.4","72.2","5.1","7.9","0.0","0.0","0.0","0.0","4.8","4.5","1.5"
"20220925","인천","남구","20.0","24.0","17.0","21.7","20.1","24.7","16.4","0.0","0.0","1.9","7.9","0.2","7.3","17.53","7.03","0.0","67.4","63.4","70.5","6.8","8.8","4.3","0.0","0.0","0.0","5.7","7.9","2.0"
"20220925","인천","강화군","17.0","23.8","12.8","20.1","18.5","24.4","13.5","0.0","0.0","2.2","7.3","0.0","7.5","0.0","0.0","0.0","83.5","80.6","72.3","6.8","8.6","0.0","0.0","0.0","0.0","5.4","5.8","1.5"
"20220924","인천","남구","18.7","23.1","13.6","22.3","20.2","24.8","16.4","0.0","0.0","1.7","10.2","10.9","7.5","20.89","16.08","0.0","63.4","59.9","70.2","3.8","2.3","4.1","0.0","0.0","0.0","8.1","6.9","2.1"
"20220924","인천","강화군","17.0","22.9","10.6","19.9","18.5","24.4","13.5","0.0","0.0","1.7","10.3","10.7","7.7","0.0","0.0","0.0","81.6","79.0","72.0","2.9","2.4","0.0","0.0","0.0","0.0","6.7","5.5","1.6"
"20220923","인천","남구","17.8","21.2","14.8","21.4","20.2","24.7","16.4","4.3","0.0","3.8","7.2","11.1","7.3","16.03","17.26","0.0","67.4","63.0","70.8","2.6","2.6","4.2","0.0","0.0","0.0","15.7","11.0","2.0"
"20220923","인천","강화군","16.8","21.2","11.4","20.0","18.6","24.4","13.5","1.9","0.0","2.4","6.9","10.1","7.6","0.0","0.0","0.0","75.4","73.6","72.5","2.5","3.1","0.0","0.0","0.0","0.0","15.5","7.9","1.6"
"20220922","인천","남구","19.7","23.4","15.4","20.8","20.3","24.8","16.6","0.0","7.0","4.8","8.9","9.2","7.0","18.99","14.72","0.0","58.1","70.8","70.7","5.3","3.3","4.5","0.0","0.0","0.0","6.8","11.5","2.1"
"20220922","인천","강화군","18.4","23.4","13.2","19.9","18.7","24.4","13.8","0.0","0.0","3.3","9.5","7.6","7.2","0.0","0.0","0.0","72.9","82.9","72.5","4.1","3.6","0.0","0.0","0.0","0.0","6.0","11.4","1.7"
"20220921","인천","남구","18.6","23.3","13.2","21.8","20.5","24.9","16.8","0.0","74.6","4.9","10.4","6.9","7.0","19.71","15.08","0.0","57.3","77.5","70.1","0.3","7.4","4.5","0.0","0.0","0.0","7.7","11.6","2.1"
"20220921","인천","강화군","16.2","23.3","8.1","21.5","18.9","24.5","13.9","0.0","79.6","3.4","11.3","5.7","7.2","0.0","0.0","0.0","71.4","85.9","71.9","0.0","6.3","0.0","0.0","0.0","0.0","5.8","12.7","1.7"
"20220920","인천","남구","19.1","23.6","15.3","23.8","20.7","25.1","17.0","0.0","0.3","5.7","9.6","10.2","7.0","18.44","18.14","0.0","51.4","53.1","70.3","2.9","5.9","4.6","0.0","0.0","0.0","7.3","11.3","2.2"
"20220920","인천","강화군","18.2","23.4","12.8","22.8","19.2","24.7","14.2","0.0","5.5","5.3","9.7","8.4","7.0","0.0","0.0","0.0","50.8","71.4","71.6","2.5","6.4","0.0","0.0","0.0","0.0","9.7","6.8","1.8"
"20220919","인천","남구","23.2","27.8","18.6","24.2","21.0","25.3","17.4","0.0","0.0","6.7","8.0","4.9","6.8","19.12","13.62","0.0","62.9","57.3","70.7","5.4","6.4","4.8","0.0","0.0","0.0","13.7","6.5","2.2"
"20220919","인천","강화군","22.9","26.5","18.3","22.1","19.6","25.0","14.7","0.0","0.0","6.1","9.4","0.5","6.7","0.0","0.0","0.0","58.0","80.8","71.8","4.9","8.3","0.0","0.0","0.0","0.0","13.2","4.2","1.8"
"20220918","인천","남구","25.8","30.7","22.0","23.8","21.3","25.6","17.7","0.0","0.0","5.3","8.3","11.3","6.8","18.56","18.9","0.0","74.1","58.9","70.6","6.3","2.4","4.8","0.0","0.0","0.0","10.5","7.3","2.3"
"20220918","인천","강화군","25.2","30.3","19.7","22.2","20.0","25.3","15.2","0.0","0.0","6.4","10.2","10.5","6.9","0.0","0.0","0.0","78.3","74.9","71.2","4.9","3.6","0.0","0.0","0.0","0.0","9.4","5.9","1.8"
"20220917","인천","남구","24.5","28.2","22.4","23.8","21.6","25.9","17.9","0.5","0.0","4.8","6.5","7.9","7.1","16.66","18.1","0.0","84.4","50.4","71.0","7.0","4.6","4.7","0.0","0.0","0.0","6.2","10.3","2.2"
"20220917","인천","강화군","23.7","27.9","20.4","22.7","20.3","25.6","15.5","0.0","0.0","5.8","7.0","9.0","7.0","0.0","0.0","0.0","91.3","67.6","71.3","4.9","4.1","0.0","0.0","0.0","0.0","5.3","7.7","1.8"
"20220916","인천","남구","25.3","29.5","22.5","23.4","21.8","26.0","18.2","14.9","0.0","4.3","1.7","9.0","7.0","10.74","18.43","0.0","75.1","47.1","71.7","9.3","5.6","4.9","0.0","0.0","0.0","13.1","9.0","2.2"
"20220916","인천","강화군","23.8","28.3","21.7","21.5","20.5","25.8","15.9","6.4","0.0","4.9","0.4","9.4","6.9","0.0","0.0","0.0","90.8","68.4","71.8","7.8","5.0","0.0","0.0","0.0","0.0","7.0","6.9","1.8"
"20220915","인천","남구","25.6","28.1","22.3","24.0","21.8","26.1","18.3","0.0","0.0","4.7","2.3","10.8","6.9","12.06","20.07","0.0","60.3","44.4","72.6","8.4","1.0","5.0","0.0","0.0","0.0","9.1","11.6","2.1"
"20220915","인천","강화군","23.7","27.5","20.0","22.5","20.6","25.9","16.0","0.0","0.0","4.2","1.6","11.1","7.0","0.0","0.0","0.0","74.3","64.0","72.7","8.3","1.3","0.0","0.0","0.0","0.0","6.2","8.4","1.7"
"20220914","인천","남구","24.4","27.8","22.3","25.2","21.9","26.1","18.4","0.0","0.0","4.1","0.9","10.5","6.5","9.37","20.28","0.0","55.3","48.6","73.6","8.8","2.5","5.3","0.0","0.0","0.0","13.2","8.5","2.0"
"20220914","인천","강화군","23.3","26.9","21.5","23.5","20.6","25.8","16.1","0.0","0.0","4.0","1.6","11.4","6.6","0.0","0.0","0.0","64.0","73.1","73.4","9.3","1.8","0.0","0.0","0.0","0.0","9.6","8.4","1.7"
"20220913","인천","남구","24.3","27.0","21.6","25.0","22.0","26.0","18.5","0.0","0.0","4.2","0.1","6.9","6.3","8.68","16.16","0.0","71.3","56.0","74.4","9.8","7.1","5.5","0.0","0.0","0.0","7.2","7.3","2.0"
"20220913","인천","강화군","23.4","26.7","19.1","22.8","20.7","25.8","16.3","0.0","0.0","3.5","0.0","9.4","6.4","0.0","0.0","0.0","83.9","79.1","74.5","10.0","5.6","0.0","0.0","0.0","0.0","6.4","5.9","1.7"
"20220912","인천","남구","23.2","26.3","20.0","23.8","22.1","26.1","18.7","0.0","0.0","4.7","3.3","10.5","6.2","12.96","20.67","0.0","78.1","61.8","74.8","7.8","2.3","5.5","0.0","0.0","0.0","5.2","7.4","2.0"
"20220912","인천","강화군","21.4","25.9","17.1","21.6","20.8","25.9","16.4","0.0","0.0","5.1","4.6","10.0","6.4","0.0","0.0","0.0","89.0","82.1","75.1","7.4","1.6","0.0","0.0","0.0","0.0","4.0","6.2","1.7"
"20220911","인천","남구","22.7","26.0","21.2","23.7","22.1","26.1","18.8","0.0","0.0","5.2","0.8","11.4","6.1","8.85","21.18","0.0","69.4","68.3","75.4","8.1","1.3","5.6","0.0","0.0","0.0","6.7","7.2","2.0"
"20220911","인천","강화군","20.5","22.9","18.3","21.5","20.9","25.9","16.5","0.2","0.0","7.3","0.3","6.9","6.3","0.0","0.0","0.0","86.0","85.6","75.7","8.9","3.0","0.0","0.0","0.0","0.0","4.8","6.3","1.7"
"20220910","인천","남구","23.7","28.1","20.3","23.6","22.4","26.3","19.1","0.0","0.0","4.1","6.6","9.2","6.3","17.81","19.27","0.0","43.8","71.9","75.1","7.9","4.6","5.7","0.0","0.0","0.0","7.3","6.0","2.1"
"20220910","인천","강화군","20.8","28.2","15.6","21.5","21.1","26.1","16.8","0.0","0.0","6.3","7.9","8.1","6.5","0.0","0.0","0.0","70.5","88.9","75.5","8.1","2.9","0.0","0.0","0.0","0.0","5.4","5.9","1.7"
"20220909","인천","남구","24.1","28.7","19.3","23.0","22.5","26.5","19.3","0.0","0.0","4.7","9.9","10.1","6.7","22.32","18.0","0.0","67.6","75.0","75.2","4.6","7.0","5.4","0.0","0.0","0.0","6.7","5.6","2.1"
"20220909","인천","강화군","22.0","28.7","16.4","21.0","21.3","26.3","17.0","0.0","0.0","6.6","10.4","6.2","6.9","0.0","0.0","0.0","77.4","90.6","75.6","3.5","5.9","0.0","0.0","0.0","0.0","4.0","5.0","1.7"
"20220908","인천","남구","22.4","26.8","18.7","22.2","22.7","26.7","19.4","0.0","0.0","3.9","11.0","10.0","6.8","22.72","20.7","0.0","72.6","70.1","75.5","2.0","3.8","5.3","0.0","0.0","0.0","5.8","7.3","2.1"
"20220908","인천","강화군","20.8","26.7","14.7","22.0","21.5","26.5","17.1","0.0","0.0","6.2","11.7","8.9","7.0","0.0","0.0","0.0","83.8","79.4","75.6","2.5","2.0","0.0","0.0","0.0","0.0","4.9","6.9","1.8"
"20220907","인천","남구","22.6","25.9","19.0","20.0","22.8","26.7","19.5","0.0","14.1","4.5","11.5","0.2","6.6","23.82","4.11","0.0","65.4","90.1","75.4","0.8","10.0","5.4","0.0","0.0","0.0","9.0","10.6","2.2"
"20220907","인천","강화군","21.3","26.2","14.9","19.4","21.6","26.5","17.2","0.0","21.9","5.5","11.6","0.0","6.7","0.0","0.0","0.0","71.4","98.9","75.6","0.0","8.9","0.0","0.0","0.0","0.0","7.6","8.7","1.8"
"20220906","인천","남구","20.9","25.2","16.6","21.8","23.0","27.0","19.7","25.5","15.6","5.0","9.4","0.9","6.6","21.6","8.33","0.0","77.9","63.0","74.9","3.9","9.5","5.3","0.0","0.0","0.0","14.1","10.8","2.2"
"20220906","인천","강화군","21.2","26.2","16.8","21.0","21.8","26.7","17.5","10.5","16.1","3.8","9.5","1.0","6.9","0.0","0.0","0.0","81.4","78.1","75.3","4.1","9.6","0.0","0.0","0.0","0.0","11.2","9.7","1.8"
"20220905","인천","남구","18.5","22.1","17.3","23.4","23.1","27.1","19.9","95.5","0.0","5.9","0.0","4.4","6.3","1.76","11.96","0.0","92.8","48.4","75.7","10.0","6.4","5.4","0.0","0.0","0.0","17.7","10.2","2.2"
"20220905","인천","강화군","18.3","21.1","17.2","22.1","22.0","26.8","17.7","80.9","0.0","4.4","0.0","4.0","6.5","0.0","0.0","0.0","100.0","67.1","76.1","10.0","7.5","0.0","0.0","0.0","0.0","9.4","6.6","1.7"
"20220904","인천","남구","22.9","24.9","22.1","23.8","23.4","27.3","20.3","27.1","0.0","5.9","0.0","9.1","6.2","3.75","16.7","0.0","82.5","47.1","76.0","9.8","5.6","5.5","0.0","0.0","0.0","12.0","8.5","2.2"
"20220904","인천","강화군","21.9","24.8","18.7","22.5","22.3","27.0","18.1","39.3","0.0","4.9","0.0","10.2","6.3","0.0","0.0","0.0","91.4","61.5","76.6","9.9","5.1","0.0","0.0","0.0","0.0","11.4","6.6","1.7"
"20220903","인천","남구","24.5","28.8","21.2","24.3","23.7","27.6","20.6","0.0","0.0","6.3","5.9","10.7","6.4","17.95","19.09","0.0","57.3","54.3","76.3","7.5","3.6","5.5","0.0","0.0","0.0","9.3","7.0","2.3"
"20220903","인천","강화군","23.6","29.2","19.2","23.2","22.6","27.3","18.4","0.0","0.0","5.5","8.4","11.1","6.2","0.0","0.0","0.0","66.0","69.8","77.0","6.5","2.8","0.0","0.0","0.0","0.0","7.5","7.0","1.7"
"20220902","인천","남구","25.1","29.0","21.4","23.2","23.9","27.9","20.8","0.0","1.0","5.4","10.8","2.7","6.7","23.55","11.33","0.0","57.6","63.6","76.6","4.3","8.3","5.4","0.0","0.0","0.0","7.6","6.8","2.3"
"20220902","인천","강화군","23.1","28.8","16.8","22.1","22.8","27.6","18.7","0.0","0.0","5.4","11.7","1.6","6.5","0.0","0.0","0.0","70.9","77.8","77.1","2.5","6.5","0.0","0.0","0.0","0.0","5.8","6.2","1.8"
"20220901","인천","남구","23.9","28.3","19.6","21.2","24.0","27.9","20.9","0.0","0.0","4.8","11.6","0.4","6.5","24.04","7.33","0.0","71.9","72.5","77.3","1.3","9.8","5.6","0.0","0.0","0.0","9.1","8.4","2.3"
"20220901","인천","강화군","22.5","29.1","17.1","21.1","22.9","27.7","18.9","0.0","0.7","5.2","11.9","0.1","6.3","0.0","0.0","0.0","78.0","85.3","77.7","2.4","8.3","0.0","0.0","0.0","0.0","6.5","7.2","1.8"
"20220831","인천","남구","21.5","24.9","18.8","20.4","24.1","28.0","21.0","0.0","82.7","5.7","2.1","0.0","6.4","10.65","1.84","0.0","81.8","83.5","77.8","6.8","9.9","5.8","0.0","0.0","0.0","5.5","11.6","2.4"
"20220831","인천","강화군","21.7","26.4","19.4","19.7","23.1","27.8","19.1","0.0","43.4","5.3","4.9","0.0","6.1","0.0","0.0","0.0","85.3","99.0","77.8","7.1","8.8","0.0","0.0","0.0","0.0","6.7","8.6","1.8"
"20220830","인천","남구","19.0","20.6","18.0","24.0","24.2","28.0","21.1","34.1","0.0","7.1","0.0","2.1","6.5","3.15","11.71","0.0","92.8","70.8","78.3","9.9","7.9","5.7","0.0","0.0","0.0","7.5","5.4","2.4"
"20220830","인천","강화군","18.5","20.0","17.5","22.7","23.1","27.7","19.1","22.9","0.0","6.2","0.0","0.7","6.3","0.0","0.0","0.0","99.0","90.1","78.1","9.6","7.5","0.0","0.0","0.0","0.0","6.6","4.2","1.8"
"20220829","인천","남구","20.8","22.5","19.1","23.1","24.2","27.9","21.2","1.0","1.0","8.9","0.0","3.5","6.2","6.0","10.96","0.0","70.3","75.4","78.4","10.0","8.9","5.9","0.0","0.0","0.0","9.8","6.5","2.4"
"20220829","인천","강화군","19.8","22.4","18.3","22.7","23.2","27.7","19.2","2.2","0.7","6.7","0.0","0.4","6.1","0.0","0.0","0.0","86.5","92.9","78.0","9.6","8.8","0.0","0.0","0.0","0.0","4.9","5.1","1.9"
"20220828","인천","남구","22.4","27.0","16.9","23.4","24.2","28.0","21.4","0.0","0.0","9.7","11.7","6.2","6.0","25.52","16.9","0.0","57.8","74.0","78.5","4.8","7.6","6.1","0.0","0.0","0.0","6.6","7.4","2.4"
"20220828","인천","강화군","20.2","27.0","13.0","23.3","23.3","27.7","19.4","0.0","0.0","7.4","11.2","5.7","6.0","0.0","0.0","0.0","69.4","89.9","78.1","4.1","8.3","0.0","0.0","0.0","0.0","5.6","7.3","1.8"
"20220827","인천","남구","21.4","24.6","18.5","22.3","24.3","28.0","21.5","0.0","0.6","11.3","11.6","0.0","6.0","26.09","2.98","0.0","55.3","69.5","79.0","2.9","9.8","6.2","0.0","0.0","0.0","11.4","6.8","2.4"
"20220827","인천","강화군","21.1","24.4","16.3","21.1","23.3","27.7","19.5","0.2","1.4","9.4","11.9","0.0","6.0","0.0","0.0","0.0","59.5","96.5","78.5","1.4","9.4","0.0","0.0","0.0","0.0","9.6","3.3","1.8"
"20220826","인천","남구","23.7","26.5","21.0","25.0","24.4","28.0","21.6","0.0","0.0","11.7","9.2","1.7","5.9","21.86","10.02","0.0","74.5","79.9","78.6","5.9","8.9","6.2","0.0","0.0","0.0","8.0","10.3","2.4"
"20220826","인천","강화군","22.7","26.6","18.3","24.6","23.3","27.7","19.5","0.0","0.0","10.2","8.8","0.3","6.1","0.0","0.0","0.0","85.5","95.8","78.4","5.3","8.8","0.0","0.0","0.0","0.0","7.5","9.5","1.9"
"20220825","인천","남구","22.4","23.5","21.2","24.9","24.5","28.1","21.7","1.6","0.1","11.2","0.0","5.3","5.7","5.03","12.78","0.0","74.1","76.0","78.5","8.6","7.1","6.4","0.0","0.0","0.0","6.7","8.6","2.4"
"20220825","인천","강화군","21.5","24.0","19.4","24.1","23.5","27.9","19.6","0.7","1.4","10.0","0.0","2.2","6.0","0.0","0.0","0.0","86.8","94.5","78.5","8.4","6.6","0.0","0.0","0.0","0.0","7.4","5.4","1.9"
"20220824","인천","남구","24.5","27.7","21.6","23.7","24.7","28.3","21.9","0.0","8.2","9.1","2.8","1.2","5.9","13.87","7.85","0.0","65.9","80.9","78.4","5.9","10.0","6.4","0.0","0.0","0.0","8.1","13.2","2.4"
"20220824","인천","강화군","23.1","27.8","19.2","23.5","23.6","28.1","19.7","0.0","11.0","9.1","2.9","0.2","6.2","0.0","0.0","0.0","76.0","96.9","78.4","7.4","8.8","0.0","0.0","0.0","0.0","6.0","9.8","1.9"
"20220823","인천","남구","24.4","27.9","22.0","22.6","24.8","28.4","22.0","2.8","12.2","8.6","7.4","0.0","6.0","21.45","4.08","0.0","72.3","78.5","78.7","5.1","9.5","6.3","0.0","0.0","0.0","9.4","10.4","2.4"
"20220823","인천","강화군","23.8","27.7","20.7","22.2","23.7","28.1","20.0","2.1","7.2","8.4","8.4","0.3","6.1","0.0","0.0","0.0","76.9","94.8","78.6","4.3","9.9","0.0","0.0","0.0","0.0","10.0","5.9","1.9"
"20220822","인천","남구","26.2","28.6","23.7","24.4","25.1","28.7","22.2","0.0","0.0","8.3","3.6","0.8","6.1","15.69","10.22","0.0","78.0","72.6","78.5","8.6","8.0","6.2","0.0","0.0","0.0","8.0","8.4","2.4"
"20220822","인천","강화군","24.5","29.2","21.6","23.9","24.0","28.4","20.2","4.4","0.2","8.4","1.9","2.1","6.1","0.0","0.0","0.0","89.1","89.9","78.3","7.8","7.8","0.0","0.0","0.0","0.0","8.1","6.7","1.9"
"20220821","인천","남구","27.0","30.1","24.7","23.7","25.2","28.8","22.4","0.0","59.6","7.8","9.0","1.6","6.1","22.34","6.65","0.0","78.9","75.1","78.9","2.8","9.0","6.2","0.0","0.0","0.0","5.9","15.5","2.3"
"20220821","인천","강화군","25.7","30.2","22.2","22.9","24.2","28.5","20.5","0.0","46.8","7.7","8.8","0.4","5.9","0.0","0.0","0.0","90.4","94.3","78.7","2.0","7.9","0.0","0.0","0.0","0.0","5.4","8.3","2.0"
"20220820","인천","남구","26.7","29.5","24.2","25.6","25.4","29.1","22.7","0.0","4.5","6.5","9.4","7.9","6.1","21.29","17.39","0.0","82.1","63.6","79.0","2.9","6.3","6.3","0.0","0.0","0.0","6.6","8.8","2.2"
"20220820","인천","강화군","26.3","30.1","23.0","24.4","24.4","28.7","20.9","0.0","2.1","6.3","9.2","5.1","5.7","0.0","0.0","0.0","87.5","80.5","78.6","2.9","6.9","0.0","0.0","0.0","0.0","6.9","6.6","1.9"
"20220819","인천","남구","25.7","27.5","23.6","25.6","25.5","29.2","22.9","11.3","0.0","6.4","0.2","11.3","6.1","5.73","22.24","0.0","86.4","51.1","79.4","9.5","3.3","6.2","0.0","0.0","0.0","12.8","8.3","2.2"
"20220819","인천","강화군","25.1","26.8","21.1","24.3","24.6","28.8","21.1","15.9","0.0","6.1","0.0","11.5","5.7","0.0","0.0","0.0","97.1","67.4","79.1","9.0","2.5","0.0","0.0","0.0","0.0","11.7","8.4","1.9"
"20220818","인천","남구","25.0","27.6","22.9","23.7","25.6","29.3","23.0","0.0","7.4","5.8","7.5","4.9","6.0","19.99","12.34","0.0","76.5","64.8","79.7","6.0","5.0","6.3","0.0","0.0","0.0","7.3","9.6","2.1"
"20220818","인천","강화군","23.6","28.5","19.7","23.6","24.7","29.0","21.2","0.0","2.5","5.9","7.9","5.3","5.7","0.0","0.0","0.0","89.3","73.5","79.2","5.6","6.3","0.0","0.0","0.0","0.0","7.2","7.6","1.9"
"20220817","인천","남구","25.2","28.0","22.8","24.8","25.7","29.3","23.1","0.0","27.6","6.3","10.7","8.1","5.9","23.36","18.25","0.0","77.0","63.9","80.4","3.6","6.4","6.3","0.0","0.0","0.0","7.3","10.2","2.2"
"20220817","인천","강화군","24.0","28.5","20.0","24.8","24.8","29.1","21.4","0.0","22.4","6.6","10.8","10.1","5.7","0.0","0.0","0.0","86.9","72.8","79.7","2.9","5.8","0.0","0.0","0.0","0.0","6.2","9.4","1.9"
"20220816","인천","남구","25.0","27.6","23.0","26.6","25.9","29.5","23.3","0.0","29.5","5.4","11.0","11.7","6.1","25.95","22.37","0.0","79.9","58.5","80.8","4.0","4.5","6.2","0.0","0.0","0.0","7.1","12.1","2.2"
"20220816","인천","강화군","24.5","28.0","21.0","25.2","25.1","29.3","21.6","0.0","1.8","6.4","9.0","11.1","5.9","0.0","0.0","0.0","89.5","72.8","80.1","4.4","2.5","0.0","0.0","0.0","0.0","7.2","8.1","1.9"
"20220815","인천","남구","27.2","29.0","25.6","26.9","26.0","29.6","23.4","0.0","0.0","6.5","0.1","12.3","6.3","9.03","24.3","0.0","86.8","54.1","81.4","9.8","1.6","6.1","0.0","0.0","0.0","15.7","7.5","2.2"
"20220815","인천","강화군","27.1","28.4","25.1","25.3","25.2","29.4","21.8","8.2","0.0","7.3","0.0","11.0","6.1","0.0","0.0","0.0","95.3","66.8","80.7","8.5","1.3","0.0","0.0","0.0","0.0","20.5","6.6","1.8"
"20220814","인천","남구","26.8","30.0","24.3","26.5","26.1","29.7","23.4","1.4","0.0","8.4","4.8","5.3","6.3","18.17","15.23","0.0","86.3","52.1","81.7","8.4","6.9","6.3","0.0","0.0","0.0","9.8","8.8","2.3"
"20220814","인천","강화군","25.9","30.4","21.8","25.1","25.3","29.5","21.9","0.4","0.0","9.6","1.9","6.2","6.1","0.0","0.0","0.0","94.1","67.8","81.1","7.3","5.9","0.0","0.0","0.0","0.0","7.9","8.8","1.8"
"20220813","인천","남구","24.6","26.2","23.2","26.9","26.2","29.9","23.5","6.5","0.0","10.1","1.7","2.0","6.3","5.59","10.24","0.0","86.3","57.9","81.5","8.9","8.5","6.2","0.0","0.0","0.0","9.6","6.0","2.3"
"20220813","인천","강화군","22.9","25.3","20.5","25.6","25.4","29.7","22.0","6.3","0.0","10.6","0.1","3.0","6.2","0.0","0.0","0.0","98.8","79.4","81.3","8.1","8.0","0.0","0.0","0.0","0.0","4.0","4.9","1.8"
"20220812","인천","남구","25.1","28.1","22.3","27.1","26.3","29.9","23.6","0.0","0.0","9.1","11.9","6.9","6.3","25.43","16.42","0.0","81.8","61.6","81.2","2.8","5.6","6.3","0.0","0.0","0.0","5.9","6.3","2.3"
"20220812","인천","강화군","23.9","29.4","19.5","25.8","25.4","29.7","22.0","0.0","0.0","9.2","11.2","4.1","6.2","0.0","0.0","0.0","87.8","79.8","81.1","3.6","7.1","0.0","0.0","0.0","0.0","5.9","4.9","1.8"
"20220811","인천","남구","23.5","25.2","21.6","26.5","26.4","30.0","23.6","19.4","1.4","9.2","1.4","7.0","6.3","10.3","16.18","0.0","90.8","68.6","80.9","8.1","5.6","6.3","0.0","0.0","0.0","5.2","6.5","2.3"
"20220811","인천","강화군","23.5","27.0","21.0","25.3","25.5","29.9","22.1","3.4","0.0","10.0","2.2","6.7","6.3","0.0","0.0","0.0","94.5","80.9","80.7","5.9","6.4","0.0","0.0","0.0","0.0","5.5","5.4","1.8"
"20220810","인천","남구","22.7","25.0","20.2","27.2","26.4","30.1","23.7","6.3","0.0","9.2","3.7","12.2","6.3","15.67","24.64","0.0","90.6","59.6","80.9","9.0","4.4","6.4","0.0","0.0","0.0","6.0","8.0","2.4"
"20220810","인천","강화군","23.6","28.5","20.0","25.4","25.5","29.9","22.1","1.0","0.0","10.7","9.6","10.8","6.1","0.0","0.0","0.0","88.3","74.1","80.5","6.4","4.4","0.0","0.0","0.0","0.0","6.4","7.1","1.9"
"20220809","인천","남구","24.2","26.0","21.0","28.0","26.4","30.1","23.7","113.1","0.0","9.4","0.0","12.0","6.1","1.95","24.6","0.0","97.4","55.1","80.9","10.0","4.9","6.4","0.0","0.0","0.0","15.6","8.5","2.4"
"20220809","인천","강화군","24.1","26.2","21.1","27.9","25.6","29.9","22.2","92.4","0.0","9.6","0.0","10.3","5.9","0.0","0.0","0.0","100.0","63.8","80.5","9.5","5.5","0.0","0.0","0.0","0.0","8.5","8.3","2.0"
"20220808","인천","남구","26.2","27.8","24.4","26.2","26.5","30.0","23.8","207.8","21.5","9.9","0.0","5.1","6.0","2.02","13.36","0.0","93.0","70.4","81.1","10.0","7.6","6.3","0.0","0.0","0.0","17.6","11.1","2.5"
"20220808","인천","강화군","26.6","28.0","25.1","25.1","25.6","29.9","22.3","41.2","5.3","13.0","0.0","5.9","5.9","0.0","0.0","0.0","99.5","86.0","80.4","10.0","7.1","0.0","0.0","0.0","0.0","11.3","6.8","2.0"
"20220807","인천","남구","28.1","30.0","26.9","27.2","26.6","30.2","23.8","0.0","0.0","9.2","1.3","12.8","6.3","10.97","23.36","0.0","85.6","62.3","81.1","7.9","3.4","6.1","0.0","0.0","0.0","9.7","7.9","2.5"
"20220807","인천","강화군","27.7","30.2","25.1","25.6","25.8","30.1","22.3","1.2","0.0","12.9","0.7","10.1","6.1","0.0","0.0","0.0","95.4","77.8","80.4","8.3","4.4","0.0","0.0","0.0","0.0","12.5","5.6","1.9"
"20220806","인천","남구","27.7","30.1","26.6","27.3","26.5","30.1","23.8","0.0","0.0","10.7","1.9","8.7","6.3","12.41","19.12","0.0","88.4","62.4","81.4","7.4","7.0","6.2","0.0","0.0","0.0","7.0","11.1","2.5"
"20220806","인천","강화군","27.0","29.8","25.3","25.1","25.7","29.9","22.3","0.3","0.0","13.6","0.3","2.4","5.9","0.0","0.0","0.0","98.0","84.8","80.9","7.0","8.0","0.0","0.0","0.0","0.0","6.1","11.3","1.9"
"20220805","인천","남구","27.8","30.0","26.3","28.8","26.5","30.1","23.9","0.0","0.0","10.5","8.3","11.8","6.3","23.27","24.75","0.0","87.0","60.5","81.3","6.0","3.5","6.1","0.0","0.0","0.0","6.9","7.1","2.5"
"20220805","인천","강화군","27.5","30.2","25.2","27.5","25.7","29.9","22.4","0.9","0.0","15.0","7.0","11.0","5.9","0.0","0.0","0.0","94.4","80.8","81.1","5.3","4.0","0.0","0.0","0.0","0.0","7.6","6.8","1.9"
"20220804","인천","남구","27.3","30.0","25.3","28.1","26.6","30.2","23.9","0.0","0.0","10.5","9.4","8.6","6.4","23.36","20.23","0.0","88.1","66.8","81.3","5.1","6.5","6.1","0.0","0.0","0.0","6.6","7.2","2.6"
"20220804","인천","강화군","27.3","30.2","25.4","26.8","25.8","29.9","22.4","0.1","0.0","16.0","7.7","4.1","6.0","0.0","0.0","0.0","94.0","87.1","81.2","2.9","6.6","0.0","0.0","0.0","0.0","5.8","6.7","1.9"
"20220803","인천","남구","26.3","28.1","24.7","27.6","26.6","30.1","24.0","51.1","0.0","10.0","3.9","11.3","6.2","16.87","22.43","0.0","94.6","69.4","81.9","8.9","4.9","6.3","0.0","0.0","0.0","13.3","7.1","2.6"
"20220803","인천","강화군","26.5","28.4","25.0","26.4","25.7","29.8","22.5","31.1","0.0","13.8","0.3","9.2","5.7","0.0","0.0","0.0","99.6","86.1","81.8","8.0","5.2","0.0","0.0","0.0","0.0","8.5","5.9","2.0"
"20220802","인천","남구","25.5","26.3","24.5","25.7","26.4","29.9","24.0","148.2","0.1","11.2","0.0","3.9","5.9","2.88","11.71","0.0","95.8","76.5","82.7","10.0","6.8","6.6","0.0","0.0","0.0","17.0","7.8","2.6"
"20220802","인천","강화군","26.0","27.4","25.1","24.9","25.6","29.5","22.5","28.9","0.5","14.7","0.0","1.4","5.4","0.0","0.0","0.0","98.5","93.3","82.6","7.5","7.5","0.0","0.0","0.0","0.0","11.4","6.3","2.0"
"20220801","인천","남구","27.7","31.3","24.9","26.7","26.3","29.7","23.9","31.3","12.6","9.2","2.8","0.0","5.8","15.74","6.09","0.0","85.0","78.6","83.3","8.8","9.9","6.7","0.0","0.0","0.0","12.7","8.7","2.7"
"20220801","인천","강화군","27.5","31.9","24.9","26.1","25.5","29.4","22.5","23.3","5.9","13.5","2.3","0.0","5.2","0.0","0.0","0.0","92.4","95.4","83.1","7.1","9.1","0.0","0.0","0.0","0.0","7.7","3.8","2.0"
"20220731","인천","남구","27.2","29.6","25.2","28.2","26.2","29.6","23.8","20.7","0.0","9.9","0.1","10.9","5.6","5.5","24.24","0.0","82.4","67.0","84.0","9.8","4.1","6.8","0.0","0.0","0.0","8.4","7.2","2.6"
"20220731","인천","강화군","25.9","27.5","25.1","27.3","25.5","29.3","22.5","47.2","0.0","11.2","0.0","8.7","5.1","0.0","0.0","0.0","97.9","81.3","83.5","9.9","4.9","0.0","0.0","0.0","0.0","5.6","8.5","2.0"
"20220730","인천","남구","31.1","35.2","27.8","28.9","26.0","29.3","23.6","0.0","0.0","11.0","9.5","8.7","5.4","23.02","22.63","0.0","61.8","62.0","84.5","5.1","5.0","6.9","0.0","0.0","0.0","8.7","8.6","2.5"
"20220730","인천","강화군","28.0","34.6","25.2","27.9","25.3","29.1","22.4","10.1","0.0","12.1","8.3","7.9","4.9","0.0","0.0","0.0","87.6","75.6","84.1","6.6","5.9","0.0","0.0","0.0","0.0","7.4","8.3","1.9"
"20220729","인천","남구","29.3","32.8","26.9","28.6","25.9","29.2","23.5","0.0","0.0","11.4","8.6","10.2","5.4","23.62","21.12","0.0","71.0","61.6","84.4","3.9","4.8","7.0","0.0","0.0","0.0","7.3","6.8","2.5"
"20220729","인천","강화군","28.1","32.4","23.9","27.4","25.1","28.9","22.3","0.0","0.0","12.7","8.6","9.7","4.8","0.0","0.0","0.0","81.9","80.1","84.0","5.9","5.6","0.0","0.0","0.0","0.0","5.6","6.4","1.9"
"20220728","인천","남구","28.4","32.4","25.1","29.3","25.8","29.1","23.3","0.0","0.0","10.5","9.5","10.2","5.4","23.22","22.98","0.0","64.5","63.9","83.8","4.4","3.4","6.9","0.0","0.0","0.0","8.1","6.7","2.5"
"20220728","인천","강화군","27.5","32.6","23.6","28.5","25.0","28.8","22.1","0.0","0.0","13.1","11.0","10.1","4.9","0.0","0.0","0.0","73.1","78.8","83.6","3.9","4.0","0.0","0.0","0.0","0.0","5.8","5.9","2.0"
"20220727","인천","남구","27.8","31.2","25.1","30.0","25.7","29.1","23.2","0.0","0.0","11.7","5.4","12.7","5.2","18.93","24.79","0.0","72.6","51.9","83.8","5.8","2.8","7.0","0.0","0.0","0.0","7.1","7.1","2.5"
"20220727","인천","강화군","26.6","31.5","23.7","28.8","24.9","28.7","22.0","0.0","0.0","14.5","2.8","10.8","4.9","0.0","0.0","0.0","88.5","71.4","83.4","6.6","3.4","0.0","0.0","0.0","0.0","4.9","8.6","2.0"
"20220726","인천","남구","27.5","31.5","24.1","29.9","25.5","28.9","23.0","0.0","0.0","12.1","11.3","13.2","5.0","25.38","26.51","0.0","74.6","48.6","83.8","6.1","0.8","7.1","0.0","0.0","0.0","6.1","8.2","2.5"
"20220726","인천","강화군","26.4","31.4","21.4","28.3","24.7","28.5","21.8","0.0","0.0","16.5","9.8","12.0","4.7","0.0","0.0","0.0","85.4","66.0","83.5","5.6","2.6","0.0","0.0","0.0","0.0","5.3","6.0","2.0"
"20220725","인천","남구","25.8","29.5","22.5","30.4","25.4","28.8","22.9","0.0","0.0","11.0","12.8","12.7","5.0","28.28","26.07","0.0","79.0","49.4","83.8","1.4","4.0","7.1","0.0","0.0","0.0","6.9","8.0","2.6"
"20220725","인천","강화군","25.3","29.7","20.9","28.7","24.6","28.4","21.7","0.0","0.0","15.2","11.8","12.1","4.8","0.0","0.0","0.0","85.8","71.0","83.4","2.8","3.6","0.0","0.0","0.0","0.0","6.4","5.3","2.1"
"20220724","인천","남구","24.5","27.4","22.4","30.6","25.3","28.7","22.8","0.4","0.0","10.6","0.4","12.9","5.1","8.72","25.61","0.0","87.8","54.8","84.3","9.5","3.0","7.1","0.0","0.0","0.0","7.1","6.2","2.7"
"20220724","인천","강화군","23.7","26.4","21.4","28.8","24.5","28.4","21.6","10.4","0.0","13.8","0.5","9.8","5.0","0.0","0.0","0.0","96.4","78.4","83.6","7.8","2.4","0.0","0.0","0.0","0.0","5.1","5.8","2.1"
"20220723","인천","남구","24.2","26.7","22.5","29.8","25.2","28.6","22.8","11.6","0.0","10.2","0.1","12.9","5.1","9.17","25.36","0.0","84.5","55.1","84.5","9.0","3.0","7.3","0.0","0.0","0.0","9.0","6.5","2.7"
"20220723","인천","강화군","23.1","27.4","20.7","28.3","24.5","28.3","21.6","22.8","0.0","11.2","0.3","11.3","4.8","0.0","0.0","0.0","94.6","77.1","83.7","8.8","1.8","0.0","0.0","0.0","0.0","6.1","5.8","2.1"
"20220722","인천","남구","24.8","26.9","23.1","30.0","25.2","28.5","22.7","0.0","0.0","10.1","5.6","12.5","5.1","19.77","24.29","0.0","82.6","53.9","84.4","6.6","4.9","7.2","0.0","0.0","0.0","8.2","6.3","2.7"
"20220722","인천","강화군","23.9","26.8","21.6","28.4","24.4","28.2","21.4","7.2","0.0","10.2","3.8","11.8","4.8","0.0","0.0","0.0","93.5","77.4","83.5","5.9","3.6","0.0","0.0","0.0","0.0","6.3","5.7","2.1"
"20220721","인천","남구","23.2","26.8","20.0","30.1","25.1","28.5","22.6","12.8","0.0","10.3","1.6","13.1","5.3","11.98","24.06","0.0","83.8","63.8","84.1","8.8","3.5","7.1","0.0","0.0","0.0","12.0","5.6","2.7"
"20220721","인천","강화군","23.1","26.9","19.3","28.5","24.4","28.3","21.3","16.5","0.0","8.4","2.5","11.5","4.9","0.0","0.0","0.0","87.6","79.3","83.2","7.8","1.4","0.0","0.0","0.0","0.0","10.4","4.9","2.1"
"20220720","인천","남구","25.8","28.7","24.2","28.6","25.0","28.5","22.4","0.7","0.0","8.4","3.9","5.6","5.6","18.37","16.86","0.0","80.4","66.0","83.5","9.0","6.0","6.9","0.0","0.0","0.0","7.1","4.8","2.7"
"20220720","인천","강화군","25.0","27.8","23.2","27.2","24.3","28.2","21.2","0.3","0.0","7.3","1.4","8.1","5.0","0.0","0.0","0.0","92.4","79.6","82.7","9.6","5.0","0.0","0.0","0.0","0.0","6.0","4.1","2.1"
"20220719","인천","남구","25.8","28.4","24.0","27.7","24.7","28.1","22.1","0.0","0.0","8.2","10.1","7.0","5.4","26.18","16.23","0.0","81.1","64.9","83.2","6.1","6.5","6.9","0.0","0.0","0.0","8.5","6.8","2.6"
"20220719","인천","강화군","25.6","29.0","22.0","25.9","24.0","27.9","21.0","0.0","0.0","7.8","9.0","4.3","4.7","0.0","0.0","0.0","87.6","84.3","82.7","6.1","6.9","0.0","0.0","0.0","0.0","7.4","5.2","2.1"
"20220718","인천","남구","25.9","30.0","23.6","28.1","24.4","27.8","21.8","0.0","0.1","12.0","3.4","12.0","5.2","15.95","25.0","0.0","78.8","59.0","83.5","7.5","6.0","7.0","0.0","0.0","0.0","5.7","8.0","2.6"
"20220718","인천","강화군","25.5","29.8","21.7","26.9","23.6","27.6","20.6","0.0","0.0","11.3","5.9","9.4","4.6","0.0","0.0","0.0","85.0","81.0","83.2","5.3","5.6","0.0","0.0","0.0","0.0","5.9","6.4","2.1"
"20220717","인천","남구","24.6","27.3","22.6","27.4","24.1","27.5","21.6","0.0","2.4","13.2","5.8","10.6","4.9","22.27","18.23","0.0","83.8","61.6","84.0","7.5","4.3","7.3","0.0","0.0","0.0","7.8","8.3","2.6"
"20220717","인천","강화군","24.6","27.3","21.6","26.1","23.4","27.3","20.5","0.0","0.9","11.7","6.4","8.4","4.4","0.0","0.0","0.0","91.5","83.5","83.4","6.3","5.3","0.0","0.0","0.0","0.0","7.8","9.2","2.1"
"20220716","인천","남구","24.4","27.4","22.9","27.9","24.0","27.5","21.5","0.0","5.0","12.7","7.7","11.8","5.0","24.04","24.85","0.0","83.6","66.1","84.0","6.9","3.6","7.3","0.0","0.0","0.0","8.2","14.3","2.6"
"20220716","인천","강화군","24.4","28.2","22.0","26.7","23.3","27.2","20.3","0.0","0.9","12.3","6.7","11.5","4.6","0.0","0.0","0.0","91.8","84.8","83.3","6.9","3.9","0.0","0.0","0.0","0.0","7.6","12.3","2.1"
"20220715","인천","남구","24.3","27.0","22.1","28.5","23.8","27.2","21.4","0.0","0.0","14.7","10.9","13.4","4.7","27.06","27.06","0.0","84.6","64.4","84.7","4.3","3.8","7.5","0.0","0.0","0.0","6.7","8.6","2.6"
"20220715","인천","강화군","23.6","27.3","19.9","27.1","23.1","26.9","20.2","0.0","0.0","13.2","9.8","11.4","4.5","0.0","0.0","0.0","93.3","83.9","83.7","3.5","5.1","0.0","0.0","0.0","0.0","7.8","8.0","2.0"
"20220714","인천","남구","24.0","27.7","22.2","28.6","23.8","27.2","21.4","0.5","0.0","15.5","8.0","10.6","4.6","24.69","23.12","0.0","87.9","62.6","84.8","7.0","7.0","7.6","0.0","0.0","0.0","8.5","9.9","2.7"
"20220714","인천","강화군","24.2","28.4","21.5","27.7","23.2","26.9","20.2","1.0","0.0","14.8","3.9","6.8","4.5","0.0","0.0","0.0","91.4","81.0","83.5","6.1","6.8","0.0","0.0","0.0","0.0","6.7","9.3","2.1"
"20220713","인천","남구","24.4","27.2","23.5","28.0","23.9","27.2","21.4","168.0","0.0","12.7","0.0","4.3","4.4","1.6","14.36","0.0","93.4","65.1","84.3","10.0","7.5","7.7","0.0","0.0","0.0","15.8","8.4","2.6"
"20220713","인천","강화군","24.4","26.0","23.7","26.5","23.2","27.0","20.2","100.5","0.0","13.0","0.0","0.0","4.5","0.0","0.0","0.0","99.4","87.5","82.8","9.1","7.0","0.0","0.0","0.0","0.0","11.4","6.2","2.0"
"20220712","인천","남구","26.7","29.2","24.4","26.7","23.9","27.2","21.3","0.0","0.0","12.3","0.5","4.5","4.3","12.13","14.82","0.0","72.1","74.1","83.9","8.8","7.8","7.6","0.0","0.0","0.0","6.3","7.0","2.6"
"20220712","인천","강화군","25.1","28.3","22.1","26.1","23.2","27.1","20.1","0.0","0.0","13.4","0.1","2.6","4.6","0.0","0.0","0.0","83.5","91.3","82.3","9.1","5.4","0.0","0.0","0.0","0.0","6.2","4.9","2.0"
"20220711","인천","남구","26.7","29.2","24.3","24.6","23.8","27.1","21.2","0.0","0.0","12.6","10.2","0.0","4.3","25.61","6.67","0.0","69.9","83.6","83.5","4.0","8.6","7.5","0.0","0.0","0.0","6.1","7.0","2.5"
"20220711","인천","강화군","25.7","29.6","21.9","23.8","23.1","27.1","20.0","0.0","0.2","14.0","8.2","0.0","4.5","0.0","0.0","0.0","77.5","100.0","82.0","6.5","6.0","0.0","0.0","0.0","0.0","6.9","6.9","2.0"
"20220710","인천","남구","26.7","31.0","23.7","24.5","23.8","27.2","21.1","0.0","10.7","11.1","7.5","8.4","4.6","23.73","22.18","0.0","75.1","77.9","82.3","6.9","6.0","7.4","0.0","0.0","0.0","6.9","9.8","2.5"
"20220710","인천","강화군","25.9","31.7","21.5","23.8","23.1","27.1","19.9","0.0","0.8","13.7","7.7","1.9","4.8","0.0","0.0","0.0","78.9","95.1","81.1","5.8","6.4","0.0","0.0","0.0","0.0","8.6","8.0","2.0"
"20220709","인천","남구","25.3","28.5","22.7","24.4","23.8","27.4","21.1","0.0","0.0","9.4","9.1","11.4","5.1","24.44","24.7","0.0","82.8","71.3","81.4","6.1","5.9","7.1","0.0","0.0","0.0","6.2","7.6","2.5"
"20220709","인천","강화군","25.0","28.8","22.5","23.6","23.1","27.3","19.8","0.0","0.0","10.4","8.1","6.6","5.3","0.0","0.0","0.0","93.6","90.0","80.4","4.5","4.8","0.0","0.0","0.0","0.0","6.6","6.3","2.0"
"20220708","인천","남구","24.4","26.8","23.4","24.3","23.8","27.5","21.0","0.0","0.5","9.3","1.6","9.2","5.5","12.63","22.99","0.0","88.6","78.8","81.0","9.4","6.5","6.9","0.0","0.0","0.0","7.5","7.9","2.5"
"20220708","인천","강화군","23.9","26.3","23.2","24.1","23.0","27.3","19.6","2.2","0.0","10.0","0.2","6.0","5.5","0.0","0.0","0.0","97.5","92.1","80.0","8.8","5.0","0.0","0.0","0.0","0.0","9.3","8.2","1.9"
"20220707","인천","남구","27.6","30.0","25.0","25.0","23.7","27.4","20.8","0.5","0.2","8.6","0.5","3.6","6.1","8.67","15.5","0.0","78.5","76.5","80.8","9.0","9.9","6.5","0.0","0.0","0.0","14.8","7.1","2.5"
"20220707","인천","강화군","26.7","28.8","24.3","24.2","22.9","27.3","19.4","1.6","0.0","9.4","0.0","1.6","6.0","0.0","0.0","0.0","89.5","89.4","80.0","7.9","9.0","0.0","0.0","0.0","0.0","14.8","4.9","1.9"
"20220706","인천","남구","29.0","33.2","25.2","24.1","23.5","27.3","20.8","0.0","0.0","7.3","5.1","5.0","6.3","20.77","18.2","0.0","72.5","70.4","81.3","6.3","7.9","6.6","0.0","0.0","0.0","7.7","6.5","2.5"
"20220706","인천","강화군","27.7","33.3","23.3","23.4","22.9","27.2","19.3","0.4","0.0","8.0","5.5","6.9","6.2","0.0","0.0","0.0","85.3","82.8","80.1","7.4","6.1","0.0","0.0","0.0","0.0","5.5","6.7","2.0"
"20220705","인천","남구","27.3","31.1","24.4","22.3","23.3","27.0","20.6","0.0","0.0","7.8","10.1","3.0","6.1","24.0","14.35","0.0","74.8","73.4","82.7","5.3","7.9","6.7","0.0","0.0","0.0","7.7","7.5","2.4"
"20220705","인천","강화군","27.0","31.1","24.0","22.0","22.7","27.0","19.2","0.0","0.0","7.2","8.4","2.2","6.0","0.0","0.0","0.0","87.8","88.8","80.8","6.4","6.8","0.0","0.0","0.0","0.0","6.3","7.5","2.0"
"20220704","인천","남구","27.3","30.9","24.3","21.1","23.1","26.7","20.5","0.0","12.6","9.5","4.4","0.0","5.7","19.17","2.83","0.0","71.4","88.6","84.3","7.1","9.9","7.0","0.0","0.0","0.0","7.2","9.8","2.4"
"20220704","인천","강화군","26.8","31.2","22.4","21.1","22.6","26.7","19.2","0.0","18.0","9.0","5.6","0.0","5.6","0.0","0.0","0.0","83.5","99.8","82.2","7.4","6.4","0.0","0.0","0.0","0.0","5.5","7.7","2.0"
"20220703","인천","남구","27.1","31.3","23.0","23.5","23.0","26.5","20.5","0.0","52.7","10.8","11.5","1.0","5.3","26.99","7.38","0.0","72.6","68.1","85.1","4.6","9.3","7.3","0.0","0.0","0.0","6.3","12.2","2.5"
"20220703","인천","강화군","25.8","31.3","20.3","22.2","22.5","26.4","19.2","0.0","63.1","9.9","11.4","0.3","5.3","0.0","0.0","0.0","83.0","82.6","83.1","3.8","9.0","0.0","0.0","0.0","0.0","5.5","13.0","2.0"
"20220702","인천","남구","26.5","30.6","23.4","27.4","22.9","26.4","20.4","0.0","0.0","11.3","12.3","7.9","4.7","27.19","19.58","0.0","80.8","52.0","85.7","4.0","5.4","7.6","0.0","0.0","0.0","6.2","6.3","2.5"
"20220702","인천","강화군","25.6","30.6","21.6","25.8","22.3","26.2","19.2","0.0","0.0","10.0","8.0","6.5","4.7","0.0","0.0","0.0","88.4","74.6","83.6","3.6","5.3","0.0","0.0","0.0","0.0","4.9","6.4","2.0"
"20220701","인천","남구","25.6","28.1","23.6","25.6","22.7","26.2","20.2","0.0","0.0","12.4","11.0","10.8","4.4","27.75","20.82","0.0","86.0","67.9","85.7","4.8","3.9","7.7","0.0","0.0","0.0","9.2","8.1","2.5"
"20220701","인천","강화군","25.7","29.7","22.7","24.0","22.2","26.0","19.0","0.2","0.0","11.0","6.4","9.2","4.5","0.0","0.0","0.0","90.4","82.8","83.6","6.4","4.1","0.0","0.0","0.0","0.0","9.9","5.9","1.9"
"20220630","인천","남구","22.6","24.4","21.2","24.2","22.7","26.4","20.1","126.1","0.0","11.1","0.0","4.9","4.8","2.79","17.58","0.0","97.0","69.3","84.7","10.0","5.6","7.5","0.0","0.0","0.0","9.5","5.8","2.5"
"20220630","인천","강화군","22.2","23.9","20.9","23.2","22.1","26.1","18.9","196.8","0.0","10.3","0.0","6.2","4.8","0.0","0.0","0.0","100.0","82.8","83.1","9.5","6.1","0.0","0.0","0.0","0.0","8.4","4.7","1.9"
"20220629","인천","남구","23.7","24.5","23.1","24.2","22.6","26.3","19.9","24.9","0.0","9.1","0.0","10.5","5.2","3.66","23.7","0.0","95.8","67.8","83.7","10.0","6.3","7.2","0.0","0.0","0.0","18.4","7.3","2.5"
"20220629","인천","강화군","23.5","25.7","22.8","23.0","22.0","26.0","18.6","47.6","4.8","8.4","0.0","5.8","5.0","0.0","0.0","0.0","100.0","87.0","82.1","8.5","6.6","0.0","0.0","0.0","0.0","21.4","6.4","1.9"
"20220628","인천","남구","25.1","26.3","24.1","24.4","22.4","26.2","19.7","2.6","3.6","8.3","0.0","6.4","5.5","2.94","19.79","0.0","85.9","65.8","82.8","10.0","7.9","7.1","0.0","0.0","0.0","18.0","10.5","2.5"
"20220628","인천","강화군","25.4","26.6","24.3","23.2","21.8","26.0","18.4","6.1","0.2","7.5","0.0","4.4","5.4","0.0","0.0","0.0","91.8","84.4","81.1","9.8","8.0","0.0","0.0","0.0","0.0","21.1","5.0","2.0"
"20220627","인천","남구","25.8","27.3","24.5","24.6","22.4","26.3","19.6","2.3","0.0","7.1","0.1","11.6","6.0","5.47","21.9","0.0","83.8","60.9","81.1","10.0","6.0","6.8","0.0","0.0","0.0","18.7","7.3","2.4"
"20220627","인천","강화군","25.7","26.8","23.0","23.4","21.8","26.1","18.2","62.8","0.0","6.6","0.0","10.0","5.7","0.0","0.0","0.0","92.6","79.6","79.5","10.0","4.8","0.0","0.0","0.0","0.0","16.7","7.8","2.0"
"20220626","인천","남구","25.1","26.6","23.5","22.7","22.3","26.2","19.4","0.0","1.6","5.1","0.1","3.1","6.4","6.2","9.95","0.0","85.6","73.5","79.8","10.0","7.1","6.6","0.0","0.0","0.0","13.3","5.8","2.4"
"20220626","인천","강화군","24.9","26.3","23.2","21.3","21.6","26.0","18.0","0.0","1.1","4.9","0.0","1.4","6.1","0.0","0.0","0.0","94.5","88.9","78.4","8.4","8.3","0.0","0.0","0.0","0.0","11.2","4.7","2.0"
"20220625","인천","남구","23.7","26.4","19.9","22.5","22.1","26.0","19.2","0.0","0.0","5.4","2.4","10.7","6.3","14.89","26.36","0.0","87.3","69.4","79.3","7.6","5.0","6.5","0.0","0.0","0.0","10.1","7.5","2.5"
"20220625","인천","강화군","23.6","26.8","19.4","21.6","21.4","25.8","17.8","0.0","0.0","5.6","1.2","8.5","6.0","0.0","0.0","0.0","93.1","83.6","77.9","6.6","5.4","0.0","0.0","0.0","0.0","13.1","6.8","2.0"
"20220624","인천","남구","20.8","22.8","19.3","22.3","22.1","26.2","19.1","8.4","0.0","4.8","2.5","12.2","6.3","10.96","23.08","0.0","94.9","67.1","78.0","8.6","2.9","6.4","0.0","0.0","0.0","12.0","6.8","2.4"
"20220624","인천","강화군","21.4","25.0","20.0","21.3","21.4","26.0","17.6","0.3","0.0","4.9","1.4","8.7","6.3","0.0","0.0","0.0","98.4","85.1","77.0","6.6","4.0","0.0","0.0","0.0","0.0","9.4","6.6","2.0"
"20220623","인천","남구","22.3","25.2","20.4","22.5","22.1","26.3","19.0","92.3","0.0","3.1","0.0","10.2","6.6","3.03","21.25","0.0","92.4","63.1","77.7","9.5","3.8","6.2","0.0","0.0","0.0","16.6","6.8","2.3"
"20220623","인천","강화군","21.7","24.3","19.8","21.8","21.4","26.1","17.5","129.4","0.0","3.4","0.0","11.0","6.4","0.0","0.0","0.0","99.9","76.6","77.0","9.0","4.5","0.0","0.0","0.0","0.0","14.7","6.0","1.9"
"20220622","인천","남구","22.9","26.6","20.4","22.6","21.9","26.2","18.7","0.0","0.0","2.6","2.5","10.8","6.8","15.66","22.74","0.0","81.4","61.0","78.5","6.9","5.6","6.1","0.0","0.0","0.0","6.2","8.5","2.3"
"20220622","인천","강화군","22.2","26.2","20.1","21.3","21.2","25.9","17.3","0.0","0.0","2.8","4.6","5.6","6.5","0.0","0.0","0.0","92.3","81.6","77.6","6.9","6.4","0.0","0.0","0.0","0.0","6.6","7.6","2.0"
"20220621","인천","남구","23.2","27.8","19.6","21.3","21.9","26.2","18.7","0.0","0.0","2.3","10.5","13.2","6.8","26.94","27.64","0.0","81.0","71.9","78.4","5.5","2.9","6.2","0.0","0.0","0.0","5.1","7.2","2.2"
"20220621","인천","강화군","23.0","27.8","17.8","20.6","21.1","26.0","17.2","0.0","0.0","2.4","10.8","10.9","6.4","0.0","0.0","0.0","86.9","87.1","77.6","3.1","2.4","0.0","0.0","0.0","0.0","6.5","6.7","2.0"
"20220620","인천","남구","23.4","27.6","21.0","21.3","21.8","26.3","18.6","0.0","0.0","2.7","6.2","11.2","6.8","19.79","24.06","0.0","81.8","72.5","78.0","5.0","5.0","6.2","0.0","0.0","0.0","5.9","10.4","2.2"
"20220620","인천","강화군","22.7","27.3","19.1","20.1","21.1","25.9","17.1","0.2","0.0","2.3","3.1","4.0","6.5","0.0","0.0","0.0","92.3","90.6","77.2","5.6","5.8","0.0","0.0","0.0","0.0","5.3","8.4","1.9"
"20220619","인천","남구","22.4","24.3","21.2","20.5","21.7","26.1","18.5","0.0","0.0","3.1","0.0","12.8","6.8","9.3","27.54","0.0","83.6","73.5","77.6","9.0","3.1","6.2","0.0","0.0","0.0","5.1","6.5","2.2"
"20220619","인천","강화군","21.8","24.2","20.5","19.1","20.9","25.7","17.0","0.3","0.0","3.0","0.0","9.5","6.6","0.0","0.0","0.0","95.1","87.9","76.8","5.9","3.3","0.0","0.0","0.0","0.0","4.7","6.3","1.9"
"20220618","인천","남구","22.0","24.5","20.5","18.8","21.6","26.1","18.3","0.0","12.1","3.0","1.8","0.0","7.1","11.93","6.45","0.0","82.9","88.0","76.1","8.8","10.0","6.0","0.0","0.0","0.0","9.4","8.4","2.2"
"20220618","인천","강화군","21.6","24.6","19.1","19.3","20.9","25.7","16.7","0.0","19.0","2.9","0.2","1.5","7.0","0.0","0.0","0.0","94.1","98.5","75.4","7.1","8.8","0.0","0.0","0.0","0.0","6.0","9.0","1.9"
"20220617","인천","남구","21.2","25.1","17.3","21.2","21.7","26.1","18.3","0.0","0.1","2.5","0.1","0.0","7.4","13.56","7.12","0.0","79.9","68.3","74.5","7.8","9.4","5.8","0.0","0.0","0.0","6.4","7.7","2.2"
"20220617","인천","강화군","20.1","25.2","14.2","20.7","20.8","25.8","16.6","0.0","0.2","2.7","1.3","0.0","7.3","0.0","0.0","0.0","90.6","80.0","74.0","5.0","10.0","0.0","0.0","0.0","0.0","5.4","4.6","1.9"
"20220616","인천","남구","19.2","22.3","17.0","24.6","21.6","26.1","18.2","2.7","0.0","3.0","8.5","11.5","7.7","24.66","24.9","0.0","78.5","47.5","73.7","3.9","3.1","5.6","0.0","0.0","0.0","8.4","13.0","2.2"
"20220616","인천","강화군","18.6","23.3","14.7","24.1","20.8","25.8","16.4","0.0","0.0","3.2","8.2","11.1","7.8","0.0","0.0","0.0","86.8","63.9","73.2","3.5","4.8","0.0","0.0","0.0","0.0","8.3","9.5","1.8"
"20220615","인천","남구","17.3","20.0","14.9","21.9","21.4","26.0","18.0","19.7","1.6","2.6","0.0","2.8","7.9","6.18","7.42","0.0","90.5","69.4","73.8","10.0","6.6","5.5","0.0","0.0","0.0","7.8","8.6","2.3"
"20220615","인천","강화군","16.1","17.9","14.2","21.0","20.7","25.7","16.2","20.4","3.5","2.8","0.0","1.4","7.8","0.0","0.0","0.0","100.0","90.4","73.1","9.4","7.5","0.0","0.0","0.0","0.0","5.5","7.9","1.9"
"20220614","인천","남구","21.8","27.6","18.2","20.0","21.2","25.9","17.8","0.1","0.0","2.6","5.6","8.4","8.1","15.01","20.96","0.0","50.1","74.5","74.2","7.9","8.5","5.3","0.0","0.0","0.0","11.1","6.2","2.3"
"20220614","인천","강화군","20.5","25.9","16.5","20.0","20.5","25.5","16.0","0.0","0.0","2.8","5.1","6.4","7.9","0.0","0.0","0.0","63.5","90.9","73.3","6.9","7.6","0.0","0.0","0.0","0.0","9.1","6.7","1.9"
"20220613","인천","남구","22.7","28.9","18.9","19.9","21.1","25.7","17.7","0.0","0.0","3.0","7.5","9.0","8.0","18.65","24.46","0.0","67.8","81.4","74.6","7.4","6.1","5.4","0.0","0.0","0.0","8.6","7.2","2.5"
"20220613","인천","강화군","21.0","27.5","18.3","19.5","20.3","25.3","16.0","13.7","0.0","3.4","6.2","8.5","7.7","0.0","0.0","0.0","84.8","95.9","73.5","7.4","3.8","0.0","0.0","0.0","0.0","9.1","8.9","2.0"
"20220612","인천","남구","22.9","27.5","19.9","22.3","20.9","25.5","17.6","0.0","0.0","3.8","10.5","8.9","7.7","24.47","24.94","0.0","63.0","73.5","75.3","5.6","6.8","5.5","0.0","0.0","0.0","6.8","6.9","2.5"
"20220612","인천","강화군","21.5","27.8","17.0","21.8","20.2","25.1","15.9","0.0","0.0","4.0","9.5","10.8","7.3","0.0","0.0","0.0","75.5","88.9","74.1","6.6","6.3","0.0","0.0","0.0","0.0","7.1","6.8","2.0"
"20220611","인천","남구","23.9","29.2","17.7","19.8","20.8","25.4","17.4","0.0","2.1","3.3","12.2","5.8","7.6","28.12","17.24","0.0","61.1","82.1","75.5","3.6","7.6","5.6","0.0","0.0","0.0","9.6","14.9","2.5"
"20220611","인천","강화군","22.6","28.9","15.3","18.9","20.1","25.1","15.8","0.0","8.2","3.6","10.0","2.0","7.2","0.0","0.0","0.0","70.3","96.5","74.5","4.1","7.6","0.0","0.0","0.0","0.0","8.2","12.3","2.0"
"20220610","인천","남구","20.0","24.3","17.6","23.8","20.8","25.3","17.4","4.4","7.2","2.8","4.4","1.3","7.6","12.98","11.84","0.0","77.5","57.9","74.8","7.0","9.3","5.6","0.0","0.0","0.0","10.9","17.0","2.4"
"20220610","인천","강화군","18.0","24.0","14.9","21.6","20.0","25.0","15.6","2.0","11.4","3.5","3.1","0.1","7.1","0.0","0.0","0.0","92.5","87.0","74.2","7.8","9.5","0.0","0.0","0.0","0.0","8.1","11.2","1.9"
"20220609","인천","남구","20.1","24.2","17.7","24.6","20.7","25.2","17.3","0.4","0.0","2.3","6.3","11.8","7.5","19.91","23.43","0.0","76.0","60.3","74.0","5.4","4.3","5.6","0.0","0.0","0.0","7.5","7.1","2.4"
"20220609","인천","강화군","18.8","23.7","15.1","23.3","19.9","25.0","15.4","1.0","0.0","3.0","4.2","11.8","7.1","0.0","0.0","0.0","86.0","75.9","73.4","5.6","5.4","0.0","0.0","0.0","0.0","7.2","5.2","1.9"
"20220608","인천","남구","19.9","23.7","17.2","21.5","20.6","25.1","17.0","0.0","0.1","2.0","11.2","7.9","7.3","24.89","20.37","0.0","70.1","70.1","73.6","4.0","6.0","5.7","0.0","0.0","0.0","7.6","9.2","2.3"
"20220608","인천","강화군","18.9","23.6","13.8","20.2","19.7","24.9","15.2","0.0","0.0","2.3","9.4","2.2","7.1","0.0","0.0","0.0","76.5","88.3","73.2","5.0","7.0","0.0","0.0","0.0","0.0","7.2","7.1","1.9"
"20220607","인천","남구","19.9","24.7","15.5","20.5","20.5","25.1","16.8","0.0","0.0","1.2","9.6","2.4","7.6","26.67","9.1","0.0","54.9","64.5","72.7","5.9","9.3","5.4","0.0","0.0","0.0","9.3","7.7","2.2"
"20220607","인천","강화군","18.6","25.1","13.5","19.3","19.5","24.9","14.9","0.0","0.0","1.5","9.1","0.5","7.5","0.0","0.0","0.0","62.4","84.1","72.3","5.0","8.5","0.0","0.0","0.0","0.0","7.6","5.1","1.9"
"20220606","인천","남구","19.6","23.6","16.5","20.7","20.2","24.9","16.6","1.6","0.0","1.4","5.0","9.6","7.6","19.73","22.8","0.0","65.4","71.5","71.9","7.0","4.1","5.4","0.0","0.0","0.0","10.8","8.0","2.2"
"20220606","인천","강화군","18.0","22.8","15.0","20.6","19.3","24.5","14.6","3.6","0.0","1.4","6.7","7.4","7.6","0.0","0.0","0.0","72.9","84.1","71.4","6.3","4.3","0.0","0.0","0.0","0.0","9.9","5.8","1.9"
"20220605","인천","남구","21.9","25.5","20.3","19.0","20.0","24.7","16.4","0.5","0.0","1.6","0.9","9.5","7.6","9.25","22.52","0.0","60.0","72.4","71.5","9.4","4.0","5.3","0.0","0.0","0.0","9.3","9.0","2.3"
"20220605","인천","강화군","21.9","25.9","19.6","18.3","19.1","24.4","14.5","0.0","0.0","1.7","0.6","7.4","7.8","0.0","0.0","0.0","67.8","86.4","70.9","9.0","3.0","0.0","0.0","0.0","0.0","7.0","9.0","1.9"
"20220604","인천","남구","22.8","26.9","17.9","17.0","19.9","24.6","16.2","0.0","0.0","1.9","4.6","11.0","7.7","17.42","27.33","0.0","72.5","68.3","71.4","7.9","2.9","5.1","0.0","0.0","0.0","5.4","10.0","2.3"
"20220604","인천","강화군","21.3","27.0","16.5","17.5","18.9","24.2","14.2","0.0","0.0","2.3","2.6","10.3","7.9","0.0","0.0","0.0","82.1","77.3","71.0","7.8","2.8","0.0","0.0","0.0","0.0","4.4","9.0","2.0"
"20220603","인천","남구","21.3","26.0","18.4","18.5","19.7","24.6","16.0","0.0","16.1","1.9","10.6","0.4","8.0","26.39","4.41","0.0","72.0","74.8","70.9","3.6","9.8","4.9","0.0","0.0","0.0","6.6","14.1","2.5"
"20220603","인천","강화군","20.7","26.1","16.5","17.3","18.8","24.1","13.8","0.0","10.6","2.5","10.1","0.0","8.2","0.0","0.0","0.0","82.5","92.5","70.1","2.8","9.5","0.0","0.0","0.0","0.0","8.3","10.3","2.0"
"20220602","인천","남구","19.5","23.5","16.6","22.4","19.5","24.4","15.7","0.0","0.0","1.8","9.1","12.2","8.5","24.49","26.06","0.0","76.1","56.3","70.1","5.8","3.9","4.8","0.0","0.0","0.0","6.6","6.7","2.5"
"20220602","인천","강화군","18.4","22.3","13.2","21.0","18.6","24.0","13.6","0.0","0.0","2.4","8.4","10.3","8.3","0.0","0.0","0.0","87.8","73.1","69.4","6.1","4.8","0.0","0.0","0.0","0.0","7.1","6.7","2.1"
"20220601","인천","남구","20.4","25.4","16.5","19.7","19.3","24.2","15.5","0.0","0.9","1.5","13.7","2.6","8.4","30.01","13.73","0.0","48.5","62.9","70.1","1.4","8.0","4.6","0.0","0.0","0.0","11.4","9.7","2.6"
"20220601","인천","강화군","19.6","25.0","13.6","17.5","18.4","23.9","13.3","0.0","2.3","2.1","12.0","0.5","8.4","0.0","0.0","0.0","61.6","86.5","69.1","1.9","8.8","0.0","0.0","0.0","0.0","8.9","9.9","2.1"
"20220531","인천","남구","18.7","22.8","14.2","19.3","19.2","24.0","15.5","0.0","0.6","1.2","13.0","3.6","8.5","28.03","14.76","0.0","54.1","60.9","70.4","2.3","8.0","4.6","0.0","0.0","0.0","9.1","9.4","2.5"
"20220531","인천","강화군","17.8","24.0","9.6","18.6","18.3","23.8","13.2","0.0","0.0","1.8","11.0","2.1","8.4","0.0","0.0","0.0","57.1","82.3","69.2","2.4","6.5","0.0","0.0","0.0","0.0","8.6","4.9","2.0"
"20220530","인천","남구","18.9","21.6","16.5","18.5","19.1","23.9","15.3","0.0","23.1","1.3","0.2","11.5","8.5","9.14","26.62","0.0","75.8","62.4","69.6","7.5","3.8","4.6","0.0","0.0","0.0","8.5","14.6","2.6"
"20220530","인천","강화군","18.4","21.6","13.0","16.4","18.3","23.8","13.0","0.0","45.0","1.5","0.2","7.9","8.4","0.0","0.0","0.0","81.4","84.4","68.2","7.0","7.0","0.0","0.0","0.0","0.0","8.4","8.5","2.0"
"20220529","인천","남구","20.0","24.9","17.1","15.6","18.9","23.7","15.1","0.0","0.0","2.0","6.5","4.4","8.4","19.52","10.74","0.0","74.0","67.6","69.5","6.5","5.4","4.6","0.0","0.0","0.0","6.8","9.7","2.6"
"20220529","인천","강화군","18.9","24.1","15.3","14.2","18.1","23.5","12.9","0.0","0.5","2.3","4.6","3.1","8.4","0.0","0.0","0.0","88.6","86.1","68.3","6.4","4.9","0.0","0.0","0.0","0.0","8.1","7.1","2.1"
"20220528","인천","남구","19.8","25.2","15.1","15.0","18.7","23.4","14.9","0.0","11.1","2.3","12.6","7.2","7.9","27.15","15.95","0.0","69.3","76.9","70.1","2.1","7.3","4.8","0.0","0.0","0.0","10.3","11.6","2.6"
"20220528","인천","강화군","19.2","24.7","11.7","15.3","17.8","23.3","12.7","0.0","18.4","2.6","9.4","1.9","8.1","0.0","0.0","0.0","82.0","86.6","69.2","4.4","7.1","0.0","0.0","0.0","0.0","9.6","10.5","2.0"
"20220527","인천","남구","17.5","20.3","14.5","15.3","18.5","23.2","14.7","0.0","8.8","2.7","13.3","5.5","7.8","29.49","12.4","0.0","71.4","77.6","70.7","1.5","5.5","4.9","0.0","0.0","0.0","10.4","11.1","2.5"
"20220527","인천","강화군","17.1","21.3","13.5","15.2","17.6","23.0","12.6","0.0","13.1","3.1","12.1","2.8","7.9","0.0","0.0","0.0","80.6","90.5","69.9","2.6","5.4","0.0","0.0","0.0","0.0","9.2","10.6","2.1"
"20220526","인천","남구","16.5","19.9","13.7","17.4","18.3","23.0","14.6","0.0","0.0","3.8","13.5","8.5","7.6","30.17","19.73","0.0","68.8","54.9","71.0","2.1","7.5","4.9","0.0","0.0","0.0","11.5","11.4","2.6"
"20220526","인천","강화군","16.6","20.5","11.1","16.6","17.4","22.8","12.5","0.0","1.4","4.2","11.4","5.4","7.7","0.0","0.0","0.0","74.8","71.3","69.9","2.8","7.6","0.0","0.0","0.0","0.0","13.3","13.6","2.1"
"20220525","인천","남구","17.9","21.7","15.4","14.5","18.1","22.9","14.5","2.0","5.3","3.5","7.9","10.2","7.6","21.92","22.4","0.0","81.8","71.6","71.4","6.5","4.9","4.9","0.0","0.0","0.0","10.4","12.4","2.5"
"20220525","인천","강화군","16.9","21.6","11.8","14.4","17.3","22.6","12.3","8.7","7.3","3.8","6.9","7.1","7.5","0.0","0.0","0.0","90.4","82.9","70.5","6.6","4.6","0.0","0.0","0.0","0.0","10.3","11.8","2.1"
"20220524","인천","남구","20.1","25.9","15.7","17.1","18.0","22.7","14.5","0.0","0.0","3.0","0.0","9.6","7.7","0.05","24.93","0.0","66.4","69.4","71.6","3.5","3.3","5.0","0.0","0.0","0.0","6.7","8.1","2.5"
"20220524","인천","강화군","18.8","25.5","11.9","17.1","17.2","22.5","12.3","0.0","0.1","3.1","11.5","9.6","7.4","0.0","0.0","0.0","79.5","83.1","70.9","3.3","3.1","0.0","0.0","0.0","0.0","7.7","7.7","2.0"
"20220523","인천","남구","19.5","24.2","16.3","18.0","17.9","22.7","14.3","0.0","0.0","3.2","11.9","5.8","7.8","26.59","17.37","0.0","75.4","59.1","70.8","4.4","6.9","4.9","0.0","0.0","0.0","6.8","6.9","2.5"
"20220523","인천","강화군","18.7","24.7","13.1","16.9","17.1","22.4","12.1","0.0","0.0","3.2","10.1","3.9","7.4","0.0","0.0","0.0","86.0","75.3","70.4","2.9","7.1","0.0","0.0","0.0","0.0","8.0","8.5","2.0"
"20220522","인천","남구","17.3","20.8","13.9","16.7","17.8","22.7","14.0","0.0","0.0","3.0","9.9","13.1","8.1","26.16","27.23","0.0","79.5","68.1","70.1","4.9","1.5","4.7","0.0","0.0","0.0","8.7","6.8","2.6"
"20220522","인천","강화군","16.5","20.6","13.5","16.5","16.9","22.4","11.8","0.0","0.0","3.1","4.4","10.5","7.7","0.0","0.0","0.0","90.9","84.0","69.8","5.0","1.8","0.0","0.0","0.0","0.0","6.4","8.7","2.0"
"20220521","인천","남구","17.1","20.1","14.5","15.3","17.5","22.4","13.7","0.0","4.6","2.1","8.9","1.6","8.1","26.01","7.24","0.0","81.3","83.8","70.2","5.9","8.8","4.8","0.0","0.0","0.0","6.8","9.9","2.7"
"20220521","인천","강화군","16.6","19.6","14.3","15.7","16.6","22.0","11.5","0.0","5.8","2.4","3.2","0.6","7.6","0.0","0.0","0.0","91.9","86.8","70.0","5.6","9.1","0.0","0.0","0.0","0.0","8.1","7.7","2.1"
"20220520","인천","남구","18.4","22.3","15.2","18.2","17.2","22.0","13.4","0.0","7.9","3.0","9.9","0.0","7.9","24.91","6.09","0.0","59.1","64.3","70.9","5.6","9.6","4.9","0.0","0.0","0.0","7.4","11.7","2.8"
"20220520","인천","강화군","17.4","21.9","11.9","17.2","16.3","21.7","11.3","0.0","3.6","3.3","10.7","0.1","7.5","0.0","0.0","0.0","76.5","75.5","70.5","3.6","9.8","0.0","0.0","0.0","0.0","7.4","8.2","2.2"
"20220519","인천","남구","17.7","20.5","15.3","18.2","16.9","21.8","13.1","0.0","0.0","3.4","7.1","13.2","7.8","19.49","28.5","0.0","60.3","60.3","70.9","4.8","3.4","5.0","0.0","0.0","0.0","10.2","8.9","2.9"
"20220519","인천","강화군","16.9","21.9","12.4","16.4","16.0","21.5","11.1","0.0","0.0","3.9","9.4","12.1","7.6","0.0","0.0","0.0","72.8","72.1","70.2","5.4","3.6","0.0","0.0","0.0","0.0","9.0","9.1","2.2"
"20220518","인천","남구","18.3","22.2","15.2","16.4","16.7","21.5","13.0","2.4","0.0","3.8","8.2","12.0","7.7","19.35","26.7","0.0","63.1","66.9","71.8","4.6","4.0","5.0","0.0","0.0","0.0","11.5","7.7","2.9"
"20220518","인천","강화군","17.1","23.1","12.3","15.7","15.8","21.1","11.0","0.5","0.0","4.2","5.8","11.4","7.4","0.0","0.0","0.0","77.0","81.9","70.7","5.4","3.3","0.0","0.0","0.0","0.0","10.5","8.4","2.3"
"20220517","인천","남구","17.4","22.4","13.4","14.4","16.6","21.4","13.0","0.0","2.4","3.8","12.6","2.9","7.2","27.2","6.87","0.0","69.3","88.6","72.2","0.0","8.6","5.3","0.0","0.0","0.0","7.5","7.7","2.9"
"20220517","인천","강화군","16.3","22.1","10.9","15.0","15.8","21.1","11.0","0.0","1.1","4.4","10.2","2.1","7.1","0.0","0.0","0.0","81.5","89.9","71.0","1.9","6.4","0.0","0.0","0.0","0.0","8.4","4.6","2.3"
"20220516","인천","남구","15.4","19.7","11.4","17.5","16.6","21.5","12.9","0.0","61.4","3.8","12.8","0.0","7.3","28.41","3.09","0.0","66.3","95.8","70.8","0.1","10.0","5.3","0.0","0.0","0.0","10.5","8.1","2.8"
"20220516","인천","강화군","14.8","19.7","9.5","16.6","15.7","21.2","10.9","0.0","76.0","4.3","12.1","0.0","7.3","0.0","0.0","0.0","78.9","99.4","70.0","1.3","8.8","0.0","0.0","0.0","0.0","11.7","8.7","2.2"
"20220515","인천","남구","14.8","19.5","10.8","20.6","16.4","21.3","12.7","0.0","25.1","3.6","13.2","0.6","7.6","29.34","7.45","0.0","44.9","82.1","70.4","2.0","10.0","5.0","0.0","0.0","0.0","11.3","7.3","2.7"
"20220515","인천","강화군","15.3","20.2","6.4","20.0","15.6","21.0","10.8","0.0","15.6","4.1","12.1","0.3","7.5","0.0","0.0","0.0","41.9","89.8","69.2","1.0","8.8","0.0","0.0","0.0","0.0","10.6","4.7","2.3"
"20220514","인천","남구","14.4","16.7","12.1","21.1","16.2","20.8","12.6","0.0","0.0","3.7","9.5","10.6","7.2","20.6","22.65","0.0","53.9","64.8","71.3","5.8","7.1","5.1","0.0","0.0","0.0","11.2","6.7","2.8"
"20220514","인천","강화군","14.7","20.2","8.1","20.4","15.3","20.6","10.6","0.0","0.0","4.1","11.1","10.3","7.1","0.0","0.0","0.0","44.9","79.5","70.1","4.5","6.3","0.0","0.0","0.0","0.0","10.6","7.5","2.3"
"20220513","인천","남구","18.0","23.4","14.3","20.9","16.0","20.7","12.4","0.0","0.0","3.8","7.8","12.9","7.0","23.84","25.3","0.0","41.9","57.3","70.8","4.8","0.3","5.2","0.0","0.0","0.0","12.5","6.2","2.8"
"20220513","인천","강화군","16.9","24.2","10.5","19.7","15.2","20.4","10.4","0.0","0.0","4.5","8.4","11.4","6.9","0.0","0.0","0.0","48.1","71.9","69.7","4.6","2.3","0.0","0.0","0.0","0.0","11.0","6.8","2.3"
"20220512","인천","남구","18.6","24.4","13.8","20.8","15.7","20.4","12.1","0.0","0.0","3.9","11.8","11.6","7.2","26.73","24.6","0.0","54.0","33.1","70.7","4.5","4.4","5.1","0.0","0.0","0.0","6.7","7.6","2.9"
"20220512","인천","강화군","18.2","25.7","10.1","20.3","14.9","20.1","10.2","0.0","0.0","4.7","11.2","8.8","6.9","0.0","0.0","0.0","55.1","46.1","69.2","5.1","5.0","0.0","0.0","0.0","0.0","9.2","5.5","2.3"
"20220511","인천","남구","16.8","20.7","14.2","18.6","15.5","20.2","12.0","0.0","0.0","4.0","9.8","12.3","7.1","24.99","24.9","0.0","60.0","38.1","70.5","7.9","6.8","5.1","0.0","0.0","0.0","8.6","10.6","3.0"
"20220511","인천","강화군","16.4","21.5","13.0","18.5","14.8","19.9","10.1","0.1","0.0","5.1","8.5","12.1","6.9","0.0","0.0","0.0","68.3","51.3","68.9","7.5","6.5","0.0","0.0","0.0","0.0","8.9","7.7","2.3"
"20220510","인천","남구","18.8","23.7","14.4","12.4","15.5","20.3","12.0","0.0","5.2","3.1","9.5","0.0","7.3","27.48","4.08","0.0","36.8","75.8","69.6","7.0","8.9","5.1","0.0","0.0","0.0","8.2","11.1","3.0"
"20220510","인천","강화군","17.5","23.9","10.7","12.5","14.8","20.1","9.9","0.0","0.0","4.1","9.0","0.0","7.0","0.0","0.0","0.0","50.9","77.5","68.5","6.9","8.8","0.0","0.0","0.0","0.0","7.6","6.7","2.3"
"20220509","인천","남구","16.1","22.6","10.9","14.8","15.6","20.4","11.9","0.0","0.0","4.0","12.8","13.3","7.4","28.78","28.23","0.0","59.6","51.3","68.6","3.3","0.4","5.0","0.0","0.0","0.0","8.8","12.4","3.0"
"20220509","인천","강화군","15.2","24.1","7.3","16.0","14.8","20.3","9.8","0.0","0.0","4.9","11.6","12.1","7.3","0.0","0.0","0.0","65.3","47.8","67.4","3.1","0.5","0.0","0.0","0.0","0.0","7.2","11.4","2.3"
"20220508","인천","남구","15.2","17.5","11.8","13.6","15.5","20.4","11.9","0.7","0.0","4.4","0.0","9.0","7.4","6.08","22.06","0.0","48.1","63.0","68.4","9.3","1.4","5.0","0.0","0.0","0.0","11.8","13.4","3.0"
"20220508","인천","강화군","14.2","17.8","10.2","12.9","14.8","20.2","9.8","0.6","0.0","5.6","0.0","8.3","7.4","0.0","0.0","0.0","58.8","73.6","66.7","9.6","2.0","0.0","0.0","0.0","0.0","8.4","13.6","2.4"
"20220507","인천","남구","16.6","22.0","13.3","13.8","15.7","20.7","11.9","0.3","1.9","3.8","7.4","6.7","7.8","23.82","17.78","0.0","54.3","60.0","66.9","8.8","3.0","4.7","0.0","0.0","0.0","13.2","12.1","3.1"
"20220507","인천","강화군","17.2","22.4","13.7","14.3","14.9","20.5","9.6","0.7","2.0","5.0","6.8","6.5","7.9","0.0","0.0","0.0","51.6","68.3","65.5","8.0","3.0","0.0","0.0","0.0","0.0","10.6","14.2","2.4"
"20220506","인천","남구","18.3","23.2","14.5","15.5","15.5","20.6","11.7","0.0","0.0","3.5","11.0","10.8","8.0","27.01","21.96","0.0","71.5","36.6","67.2","5.4","4.9","4.5","0.0","0.0","0.0","6.8","10.4","3.1"
"20220506","인천","강화군","17.0","22.0","11.2","14.8","14.8","20.4","9.4","0.0","0.0","4.3","8.0","10.5","8.1","0.0","0.0","0.0","86.1","49.6","65.5","5.5","5.0","0.0","0.0","0.0","0.0","6.9","11.0","2.4"
"20220505","인천","남구","17.2","21.8","13.3","12.6","15.4","20.4","11.6","0.0","0.0","4.3","12.6","11.8","7.8","28.78","26.97","0.0","51.9","68.0","68.2","0.6","3.1","4.6","0.0","0.0","0.0","7.0","11.1","3.2"
"20220505","인천","강화군","15.1","20.9","8.6","12.7","14.7","20.3","9.4","0.0","0.0","5.1","11.7","10.6","7.8","0.0","0.0","0.0","67.5","73.6","65.9","1.9","1.0","0.0","0.0","0.0","0.0","8.6","9.7","2.4"
"20220504","인천","남구","16.3","21.5","11.3","14.0","15.5","20.6","11.6","0.0","32.3","3.1","12.3","0.0","7.9","26.69","2.95","0.0","42.1","82.4","67.4","0.0","9.6","4.5","0.0","0.0","0.0","9.5","9.4","3.2"
"20220504","인천","강화군","14.8","21.2","8.1","12.7","14.8","20.4","9.4","0.0","46.9","3.7","11.9","0.0","7.8","0.0","0.0","0.0","55.4","92.5","65.2","0.6","10.0","0.0","0.0","0.0","0.0","10.7","7.0","2.4"
"20220503","인천","남구","13.1","17.3","9.0","12.7","15.6","20.7","11.7","0.0","0.0","1.8","12.5","11.1","8.0","27.56","26.08","0.0","48.1","57.3","67.6","0.6","4.1","4.5","0.0","0.0","0.0","7.7","7.1","3.2"
"20220503","인천","강화군","12.1","17.4","4.8","11.6","14.8","20.5","9.4","0.0","0.0","2.1","12.0","10.1","7.9","0.0","0.0","0.0","51.8","69.8","65.5","0.6","3.9","0.0","0.0","0.0","0.0","9.3","7.0","2.4"
"20220502","인천","남구","13.3","17.2","9.0","11.8","15.5","20.4","11.7","0.0","1.1","2.6","11.9","12.9","7.7","26.16","27.1","0.0","59.6","66.6","68.4","0.8","1.8","4.8","0.0","0.0","0.0","10.3","8.3","3.2"
"20220502","인천","강화군","12.6","18.7","5.0","12.2","14.7","20.2","9.5","0.0","0.6","2.2","11.8","11.9","7.3","0.0","0.0","0.0","60.0","74.6","66.3","2.0","1.8","0.0","0.0","0.0","0.0","10.6","9.4","2.3"
"20220501","인천","남구","11.9","16.0","8.3","10.5","15.3","20.2","11.6","0.0","0.7","3.7","11.2","7.4","7.2","27.33","18.29","0.0","63.5","73.1","68.3","1.1","9.1","5.0","0.0","0.0","0.0","10.4","15.3","3.1"
"20220501","인천","강화군","11.8","16.4","5.1","10.3","14.5","19.9","9.3","0.0","3.5","3.3","9.6","5.6","6.9","0.0","0.0","0.0","67.1","79.8","66.5","1.5","8.8","0.0","0.0","0.0","0.0","11.2","10.9","2.3"
"20220430","인천","남구","12.1","16.0","10.1","10.6","15.0","19.8","11.3","0.0","24.3","3.1","3.4","3.5","7.3","18.17","15.49","0.0","65.8","81.5","67.2","7.9","9.1","5.0","0.0","0.0","0.0","9.6","8.8","3.1"
"20220430","인천","강화군","11.9","15.7","9.4","10.3","14.1","19.5","8.9","0.0","11.6","2.8","2.0","1.1","7.0","0.0","0.0","0.0","73.3","90.9","66.0","8.3","9.1","0.0","0.0","0.0","0.0","8.9","6.6","2.3"
"20220429","인천","남구","12.9","16.0","10.2","14.1","14.5","19.2","10.8","17.0","7.7","2.9","1.0","7.2","7.3","11.5","18.06","0.0","68.9","57.1","66.8","8.8","7.8","4.9","0.0","0.0","0.0","9.3","9.5","3.1"
"20220429","인천","강화군","11.7","16.4","8.9","13.3","13.4","18.9","8.2","12.0","3.5","2.8","2.9","5.9","7.1","0.0","0.0","0.0","77.3","64.9","65.7","8.1","7.9","0.0","0.0","0.0","0.0","9.6","10.1","2.3"
"20220428","인천","남구","16.0","21.8","11.1","12.0","13.9","18.6","10.2","0.0","0.1","3.2","7.5","3.7","7.4","21.35","15.3","0.0","46.0","78.9","65.7","6.1","8.4","4.8","0.0","0.0","0.0","8.1","8.4","3.1"
"20220428","인천","강화군","14.9","22.2","7.3","11.7","12.8","18.3","7.4","0.0","0.0","3.2","7.1","3.3","7.2","0.0","0.0","0.0","49.5","84.5","64.4","6.4","7.0","0.0","0.0","0.0","0.0","10.1","8.0","2.3"
"20220427","인천","남구","15.4","20.3","12.2","13.7","13.4","18.1","9.7","0.0","5.1","2.6","11.8","1.2","7.5","26.11","10.02","0.0","37.8","66.8","64.3","0.0","9.3","4.5","0.0","0.0","0.0","13.2","9.5","3.2"
"20220427","인천","강화군","15.3","21.2","10.1","12.9","12.3","17.8","6.9","0.0","9.5","2.9","11.6","1.0","7.5","0.0","0.0","0.0","37.3","77.6","63.1","0.3","9.5","0.0","0.0","0.0","0.0","9.7","10.8","2.4"
"20220426","인천","남구","19.9","25.2","16.3","15.0","13.0","17.8","9.4","0.3","0.0","1.7","10.6","7.0","8.0","24.88","18.01","0.0","60.1","53.3","63.7","5.1","6.0","4.2","0.0","0.0","0.0","13.0","8.8","3.2"
"20220426","인천","강화군","20.6","27.2","15.9","14.3","12.1","17.6","6.6","0.1","0.0","1.9","11.2","7.7","8.0","0.0","0.0","0.0","61.0","66.0","61.9","4.3","5.6","0.0","0.0","0.0","0.0","10.9","7.5","2.4"
"20220425","인천","남구","18.3","21.6","15.1","17.4","12.9","17.6","9.2","0.5","0.0","1.9","0.1","12.2","8.0","9.31","25.21","0.0","80.0","51.0","63.7","9.8","1.0","4.1","0.0","0.0","0.0","7.2","12.6","3.3"
"20220425","인천","강화군","17.8","22.3","13.8","16.4","12.0","17.5","6.6","0.6","0.0","2.0","0.1","11.5","8.0","0.0","0.0","0.0","88.8","60.3","61.2","8.9","1.0","0.0","0.0","0.0","0.0","4.5","9.0","2.5"
"20220424","인천","남구","15.5","19.8","12.3","17.1","12.8","17.5","9.2","0.1","0.0","2.3","5.6","3.5","7.6","19.76","12.84","0.0","80.3","47.1","64.5","7.5","6.9","4.3","0.0","0.0","0.0","6.3","11.5","3.4"
"20220424","인천","강화군","14.4","18.6","11.5","16.2","12.0","17.4","6.7","1.5","0.0","2.3","1.6","1.6","7.7","0.0","0.0","0.0","93.9","57.4","61.7","6.9","6.5","0.0","0.0","0.0","0.0","6.2","8.3","2.5"
"20220423","인천","남구","14.7","21.6","9.0","19.4","12.8","17.6","9.3","0.0","0.0","2.6","8.6","0.9","7.4","22.32","10.0","0.0","71.1","36.1","65.2","6.4","10.0","4.4","0.0","0.0","0.0","6.2","11.0","3.4"
"20220423","인천","강화군","14.7","22.7","8.2","17.9","12.1","17.4","6.9","0.0","0.0","2.5","9.6","0.0","7.4","0.0","0.0","0.0","69.0","49.9","62.5","4.9","10.0","0.0","0.0","0.0","0.0","5.8","9.4","2.5"
"20220422","인천","남구","12.5","14.4","9.5","19.0","12.8","17.6","9.3","0.0","0.0","2.7","0.0","2.2","7.2","3.93","12.91","0.0","80.5","35.9","65.8","8.5","9.3","4.6","0.0","0.0","0.0","11.9","12.0","3.5"
"20220422","인천","강화군","12.5","14.3","10.1","18.5","12.1","17.4","6.9","0.0","0.0","2.7","0.0","1.0","7.3","0.0","0.0","0.0","88.6","43.6","63.0","6.6","9.9","0.0","0.0","0.0","0.0","11.2","11.3","2.4"
"20220421","인천","남구","14.3","19.4","10.3","16.9","12.8","17.6","9.2","0.0","0.0","2.9","7.0","11.0","6.8","20.74","22.78","0.0","48.0","52.9","65.8","3.6","5.6","4.8","0.0","0.0","0.0","10.4","6.4","3.4"
"20220421","인천","강화군","13.5","19.6","5.4","16.1","12.0","17.3","6.9","0.0","0.0","3.3","6.7","10.4","6.9","0.0","0.0","0.0","54.5","51.4","63.6","5.4","5.0","0.0","0.0","0.0","0.0","13.3","7.8","2.4"
"20220420","인천","남구","12.9","18.1","9.1","13.1","12.8","17.6","9.1","0.0","0.0","2.8","12.0","10.5","6.6","25.91","23.13","0.0","58.0","60.6","65.6","0.0","3.3","5.0","0.0","0.0","0.0","7.5","7.7","3.4"
"20220420","인천","강화군","10.9","17.6","4.7","11.4","11.9","17.3","6.7","0.0","0.0","3.3","11.7","10.0","6.8","0.0","0.0","0.0","74.3","72.1","63.8","2.4","4.3","0.0","0.0","0.0","0.0","8.6","7.1","2.3"
"20220419","인천","남구","11.9","16.8","8.5","10.9","12.7","17.6","8.9","0.0","0.0","2.4","11.9","12.2","6.9","25.03","24.7","0.0","70.8","65.9","64.6","0.0","0.0","4.8","0.0","0.0","0.0","7.5","8.6","3.4"
"20220419","인천","강화군","11.4","17.6","4.9","10.2","11.8","17.3","6.3","0.0","0.0","2.9","11.4","11.6","7.1","0.0","0.0","0.0","79.6","78.6","63.2","1.9","0.5","0.0","0.0","0.0","0.0","8.8","8.0","2.3"
"20220418","인천","남구","12.3","16.8","9.7","9.4","12.4","17.3","8.5","0.0","0.0","2.1","8.2","12.3","7.1","21.27","24.78","0.0","56.4","60.8","64.4","5.6","0.3","4.7","0.0","0.0","0.0","8.0","10.3","3.3"
"20220418","인천","강화군","11.7","17.8","8.0","10.0","11.4","17.1","5.9","0.0","0.0","2.7","8.2","11.5","7.2","0.0","0.0","0.0","72.9","63.4","62.9","5.0","1.1","0.0","0.0","0.0","0.0","9.5","9.9","2.3"
"20220417","인천","남구","10.7","15.4","7.0","9.5","12.0","16.9","8.1","0.0","0.0","1.7","11.4","6.3","7.3","25.65","15.33","0.0","69.3","50.6","64.3","1.9","3.1","4.5","0.0","0.0","0.0","9.1","15.0","3.3"
"20220417","인천","강화군","10.4","16.4","2.9","9.2","11.1","16.8","5.5","0.0","0.1","2.2","11.3","5.5","7.3","0.0","0.0","0.0","76.0","63.1","63.1","3.6","5.8","0.0","0.0","0.0","0.0","9.5","12.5","2.3"
"20220416","인천","남구","11.1","16.6","7.6","10.7","11.6","16.4","7.8","0.0","0.4","1.4","12.2","4.6","7.6","26.06","10.37","0.0","58.5","61.5","64.3","0.9","6.6","4.2","0.0","0.0","0.0","8.6","11.0","3.3"
"20220416","인천","강화군","10.5","17.3","3.5","10.6","10.7","16.3","5.2","0.0","2.4","1.6","11.9","5.1","7.6","0.0","0.0","0.0","64.5","73.0","62.6","1.8","4.9","0.0","0.0","0.0","0.0","8.7","10.2","2.3"
"20220415","인천","남구","12.0","16.2","7.8","9.8","11.2","15.9","7.5","0.0","0.0","1.2","11.8","10.7","7.7","25.09","23.7","0.0","49.9","68.4","64.2","1.6","4.4","4.3","0.0","0.0","0.0","12.4","7.4","3.4"
"20220415","인천","강화군","11.3","16.4","3.7","9.0","10.4","15.9","4.9","0.0","0.0","1.2","11.8","8.8","7.7","0.0","0.0","0.0","54.9","76.4","62.5","2.0","4.8","0.0","0.0","0.0","0.0","10.0","8.8","2.4"
"20220414","인천","남구","12.4","15.2","10.9","8.0","10.8","15.5","7.2","0.0","0.0","1.6","1.2","12.4","7.4","11.29","25.58","0.0","50.1","53.5","64.9","9.3","0.4","4.4","0.0","0.0","0.0","10.7","10.5","3.5"
"20220414","인천","강화군","13.1","17.6","10.3","7.5","10.1","15.5","4.9","0.0","0.0","1.7","2.3","11.9","7.4","0.0","0.0","0.0","48.4","69.8","62.8","8.4","0.0","0.0","0.0","0.0","0.0","8.3","11.6","2.5"
"20220413","인천","남구","11.8","13.3","11.0","9.6","10.7","15.4","7.1","1.5","6.0","1.3","0.0","10.7","7.5","5.08","23.8","0.0","70.5","66.5","64.8","10.0","4.3","4.4","0.0","0.0","0.0","15.5","11.7","3.5"
"20220413","인천","강화군","13.0","16.7","10.7","9.7","10.1","15.5","4.8","0.1","1.7","1.3","1.6","8.6","7.6","0.0","0.0","0.0","67.3","71.9","62.3","9.8","4.6","0.0","0.0","0.0","0.0","10.5","11.0","2.5"
"20220412","인천","남구","15.6","20.7","11.6","13.2","10.7","15.3","7.1","1.7","18.1","1.8","5.0","0.0","7.2","17.52","4.87","0.0","85.9","65.3","64.9","8.8","9.9","4.6","0.0","0.0","0.0","9.9","11.8","3.7"
"20220412","인천","강화군","15.0","19.6","12.2","12.7","10.0","15.4","4.9","2.8","29.2","1.7","0.9","0.0","7.5","0.0","0.0","0.0","96.3","74.9","62.2","8.8","9.5","0.0","0.0","0.0","0.0","11.1","8.5","2.6"
"20220411","인천","남구","18.5","23.1","14.3","13.8","10.7","15.4","7.0","0.0","0.0","2.2","10.1","11.0","7.0","22.8","21.47","0.0","65.4","47.1","64.4","2.8","3.5","4.8","0.0","0.0","0.0","6.6","7.5","3.6"
"20220411","인천","강화군","17.0","22.8","11.8","12.5","10.0","15.5","4.8","0.0","0.0","2.1","9.3","10.2","7.3","0.0","0.0","0.0","78.3","61.1","62.0","3.1","3.3","0.0","0.0","0.0","0.0","7.4","6.5","2.5"
"20220410","인천","남구","16.7","21.5","13.7","11.7","10.5","15.3","6.8","0.0","0.0","2.1","11.5","11.7","7.1","23.89","22.54","0.0","50.6","50.1","64.0","1.8","0.0","4.7","0.0","0.0","0.0","8.2","9.3","3.5"
"20220410","인천","강화군","15.7","21.5","10.9","10.2","9.8","15.4","4.6","0.0","0.0","1.9","11.3","11.5","7.4","0.0","0.0","0.0","61.0","67.4","61.5","2.0","1.0","0.0","0.0","0.0","0.0","9.0","7.8","2.4"
"20220409","인천","남구","16.3","20.1","13.2","12.5","10.3","15.1","6.7","0.0","0.0","1.5","9.3","11.9","7.3","21.33","23.18","0.0","44.8","36.3","64.1","1.6","0.4","4.6","0.0","0.0","0.0","12.4","7.8","3.5"
"20220409","인천","강화군","17.0","20.5","9.8","11.2","9.6","15.2","4.4","0.0","0.0","1.3","10.0","11.5","7.6","0.0","0.0","0.0","48.0","44.8","61.4","1.9","1.6","0.0","0.0","0.0","0.0","13.6","8.1","2.4"
"20220408","인천","남구","11.7","16.5","5.8","12.0","10.0","14.7","6.5","0.0","0.0","1.9","11.8","12.1","6.8","24.52","24.17","0.0","49.0","37.0","64.9","0.3","0.0","4.9","0.0","0.0","0.0","7.6","11.8","3.6"
"20220408","인천","강화군","10.1","16.5","1.9","11.8","9.3","14.8","4.1","0.0","0.0","1.8","11.5","11.7","7.0","0.0","0.0","0.0","61.1","37.0","62.3","1.8","0.1","0.0","0.0","0.0","0.0","8.0","11.5","2.4"
"20220407","인천","남구","9.2","12.8","6.8","12.1","9.8","14.5","6.3","0.0","0.0","2.0","10.6","11.9","7.0","24.02","23.14","0.0","52.4","54.4","64.7","2.3","0.0","4.6","0.0","0.0","0.0","10.5","8.3","3.5"
"20220407","인천","강화군","8.6","12.4","3.8","11.5","9.0","14.7","3.8","0.0","0.0","1.9","10.2","11.7","7.2","0.0","0.0","0.0","63.8","56.3","61.9","3.0","0.4","0.0","0.0","0.0","0.0","10.5","8.4","2.4"
"20220406","인천","남구","10.2","14.9","7.6","11.6","9.6","14.4","6.1","0.0","0.0","1.5","9.8","11.3","7.4","22.61","22.43","0.0","55.1","57.9","64.2","5.5","2.5","4.3","0.0","0.0","0.0","7.5","8.7","3.4"
"20220406","인천","강화군","10.2","15.5","4.5","11.5","8.8","14.4","3.4","0.0","0.0","1.5","9.7","10.0","7.5","0.0","0.0","0.0","58.6","62.3","61.1","7.1","2.9","0.0","0.0","0.0","0.0","7.1","9.3","2.4"
"20220405","인천","남구","8.9","13.5","4.9","11.1","9.4","14.1","5.9","0.0","0.0","1.6","9.9","12.0","7.5","21.18","23.62","0.0","50.5","47.4","64.2","6.8","1.8","4.2","0.0","0.0","0.0","7.4","7.9","3.5"
"20220405","인천","강화군","7.8","13.6","0.7","10.2","8.6","14.2","3.1","0.0","0.0","1.6","10.2","11.6","7.6","0.0","0.0","0.0","62.9","58.0","61.0","5.4","1.6","0.0","0.0","0.0","0.0","8.5","8.5","2.4"
"20220404","인천","남구","8.8","14.2","5.2","11.4","9.3","13.9","5.7","0.0","0.5","1.8","11.6","6.4","7.5","24.4","18.08","0.0","62.9","64.8","63.7","0.0","6.5","4.1","0.0","0.0","0.0","8.5","10.4","3.5"
"20220404","인천","강화군","7.9","14.4","0.8","11.3","8.4","13.9","2.8","0.0","0.2","1.8","11.4","3.8","7.5","0.0","0.0","0.0","71.3","65.6","61.1","1.5","6.3","0.0","0.0","0.0","0.0","8.2","10.6","2.4"
"20220403","인천","남구","8.5","14.1","4.1","14.1","9.2","13.9","5.5","0.0","54.7","1.6","11.8","0.0","7.8","23.69","1.6","0.0","57.0","79.6","62.1","0.0","10.0","3.8","0.0","0.0","0.0","7.5","9.0","3.5"
"20220403","인천","강화군","7.6","14.8","-0.2","12.5","8.3","13.8","2.7","0.0","49.5","1.5","11.5","0.0","7.9","0.0","0.0","0.0","60.1","87.9","59.8","1.8","9.7","0.0","0.0","0.0","0.0","9.0","11.1","2.4"
"20220402","인천","남구","6.8","11.4","3.6","17.1","8.9","13.6","5.2","0.0","0.0","1.3","11.0","2.9","7.7","23.19","11.55","0.0","63.0","28.3","61.5","0.8","9.1","4.0","0.0","0.0","0.0","9.2","11.1","3.5"
"20220402","인천","강화군","6.6","11.8","-0.8","15.9","8.0","13.5","2.4","0.0","0.0","1.1","11.1","0.5","7.7","0.0","0.0","0.0","56.6","43.9","59.3","1.3","8.9","0.0","0.0","0.0","0.0","8.9","8.1","2.4"
"20220401","인천","남구","8.1","12.4","4.8","17.8","8.6","13.1","5.0","0.0","0.0","1.4","11.9","10.5","7.3","24.06","19.14","0.0","59.8","24.8","62.7","1.0","6.1","4.2","0.0","0.0","0.0","9.3","10.4","3.5"
"20220401","인천","강화군","7.5","13.2","2.0","16.5","7.7","13.0","2.3","0.0","0.0","1.3","11.1","11.0","7.4","0.0","0.0","0.0","61.9","35.6","60.2","0.3","4.9","0.0","0.0","0.0","0.0","8.2","7.4","2.4"
"20220331","인천","남구","10.1","13.4","7.0","12.7","8.3","12.9","4.7","0.0","0.0","1.6","5.7","11.3","7.1","16.81","21.29","0.0","70.1","46.0","63.0","7.3","4.1","4.4","0.0","0.0","0.0","10.6","6.8","3.5"
"20220331","인천","강화군","10.2","14.9","3.8","11.5","7.4","12.7","2.1","1.5","0.0","1.4","3.8","11.3","7.1","0.0","0.0","0.0","72.6","52.8","60.7","6.4","2.6","0.0","0.0","0.0","0.0","10.6","6.0","2.3"
"20220330","인천","남구","10.4","16.0","7.3","9.5","8.1","12.7","4.5","0.0","0.0","1.4","1.0","11.2","7.2","8.38","22.56","0.0","72.9","47.3","62.5","7.1","0.8","4.5","0.0","0.0","0.0","7.7","6.9","3.4"
"20220330","인천","강화군","9.2","14.8","2.9","8.2","7.1","12.5","1.7","0.7","0.0","1.2","0.6","11.2","7.1","0.0","0.0","0.0","86.0","59.5","59.8","7.9","0.0","0.0","0.0","0.0","0.0","4.9","8.0","2.2"
"20220329","인천","남구","9.3","14.1","3.2","8.4","7.8","12.3","4.2","0.0","0.0","1.1","11.1","7.6","7.3","22.77","17.32","0.0","53.8","75.9","63.7","1.1","7.1","4.3","0.0","0.0","0.0","6.7","9.1","3.4"
"20220329","인천","강화군","7.1","13.9","-1.3","8.5","6.8","12.2","1.4","0.0","0.1","0.9","10.5","7.4","7.1","0.0","0.0","0.0","63.9","82.4","61.0","2.9","4.0","0.0","0.0","0.0","0.0","7.3","8.2","2.2"
"20220328","인천","남구","6.8","11.7","2.7","8.0","7.5","12.1","3.9","0.0","8.2","0.9","11.7","0.0","7.4","23.56","4.02","0.0","39.3","92.0","64.4","0.8","10.0","4.1","0.0","0.0","0.0","7.0","9.9","3.4"
"20220328","인천","강화군","5.9","12.1","-1.7","8.5","6.6","12.0","1.0","0.0","11.6","0.8","11.4","0.2","7.2","0.0","0.0","0.0","41.9","98.0","61.4","0.0","8.4","0.0","0.0","0.0","0.0","6.7","10.3","2.2"
"20220327","인천","남구","7.3","11.0","4.7","12.1","7.2","11.8","3.7","0.0","22.3","0.6","10.8","0.0","7.3","21.62","2.89","0.0","52.1","65.6","64.4","0.3","9.8","4.1","0.0","0.0","0.0","15.7","9.9","3.4"
"20220327","인천","강화군","7.5","11.9","2.1","10.1","6.3","11.6","0.8","0.0","29.6","0.5","10.3","0.0","7.2","0.0","0.0","0.0","49.4","83.1","61.4","1.6","10.0","0.0","0.0","0.0","0.0","13.6","5.5","2.3"
"20220326","인천","남구","10.2","14.4","7.2","10.6","6.9","11.4","3.5","17.2","0.0","0.5","2.6","7.0","7.3","10.58","15.21","0.0","80.5","61.1","63.9","8.5","7.4","4.1","0.0","0.0","0.0","13.7","4.6","3.5"
"20220326","인천","강화군","11.4","16.3","8.2","9.0","6.0","11.2","0.7","30.9","0.0","0.4","3.0","3.8","7.3","0.0","0.0","0.0","77.8","69.1","60.8","7.0","8.0","0.0","0.0","0.0","0.0","10.7","5.0","2.4"
"20220325","인천","남구","12.3","17.2","7.4","8.9","6.7","11.0","3.3","9.3","0.0","0.8","0.6","10.7","7.2","7.61","20.43","0.0","62.5","80.6","63.7","8.8","4.8","4.0","0.0","0.0","0.0","12.7","6.8","3.6"
"20220325","인천","강화군","11.2","16.8","4.7","8.1","5.8","10.9","0.6","13.7","0.0","0.7","0.9","8.9","7.3","0.0","0.0","0.0","73.1","89.9","60.8","8.3","6.0","0.0","0.0","0.0","0.0","6.7","8.5","2.4"
"20220324","인천","남구","7.2","10.5","3.9","9.9","6.5","10.8","3.1","0.0","0.0","0.9","0.1","8.8","7.1","6.67","19.18","0.0","71.8","63.3","63.1","7.8","4.4","4.2","0.0","0.0","0.0","7.5","9.9","3.6"
"20220324","인천","강화군","6.9","10.7","1.6","8.8","5.7","10.7","0.5","0.0","0.0","0.7","0.0","8.4","7.3","0.0","0.0","0.0","80.9","76.6","59.8","8.5","6.0","0.0","0.0","0.0","0.0","7.0","9.8","2.3"
"20220323","인천","남구","5.1","6.0","4.1","7.9","6.4","10.7","3.1","0.0","0.0","1.1","0.2","10.7","6.9","7.21","19.65","0.0","59.9","69.5","62.3","8.3","0.3","4.4","0.0","0.0","0.0","6.3","10.1","3.7"
"20220323","인천","강화군","5.0","6.8","1.8","7.2","5.6","10.6","0.6","0.0","0.0","0.8","0.1","10.2","7.2","0.0","0.0","0.0","65.0","77.9","59.3","8.9","0.9","0.0","0.0","0.0","0.0","6.5","10.2","2.4"
"20220322","인천","남구","5.9","10.6","2.2","5.8","6.5","11.0","3.1","0.0","0.0","1.3","11.0","11.6","6.9","21.27","21.59","0.0","53.4","60.5","61.6","1.9","0.1","4.4","0.0","0.0","0.0","8.1","10.3","3.6"
"20220322","인천","강화군","6.2","12.0","0.7","5.5","5.7","10.9","0.6","0.0","0.0","1.0","11.0","11.2","7.2","0.0","0.0","0.0","53.8","64.9","58.8","2.4","1.1","0.0","0.0","0.0","0.0","10.2","10.6","2.4"
"20220321","인천","남구","4.2","8.3","0.4","5.4","6.7","11.3","3.1","0.0","0.0","1.3","6.5","7.0","7.0","15.96","14.0","0.0","47.5","63.4","62.1","7.3","5.1","4.2","0.0","0.0","0.0","8.8","17.2","3.6"
"20220321","인천","강화군","4.8","8.8","-1.9","5.5","5.8","11.2","0.5","0.0","0.0","1.2","7.4","4.9","7.3","0.0","0.0","0.0","48.9","69.0","59.1","6.8","6.0","0.0","0.0","0.0","0.0","8.0","14.5","2.4"
"20220320","인천","남구","4.5","7.3","1.9","8.6","6.8","11.5","3.1","0.0","3.4","1.4","8.9","0.0","7.0","18.96","2.32","0.0","64.4","78.3","62.6","5.5","9.9","4.2","0.0","0.0","0.0","8.9","8.2","3.6"
"20220320","인천","강화군","4.4","8.8","1.0","8.4","5.9","11.3","0.6","0.0","4.5","1.2","9.4","0.0","7.2","0.0","0.0","0.0","67.3","87.6","59.9","3.9","8.9","0.0","0.0","0.0","0.0","8.8","8.3","2.4"
"20220319","인천","남구","3.6","6.4","1.5","12.3","6.7","11.5","3.0","12.0","0.0","1.2","0.0","8.9","7.0","3.33","17.17","0.0","83.3","49.6","63.0","8.5","7.8","4.2","0.0","0.0","0.0","8.6","6.9","3.5"
"20220319","인천","강화군","2.7","5.8","0.5","11.8","5.8","11.3","0.4","15.6","0.0","1.2","0.0","8.5","7.2","0.0","0.0","0.0","93.4","60.1","61.0","8.4","6.6","0.0","0.0","0.0","0.0","7.6","6.7","2.4"
"20220318","인천","남구","7.8","9.3","6.4","9.2","6.6","11.4","2.9","0.0","0.0","1.3","0.0","9.4","7.1","5.02","15.4","0.0","55.8","56.6","63.9","9.6","5.4","4.2","0.0","0.0","0.0","10.8","5.1","3.5"
"20220318","인천","강화군","6.9","10.2","4.3","8.5","5.6","11.1","0.2","0.0","0.0","1.3","0.7","7.3","7.1","0.0","0.0","0.0","62.5","60.8","62.2","9.4","5.6","0.0","0.0","0.0","0.0","9.9","5.4","2.4"
"20220317","인천","남구","9.4","13.4","6.8","7.1","6.4","11.2","2.7","0.1","0.0","1.6","0.6","10.7","7.0","8.3","19.4","0.0","62.8","45.0","64.1","9.9","0.8","4.2","0.0","0.0","0.0","10.0","7.4","3.5"
"20220317","인천","강화군","9.4","14.0","6.2","6.3","5.4","10.8","-0.1","0.0","0.0","1.3","1.0","10.7","7.1","0.0","0.0","0.0","59.8","49.4","62.4","9.8","1.0","0.0","0.0","0.0","0.0","8.9","8.0","2.4"
"20220316","인천","남구","8.0","13.2","3.0","7.4","6.2","10.8","2.5","0.0","0.3","1.4","7.8","10.8","6.9","17.12","19.92","0.0","69.9","45.3","63.8","4.5","2.0","4.4","0.0","0.0","0.0","8.2","12.9","3.5"
"20220316","인천","강화군","8.0","15.1","-0.5","7.6","5.1","10.5","-0.3","0.0","0.3","1.0","8.1","10.6","6.8","0.0","0.0","0.0","70.4","46.3","62.4","4.4","3.1","0.0","0.0","0.0","0.0","7.0","13.1","2.3"
"20220315","인천","남구","5.1","9.4","1.6","9.2","5.8","10.4","2.1","0.0","0.5","1.3","9.5","4.3","6.9","18.6","11.89","0.0","76.4","69.8","63.4","2.9","8.3","4.3","0.0","0.0","0.0","6.8","10.1","3.5"
"20220315","인천","강화군","4.1","10.3","-0.7","8.0","4.7","10.1","-0.8","0.0","0.7","0.9","8.7","2.4","6.8","0.0","0.0","0.0","85.9","79.8","61.8","2.6","9.0","0.0","0.0","0.0","0.0","6.4","9.4","2.3"
"20220314","인천","남구","6.8","11.5","3.5","5.7","5.5","10.0","1.8","6.4","0.0","1.3","0.0","5.2","6.9","1.99","13.8","0.0","91.6","85.4","62.7","7.3","6.6","4.2","0.0","0.0","0.0","14.4","6.5","3.6"
"20220314","인천","강화군","6.8","11.4","2.3","4.8","4.4","9.7","-1.0","6.2","0.0","0.9","0.0","8.6","6.8","0.0","0.0","0.0","93.4","91.0","61.1","7.8","4.6","0.0","0.0","0.0","0.0","12.2","7.7","2.3"
"20220313","인천","남구","10.0","11.8","8.4","7.8","5.1","9.5","1.4","32.8","0.0","0.9","0.0","5.1","7.1","4.53","13.15","0.0","95.5","66.5","61.9","8.6","3.8","4.0","0.0","0.0","0.0","12.7","7.2","3.6"
"20220313","인천","강화군","10.3","13.7","7.8","7.8","4.0","9.2","-1.5","16.1","0.0","0.6","0.0","1.5","7.1","0.0","0.0","0.0","98.5","72.9","60.3","8.3","5.3","0.0","0.0","0.0","0.0","6.5","8.1","2.3"
"20220312","인천","남구","11.0","16.8","6.8","9.7","4.7","8.9","1.2","2.5","0.0","0.6","2.6","0.9","7.0","12.1","7.98","0.0","77.1","57.3","62.0","6.9","6.5","4.0","0.0","0.0","0.0","9.5","9.3","3.7"
"20220312","인천","강화군","9.4","17.5","2.6","10.0","3.6","8.7","-1.5","9.5","0.0","0.6","1.0","1.7","6.9","0.0","0.0","0.0","83.6","60.0","60.6","7.0","6.6","0.0","0.0","0.0","0.0","8.7","8.3","2.3"
"20220311","인천","남구","10.1","16.1","5.1","8.0","4.5","8.8","0.9","0.0","0.0","0.7","5.3","8.1","7.2","13.48","15.41","0.0","65.9","58.0","61.6","6.3","6.3","4.1","0.0","0.0","0.0","5.9","6.0","3.8"
"20220311","인천","강화군","8.5","17.0","0.9","7.1","3.4","8.6","-1.8","0.0","0.0","0.6","6.1","7.8","7.2","0.0","0.0","0.0","74.3","61.1","60.4","6.3","7.4","0.0","0.0","0.0","0.0","5.8","6.2","2.3"
"20220310","인천","남구","7.3","12.6","2.9","7.0","4.2","8.5","0.7","0.0","0.0","0.6","8.9","10.2","7.1","16.03","17.54","0.0","63.0","68.9","62.2","7.4","0.3","4.1","0.0","0.0","0.0","7.0","5.2","3.7"
"20220310","인천","강화군","5.6","12.7","-0.9","5.4","3.2","8.3","-2.0","0.0","0.0","0.7","9.7","10.1","7.1","0.0","0.0","0.0","73.5","72.1","61.2","5.1","1.8","0.0","0.0","0.0","0.0","7.2","6.2","2.2"
"20220309","인천","남구","5.8","11.0","3.2","5.6","4.0","8.3","0.5","0.0","0.0","0.7","9.6","9.6","7.0","17.64","14.98","0.0","77.1","69.9","62.6","4.0","4.5","4.2","0.0","0.0","0.0","5.7","7.7","3.8"
"20220309","인천","강화군","3.7","9.6","-0.7","4.3","3.0","8.1","-2.0","0.0","0.0","0.8","7.6","9.2","7.1","0.0","0.0","0.0","81.9","70.8","61.3","5.3","4.8","0.0","0.0","0.0","0.0","7.3","7.8","2.3"
"20220308","인천","남구","4.9","9.4","1.4","5.3","4.0","8.2","0.5","0.0","0.0","0.9","7.1","10.9","6.7","15.13","17.95","0.0","61.6","66.6","63.4","4.6","0.1","4.4","0.0","0.0","0.0","6.6","6.9","3.8"
"20220308","인천","강화군","3.9","9.1","-0.9","3.8","2.9","8.0","-1.9","0.0","0.0","1.0","6.7","10.7","6.7","0.0","0.0","0.0","69.5","68.0","62.2","5.3","0.1","0.0","0.0","0.0","0.0","6.7","7.4","2.2"
"20220307","인천","남구","2.1","6.7","-1.9","5.5","4.0","8.2","0.5","0.0","0.0","1.2","7.7","9.7","6.5","14.87","16.95","0.0","44.8","60.6","64.7","6.1","4.4","4.5","0.0","0.0","0.0","6.3","7.2","3.7"
"20220307","인천","강화군","0.4","5.9","-5.4","4.7","2.9","8.0","-2.1","0.0","0.0","1.5","6.9","9.0","6.6","0.0","0.0","0.0","52.3","68.3","63.2","7.0","3.6","0.0","0.0","0.0","0.0","6.0","7.4","2.2"
"20220306","인천","남구","1.3","4.8","-0.9","6.7","3.9","8.1","0.5","0.0","0.0","1.5","10.8","3.8","6.4","20.07","10.95","0.0","38.9","64.5","65.6","1.1","5.5","4.6","0.0","0.0","0.0","10.9","9.0","3.7"
"20220306","인천","강화군","1.3","6.1","-4.9","4.9","2.8","7.8","-2.0","0.0","0.0","1.9","10.6","4.3","6.4","0.0","0.0","0.0","37.3","73.4","64.1","2.5","7.3","0.0","0.0","0.0","0.0","11.6","9.5","2.2"
"20220305","인천","남구","2.0","5.2","0.0","8.0","3.9","8.1","0.4","0.0","0.0","1.4","10.8","10.5","6.4","19.43","17.52","0.0","36.8","70.0","65.3","0.0","0.8","4.5","0.0","0.0","0.0","15.0","8.5","3.6"
"20220305","인천","강화군","2.4","6.4","-0.3","6.9","2.8","7.8","-2.1","0.0","0.0","1.7","10.4","10.5","6.5","0.0","0.0","0.0","35.3","81.5","64.0","0.8","1.4","0.0","0.0","0.0","0.0","13.8","8.4","2.2"
"20220304","인천","남구","6.4","12.7","2.8","7.7","3.7","7.9","0.3","0.0","0.0","1.4","3.5","3.7","6.4","10.29","9.97","0.0","67.4","55.8","65.4","4.8","6.4","4.5","0.0","0.0","0.0","17.2","7.1","3.5"
"20220304","인천","강화군","5.0","13.0","-2.6","5.8","2.6","7.6","-2.5","0.0","0.0","1.6","2.0","1.8","6.6","0.0","0.0","0.0","79.6","72.8","64.1","4.5","6.1","0.0","0.0","0.0","0.0","16.0","4.3","2.1"
"20220303","인천","남구","5.1","9.4","1.4","3.8","3.6","7.9","0.2","0.0","0.0","1.4","10.6","10.3","6.5","18.08","15.71","0.0","62.9","64.6","64.9","0.0","3.6","4.3","0.0","0.0","0.0","8.7","7.2","3.5"
"20220303","인천","강화군","3.6","9.4","-2.1","2.2","2.5","7.6","-2.6","0.0","0.0","1.6","10.5","10.0","6.7","0.0","0.0","0.0","63.0","78.4","63.4","0.8","3.3","0.0","0.0","0.0","0.0","6.6","6.2","2.1"
"20220302","인천","남구","3.0","6.4","-1.0","1.9","3.5","7.8","0.1","0.0","0.0","1.3","10.8","10.4","6.4","18.89","18.49","0.0","64.4","68.1","64.1","0.0","3.6","4.4","0.0","0.1","0.0","9.2","9.5","3.4"
"20220302","인천","강화군","3.0","7.0","-2.4","2.1","2.4","7.4","-2.7","0.0","0.0","1.3","10.6","9.8","6.6","0.0","0.0","0.0","67.9","72.9","63.1","0.8","4.4","0.0","0.0","0.0","0.0","10.6","7.3","2.0"
"20220301","인천","남구","4.8","8.2","-0.1","3.9","3.3","7.6","-0.1","4.3","58.7","1.2","4.4","0.0","6.4","9.76","1.29","0.0","73.4","89.0","64.1","5.5","10.0","4.3","0.0","0.4","0.0","10.5","13.0","3.3"
"20220301","인천","강화군","4.4","9.7","-0.3","3.4","2.1","7.2","-3.0","1.1","55.6","1.2","5.4","0.0","6.6","0.0","0.0","0.0","69.8","91.9","62.9","4.9","9.9","0.0","0.0","0.0","0.0","9.1","12.8","2.0"
"20220228","인천","남구","5.6","10.0","2.1","7.0","3.2","7.5","-0.2","0.0","0.0","1.1","6.0","2.5","6.5","12.25","7.18","0.0","65.1","45.9","64.0","5.3","6.4","4.3","0.0","0.0","0.0","6.0","6.3","3.4"
"20220228","인천","강화군","4.2","10.0","-2.0","6.4","2.0","7.1","-3.1","0.0","0.0","1.1","3.7","2.7","6.6","0.0","0.0","0.0","77.1","55.0","62.7","5.6","6.8","0.0","0.0","0.0","0.0","6.4","4.9","2.0"
"20220227","인천","남구","3.4","6.9","-0.5","9.2","3.2","7.6","-0.2","0.0","0.0","1.3","10.5","10.1","6.3","17.92","17.12","0.0","66.1","41.6","64.2","0.0","3.3","4.4","0.0","0.0","0.0","10.2","10.0","3.3"
"20220227","인천","강화군","3.4","7.8","-3.9","7.7","1.9","7.2","-3.1","0.0","0.0","1.3","10.5","9.5","6.4","0.0","0.0","0.0","69.5","52.4","63.0","0.8","3.9","0.0","0.0","0.0","0.0","10.6","7.8","2.0"
"20220226","인천","남구","4.1","7.0","1.4","7.4","3.1","7.5","-0.5","0.5","0.0","1.1","0.2","9.2","6.4","6.28","16.45","0.0","80.6","27.6","63.4","6.1","5.4","4.3","0.0","0.0","0.0","15.2","7.5","3.1"
"20220226","인천","강화군","4.9","8.0","1.1","7.2","1.8","7.1","-3.4","0.0","0.0","1.2","0.1","9.2","6.4","0.0","0.0","0.0","84.8","32.8","62.2","6.5","4.9","0.0","0.0","0.0","0.0","16.5","8.6","1.9"
"20220225","인천","남구","2.9","6.8","-1.9","3.2","2.7","7.0","-0.9","0.0","0.0","0.9","5.7","0.0","6.9","12.09","5.08","0.0","79.1","42.4","62.4","4.1","8.4","3.8","0.0","0.0","0.0","7.3","6.8","3.2"
"20220225","인천","강화군","1.9","6.8","-6.0","1.4","1.3","6.8","-3.8","0.0","0.0","0.8","3.5","0.0","6.9","0.0","0.0","0.0","88.5","45.4","61.1","4.4","8.6","0.0","0.0","0.0","0.0","6.2","4.0","1.9"
"20220224","인천","남구","-1.6","1.9","-7.3","0.9","2.4","6.8","-1.2","0.0","0.0","0.8","10.4","8.1","6.7","17.54","13.97","0.0","51.5","39.8","62.8","0.0","7.3","3.9","0.0","0.0","0.0","7.7","7.6","3.3"
"20220224","인천","강화군","-3.5","2.2","-12.0","0.1","1.1","6.5","-4.1","0.0","0.0","0.7","10.4","8.6","6.7","0.0","0.0","0.0","62.8","41.1","61.7","0.0","7.4","0.0","0.0","0.0","0.0","8.4","8.8","2.0"
"20220223","인천","남구","-5.3","-1.5","-8.2","-0.6","2.1","6.3","-1.4","0.0","0.0","1.4","10.3","10.1","6.5","17.9","16.27","0.0","35.4","32.6","62.1","0.0","3.1","4.0","0.0","0.0","0.0","11.7","10.4","3.4"
"20220223","인천","강화군","-6.0","-0.5","-12.2","-0.6","0.8","6.1","-4.2","0.0","0.0","1.3","10.3","10.0","6.5","0.0","0.0","0.0","41.8","32.1","61.5","0.0","4.6","0.0","0.0","0.0","0.0","11.6","9.8","2.0"
"20220222","인천","남구","-4.4","-1.3","-7.2","6.4","1.9","6.2","-1.7","0.0","0.0","1.1","9.5","6.8","7.0","16.87","12.2","0.0","40.8","57.9","61.4","0.9","2.8","3.5","0.0","0.0","0.0","12.6","14.4","3.5"
"20220222","인천","강화군","-5.2","0.0","-10.0","6.4","0.6","5.9","-4.6","0.0","0.0","0.9","9.9","6.9","6.8","0.0","0.0","0.0","44.3","58.6","60.8","2.3","4.1","0.0","0.0","0.0","0.0","11.5","11.5","2.0"
"20220221","인천","남구","-2.4","3.0","-6.5","10.1","1.7","5.9","-1.9","0.0","0.0","1.1","7.9","9.8","7.0","13.76","14.53","0.0","54.4","67.9","61.6","1.5","1.5","3.5","0.0","0.0","0.0","14.3","10.2","3.5"
"20220221","인천","강화군","-3.2","3.7","-9.9","9.1","0.4","5.6","-4.8","0.4","0.0","1.0","6.5","9.2","6.9","0.0","0.0","0.0","61.8","78.3","61.2","2.5","2.3","0.0","0.0","0.0","0.0","11.6","11.0","2.0"
"20220220","인천","남구","-4.7","-1.4","-7.8","7.1","1.5","5.8","-2.1","0.0","0.0","1.1","10.3","7.4","7.0","17.34","13.99","0.0","42.3","65.8","60.7","0.3","1.6","3.6","0.0","0.0","0.0","13.5","10.0","3.5"
"20220220","인천","강화군","-4.9","-0.4","-8.5","6.3","0.2","5.5","-5.1","0.0","0.0","1.0","10.2","8.3","6.9","0.0","0.0","0.0","42.6","74.1","60.9","1.0","4.1","0.0","0.0","0.0","0.0","11.8","9.3","2.0"
"20220219","인천","남구","-1.7","3.1","-5.5","2.0","1.2","5.4","-2.4","0.0","0.0","0.9","5.1","10.1","7.2","11.51","14.96","0.0","56.3","62.5","59.2","5.8","1.8","3.3","0.0","0.0","0.0","14.6","11.9","3.5"
"20220219","인천","강화군","-2.0","3.0","-5.5","1.5","-0.1","5.1","-5.4","0.0","0.0","0.7","3.2","8.6","7.1","0.0","0.0","0.0","57.3","73.6","59.1","6.0","3.9","0.0","0.0","0.0","0.0","11.8","11.7","2.0"
"20220218","인천","남구","-1.9","2.9","-7.5","-5.3","0.8","5.1","-2.7","0.0","0.0","0.7","8.6","10.2","7.3","15.1","15.87","0.0","45.4","40.9","59.2","4.1","0.0","3.2","0.0","0.0","0.0","5.8","13.6","3.5"
"20220218","인천","강화군","-3.3","3.4","-10.6","-5.3","-0.4","4.8","-5.8","0.0","0.0","0.6","8.7","10.1","7.2","0.0","0.0","0.0","52.3","45.8","58.7","4.7","0.8","0.0","0.0","0.0","0.0","5.6","12.8","2.0"
"20220217","인천","남구","-6.4","-2.7","-9.7","-8.2","0.7","4.9","-2.7","0.0","0.0","0.9","10.2","10.1","6.9","16.45","15.88","0.0","41.1","43.9","59.2","0.0","1.5","3.5","0.0","0.0","0.0","12.7","16.2","3.5"
"20220217","인천","강화군","-6.7","-1.7","-11.1","-8.1","-0.5","4.5","-5.7","0.0","0.0","0.9","10.1","9.7","6.8","0.0","0.0","0.0","45.1","43.5","58.7","1.1","1.4","0.0","0.0","0.0","0.0","9.1","14.0","2.0"
"20220216","인천","남구","-7.2","-4.9","-8.8","-4.9","0.8","4.8","-2.7","0.0","2.4","0.9","7.9","3.5","6.7","14.43","7.66","0.0","49.6","51.5","59.6","1.4","3.6","3.7","0.0","1.6","0.0","14.0","17.6","3.6"
"20220216","인천","강화군","-7.4","-3.8","-10.6","-5.5","-0.5","4.5","-5.6","0.0","1.5","0.8","9.0","4.1","6.7","0.0","0.0","0.0","52.8","61.3","59.2","1.1","4.0","0.0","0.0","0.0","0.0","10.9","11.5","2.0"
"20220215","인천","남구","-5.2","-1.7","-7.4","0.1","0.8","4.8","-2.6","0.0","0.8","1.3","5.5","7.2","6.6","12.65","12.11","0.0","57.5","63.6","60.3","4.5","5.4","3.8","0.0","0.0","0.0","13.2","18.3","3.5"
"20220215","인천","강화군","-5.4","-1.9","-9.6","-0.1","-0.4","4.5","-5.6","0.0","1.1","1.2","7.7","7.5","6.4","0.0","0.0","0.0","57.8","68.1","60.0","3.9","4.3","0.0","0.0","0.0","0.0","12.2","17.3","2.0"
"20220214","인천","남구","1.4","6.4","-1.7","7.3","0.8","4.8","-2.6","1.0","0.0","1.4","1.3","1.5","6.5","7.13","6.53","0.0","71.4","58.3","60.6","6.9","8.5","3.9","0.0","0.0","0.0","10.4","4.0","3.5"
"20220214","인천","강화군","0.7","6.8","-3.2","6.6","-0.5","4.4","-5.6","1.8","0.0","1.3","0.4","0.3","6.3","0.0","0.0","0.0","77.1","61.3","60.5","6.1","8.3","0.0","0.0","0.0","0.0","11.8","5.1","2.0"
"20220213","인천","남구","3.7","7.4","1.1","4.8","0.8","4.7","-2.6","0.0","0.0","1.1","3.5","9.0","6.5","9.24","13.8","0.0","44.1","74.6","59.9","5.5","2.9","3.9","0.0","0.0","0.0","6.4","5.4","3.5"
"20220213","인천","강화군","3.3","9.1","-2.3","3.5","-0.5","4.4","-5.7","0.0","0.0","1.0","3.1","9.6","6.4","0.0","0.0","0.0","47.0","73.6","60.1","5.5","2.5","0.0","0.0","0.0","0.0","5.3","4.9","1.9"
"20220212","인천","남구","3.5","7.6","0.0","5.2","0.5","4.5","-2.9","0.0","0.0","0.8","9.3","9.3","6.6","14.81","13.29","0.0","61.0","70.5","59.6","5.5","4.1","3.9","0.0","0.0","0.0","6.0","5.0","3.4"
"20220212","인천","강화군","2.6","9.9","-4.3","2.8","-0.8","4.2","-6.1","0.0","0.0","0.7","9.4","9.2","6.4","0.0","0.0","0.0","57.8","75.6","60.4","5.0","2.6","0.0","0.0","0.0","0.0","6.4","5.4","1.9"
"20220211","인천","남구","2.3","7.3","-1.6","4.7","0.0","4.0","-3.3","0.0","0.0","0.9","8.4","7.1","6.6","13.3","11.25","0.0","75.6","76.1","59.8","2.5","6.5","3.8","0.0","0.0","0.0","4.0","5.3","3.4"
"20220211","인천","강화군","1.2","7.3","-6.0","3.2","-1.3","3.7","-6.6","0.0","0.0","0.8","8.7","5.9","6.4","0.0","0.0","0.0","72.5","84.3","60.3","3.0","7.3","0.0","0.0","0.0","0.0","5.3","4.6","1.9"
"20220210","인천","남구","1.3","6.0","-1.8","3.0","-0.5","3.5","-3.7","0.0","0.0","0.5","9.6","4.2","6.5","14.09","7.5","0.0","62.8","77.6","59.9","1.6","5.8","3.8","0.0","0.0","0.0","6.3","7.3","3.5"
"20220210","인천","강화군","0.0","6.2","-6.1","2.2","-1.8","3.1","-6.9","0.0","0.0","0.4","9.5","2.1","6.4","0.0","0.0","0.0","66.9","88.3","60.2","3.1","7.4","0.0","0.0","0.0","0.0","7.9","6.6","1.9"
"20220209","인천","남구","0.4","4.9","-3.2","-0.6","-0.6","3.4","-4.1","0.0","0.0","0.4","9.4","10.1","6.4","12.98","14.55","0.0","63.6","50.9","60.4","4.8","0.0","3.9","0.0","0.0","0.0","5.3","6.1","3.5"
"20220209","인천","강화군","-1.3","5.0","-7.4","-2.0","-2.0","3.1","-7.1","0.0","0.0","0.4","9.5","9.8","6.2","0.0","0.0","0.0","67.0","66.6","60.7","4.6","0.0","0.0","0.0","0.0","0.0","4.6","7.4","1.9"
"20220208","인천","남구","0.2","4.6","-2.0","-3.0","-0.7","3.3","-4.1","0.0","0.0","0.3","8.6","10.1","6.2","14.27","14.91","0.0","55.5","39.1","61.7","2.0","0.0","4.0","0.0","0.0","0.0","7.1","14.4","3.4"
"20220208","인천","강화군","-1.1","5.1","-6.6","-3.4","-2.1","3.0","-7.1","0.0","0.0","0.2","8.9","9.8","6.1","0.0","0.0","0.0","67.3","43.8","61.9","2.3","0.6","0.0","0.0","0.0","0.0","6.0","10.4","1.8"
"20220207","인천","남구","-1.9","0.8","-5.7","2.0","-0.8","3.2","-4.2","0.0","0.0","0.4","6.5","6.2","6.3","9.88","10.07","0.0","49.8","68.4","61.8","7.0","4.3","3.9","0.0","0.0","0.0","7.7","10.3","3.4"
"20220207","인천","강화군","-3.2","2.0","-9.6","1.7","-2.2","2.8","-7.3","0.0","0.0","0.3","6.4","7.2","6.2","0.0","0.0","0.0","61.1","64.1","61.8","6.4","3.9","0.0","0.0","0.0","0.0","6.2","10.1","1.8"
"20220206","인천","남구","-2.9","0.3","-6.1","5.9","-0.9","3.1","-4.2","0.0","0.0","0.3","9.8","1.6","6.4","14.18","5.61","0.0","48.6","83.5","61.6","0.6","8.8","3.7","0.0","0.0","0.0","10.8","8.0","3.3"
"20220206","인천","강화군","-4.2","1.2","-9.7","5.5","-2.3","2.8","-7.4","0.0","0.0","0.2","9.6","0.9","6.3","0.0","0.0","0.0","57.5","90.9","61.8","1.0","9.4","0.0","0.0","0.0","0.0","10.4","7.0","1.7"
"20220205","인천","남구","-6.0","-3.1","-8.4","1.9","-0.9","3.1","-4.3","0.0","0.0","0.4","9.1","5.5","6.4","13.23","9.84","0.0","47.3","71.0","62.2","0.5","5.5","3.5","0.0","0.0","0.0","13.3","9.3","3.2"
"20220205","인천","강화군","-6.0","-2.2","-10.4","1.2","-2.4","2.7","-7.6","0.0","0.0","0.3","9.6","2.1","6.4","0.0","0.0","0.0","49.1","84.4","62.4","0.6","6.9","0.0","0.0","0.0","0.0","11.5","9.7","1.7"
"20220204","인천","남구","-4.8","-1.7","-7.5","-3.6","-1.2","2.8","-4.5","0.0","0.1","0.4","7.8","9.9","6.8","12.44","14.39","0.0","51.9","42.1","61.2","1.3","0.3","3.2","0.0","0.1","0.0","16.4","14.6","3.1"
"20220204","인천","강화군","-5.7","-0.9","-10.0","-4.7","-2.7","2.4","-7.9","0.0","0.0","0.3","9.1","9.6","6.8","0.0","0.0","0.0","57.3","52.5","61.7","2.3","4.6","0.0","0.0","0.0","0.0","15.1","11.0","1.7"
"20220203","인천","남구","-3.4","-0.7","-6.0","-2.8","-1.4","2.6","-4.9","0.0","3.3","0.7","9.7","7.4","7.1","14.04","11.47","0.0","50.8","65.5","60.4","0.5","4.1","2.8","0.0","4.5","0.0","9.6","12.0","3.2"
"20220203","인천","강화군","-4.8","-0.2","-9.8","-3.6","-3.0","2.2","-8.2","0.0","8.4","0.6","9.7","5.6","7.0","0.0","0.0","0.0","59.6","78.5","60.9","1.4","4.3","0.0","0.0","0.0","0.0","8.4","12.7","1.7"
"20220202","인천","남구","-3.0","-1.1","-4.9","-5.6","-1.5","2.5","-4.9","0.0","0.0","0.8","9.6","9.8","6.9","13.63","13.45","0.0","59.4","43.4","60.1","2.4","1.5","2.8","0.0","0.1","0.0","8.0","14.1","3.2"
"20220202","인천","강화군","-5.0","-0.7","-9.3","-6.0","-3.0","2.2","-8.2","0.0","0.0","0.6","9.6","9.4","6.9","0.0","0.0","0.0","71.0","47.1","61.0","3.3","2.8","0.0","0.0","0.0","0.0","6.1","11.6","1.7"
"20220201","인천","남구","-1.4","0.9","-3.7","4.5","-1.5","2.5","-4.9","1.2","0.0","0.7","4.8","0.5","6.9","5.89","4.58","0.0","75.1","79.0","59.6","5.3","7.4","2.8","2.3","0.0","0.0","9.6","14.3","3.3"
"20220201","인천","강화군","-2.0","0.9","-6.9","4.0","-3.0","2.2","-8.2","1.0","0.8","0.6","4.7","0.4","7.0","0.0","0.0","0.0","85.4","79.9","60.7","4.6","6.8","0.0","0.0","0.0","0.0","8.5","12.0","1.7"
"20220131","인천","남구","-0.3","3.9","-5.5","4.9","-1.4","2.5","-4.8","1.9","0.0","0.7","8.4","7.9","6.7","11.71","9.91","0.0","56.4","53.9","58.6","4.9","5.4","3.0","3.1","0.0","0.0","8.7","8.8","3.3"
"20220131","인천","강화군","-1.6","3.6","-9.5","3.2","-2.9","2.2","-8.2","5.3","0.0","0.5","8.2","4.7","6.9","0.0","0.0","0.0","66.6","65.3","59.9","4.1","6.4","0.0","0.0","0.0","0.0","7.1","9.6","1.7"
"20220130","인천","남구","-2.9","1.9","-7.0","-0.3","-1.3","2.6","-4.7","0.0","0.0","0.6","9.6","7.1","6.6","13.36","10.43","0.0","41.9","63.3","58.2","0.6","3.4","3.1","0.0","0.0","0.0","10.3","8.8","3.3"
"20220130","인천","강화군","-3.0","2.8","-10.0","-1.8","-2.8","2.3","-8.0","0.0","0.0","0.5","9.5","7.5","6.8","0.0","0.0","0.0","42.3","65.5","59.7","1.3","3.9","0.0","0.0","0.0","0.0","7.4","6.5","1.7"
"20220129","인천","남구","-3.5","-0.1","-6.4","-8.3","-1.3","2.6","-4.7","0.0","0.0","0.3","9.5","9.6","6.4","13.28","13.26","0.0","47.4","39.1","58.6","1.0","1.1","3.3","0.0","0.0","0.0","7.7","15.4","3.3"
"20220129","인천","강화군","-4.0","1.0","-9.3","-8.8","-2.8","2.3","-8.1","0.0","0.0","0.2","9.4","9.4","6.6","0.0","0.0","0.0","50.6","43.5","60.5","2.0","2.0","0.0","0.0","0.0","0.0","9.1","14.0","1.7"
"20220128","인천","남구","-2.7","0.8","-5.0","-2.6","-1.4","2.5","-4.8","0.0","2.5","0.3","8.9","5.1","6.6","12.88","8.07","0.0","50.0","50.9","59.1","2.6","5.5","3.2","0.0","2.4","0.0","11.1","22.3","3.3"
"20220128","인천","강화군","-2.7","1.3","-8.7","-3.4","-2.9","2.2","-8.3","0.0","3.7","0.2","8.9","4.8","6.7","0.0","0.0","0.0","46.8","57.0","60.9","2.9","4.4","0.0","0.0","0.0","0.0","8.2","20.2","1.8"
"20220127","인천","남구","-1.6","2.0","-4.5","1.5","-1.6","2.3","-5.0","0.0","0.0","0.3","8.3","8.5","6.5","10.86","11.29","0.0","49.5","38.0","59.1","2.8","7.4","3.1","0.0","0.0","0.0","9.5","8.3","3.3"
"20220127","인천","강화군","-1.7","2.9","-7.7","1.6","-3.2","1.9","-8.5","0.0","0.0","0.2","8.9","7.2","6.5","0.0","0.0","0.0","49.9","34.9","60.9","2.9","6.6","0.0","0.0","0.0","0.0","9.5","8.3","1.7"
"20220126","인천","남구","0.9","4.8","-1.8","4.6","-1.9","2.0","-5.4","0.0","0.2","0.3","8.6","0.0","6.8","11.67","2.21","0.0","58.1","80.1","59.3","2.0","7.8","2.9","0.0","0.0","0.0","7.8","8.8","3.3"
"20220126","인천","강화군","0.5","5.1","-5.1","3.8","-3.5","1.6","-8.8","0.0","0.4","0.2","8.2","0.0","6.7","0.0","0.0","0.0","58.0","83.0","61.3","3.1","8.0","0.0","0.0","0.0","0.0","7.7","8.1","1.7"
"20220125","인천","남구","3.2","5.8","1.2","7.3","-2.1","1.7","-5.5","0.2","0.0","0.3","1.8","7.9","6.8","6.01","9.89","0.0","74.0","64.5","60.3","6.6","7.5","2.8","0.0","0.0","0.0","9.8","4.6","3.4"
"20220125","인천","강화군","3.2","6.0","1.0","4.3","-3.7","1.4","-8.8","0.0","0.0","0.2","0.6","6.6","6.6","0.0","0.0","0.0","75.8","79.0","62.0","8.3","7.8","0.0","0.0","0.0","0.0","7.2","4.2","1.7"
"20220124","인천","남구","4.5","9.2","-0.4","7.1","-2.1","1.7","-5.4","0.0","0.0","0.4","6.2","8.4","6.6","10.04","11.34","0.0","52.0","59.3","61.0","4.8","4.5","3.1","0.0","0.0","0.0","7.9","8.2","3.3"
"20220124","인천","강화군","4.7","8.7","1.1","5.8","-3.7","1.3","-8.7","0.0","0.0","0.3","5.5","7.7","6.4","0.0","0.0","0.0","55.9","69.1","62.3","5.5","6.0","0.0","0.0","0.0","0.0","8.1","7.4","1.7"
"20220123","인천","남구","1.1","4.8","-1.0","7.1","-2.1","1.6","-5.4","0.0","0.0","0.5","6.7","4.7","6.4","9.29","7.97","0.0","49.4","64.6","61.0","5.1","8.3","3.3","0.0","0.0","0.0","7.6","9.5","3.3"
"20220123","인천","강화군","0.7","5.7","-3.2","6.3","-3.7","1.2","-8.6","0.0","0.0","0.4","7.8","2.9","6.2","0.0","0.0","0.0","53.9","67.0","62.5","3.3","8.9","0.0","0.0","0.0","0.0","7.6","9.8","1.7"
"20220122","인천","남구","-0.7","4.3","-4.8","4.8","-1.9","1.8","-5.2","0.0","0.0","0.7","7.4","0.0","6.2","11.04","3.31","0.0","51.4","92.0","61.2","5.6","10.0","3.6","0.0","0.0","0.0","5.9","6.4","3.3"
"20220122","인천","강화군","-2.0","4.6","-8.7","4.5","-3.4","1.4","-8.3","0.0","0.0","0.4","5.9","0.0","6.0","0.0","0.0","0.0","54.8","97.0","63.1","6.6","8.8","0.0","0.0","0.0","0.0","5.7","4.9","1.7"
"20220121","인천","남구","-3.1","2.7","-7.6","4.9","-1.6","2.1","-4.9","0.0","14.4","0.6","9.3","0.0","6.1","12.01","2.33","0.0","57.0","66.5","61.1","0.0","9.5","3.9","0.0","0.0","0.0","5.1","6.4","3.2"
"20220121","인천","강화군","-5.6","2.9","-12.0","3.4","-3.2","1.7","-8.0","0.0","8.1","0.4","8.9","0.0","5.9","0.0","0.0","0.0","65.4","70.6","63.2","0.6","9.6","0.0","0.0","0.0","0.0","4.4","2.8","1.7"
"20220120","인천","남구","-5.4","-0.8","-9.5","1.0","-1.4","2.3","-4.7","0.0","0.0","0.6","9.3","9.0","5.9","11.81","10.87","0.0","58.9","29.0","61.2","0.0","3.0","4.0","0.0","0.0","0.0","7.2","5.7","3.2"
"20220120","인천","강화군","-7.1","0.0","-13.2","-2.0","-3.0","1.9","-7.9","0.0","0.0","0.4","8.8","7.8","5.7","0.0","0.0","0.0","65.1","43.0","63.6","1.1","3.9","0.0","0.0","0.0","0.0","6.6","3.8","1.6"
"20220119","인천","남구","-4.7","-2.5","-7.3","-6.7","-1.3","2.5","-4.7","0.2","0.0","0.6","0.4","9.3","5.9","3.32","11.48","0.0","65.3","36.0","61.3","5.6","0.0","4.0","0.6","0.0","0.0","12.1","10.4","3.0"
"20220119","인천","강화군","-5.5","-1.1","-9.7","-8.3","-3.0","2.0","-7.9","0.4","0.0","0.4","1.2","8.9","5.7","0.0","0.0","0.0","70.4","43.6","63.8","5.6","0.8","0.0","0.0","0.0","0.0","9.3","7.8","1.5"
"20220118","인천","남구","-5.2","-1.4","-8.4","-3.1","-1.2","2.7","-4.5","0.0","0.0","0.5","9.2","5.3","5.7","12.0","7.04","0.0","47.9","59.4","62.0","0.0","4.8","4.0","0.0","0.0","0.0","8.3","15.5","3.0"
"20220118","인천","강화군","-5.4","-1.3","-11.3","-4.2","-2.9","2.1","-7.8","0.0","0.1","0.4","8.8","4.2","5.6","0.0","0.0","0.0","50.6","63.8","64.5","0.8","5.1","0.0","0.0","0.0","0.0","6.4","14.4","1.5"
"20220117","인천","남구","-5.0","-1.4","-7.8","-5.1","-1.3","2.6","-4.7","0.4","0.5","0.4","3.9","8.4","5.9","7.64","10.79","0.0","56.9","55.3","61.8","2.8","3.5","3.8","0.6","0.8","0.0","13.6","7.6","2.9"
"20220117","인천","강화군","-6.7","-0.6","-12.1","-7.3","-3.1","2.0","-8.0","0.2","0.0","0.6","4.1","5.8","5.7","0.0","0.0","0.0","63.4","64.3","64.6","2.1","3.3","0.0","0.0","0.0","0.0","9.4","5.5","1.5"
"20220116","인천","남구","-2.7","2.9","-6.8","-5.3","-1.4","2.3","-4.8","0.0","0.0","0.4","9.2","8.7","5.7","12.08","10.76","0.0","56.1","59.3","61.7","1.3","0.6","3.7","0.0","0.0","0.0","11.5","12.0","2.9"
"20220116","인천","강화군","-2.9","2.3","-7.3","-6.2","-3.3","1.9","-8.0","0.0","0.0","0.7","8.6","8.6","5.7","0.0","0.0","0.0","55.6","62.3","64.2","2.1","0.6","0.0","0.0","0.0","0.0","9.1","9.4","1.5"
"20220115","인천","남구","-0.1","2.6","-3.9","4.5","-1.6","2.1","-4.8","0.0","0.0","0.6","0.7","0.4","5.6","3.42","3.26","0.0","50.3","69.5","61.9","9.4","8.0","3.8","0.0","0.0","0.0","5.1","10.7","2.9"
"20220115","인천","강화군","-1.4","2.1","-7.2","3.7","-3.4","1.6","-8.1","0.2","0.1","0.8","0.0","0.0","5.6","0.0","0.0","0.0","62.5","73.8","64.4","9.1","8.1","0.0","0.0","0.0","0.0","2.9","11.4","1.5"
"20220114","인천","남구","-4.7","-0.7","-8.6","2.4","-1.7","1.9","-5.0","0.0","0.0","0.6","9.1","8.2","5.7","11.85","9.42","0.0","44.5","36.1","61.2","2.9","0.9","3.6","0.0","0.0","0.0","10.8","6.6","3.0"
"20220114","인천","강화군","-5.8","-0.7","-12.3","-0.4","-3.6","1.5","-8.2","0.0","0.0","0.9","8.3","7.3","5.7","0.0","0.0","0.0","52.1","49.3","64.1","3.3","1.6","0.0","0.0","0.0","0.0","6.7","8.1","1.6"
"20220113","인천","남구","-5.6","-3.6","-7.1","2.4","-1.9","1.7","-5.2","0.0","0.0","0.5","8.9","7.0","6.0","11.51","8.67","0.0","45.5","74.1","60.3","2.9","0.6","3.4","0.0","0.0","0.0","13.7","9.5","3.0"
"20220113","인천","강화군","-5.7","-3.0","-7.2","1.0","-3.7","1.3","-8.5","0.0","0.0","0.8","8.5","5.6","6.0","0.0","0.0","0.0","45.4","80.1","63.3","2.1","0.5","0.0","0.0","0.0","0.0","13.6","9.7","1.6"
"20220112","인천","남구","-6.9","-4.6","-10.3","-2.8","-1.9","1.7","-5.2","0.0","1.1","0.5","8.4","4.6","6.0","11.5","6.6","0.0","47.9","81.8","60.5","3.9","3.9","3.3","0.0","2.8","0.0","9.8","7.7","3.0"
"20220112","인천","강화군","-7.2","-3.5","-13.3","-4.7","-3.7","1.2","-8.5","0.0","0.7","0.5","7.7","1.8","6.0","0.0","0.0","0.0","51.8","85.4","63.2","4.9","4.3","0.0","0.0","0.0","0.0","6.9","5.8","1.5"
"20220111","인천","남구","-7.5","-0.9","-9.6","-6.0","-1.9","1.8","-5.1","0.0","0.0","0.5","9.1","0.0","6.1","11.91","4.46","0.0","55.1","54.5","61.1","0.3","8.0","3.3","0.0","0.0","0.0","13.1","6.8","3.0"
"20220111","인천","강화군","-7.9","-1.8","-12.5","-7.7","-3.7","1.2","-8.4","0.0","0.0","0.4","8.6","0.0","6.1","0.0","0.0","0.0","55.6","64.4","64.0","0.9","8.1","0.0","0.0","0.0","0.0","13.4","4.1","1.5"
"20220110","인천","남구","-0.1","2.8","-3.0","-7.2","-1.8","2.0","-5.1","1.2","0.0","0.3","3.3","6.5","6.0","6.83","8.74","0.0","75.9","50.4","61.4","7.0","3.1","3.3","0.7","0.0","0.0","12.8","6.6","3.1"
"20220110","인천","강화군","-1.6","3.2","-7.3","-9.1","-3.5","1.4","-8.3","1.6","0.0","0.3","3.5","5.7","6.1","0.0","0.0","0.0","77.4","64.4","64.3","7.1","3.5","0.0","0.0","0.0","0.0","10.9","5.5","1.5"
"20220109","인천","남구","0.5","4.1","-1.5","-11.6","-1.7","2.0","-5.0","0.0","0.0","0.6","7.4","9.3","5.9","9.16","10.2","0.0","72.8","43.4","62.2","2.8","1.5","3.4","0.0","0.0","0.0","6.0","9.6","3.1"
"20220109","인천","강화군","-1.2","4.6","-5.1","-12.1","-3.5","1.5","-8.2","0.0","0.0","0.7","7.8","8.5","6.0","0.0","0.0","0.0","77.0","48.8","65.1","1.0","4.8","0.0","0.0","0.0","0.0","5.4","10.9","1.5"
"20220108","인천","남구","1.6","4.6","-3.3","-14.5","-1.5","2.2","-4.8","0.0","0.0","0.7","1.2","9.4","5.7","5.12","11.13","0.0","65.9","42.6","62.8","7.1","0.0","3.7","0.0","0.0","0.0","9.8","12.1","3.2"
"20220108","인천","강화군","-0.2","4.7","-7.5","-14.7","-3.3","1.6","-7.9","0.0","0.0","0.9","0.5","8.6","5.8","0.0","0.0","0.0","74.9","46.9","65.8","6.3","3.0","0.0","0.0","0.0","0.0","6.5","8.8","1.6"
"20220107","인천","남구","-1.7","2.9","-4.9","-14.0","-1.4","2.3","-4.7","0.0","0.0","0.9","8.9","9.3","5.5","10.85","11.33","0.0","50.4","47.6","62.6","0.0","0.3","3.9","0.0","0.0","0.0","4.7","17.2","3.2"
"20220107","인천","강화군","-4.1","2.7","-9.4","-14.2","-3.2","1.6","-7.9","0.0","0.0","0.9","8.5","8.5","5.6","0.0","0.0","0.0","58.4","53.4","66.1","0.0","2.6","0.0","0.0","0.0","0.0","4.9","14.5","1.6"
"20220106","인천","남구","-2.0","2.0","-4.6","-7.1","-1.5","2.2","-4.7","0.0","2.1","0.9","8.9","9.0","5.6","10.72","10.69","0.0","44.1","49.4","62.2","0.0","2.9","3.7","0.0","4.0","0.0","7.9","20.3","3.2"
"20220106","인천","강화군","-2.3","3.1","-7.1","-8.2","-3.3","1.7","-7.9","0.0","1.0","0.9","8.5","7.7","5.7","0.0","0.0","0.0","42.6","61.1","65.3","0.0","2.8","0.0","0.0","0.0","0.0","8.8","11.9","1.6"
"20220105","인천","남구","-3.2","0.2","-7.3","-5.6","-1.4","2.3","-4.7","0.0","0.0","0.9","0.4","9.1","5.7","5.53","9.84","0.0","45.1","50.0","61.9","7.1","2.6","3.6","0.0","0.0","0.0","6.8","10.8","3.1"
"20220105","인천","강화군","-5.1","0.6","-10.9","-6.4","-3.2","1.8","-8.0","0.0","0.0","0.9","1.8","8.5","5.8","0.0","0.0","0.0","56.5","52.1","65.2","7.5","2.3","0.0","0.0","0.0","0.0","3.7","11.0","1.6"
"20220104","인천","남구","-2.9","0.6","-5.8","-3.0","-1.2","2.5","-4.5","0.0","0.0","0.5","8.9","4.8","5.8","11.06","6.76","0.0","46.0","44.8","61.8","0.0","5.1","3.7","0.0","0.0","0.0","10.5","8.5","3.1"
"20220104","인천","강화군","-3.8","1.0","-9.0","-4.6","-3.0","1.9","-7.8","0.0","0.0","0.5","8.5","4.3","5.8","0.0","0.0","0.0","50.0","52.0","65.0","0.0","5.9","0.0","0.0","0.0","0.0","8.0","6.1","1.5"
"20220103","인천","남구","-1.9","2.2","-7.6","-4.9","-1.2","2.5","-4.5","0.2","0.0","0.5","6.9","5.9","5.8","8.6","8.21","0.0","56.9","39.4","61.8","5.3","3.0","3.7","0.0","0.0","0.0","4.9","7.3","3.1"
"20220103","인천","강화군","-3.4","1.8","-11.3","-6.8","-3.0","2.0","-7.8","0.0","0.0","0.5","7.0","4.4","5.8","0.0","0.0","0.0","65.5","51.4","65.0","7.9","2.8","0.0","0.0","0.0","0.0","6.0","5.5","1.5"
"20220102","인천","남구","-1.2","1.3","-4.8","-4.7","-1.2","2.5","-4.5","0.3","0.0","0.4","5.9","8.9","6.0","9.22","10.29","0.0","58.0","38.0","61.9","3.5","0.3","3.5","0.2","0.0","0.0","8.5","10.5","3.2"
"20220102","인천","강화군","-2.4","2.0","-8.8","-5.3","-2.9","2.0","-7.7","1.5","0.0","0.5","5.9","8.3","5.9","0.0","0.0","0.0","67.9","45.3","64.8","4.1","0.4","0.0","0.0","0.0","0.0","7.8","9.2","1.5"
"20220101","인천","남구","-3.4","1.1","-8.3","-3.4","-1.1","2.6","-4.4","0.0","0.0","0.4","8.8","7.2","5.8","9.88","8.84","0.0","43.4","56.1","62.3","1.8","5.6","3.6","0.0","0.0","0.0","7.5","9.5","3.2"
"20220101","인천","강화군","-5.1","0.9","-12.4","-4.9","-2.8","2.0","-7.6","0.0","0.0","0.5","8.1","4.6","5.6","0.0","0.0","0.0","56.0","68.6","65.8","3.5","5.4","0.0","0.0","0.0","0.0","4.1","5.7","1.5"
"20211231","인천","남구","-6.5","-4.6","-8.0","-8.3","-1.1","2.6","-4.5","0.0","0.0","0.4","8.9","7.3","5.8","11.03","8.52","0.0","35.6","52.0","62.2","0.0","1.4","3.6","0.0","0.0","0.0","16.9","11.5","3.2"
"20211231","인천","강화군","-6.7","-3.6","-11.0","-8.7","-2.8","2.0","-7.6","0.0","0.0","0.6","8.5","7.4","5.4","0.0","0.0","0.0","37.3","56.4","65.8","0.6","1.1","0.0","0.0","0.0","0.0","12.5","6.1","1.5"
"20211230","인천","남구","-3.5","-0.9","-5.6","-10.6","-1.2","2.5","-4.6","0.0","0.0","0.4","6.4","8.8","5.7","7.58","10.62","0.0","50.6","48.8","61.6","1.6","1.5","3.6","0.0","0.0","0.0","14.3","13.4","3.2"
"20211230","인천","강화군","-3.4","-0.1","-8.6","-10.9","-2.9","1.9","-7.7","0.0","0.0","0.6","6.8","8.4","5.4","0.0","0.0","0.0","47.6","53.5","65.2","1.4","0.8","0.0","0.0","0.0","0.0","9.8","12.4","1.5"
"20211229","인천","남구","1.3","6.1","-2.1","-0.2","-1.3","2.3","-4.7","0.0","0.0","0.4","4.0","0.0","5.9","7.05","2.13","0.0","69.6","71.0","60.7","3.6","8.1","3.4","0.0","0.0","0.0","11.5","11.7","3.2"
"20211229","인천","강화군","0.8","7.2","-5.2","-1.5","-3.0","1.7","-7.8","0.0","0.2","0.5","5.2","0.0","5.5","0.0","0.0","0.0","69.9","72.0","64.4","4.1","9.1","0.0","0.0","0.0","0.0","12.1","11.0","1.5"
"20211228","인천","남구","-2.2","1.0","-6.0","5.8","-1.3","2.4","-4.7","0.0","1.4","0.4","1.1","7.8","5.9","4.32","8.14","0.0","70.4","84.1","60.4","4.4","5.1","3.3","0.0","0.0","0.0","4.7","5.7","3.1"
"20211228","인천","강화군","-4.5","0.7","-10.3","3.8","-2.9","1.8","-7.7","0.0","0.2","0.4","1.4","6.8","5.6","0.0","0.0","0.0","78.8","87.3","63.8","3.4","5.5","0.0","0.0","0.0","0.0","3.2","4.5","1.5"
"20211227","인천","남구","-6.8","-3.6","-11.7","6.5","-1.1","2.6","-4.5","0.0","0.0","0.4","4.2","6.6","6.0","6.46","7.76","0.0","62.5","61.3","60.5","1.6","7.8","3.2","0.0","0.0","0.0","8.5","6.7","3.2"
"20211227","인천","강화군","-8.0","-3.0","-13.5","5.0","-2.7","2.1","-7.5","0.0","0.5","0.4","4.0","5.7","5.9","0.0","0.0","0.0","71.5","76.1","63.3","3.4","8.3","0.0","0.0","0.0","0.0","6.4","7.0","1.6"
"20211226","인천","남구","-11.3","-7.8","-14.3","3.5","-0.8","2.9","-4.2","0.0","0.0","0.5","8.9","8.2","6.0","10.89","8.57","0.0","47.0","64.9","61.4","0.0","2.0","3.3","0.0","0.0","0.0","11.4","5.5","3.3"
"20211226","인천","강화군","-11.3","-6.8","-16.2","0.5","-2.4","2.4","-7.1","0.0","0.0","0.5","8.3","7.8","5.8","0.0","0.0","0.0","48.5","74.9","64.2","0.8","3.6","0.0","0.0","0.0","0.0","7.7","6.5","1.6"
"20211225","인천","남구","-11.5","-7.8","-13.5","-0.2","-0.4","3.4","-3.8","0.0","0.0","0.6","8.8","8.9","6.0","10.96","10.05","0.0","42.9","49.4","62.6","0.0","0.6","3.3","0.0","0.0","0.0","12.2","9.2","3.3"
"20211225","인천","강화군","-11.7","-8.5","-13.5","-2.3","-2.0","2.8","-6.7","0.0","0.0","0.5","8.4","8.1","5.8","0.0","0.0","0.0","44.0","64.5","65.1","0.6","2.0","0.0","0.0","0.0","0.0","9.3","6.7","1.6"
"20211224","인천","남구","-0.8","3.5","-7.8","2.7","0.3","4.1","-3.2","0.1","0.0","0.7","0.2","8.5","5.9","2.41","9.1","0.0","62.9","59.1","64.1","5.8","1.3","3.5","0.0","0.0","0.0","13.1","11.8","3.4"
"20211224","인천","강화군","-1.5","2.3","-8.6","1.9","-1.3","3.5","-6.1","0.1","0.0","0.6","0.5","7.8","5.8","0.0","0.0","0.0","65.8","59.9","66.4","6.1","0.8","0.0","0.0","0.0","0.0","10.6","12.4","1.6"
"20211223","인천","남구","3.0","6.8","-0.7","5.3","0.7","4.6","-2.8","0.0","0.0","0.9","7.1","3.0","5.9","8.56","4.94","0.0","51.3","76.3","65.1","2.9","7.1","3.6","0.0","0.0","0.0","4.9","8.9","3.3"
"20211223","인천","강화군","0.7","7.7","-4.5","3.8","-1.0","4.0","-5.8","0.0","0.0","0.8","4.8","0.9","5.8","0.0","0.0","0.0","58.8","86.4","67.7","4.9","7.1","0.0","0.0","0.0","0.0","3.4","8.6","1.6"
"20211222","인천","남구","1.7","5.9","-1.7","3.3","0.9","4.8","-2.5","0.0","0.1","0.9","8.7","8.5","5.8","9.78","9.13","0.0","45.0","67.3","65.2","0.0","5.0","3.9","0.0","0.0","0.0","7.2","8.1","3.1"
"20211222","인천","강화군","0.8","7.0","-4.2","0.5","-0.8","4.2","-5.7","0.0","0.0","0.7","8.3","5.9","5.6","0.0","0.0","0.0","46.5","79.8","68.2","0.0","3.6","0.0","0.0","0.0","0.0","9.5","7.5","1.5"
"20211221","인천","남구","5.2","7.5","1.0","0.1","0.9","4.8","-2.6","0.0","0.0","0.7","5.2","8.5","5.8","7.51","8.85","0.0","69.5","58.4","64.2","2.4","2.3","3.8","0.0","0.0","0.0","9.2","4.4","3.1"
"20211221","인천","강화군","3.4","8.7","-1.0","-3.2","-0.8","4.3","-5.9","0.0","0.0","0.6","4.9","7.8","5.7","0.0","0.0","0.0","72.5","74.3","67.2","4.5","1.3","0.0","0.0","0.0","0.0","7.9","4.4","1.5"
"20211220","인천","남구","6.9","10.4","2.5","-2.7","0.6","4.5","-2.9","0.0","0.0","0.6","5.6","8.7","5.9","8.17","9.91","0.0","76.3","44.9","63.3","4.4","0.0","3.7","0.0","0.0","0.0","9.3","6.2","3.0"
"20211220","인천","강화군","3.7","10.3","-2.8","-4.9","-1.2","3.9","-6.0","0.0","0.0","0.6","5.5","8.4","5.8","0.0","0.0","0.0","91.0","62.5","66.8","4.1","0.6","0.0","0.0","0.0","0.0","9.5","6.3","1.5"
"20211219","인천","남구","1.5","5.8","-3.4","-4.6","0.2","4.0","-3.2","0.0","0.0","0.6","8.8","9.1","5.8","10.29","10.46","0.0","57.0","40.4","62.5","0.4","2.3","3.6","0.0","0.0","0.0","13.7","10.8","3.1"
"20211219","인천","강화군","-2.0","3.4","-8.8","-5.2","-1.5","3.5","-6.4","0.0","0.0","0.5","8.3","8.3","5.8","0.0","0.0","0.0","72.8","46.5","66.2","3.4","2.6","0.0","0.0","0.0","0.0","8.9","7.9","1.5"
"20211218","인천","남구","-3.5","3.6","-9.5","-1.6","0.0","3.8","-3.3","4.6","1.1","0.5","4.5","6.6","5.7","6.68","8.53","0.0","55.8","61.5","61.7","3.3","4.3","3.7","5.2","0.7","0.0","13.6","12.1","3.2"
"20211218","인천","강화군","-5.0","3.4","-12.5","-2.0","-1.6","3.3","-6.5","3.2","1.1","0.4","4.6","5.7","5.6","0.0","0.0","0.0","68.6","60.0","65.6","5.5","3.9","0.0","0.0","0.0","0.0","10.8","9.6","1.5"
"20211217","인천","남구","-5.4","2.7","-8.9","-4.2","0.0","3.7","-3.3","0.0","0.1","0.6","7.1","8.9","5.8","9.77","10.24","0.0","51.1","46.1","60.8","2.1","2.1","3.5","0.0","0.1","0.0","17.3","9.1","3.3"
"20211217","인천","강화군","-5.5","2.5","-9.9","-5.4","-1.6","3.1","-6.3","0.0","0.1","0.4","6.8","8.4","5.7","0.0","0.0","0.0","50.1","65.4","65.0","1.6","3.3","0.0","0.0","0.0","0.0","14.8","4.8","1.5"
"20211216","인천","남구","6.4","10.3","2.7","-7.2","0.1","3.7","-3.2","0.0","0.0","0.7","5.2","9.3","5.7","7.21","10.62","0.0","66.0","41.5","60.7","5.9","0.0","3.5","0.0","0.0","0.0","13.3","10.6","3.3"
"20211216","인천","강화군","4.5","9.3","0.6","-7.4","-1.6","3.1","-6.3","0.0","0.0","0.6","5.0","8.5","5.5","0.0","0.0","0.0","77.0","44.1","65.2","8.1","0.3","0.0","0.0","0.0","0.0","9.2","10.9","1.5"
"20211215","인천","남구","8.4","10.8","6.2","-7.3","0.2","3.9","-3.1","1.8","0.0","0.8","3.9","9.1","5.7","6.11","10.51","0.0","71.0","43.3","60.1","5.4","0.0","3.5","0.0","0.0","0.0","12.7","12.0","3.4"
"20211215","인천","강화군","6.6","10.9","1.7","-7.5","-1.4","3.3","-6.2","0.6","0.0","0.6","4.2","8.5","5.5","0.0","0.0","0.0","87.9","45.8","64.5","4.4","1.1","0.0","0.0","0.0","0.0","9.4","9.2","1.5"
"20211214","인천","남구","4.7","8.3","0.0","-7.1","0.5","4.1","-2.8","0.4","0.0","0.8","4.1","8.9","5.8","6.06","10.68","0.0","61.8","47.3","59.7","9.1","0.4","3.6","0.0","0.0","0.0","7.2","12.6","3.3"
"20211214","인천","강화군","3.8","7.8","-0.5","-7.3","-1.3","3.5","-6.1","0.5","0.0","0.6","3.6","8.4","5.6","0.0","0.0","0.0","76.5","47.8","64.6","8.4","1.3","0.0","0.0","0.0","0.0","4.4","13.8","1.5"
"20211213","인천","남구","-1.8","1.2","-5.1","-0.6","0.6","4.3","-2.6","0.0","3.7","0.7","9.0","2.2","5.9","10.43","3.12","0.0","37.5","72.3","59.6","2.1","5.6","3.5","0.0","1.2","0.0","10.5","14.9","3.3"
"20211213","인천","강화군","-2.4","1.7","-8.3","-1.3","-1.1","3.7","-5.8","0.0","3.9","0.5","8.5","1.8","5.8","0.0","0.0","0.0","51.5","70.0","64.5","2.1","5.4","0.0","0.0","0.0","0.0","6.2","9.6","1.5"
"20211212","인천","남구","1.3","5.6","-3.0","3.0","1.0","4.7","-2.4","0.0","0.0","0.8","8.5","8.6","5.6","9.55","9.55","0.0","52.9","46.4","60.9","3.8","2.9","3.9","0.0","0.0","0.0","14.1","7.9","3.3"
"20211212","인천","강화군","0.8","4.8","-3.4","0.6","-0.8","4.1","-5.6","0.0","0.0","0.7","7.5","8.1","5.5","0.0","0.0","0.0","58.5","62.0","65.5","2.1","2.6","0.0","0.0","0.0","0.0","10.7","6.7","1.6"
"20211211","인천","남구","5.7","7.8","4.0","6.0","1.2","5.0","-2.2","0.0","0.0","0.7","6.0","3.7","5.7","7.31","6.16","0.0","75.4","74.8","60.7","7.9","7.3","3.9","0.0","0.0","0.0","6.2","7.4","3.3"
"20211211","인천","강화군","3.1","8.2","0.6","2.4","-0.5","4.4","-5.3","0.0","0.0","0.7","1.8","3.8","5.6","0.0","0.0","0.0","94.9","84.8","65.3","7.1","6.3","0.0","0.0","0.0","0.0","5.7","5.9","1.6"
"20211210","인천","남구","7.9","9.5","6.6","6.0","1.5","5.2","-1.8","0.3","0.2","0.9","0.8","3.1","5.5","1.8","5.64","0.0","73.1","70.1","61.8","8.3","8.5","4.0","0.0","0.0","0.0","7.1","6.7","3.3"
"20211210","인천","강화군","6.0","8.8","2.6","3.8","-0.1","4.6","-4.9","2.4","1.2","0.9","0.4","0.8","5.5","0.0","0.0","0.0","90.5","91.1","66.2","8.1","6.3","0.0","0.0","0.0","0.0","3.1","6.6","1.6"
"20211209","인천","남구","7.7","10.5","4.8","2.3","1.8","5.4","-1.5","0.0","0.0","0.9","1.2","5.8","5.3","4.91","7.7","0.0","56.8","47.3","62.6","7.3","4.6","4.2","0.0","0.0","0.0","5.1","5.0","3.3"
"20211209","인천","강화군","5.0","9.3","-0.1","0.4","0.2","4.8","-4.5","0.0","0.0","1.0","0.8","4.2","5.3","0.0","0.0","0.0","77.3","64.3","66.3","8.0","5.9","0.0","0.0","0.0","0.0","2.9","3.9","1.7"
"20211208","인천","남구","6.5","10.8","2.9","-0.2","1.8","5.4","-1.6","0.0","0.0","1.2","8.9","9.1","5.3","9.6","10.6","0.0","64.0","45.6","62.7","1.8","0.3","4.3","0.0","0.0","0.0","4.9","7.8","3.2"
"20211208","인천","강화군","4.1","11.6","-0.8","-2.1","0.2","4.8","-4.6","0.0","0.0","1.3","8.5","8.2","5.2","0.0","0.0","0.0","79.4","57.9","66.4","2.1","1.6","0.0","0.0","0.0","0.0","4.0","6.2","1.6"
"20211207","인천","남구","7.0","10.8","3.5","3.8","1.7","5.3","-1.6","0.0","0.0","1.1","8.3","7.8","5.4","9.07","7.82","0.0","55.9","55.8","61.6","0.0","3.6","4.1","0.0","0.0","0.0","6.1","10.1","3.3"
"20211207","인천","강화군","5.3","11.6","-0.3","3.1","0.2","4.8","-4.6","0.0","0.0","1.2","7.9","7.1","5.4","0.0","0.0","0.0","74.3","56.6","64.9","0.0","3.9","0.0","0.0","0.0","0.0","5.5","9.9","1.6"
"20211206","인천","남구","6.3","10.9","1.7","5.8","1.8","5.4","-1.6","0.0","0.0","1.2","7.2","6.6","5.5","8.18","7.96","0.0","49.3","60.6","61.7","5.0","4.8","4.1","0.0","0.0","0.0","5.0","7.5","3.4"
"20211206","인천","강화군","3.5","11.0","-3.0","3.2","0.3","4.9","-4.5","0.0","0.0","1.1","6.3","5.0","5.3","0.0","0.0","0.0","64.9","75.3","64.9","4.5","5.9","0.0","0.0","0.0","0.0","3.1","8.1","1.6"
"20211205","인천","남구","3.4","8.2","-1.4","3.3","2.0","5.7","-1.5","0.0","0.0","1.1","9.2","6.5","5.5","10.13","7.68","0.0","41.4","56.8","61.0","0.0","6.6","4.1","0.0","0.0","0.0","5.4","7.8","3.3"
"20211205","인천","강화군","0.8","8.3","-4.2","1.3","0.5","5.2","-4.4","0.0","0.0","1.1","8.5","5.7","5.3","0.0","0.0","0.0","58.4","71.9","64.2","0.1","6.8","0.0","0.0","0.0","0.0","3.4","6.5","1.6"
"20211204","인천","남구","2.3","7.4","-1.1","0.3","2.3","6.2","-1.3","0.0","0.0","1.0","7.2","8.9","5.6","9.01","10.73","0.0","39.1","47.6","60.6","1.1","0.5","4.0","0.0","0.0","0.0","9.2","7.3","3.3"
"20211204","인천","강화군","0.8","6.8","-4.7","-1.6","0.8","5.7","-4.2","0.0","0.0","1.0","6.9","8.5","5.5","0.0","0.0","0.0","53.4","63.9","63.8","1.1","2.3","0.0","0.0","0.0","0.0","8.4","6.3","1.6"
"20211203","인천","남구","2.6","8.1","0.1","1.0","2.8","6.8","-0.8","0.4","0.0","0.8","8.8","8.9","5.5","10.61","10.7","0.0","43.6","46.4","61.4","1.5","1.4","3.9","0.0","0.0","0.0","13.0","11.0","3.3"
"20211203","인천","강화군","2.1","8.1","-3.1","0.4","1.3","6.2","-3.6","0.0","0.0","0.6","8.3","8.5","5.3","0.0","0.0","0.0","48.4","50.9","64.6","1.4","1.4","0.0","0.0","0.0","0.0","10.5","8.7","1.6"
"20211202","인천","남구","3.4","7.9","-3.2","2.6","3.3","7.3","-0.2","0.0","0.0","1.0","5.3","5.3","5.5","6.09","7.87","0.0","47.4","36.1","63.0","3.0","6.3","3.9","0.0","0.0","0.0","12.4","8.3","3.1"
"20211202","인천","강화군","2.4","8.1","-6.2","1.9","1.7","6.8","-3.2","0.2","0.0","0.7","4.3","4.3","5.3","0.0","0.0","0.0","65.8","42.8","66.4","2.8","6.4","0.0","0.0","0.0","0.0","10.5","7.2","1.5"
"20211201","인천","남구","-0.7","1.1","-1.8","1.2","3.8","7.7","0.4","0.0","0.0","0.9","9.2","7.7","5.3","10.92","9.93","0.0","43.5","44.4","64.7","0.8","4.4","4.0","0.0","0.0","0.0","16.8","7.9","3.0"
"20211201","인천","강화군","-1.1","1.6","-4.9","-0.2","2.1","7.2","-2.6","0.0","0.0","0.8","8.5","7.0","5.2","0.0","0.0","0.0","53.9","53.8","67.6","0.4","5.0","0.0","0.0","0.0","0.0","13.1","6.8","1.5"
"20211130","인천","남구","6.3","9.8","1.1","0.4","4.2","8.1","0.8","27.7","0.0","0.9","0.5","9.2","5.3","1.57","10.71","0.0","75.3","51.8","65.2","8.6","0.0","4.1","0.0","0.0","0.0","19.5","7.7","3.0"
"20211130","인천","강화군","5.8","9.6","0.9","-1.4","2.6","7.6","-2.1","16.4","0.0","0.9","0.0","8.6","5.1","0.0","0.0","0.0","81.3","67.0","68.1","9.4","0.1","0.0","0.0","0.0","0.0","18.7","6.9","1.5"
"20211129","인천","남구","8.6","12.6","4.7","0.0","4.4","8.2","1.0","0.0","0.0","1.1","4.3","2.3","5.3","6.94","4.94","0.0","56.0","57.1","65.5","6.9","5.3","4.3","0.0","0.0","0.0","6.5","9.1","3.0"
"20211129","인천","강화군","6.8","12.5","-0.4","-1.2","2.8","7.8","-1.8","0.0","0.0","1.0","4.6","2.2","5.0","0.0","0.0","0.0","72.3","67.6","68.3","8.3","4.4","0.0","0.0","0.0","0.0","3.8","6.4","1.6"
"20211128","인천","남구","5.8","11.1","0.7","-0.1","4.6","8.3","1.2","0.0","0.0","1.3","7.9","8.8","5.2","10.35","10.42","0.0","49.9","50.4","65.8","4.1","4.1","4.5","0.0","0.0","0.0","4.7","12.1","3.1"
"20211128","인천","강화군","2.5","10.6","-3.5","-0.4","3.0","7.9","-1.7","0.0","0.0","1.1","7.5","7.7","5.0","0.0","0.0","0.0","64.3","52.9","68.3","3.8","3.6","0.0","0.0","0.0","0.0","4.0","13.2","1.6"
"20211127","인천","남구","3.5","7.1","-0.4","4.2","4.8","8.6","1.4","0.0","0.0","1.6","9.1","7.1","5.2","10.77","8.39","0.0","47.0","58.6","65.4","0.0","4.5","4.5","0.0","0.0","0.0","7.4","12.8","3.1"
"20211127","인천","강화군","1.0","7.5","-4.0","3.5","3.2","8.1","-1.4","0.0","0.0","1.3","8.6","5.9","4.9","0.0","0.0","0.0","60.9","63.6","68.2","0.0","4.4","0.0","0.0","0.0","0.0","4.5","9.9","1.6"
"20211126","인천","남구","3.9","7.7","1.5","5.6","5.1","9.0","1.7","0.0","0.0","1.7","6.6","7.3","5.2","8.64","9.54","0.0","48.4","63.0","64.9","1.4","6.5","4.5","0.0","0.0","0.0","8.3","7.1","3.1"
"20211126","인천","강화군","1.2","7.3","-3.0","4.0","3.5","8.5","-1.2","0.0","0.0","1.5","5.5","7.6","4.8","0.0","0.0","0.0","66.6","75.1","68.3","1.6","5.5","0.0","0.0","0.0","0.0","7.5","5.9","1.6"
"20211125","인천","남구","6.9","10.7","3.7","5.5","5.4","9.3","1.9","0.0","0.0","1.7","8.8","9.0","5.3","9.63","10.38","0.0","44.8","56.6","65.0","2.1","2.5","4.4","0.0","0.0","0.0","10.5","5.6","3.1"
"20211125","인천","강화군","5.2","10.3","-0.4","2.9","3.6","8.8","-1.1","0.0","0.0","1.4","7.7","6.7","4.9","0.0","0.0","0.0","56.3","75.6","68.8","0.0","4.9","0.0","0.0","0.0","0.0","9.0","5.7","1.6"
"20211124","인천","남구","5.7","10.6","-1.6","3.4","5.7","9.7","2.2","0.0","0.0","1.7","4.7","3.7","5.3","5.9","7.13","0.0","53.9","47.5","64.5","4.9","6.3","4.3","0.0","0.0","0.0","11.3","6.4","3.1"
"20211124","인천","강화군","5.0","10.1","-4.0","1.7","3.9","9.1","-0.9","0.0","0.0","1.4","5.8","1.6","5.0","0.0","0.0","0.0","65.1","64.5","68.9","4.0","6.9","0.0","0.0","0.0","0.0","8.0","4.3","1.6"
"20211123","인천","남구","-0.1","2.5","-3.1","1.8","5.8","9.9","2.3","0.0","0.0","1.6","2.5","9.4","5.6","5.49","11.56","0.0","59.3","54.9","63.7","3.5","1.0","4.2","0.0","0.0","0.0","11.3","8.1","3.0"
"20211123","인천","강화군","-0.8","2.6","-5.3","0.8","4.0","9.2","-0.9","0.0","0.0","1.3","6.5","8.8","5.3","0.0","0.0","0.0","65.6","63.6","68.6","2.4","1.4","0.0","0.0","0.0","0.0","9.3","6.6","1.6"
"20211122","인천","남구","3.2","7.6","-0.1","5.6","5.9","9.9","2.3","0.0","2.2","1.2","7.6","0.1","5.6","8.55","3.1","0.0","56.0","73.0","63.0","4.0","7.3","4.1","0.0","0.0","0.0","16.3","12.6","3.0"
"20211122","인천","강화군","2.6","7.5","-0.7","5.0","4.1","9.2","-0.8","0.2","1.0","1.1","5.3","0.3","5.4","0.0","0.0","0.0","63.8","76.0","68.0","3.9","7.5","0.0","0.0","0.0","0.0","11.4","9.2","1.6"
"20211121","인천","남구","10.5","12.8","7.2","6.1","5.9","10.0","2.2","3.1","0.9","1.8","0.0","6.6","5.7","3.29","9.72","0.0","74.5","68.4","62.4","9.6","6.3","4.1","0.0","0.0","0.0","15.7","8.4","3.1"
"20211121","인천","강화군","9.5","12.7","6.5","5.4","4.2","9.4","-1.0","5.4","2.4","1.4","0.0","6.2","5.5","0.0","0.0","0.0","85.9","72.8","67.5","9.6","6.3","0.0","0.0","0.0","0.0","15.9","6.4","1.7"
"20211120","인천","남구","9.9","13.3","7.8","2.9","5.9","10.0","2.2","0.0","0.0","1.8","4.0","0.0","5.8","5.9","2.33","0.0","82.4","71.3","61.4","5.8","7.0","4.0","0.0","0.0","0.0","4.3","12.3","3.2"
"20211120","인천","강화군","7.7","13.9","3.0","2.1","4.2","9.4","-0.9","0.0","0.0","1.6","3.3","0.2","5.7","0.0","0.0","0.0","86.8","76.0","66.4","4.3","7.0","0.0","0.0","0.0","0.0","3.9","9.4","1.7"
"20211119","인천","남구","13.1","16.3","10.2","12.9","6.1","10.2","2.6","0.0","47.7","1.9","5.3","0.0","5.7","7.62","1.04","0.0","80.0","85.4","61.6","5.0","10.0","4.0","0.0","0.0","0.0","7.6","15.9","3.2"
"20211119","인천","강화군","12.1","16.2","5.0","12.6","4.5","9.6","-0.6","0.0","16.2","1.7","3.3","0.0","5.6","0.0","0.0","0.0","87.4","87.1","66.4","5.6","9.4","0.0","0.0","0.0","0.0","6.7","18.5","1.7"
"20211118","인천","남구","12.0","15.5","8.2","17.3","6.4","10.5","2.8","0.8","8.5","2.1","4.3","0.0","5.7","6.15","2.35","0.0","77.0","86.9","61.6","6.1","9.4","4.0","0.0","0.0","0.0","8.9","11.7","3.1"
"20211118","인천","강화군","12.0","15.8","6.5","17.2","4.8","10.0","-0.3","0.0","15.9","1.8","0.9","0.0","5.6","0.0","0.0","0.0","89.6","90.3","66.4","5.1","9.9","0.0","0.0","0.0","0.0","9.4","8.3","1.7"
"20211117","인천","남구","7.8","11.3","3.5","15.9","6.7","10.7","3.2","0.0","0.8","2.0","7.3","1.3","5.7","9.74","4.5","0.0","59.9","63.3","61.7","3.5","8.5","4.1","0.0","0.0","0.0","6.0","9.0","3.1"
"20211117","인천","강화군","5.9","11.6","-0.9","15.1","5.1","10.3","0.0","0.0","2.4","1.7","6.8","0.7","5.6","0.0","0.0","0.0","73.1","73.4","66.3","3.9","7.9","0.0","0.0","0.0","0.0","5.2","5.2","1.7"
"20211116","인천","남구","8.7","12.9","5.2","12.2","7.1","11.1","3.7","0.0","0.0","1.3","9.1","8.6","5.8","11.18","9.35","0.0","54.0","72.3","61.7","0.0","2.4","4.0","0.0","0.0","0.0","6.8","7.4","3.1"
"20211116","인천","강화군","7.2","12.7","1.9","9.6","5.5","10.6","0.6","0.0","0.0","1.2","8.8","5.9","5.7","0.0","0.0","0.0","64.4","83.3","65.8","0.1","2.1","0.0","0.0","0.0","0.0","7.3","4.1","1.7"
"20211115","인천","남구","11.1","15.2","7.8","11.3","7.8","11.7","4.3","0.0","0.0","1.5","8.2","6.4","5.5","10.52","7.84","0.0","66.6","83.3","62.6","3.1","3.8","4.3","0.0","0.0","0.0","5.7","4.7","3.0"
"20211115","인천","강화군","8.0","14.8","2.9","8.6","6.2","11.3","1.3","0.0","0.0","1.4","6.7","3.8","5.4","0.0","0.0","0.0","81.3","91.6","66.5","5.5","6.8","0.0","0.0","0.0","0.0","5.1","5.1","1.7"
"20211114","인천","남구","12.2","15.7","9.5","12.4","8.2","12.2","4.6","0.0","0.0","1.4","7.8","7.4","5.8","10.27","10.5","0.0","64.9","72.6","62.7","2.3","4.8","4.1","0.0","0.0","0.0","9.3","8.0","3.0"
"20211114","인천","강화군","10.2","15.9","5.5","9.4","6.7","11.7","1.7","0.0","0.0","1.4","8.6","7.3","5.7","0.0","0.0","0.0","79.8","77.8","66.5","1.3","2.6","0.0","0.0","0.0","0.0","8.4","5.5","1.7"
"20211113","인천","남구","9.2","14.4","2.9","12.3","8.7","12.7","5.2","0.0","0.0","1.7","9.1","7.0","5.7","11.24","9.0","0.0","55.1","78.5","63.7","4.0","1.4","4.1","0.0","0.0","0.0","7.1","5.3","3.0"
"20211113","인천","강화군","6.5","13.4","-1.2","10.2","7.3","12.2","2.3","0.2","0.0","1.7","5.5","5.1","5.6","0.0","0.0","0.0","77.8","83.8","66.8","3.6","3.3","0.0","0.0","0.0","0.0","6.2","5.5","1.8"
"20211112","인천","남구","5.3","8.6","3.1","10.9","9.3","13.2","5.8","0.0","0.0","1.8","7.8","9.6","5.5","11.16","11.87","0.0","48.0","60.1","64.3","2.1","1.9","4.3","0.0","0.0","0.0","10.1","4.7","3.0"
"20211112","인천","강화군","3.5","8.9","-1.3","8.2","7.8","12.7","2.9","0.0","0.0","1.8","8.2","9.4","5.5","0.0","0.0","0.0","66.4","75.3","67.2","0.0","1.4","0.0","0.0","0.0","0.0","9.1","5.2","1.8"
"20211111","인천","남구","6.3","9.4","3.7","9.6","9.6","13.6","6.1","0.3","0.0","1.9","8.1","9.6","5.5","9.7","11.61","0.0","54.5","56.3","64.0","3.9","0.0","4.4","0.0","0.0","0.0","12.3","5.3","3.0"
"20211111","인천","강화군","5.3","9.8","0.2","6.8","8.2","13.1","3.2","0.0","0.0","2.0","6.7","9.6","5.5","0.0","0.0","0.0","66.5","67.6","67.0","4.0","0.0","0.0","0.0","0.0","0.0","11.3","5.1","1.9"
"20211110","인천","남구","4.7","7.3","1.5","8.4","9.8","13.7","6.2","0.0","0.0","2.3","5.6","9.6","5.6","8.87","12.43","0.0","69.6","57.8","64.1","7.1","0.0","4.3","0.0","0.0","0.0","10.8","7.8","3.0"
"20211110","인천","강화군","3.5","7.3","-0.7","6.1","8.3","13.3","3.3","0.2","0.0","2.2","4.2","9.6","5.5","0.0","0.0","0.0","81.3","63.3","66.6","7.3","0.0","0.0","0.0","0.0","0.0","8.5","7.8","1.9"
"20211109","인천","남구","5.0","6.7","3.2","6.1","10.1","14.1","6.6","13.3","0.0","2.5","0.6","5.6","5.2","3.25","9.04","0.0","79.4","36.4","65.1","8.3","3.8","4.6","0.0","0.0","0.0","11.8","8.3","2.9"
"20211109","인천","강화군","5.5","8.4","1.9","5.1","8.7","13.6","3.7","0.1","0.0","2.6","0.3","5.2","5.2","0.0","0.0","0.0","75.1","46.1","67.0","7.6","3.4","0.0","0.0","0.0","0.0","11.3","5.8","1.9"
"20211108","인천","남구","8.5","16.3","4.9","8.8","10.6","14.6","7.0","31.4","0.0","2.3","0.8","9.7","5.1","3.04","13.58","0.0","80.9","40.6","66.1","9.9","0.0","4.7","0.0","0.0","0.0","14.6","11.6","2.8"
"20211108","인천","강화군","8.4","16.7","3.2","8.3","9.2","14.2","4.1","22.8","0.0","2.3","0.2","9.5","5.1","0.0","0.0","0.0","77.3","37.3","68.1","8.5","0.0","0.0","0.0","0.0","0.0","14.9","12.9","1.8"
"20211107","인천","남구","16.4","21.1","12.4","14.7","11.0","15.2","7.2","0.0","0.0","2.4","6.9","8.3","5.3","11.12","11.46","0.0","48.8","68.9","67.1","6.8","2.4","4.5","0.0","0.0","0.0","9.6","9.1","2.7"
"20211107","인천","강화군","14.1","20.1","7.2","14.3","9.5","14.8","4.2","0.0","0.0","2.3","6.3","8.5","5.3","0.0","0.0","0.0","65.6","75.5","69.3","6.9","1.4","0.0","0.0","0.0","0.0","5.3","8.9","1.7"
"20211106","인천","남구","15.4","20.7","11.5","13.5","11.3","15.6","7.4","0.0","0.0","2.3","7.9","1.6","5.5","11.31","5.56","0.0","52.4","60.9","67.6","1.5","8.6","4.2","0.0","0.0","0.0","5.9","8.4","2.6"
"20211106","인천","강화군","11.7","20.3","6.5","12.7","9.7","15.2","4.2","0.0","0.0","2.3","7.9","0.0","5.4","0.0","0.0","0.0","71.9","76.5","70.1","2.0","9.0","0.0","0.0","0.0","0.0","3.8","4.7","1.7"
"20211105","인천","남구","13.9","18.7","10.0","10.3","11.5","16.0","7.5","0.0","0.0","1.4","8.4","9.0","6.1","11.12","12.24","0.0","68.0","61.5","67.1","0.9","5.9","3.9","0.0","0.0","0.0","4.4","5.4","2.5"
"20211105","인천","강화군","11.1","18.8","6.3","8.7","9.8","15.5","4.1","0.0","0.0","1.6","6.9","8.4","5.9","0.0","0.0","0.0","85.5","77.4","70.3","2.9","6.6","0.0","0.0","0.0","0.0","3.2","5.6","1.6"
"20211104","인천","남구","12.6","16.4","10.0","6.0","11.5","16.0","7.4","2.4","0.0","1.2","3.6","9.8","6.4","6.21","13.95","0.0","82.8","39.9","66.2","3.1","0.0","3.6","0.0","0.0","0.0","9.4","11.1","2.5"
"20211104","인천","강화군","10.3","15.8","6.9","4.5","9.7","15.5","3.9","1.3","0.0","1.1","3.4","9.8","6.3","0.0","0.0","0.0","93.5","52.0","70.0","6.0","0.5","0.0","0.0","0.0","0.0","6.9","8.0","1.5"
"20211103","인천","남구","12.3","15.8","8.2","5.6","11.3","15.8","7.2","0.0","0.2","1.2","7.2","9.8","6.7","10.45","13.79","0.0","67.0","42.0","64.8","4.0","1.1","3.4","0.0","0.0","0.0","5.8","13.9","2.5"
"20211103","인천","강화군","10.0","16.1","4.3","4.7","9.4","15.2","3.6","0.0","0.0","1.1","5.4","9.6","6.7","0.0","0.0","0.0","85.0","46.6","68.4","4.0","0.8","0.0","0.0","0.0","0.0","5.5","11.8","1.5"
"20211102","인천","남구","11.7","15.2","9.4","11.5","11.1","15.6","7.1","0.0","0.6","1.4","9.0","9.6","6.7","12.16","13.62","0.0","70.0","49.1","63.5","4.1","3.1","3.5","0.0","0.0","0.0","6.4","10.7","2.6"
"20211102","인천","강화군","9.6","15.9","4.7","10.2","9.4","15.2","3.5","0.0","0.0","1.2","8.3","9.5","6.6","0.0","0.0","0.0","83.6","56.4","67.1","2.4","2.4","0.0","0.0","0.0","0.0","5.5","8.9","1.6"
"20211101","인천","남구","13.0","15.8","10.9","13.6","11.1","15.6","7.0","0.0","20.7","1.3","7.7","0.0","6.9","10.98","1.73","0.0","73.4","82.4","62.1","2.8","9.3","3.4","0.0","0.0","0.0","7.5","10.6","2.6"
"20211101","인천","강화군","11.5","15.5","7.7","13.2","9.4","15.2","3.5","0.0","7.2","1.1","4.1","0.0","7.0","0.0","0.0","0.0","84.6","86.8","65.4","3.3","8.6","0.0","0.0","0.0","0.0","5.5","8.5","1.6"
"20211031","인천","남구","15.0","18.9","11.5","13.9","11.2","15.6","7.3","0.0","0.0","1.4","8.4","7.7","6.7","11.49","11.18","0.0","75.1","59.4","61.9","2.5","6.5","3.6","0.0","0.0","0.0","5.3","8.9","2.6"
"20211031","인천","강화군","12.6","18.8","7.4","13.2","9.5","15.2","3.8","0.0","0.0","1.1","6.6","4.2","6.8","0.0","0.0","0.0","87.9","70.5","65.0","3.8","6.1","0.0","0.0","0.0","0.0","4.9","9.7","1.6"
"20211030","인천","남구","15.1","18.9","12.5","12.4","11.5","16.0","7.7","0.0","0.0","1.6","3.3","9.9","6.7","7.21","13.21","0.0","58.1","42.3","62.2","5.1","0.9","3.6","0.0","0.0","0.0","7.6","5.1","2.6"
"20211030","인천","강화군","13.3","18.4","8.7","9.5","9.9","15.7","4.2","0.0","0.0","1.3","2.6","9.9","6.7","0.0","0.0","0.0","74.1","53.4","65.0","5.0","0.9","0.0","0.0","0.0","0.0","4.1","8.2","1.7"
"20211029","인천","남구","15.5","20.4","11.8","11.1","11.8","16.3","7.9","0.0","0.0","1.6","9.7","8.5","7.0","13.04","12.62","0.0","47.4","38.6","62.2","3.8","3.9","3.4","0.0","0.0","0.0","8.6","7.7","2.6"
"20211029","인천","강화군","12.1","19.4","6.3","10.7","10.2","16.1","4.4","0.0","0.0","1.4","9.2","8.5","6.8","0.0","0.0","0.0","70.4","38.6","65.3","5.4","3.1","0.0","0.0","0.0","0.0","5.6","8.5","1.7"
"20211028","인천","남구","13.7","18.3","9.3","13.6","12.1","16.5","8.3","0.0","0.0","1.3","9.9","9.9","7.2","14.56","14.42","0.0","45.0","51.1","62.4","0.0","4.6","3.2","0.0","0.0","0.0","6.3","11.2","2.6"
"20211028","인천","강화군","11.0","18.4","4.1","13.0","10.4","16.2","4.9","0.0","0.0","1.1","10.0","9.1","7.1","0.0","0.0","0.0","65.9","50.1","65.1","0.0","3.0","0.0","0.0","0.0","0.0","4.8","9.3","1.6"
"20211027","인천","남구","14.4","17.2","11.2","14.5","12.6","17.0","8.7","0.0","0.0","1.5","9.9","9.0","7.0","14.75","12.11","0.0","54.8","77.5","64.4","1.3","1.5","3.3","0.0","0.0","0.0","10.3","5.9","2.6"
"20211027","인천","강화군","13.4","17.8","7.2","12.9","10.9","16.7","5.5","0.0","0.0","1.5","9.8","8.6","6.9","0.0","0.0","0.0","61.3","88.0","66.7","1.0","3.3","0.0","0.0","0.0","0.0","9.2","5.9","1.7"
"20211026","인천","남구","14.4","17.9","10.5","13.9","13.0","17.5","9.2","0.0","0.0","1.7","9.3","9.7","7.0","11.99","12.54","0.0","70.1","66.9","65.7","5.3","2.4","3.3","0.0","0.0","0.0","5.3","6.7","2.6"
"20211026","인천","강화군","11.4","17.6","5.6","11.4","11.4","17.1","6.0","0.0","0.0","1.8","8.4","8.4","6.9","0.0","0.0","0.0","90.5","80.8","67.8","4.6","1.8","0.0","0.0","0.0","0.0","6.0","7.9","1.7"
"20211025","인천","남구","12.9","16.9","9.1","13.7","13.3","17.8","9.5","0.0","0.0","1.6","10.0","9.5","7.0","14.64","13.12","0.0","62.0","63.8","66.1","0.4","2.6","3.3","0.0","0.0","0.0","6.1","6.4","2.5"
"20211025","인천","강화군","10.4","16.9","4.1","10.6","11.7","17.4","6.3","0.0","0.0","1.8","9.6","9.2","6.9","0.0","0.0","0.0","80.9","77.0","68.4","2.0","2.6","0.0","0.0","0.0","0.0","6.8","6.5","1.7"
"20211024","인천","남구","12.6","16.6","8.2","10.0","13.7","18.2","9.9","0.0","0.0","1.6","10.1","10.2","6.7","14.92","15.63","0.0","58.8","46.1","66.4","0.4","0.0","3.6","0.0","0.0","0.0","6.3","10.6","2.5"
"20211024","인천","강화군","9.6","16.5","3.4","9.2","12.1","17.8","6.8","0.0","0.0","1.8","10.0","10.2","6.6","0.0","0.0","0.0","76.0","50.1","68.6","0.8","0.0","0.0","0.0","0.0","0.0","6.2","10.0","1.7"
"20211023","인천","남구","12.5","17.1","7.6","9.2","14.2","18.7","10.3","0.0","0.0","1.8","10.1","10.2","6.7","15.26","15.99","0.0","50.3","47.4","67.5","0.6","0.0","3.7","0.0","0.0","0.0","6.0","11.9","2.5"
"20211023","인천","강화군","9.5","16.9","3.0","8.4","12.5","18.4","7.1","0.0","0.0","1.9","10.0","10.2","6.5","0.0","0.0","0.0","69.5","53.8","69.6","1.3","0.5","0.0","0.0","0.0","0.0","5.6","9.3","1.6"
"20211022","인천","남구","11.5","16.1","6.5","13.5","14.6","19.2","10.6","0.0","0.4","1.7","10.3","6.9","6.7","15.15","12.79","0.0","46.8","63.8","68.0","0.4","4.5","3.6","0.0","0.0","0.0","8.7","13.4","2.3"
"20211022","인천","강화군","10.1","16.6","2.8","13.0","12.8","18.8","7.3","0.0","0.1","1.7","10.1","6.6","6.6","0.0","0.0","0.0","59.1","67.4","70.1","0.1","3.0","0.0","0.0","0.0","0.0","8.7","10.4","1.6"
"20211021","인천","남구","9.9","14.1","5.5","15.0","14.8","19.5","10.8","0.0","0.0","1.6","9.4","0.0","6.9","12.88","4.92","0.0","53.6","64.0","67.7","2.0","6.6","3.5","0.0","0.0","0.0","6.0","7.8","2.3"
"20211021","인천","강화군","7.3","14.3","1.1","13.2","13.0","19.1","7.4","0.0","0.0","1.5","9.3","0.6","6.8","0.0","0.0","0.0","68.8","82.5","69.9","2.9","7.6","0.0","0.0","0.0","0.0","5.8","5.4","1.6"
"20211020","인천","남구","9.3","14.3","5.2","15.1","15.0","19.8","10.8","0.0","0.0","1.3","10.3","10.1","7.1","15.75","14.71","0.0","50.8","72.8","67.5","0.3","3.6","3.3","0.0","0.0","0.0","7.1","7.3","2.2"
"20211020","인천","강화군","6.6","14.1","1.4","12.0","13.2","19.4","7.4","0.0","0.0","1.2","10.2","7.8","7.1","0.0","0.0","0.0","72.8","78.3","69.6","0.0","3.4","0.0","0.0","0.0","0.0","5.7","4.7","1.6"
"20211019","인천","남구","11.0","14.4","7.5","15.8","15.1","19.9","10.9","1.6","0.0","1.0","8.1","9.8","7.4","12.97","13.7","0.0","64.5","73.1","67.6","3.4","0.5","3.1","0.0","0.0","0.0","9.7","8.2","2.2"
"20211019","인천","강화군","10.3","14.4","6.9","13.9","13.3","19.5","7.4","0.3","0.0","0.8","8.4","9.2","7.4","0.0","0.0","0.0","70.5","82.5","69.7","3.9","0.9","0.0","0.0","0.0","0.0","10.7","6.3","1.6"
"20211018","인천","남구","10.3","15.3","4.2","14.8","15.1","20.0","11.0","5.4","0.0","1.3","5.4","10.0","7.4","10.22","14.46","0.0","51.8","63.8","67.1","5.6","0.5","3.1","0.0","0.0","0.0","9.0","7.5","2.2"
"20211018","인천","강화군","7.7","13.1","1.8","12.7","13.3","19.5","7.5","8.0","0.0","1.3","0.3","9.0","7.5","0.0","0.0","0.0","73.6","76.8","69.6","7.4","0.5","0.0","0.0","0.0","0.0","3.9","7.2","1.6"
"20211017","인천","남구","5.9","10.2","1.4","13.8","15.1","19.9","11.1","0.0","0.2","1.4","10.4","10.4","7.3","17.24","16.66","0.0","28.1","63.8","66.3","0.0","1.3","3.2","0.0","0.0","0.0","11.8","7.6","2.3"
"20211017","인천","강화군","4.9","10.7","1.5","11.3","13.3","19.4","7.5","0.0","0.0","1.3","10.3","9.9","7.4","0.0","0.0","0.0","40.9","74.1","69.1","0.3","2.0","0.0","0.0","0.0","0.0","9.8","6.5","1.6"
"20211016","인천","남구","10.5","17.6","5.4","12.8","15.2","19.8","11.2","0.0","0.0","1.2","3.4","0.1","7.4","8.82","5.12","0.0","41.0","61.8","65.9","6.5","8.8","3.3","0.0","0.0","0.0","14.9","5.5","2.4"
"20211016","인천","강화군","9.9","18.1","4.7","10.7","13.4","19.4","7.6","0.0","0.0","1.4","2.7","0.0","7.4","0.0","0.0","0.0","45.0","81.0","68.7","5.9","7.6","0.0","0.0","0.0","0.0","11.0","4.1","1.6"
"20211015","인천","남구","18.7","21.3","16.6","11.6","15.5","20.1","11.5","0.1","0.0","1.4","1.8","8.2","7.3","7.25","13.82","0.0","60.9","38.8","65.9","9.5","7.1","3.6","0.0","0.0","0.0","9.7","7.2","2.4"
"20211015","인천","강화군","18.2","22.0","15.2","10.2","13.7","19.7","7.9","0.7","0.0","1.6","1.9","6.6","7.4","0.0","0.0","0.0","70.6","52.1","68.8","9.4","6.6","0.0","0.0","0.0","0.0","9.7","6.7","1.6"
"20211014","인천","남구","19.9","22.5","17.5","13.6","15.7","20.3","11.8","0.0","0.0","1.9","10.4","7.2","7.2","16.45","10.95","0.0","65.1","50.1","65.7","4.3","7.4","3.7","0.0","0.0","0.0","6.8","8.8","2.4"
"20211014","인천","강화군","18.8","22.8","13.9","13.0","14.0","19.8","8.3","0.0","0.0","2.1","9.6","4.9","7.3","0.0","0.0","0.0","80.4","49.3","68.3","5.4","7.1","0.0","0.0","0.0","0.0","6.0","8.0","1.6"
"20211013","인천","남구","19.5","24.5","14.1","14.6","16.0","20.6","12.1","0.0","0.0","1.5","10.1","9.0","7.3","15.26","13.89","0.0","61.0","46.5","65.8","3.8","4.3","3.7","0.0","0.0","0.0","7.7","9.6","2.4"
"20211013","인천","강화군","18.1","23.8","14.8","12.9","14.3","20.2","8.7","0.0","0.0","1.7","9.4","7.2","7.5","0.0","0.0","0.0","74.1","53.9","67.8","2.6","3.6","0.0","0.0","0.0","0.0","7.0","6.4","1.6"
"20211012","인천","남구","17.9","20.3","15.2","16.2","16.3","20.9","12.5","0.0","0.0","1.6","2.7","8.9","7.1","8.46","13.08","0.0","57.1","65.0","66.8","7.3","2.6","3.9","0.0","0.0","0.0","9.2","9.0","2.3"
"20211012","인천","강화군","17.7","23.0","15.1","15.2","14.7","20.6","9.1","0.0","0.0","1.6","3.3","8.0","7.4","0.0","0.0","0.0","68.3","69.3","68.6","4.9","3.0","0.0","0.0","0.0","0.0","7.1","10.3","1.6"
"20211011","인천","남구","15.0","17.0","12.2","17.4","16.7","21.3","12.8","0.4","0.0","1.9","3.1","6.2","7.1","8.42","10.56","0.0","63.0","65.8","67.3","8.4","6.5","4.0","0.0","0.0","0.0","9.9","5.8","2.3"
"20211011","인천","강화군","13.7","17.6","10.2","15.2","15.0","21.0","9.5","1.0","0.0","1.9","2.6","5.8","7.2","0.0","0.0","0.0","79.6","79.1","69.2","7.9","7.4","0.0","0.0","0.0","0.0","7.3","4.8","1.6"
"20211010","인천","남구","19.8","23.7","14.7","16.9","16.9","21.5","13.0","7.0","0.0","1.8","0.4","7.9","7.3","2.73","14.12","0.0","80.0","56.6","67.8","9.8","5.0","3.8","0.0","0.0","0.0","9.3","7.7","2.3"
"20211010","인천","강화군","19.2","23.6","13.6","15.4","15.3","21.2","9.8","9.8","0.0","1.7","0.0","7.0","7.4","0.0","0.0","0.0","90.3","66.9","69.4","9.1","5.4","0.0","0.0","0.0","0.0","7.6","6.4","1.6"
"20211009","인천","남구","21.6","24.5","19.4","17.8","17.2","21.8","13.3","0.0","0.0","1.4","2.5","10.5","7.2","7.33","17.27","0.0","73.1","45.9","68.7","6.9","4.3","4.0","0.0","0.0","0.0","6.5","10.5","2.3"
"20211009","인천","강화군","20.0","24.4","17.4","16.4","15.5","21.4","10.1","0.0","0.0","1.3","1.7","10.4","7.2","0.0","0.0","0.0","91.6","56.1","70.4","7.5","4.1","0.0","0.0","0.0","0.0","4.7","7.5","1.6"
"20211008","인천","남구","19.3","20.3","18.2","17.4","17.4","21.9","13.5","1.8","0.0","1.8","0.0","10.7","7.4","3.83","17.9","0.0","80.5","48.8","68.7","9.5","0.5","3.9","0.0","0.0","0.0","5.9","10.8","2.3"
"20211008","인천","강화군","18.1","20.2","15.6","15.8","15.7","21.6","10.2","0.9","0.0","1.5","0.0","10.7","7.2","0.0","0.0","0.0","98.1","57.3","70.6","9.4","0.6","0.0","0.0","0.0","0.0","2.8","8.8","1.6"
"20211007","인천","남구","19.5","21.2","18.6","16.1","17.5","22.1","13.5","4.6","0.0","1.6","0.9","9.5","7.8","5.7","15.8","0.0","77.0","45.4","67.8","9.6","4.6","3.8","0.0","0.0","0.0","6.8","7.3","2.2"
"20211007","인천","강화군","17.8","21.1","15.7","15.1","15.8","21.7","10.2","4.8","0.0","1.4","0.4","8.2","7.5","0.0","0.0","0.0","95.1","53.6","69.9","7.1","3.6","0.0","0.0","0.0","0.0","5.1","6.0","1.6"
"20211006","인천","남구","19.6","21.5","18.4","14.6","17.5","22.2","13.5","1.1","0.0","1.3","0.3","10.5","7.8","4.34","18.58","0.0","81.8","49.6","67.4","8.9","3.1","3.9","0.0","0.0","0.0","6.7","8.2","2.3"
"20211006","인천","강화군","17.5","18.7","16.9","12.9","15.9","21.8","10.3","1.7","0.0","1.2","0.1","10.7","7.7","0.0","0.0","0.0","98.3","60.9","69.4","7.4","2.3","0.0","0.0","0.0","0.0","5.9","8.1","1.6"
"20211005","인천","남구","23.2","25.4","20.9","14.1","17.6","22.1","13.7","0.0","0.0","1.7","3.4","10.7","7.4","10.1","16.74","0.0","77.5","52.0","67.5","8.9","3.0","4.2","0.0","0.0","0.0","10.7","9.7","2.3"
"20211005","인천","강화군","22.8","25.7","18.3","12.1","16.1","21.8","10.6","0.0","0.0","1.9","1.6","10.4","7.3","0.0","0.0","0.0","89.6","67.9","69.3","8.5","2.1","0.0","0.0","0.0","0.0","13.5","8.4","1.7"
"20211004","인천","남구","23.5","25.3","21.6","16.7","17.7","22.2","13.9","1.8","0.0","2.1","0.0","5.9","7.3","3.96","12.15","0.0","72.4","62.3","68.2","9.6","6.5","4.2","0.0","0.0","0.0","14.1","13.9","2.4"
"20211004","인천","강화군","23.4","24.9","19.1","15.4","16.2","21.9","10.8","20.8","0.0","3.3","0.0","4.7","7.3","0.0","0.0","0.0","89.5","68.4","69.6","9.1","5.9","0.0","0.0","0.0","0.0","13.0","11.6","1.7"
"20211003","인천","남구","22.7","26.9","18.5","19.6","17.9","22.4","14.1","0.0","0.1","2.0","8.8","3.4","6.8","16.23","10.5","0.0","64.3","69.4","69.5","4.5","8.5","4.4","0.0","0.0","0.0","7.8","6.4","2.3"
"20211003","인천","강화군","21.1","26.8","16.3","18.3","16.4","22.0","11.2","0.0","0.0","3.3","6.0","3.1","7.0","0.0","0.0","0.0","83.4","79.8","70.7","5.1","8.3","0.0","0.0","0.0","0.0","8.2","5.2","1.6"
"20211002","인천","남구","21.3","24.6","17.4","19.4","18.2","22.5","14.5","0.0","1.2","2.8","8.8","3.8","6.6","16.62","7.56","0.0","69.4","80.6","70.7","2.6","9.0","4.5","0.0","0.0","0.0","8.6","10.4","2.3"
"20211002","인천","강화군","18.5","24.2","14.4","18.9","16.7","22.2","11.7","0.0","3.3","3.6","10.7","0.8","6.8","0.0","0.0","0.0","89.4","88.0","71.7","1.1","9.0","0.0","0.0","0.0","0.0","5.9","9.8","1.6"
"20211001","인천","남구","21.2","25.4","17.4","19.0","18.5","22.8","14.9","7.8","0.0","3.3","10.0","6.4","6.2","17.29","12.74","0.0","70.6","72.0","71.6","3.9","5.8","4.6","0.0","0.0","0.0","18.2","7.9","2.2"
"20211001","인천","강화군","20.0","25.7","15.5","17.2","17.0","22.5","12.1","1.5","0.0","4.0","9.4","3.2","6.5","0.0","0.0","0.0","80.4","83.3","72.6","4.7","5.9","0.0","0.0","0.0","0.0","8.9","7.4","1.6"
"20210930","인천","남구","20.8","24.6","16.9","19.7","18.8","23.0","15.3","0.0","0.0","3.0","10.8","8.3","6.0","18.5","15.6","0.0","78.1","75.6","71.3","0.0","5.3","4.9","0.0","0.0","0.0","7.6","7.1","2.2"
"20210930","인천","강화군","18.8","25.3","14.7","18.4","17.3","22.7","12.4","0.0","0.0","3.4","6.4","7.2","6.3","0.0","0.0","0.0","92.1","81.8","72.8","3.4","5.5","0.0","0.0","0.0","0.0","4.5","5.7","1.6"
"20210929","인천","남구","20.2","21.6","18.4","19.6","19.1","23.4","15.5","9.7","0.0","2.8","0.4","7.0","6.0","3.83","13.82","0.0","85.5","71.1","70.7","7.0","6.9","4.8","0.0","0.0","0.0","10.0","6.8","2.0"
"20210929","인천","강화군","19.4","22.5","15.8","18.0","17.6","23.1","12.7","8.3","0.0","2.4","0.3","6.0","6.4","0.0","0.0","0.0","96.4","78.8","72.5","7.3","7.1","0.0","0.0","0.0","0.0","9.4","5.3","1.5"
"20210928","인천","남구","21.3","23.5","19.9","20.2","19.4","23.8","15.8","3.5","0.0","2.5","0.5","11.3","6.5","6.69","19.15","0.0","71.0","68.4","69.6","9.9","1.8","4.7","0.0","0.0","0.0","7.2","8.7","2.0"
"20210928","인천","강화군","19.5","23.5","17.9","18.8","17.9","23.5","13.0","3.7","0.0","2.4","0.1","11.0","6.6","0.0","0.0","0.0","90.3","76.6","71.8","8.9","0.8","0.0","0.0","0.0","0.0","4.9","5.9","1.5"
"20210927","인천","남구","21.9","24.3","19.7","19.9","19.6","24.1","16.0","0.0","0.0","1.7","2.6","11.3","6.6","9.68","19.04","0.0","56.1","64.1","69.5","9.4","0.8","4.7","0.0","0.0","0.0","7.2","8.9","2.0"
"20210927","인천","강화군","20.3","23.8","17.7","18.8","18.1","23.8","13.1","0.0","0.0","2.0","0.8","11.1","6.8","0.0","0.0","0.0","74.5","70.9","71.7","9.9","0.4","0.0","0.0","0.0","0.0","4.4","6.4","1.5"
"20210926","인천","남구","22.9","26.4","20.0","19.3","19.9","24.4","16.3","0.0","0.0","1.9","7.3","9.8","6.8","14.62","16.32","0.0","57.8","60.3","70.3","7.5","3.9","4.6","0.0","0.0","0.0","7.1","9.9","2.0"
"20210926","인천","강화군","20.8","26.4","16.7","19.2","18.3","24.1","13.4","0.0","0.0","2.2","8.3","10.0","7.0","0.0","0.0","0.0","76.4","62.8","72.2","7.9","3.6","0.0","0.0","0.0","0.0","4.5","10.1","1.5"
"20210925","인천","남구","21.7","23.3","19.6","19.9","20.1","24.7","16.4","0.0","0.0","1.9","0.2","4.6","7.3","7.03","11.14","0.0","63.4","64.1","70.5","8.8","4.5","4.3","0.0","0.0","0.0","7.9","9.7","2.0"
"20210925","인천","강화군","20.1","22.7","17.1","19.8","18.5","24.4","13.5","0.0","0.0","2.2","0.0","6.9","7.5","0.0","0.0","0.0","80.6","66.0","72.3","8.6","5.5","0.0","0.0","0.0","0.0","5.8","9.2","1.5"
"20210924","인천","남구","22.3","26.4","17.5","20.9","20.2","24.8","16.4","0.0","0.0","1.7","10.9","7.9","7.5","16.08","16.04","0.0","59.9","54.0","70.2","2.3","7.4","4.1","0.0","0.0","0.0","6.9","10.6","2.1"
"20210924","인천","강화군","19.9","26.0","14.2","19.7","18.5","24.4","13.5","0.0","0.0","1.7","10.7","7.4","7.7","0.0","0.0","0.0","79.0","64.4","72.0","2.4","7.3","0.0","0.0","0.0","0.0","5.5","10.7","1.6"
"20210923","인천","남구","21.4","25.0","18.2","19.7","20.2","24.7","16.4","0.0","0.0","3.8","11.1","8.0","7.3","17.26","14.84","0.0","63.0","52.1","70.8","2.6","8.0","4.2","0.0","0.0","0.0","11.0","9.9","2.0"
"20210923","인천","강화군","20.0","25.6","15.2","18.4","18.6","24.4","13.5","0.0","0.0","2.4","10.1","7.8","7.6","0.0","0.0","0.0","73.6","65.1","72.5","3.1","7.4","0.0","0.0","0.0","0.0","7.9","8.0","1.6"
"20210922","인천","남구","20.8","23.3","18.1","20.7","20.3","24.8","16.6","7.0","0.0","4.8","9.2","11.0","7.0","14.72","20.03","0.0","70.8","48.9","70.7","3.3","3.6","4.5","0.0","0.0","0.0","11.5","7.6","2.1"
"20210922","인천","강화군","19.9","24.2","16.0","18.0","18.7","24.4","13.8","0.0","0.0","3.3","7.6","10.9","7.2","0.0","0.0","0.0","82.9","69.8","72.5","3.6","3.1","0.0","0.0","0.0","0.0","11.4","6.1","1.7"
"20210921","인천","남구","21.8","24.8","18.1","19.2","20.5","24.9","16.8","74.6","0.0","4.9","6.9","9.5","7.0","15.08","17.35","0.0","77.5","55.3","70.1","7.4","6.0","4.5","0.0","0.0","0.0","11.6","6.6","2.1"
"20210921","인천","강화군","21.5","25.4","16.7","16.2","18.9","24.5","13.9","79.6","0.0","3.4","5.7","8.7","7.2","0.0","0.0","0.0","85.9","72.8","71.9","6.3","4.1","0.0","0.0","0.0","0.0","12.7","4.5","1.7"
"20210920","인천","남구","23.8","27.7","20.2","20.2","20.7","25.1","17.0","0.3","0.0","5.7","10.2","11.7","7.0","18.14","20.56","0.0","53.1","59.5","70.3","5.9","0.3","4.6","0.0","0.0","0.0","11.3","7.1","2.2"
"20210920","인천","강화군","22.8","27.6","17.0","18.3","19.2","24.7","14.2","5.5","0.0","5.3","8.4","11.3","7.0","0.0","0.0","0.0","71.4","66.5","71.6","6.4","0.4","0.0","0.0","0.0","0.0","6.8","7.0","1.8"
"20210919","인천","남구","24.2","27.6","22.0","21.6","21.0","25.3","17.4","0.0","19.1","6.7","4.9","11.3","6.8","13.62","20.14","0.0","57.3","59.5","70.7","6.4","2.6","4.8","0.0","0.0","0.0","6.5","10.1","2.2"
"20210919","인천","강화군","22.1","26.8","18.5","20.3","19.6","25.0","14.7","0.0","0.0","6.1","0.5","10.5","6.7","0.0","0.0","0.0","80.8","65.0","71.8","8.3","2.3","0.0","0.0","0.0","0.0","4.2","9.0","1.8"
"20210918","인천","남구","23.8","27.6","19.6","21.8","21.3","25.6","17.7","0.0","0.0","5.3","11.3","11.2","6.8","18.9","20.86","0.0","58.9","59.8","70.6","2.4","2.3","4.8","0.0","0.0","0.0","7.3","12.5","2.3"
"20210918","인천","강화군","22.2","27.3","17.0","20.4","20.0","25.3","15.2","0.0","0.0","6.4","10.5","8.7","6.9","0.0","0.0","0.0","74.9","69.6","71.2","3.6","2.3","0.0","0.0","0.0","0.0","5.9","11.4","1.8"
"20210917","인천","남구","23.8","28.0","20.2","21.4","21.6","25.9","17.9","0.0","0.0","4.8","7.9","1.6","7.1","18.1","9.31","0.0","50.4","67.0","71.0","4.6","8.4","4.7","0.0","0.0","0.0","10.3","6.4","2.2"
"20210917","인천","강화군","22.7","28.4","18.2","20.7","20.3","25.6","15.5","0.0","0.0","5.8","9.0","1.0","7.0","0.0","0.0","0.0","67.6","74.1","71.3","4.1","8.8","0.0","0.0","0.0","0.0","7.7","5.9","1.8"
"20210916","인천","남구","23.4","27.2","19.3","21.9","21.8","26.0","18.2","0.0","0.5","4.3","9.0","3.3","7.0","18.43","9.39","0.0","47.1","81.6","71.7","5.6","8.3","4.9","0.0","0.0","0.0","9.0","8.1","2.2"
"20210916","인천","강화군","21.5","26.8","16.2","21.1","20.5","25.8","15.9","0.0","0.2","4.9","9.4","0.5","6.9","0.0","0.0","0.0","68.4","91.4","71.8","5.0","6.3","0.0","0.0","0.0","0.0","6.9","4.9","1.8"
"20210915","인천","남구","24.0","28.5","19.6","22.5","21.8","26.1","18.3","0.0","0.0","4.7","10.8","9.9","6.9","20.07","17.08","0.0","44.4","77.1","72.6","1.0","6.6","5.0","0.0","0.0","0.0","11.6","6.9","2.1"
"20210915","인천","강화군","22.5","28.1","18.2","20.6","20.6","25.9","16.0","0.0","0.0","4.2","11.1","4.4","7.0","0.0","0.0","0.0","64.0","88.1","72.7","1.3","5.9","0.0","0.0","0.0","0.0","8.4","5.4","1.7"
"20210914","인천","남구","25.2","29.0","21.6","21.5","21.9","26.1","18.4","0.0","0.0","4.1","10.5","10.2","6.5","20.28","17.04","0.0","48.6","76.3","73.6","2.5","4.4","5.3","0.0","0.0","0.0","8.5","8.4","2.0"
"20210914","인천","강화군","23.5","29.0","19.1","19.7","20.6","25.8","16.1","0.0","0.0","4.0","11.4","6.1","6.6","0.0","0.0","0.0","73.1","89.9","73.4","1.8","4.1","0.0","0.0","0.0","0.0","8.4","7.6","1.7"
"20210913","인천","남구","25.0","29.4","21.5","21.3","22.0","26.0","18.5","0.0","0.0","4.2","6.9","11.6","6.3","16.16","21.84","0.0","56.0","68.6","74.4","7.1","1.6","5.5","0.0","0.0","0.0","7.3","7.3","2.0"
"20210913","인천","강화군","22.8","28.6","16.9","20.1","20.7","25.8","16.3","0.0","0.0","3.5","9.4","8.9","6.4","0.0","0.0","0.0","79.1","75.6","74.5","5.6","2.0","0.0","0.0","0.0","0.0","5.9","6.7","1.7"
"20210912","인천","남구","23.8","28.2","20.1","19.8","22.1","26.1","18.7","0.0","6.6","4.7","10.5","0.1","6.2","20.67","5.92","0.0","61.8","86.5","74.8","2.3","9.3","5.5","0.0","0.0","0.0","7.4","10.2","2.0"
"20210912","인천","강화군","21.6","28.0","16.7","19.5","20.8","25.9","16.4","0.0","8.8","5.1","10.0","0.0","6.4","0.0","0.0","0.0","82.1","85.3","75.1","1.6","8.4","0.0","0.0","0.0","0.0","6.2","6.9","1.7"
"20210911","인천","남구","23.7","27.3","21.1","22.7","22.1","26.1","18.8","0.0","0.0","5.2","11.4","4.1","6.1","21.18","10.1","0.0","68.3","67.1","75.4","1.3","8.4","5.6","0.0","0.0","0.0","7.2","11.0","2.0"
"20210911","인천","강화군","21.5","26.7","16.6","21.1","20.9","25.9","16.5","0.0","0.7","7.3","6.9","1.8","6.3","0.0","0.0","0.0","85.6","82.3","75.7","3.0","9.0","0.0","0.0","0.0","0.0","6.3","7.9","1.7"
"20210910","인천","남구","23.6","27.1","21.2","22.6","22.4","26.3","19.1","0.0","0.0","4.1","9.2","11.1","6.3","19.27","19.54","0.0","71.9","80.0","75.1","4.6","6.3","5.7","0.0","0.0","0.0","6.0","7.7","2.1"
"20210910","인천","강화군","21.5","26.8","17.2","20.9","21.1","26.1","16.8","0.0","1.9","6.3","8.1","10.6","6.5","0.0","0.0","0.0","88.9","89.0","75.5","2.9","6.1","0.0","0.0","0.0","0.0","5.9","7.5","1.7"
"20210909","인천","남구","23.0","26.7","20.3","20.8","22.5","26.5","19.3","0.0","2.2","4.7","10.1","6.3","6.7","18.0","12.64","0.0","75.0","81.4","75.2","7.0","7.0","5.4","0.0","0.0","0.0","5.6","10.4","2.1"
"20210909","인천","강화군","21.0","26.6","16.3","19.7","21.3","26.3","17.0","0.0","38.9","6.6","6.2","2.5","6.9","0.0","0.0","0.0","90.6","90.4","75.6","5.9","7.6","0.0","0.0","0.0","0.0","5.0","9.6","1.7"
"20210908","인천","남구","22.2","25.8","19.1","23.1","22.7","26.7","19.4","0.0","0.0","3.9","10.0","11.3","6.8","20.7","21.19","0.0","70.1","70.8","75.5","3.8","4.4","5.3","0.0","0.0","0.0","7.3","17.6","2.1"
"20210908","인천","강화군","22.0","26.2","18.2","22.7","21.5","26.5","17.1","0.0","0.0","6.2","8.9","9.7","7.0","0.0","0.0","0.0","79.4","79.1","75.6","2.0","4.3","0.0","0.0","0.0","0.0","6.9","12.0","1.8"
"20210907","인천","남구","20.0","22.7","17.7","19.2","22.8","26.7","19.5","14.1","62.7","4.5","0.2","0.0","6.6","4.11","3.17","0.0","90.1","91.4","75.4","10.0","10.0","5.4","0.0","0.0","0.0","10.6","19.0","2.2"
"20210907","인천","강화군","19.4","21.7","17.2","19.3","21.6","26.5","17.2","21.9","70.5","5.5","0.0","0.0","6.7","0.0","0.0","0.0","98.9","93.1","75.6","8.9","8.4","0.0","0.0","0.0","0.0","8.7","16.4","1.8"
"20210906","인천","남구","21.8","25.2","17.4","21.8","23.0","27.0","19.7","15.6","3.1","5.0","0.9","0.0","6.6","8.33","5.88","0.0","63.0","76.0","74.9","9.5","9.5","5.3","0.0","0.0","0.0","10.8","8.9","2.2"
"20210906","인천","강화군","21.0","25.9","17.4","20.5","21.8","26.7","17.5","16.1","1.2","3.8","1.0","0.0","6.9","0.0","0.0","0.0","78.1","84.4","75.3","9.6","9.6","0.0","0.0","0.0","0.0","9.7","8.2","1.8"
"20210905","인천","남구","23.4","26.5","20.3","23.5","23.1","27.1","19.9","0.0","0.0","5.9","4.4","5.4","6.3","11.96","13.56","0.0","48.4","63.3","75.7","6.4","7.0","5.4","0.0","0.0","0.0","10.2","6.8","2.2"
"20210905","인천","강화군","22.1","26.9","17.1","21.7","22.0","26.8","17.7","0.0","0.0","4.4","4.0","4.6","6.5","0.0","0.0","0.0","67.1","78.8","76.1","7.5","6.5","0.0","0.0","0.0","0.0","6.6","3.7","1.7"
"20210904","인천","남구","23.8","26.9","19.6","22.9","23.4","27.3","20.3","0.0","0.0","5.9","9.1","12.0","6.2","16.7","22.81","0.0","47.1","59.8","76.0","5.6","1.3","5.5","0.0","0.0","0.0","8.5","11.4","2.2"
"20210904","인천","강화군","22.5","28.0","17.3","21.9","22.3","27.0","18.1","0.0","0.0","4.9","10.2","11.2","6.3","0.0","0.0","0.0","61.5","70.6","76.6","5.1","1.5","0.0","0.0","0.0","0.0","6.6","14.5","1.7"
"20210903","인천","남구","24.3","28.3","21.3","22.4","23.7","27.6","20.6","0.0","39.0","6.3","10.7","7.2","6.4","19.09","18.42","0.0","54.3","79.4","76.3","3.6","7.4","5.5","0.0","0.0","0.0","7.0","21.1","2.3"
"20210903","인천","강화군","23.2","28.0","19.9","22.4","22.6","27.3","18.4","0.0","45.4","5.5","11.1","3.7","6.2","0.0","0.0","0.0","69.8","80.5","77.0","2.8","5.9","0.0","0.0","0.0","0.0","7.0","14.3","1.7"
"20210902","인천","남구","23.2","25.5","21.3","24.2","23.9","27.9","20.8","1.0","34.5","5.4","2.7","0.0","6.7","11.33","3.88","0.0","63.6","90.8","76.6","8.3","10.0","5.4","0.0","0.0","0.0","6.8","11.0","2.3"
"20210902","인천","강화군","22.1","26.9","20.0","23.3","22.8","27.6","18.7","0.0","48.0","5.4","1.6","0.0","6.5","0.0","0.0","0.0","77.8","96.5","77.1","6.5","9.9","0.0","0.0","0.0","0.0","6.2","11.3","1.8"
"20210901","인천","남구","21.2","23.7","18.8","26.1","24.0","27.9","20.9","0.0","0.0","4.8","0.4","3.5","6.5","7.33","14.23","0.0","72.5","72.8","77.3","9.8","8.0","5.6","0.0","0.0","0.0","8.4","7.4","2.3"
"20210901","인천","강화군","21.1","24.7","18.1","25.4","22.9","27.7","18.9","0.7","0.0","5.2","0.1","1.8","6.3","0.0","0.0","0.0","85.3","83.4","77.7","8.3","7.3","0.0","0.0","0.0","0.0","7.2","4.8","1.8"
"20210831","인천","남구","20.4","23.4","18.0","26.9","24.1","28.0","21.0","82.7","0.0","5.7","0.0","1.8","6.4","1.84","11.43","0.0","83.5","70.6","77.8","9.9","8.3","5.8","0.0","0.0","0.0","11.6","8.1","2.4"
"20210831","인천","강화군","19.7","22.7","18.3","25.8","23.1","27.8","19.1","43.4","0.0","5.3","0.0","0.2","6.1","0.0","0.0","0.0","99.0","83.0","77.8","8.8","7.0","0.0","0.0","0.0","0.0","8.6","4.7","1.8"
"20210830","인천","남구","24.0","26.5","22.1","26.1","24.2","28.0","21.1","0.0","0.8","7.1","2.1","5.3","6.5","11.71","13.82","0.0","70.8","88.9","78.3","7.9","8.0","5.7","0.0","0.0","0.0","5.4","6.7","2.4"
"20210830","인천","강화군","22.7","27.3","19.8","26.1","23.1","27.7","19.1","0.0","2.2","6.2","0.7","0.8","6.3","0.0","0.0","0.0","90.1","93.9","78.1","7.5","7.4","0.0","0.0","0.0","0.0","4.2","5.9","1.8"
"20210829","인천","남구","23.1","25.4","20.9","26.6","24.2","27.9","21.2","1.0","0.3","8.9","3.5","4.9","6.2","10.96","11.93","0.0","75.4","86.0","78.4","8.9","8.0","5.9","0.0","0.0","0.0","6.5","6.8","2.4"
"20210829","인천","강화군","22.7","25.4","20.8","26.8","23.2","27.7","19.2","0.7","0.0","6.7","0.4","4.4","6.1","0.0","0.0","0.0","92.9","90.3","78.0","8.8","7.1","0.0","0.0","0.0","0.0","5.1","6.0","1.9"
"20210828","인천","남구","23.4","26.2","20.9","26.6","24.2","28.0","21.4","0.0","8.7","9.7","6.2","4.7","6.0","16.9","13.25","0.0","74.0","88.0","78.5","7.6","9.1","6.1","0.0","0.0","0.0","7.4","7.6","2.4"
"20210828","인천","강화군","23.3","27.2","19.0","25.7","23.3","27.7","19.4","0.0","6.0","7.4","5.7","1.2","6.0","0.0","0.0","0.0","89.9","96.0","78.1","8.3","8.3","0.0","0.0","0.0","0.0","7.3","8.2","1.8"
"20210827","인천","남구","22.3","24.5","21.3","26.0","24.3","28.0","21.5","0.6","12.4","11.3","0.0","2.0","6.0","2.98","7.55","0.0","69.5","85.6","79.0","9.8","9.4","6.2","0.0","0.0","0.0","6.8","20.1","2.4"
"20210827","인천","강화군","21.1","24.3","18.9","25.7","23.3","27.7","19.5","1.4","22.4","9.4","0.0","0.4","6.0","0.0","0.0","0.0","96.5","91.3","78.5","9.4","8.3","0.0","0.0","0.0","0.0","3.3","17.8","1.8"
"20210826","인천","남구","25.0","27.5","23.3","30.0","24.4","28.0","21.6","0.0","0.5","11.7","1.7","8.8","5.9","10.02","17.37","0.0","79.9","63.1","78.6","8.9","7.3","6.2","0.0","0.0","0.0","10.3","14.6","2.4"
"20210826","인천","강화군","24.6","27.8","21.6","28.5","23.3","27.7","19.5","0.0","1.3","10.2","0.3","5.6","6.1","0.0","0.0","0.0","95.8","77.3","78.4","8.8","7.5","0.0","0.0","0.0","0.0","9.5","9.0","1.9"
"20210825","인천","남구","24.9","26.8","23.9","29.0","24.5","28.1","21.7","0.1","0.0","11.2","5.3","10.6","5.7","12.78","22.67","0.0","76.0","67.0","78.5","7.1","6.1","6.4","0.0","0.0","0.0","8.6","8.1","2.4"
"20210825","인천","강화군","24.1","27.7","22.0","27.4","23.5","27.9","19.6","1.4","0.0","10.0","2.2","10.7","6.0","0.0","0.0","0.0","94.5","81.8","78.5","6.6","5.1","0.0","0.0","0.0","0.0","5.4","6.5","1.9"
"20210824","인천","남구","23.7","26.4","21.0","27.2","24.7","28.3","21.9","8.2","0.0","9.1","1.2","12.2","5.9","7.85","22.76","0.0","80.9","69.8","78.4","10.0","5.6","6.4","0.0","0.0","0.0","13.2","8.0","2.4"
"20210824","인천","강화군","23.5","27.8","20.3","25.7","23.6","28.1","19.7","11.0","0.0","9.1","0.2","10.6","6.2","0.0","0.0","0.0","96.9","81.8","78.4","8.8","6.3","0.0","0.0","0.0","0.0","9.8","6.2","1.9"
"20210823","인천","남구","22.6","24.5","20.4","25.4","24.8","28.4","22.0","12.2","0.0","8.6","0.0","10.7","6.0","4.08","23.08","0.0","78.5","73.4","78.7","9.5","5.0","6.3","0.0","0.0","0.0","10.4","7.5","2.4"
"20210823","인천","강화군","22.2","25.7","20.4","23.9","23.7","28.1","20.0","7.2","0.2","8.4","0.3","8.9","6.1","0.0","0.0","0.0","94.8","88.8","78.6","9.9","4.0","0.0","0.0","0.0","0.0","5.9","6.6","1.9"
"20210822","인천","남구","24.4","26.0","23.2","25.2","25.1","28.7","22.2","0.0","0.4","8.3","0.8","2.3","6.1","10.22","11.17","0.0","72.6","80.1","78.5","8.0","8.9","6.2","0.0","0.0","0.0","8.4","7.5","2.4"
"20210822","인천","강화군","23.9","27.3","20.8","23.9","24.0","28.4","20.2","0.2","23.3","8.4","2.1","0.7","6.1","0.0","0.0","0.0","89.9","92.1","78.3","7.8","8.0","0.0","0.0","0.0","0.0","6.7","8.8","1.9"
"20210821","인천","남구","23.7","25.2","20.9","26.1","25.2","28.8","22.4","59.6","0.4","7.8","1.6","5.6","6.1","6.65","15.22","0.0","75.1","81.6","78.9","9.0","8.6","6.2","0.0","0.0","0.0","15.5","7.6","2.3"
"20210821","인천","강화군","22.9","24.9","20.7","24.1","24.2","28.5","20.5","46.8","14.3","7.7","0.4","0.2","5.9","0.0","0.0","0.0","94.3","93.1","78.7","7.9","8.8","0.0","0.0","0.0","0.0","8.3","5.7","2.0"
"20210820","인천","남구","25.6","29.2","21.8","26.6","25.4","29.1","22.7","4.5","0.0","6.5","7.9","7.0","6.1","17.39","19.2","0.0","63.6","78.0","79.0","6.3","6.5","6.3","0.0","0.0","0.0","8.8","6.8","2.2"
"20210820","인천","강화군","24.4","28.8","20.1","25.8","24.4","28.7","20.9","2.1","0.0","6.3","5.1","3.0","5.7","0.0","0.0","0.0","80.5","89.5","78.6","6.9","7.4","0.0","0.0","0.0","0.0","6.6","6.0","1.9"
"20210819","인천","남구","25.6","29.3","20.7","26.1","25.5","29.2","22.9","0.0","0.0","6.4","11.3","11.7","6.1","22.24","21.74","0.0","51.1","79.1","79.4","3.3","4.5","6.2","0.0","0.0","0.0","8.3","7.1","2.2"
"20210819","인천","강화군","24.3","29.9","19.9","25.2","24.6","28.8","21.1","0.0","0.0","6.1","11.5","6.0","5.7","0.0","0.0","0.0","67.4","89.8","79.1","2.5","4.6","0.0","0.0","0.0","0.0","8.4","6.0","1.9"
"20210818","인천","남구","23.7","28.7","20.7","26.1","25.6","29.3","23.0","7.4","0.0","5.8","4.9","9.1","6.0","12.34","21.78","0.0","64.8","78.8","79.7","5.0","2.5","6.3","0.0","0.0","0.0","9.6","6.0","2.1"
"20210818","인천","강화군","23.6","29.8","20.3","24.9","24.7","29.0","21.2","2.5","0.0","5.9","5.3","8.9","5.7","0.0","0.0","0.0","73.5","87.9","79.2","6.3","3.9","0.0","0.0","0.0","0.0","7.6","5.2","1.9"
"20210817","인천","남구","24.8","30.4","21.3","26.8","25.7","29.3","23.1","27.6","0.0","6.3","8.1","9.4","5.9","18.25","20.94","0.0","63.9","81.5","80.4","6.4","5.3","6.3","0.0","0.0","0.0","10.2","6.6","2.2"
"20210817","인천","강화군","24.8","30.9","19.8","25.9","24.8","29.1","21.4","22.4","0.0","6.6","10.1","5.0","5.7","0.0","0.0","0.0","72.8","90.1","79.7","5.8","4.5","0.0","0.0","0.0","0.0","9.4","6.1","1.9"
"20210816","인천","남구","26.6","30.6","22.0","26.2","25.9","29.5","23.3","29.5","0.0","5.4","11.7","6.0","6.1","22.37","17.62","0.0","58.5","84.3","80.8","4.5","7.8","6.2","0.0","0.0","0.0","12.1","10.2","2.2"
"20210816","인천","강화군","25.2","30.8","20.3","26.0","25.1","29.3","21.6","1.8","0.0","6.4","11.1","0.3","5.9","0.0","0.0","0.0","72.8","91.0","80.1","2.5","7.9","0.0","0.0","0.0","0.0","8.1","10.4","1.9"
"20210815","인천","남구","26.9","30.7","22.6","25.2","26.0","29.6","23.4","0.0","27.3","6.5","12.3","0.0","6.3","24.3","4.13","0.0","54.1","94.0","81.4","1.6","9.4","6.1","0.0","0.0","0.0","7.5","11.8","2.2"
"20210815","인천","강화군","25.3","31.4","20.2","24.8","25.2","29.4","21.8","0.0","4.7","7.3","11.0","0.0","6.1","0.0","0.0","0.0","66.8","99.1","80.7","1.3","8.8","0.0","0.0","0.0","0.0","6.6","8.3","1.8"
"20210814","인천","남구","26.5","30.0","24.2","25.9","26.1","29.7","23.4","0.0","0.1","8.4","5.3","0.5","6.3","15.23","7.48","0.0","52.1","87.3","81.7","6.9","9.4","6.3","0.0","0.0","0.0","8.8","13.0","2.3"
"20210814","인천","강화군","25.1","30.1","22.3","25.3","25.3","29.5","21.9","0.0","0.9","9.6","6.2","0.0","6.1","0.0","0.0","0.0","67.8","94.3","81.1","5.9","8.5","0.0","0.0","0.0","0.0","8.8","10.8","1.8"
"20210813","인천","남구","26.9","29.5","24.4","27.0","26.2","29.9","23.5","0.0","0.0","10.1","2.0","2.3","6.3","10.24","10.44","0.0","57.9","82.1","81.5","8.5","8.9","6.2","0.0","0.0","0.0","6.0","11.0","2.3"
"20210813","인천","강화군","25.6","29.7","22.3","26.7","25.4","29.7","22.0","0.0","0.3","10.6","3.0","0.2","6.2","0.0","0.0","0.0","79.4","89.4","81.3","8.0","8.0","0.0","0.0","0.0","0.0","4.9","10.2","1.8"
"20210812","인천","남구","27.1","30.2","24.4","26.4","26.3","29.9","23.6","0.0","0.1","9.1","6.9","5.4","6.3","16.42","16.25","0.0","61.6","82.6","81.2","5.6","9.1","6.3","0.0","0.0","0.0","6.3","7.3","2.3"
"20210812","인천","강화군","25.8","31.0","21.6","25.8","25.4","29.7","22.0","0.0","0.0","9.2","4.1","3.4","6.2","0.0","0.0","0.0","79.8","91.1","81.1","7.1","6.9","0.0","0.0","0.0","0.0","4.9","4.4","1.8"
"20210811","인천","남구","26.5","30.1","23.5","23.8","26.4","30.0","23.6","1.4","106.6","9.2","7.0","0.7","6.3","16.18","8.12","0.0","68.6","90.6","80.9","5.6","9.3","6.3","0.0","0.0","0.0","6.5","11.0","2.3"
"20210811","인천","강화군","25.3","30.8","21.0","23.5","25.5","29.9","22.1","0.0","28.0","10.0","6.7","0.0","6.3","0.0","0.0","0.0","80.9","97.9","80.7","6.4","8.4","0.0","0.0","0.0","0.0","5.4","9.0","1.8"
"20210810","인천","남구","27.2","29.5","24.8","25.8","26.4","30.1","23.7","0.0","20.1","9.2","12.2","0.2","6.3","24.64","8.68","0.0","59.6","90.4","80.9","4.4","9.9","6.4","0.0","0.0","0.0","8.0","12.6","2.4"
"20210810","인천","강화군","25.4","30.1","21.3","25.9","25.5","29.9","22.1","0.0","13.0","10.7","10.8","0.1","6.1","0.0","0.0","0.0","74.1","93.6","80.5","4.4","10.0","0.0","0.0","0.0","0.0","7.1","17.9","1.9"
"20210809","인천","남구","28.0","32.5","23.5","24.6","26.4","30.1","23.7","0.0","103.8","9.4","12.0","0.0","6.1","24.6","1.38","0.0","55.1","93.3","80.9","4.9","10.0","6.4","0.0","0.0","0.0","8.5","15.3","2.4"
"20210809","인천","강화군","27.9","32.6","23.2","24.8","25.6","29.9","22.2","0.0","133.6","9.6","10.3","0.0","5.9","0.0","0.0","0.0","63.8","95.1","80.5","5.5","9.6","0.0","0.0","0.0","0.0","8.3","16.0","2.0"
"20210808","인천","남구","26.2","31.2","24.5","24.0","26.5","30.0","23.8","21.5","18.2","9.9","5.1","1.7","6.0","13.36","6.69","0.0","70.4","88.5","81.1","7.6","9.4","6.3","0.0","0.0","0.0","11.1","9.1","2.5"
"20210808","인천","강화군","25.1","32.2","21.4","23.4","25.6","29.9","22.3","5.3","14.9","13.0","5.9","0.5","5.9","0.0","0.0","0.0","86.0","93.8","80.4","7.1","8.0","0.0","0.0","0.0","0.0","6.8","0.0","2.0"
"20210807","인천","남구","27.2","31.1","23.0","23.7","26.6","30.2","23.8","0.0","0.1","9.2","12.8","0.2","6.3","23.36","7.76","0.0","62.3","82.8","81.1","3.4","7.8","6.1","0.0","0.0","0.0","7.9","6.7","2.5"
"20210807","인천","강화군","25.6","30.7","19.2","23.5","25.8","30.1","22.3","0.0","0.0","12.9","10.1","0.0","6.1","0.0","0.0","0.0","77.8","92.5","80.4","4.4","8.1","0.0","0.0","0.0","0.0","5.6","3.6","1.9"
"20210806","인천","남구","27.3","31.3","24.8","23.2","26.5","30.1","23.8","0.0","59.4","10.7","8.7","2.8","6.3","19.12","9.56","0.0","62.4","92.1","81.4","7.0","9.0","6.2","0.0","0.0","0.0","11.1","21.3","2.5"
"20210806","인천","강화군","25.1","30.5","21.1","23.7","25.7","29.9","22.3","0.0","61.9","13.6","2.4","1.7","5.9","0.0","0.0","0.0","84.8","94.0","80.9","8.0","9.1","0.0","0.0","0.0","0.0","11.3","15.9","1.9"
"20210805","인천","남구","28.8","32.3","26.1","26.6","26.5","30.1","23.9","0.0","15.2","10.5","11.8","2.8","6.3","24.75","10.26","0.0","60.5","87.1","81.3","3.5","9.5","6.1","0.0","0.0","0.0","7.1","10.5","2.5"
"20210805","인천","강화군","27.5","32.4","23.4","26.7","25.7","29.9","22.4","0.0","38.4","15.0","11.0","1.1","5.9","0.0","0.0","0.0","80.8","90.6","81.1","4.0","9.5","0.0","0.0","0.0","0.0","6.8","15.0","1.9"
"20210804","인천","남구","28.1","30.7","26.4","25.7","26.6","30.2","23.9","0.0","1.7","10.5","8.6","1.0","6.4","20.23","8.32","0.0","66.8","88.9","81.3","6.5","9.8","6.1","0.0","0.0","0.0","7.2","12.5","2.6"
"20210804","인천","강화군","26.8","30.7","23.8","25.7","25.8","29.9","22.4","0.0","3.1","16.0","4.1","0.0","6.0","0.0","0.0","0.0","87.1","93.4","81.2","6.6","9.3","0.0","0.0","0.0","0.0","6.7","13.6","1.9"
"20210803","인천","남구","27.6","30.2","24.7","24.2","26.6","30.1","24.0","0.0","50.5","10.0","11.3","0.0","6.2","22.43","3.62","0.0","69.4","95.6","81.9","4.9","10.0","6.3","0.0","0.0","0.0","7.1","14.4","2.6"
"20210803","인천","강화군","26.4","30.7","22.2","24.6","25.7","29.8","22.5","0.0","18.3","13.8","9.2","0.0","5.7","0.0","0.0","0.0","86.1","95.6","81.8","5.2","9.1","0.0","0.0","0.0","0.0","5.9","15.6","2.0"
"20210802","인천","남구","25.7","27.4","24.6","24.0","26.4","29.9","24.0","0.1","21.6","11.2","3.9","0.0","5.9","11.71","2.24","0.0","76.5","96.0","82.7","6.8","10.0","6.6","0.0","0.0","0.0","7.8","15.2","2.6"
"20210802","인천","강화군","24.9","27.4","22.6","23.7","25.6","29.5","22.5","0.5","45.6","14.7","1.4","0.0","5.4","0.0","0.0","0.0","93.3","98.6","82.6","7.5","8.0","0.0","0.0","0.0","0.0","6.3","14.2","2.0"
"20210801","인천","남구","26.7","28.3","24.8","24.4","26.3","29.7","23.9","12.6","38.2","9.2","0.0","0.1","5.8","6.09","5.61","0.0","78.6","93.6","83.3","9.9","10.0","6.7","0.0","0.0","0.0","8.7","9.2","2.7"
"20210801","인천","강화군","26.1","28.2","24.1","24.4","25.5","29.4","22.5","5.9","47.0","13.5","0.0","0.0","5.2","0.0","0.0","0.0","95.4","95.4","83.1","9.1","8.6","0.0","0.0","0.0","0.0","3.8","8.2","2.0"
"20210731","인천","남구","28.2","31.2","26.0","24.9","26.2","29.6","23.8","0.0","0.0","9.9","10.9","6.1","5.6","24.24","17.87","0.0","67.0","88.3","84.0","4.1","9.3","6.8","0.0","0.0","0.0","7.2","6.9","2.6"
"20210731","인천","강화군","27.3","31.5","24.8","23.7","25.5","29.3","22.5","0.0","25.4","11.2","8.7","3.7","5.1","0.0","0.0","0.0","81.3","93.4","83.5","4.9","6.9","0.0","0.0","0.0","0.0","8.5","5.6","2.0"
"20210730","인천","남구","28.9","32.8","25.9","23.7","26.0","29.3","23.6","0.0","0.2","11.0","8.7","6.2","5.4","22.63","14.7","0.0","62.0","90.3","84.5","5.0","7.8","6.9","0.0","0.0","0.0","8.6","5.7","2.5"
"20210730","인천","강화군","27.9","34.0","22.3","23.2","25.3","29.1","22.4","0.0","0.0","12.1","7.9","4.9","4.9","0.0","0.0","0.0","75.6","93.4","84.1","5.9","6.0","0.0","0.0","0.0","0.0","8.3","6.8","1.9"
"20210729","인천","남구","28.6","32.0","26.0","24.0","25.9","29.2","23.5","0.0","13.8","11.4","10.2","0.0","5.4","21.12","4.46","0.0","61.6","96.4","84.4","4.8","10.0","7.0","0.0","0.0","0.0","6.8","5.6","2.5"
"20210729","인천","강화군","27.4","31.8","23.5","23.3","25.1","28.9","22.3","0.0","25.9","12.7","9.7","0.0","4.8","0.0","0.0","0.0","80.1","97.6","84.0","5.6","8.6","0.0","0.0","0.0","0.0","6.4","3.8","1.9"
"20210728","인천","남구","29.3","32.9","27.0","24.3","25.8","29.1","23.3","0.0","0.1","10.5","10.2","0.2","5.4","22.98","8.28","0.0","63.9","84.8","83.8","3.4","9.6","6.9","0.0","0.0","0.0","6.7","5.7","2.5"
"20210728","인천","강화군","28.5","33.0","24.4","24.2","25.0","28.8","22.1","0.0","0.0","13.1","10.1","1.8","4.9","0.0","0.0","0.0","78.8","86.1","83.6","4.0","9.1","0.0","0.0","0.0","0.0","5.9","3.6","2.0"
"20210727","인천","남구","30.0","33.4","27.3","23.4","25.7","29.1","23.2","0.0","4.9","11.7","12.7","0.0","5.2","24.79","5.59","0.0","51.9","90.6","83.8","2.8","10.0","7.0","0.0","0.0","0.0","7.1","4.8","2.5"
"20210727","인천","강화군","28.8","33.2","23.3","22.8","24.9","28.7","22.0","0.0","2.5","14.5","10.8","0.0","4.9","0.0","0.0","0.0","71.4","94.3","83.4","3.4","9.9","0.0","0.0","0.0","0.0","8.6","4.1","2.0"
"20210726","인천","남구","29.9","33.3","27.1","24.2","25.5","28.9","23.0","0.0","0.0","12.1","13.2","5.6","5.0","26.51","14.89","0.0","48.6","71.9","83.8","0.8","7.5","7.1","0.0","0.0","0.0","8.2","8.2","2.5"
"20210726","인천","강화군","28.3","33.4","23.5","23.7","24.7","28.5","21.8","0.0","0.0","16.5","12.0","7.2","4.7","0.0","0.0","0.0","66.0","75.6","83.5","2.6","7.8","0.0","0.0","0.0","0.0","6.0","7.6","2.0"
"20210725","인천","남구","30.4","34.5","27.5","24.4","25.4","28.8","22.9","0.0","0.0","11.0","12.7","6.6","5.0","26.07","19.76","0.0","49.4","64.3","83.8","4.0","8.4","7.1","0.0","0.0","0.0","8.0","12.7","2.6"
"20210725","인천","강화군","28.7","34.6","24.2","24.3","24.6","28.4","21.7","0.0","0.0","15.2","12.1","5.2","4.8","0.0","0.0","0.0","71.0","66.5","83.4","3.6","8.0","0.0","0.0","0.0","0.0","5.3","10.9","2.1"
"20210724","인천","남구","30.6","34.3","27.4","22.4","25.3","28.7","22.8","0.0","7.8","10.6","12.9","3.4","5.1","25.61","11.97","0.0","54.8","71.5","84.3","3.0","8.8","7.1","0.0","0.0","0.0","6.2","16.8","2.7"
"20210724","인천","강화군","28.8","34.8","24.0","22.1","24.5","28.4","21.6","0.0","6.5","13.8","9.8","3.7","5.0","0.0","0.0","0.0","78.4","75.3","83.6","2.4","8.9","0.0","0.0","0.0","0.0","5.8","13.2","2.1"
"20210723","인천","남구","29.8","33.4","27.1","20.9","25.2","28.6","22.8","0.0","101.8","10.2","12.9","0.0","5.1","25.36","2.23","0.0","55.1","94.4","84.5","3.0","10.0","7.3","0.0","0.0","0.0","6.5","16.1","2.7"
"20210723","인천","강화군","28.3","33.3","23.5","20.6","24.5","28.3","21.6","0.0","106.1","11.2","11.3","0.0","4.8","0.0","0.0","0.0","77.1","97.0","83.7","1.8","10.0","0.0","0.0","0.0","0.0","5.8","14.2","2.1"
"20210722","인천","남구","30.0","33.5","27.1","22.3","25.2","28.5","22.7","0.0","25.0","10.1","12.5","0.0","5.1","24.29","3.82","0.0","53.9","96.1","84.4","4.9","9.8","7.2","0.0","0.0","0.0","6.3","6.0","2.7"
"20210722","인천","강화군","28.4","34.4","23.8","21.8","24.4","28.2","21.4","0.0","5.8","10.2","11.8","0.0","4.8","0.0","0.0","0.0","77.4","97.1","83.5","3.6","10.0","0.0","0.0","0.0","0.0","5.7","5.3","2.1"
"20210721","인천","남구","30.1","33.9","26.1","23.8","25.1","28.5","22.6","0.0","0.0","10.3","13.1","9.1","5.3","24.06","20.37","0.0","63.8","79.3","84.1","3.5","7.1","7.1","0.0","0.0","0.0","5.6","6.8","2.7"
"20210721","인천","강화군","28.5","34.0","23.6","23.2","24.4","28.3","21.3","0.0","0.0","8.4","11.5","5.3","4.9","0.0","0.0","0.0","79.3","87.6","83.2","1.4","7.5","0.0","0.0","0.0","0.0","4.9","5.6","2.1"
"20210720","인천","남구","28.6","31.6","25.3","23.1","25.0","28.5","22.4","0.0","2.3","8.4","5.6","1.4","5.6","16.86","11.62","0.0","66.0","87.4","83.5","6.0","9.1","6.9","0.0","0.0","0.0","4.8","15.8","2.7"
"20210720","인천","강화군","27.2","32.4","22.0","22.8","24.3","28.2","21.2","0.0","7.9","7.3","8.1","0.6","5.0","0.0","0.0","0.0","79.6","93.0","82.7","5.0","8.1","0.0","0.0","0.0","0.0","4.1","17.1","2.1"
"20210719","인천","남구","27.7","29.9","25.4","24.4","24.7","28.1","22.1","0.0","22.0","8.2","7.0","0.0","5.4","16.23","4.98","0.0","64.9","79.5","83.2","6.5","9.9","6.9","0.0","0.0","0.0","6.8","14.4","2.6"
"20210719","인천","강화군","25.9","30.0","22.9","23.3","24.0","27.9","21.0","0.0","14.1","7.8","4.3","0.0","4.7","0.0","0.0","0.0","84.3","90.9","82.7","6.9","9.5","0.0","0.0","0.0","0.0","5.2","11.4","2.1"
"20210718","인천","남구","28.1","31.3","25.3","24.3","24.4","27.8","21.8","0.1","0.0","12.0","12.0","9.4","5.2","25.0","20.98","0.0","59.0","75.6","83.5","6.0","6.4","7.0","0.0","0.0","0.0","8.0","7.9","2.6"
"20210718","인천","강화군","26.9","31.4","22.6","23.4","23.6","27.6","20.6","0.0","0.0","11.3","9.4","8.7","4.6","0.0","0.0","0.0","81.0","84.1","83.2","5.6","5.5","0.0","0.0","0.0","0.0","6.4","8.1","2.1"
"20210717","인천","남구","27.4","31.0","24.7","24.3","24.1","27.5","21.6","2.4","0.0","13.2","10.6","10.9","4.9","18.23","24.4","0.0","61.6","74.9","84.0","4.3","3.0","7.3","0.0","0.0","0.0","8.3","7.9","2.6"
"20210717","인천","강화군","26.1","32.3","21.4","23.7","23.4","27.3","20.5","0.9","0.0","11.7","8.4","9.9","4.4","0.0","0.0","0.0","83.5","81.9","83.4","5.3","3.3","0.0","0.0","0.0","0.0","9.2","8.1","2.1"
"20210716","인천","남구","27.9","33.0","24.1","23.3","24.0","27.5","21.5","5.0","0.0","12.7","11.8","12.3","5.0","24.85","26.21","0.0","66.1","73.0","84.0","3.6","2.0","7.3","0.0","0.0","0.0","14.3","6.8","2.6"
"20210716","인천","강화군","26.7","32.3","21.8","22.7","23.3","27.2","20.3","0.9","0.0","12.3","11.5","9.9","4.6","0.0","0.0","0.0","84.8","82.3","83.3","3.9","3.8","0.0","0.0","0.0","0.0","12.3","6.6","2.1"
"20210715","인천","남구","28.5","31.2","26.2","22.1","23.8","27.2","21.4","0.0","0.0","14.7","13.4","10.5","4.7","27.06","25.43","0.0","64.4","65.0","84.7","3.8","4.8","7.5","0.0","0.0","0.0","8.6","7.1","2.6"
"20210715","인천","강화군","27.1","32.1","23.6","21.7","23.1","26.9","20.2","0.0","0.0","13.2","11.4","9.7","4.5","0.0","0.0","0.0","83.9","72.5","83.7","5.1","4.5","0.0","0.0","0.0","0.0","8.0","5.9","2.0"
"20210714","인천","남구","28.6","31.5","26.5","19.8","23.8","27.2","21.4","0.0","9.2","15.5","10.6","0.6","4.6","23.12","11.9","0.0","62.6","77.6","84.8","7.0","9.9","7.6","0.0","0.0","0.0","9.9","10.9","2.7"
"20210714","인천","강화군","27.7","31.3","23.5","19.8","23.2","26.9","20.2","0.0","7.4","14.8","6.8","0.0","4.5","0.0","0.0","0.0","81.0","77.9","83.5","6.8","9.1","0.0","0.0","0.0","0.0","9.3","9.8","2.1"
"20210713","인천","남구","28.0","29.8","26.0","18.7","23.9","27.2","21.4","0.0","50.6","12.7","4.3","0.0","4.4","14.36","4.86","0.0","65.1","95.1","84.3","7.5","10.0","7.7","0.0","0.0","0.0","8.4","11.9","2.6"
"20210713","인천","강화군","26.5","29.2","23.7","18.8","23.2","27.0","20.2","0.0","47.4","13.0","0.0","0.0","4.5","0.0","0.0","0.0","87.5","94.3","82.8","7.0","10.0","0.0","0.0","0.0","0.0","6.2","11.4","2.0"
"20210712","인천","남구","26.7","30.5","24.3","23.3","23.9","27.2","21.3","0.0","2.7","12.3","4.5","0.0","4.3","14.82","4.19","0.0","74.1","73.9","83.9","7.8","9.5","7.6","0.0","0.0","0.0","7.0","7.8","2.6"
"20210712","인천","강화군","26.1","30.5","22.7","21.8","23.2","27.1","20.1","0.0","2.6","13.4","2.6","0.0","4.6","0.0","0.0","0.0","91.3","81.8","82.3","5.4","0.0","0.0","0.0","0.0","0.0","4.9","5.6","2.0"
"20210711","인천","남구","24.6","25.9","23.9","25.8","23.8","27.1","21.2","0.0","0.0","12.6","0.0","9.2","4.3","6.67","19.92","0.0","83.6","60.9","83.5","8.6","6.4","7.5","0.0","0.0","0.0","7.0","10.9","2.5"
"20210711","인천","강화군","23.8","24.5","22.9","24.6","23.1","27.1","20.0","0.2","0.0","14.0","0.0","8.3","4.5","0.0","0.0","0.0","100.0","67.9","82.0","6.0","0.0","0.0","0.0","0.0","0.0","6.9","8.7","2.0"
"20210710","인천","남구","24.5","26.8","22.2","24.2","23.8","27.2","21.1","10.7","1.7","11.1","8.4","3.8","4.6","22.18","11.54","0.0","77.9","76.6","82.3","6.0","7.4","7.4","0.0","0.0","0.0","9.8","11.7","2.5"
"20210710","인천","강화군","23.8","26.8","21.9","22.8","23.1","27.1","19.9","0.8","32.7","13.7","1.9","1.7","4.8","0.0","0.0","0.0","95.1","80.9","81.1","6.4","8.2","0.0","0.0","0.0","0.0","8.0","10.6","2.0"
"20210709","인천","남구","24.4","27.3","22.9","25.3","23.8","27.4","21.1","0.0","0.0","9.4","11.4","9.4","5.1","24.7","24.13","0.0","71.3","76.1","81.4","5.9","6.3","7.1","0.0","0.0","0.0","7.6","6.4","2.5"
"20210709","인천","강화군","23.6","27.6","20.6","23.9","23.1","27.3","19.8","0.0","0.0","10.4","6.6","5.7","5.3","0.0","0.0","0.0","90.0","81.1","80.4","4.8","6.3","0.0","0.0","0.0","0.0","6.3","4.9","2.0"
"20210708","인천","남구","24.3","26.6","22.8","23.1","23.8","27.5","21.0","0.5","0.0","9.3","9.2","13.2","5.5","22.99","26.81","0.0","78.8","83.8","81.0","6.5","2.9","6.9","0.0","0.0","0.0","7.9","8.7","2.5"
"20210708","인천","강화군","24.1","28.4","22.0","22.2","23.0","27.3","19.6","0.0","0.0","10.0","6.0","11.0","5.5","0.0","0.0","0.0","92.1","86.8","80.0","5.0","2.8","0.0","0.0","0.0","0.0","8.2","7.3","1.9"
"20210707","인천","남구","25.0","27.2","22.9","23.0","23.7","27.4","20.8","0.2","0.0","8.6","3.6","7.6","6.1","15.5","17.4","0.0","76.5","81.4","80.8","9.9","4.9","6.5","0.0","0.0","0.0","7.1","6.9","2.5"
"20210707","인천","강화군","24.2","27.8","20.3","22.3","22.9","27.3","19.4","0.0","0.0","9.4","1.6","3.7","6.0","0.0","0.0","0.0","89.4","88.3","80.0","9.0","6.4","0.0","0.0","0.0","0.0","4.9","6.0","1.9"
"20210706","인천","남구","24.1","27.1","21.2","24.0","23.5","27.3","20.8","0.0","0.0","7.3","5.0","10.2","6.3","18.2","22.14","0.0","70.4","72.4","81.3","7.9","6.5","6.6","0.0","0.0","0.0","6.5","7.8","2.5"
"20210706","인천","강화군","23.4","28.5","19.1","22.8","22.9","27.2","19.3","0.0","0.0","8.0","6.9","5.5","6.2","0.0","0.0","0.0","82.8","81.4","80.1","6.1","6.9","0.0","0.0","0.0","0.0","6.7","5.8","2.0"
"20210705","인천","남구","22.3","25.5","19.8","22.2","23.3","27.0","20.6","0.0","0.0","7.8","3.0","11.2","6.1","14.35","25.83","0.0","73.4","75.6","82.7","7.9","4.4","6.7","0.0","0.0","0.0","7.5","6.4","2.4"
"20210705","인천","강화군","22.0","26.4","19.6","21.4","22.7","27.0","19.2","0.0","0.0","7.2","2.2","8.8","6.0","0.0","0.0","0.0","88.8","80.9","80.8","6.8","4.9","0.0","0.0","0.0","0.0","7.5","5.5","2.0"
"20210704","인천","남구","21.1","22.4","19.6","22.2","23.1","26.7","20.5","12.6","0.5","9.5","0.0","8.2","5.7","2.83","19.82","0.0","88.6","79.8","84.3","9.9","7.9","7.0","0.0","0.0","0.0","9.8","7.0","2.4"
"20210704","인천","강화군","21.1","22.6","19.9","22.1","22.6","26.7","19.2","18.0","0.8","9.0","0.0","8.7","5.6","0.0","0.0","0.0","99.8","81.1","82.2","6.4","7.4","0.0","0.0","0.0","0.0","7.7","8.0","2.0"
"20210703","인천","남구","23.5","26.6","20.4","24.4","23.0","26.5","20.5","52.7","0.8","10.8","1.0","8.6","5.3","7.38","21.39","0.0","68.1","69.9","85.1","9.3","7.1","7.3","0.0","0.0","0.0","12.2","10.0","2.5"
"20210703","인천","강화군","22.2","25.5","19.4","23.2","22.5","26.4","19.2","63.1","0.3","9.9","0.3","6.2","5.3","0.0","0.0","0.0","82.6","76.9","83.1","9.0","6.8","0.0","0.0","0.0","0.0","13.0","6.6","2.0"
"20210702","인천","남구","27.4","31.2","24.2","22.9","22.9","26.4","20.4","0.0","0.0","11.3","7.9","7.5","4.7","19.58","19.7","0.0","52.0","78.3","85.7","5.4","7.6","7.6","0.0","0.0","0.0","6.3","6.1","2.5"
"20210702","인천","강화군","25.8","31.2","21.5","22.3","22.3","26.2","19.2","0.0","0.0","10.0","6.5","4.6","4.7","0.0","0.0","0.0","74.6","83.6","83.6","5.3","7.6","0.0","0.0","0.0","0.0","6.4","4.9","2.0"
"20210701","인천","남구","25.6","29.3","21.8","20.6","22.7","26.2","20.2","0.0","0.1","12.4","10.8","2.3","4.4","20.82","13.41","0.0","67.9","84.6","85.7","3.9","8.6","7.7","0.0","0.0","0.0","8.1","8.3","2.5"
"20210701","인천","강화군","24.0","29.2","19.0","20.4","22.2","26.0","19.0","0.0","0.5","11.0","9.2","1.5","4.5","0.0","0.0","0.0","82.8","86.8","83.6","4.1","8.6","0.0","0.0","0.0","0.0","5.9","6.5","1.9"
"20210630","인천","남구","24.2","28.0","21.5","19.5","22.7","26.4","20.1","0.0","32.5","11.1","4.9","0.0","4.8","17.58","6.83","0.0","69.3","89.0","84.7","5.6","10.0","7.5","0.0","0.0","0.0","5.8","14.3","2.5"
"20210630","인천","강화군","23.2","27.8","19.3","19.6","22.1","26.1","18.9","0.0","39.0","10.3","6.2","0.0","4.8","0.0","0.0","0.0","82.8","86.5","83.1","6.1","7.8","0.0","0.0","0.0","0.0","4.7","12.6","1.9"
"20210629","인천","남구","24.2","27.9","22.0","22.0","22.6","26.3","19.9","0.0","22.0","9.1","10.5","2.7","5.2","23.7","7.57","0.0","67.8","84.5","83.7","6.3","8.5","7.2","0.0","0.0","0.0","7.3","14.9","2.5"
"20210629","인천","강화군","23.0","27.7","19.5","21.4","22.0","26.0","18.6","4.8","12.3","8.4","5.8","0.4","5.0","0.0","0.0","0.0","87.0","89.9","82.1","6.6","8.8","0.0","0.0","0.0","0.0","6.4","8.9","1.9"
"20210628","인천","남구","24.4","29.5","22.2","22.7","22.4","26.2","19.7","3.6","0.0","8.3","6.4","12.4","5.5","19.79","27.44","0.0","65.8","85.0","82.8","7.9","3.1","7.1","0.0","0.0","0.0","10.5","7.8","2.5"
"20210628","인천","강화군","23.2","28.4","20.6","23.1","21.8","26.0","18.4","0.2","0.0","7.5","4.4","9.9","5.4","0.0","0.0","0.0","84.4","83.8","81.1","8.0","2.1","0.0","0.0","0.0","0.0","5.0","7.9","2.0"
"20210627","인천","남구","24.6","29.8","20.5","22.7","22.4","26.3","19.6","0.0","0.0","7.1","11.6","8.9","6.0","21.9","22.85","0.0","60.9","76.8","81.1","6.0","5.8","6.8","0.0","0.0","0.0","7.3","7.2","2.4"
"20210627","인천","강화군","23.4","29.6","17.5","21.6","21.8","26.1","18.2","0.0","0.0","6.6","10.0","7.0","5.7","0.0","0.0","0.0","79.6","83.6","79.5","4.8","5.9","0.0","0.0","0.0","0.0","7.8","7.2","2.0"
"20210626","인천","남구","22.7","25.6","20.7","20.3","22.3","26.2","19.4","1.6","1.6","5.1","3.1","8.5","6.4","9.95","21.76","0.0","73.5","89.0","79.8","7.1","7.6","6.6","0.0","0.0","0.0","5.8","9.1","2.4"
"20210626","인천","강화군","21.3","25.0","17.9","20.2","21.6","26.0","18.0","1.1","1.3","4.9","1.4","2.4","6.1","0.0","0.0","0.0","88.9","93.4","78.4","8.3","7.6","0.0","0.0","0.0","0.0","4.7","8.7","2.0"
"20210625","인천","남구","22.5","26.2","19.1","20.3","22.1","26.0","19.2","0.0","6.9","5.4","10.7","0.0","6.3","26.36","5.15","0.0","69.4","97.1","79.3","5.0","10.0","6.5","0.0","0.0","0.0","7.5","8.8","2.5"
"20210625","인천","강화군","21.6","26.2","16.7","20.4","21.4","25.8","17.8","0.0","6.5","5.6","8.5","0.0","6.0","0.0","0.0","0.0","83.6","95.9","77.9","5.4","8.5","0.0","0.0","0.0","0.0","6.8","6.0","2.0"
"20210624","인천","남구","22.3","26.0","19.5","21.9","22.1","26.2","19.1","0.0","23.5","4.8","12.2","0.0","6.3","23.08","2.94","0.0","67.1","88.5","78.0","2.9","10.0","6.4","0.0","0.0","0.0","6.8","11.0","2.4"
"20210624","인천","강화군","21.3","26.5","17.8","20.4","21.4","26.0","17.6","0.0","78.8","4.9","8.7","0.0","6.3","0.0","0.0","0.0","85.1","95.5","77.0","4.0","9.6","0.0","0.0","0.0","0.0","6.6","7.4","2.0"
"20210623","인천","남구","22.5","26.0","19.8","24.3","22.1","26.3","19.0","0.0","0.0","3.1","10.2","6.1","6.6","21.25","16.77","0.0","63.1","63.4","77.7","3.8","8.0","6.2","0.0","0.0","0.0","6.8","5.5","2.3"
"20210623","인천","강화군","21.8","27.4","17.9","23.3","21.4","26.1","17.5","0.0","0.0","3.4","11.0","4.9","6.4","0.0","0.0","0.0","76.6","68.1","77.0","4.5","8.1","0.0","0.0","0.0","0.0","6.0","5.8","1.9"
"20210622","인천","남구","22.6","25.7","19.4","25.7","21.9","26.2","18.7","0.0","0.0","2.6","10.8","13.8","6.8","22.74","28.29","0.0","61.0","64.5","78.5","5.6","1.9","6.1","0.0","0.0","0.0","8.5","7.1","2.3"
"20210622","인천","강화군","21.3","26.7","17.1","25.0","21.2","25.9","17.3","0.0","0.0","2.8","5.6","12.2","6.5","0.0","0.0","0.0","81.6","65.5","77.6","6.4","1.5","0.0","0.0","0.0","0.0","7.6","8.6","2.0"
"20210621","인천","남구","21.3","24.8","18.7","23.8","21.9","26.2","18.7","0.0","0.0","2.3","13.2","13.5","6.8","27.64","26.44","0.0","71.9","69.0","78.4","2.9","1.3","6.2","0.0","0.0","0.0","7.2","6.9","2.2"
"20210621","인천","강화군","20.6","26.3","16.4","22.4","21.1","26.0","17.2","0.0","0.0","2.4","10.9","12.3","6.4","0.0","0.0","0.0","87.1","74.6","77.6","2.4","1.6","0.0","0.0","0.0","0.0","6.7","5.9","2.0"
"20210620","인천","남구","21.3","26.0","18.2","22.7","21.8","26.3","18.6","0.0","0.0","2.7","11.2","13.4","6.8","24.06","26.9","0.0","72.5","75.9","78.0","5.0","0.4","6.2","0.0","0.0","0.0","10.4","6.9","2.2"
"20210620","인천","강화군","20.1","25.0","14.5","21.6","21.1","25.9","17.1","0.0","0.0","2.3","4.0","12.3","6.5","0.0","0.0","0.0","90.6","81.5","77.2","5.8","2.1","0.0","0.0","0.0","0.0","8.4","7.2","1.9"
"20210619","인천","남구","20.5","23.8","17.7","23.2","21.7","26.1","18.5","0.0","0.1","3.1","12.8","10.6","6.8","27.54","24.04","0.0","73.5","69.3","77.6","3.1","4.9","6.2","0.0","0.0","0.0","6.5","7.9","2.2"
"20210619","인천","강화군","19.1","24.2","15.0","22.5","20.9","25.7","17.0","0.0","2.1","3.0","9.5","8.4","6.6","0.0","0.0","0.0","87.9","73.9","76.8","3.3","5.0","0.0","0.0","0.0","0.0","6.3","8.3","1.9"
"20210618","인천","남구","18.8","19.8","18.4","21.7","21.6","26.1","18.3","12.1","0.0","3.0","0.0","0.4","7.1","6.45","11.07","0.0","88.0","78.3","76.1","10.0","9.3","6.0","0.0","0.0","0.0","8.4","5.7","2.2"
"20210618","인천","강화군","19.3","22.9","18.4","21.2","20.9","25.7","16.7","19.0","0.0","2.9","1.5","0.5","7.0","0.0","0.0","0.0","98.5","73.4","75.4","8.8","9.6","0.0","0.0","0.0","0.0","9.0","6.4","1.9"
"20210617","인천","남구","21.2","23.4","19.0","21.6","21.7","26.1","18.3","0.1","0.0","2.5","0.0","8.1","7.4","7.12","21.85","0.0","68.3","73.9","74.5","9.4","7.8","5.8","0.0","0.0","0.0","7.7","7.0","2.2"
"20210617","인천","강화군","20.7","23.5","18.7","20.3","20.8","25.8","16.6","0.2","0.0","2.7","0.0","6.7","7.3","0.0","0.0","0.0","80.0","77.3","74.0","10.0","8.4","0.0","0.0","0.0","0.0","4.6","7.3","1.9"
"20210616","인천","남구","24.6","28.8","20.2","21.9","21.6","26.1","18.2","0.0","0.0","3.0","11.5","9.0","7.7","24.9","24.94","0.0","47.5","74.4","73.7","3.1","5.9","5.6","0.0","0.0","0.0","13.0","6.8","2.2"
"20210616","인천","강화군","24.1","29.9","19.8","21.5","20.8","25.8","16.4","0.0","0.0","3.2","11.1","8.8","7.8","0.0","0.0","0.0","63.9","78.1","73.2","4.8","4.3","0.0","0.0","0.0","0.0","9.5","7.5","1.8"
"20210615","인천","남구","21.9","24.6","19.3","20.3","21.4","26.0","18.0","1.6","0.0","2.6","2.8","12.0","7.9","7.42","25.47","0.0","69.4","77.9","73.8","6.6","6.4","5.5","0.0","0.0","0.0","8.6","8.6","2.3"
"20210615","인천","강화군","21.0","24.4","18.4","20.4","20.7","25.7","16.2","3.5","0.0","2.8","1.4","10.4","7.8","0.0","0.0","0.0","90.4","81.3","73.1","7.5","5.9","0.0","0.0","0.0","0.0","7.9","10.4","1.9"
"20210614","인천","남구","20.0","25.0","15.9","21.9","21.2","25.9","17.8","0.0","0.2","2.6","8.4","9.3","8.1","20.96","21.91","0.0","74.5","73.8","74.2","8.5","4.6","5.3","0.0","0.0","0.0","6.2","9.4","2.3"
"20210614","인천","강화군","20.0","26.1","15.4","22.1","20.5","25.5","16.0","0.0","0.0","2.8","6.4","8.2","7.9","0.0","0.0","0.0","90.9","75.8","73.3","7.6","4.1","0.0","0.0","0.0","0.0","6.7","7.3","1.9"
"20210613","인천","남구","19.9","24.1","17.1","24.6","21.1","25.7","17.7","0.0","0.0","3.0","9.0","11.9","8.0","24.46","27.06","0.0","81.4","64.3","74.6","6.1","5.9","5.4","0.0","0.0","0.0","7.2","7.3","2.5"
"20210613","인천","강화군","19.5","25.3","15.6","23.9","20.3","25.3","16.0","0.0","0.0","3.4","8.5","11.1","7.7","0.0","0.0","0.0","95.9","60.1","73.5","3.8","5.4","0.0","0.0","0.0","0.0","8.9","6.5","2.0"
"20210612","인천","남구","22.3","27.3","18.7","21.6","20.9","25.5","17.6","0.0","0.0","3.8","8.9","0.8","7.7","24.94","9.97","0.0","73.5","81.3","75.3","6.8","8.5","5.5","0.0","0.0","0.0","6.9","5.9","2.5"
"20210612","인천","강화군","21.8","27.2","17.0","20.9","20.2","25.1","15.9","0.0","0.0","4.0","10.8","1.2","7.3","0.0","0.0","0.0","88.9","84.4","74.1","6.3","8.6","0.0","0.0","0.0","0.0","6.8","5.0","2.0"
"20210611","인천","남구","19.8","22.6","17.7","24.3","20.8","25.4","17.4","2.1","0.0","3.3","5.8","11.1","7.6","17.24","26.63","0.0","82.1","76.6","75.5","7.6","5.3","5.6","0.0","0.0","0.0","14.9","7.9","2.5"
"20210611","인천","강화군","18.9","22.1","17.4","24.1","20.1","25.1","15.8","8.2","0.0","3.6","2.0","7.6","7.2","0.0","0.0","0.0","96.5","78.9","74.5","7.6","4.1","0.0","0.0","0.0","0.0","12.3","6.7","2.0"
"20210610","인천","남구","23.8","28.0","19.5","24.1","20.8","25.3","17.4","7.2","9.4","2.8","1.3","6.6","7.6","11.84","18.2","0.0","57.9","69.1","74.8","9.3","9.0","5.6","0.0","0.0","0.0","17.0","7.0","2.4"
"20210610","인천","강화군","21.6","26.8","18.7","23.1","20.0","25.0","15.6","11.4","6.1","3.5","0.1","1.5","7.1","0.0","0.0","0.0","87.0","76.3","74.2","9.5","9.3","0.0","0.0","0.0","0.0","11.2","5.5","1.9"
"20210609","인천","남구","24.6","29.5","19.4","24.6","20.7","25.2","17.3","0.0","0.0","2.3","11.8","12.3","7.5","23.43","27.12","0.0","60.3","54.8","74.0","4.3","4.0","5.6","0.0","0.0","0.0","7.1","7.5","2.4"
"20210609","인천","강화군","23.3","29.0","16.8","23.9","19.9","25.0","15.4","0.0","0.0","3.0","11.8","12.1","7.1","0.0","0.0","0.0","75.9","61.8","73.4","5.4","3.4","0.0","0.0","0.0","0.0","5.2","7.0","1.9"
"20210608","인천","남구","21.5","24.4","19.4","22.8","20.6","25.1","17.0","0.1","0.0","2.0","7.9","12.2","7.3","20.37","26.1","0.0","70.1","68.4","73.6","6.0","2.8","5.7","0.0","0.0","0.0","9.2","7.3","2.3"
"20210608","인천","강화군","20.2","23.7","16.6","21.7","19.7","24.9","15.2","0.0","0.0","2.3","2.2","9.4","7.1","0.0","0.0","0.0","88.3","76.4","73.2","7.0","2.1","0.0","0.0","0.0","0.0","7.1","7.0","1.9"
"20210607","인천","남구","20.5","23.2","18.7","19.8","20.5","25.1","16.8","0.0","0.0","1.2","2.4","9.1","7.6","9.1","23.52","0.0","64.5","80.1","72.7","9.3","5.1","5.4","0.0","0.0","0.0","7.7","7.5","2.2"
"20210607","인천","강화군","19.3","22.7","16.5","19.2","19.5","24.9","14.9","0.0","0.0","1.5","0.5","7.1","7.5","0.0","0.0","0.0","84.1","86.3","72.3","8.5","6.0","0.0","0.0","0.0","0.0","5.1","7.4","1.9"
"20210606","인천","남구","20.7","24.3","17.8","21.8","20.2","24.9","16.6","0.0","0.0","1.4","9.6","10.5","7.6","22.8","22.67","0.0","71.5","74.0","71.9","4.1","1.6","5.4","0.0","0.0","0.0","8.0","7.2","2.2"
"20210606","인천","강화군","20.6","25.4","14.8","21.5","19.3","24.5","14.6","0.0","0.0","1.4","7.4","10.7","7.6","0.0","0.0","0.0","84.1","78.4","71.4","4.3","1.8","0.0","0.0","0.0","0.0","5.8","7.1","1.9"
"20210605","인천","남구","19.0","21.9","16.9","20.2","20.0","24.7","16.4","0.0","0.0","1.6","9.5","8.7","7.6","22.52","21.3","0.0","72.4","80.3","71.5","4.0","6.0","5.3","0.0","0.0","0.0","9.0","6.3","2.3"
"20210605","인천","강화군","18.3","22.7","15.0","19.9","19.1","24.4","14.5","0.0","0.0","1.7","7.4","9.6","7.8","0.0","0.0","0.0","86.4","83.8","70.9","3.0","4.9","0.0","0.0","0.0","0.0","9.0","6.6","1.9"
"20210604","인천","남구","17.0","20.0","13.6","19.0","19.9","24.6","16.2","0.0","0.9","1.9","11.0","0.2","7.7","27.33","9.82","0.0","68.3","92.4","71.4","2.9","9.8","5.1","0.0","0.0","0.0","10.0","7.6","2.3"
"20210604","인천","강화군","17.5","21.1","12.9","17.7","18.9","24.2","14.2","0.0","0.2","2.3","10.3","0.0","7.9","0.0","0.0","0.0","77.3","99.3","71.0","2.8","6.8","0.0","0.0","0.0","0.0","9.0","7.4","2.0"
"20210603","인천","남구","18.5","21.9","14.1","20.1","19.7","24.6","16.0","16.1","0.0","1.9","0.4","10.7","8.0","4.41","26.06","0.0","74.8","82.1","70.9","9.8","6.9","4.9","0.0","0.0","0.0","14.1","9.3","2.5"
"20210603","인천","강화군","17.3","21.6","12.9","19.2","18.8","24.1","13.8","10.6","0.1","2.5","0.0","6.9","8.2","0.0","0.0","0.0","92.5","89.8","70.1","9.5","5.5","0.0","0.0","0.0","0.0","10.3","9.4","2.0"
"20210602","인천","남구","22.4","27.4","17.5","16.9","19.5","24.4","15.7","0.0","2.7","1.8","12.2","2.1","8.5","26.06","8.28","0.0","56.3","77.9","70.1","3.9","9.1","4.8","0.0","0.0","0.0","6.7","14.6","2.5"
"20210602","인천","강화군","21.0","27.6","14.3","16.3","18.6","24.0","13.6","0.0","6.0","2.4","10.3","1.8","8.3","0.0","0.0","0.0","73.1","80.9","69.4","4.8","9.6","0.0","0.0","0.0","0.0","6.7","10.7","2.1"
"20210601","인천","남구","19.7","22.3","15.6","17.4","19.3","24.2","15.5","0.9","0.4","1.5","2.6","13.3","8.4","13.73","29.73","0.0","62.9","78.4","70.1","8.0","4.9","4.6","0.0","0.0","0.0","9.7","10.9","2.6"
"20210601","인천","강화군","17.5","21.3","13.9","18.4","18.4","23.9","13.3","2.3","0.0","2.1","0.5","11.5","8.4","0.0","0.0","0.0","86.5","74.9","69.1","8.8","3.0","0.0","0.0","0.0","0.0","9.9","9.7","2.1"
"20210531","인천","남구","19.3","22.9","16.3","19.5","19.2","24.0","15.5","0.6","0.3","1.2","3.6","7.0","8.5","14.76","19.37","0.0","60.9","69.9","70.4","8.0","8.4","4.6","0.0","0.0","0.0","9.4","7.1","2.5"
"20210531","인천","강화군","18.6","23.2","15.3","18.8","18.3","23.8","13.2","0.0","0.0","1.8","2.1","3.7","8.4","0.0","0.0","0.0","82.3","73.8","69.2","6.5","8.9","0.0","0.0","0.0","0.0","4.9","7.5","2.0"
"20210530","인천","남구","18.5","25.0","12.7","20.9","19.1","23.9","15.3","23.1","0.0","1.3","11.5","13.4","8.5","26.62","27.35","0.0","62.4","59.8","69.6","3.8","1.5","4.6","0.0","0.0","0.0","14.6","7.1","2.6"
"20210530","인천","강화군","16.4","25.3","9.3","20.1","18.3","23.8","13.0","45.0","0.0","1.5","7.9","12.1","8.4","0.0","0.0","0.0","84.4","65.9","68.2","7.0","0.6","0.0","0.0","0.0","0.0","8.5","6.6","2.0"
"20210529","인천","남구","15.6","18.1","13.9","18.9","18.9","23.7","15.1","0.0","0.0","2.0","4.4","13.0","8.4","10.74","28.21","0.0","67.6","69.5","69.5","5.4","1.6","4.6","0.0","0.0","0.0","9.7","7.0","2.6"
"20210529","인천","강화군","14.2","18.6","11.5","17.5","18.1","23.5","12.9","0.5","0.0","2.3","3.1","11.4","8.4","0.0","0.0","0.0","86.1","78.6","68.3","4.9","1.5","0.0","0.0","0.0","0.0","7.1","7.6","2.1"
"20210528","인천","남구","15.0","19.0","11.7","17.4","18.7","23.4","14.9","11.1","0.0","2.3","7.2","11.2","7.9","15.95","23.21","0.0","76.9","69.3","70.1","7.3","5.0","4.8","0.0","0.0","0.0","11.6","7.8","2.6"
"20210528","인천","강화군","15.3","19.1","10.6","17.1","17.8","23.3","12.7","18.4","0.0","2.6","1.9","9.1","8.1","0.0","0.0","0.0","86.6","72.8","69.2","7.1","3.5","0.0","0.0","0.0","0.0","10.5","6.9","2.0"
"20210527","인천","남구","15.3","18.2","13.6","16.1","18.5","23.2","14.7","8.8","0.0","2.7","5.5","13.7","7.8","12.4","28.86","0.0","77.6","74.6","70.7","5.5","2.4","4.9","0.0","0.0","0.0","11.1","10.0","2.5"
"20210527","인천","강화군","15.2","21.1","10.8","15.4","17.6","23.0","12.6","13.1","0.0","3.1","2.8","12.2","7.9","0.0","0.0","0.0","90.5","83.3","69.9","5.4","1.8","0.0","0.0","0.0","0.0","10.6","8.8","2.1"
"20210526","인천","남구","17.4","22.2","12.6","14.9","18.3","23.0","14.6","0.0","1.5","3.8","8.5","4.8","7.6","19.73","16.34","0.0","54.9","85.1","71.0","7.5","7.4","4.9","0.0","0.0","0.0","11.4","7.6","2.6"
"20210526","인천","강화군","16.6","22.7","9.8","14.3","17.4","22.8","12.5","1.4","1.6","4.2","5.4","1.3","7.7","0.0","0.0","0.0","71.3","90.8","69.9","7.6","7.1","0.0","0.0","0.0","0.0","13.6","7.4","2.1"
"20210525","인천","남구","14.5","17.3","12.0","14.2","18.1","22.9","14.5","5.3","0.0","3.5","10.2","3.1","7.6","22.4","12.58","0.0","71.6","89.6","71.4","4.9","9.4","4.9","0.0","0.0","0.0","12.4","6.6","2.5"
"20210525","인천","강화군","14.4","18.1","10.7","14.1","17.3","22.6","12.3","7.3","0.0","3.8","7.1","0.7","7.5","0.0","0.0","0.0","82.9","93.4","70.5","4.6","7.5","0.0","0.0","0.0","0.0","11.8","7.1","2.1"
"20210524","인천","남구","17.1","21.8","14.3","15.3","18.0","22.7","14.5","0.0","15.9","3.0","9.6","2.7","7.7","24.93","12.37","0.0","69.4","90.1","71.6","3.3","9.3","5.0","0.0","0.0","0.0","8.1","11.6","2.5"
"20210524","인천","강화군","17.1","22.7","14.1","15.2","17.2","22.5","12.3","0.1","15.2","3.1","9.6","2.0","7.4","0.0","0.0","0.0","83.1","95.0","70.9","3.1","6.8","0.0","0.0","0.0","0.0","7.7","14.5","2.0"
"20210523","인천","남구","18.0","22.0","14.1","18.9","17.9","22.7","14.3","0.0","0.1","3.2","5.8","9.2","7.8","17.37","23.78","0.0","59.1","67.5","70.8","6.9","7.6","4.9","0.0","0.0","0.0","6.9","8.4","2.5"
"20210523","인천","강화군","16.9","22.8","10.5","17.9","17.1","22.4","12.1","0.0","1.1","3.2","3.9","5.0","7.4","0.0","0.0","0.0","75.3","77.5","70.4","7.1","8.1","0.0","0.0","0.0","0.0","8.5","7.9","2.0"
"20210522","인천","남구","16.7","20.6","13.5","17.8","17.8","22.7","14.0","0.0","0.0","3.0","13.1","4.7","8.1","27.23","14.77","0.0","68.1","67.8","70.1","1.5","8.5","4.7","0.0","0.0","0.0","6.8","7.6","2.6"
"20210522","인천","강화군","16.5","21.1","12.0","16.9","16.9","22.4","11.8","0.0","0.0","3.1","10.5","0.6","7.7","0.0","0.0","0.0","84.0","77.1","69.8","1.8","8.6","0.0","0.0","0.0","0.0","8.7","6.0","2.0"
"20210521","인천","남구","15.3","17.9","13.4","16.1","17.5","22.4","13.7","4.6","0.0","2.1","1.6","7.9","8.1","7.24","19.32","0.0","83.8","59.6","70.2","8.8","6.5","4.8","0.0","0.0","0.0","9.9","5.9","2.7"
"20210521","인천","강화군","15.7","18.6","13.7","15.2","16.6","22.0","11.5","5.8","0.0","2.4","0.6","6.3","7.6","0.0","0.0","0.0","86.8","72.3","70.0","9.1","6.9","0.0","0.0","0.0","0.0","7.7","5.2","2.1"
"20210520","인천","남구","18.2","22.4","14.8","14.2","17.2","22.0","13.4","7.9","0.0","3.0","0.0","9.1","7.9","6.09","23.37","0.0","64.3","61.0","70.9","9.6","5.1","4.9","0.0","0.0","0.0","11.7","10.1","2.8"
"20210520","인천","강화군","17.2","22.2","13.5","13.9","16.3","21.7","11.3","3.6","0.0","3.3","0.1","6.6","7.5","0.0","0.0","0.0","75.5","67.0","70.5","9.8","5.9","0.0","0.0","0.0","0.0","8.2","7.0","2.2"
"20210519","인천","남구","18.2","22.9","13.1","13.3","16.9","21.8","13.1","0.0","4.7","3.4","13.2","5.1","7.8","28.5","15.74","0.0","60.3","71.0","70.9","3.4","7.5","5.0","0.0","0.0","0.0","8.9","12.0","2.9"
"20210519","인천","강화군","16.4","23.1","9.9","13.2","16.0","21.5","11.1","0.0","13.5","3.9","12.1","5.2","7.6","0.0","0.0","0.0","72.1","73.9","70.2","3.6","7.9","0.0","0.0","0.0","0.0","9.1","12.2","2.2"
"20210518","인천","남구","16.4","20.3","13.6","18.1","16.7","21.5","13.0","0.0","35.7","3.8","12.0","4.4","7.7","26.7","14.11","0.0","66.9","79.9","71.8","4.0","9.0","5.0","0.0","0.0","0.0","7.7","17.5","2.9"
"20210518","인천","강화군","15.7","22.1","10.9","17.3","15.8","21.1","11.0","0.0","17.5","4.2","11.4","1.6","7.4","0.0","0.0","0.0","81.9","87.9","70.7","3.3","9.8","0.0","0.0","0.0","0.0","8.4","15.4","2.3"
"20210517","인천","남구","14.4","17.6","12.8","17.1","16.6","21.4","13.0","2.4","0.1","3.8","2.9","4.6","7.2","6.87","14.91","0.0","88.6","85.1","72.2","8.6","8.1","5.3","0.0","0.0","0.0","7.7","7.3","2.9"
"20210517","인천","강화군","15.0","19.1","12.3","16.4","15.8","21.1","11.0","1.1","0.0","4.4","2.1","0.8","7.1","0.0","0.0","0.0","89.9","90.4","71.0","6.4","6.3","0.0","0.0","0.0","0.0","4.6","5.2","2.3"
"20210516","인천","남구","17.5","20.9","13.9","15.3","16.6","21.5","12.9","61.4","1.7","3.8","0.0","0.0","7.3","3.09","8.14","0.0","95.8","93.5","70.8","10.0","9.6","5.3","0.0","0.0","0.0","8.1","5.2","2.8"
"20210516","인천","강화군","16.6","20.2","13.1","15.6","15.7","21.2","10.9","76.0","0.8","4.3","0.0","0.2","7.3","0.0","0.0","0.0","99.4","93.8","70.0","8.8","6.5","0.0","0.0","0.0","0.0","8.7","5.1","2.2"
"20210515","인천","남구","20.6","24.7","17.3","16.4","16.4","21.3","12.7","25.1","10.4","3.6","0.6","0.0","7.6","7.45","3.95","0.0","82.1","82.8","70.4","10.0","10.0","5.0","0.0","0.0","0.0","7.3","10.6","2.7"
"20210515","인천","강화군","20.0","24.7","16.7","15.5","15.6","21.0","10.8","15.6","14.3","4.1","0.3","0.0","7.5","0.0","0.0","0.0","89.8","88.1","69.2","8.8","9.0","0.0","0.0","0.0","0.0","4.7","12.5","2.3"
"20210514","인천","남구","21.1","28.0","15.9","19.1","16.2","20.8","12.6","0.0","0.0","3.7","10.6","7.1","7.2","22.65","19.15","0.0","64.8","28.5","71.3","7.1","8.8","5.1","0.0","0.0","0.0","6.7","7.3","2.8"
"20210514","인천","강화군","20.4","27.8","14.4","17.5","15.3","20.6","10.6","0.0","0.0","4.1","10.3","4.5","7.1","0.0","0.0","0.0","79.5","44.1","70.1","6.3","9.4","0.0","0.0","0.0","0.0","7.5","5.3","2.3"
"20210513","인천","남구","20.9","26.4","15.7","15.1","16.0","20.7","12.4","0.0","0.0","3.8","12.9","12.9","7.0","25.3","27.89","0.0","57.3","56.6","70.8","0.3","0.4","5.2","0.0","0.0","0.0","6.2","9.3","2.8"
"20210513","인천","강화군","19.7","25.9","13.1","14.1","15.2","20.4","10.4","0.0","0.0","4.5","11.4","12.1","6.9","0.0","0.0","0.0","71.9","66.8","69.7","2.3","0.6","0.0","0.0","0.0","0.0","6.8","0.0","2.3"
"20210512","인천","남구","20.8","25.8","16.6","14.1","15.7","20.4","12.1","0.0","0.3","3.9","11.6","9.7","7.2","24.6","19.7","0.0","33.1","71.0","70.7","4.4","1.5","5.1","0.0","0.0","0.0","7.6","12.2","2.9"
"20210512","인천","강화군","20.3","26.0","15.5","13.7","14.9","20.1","10.2","0.0","0.0","4.7","8.8","6.1","6.9","0.0","0.0","0.0","46.1","74.6","69.2","5.0","4.1","0.0","0.0","0.0","0.0","5.5","0.0","2.3"
"20210511","인천","남구","18.6","24.6","11.4","14.4","15.5","20.2","12.0","0.0","2.6","4.0","12.3","8.2","7.1","24.9","21.78","0.0","38.1","71.8","70.5","6.8","6.9","5.1","0.0","0.0","0.0","10.6","9.1","3.0"
"20210511","인천","강화군","18.5","26.1","8.7","14.1","14.8","19.9","10.1","0.0","3.7","5.1","12.1","7.9","6.9","0.0","0.0","0.0","51.3","77.9","68.9","6.5","6.0","0.0","0.0","0.0","0.0","7.7","0.0","2.3"
"20210510","인천","남구","12.4","13.6","11.0","13.3","15.5","20.3","12.0","5.2","0.8","3.1","0.0","2.2","7.3","4.08","11.13","0.0","75.8","91.8","69.6","8.9","8.6","5.1","0.0","0.0","0.0","11.1","7.9","3.0"
"20210510","인천","강화군","12.5","15.1","9.1","13.4","14.8","20.1","9.9","0.0","0.3","4.1","0.0","0.2","7.0","0.0","0.0","0.0","77.5","94.9","68.5","8.8","6.0","0.0","0.0","0.0","0.0","6.7","7.6","2.3"
"20210509","인천","남구","14.8","20.3","10.9","14.1","15.6","20.4","11.9","0.0","24.1","4.0","13.3","0.0","7.4","28.23","2.97","0.0","51.3","94.9","68.6","0.4","10.0","5.0","0.0","0.0","0.0","12.4","10.6","3.0"
"20210509","인천","강화군","16.0","21.2","9.2","13.6","14.8","20.3","9.8","0.0","54.8","4.9","12.1","0.0","7.3","0.0","0.0","0.0","47.8","98.4","67.4","0.5","8.9","0.0","0.0","0.0","0.0","11.4","7.5","2.3"
"20210508","인천","남구","13.6","18.1","10.1","18.4","15.5","20.4","11.9","0.0","2.9","4.4","9.0","7.1","7.4","22.06","20.15","0.0","63.0","37.0","68.4","1.4","8.1","5.0","0.0","0.0","0.0","13.4","8.8","3.0"
"20210508","인천","강화군","12.9","18.2","7.3","17.1","14.8","20.2","9.8","0.0","1.3","5.6","8.3","6.2","7.4","0.0","0.0","0.0","73.6","49.3","66.7","2.0","8.3","0.0","0.0","0.0","0.0","13.6","7.8","2.4"
"20210507","인천","남구","13.8","16.3","10.6","19.7","15.7","20.7","11.9","1.9","0.0","3.8","6.7","9.1","7.8","17.78","21.75","0.0","60.0","33.0","66.9","3.0","7.9","4.7","0.0","0.0","0.0","12.1","10.0","3.1"
"20210507","인천","강화군","14.3","17.2","10.4","18.9","14.9","20.5","9.6","2.0","0.0","5.0","6.5","7.7","7.9","0.0","0.0","0.0","68.3","40.3","65.5","3.0","8.4","0.0","0.0","0.0","0.0","14.2","7.4","2.4"
"20210506","인천","남구","15.5","20.2","10.0","18.1","15.5","20.6","11.7","0.0","0.0","3.5","10.8","13.1","8.0","21.96","27.08","0.0","36.6","54.3","67.2","4.9","2.0","4.5","0.0","0.0","0.0","10.4","7.9","3.1"
"20210506","인천","강화군","14.8","20.5","6.5","17.8","14.8","20.4","9.4","0.0","0.0","4.3","10.5","12.0","8.1","0.0","0.0","0.0","49.6","56.8","65.5","5.0","2.9","0.0","0.0","0.0","0.0","11.0","8.8","2.4"
"20210505","인천","남구","12.6","15.4","10.3","13.5","15.4","20.4","11.6","0.0","0.0","4.3","11.8","4.0","7.8","26.97","9.55","0.0","68.0","77.0","68.2","3.1","5.3","4.6","0.0","0.0","0.0","11.1","7.9","3.2"
"20210505","인천","강화군","12.7","17.2","9.2","12.9","14.7","20.3","9.4","0.0","0.0","5.1","10.6","3.5","7.8","0.0","0.0","0.0","73.6","81.5","65.9","1.0","5.8","0.0","0.0","0.0","0.0","9.7","8.1","2.4"
"20210504","인천","남구","14.0","17.1","11.5","15.9","15.5","20.6","11.6","32.3","0.0","3.1","0.0","11.3","7.9","2.95","24.91","0.0","82.4","76.0","67.4","9.6","4.3","4.5","0.0","0.0","0.0","9.4","9.0","3.2"
"20210504","인천","강화군","12.7","15.1","9.0","16.2","14.8","20.4","9.4","46.9","0.0","3.7","0.0","9.8","7.8","0.0","0.0","0.0","92.5","79.4","65.2","10.0","4.8","0.0","0.0","0.0","0.0","7.0","0.0","2.4"
"20210503","인천","남구","12.7","17.4","9.1","20.1","15.6","20.7","11.7","0.0","0.1","1.8","11.1","7.1","8.0","26.08","16.18","0.0","57.3","74.4","67.6","4.1","7.4","4.5","0.0","0.0","0.0","7.1","6.5","3.2"
"20210503","인천","강화군","11.6","17.1","5.9","20.2","14.8","20.5","9.4","0.0","0.0","2.1","10.1","4.6","7.9","0.0","0.0","0.0","69.8","77.4","65.5","3.9","5.1","0.0","0.0","0.0","0.0","7.0","7.2","2.4"
"20210502","인천","남구","11.8","16.4","7.7","18.6","15.5","20.4","11.7","1.1","0.0","2.6","12.9","1.0","7.7","27.1","8.57","0.0","66.6","86.3","68.4","1.8","9.4","4.8","0.0","0.0","0.0","8.3","8.4","3.2"
"20210502","인천","강화군","12.2","17.2","7.8","17.2","14.7","20.2","9.5","0.6","0.1","2.2","11.9","0.0","7.3","0.0","0.0","0.0","74.6","96.6","66.3","1.8","8.3","0.0","0.0","0.0","0.0","9.4","6.8","2.3"
"20210501","인천","남구","10.5","13.4","8.5","17.7","15.3","20.2","11.6","0.7","0.0","3.7","7.4","6.1","7.2","18.29","17.87","0.0","73.1","82.1","68.3","9.1","8.0","5.0","0.0","0.0","0.0","15.3","8.3","3.1"
"20210501","인천","강화군","10.3","14.4","7.5","16.6","14.5","19.9","9.3","3.5","0.0","3.3","5.6","0.0","6.9","0.0","0.0","0.0","79.8","91.1","66.5","8.8","9.0","0.0","0.0","0.0","0.0","10.9","7.8","2.3"
"20210430","인천","남구","10.6","13.6","8.7","15.9","15.0","19.8","11.3","24.3","0.0","3.1","3.5","11.5","7.3","15.49","23.83","0.0","81.5","63.1","67.2","9.1","4.5","5.0","0.0","0.0","0.0","8.8","9.6","3.1"
"20210430","인천","강화군","10.3","14.1","7.5","14.1","14.1","19.5","8.9","11.6","0.0","2.8","1.1","2.5","7.0","0.0","0.0","0.0","90.9","75.0","66.0","9.1","8.4","0.0","0.0","0.0","0.0","6.6","9.6","2.3"
"20210429","인천","남구","14.1","19.1","10.8","13.5","14.5","19.2","10.8","7.7","0.0","2.9","7.2","12.4","7.3","18.06","25.69","0.0","57.1","52.3","66.8","7.8","0.4","4.9","0.0","0.0","0.0","9.5","8.2","3.1"
"20210429","인천","강화군","13.3","18.0","8.6","11.8","13.4","18.9","8.2","3.5","0.0","2.8","5.9","11.7","7.1","0.0","0.0","0.0","64.9","61.8","65.7","7.9","0.5","0.0","0.0","0.0","0.0","10.1","8.4","2.3"
"20210428","인천","남구","12.0","14.6","9.8","12.2","13.9","18.6","10.2","0.1","0.0","3.2","3.7","12.4","7.4","15.3","25.76","0.0","78.9","63.4","65.7","8.4","0.0","4.8","0.0","0.0","0.0","8.4","10.0","3.1"
"20210428","인천","강화군","11.7","16.1","9.6","12.1","12.8","18.3","7.4","0.0","0.0","3.2","3.3","11.9","7.2","0.0","0.0","0.0","84.5","65.6","64.4","7.0","0.0","0.0","0.0","0.0","0.0","8.0","9.5","2.3"
"20210427","인천","남구","13.7","17.1","11.9","12.3","13.4","18.1","9.7","5.1","0.0","2.6","1.2","12.1","7.5","10.02","24.13","0.0","66.8","56.6","64.3","9.3","2.3","4.5","0.0","0.0","0.0","9.5","11.2","3.2"
"20210427","인천","강화군","12.9","18.4","8.3","11.5","12.3","17.8","6.9","9.5","0.0","2.9","1.0","9.3","7.5","0.0","0.0","0.0","77.6","55.9","63.1","9.5","3.1","0.0","0.0","0.0","0.0","10.8","9.1","2.4"
"20210426","인천","남구","15.0","19.1","12.3","12.1","13.0","17.8","9.4","0.0","0.0","1.7","7.0","12.7","8.0","18.01","26.53","0.0","53.3","44.3","63.7","6.0","0.6","4.2","0.0","0.0","0.0","8.8","11.5","3.2"
"20210426","인천","강화군","14.3","18.7","9.6","11.6","12.1","17.6","6.6","0.0","0.0","1.9","7.7","11.7","8.0","0.0","0.0","0.0","66.0","49.8","61.9","5.6","3.8","0.0","0.0","0.0","0.0","7.5","9.9","2.4"
"20210425","인천","남구","17.4","22.5","12.2","12.5","12.9","17.6","9.2","0.0","0.0","1.9","12.2","11.7","8.0","25.21","20.35","0.0","51.0","58.6","63.7","1.0","2.3","4.1","0.0","0.0","0.0","12.6","14.0","3.3"
"20210425","인천","강화군","16.4","22.2","9.7","12.8","12.0","17.5","6.6","0.0","0.0","2.0","11.5","7.1","8.0","0.0","0.0","0.0","60.3","61.0","61.2","1.0","3.3","0.0","0.0","0.0","0.0","9.0","12.8","2.5"
"20210424","인천","남구","17.1","21.2","13.1","9.8","12.8","17.5","9.2","0.0","0.0","2.3","3.5","12.2","7.6","12.84","25.18","0.0","47.1","62.5","64.5","6.9","1.5","4.3","0.0","0.0","0.0","11.5","12.9","3.4"
"20210424","인천","강화군","16.2","21.4","11.7","9.8","12.0","17.4","6.7","0.0","0.0","2.3","1.6","10.1","7.7","0.0","0.0","0.0","57.4","65.6","61.7","6.5","4.0","0.0","0.0","0.0","0.0","8.3","15.4","2.5"
"20210423","인천","남구","19.4","22.5","16.6","8.3","12.8","17.6","9.3","0.0","0.0","2.6","0.9","12.4","7.4","10.0","25.21","0.0","36.1","49.6","65.2","10.0","0.3","4.4","0.0","0.0","0.0","11.0","14.4","3.4"
"20210423","인천","강화군","17.9","22.2","14.7","8.5","12.1","17.4","6.9","0.0","0.0","2.5","0.0","11.6","7.4","0.0","0.0","0.0","49.9","50.3","62.5","10.0","1.4","0.0","0.0","0.0","0.0","9.4","12.5","2.5"
"20210422","인천","남구","19.0","24.1","14.5","6.6","12.8","17.6","9.3","0.0","0.0","2.7","2.2","8.9","7.2","12.91","19.26","0.0","35.9","44.6","65.8","9.3","3.4","4.6","0.0","0.0","0.0","12.0","15.0","3.5"
"20210422","인천","강화군","18.5","25.2","13.3","6.6","12.1","17.4","6.9","0.0","0.0","2.7","1.0","5.6","7.3","0.0","0.0","0.0","43.6","45.6","63.0","9.9","3.5","0.0","0.0","0.0","0.0","11.3","11.7","2.4"
"20210421","인천","남구","16.9","24.8","10.4","7.7","12.8","17.6","9.2","0.0","0.0","2.9","11.0","12.4","6.8","22.78","24.4","0.0","52.9","45.6","65.8","5.6","2.9","4.8","0.0","0.0","0.0","6.4","16.8","3.4"
"20210421","인천","강화군","16.1","25.5","6.4","7.6","12.0","17.3","6.9","0.0","0.0","3.3","10.4","11.0","6.9","0.0","0.0","0.0","51.4","44.0","63.6","5.0","3.0","0.0","0.0","0.0","0.0","7.8","14.2","2.4"
"20210420","인천","남구","13.1","18.1","8.8","10.0","12.8","17.6","9.1","0.0","0.0","2.8","10.5","5.9","6.6","23.13","12.15","0.0","60.6","72.9","65.6","3.3","7.5","5.0","0.0","0.0","0.0","7.7","13.4","3.4"
"20210420","인천","강화군","11.4","17.9","5.1","9.8","11.9","17.3","6.7","0.0","1.0","3.3","10.0","2.8","6.8","0.0","0.0","0.0","72.1","75.1","63.8","4.3","7.4","0.0","0.0","0.0","0.0","7.1","10.0","2.3"
"20210419","인천","남구","10.9","15.2","6.7","11.9","12.7","17.6","8.9","0.0","11.2","2.4","12.2","0.8","6.9","24.7","5.45","0.0","65.9","77.8","64.6","0.0","9.5","4.8","0.0","0.0","0.0","8.6","9.1","3.4"
"20210419","인천","강화군","10.2","15.3","3.5","11.5","11.8","17.3","6.3","0.0","6.0","2.9","11.6","0.2","7.1","0.0","0.0","0.0","78.6","80.3","63.2","0.5","9.9","0.0","0.0","0.0","0.0","8.0","4.9","2.3"
"20210418","인천","남구","9.4","13.6","6.6","12.0","12.4","17.3","8.5","0.0","0.0","2.1","12.3","12.5","7.1","24.78","25.27","0.0","60.8","75.5","64.4","0.3","2.4","4.7","0.0","0.0","0.0","10.3","8.2","3.3"
"20210418","인천","강화군","10.0","14.3","6.3","12.0","11.4","17.1","5.9","0.0","0.0","2.7","11.5","11.4","7.2","0.0","0.0","0.0","63.4","72.9","62.9","1.1","3.1","0.0","0.0","0.0","0.0","9.9","7.8","2.3"
"20210417","인천","남구","9.5","12.5","7.2","12.0","12.0","16.9","8.1","0.0","2.6","1.7","6.3","1.3","7.3","15.33","6.69","0.0","50.6","80.5","64.3","3.1","9.8","4.5","0.0","0.0","0.0","15.0","13.9","3.3"
"20210417","인천","강화군","9.2","14.3","3.6","11.4","11.1","16.8","5.5","0.1","3.5","2.2","5.5","0.2","7.3","0.0","0.0","0.0","63.1","82.8","63.1","5.8","8.1","0.0","0.0","0.0","0.0","12.5","7.4","2.3"
"20210416","인천","남구","10.7","13.2","8.4","14.7","11.6","16.4","7.8","0.4","0.0","1.4","4.6","10.7","7.6","10.37","22.34","0.0","61.5","42.5","64.3","6.6","3.1","4.2","0.0","0.0","0.0","11.0","8.7","3.3"
"20210416","인천","강화군","10.6","14.9","5.2","12.6","10.7","16.3","5.2","2.4","0.0","1.6","5.1","10.5","7.6","0.0","0.0","0.0","73.0","48.8","62.6","4.9","5.1","0.0","0.0","0.0","0.0","10.2","7.5","2.3"
"20210415","인천","남구","9.8","14.2","6.7","11.9","11.2","15.9","7.5","0.0","0.0","1.2","10.7","10.3","7.7","23.7","21.01","0.0","68.4","47.3","64.2","4.4","5.6","4.3","0.0","0.0","0.0","7.4","7.0","3.4"
"20210415","인천","강화군","9.0","13.8","5.0","10.1","10.4","15.9","4.9","0.0","0.0","1.2","8.8","10.0","7.7","0.0","0.0","0.0","76.4","55.8","62.5","4.8","4.3","0.0","0.0","0.0","0.0","8.8","7.4","2.4"
"20210414","인천","남구","8.0","11.0","4.9","11.1","10.8","15.5","7.2","0.0","0.0","1.6","12.4","12.0","7.4","25.58","25.06","0.0","53.5","59.0","64.9","0.4","1.3","4.4","0.0","0.0","0.0","10.5","7.8","3.5"
"20210414","인천","강화군","7.5","11.3","1.4","10.1","10.1","15.5","4.9","0.0","0.0","1.7","11.9","12.0","7.4","0.0","0.0","0.0","69.8","49.6","62.8","0.0","0.9","0.0","0.0","0.0","0.0","11.6","8.2","2.5"
"20210413","인천","남구","9.6","11.4","5.8","11.5","10.7","15.4","7.1","6.0","0.0","1.3","10.7","12.1","7.5","23.8","24.99","0.0","66.5","40.1","64.8","4.3","2.6","4.4","0.0","0.0","0.0","11.7","11.6","3.5"
"20210413","인천","강화군","9.7","12.1","5.1","11.3","10.1","15.5","4.8","1.7","0.0","1.3","8.6","11.1","7.6","0.0","0.0","0.0","71.9","40.6","62.3","4.6","2.5","0.0","0.0","0.0","0.0","11.0","9.1","2.5"
"20210412","인천","남구","13.2","17.5","11.1","10.3","10.7","15.3","7.1","18.1","0.0","1.8","0.0","10.7","7.2","4.87","20.41","0.0","65.3","56.6","64.9","9.9","4.1","4.6","0.0","0.0","0.0","11.8","14.2","3.7"
"20210412","인천","강화군","12.7","17.8","10.5","9.6","10.0","15.4","4.9","29.2","0.0","1.7","0.0","11.0","7.5","0.0","0.0","0.0","74.9","58.8","62.2","9.5","2.5","0.0","0.0","0.0","0.0","8.5","11.7","2.6"
"20210411","인천","남구","13.8","19.2","8.2","8.5","10.7","15.4","7.0","0.0","0.0","2.2","11.0","11.5","7.0","21.47","20.61","0.0","47.1","74.6","64.4","3.5","4.0","4.8","0.0","0.0","0.0","7.5","8.3","3.6"
"20210411","인천","강화군","12.5","19.0","4.3","7.4","10.0","15.5","4.8","0.0","0.0","2.1","10.2","11.3","7.3","0.0","0.0","0.0","61.1","74.6","62.0","3.3","2.8","0.0","0.0","0.0","0.0","6.5","8.2","2.5"
"20210410","인천","남구","11.7","15.6","8.2","9.5","10.5","15.3","6.8","0.0","0.0","2.1","11.7","11.5","7.1","22.54","22.04","0.0","50.1","61.4","64.0","0.0","2.9","4.7","0.0","0.0","0.0","9.3","7.5","3.5"
"20210410","인천","강화군","10.2","16.0","5.8","8.9","9.8","15.4","4.6","0.0","0.0","1.9","11.5","10.1","7.4","0.0","0.0","0.0","67.4","62.0","61.5","1.0","4.3","0.0","0.0","0.0","0.0","7.8","6.4","2.4"
"20210409","인천","남구","12.5","17.5","7.5","8.4","10.3","15.1","6.7","0.0","0.0","1.5","11.9","11.9","7.3","23.18","22.68","0.0","36.3","56.4","64.1","0.4","2.9","4.6","0.0","0.0","0.0","7.8","11.5","3.5"
"20210409","인천","강화군","11.2","17.7","4.1","8.8","9.6","15.2","4.4","0.0","0.0","1.3","11.5","11.6","7.6","0.0","0.0","0.0","44.8","48.1","61.4","1.6","3.0","0.0","0.0","0.0","0.0","8.1","10.1","2.4"
"20210408","인천","남구","12.0","16.4","8.2","9.2","10.0","14.7","6.5","0.0","0.0","1.9","12.1","12.3","6.8","24.17","24.62","0.0","37.0","38.0","64.9","0.0","0.0","4.9","0.0","0.0","0.0","11.8","12.1","3.6"
"20210408","인천","강화군","11.8","18.0","4.4","9.8","9.3","14.8","4.1","0.0","0.0","1.8","11.7","11.9","7.0","0.0","0.0","0.0","37.0","25.9","62.3","0.1","0.0","0.0","0.0","0.0","0.0","11.5","10.6","2.4"
"20210407","인천","남구","12.1","16.7","7.8","9.4","9.8","14.5","6.3","0.0","0.0","2.0","11.9","8.9","7.0","23.14","19.28","0.0","54.4","70.1","64.7","0.0","2.4","4.6","0.0","0.0","0.0","8.3","8.1","3.5"
"20210407","인천","강화군","11.5","16.2","4.0","9.1","9.0","14.7","3.8","0.0","0.0","1.9","11.7","8.8","7.2","0.0","0.0","0.0","56.3","64.6","61.9","0.4","2.4","0.0","0.0","0.0","0.0","8.4","8.4","2.4"
"20210406","인천","남구","11.6","15.0","8.5","8.3","9.6","14.4","6.1","0.0","0.0","1.5","11.3","11.4","7.4","22.43","22.78","0.0","57.9","58.0","64.2","2.5","4.6","4.3","0.0","0.0","0.0","8.7","9.3","3.4"
"20210406","인천","강화군","11.5","16.7","5.7","7.5","8.8","14.4","3.4","0.0","0.0","1.5","10.0","11.0","7.5","0.0","0.0","0.0","62.3","53.4","61.1","2.9","3.6","0.0","0.0","0.0","0.0","9.3","8.0","2.4"
"20210405","인천","남구","11.1","15.8","7.6","7.0","9.4","14.1","5.9","0.0","0.0","1.6","12.0","12.0","7.5","23.62","24.5","0.0","47.4","33.9","64.2","1.8","0.0","4.2","0.0","0.0","0.0","7.9","11.5","3.5"
"20210405","인천","강화군","10.2","16.5","3.4","7.3","8.6","14.2","3.1","0.0","0.0","1.6","11.6","11.7","7.6","0.0","0.0","0.0","58.0","26.0","61.0","1.6","0.8","0.0","0.0","0.0","0.0","8.5","8.8","2.4"
"20210404","인천","남구","11.4","15.6","9.0","8.7","9.3","13.9","5.7","0.5","0.0","1.8","6.4","11.3","7.5","18.08","24.11","0.0","64.8","40.4","63.7","6.5","0.3","4.1","0.0","0.0","0.0","10.4","14.7","3.5"
"20210404","인천","강화군","11.3","15.8","7.4","8.9","8.4","13.9","2.8","0.2","0.0","1.8","3.8","10.8","7.5","0.0","0.0","0.0","65.6","33.5","61.1","6.3","0.0","0.0","0.0","0.0","0.0","10.6","11.6","2.4"
"20210403","인천","남구","14.1","18.2","10.2","9.0","9.2","13.9","5.5","54.7","0.0","1.6","0.0","11.7","7.8","1.6","22.73","0.0","79.6","69.8","62.1","10.0","0.4","3.8","0.0","0.0","0.0","9.0","8.9","3.5"
"20210403","인천","강화군","12.5","15.5","9.6","8.0","8.3","13.8","2.7","49.5","0.0","1.5","0.0","11.5","7.9","0.0","0.0","0.0","87.9","67.4","59.8","9.7","0.8","0.0","0.0","0.0","0.0","11.1","7.9","2.4"
"20210402","인천","남구","17.1","20.7","13.8","8.2","8.9","13.6","5.2","0.0","0.0","1.3","2.9","10.2","7.7","11.55","20.33","0.0","28.3","61.8","61.5","9.1","2.9","4.0","0.0","0.0","0.0","11.1","8.2","3.5"
"20210402","인천","강화군","15.9","21.1","11.5","6.8","8.0","13.5","2.4","0.0","0.0","1.1","0.5","11.0","7.7","0.0","0.0","0.0","43.9","62.4","59.3","8.9","3.1","0.0","0.0","0.0","0.0","8.1","7.6","2.4"
"20210401","인천","남구","17.8","23.0","11.7","10.6","8.6","13.1","5.0","0.0","0.0","1.4","10.5","9.0","7.3","19.14","19.95","0.0","24.8","40.1","62.7","6.1","3.6","4.2","0.0","0.0","0.0","10.4","15.2","3.5"
"20210401","인천","강화군","16.5","23.2","7.8","10.8","7.7","13.0","2.3","0.0","0.0","1.3","11.0","9.2","7.4","0.0","0.0","0.0","35.6","37.1","60.2","4.9","3.8","0.0","0.0","0.0","0.0","7.4","10.5","2.4"
"20210331","인천","남구","12.7","19.0","6.6","9.9","8.3","12.9","4.7","0.0","0.0","1.6","11.3","10.0","7.1","21.29","20.4","0.0","46.0","54.9","63.0","4.1","6.3","4.4","0.0","0.0","0.0","6.8","6.3","3.5"
"20210331","인천","강화군","11.5","20.7","1.4","9.6","7.4","12.7","2.1","0.0","0.0","1.4","11.3","9.2","7.1","0.0","0.0","0.0","52.8","47.3","60.7","2.6","6.4","0.0","0.0","0.0","0.0","6.0","6.9","2.3"
"20210330","인천","남구","9.5","15.4","4.7","8.1","8.1","12.7","4.5","0.0","0.0","1.4","11.2","11.9","7.2","22.56","22.92","0.0","47.3","52.6","62.5","0.8","0.9","4.5","0.0","0.0","0.0","6.9","6.9","3.4"
"20210330","인천","강화군","8.2","16.8","0.4","6.6","7.1","12.5","1.7","0.0","0.0","1.2","11.2","11.5","7.1","0.0","0.0","0.0","59.5","56.5","59.8","0.0","0.8","0.0","0.0","0.0","0.0","8.0","6.6","2.2"
"20210329","인천","남구","8.4","11.7","6.4","7.8","7.8","12.3","4.2","0.0","0.0","1.1","7.6","11.5","7.3","17.32","22.33","0.0","75.9","45.6","63.7","7.1","3.1","4.3","0.0","0.0","0.0","9.1","7.3","3.4"
"20210329","인천","강화군","8.5","13.1","3.9","6.1","6.8","12.2","1.4","0.1","0.0","0.9","7.4","11.6","7.1","0.0","0.0","0.0","82.4","40.4","61.0","4.0","1.4","0.0","0.0","0.0","0.0","8.2","6.5","2.2"
"20210328","인천","남구","8.0","12.8","6.9","7.1","7.5","12.1","3.9","8.2","0.0","0.9","0.0","9.3","7.4","4.02","19.35","0.0","92.0","26.5","64.4","10.0","5.6","4.1","0.0","0.0","0.0","9.9","13.8","3.4"
"20210328","인천","강화군","8.5","12.3","7.1","7.0","6.6","12.0","1.0","11.6","0.0","0.8","0.2","9.6","7.2","0.0","0.0","0.0","98.0","20.3","61.4","8.4","2.9","0.0","0.0","0.0","0.0","10.3","9.7","2.2"
"20210327","인천","남구","12.1","14.1","10.1","10.7","7.2","11.8","3.7","22.3","1.1","0.6","0.0","9.5","7.3","2.89","20.16","0.0","65.6","60.4","64.4","9.8","5.1","4.1","0.0","0.0","0.0","9.9","12.0","3.4"
"20210327","인천","강화군","10.1","12.3","6.6","11.2","6.3","11.6","0.8","29.6","0.5","0.5","0.0","10.3","7.2","0.0","0.0","0.0","83.1","48.8","61.4","10.0","3.8","0.0","0.0","0.0","0.0","5.5","8.9","2.3"
"20210326","인천","남구","10.6","16.5","4.2","14.7","6.9","11.4","3.5","0.0","3.5","0.5","7.0","3.6","7.3","15.21","9.93","0.0","61.1","61.3","63.9","7.4","7.3","4.1","0.0","0.0","0.0","4.6","7.3","3.5"
"20210326","인천","강화군","9.0","17.9","2.4","13.2","6.0","11.2","0.7","0.0","0.6","0.4","3.8","3.0","7.3","0.0","0.0","0.0","69.1","63.0","60.8","8.0","7.0","0.0","0.0","0.0","0.0","5.0","4.4","2.4"
"20210325","인천","남구","8.9","14.2","4.4","11.7","6.7","11.0","3.3","0.0","0.0","0.8","10.7","9.4","7.2","20.43","19.0","0.0","80.6","52.6","63.7","4.8","4.5","4.0","0.0","0.0","0.0","6.8","7.0","3.6"
"20210325","인천","강화군","8.1","13.2","4.1","9.8","5.8","10.9","0.6","0.0","0.0","0.7","8.9","8.4","7.3","0.0","0.0","0.0","89.9","55.1","60.8","6.0","4.8","0.0","0.0","0.0","0.0","8.5","7.3","2.4"
"20210324","인천","남구","9.9","13.7","6.8","10.4","6.5","10.8","3.1","0.0","0.0","0.9","8.8","11.6","7.1","19.18","21.07","0.0","63.3","43.9","63.1","4.4","0.0","4.2","0.0","0.0","0.0","9.9","6.7","3.6"
"20210324","인천","강화군","8.8","13.6","3.5","9.3","5.7","10.7","0.5","0.0","0.0","0.7","8.4","11.5","7.3","0.0","0.0","0.0","76.6","43.1","59.8","6.0","0.0","0.0","0.0","0.0","0.0","9.8","6.6","2.3"
"20210323","인천","남구","7.9","12.1","3.7","9.5","6.4","10.7","3.1","0.0","0.0","1.1","10.7","11.5","6.9","19.65","21.0","0.0","69.5","54.9","62.3","0.3","0.0","4.4","0.0","0.0","0.0","10.1","8.1","3.7"
"20210323","인천","강화군","7.2","12.4","0.1","9.7","5.6","10.6","0.6","0.0","0.0","0.8","10.2","11.3","7.2","0.0","0.0","0.0","77.9","52.8","59.3","0.9","0.1","0.0","0.0","0.0","0.0","10.2","7.7","2.4"
"20210322","인천","남구","5.8","9.5","2.9","9.9","6.5","11.0","3.1","0.0","0.0","1.3","11.6","11.9","6.9","21.59","21.82","0.0","60.5","44.3","61.6","0.1","1.6","4.4","0.0","0.0","0.0","10.3","11.8","3.6"
"20210322","인천","강화군","5.5","10.2","-1.0","10.5","5.7","10.9","0.6","0.0","0.0","1.0","11.2","11.4","7.2","0.0","0.0","0.0","64.9","32.1","58.8","1.1","0.1","0.0","0.0","0.0","0.0","10.6","8.1","2.4"
"20210321","인천","남구","5.4","7.7","3.4","10.7","6.7","11.3","3.1","0.0","0.0","1.3","7.0","4.3","7.0","14.0","12.94","0.0","63.4","72.1","62.1","5.1","8.0","4.2","0.0","0.0","0.0","17.2","8.0","3.6"
"20210321","인천","강화군","5.5","9.5","2.6","10.8","5.8","11.2","0.5","0.0","0.5","1.2","4.9","3.8","7.3","0.0","0.0","0.0","69.0","74.3","59.1","6.0","8.5","0.0","0.0","0.0","0.0","14.5","8.3","2.4"
"20210320","인천","남구","8.6","12.0","5.8","8.4","6.8","11.5","3.1","3.4","0.0","1.4","0.0","11.1","7.0","2.32","20.25","0.0","78.3","55.9","62.6","9.9","1.3","4.2","0.0","0.0","0.0","8.2","10.8","3.6"
"20210320","인천","강화군","8.4","10.7","5.5","8.1","5.9","11.3","0.6","4.5","0.0","1.2","0.0","10.5","7.2","0.0","0.0","0.0","87.6","55.0","59.9","8.9","2.5","0.0","0.0","0.0","0.0","8.3","10.1","2.4"
"20210319","인천","남구","12.3","17.6","7.8","8.2","6.7","11.5","3.0","0.0","0.0","1.2","8.9","8.8","7.0","17.17","17.7","0.0","49.6","63.8","63.0","7.8","2.8","4.2","0.0","0.0","0.0","6.9","19.5","3.5"
"20210319","인천","강화군","11.8","17.1","6.9","8.9","5.8","11.3","0.4","0.0","0.0","1.2","8.5","8.2","7.2","0.0","0.0","0.0","60.1","56.8","61.0","6.6","5.1","0.0","0.0","0.0","0.0","6.7","13.6","2.4"
"20210318","인천","남구","9.2","15.2","4.5","9.6","6.6","11.4","2.9","0.0","0.0","1.3","9.4","10.7","7.1","15.4","20.14","0.0","56.6","57.4","63.9","5.4","1.3","4.2","0.0","0.0","0.0","5.1","11.9","3.5"
"20210318","인천","강화군","8.5","15.2","0.8","9.1","5.6","11.1","0.2","0.0","0.0","1.3","7.3","8.2","7.1","0.0","0.0","0.0","60.8","57.9","62.2","5.6","2.4","0.0","0.0","0.0","0.0","5.4","9.7","2.4"
"20210317","인천","남구","7.1","12.8","2.6","6.6","6.4","11.2","2.7","0.0","0.0","1.6","10.7","5.6","7.0","19.4","10.82","0.0","45.0","76.0","64.1","0.8","4.9","4.2","0.0","0.0","0.0","7.4","9.6","3.5"
"20210317","인천","강화군","6.3","13.0","-0.4","7.4","5.4","10.8","-0.1","0.0","0.0","1.3","10.7","6.8","7.1","0.0","0.0","0.0","49.4","71.5","62.4","1.0","4.6","0.0","0.0","0.0","0.0","8.0","7.8","2.4"
"20210316","인천","남구","7.4","11.1","4.2","3.0","6.2","10.8","2.5","0.3","0.0","1.4","10.8","11.5","6.9","19.92","20.83","0.0","45.3","54.1","63.8","2.0","1.0","4.4","0.0","0.0","0.0","12.9","12.1","3.5"
"20210316","인천","강화군","7.6","12.1","3.3","2.5","5.1","10.5","-0.3","0.3","0.0","1.0","10.6","11.2","6.8","0.0","0.0","0.0","46.3","54.9","62.4","3.1","1.0","0.0","0.0","0.0","0.0","13.1","7.9","2.3"
"20210315","인천","남구","9.2","14.0","4.6","4.6","5.8","10.4","2.1","0.5","0.0","1.3","4.3","9.4","6.9","11.89","18.94","0.0","69.8","50.4","63.4","8.3","3.9","4.3","0.0","0.0","0.0","10.1","18.3","3.5"
"20210315","인천","강화군","8.0","14.1","0.6","4.5","4.7","10.1","-0.8","0.7","0.0","0.9","2.4","9.6","6.8","0.0","0.0","0.0","79.8","45.1","61.8","9.0","4.3","0.0","0.0","0.0","0.0","9.4","12.2","2.3"
"20210314","인천","남구","5.7","9.6","4.3","4.0","5.5","10.0","1.8","0.0","0.0","1.3","5.2","11.2","6.9","13.8","19.2","0.0","85.4","58.6","62.7","6.6","0.1","4.2","0.0","0.0","0.0","6.5","12.8","3.6"
"20210314","인천","강화군","4.8","9.7","0.2","3.0","4.4","9.7","-1.0","0.0","0.0","0.9","8.6","10.2","6.8","0.0","0.0","0.0","91.0","63.0","61.1","4.6","1.4","0.0","0.0","0.0","0.0","7.7","9.8","2.3"
"20210313","인천","남구","7.8","12.7","4.8","4.2","5.1","9.5","1.4","0.0","0.0","0.9","5.1","9.6","7.1","13.15","18.02","0.0","66.5","45.0","61.9","3.8","6.6","4.0","0.0","0.0","0.0","7.2","11.7","3.6"
"20210313","인천","강화군","7.8","12.7","2.6","3.5","4.0","9.2","-1.5","0.0","0.0","0.6","1.5","8.1","7.1","0.0","0.0","0.0","72.9","38.0","60.3","5.3","6.0","0.0","0.0","0.0","0.0","8.1","8.5","2.3"
"20210312","인천","남구","9.7","13.6","7.1","6.7","4.7","8.9","1.2","0.0","0.0","0.6","0.9","8.1","7.0","7.98","14.86","0.0","57.3","60.5","62.0","6.5","5.6","4.0","0.0","0.0","0.0","9.3","9.5","3.7"
"20210312","인천","강화군","10.0","15.5","6.3","5.8","3.6","8.7","-1.5","0.0","0.0","0.6","1.7","4.4","6.9","0.0","0.0","0.0","60.0","71.3","60.6","6.6","6.5","0.0","0.0","0.0","0.0","8.3","10.3","2.3"
"20210311","인천","남구","8.0","13.2","3.4","3.8","4.5","8.8","0.9","0.0","0.0","0.7","8.1","11.3","7.2","15.41","20.37","0.0","58.0","47.5","61.6","6.3","0.0","4.1","0.0","0.0","0.0","6.0","11.0","3.8"
"20210311","인천","강화군","7.1","14.3","-0.2","3.6","3.4","8.6","-1.8","0.0","0.0","0.6","7.8","11.0","7.2","0.0","0.0","0.0","61.1","47.1","60.4","7.4","0.1","0.0","0.0","0.0","0.0","6.2","8.8","2.3"
"20210310","인천","남구","7.0","13.6","2.6","6.3","4.2","8.5","0.7","0.0","6.1","0.6","10.2","0.2","7.1","17.54","2.68","0.0","68.9","78.1","62.2","0.3","7.5","4.1","0.0","0.0","0.0","5.2","14.5","3.7"
"20210310","인천","강화군","5.4","13.5","-2.6","6.5","3.2","8.3","-2.0","0.0","5.0","0.7","10.1","0.2","7.1","0.0","0.0","0.0","72.1","72.4","61.2","1.8","7.4","0.0","0.0","0.0","0.0","6.2","8.5","2.2"
"20210309","인천","남구","5.6","10.5","2.2","9.4","4.0","8.3","0.5","0.0","0.0","0.7","9.6","6.4","7.0","14.98","12.74","0.0","69.9","52.5","62.6","4.5","7.3","4.2","0.0","0.0","0.0","7.7","8.0","3.8"
"20210309","인천","강화군","4.3","10.5","-1.9","8.3","3.0","8.1","-2.0","0.0","0.0","0.8","9.2","4.9","7.1","0.0","0.0","0.0","70.8","51.6","61.3","4.8","7.3","0.0","0.0","0.0","0.0","7.8","4.9","2.3"
"20210308","인천","남구","5.3","10.1","1.8","8.2","4.0","8.2","0.5","0.0","0.0","0.9","10.9","11.0","6.7","17.95","18.14","0.0","66.6","54.3","63.4","0.1","1.0","4.4","0.0","0.0","0.0","6.9","5.6","3.8"
"20210308","인천","강화군","3.8","10.5","-1.9","6.1","2.9","8.0","-1.9","0.0","0.0","1.0","10.7","10.6","6.7","0.0","0.0","0.0","68.0","58.6","62.2","0.1","1.4","0.0","0.0","0.0","0.0","7.4","5.7","2.2"
"20210307","인천","남구","5.5","10.1","3.0","6.0","4.0","8.2","0.5","0.0","0.0","1.2","9.7","4.1","6.5","16.95","10.99","0.0","60.6","49.4","64.7","4.4","6.0","4.5","0.0","0.0","0.0","7.2","6.2","3.7"
"20210307","인천","강화군","4.7","10.4","0.7","4.5","2.9","8.0","-2.1","0.0","0.0","1.5","9.0","3.9","6.6","0.0","0.0","0.0","68.3","51.9","63.2","3.6","6.3","0.0","0.0","0.0","0.0","7.4","5.5","2.2"
"20210306","인천","남구","6.7","11.4","4.5","3.0","3.9","8.1","0.5","0.0","0.0","1.5","3.8","10.8","6.4","10.95","17.18","0.0","64.5","53.5","65.6","5.5","3.5","4.6","0.0","0.0","0.0","9.0","5.5","3.7"
"20210306","인천","강화군","4.9","10.0","1.8","0.9","2.8","7.8","-2.0","0.0","0.0","1.9","4.3","10.6","6.4","0.0","0.0","0.0","73.4","54.3","64.1","7.3","3.0","0.0","0.0","0.0","0.0","9.5","5.9","2.2"
"20210305","인천","남구","8.0","13.5","3.7","1.3","3.9","8.1","0.4","0.0","0.0","1.4","10.5","11.2","6.4","17.52","19.15","0.0","70.0","55.6","65.3","0.8","0.0","4.5","0.0","0.0","0.0","8.5","10.2","3.6"
"20210305","인천","강화군","6.9","14.0","0.3","0.4","2.8","7.8","-2.1","0.0","0.0","1.7","10.5","10.8","6.5","0.0","0.0","0.0","81.5","55.4","64.0","1.4","0.0","0.0","0.0","0.0","0.0","8.4","7.7","2.2"
"20210304","인천","남구","7.7","12.5","3.4","2.1","3.7","7.9","0.3","0.0","0.0","1.4","3.7","9.2","6.4","9.97","12.85","0.0","55.8","60.9","65.4","6.4","4.6","4.5","0.0","0.0","0.0","7.1","15.6","3.5"
"20210304","인천","강화군","5.8","12.5","-0.4","2.0","2.6","7.6","-2.5","0.0","0.0","1.6","1.8","7.1","6.6","0.0","0.0","0.0","72.8","59.1","64.1","6.1","5.3","0.0","0.0","0.0","0.0","4.3","10.3","2.1"
"20210303","인천","남구","3.8","7.7","0.3","4.8","3.6","7.9","0.2","0.0","0.0","1.4","10.3","6.5","6.5","15.71","13.16","0.0","64.6","63.5","64.9","3.6","7.3","4.3","0.0","0.0","0.0","7.2","7.0","3.5"
"20210303","인천","강화군","2.2","7.5","-2.4","3.7","2.5","7.6","-2.6","0.0","0.0","1.6","10.0","6.4","6.7","0.0","0.0","0.0","78.4","64.5","63.4","3.3","7.6","0.0","0.0","0.0","0.0","6.2","6.1","2.1"
"20210302","인천","남구","1.9","5.6","-0.5","3.1","3.5","7.8","0.1","0.0","0.0","1.3","10.4","10.3","6.4","18.49","17.74","0.0","68.1","58.8","64.1","3.6","1.4","4.4","0.1","0.0","0.0","9.5","10.7","3.4"
"20210302","인천","강화군","2.1","6.4","-1.6","2.7","2.4","7.4","-2.7","0.0","0.0","1.3","9.8","10.4","6.6","0.0","0.0","0.0","72.9","58.8","63.1","4.4","1.8","0.0","0.0","0.0","0.0","7.3","8.1","2.0"
"20210301","인천","남구","3.9","7.5","-0.2","5.1","3.3","7.6","-0.1","58.7","0.0","1.2","0.0","0.2","6.4","1.29","6.18","0.0","89.0","84.1","64.1","10.0","8.0","4.3","0.4","0.0","0.0","13.0","10.8","3.3"
"20210301","인천","강화군","3.4","8.2","-0.4","3.9","2.1","7.2","-3.0","55.6","0.1","1.2","0.0","0.0","6.6","0.0","0.0","0.0","91.9","82.5","62.9","9.9","7.3","0.0","0.0","0.0","0.0","12.8","5.6","2.0"
"20210228","인천","남구","7.0","9.7","3.6","4.3","3.2","7.5","-0.2","0.0","4.1","1.1","2.5","0.0","6.5","7.18","2.7","0.0","45.9","85.0","64.0","6.4","10.0","4.3","0.0","0.0","0.0","6.3","5.9","3.4"
"20210228","인천","강화군","6.4","10.1","0.9","3.3","2.0","7.1","-3.1","0.0","2.0","1.1","2.7","0.0","6.6","0.0","0.0","0.0","55.0","85.5","62.7","6.8","9.8","0.0","0.0","0.0","0.0","4.9","3.5","2.0"
"20210227","인천","남구","9.2","15.5","3.2","5.2","3.2","7.6","-0.2","0.0","0.0","1.3","10.1","9.7","6.3","17.12","15.15","0.0","41.6","65.6","64.2","3.3","2.1","4.4","0.0","0.0","0.0","10.0","7.4","3.3"
"20210227","인천","강화군","7.7","15.0","1.2","5.0","1.9","7.2","-3.1","0.0","0.0","1.3","9.5","10.3","6.4","0.0","0.0","0.0","52.4","60.8","63.0","3.9","2.0","0.0","0.0","0.0","0.0","7.8","6.0","2.0"
"20210226","인천","남구","7.4","14.8","0.6","6.0","3.1","7.5","-0.5","0.0","0.0","1.1","9.2","9.5","6.4","16.45","15.58","0.0","27.6","67.0","63.4","5.4","2.5","4.3","0.0","0.0","0.0","7.5","7.0","3.1"
"20210226","인천","강화군","7.2","14.8","-1.9","6.1","1.8","7.1","-3.4","0.0","0.0","1.2","9.2","6.7","6.4","0.0","0.0","0.0","32.8","67.1","62.2","4.9","3.6","0.0","0.0","0.0","0.0","8.6","6.7","1.9"
"20210225","인천","남구","3.2","6.2","0.0","7.0","2.7","7.0","-0.9","0.0","17.5","0.9","0.0","2.9","6.9","5.08","5.41","0.0","42.4","77.5","62.4","8.4","7.0","3.8","0.0","0.0","0.0","6.8","11.0","3.2"
"20210225","인천","강화군","1.4","7.1","-3.1","6.6","1.3","6.8","-3.8","0.0","15.0","0.8","0.0","1.3","6.9","0.0","0.0","0.0","45.4","75.1","61.1","8.6","6.6","0.0","0.0","0.0","0.0","4.0","9.0","1.9"
"20210224","인천","남구","0.9","6.8","-2.6","6.8","2.4","6.8","-1.2","0.0","0.0","0.8","8.1","8.9","6.7","13.97","12.65","0.0","39.8","60.5","62.8","7.3","6.6","3.9","0.0","0.0","0.0","7.6","7.4","3.3"
"20210224","인천","강화군","0.1","7.3","-5.1","5.6","1.1","6.5","-4.1","0.0","0.0","0.7","8.6","4.6","6.7","0.0","0.0","0.0","41.1","71.9","61.7","7.4","8.9","0.0","0.0","0.0","0.0","8.8","5.3","2.0"
"20210223","인천","남구","-0.6","2.7","-3.0","3.2","2.1","6.3","-1.4","0.0","0.0","1.4","10.1","10.6","6.5","16.27","16.76","0.0","32.6","55.3","62.1","3.1","0.9","4.0","0.0","0.0","0.0","10.4","7.9","3.4"
"20210223","인천","강화군","-0.6","3.9","-4.4","1.9","0.8","6.1","-4.2","0.0","0.0","1.3","10.0","10.1","6.5","0.0","0.0","0.0","32.1","63.5","61.5","4.6","1.4","0.0","0.0","0.0","0.0","9.8","7.3","2.0"
"20210222","인천","남구","6.4","10.7","-0.2","4.0","1.9","6.2","-1.7","0.0","1.1","1.1","6.8","8.6","7.0","12.2","13.07","0.0","57.9","69.1","61.4","2.8","3.9","3.5","0.0","0.0","0.0","14.4","14.5","3.5"
"20210222","인천","강화군","6.4","12.2","-0.8","3.8","0.6","5.9","-4.6","0.0","0.5","0.9","6.9","6.3","6.8","0.0","0.0","0.0","58.6","66.5","60.8","4.1","2.6","0.0","0.0","0.0","0.0","11.5","9.6","2.0"
"20210221","인천","남구","10.1","14.9","6.2","6.6","1.7","5.9","-1.9","0.0","5.8","1.1","9.8","1.3","7.0","14.53","6.73","0.0","67.9","73.4","61.6","1.5","9.3","3.5","0.0","0.0","0.0","10.2","10.9","3.5"
"20210221","인천","강화군","9.1","14.5","1.2","5.4","0.4","5.6","-4.8","0.0","3.0","1.0","9.2","0.0","6.9","0.0","0.0","0.0","78.3","80.3","61.2","2.3","9.3","0.0","0.0","0.0","0.0","11.0","7.0","2.0"
"20210220","인천","남구","7.1","10.7","4.6","4.5","1.5","5.8","-2.1","0.0","0.0","1.1","7.4","9.6","7.0","13.99","13.3","0.0","65.8","73.1","60.7","1.6","2.4","3.6","0.0","0.0","0.0","10.0","5.1","3.5"
"20210220","인천","강화군","6.3","12.3","1.0","2.6","0.2","5.5","-5.1","0.0","0.0","1.0","8.3","8.9","6.9","0.0","0.0","0.0","74.1","78.6","60.9","4.1","3.3","0.0","0.0","0.0","0.0","9.3","5.4","2.0"
"20210219","인천","남구","2.0","7.6","-5.7","1.9","1.2","5.4","-2.4","0.0","0.0","0.9","10.1","2.8","7.2","14.96","8.49","0.0","62.5","60.4","59.2","1.8","7.4","3.3","0.0","0.0","0.0","11.9","4.9","3.5"
"20210219","인천","강화군","1.5","8.1","-9.1","0.0","-0.1","5.1","-5.4","0.0","0.0","0.7","8.6","2.5","7.1","0.0","0.0","0.0","73.6","71.9","59.1","3.9","7.4","0.0","0.0","0.0","0.0","11.7","2.9","2.0"
"20210218","인천","남구","-5.3","-0.9","-9.7","-3.4","0.8","5.1","-2.7","0.0","0.0","0.7","10.2","10.4","7.3","15.87","16.34","0.0","40.9","48.6","59.2","0.0","0.0","3.2","0.0","0.0","0.0","13.6","11.1","3.5"
"20210218","인천","강화군","-5.3","0.2","-9.8","-4.2","-0.4","4.8","-5.8","0.0","0.0","0.6","10.1","9.9","7.2","0.0","0.0","0.0","45.8","56.3","58.7","0.8","0.9","0.0","0.0","0.0","0.0","12.8","6.2","2.0"
"20210217","인천","남구","-8.2","-5.9","-9.8","-5.4","0.7","4.9","-2.7","0.0","0.1","0.9","10.1","4.7","6.9","15.88","8.52","0.0","43.9","64.4","59.2","1.5","6.8","3.5","0.0","0.3","0.0","16.2","13.2","3.5"
"20210217","인천","강화군","-8.1","-5.1","-10.1","-5.5","-0.5","4.5","-5.7","0.0","0.0","0.9","9.7","2.0","6.8","0.0","0.0","0.0","43.5","61.4","58.7","1.4","6.4","0.0","0.0","0.0","0.0","14.0","8.3","2.0"
"20210216","인천","남구","-4.9","-2.1","-6.6","-1.3","0.8","4.8","-2.7","2.4","10.2","0.9","3.5","3.9","6.7","7.66","5.38","0.0","51.5","79.4","59.6","3.6","8.0","3.7","1.6","3.5","0.0","17.6","12.9","3.6"
"20210216","인천","강화군","-5.5","-1.1","-8.7","-1.8","-0.5","4.5","-5.6","1.5","13.0","0.8","4.1","1.8","6.7","0.0","0.0","0.0","61.3","79.9","59.2","4.0","9.4","0.0","0.0","0.0","0.0","11.5","8.7","2.0"
"20210215","인천","남구","0.1","5.2","-4.4","8.1","0.8","4.8","-2.6","0.8","3.8","1.3","7.2","3.7","6.6","12.11","6.81","0.0","63.6","77.4","60.3","5.4","7.0","3.8","0.0","0.0","0.0","18.3","8.4","3.5"
"20210215","인천","강화군","-0.1","5.1","-4.8","7.5","-0.4","4.5","-5.6","1.1","4.5","1.2","7.5","4.3","6.4","0.0","0.0","0.0","68.1","76.9","60.0","4.3","6.8","0.0","0.0","0.0","0.0","17.3","6.3","2.0"
"20210214","인천","남구","7.3","10.9","4.6","7.1","0.8","4.8","-2.6","0.0","0.0","1.4","1.5","9.3","6.5","6.53","13.13","0.0","58.3","79.5","60.6","8.5","2.4","3.9","0.0","0.0","0.0","4.0","6.1","3.5"
"20210214","인천","강화군","6.6","12.3","1.7","6.5","-0.5","4.4","-5.6","0.0","0.0","1.3","0.3","9.1","6.3","0.0","0.0","0.0","61.3","80.3","60.5","8.3","2.4","0.0","0.0","0.0","0.0","5.1","5.1","2.0"
"20210213","인천","남구","4.8","10.5","-1.4","5.8","0.8","4.7","-2.6","0.0","0.0","1.1","9.0","4.5","6.5","13.8","8.84","0.0","74.6","88.6","59.9","2.9","9.3","3.9","0.0","0.0","0.0","5.4","6.4","3.5"
"20210213","인천","강화군","3.5","11.5","-3.3","4.7","-0.5","4.4","-5.7","0.0","0.0","1.0","9.6","3.6","6.4","0.0","0.0","0.0","73.6","91.1","60.1","2.5","9.0","0.0","0.0","0.0","0.0","4.9","5.8","1.9"
"20210212","인천","남구","5.2","11.4","0.4","7.3","0.5","4.5","-2.9","0.0","5.9","0.8","9.3","0.0","6.6","13.29","2.58","0.0","70.5","78.4","59.6","4.1","10.0","3.9","0.0","0.0","0.0","5.0","8.6","3.4"
"20210212","인천","강화군","2.8","11.5","-2.7","6.2","-0.8","4.2","-6.1","0.0","3.0","0.7","9.2","0.0","6.4","0.0","0.0","0.0","75.6","81.0","60.4","2.6","9.1","0.0","0.0","0.0","0.0","5.4","5.1","1.9"
"20210211","인천","남구","4.7","8.9","2.5","7.2","0.0","4.0","-3.3","0.0","0.0","0.9","7.1","9.6","6.6","11.25","13.85","0.0","76.1","43.5","59.8","6.5","3.0","3.8","0.0","0.0","0.0","5.3","6.1","3.4"
"20210211","인천","강화군","3.2","8.8","-1.2","5.1","-1.3","3.7","-6.6","0.0","0.0","0.8","5.9","9.5","6.4","0.0","0.0","0.0","84.3","49.0","60.3","7.3","3.1","0.0","0.0","0.0","0.0","4.6","6.6","1.9"
"20210210","인천","남구","3.0","6.7","-0.5","4.1","-0.5","3.5","-3.7","0.0","0.0","0.5","4.2","9.8","6.5","7.5","13.77","0.0","77.6","55.8","59.9","5.8","1.1","3.8","0.0","0.0","0.0","7.3","6.4","3.5"
"20210210","인천","강화군","2.2","6.7","-3.5","2.2","-1.8","3.1","-6.9","0.0","0.0","0.4","2.1","9.4","6.4","0.0","0.0","0.0","88.3","64.8","60.2","7.4","1.8","0.0","0.0","0.0","0.0","6.6","6.5","1.9"
"20210209","인천","남구","-0.6","3.4","-4.5","0.4","-0.6","3.4","-4.1","0.0","0.0","0.4","10.1","9.8","6.4","14.55","13.74","0.0","50.9","58.3","60.4","0.0","3.0","3.9","0.0","0.0","0.0","6.1","7.9","3.5"
"20210209","인천","강화군","-2.0","2.8","-7.7","-1.2","-2.0","3.1","-7.1","0.0","0.0","0.4","9.8","9.4","6.2","0.0","0.0","0.0","66.6","63.6","60.7","0.0","3.3","0.0","0.0","0.0","0.0","7.4","6.1","1.9"
"20210208","인천","남구","-3.0","-0.5","-5.1","0.1","-0.7","3.3","-4.1","0.0","0.0","0.3","10.1","9.6","6.2","14.91","13.2","0.0","39.1","53.9","61.7","0.0","2.5","4.0","0.0","0.0","0.0","14.4","12.0","3.4"
"20210208","인천","강화군","-3.4","0.4","-7.0","0.2","-2.1","3.0","-7.1","0.0","0.0","0.2","9.8","8.9","6.1","0.0","0.0","0.0","43.8","50.4","61.9","0.6","2.6","0.0","0.0","0.0","0.0","10.4","8.1","1.8"
"20210207","인천","남구","2.0","5.7","-2.3","-1.4","-0.8","3.2","-4.2","0.0","0.0","0.4","6.2","4.8","6.3","10.07","9.43","0.0","68.4","54.4","61.8","4.3","8.6","3.9","0.0","0.0","0.0","10.3","5.5","3.4"
"20210207","인천","강화군","1.7","6.9","-2.5","-1.9","-2.2","2.8","-7.3","0.0","0.0","0.3","7.2","3.0","6.2","0.0","0.0","0.0","64.1","59.8","61.8","3.9","8.8","0.0","0.0","0.0","0.0","10.1","6.1","1.8"
"20210206","인천","남구","5.9","7.7","3.1","-6.6","-0.9","3.1","-4.2","0.0","0.0","0.3","1.6","10.0","6.4","5.61","13.22","0.0","83.5","45.1","61.6","8.8","2.0","3.7","0.0","0.0","0.0","8.0","8.1","3.3"
"20210206","인천","강화군","5.5","8.8","2.4","-8.1","-2.3","2.8","-7.4","0.0","0.0","0.2","0.9","9.6","6.3","0.0","0.0","0.0","90.9","52.9","61.8","9.4","2.1","0.0","0.0","0.0","0.0","7.0","5.7","1.7"
"20210205","인천","남구","1.9","6.8","-2.7","-8.1","-0.9","3.1","-4.3","0.0","0.0","0.4","5.5","10.1","6.4","9.84","14.45","0.0","71.0","43.6","62.2","5.5","0.0","3.5","0.0","0.0","0.0","9.3","13.0","3.2"
"20210205","인천","강화군","1.2","6.0","-5.9","-8.6","-2.4","2.7","-7.6","0.0","0.0","0.3","2.1","9.6","6.4","0.0","0.0","0.0","84.4","43.6","62.4","6.9","0.6","0.0","0.0","0.0","0.0","9.7","0.0","1.7"
"20210204","인천","남구","-3.6","0.8","-6.3","-1.3","-1.2","2.8","-4.5","0.1","0.9","0.4","9.9","6.2","6.8","14.39","9.63","0.0","42.1","60.6","61.2","0.3","4.0","3.2","0.1","0.0","0.0","14.6","12.4","3.1"
"20210204","인천","강화군","-4.7","1.0","-7.7","-2.9","-2.7","2.4","-7.9","0.0","2.0","0.3","9.6","4.2","6.8","0.0","0.0","0.0","52.5","67.4","61.7","4.6","4.5","0.0","0.0","0.0","0.0","11.0","8.8","1.7"
"20210203","인천","남구","-2.8","1.0","-8.9","-0.3","-1.4","2.6","-4.9","3.3","0.0","0.7","7.4","9.8","7.1","11.47","13.19","0.0","65.5","50.5","60.4","4.1","1.3","2.8","4.5","0.0","0.0","12.0","10.8","3.2"
"20210203","인천","강화군","-3.6","1.3","-11.6","-1.4","-3.0","2.2","-8.2","8.4","0.0","0.6","5.6","9.3","7.0","0.0","0.0","0.0","78.5","52.8","60.9","4.3","1.4","0.0","0.0","0.0","0.0","12.7","7.8","1.7"
"20210202","인천","남구","-5.6","-2.6","-7.6","1.4","-1.5","2.5","-4.9","0.0","0.0","0.8","9.8","5.0","6.9","13.45","8.38","0.0","43.4","55.0","60.1","1.5","7.3","2.8","0.1","0.0","0.0","14.1","9.2","3.2"
"20210202","인천","강화군","-6.0","-2.7","-8.4","0.3","-3.0","2.2","-8.2","0.0","0.0","0.6","9.4","1.6","6.9","0.0","0.0","0.0","47.1","53.4","61.0","2.8","8.0","0.0","0.0","0.0","0.0","11.6","7.2","1.7"
"20210201","인천","남구","4.5","8.5","-2.6","3.0","-1.5","2.5","-4.9","0.0","0.0","0.7","0.5","6.4","6.9","4.58","8.8","0.0","79.0","67.3","59.6","7.4","2.9","2.8","0.0","0.0","0.0","14.3","7.6","3.3"
"20210201","인천","강화군","4.0","8.1","-3.0","1.6","-3.0","2.2","-8.2","0.8","0.0","0.6","0.4","6.5","7.0","0.0","0.0","0.0","79.9","69.1","60.7","6.8","3.6","0.0","0.0","0.0","0.0","12.0","5.7","1.7"
"20210131","인천","남구","4.9","10.1","-2.0","3.4","-1.4","2.5","-4.8","0.0","0.0","0.7","7.9","8.6","6.7","9.91","11.82","0.0","53.9","73.5","58.6","5.4","2.5","3.0","0.0","0.0","0.0","8.8","8.2","3.3"
"20210131","인천","강화군","3.2","9.8","-6.3","2.4","-2.9","2.2","-8.2","0.0","0.0","0.5","4.7","8.7","6.9","0.0","0.0","0.0","65.3","74.3","59.9","6.4","2.0","0.0","0.0","0.0","0.0","9.6","6.5","1.7"
"20210130","인천","남구","-0.3","4.8","-6.6","4.9","-1.3","2.6","-4.7","0.0","0.0","0.6","7.1","9.4","6.6","10.43","12.38","0.0","63.3","59.9","58.2","3.4","4.5","3.1","0.0","0.0","0.0","8.8","7.6","3.3"
"20210130","인천","강화군","-1.8","5.1","-8.1","4.8","-2.8","2.3","-8.0","0.0","0.0","0.5","7.5","8.4","6.8","0.0","0.0","0.0","65.5","57.6","59.7","3.9","5.0","0.0","0.0","0.0","0.0","6.5","5.3","1.7"
"20210129","인천","남구","-8.3","-5.8","-10.8","5.5","-1.3","2.6","-4.7","0.0","0.0","0.3","9.6","6.4","6.4","13.26","7.73","0.0","39.1","61.0","58.6","1.1","7.0","3.3","0.0","0.0","0.0","15.4","6.9","3.3"
"20210129","인천","강화군","-8.8","-5.1","-11.2","5.6","-2.8","2.3","-8.1","0.0","0.0","0.2","9.4","7.0","6.6","0.0","0.0","0.0","43.5","57.9","60.5","2.0","6.8","0.0","0.0","0.0","0.0","14.0","5.6","1.7"
"20210128","인천","남구","-2.6","1.4","-8.9","7.2","-1.4","2.5","-4.8","2.5","0.0","0.3","5.1","2.1","6.6","8.07","6.96","0.0","50.9","55.5","59.1","5.5","8.1","3.2","2.4","0.0","0.0","22.3","8.9","3.3"
"20210128","인천","강화군","-3.4","1.6","-9.5","7.2","-2.9","2.2","-8.3","3.7","0.2","0.2","4.8","1.3","6.7","0.0","0.0","0.0","57.0","54.9","60.9","4.4","8.3","0.0","0.0","0.0","0.0","20.2","8.1","1.8"
"20210127","인천","남구","1.5","5.0","-0.4","5.9","-1.6","2.3","-5.0","0.0","0.6","0.3","8.5","0.0","6.5","11.29","2.63","0.0","38.0","56.1","59.1","7.4","9.5","3.1","0.0","0.0","0.0","8.3","12.7","3.3"
"20210127","인천","강화군","1.6","6.0","-2.1","5.8","-3.2","1.9","-8.5","0.0","0.0","0.2","7.2","0.0","6.5","0.0","0.0","0.0","34.9","52.8","60.9","6.6","10.0","0.0","0.0","0.0","0.0","8.3","8.3","1.7"
"20210126","인천","남구","4.6","7.0","1.7","5.4","-1.9","2.0","-5.4","0.2","0.0","0.3","0.0","7.3","6.8","2.21","10.75","0.0","80.1","55.3","59.3","7.8","6.5","2.9","0.0","0.0","0.0","8.8","12.8","3.3"
"20210126","인천","강화군","3.8","6.0","-1.1","4.2","-3.5","1.6","-8.8","0.4","0.0","0.2","0.0","7.7","6.7","0.0","0.0","0.0","83.0","58.9","61.3","8.0","6.1","0.0","0.0","0.0","0.0","8.1","6.7","1.7"
"20210125","인천","남구","7.3","12.6","5.0","2.9","-2.1","1.7","-5.5","0.0","0.0","0.3","7.9","3.7","6.8","9.89","7.78","0.0","64.5","66.9","60.3","7.5","7.6","2.8","0.0","0.0","0.0","4.6","6.3","3.4"
"20210125","인천","강화군","4.3","12.2","0.0","1.5","-3.7","1.4","-8.8","0.0","0.0","0.2","6.6","5.7","6.6","0.0","0.0","0.0","79.0","67.6","62.0","7.8","7.3","0.0","0.0","0.0","0.0","4.2","3.3","1.7"
"20210124","인천","남구","7.1","11.2","2.7","2.3","-2.1","1.7","-5.4","0.0","0.0","0.4","8.4","8.8","6.6","11.34","10.44","0.0","59.3","65.4","61.0","4.5","4.1","3.1","0.0","0.0","0.0","8.2","7.8","3.3"
"20210124","인천","강화군","5.8","12.0","1.5","1.2","-3.7","1.3","-8.7","0.0","0.0","0.3","7.7","8.0","6.4","0.0","0.0","0.0","69.1","62.8","62.3","6.0","4.0","0.0","0.0","0.0","0.0","7.4","7.0","1.7"
"20210123","인천","남구","7.1","10.9","3.7","4.1","-2.1","1.6","-5.4","0.0","0.0","0.5","4.7","8.7","6.4","7.97","10.36","0.0","64.6","60.6","61.0","8.3","4.4","3.3","0.0","0.0","0.0","9.5","9.5","3.3"
"20210123","인천","강화군","6.3","9.7","3.1","4.6","-3.7","1.2","-8.6","0.0","0.0","0.4","2.9","8.5","6.2","0.0","0.0","0.0","67.0","58.1","62.5","8.9","3.9","0.0","0.0","0.0","0.0","9.8","8.8","1.7"
"20210122","인천","남구","4.8","6.1","2.8","3.0","-1.9","1.8","-5.2","0.0","0.0","0.7","0.0","4.8","6.2","3.31","7.33","0.0","92.0","53.4","61.2","10.0","8.0","3.6","0.0","0.0","0.0","6.4","7.5","3.3"
"20210122","인천","강화군","4.5","6.5","2.4","1.5","-3.4","1.4","-8.3","0.0","0.0","0.4","0.0","4.8","6.0","0.0","0.0","0.0","97.0","46.3","63.1","8.8","8.1","0.0","0.0","0.0","0.0","4.9","4.2","1.7"
"20210121","인천","남구","4.9","7.5","3.4","-0.3","-1.6","2.1","-4.9","14.4","0.0","0.6","0.0","9.3","6.1","2.33","11.02","0.0","66.5","49.9","61.1","9.5","3.3","3.9","0.0","0.0","0.0","6.4","6.1","3.2"
"20210121","인천","강화군","3.4","6.0","0.6","-1.9","-3.2","1.7","-8.0","8.1","0.0","0.4","0.0","8.8","5.9","0.0","0.0","0.0","70.6","54.5","63.2","9.6","3.8","0.0","0.0","0.0","0.0","2.8","4.4","1.7"
"20210120","인천","남구","1.0","7.2","-5.7","1.2","-1.4","2.3","-4.7","0.0","0.0","0.6","9.0","9.3","5.9","10.87","10.65","0.0","29.0","56.0","61.2","3.0","1.8","4.0","0.0","0.0","0.0","5.7","13.3","3.2"
"20210120","인천","강화군","-2.0","6.6","-10.4","0.1","-3.0","1.9","-7.9","0.0","0.0","0.4","7.8","8.6","5.7","0.0","0.0","0.0","43.0","58.9","63.6","3.9","1.3","0.0","0.0","0.0","0.0","3.8","10.4","1.6"
"20210119","인천","남구","-6.7","-2.0","-11.3","2.8","-1.3","2.5","-4.7","0.0","0.1","0.6","9.3","4.8","5.9","11.48","6.63","0.0","36.0","67.6","61.3","0.0","4.9","4.0","0.0","0.0","0.0","10.4","11.7","3.0"
"20210119","인천","강화군","-8.3","-2.2","-14.0","1.0","-3.0","2.0","-7.9","0.0","0.0","0.4","8.9","5.9","5.7","0.0","0.0","0.0","43.6","70.6","63.8","0.8","4.4","0.0","0.0","0.0","0.0","7.8","8.6","1.5"
"20210118","인천","남구","-3.1","0.5","-9.0","0.6","-1.2","2.7","-4.5","0.0","0.0","0.5","5.3","9.3","5.7","7.04","11.41","0.0","59.4","51.9","62.0","4.8","1.9","4.0","0.0","0.0","0.0","15.5","6.3","3.0"
"20210118","인천","강화군","-4.2","1.6","-9.6","-0.8","-2.9","2.1","-7.8","0.1","0.0","0.4","4.2","8.4","5.6","0.0","0.0","0.0","63.8","57.5","64.5","5.1","2.4","0.0","0.0","0.0","0.0","14.4","5.4","1.5"
"20210117","인천","남구","-5.1","-1.8","-9.1","-0.8","-1.3","2.6","-4.7","0.5","0.0","0.4","8.4","8.0","5.9","10.79","9.72","0.0","55.3","55.9","61.8","3.5","6.6","3.8","0.8","0.0","0.0","7.6","6.2","2.9"
"20210117","인천","강화군","-7.3","-1.9","-13.3","-2.4","-3.1","2.0","-8.0","0.0","0.0","0.6","5.8","7.7","5.7","0.0","0.0","0.0","64.3","60.6","64.6","3.3","5.6","0.0","0.0","0.0","0.0","5.5","4.8","1.5"
"20210116","인천","남구","-5.3","-2.0","-8.2","-1.6","-1.4","2.3","-4.8","0.0","0.0","0.4","8.7","8.1","5.7","10.76","10.53","0.0","59.3","49.4","61.7","0.6","6.3","3.7","0.0","0.0","0.0","12.0","9.2","2.9"
"20210116","인천","강화군","-6.2","-2.3","-11.5","-3.4","-3.3","1.9","-8.0","0.0","0.0","0.7","8.6","7.3","5.7","0.0","0.0","0.0","62.3","57.5","64.2","0.6","6.1","0.0","0.0","0.0","0.0","9.4","6.4","1.5"
"20210115","인천","남구","4.5","9.4","-2.0","-2.1","-1.6","2.1","-4.8","0.0","0.0","0.6","0.4","9.3","5.6","3.26","10.98","0.0","69.5","55.6","61.9","8.0","0.5","3.8","0.0","0.0","0.0","10.7","7.0","2.9"
"20210115","인천","강화군","3.7","9.9","-3.1","-3.7","-3.4","1.6","-8.1","0.1","0.0","0.8","0.0","8.7","5.6","0.0","0.0","0.0","73.8","59.5","64.4","8.1","0.4","0.0","0.0","0.0","0.0","11.4","5.3","1.5"
"20210114","인천","남구","2.4","7.1","-2.7","-1.8","-1.7","1.9","-5.0","0.0","0.0","0.6","8.2","8.3","5.7","9.42","9.81","0.0","36.1","53.5","61.2","0.9","1.5","3.6","0.0","0.0","0.0","6.6","7.0","3.0"
"20210114","인천","강화군","-0.4","6.1","-7.1","-3.4","-3.6","1.5","-8.2","0.0","0.0","0.9","7.3","8.2","5.7","0.0","0.0","0.0","49.3","58.1","64.1","1.6","2.4","0.0","0.0","0.0","0.0","8.1","5.1","1.6"
"20210113","인천","남구","2.4","7.7","-1.5","-2.2","-1.9","1.7","-5.2","0.0","0.0","0.5","7.0","8.8","6.0","8.67","11.16","0.0","74.1","54.4","60.3","0.6","1.3","3.4","0.0","0.0","0.0","9.5","10.3","3.0"
"20210113","인천","강화군","1.0","8.5","-5.5","-3.7","-3.7","1.3","-8.5","0.0","0.0","0.8","5.6","8.6","6.0","0.0","0.0","0.0","80.1","64.4","63.3","0.5","1.1","0.0","0.0","0.0","0.0","9.7","7.5","1.6"
"20210112","인천","남구","-2.8","0.6","-6.8","-0.9","-1.9","1.7","-5.2","1.1","0.0","0.5","4.6","7.7","6.0","6.6","9.89","0.0","81.8","65.3","60.5","3.9","4.1","3.3","2.8","0.0","0.0","7.7","10.2","3.0"
"20210112","인천","강화군","-4.7","1.3","-11.2","-1.3","-3.7","1.2","-8.5","0.7","0.0","0.5","1.8","8.1","6.0","0.0","0.0","0.0","85.4","66.4","63.2","4.3","3.5","0.0","0.0","0.0","0.0","5.8","6.4","1.5"
"20210111","인천","남구","-6.0","-3.7","-8.6","0.1","-1.9","1.8","-5.1","0.0","0.0","0.5","0.0","8.7","6.1","4.46","10.06","0.0","54.5","68.4","61.1","8.0","3.8","3.3","0.0","0.0","0.0","6.8","7.2","3.0"
"20210111","인천","강화군","-7.7","-3.5","-11.5","-1.1","-3.7","1.2","-8.4","0.0","0.0","0.4","0.0","8.2","6.1","0.0","0.0","0.0","64.4","72.9","64.0","8.1","3.6","0.0","0.0","0.0","0.0","4.1","5.3","1.5"
"20210110","인천","남구","-7.2","-3.3","-11.7","-0.6","-1.8","2.0","-5.1","0.0","0.0","0.3","6.5","8.2","6.0","8.74","9.32","0.0","50.4","69.9","61.4","3.1","4.0","3.3","0.0","0.0","0.0","6.6","5.9","3.1"
"20210110","인천","강화군","-9.1","-3.5","-15.3","-1.7","-3.5","1.4","-8.3","0.0","0.0","0.3","5.7","7.5","6.1","0.0","0.0","0.0","64.4","75.9","64.3","3.5","4.6","0.0","0.0","0.0","0.0","5.5","4.7","1.5"
"20210109","인천","남구","-11.6","-7.9","-15.2","-0.9","-1.7","2.0","-5.0","0.0","0.0","0.6","9.3","8.8","5.9","10.2","9.81","0.0","43.4","69.8","62.2","1.5","1.0","3.4","0.0","0.0","0.0","9.6","7.6","3.1"
"20210109","인천","강화군","-12.1","-7.6","-17.8","-2.0","-3.5","1.5","-8.2","0.0","0.0","0.7","8.5","8.6","6.0","0.0","0.0","0.0","48.8","75.8","65.1","4.8","2.0","0.0","0.0","0.0","0.0","10.9","6.4","1.5"
"20210108","인천","남구","-14.5","-10.9","-17.5","2.1","-1.5","2.2","-4.8","0.0","3.4","0.7","9.4","0.2","5.7","11.13","3.5","0.0","42.6","86.0","62.8","0.0","9.5","3.7","0.0","0.0","0.0","12.1","13.2","3.2"
"20210108","인천","강화군","-14.7","-10.8","-18.0","1.9","-3.3","1.6","-7.9","0.0","11.0","0.9","8.6","0.4","5.8","0.0","0.0","0.0","46.9","87.3","65.8","3.0","8.8","0.0","0.0","0.0","0.0","8.8","10.0","1.6"
"20210107","인천","남구","-14.0","-9.1","-15.4","6.3","-1.4","2.3","-4.7","0.0","42.2","0.9","9.3","0.0","5.5","11.33","0.58","0.0","47.6","97.0","62.6","0.3","10.0","3.9","0.0","0.0","0.0","17.2","8.6","3.2"
"20210107","인천","강화군","-14.2","-10.1","-16.2","5.5","-3.2","1.6","-7.9","0.0","51.0","0.9","8.5","0.0","5.6","0.0","0.0","0.0","53.4","99.0","66.1","2.6","10.0","0.0","0.0","0.0","0.0","14.5","8.8","1.6"
"20210106","인천","남구","-7.1","-2.0","-10.5","3.6","-1.5","2.2","-4.7","2.1","2.3","0.9","9.0","0.0","5.6","10.69","2.01","0.0","49.4","70.6","62.2","2.9","9.8","3.7","4.0","0.0","0.0","20.3","9.5","3.2"
"20210106","인천","강화군","-8.2","-2.9","-14.8","1.8","-3.3","1.7","-7.9","1.0","1.2","0.9","7.7","0.0","5.7","0.0","0.0","0.0","61.1","75.4","65.3","2.8","9.9","0.0","0.0","0.0","0.0","11.9","6.6","1.6"
"20210105","인천","남구","-5.6","-2.4","-9.4","1.6","-1.4","2.3","-4.7","0.0","0.0","0.9","9.1","6.9","5.7","9.84","8.6","0.0","50.0","53.0","61.9","2.6","4.0","3.6","0.0","0.0","0.0","10.8","5.8","3.1"
"20210105","인천","강화군","-6.4","-2.8","-12.0","-0.5","-3.2","1.8","-8.0","0.0","0.0","0.9","8.5","7.0","5.8","0.0","0.0","0.0","52.1","59.9","65.2","2.3","4.5","0.0","0.0","0.0","0.0","11.0","4.1","1.6"
"20210104","인천","남구","-3.0","0.3","-6.8","2.1","-1.2","2.5","-4.5","0.0","0.0","0.5","4.8","8.0","5.8","6.76","9.16","0.0","44.8","64.0","61.8","5.1","2.1","3.7","0.0","0.0","0.0","8.5","7.2","3.1"
"20210104","인천","강화군","-4.6","-0.7","-11.1","0.6","-3.0","1.9","-7.8","0.0","0.0","0.5","4.3","7.6","5.8","0.0","0.0","0.0","52.0","62.3","65.0","5.9","1.9","0.0","0.0","0.0","0.0","6.1","5.9","1.5"
"20210103","인천","남구","-4.9","-2.2","-7.7","0.8","-1.2","2.5","-4.5","0.0","0.0","0.5","5.9","8.9","5.8","8.21","9.55","0.0","39.4","64.4","61.8","3.0","0.9","3.7","0.0","0.0","0.0","7.3","6.6","3.1"
"20210103","인천","강화군","-6.8","-2.2","-11.2","-1.1","-3.0","2.0","-7.8","0.0","0.0","0.5","4.4","8.6","5.8","0.0","0.0","0.0","51.4","67.0","65.0","2.8","1.2","0.0","0.0","0.0","0.0","5.5","4.7","1.5"
"20210102","인천","남구","-4.7","-1.9","-7.4","1.8","-1.2","2.5","-4.5","0.0","0.0","0.4","8.9","0.0","6.0","10.29","2.7","0.0","38.0","69.8","61.9","0.3","7.3","3.5","0.0","0.0","0.0","10.5","6.6","3.2"
"20210102","인천","강화군","-5.3","-1.7","-10.8","0.2","-2.9","2.0","-7.7","0.0","0.0","0.5","8.3","0.2","5.9","0.0","0.0","0.0","45.3","77.3","64.8","0.4","5.6","0.0","0.0","0.0","0.0","9.2","4.3","1.5"
"20210101","인천","남구","-3.4","1.3","-8.2","-1.4","-1.1","2.6","-4.4","0.0","0.0","0.4","7.2","2.2","5.8","8.84","5.3","0.0","56.1","66.6","62.3","5.6","8.8","3.6","0.0","0.0","0.0","9.5","4.9","3.2"
"20210101","인천","강화군","-4.9","0.8","-11.8","-1.9","-2.8","2.0","-7.6","0.0","0.0","0.5","4.6","3.2","5.6","0.0","0.0","0.0","68.6","72.0","65.8","5.4","8.4","0.0","0.0","0.0","0.0","5.7","3.2","1.5"
