"조회일자","지역(시)","지역(군)","평균 기온(°C)","최고 기온(°C)","최저 기온(°C)","전년 기온(°C)","평년 기온(°C)","평년 최고 기온(°C)","평년 최저 기온(°C)","평균 강수량(mm)","전년 강수량(mm)","평년 강수량(mm)","평균 일조시간(hr)","전년 일조시간(hr)","평년 일조시간(hr)","평균 일사량(MJ/㎡)","전년 일사량(MJ/㎡)","평년 일사량(MJ/㎡)","평균 습도(%)","전년 습도(%)","평년 습도(%)","평균 운량(1/10)","전년 운량(1/10)","평년 운량(1/10)","평균 적설량(cm)","전년 적설량(cm)","평년 적설량(cm)","평균 순간최대풍속(m/s)","전년 순간최대풍속(m/s)","평년 순간최대풍속(m/s)"
"20241231","서울","종로구","0.6","4.9","-2.0","2.1","-1.8","2.1","-5.4","0.0","4.7","0.5","9.0","0.6","5.2","11.57","3.06","0.0","45.8","95.5","58.3","0.0","5.8","3.7","0.0","8.8","0.0","9.6","8.3","2.3"
"20241230","서울","종로구","5.5","10.1","1.9","0.6","-1.9","2.1","-5.5","0.0","13.1","0.6","2.6","0.0","5.2","6.29","0.69","0.0","68.5","92.0","57.6","7.4","9.5","3.6","0.0","12.2","0.0","12.0","6.9","2.3"
"20241229","서울","종로구","1.1","6.1","-4.2","1.3","-1.9","2.0","-5.5","0.0","0.0","0.6","6.5","1.8","5.4","9.49","5.43","0.0","56.1","71.0","56.6","5.1","4.8","3.4","0.0","0.0","0.0","5.0","5.7","2.3"
"20241228","서울","종로구","-3.0","1.1","-6.7","1.2","-1.8","2.1","-5.4","0.0","0.0","0.5","8.3","8.1","5.4","11.01","9.25","0.0","48.3","69.5","56.0","1.1","3.1","3.3","0.0","0.0","0.0","9.9","8.0","2.3"
"20241227","서울","종로구","-2.6","1.8","-5.9","1.5","-1.6","2.4","-5.2","0.0","0.0","0.5","7.3","8.2","5.7","9.29","9.47","0.0","51.4","76.6","55.8","2.3","0.5","3.1","0.0","0.0","0.0","10.4","4.7","2.3"
"20241226","서울","종로구","0.1","4.2","-4.8","1.9","-1.2","2.7","-4.9","0.0","0.0","0.6","8.6","7.5","5.5","11.1","9.17","0.0","57.9","72.9","56.7","0.8","2.9","3.2","0.0","0.0","0.0","11.4","9.4","2.3"
"20241225","서울","종로구","2.7","6.5","-1.1","-0.7","-0.8","3.2","-4.4","0.1","0.7","0.6","3.0","1.7","5.5","6.46","4.14","0.0","63.1","80.8","58.1","8.3","6.5","3.2","0.0","3.0","0.0","6.7","6.1","2.3"
"20241224","서울","종로구","-0.4","5.1","-4.3","-2.2","-0.2","3.9","-3.8","0.0","1.1","0.7","9.0","6.9","5.4","11.06","10.09","0.0","50.3","73.4","59.5","2.1","5.0","3.5","0.0","1.5","0.0","5.4","4.6","2.3"
"20241223","서울","종로구","0.3","6.7","-5.0","-6.8","0.3","4.4","-3.4","0.0","0.0","0.9","7.3","8.9","5.3","10.29","10.84","0.0","58.5","53.4","60.5","0.9","1.4","3.7","0.7","0.2","0.0","7.9","4.1","2.3"
"20241222","서울","종로구","-3.4","1.0","-7.7","-11.6","0.5","4.6","-3.2","0.0","0.0","0.8","9.0","9.1","5.1","11.47","11.56","0.0","52.9","51.8","60.4","0.0","0.0","3.9","1.4","0.4","0.0","8.8","8.2","2.2"
"20241221","서울","종로구","-0.7","1.9","-4.7","-11.7","0.4","4.6","-3.3","2.9","0.0","0.7","2.0","9.0","5.2","4.03","11.49","0.0","74.1","57.4","59.2","5.3","0.0","3.9","2.7","0.5","0.0","9.4","9.0","2.2"
"20241220","서울","종로구","1.4","5.3","-2.1","-7.4","0.1","4.2","-3.6","0.4","0.8","0.6","1.4","6.0","5.3","4.9","9.07","0.0","60.9","64.1","58.1","9.1","2.6","3.8","0.5","2.1","0.0","5.1","9.0","2.1"
"20241219","서울","종로구","-1.4","4.9","-6.7","-3.7","-0.3","3.7","-4.0","0.0","0.3","0.6","8.2","0.8","5.4","10.53","5.77","0.0","47.4","63.1","57.6","3.3","6.9","3.7","0.0","0.9","0.0","4.6","6.0","2.2"
"20241218","서울","종로구","-3.4","0.9","-6.2","-7.7","-0.5","3.5","-4.1","0.0","0.0","0.4","9.0","4.1","5.5","11.38","7.01","0.0","47.1","45.1","56.9","0.0","6.9","3.7","0.0","0.0","0.0","6.2","7.7","2.2"
"20241217","서울","종로구","-0.8","3.8","-3.5","-9.8","-0.6","3.3","-4.1","0.0","0.0","0.5","6.2","9.0","5.6","8.26","11.81","0.0","51.8","48.9","56.3","1.1","0.0","3.5","0.0","0.0","0.0","8.3","10.2","2.3"
"20241216","서울","종로구","-0.2","3.9","-3.3","-4.1","-0.6","3.2","-4.1","0.0","1.5","0.7","3.8","4.6","5.3","5.61","8.49","0.0","65.9","68.9","56.6","3.1","5.6","3.6","0.0","1.0","0.0","6.6","17.9","2.3"
"20241215","서울","종로구","1.2","5.4","-2.2","4.9","-0.4","3.5","-4.0","0.0","31.1","0.7","6.0","0.0","5.4","8.76","1.48","0.0","54.1","95.4","56.3","2.8","10.0","3.5","0.0","0.0","0.0","11.3","11.9","2.4"
"20241214","서울","종로구","-0.8","2.5","-3.6","7.6","-0.2","3.6","-3.7","0.0","17.0","0.7","9.0","0.0","5.5","11.11","1.46","0.0","51.0","85.8","56.3","1.3","10.0","3.5","0.0","0.0","0.0","8.3","11.7","2.3"
"20241213","서울","종로구","1.0","4.5","-1.5","6.8","0.0","3.8","-3.5","0.0","0.0","0.7","5.2","2.3","5.5","7.14","6.06","0.0","42.1","74.1","56.4","5.0","6.3","3.5","0.0","0.0","0.0","9.5","7.0","2.3"
"20241212","서울","종로구","0.5","5.4","-3.2","5.4","0.4","4.3","-3.3","0.0","0.4","0.8","6.7","3.5","5.1","10.06","6.08","0.0","45.8","75.6","57.5","4.5","4.9","3.9","0.0","0.0","0.0","7.3","13.3","2.3"
"20241211","서울","종로구","3.0","8.2","0.2","8.9","0.7","4.6","-3.0","0.0","11.4","0.7","6.9","0.0","5.3","8.65","1.54","0.0","50.3","82.9","57.6","4.6","10.0","3.8","0.0","0.0","0.0","5.7","0.0","2.3"
"20241210","서울","종로구","2.6","6.9","-1.9","11.4","0.9","4.7","-2.7","0.0","0.0","0.9","8.4","0.0","5.1","10.52","0.0","0.0","58.9","67.9","58.9","3.9","5.6","4.0","0.0","0.0","0.0","9.0","0.0","2.3"
"20241209","서울","종로구","1.0","7.4","-3.8","13.7","1.2","5.0","-2.3","0.0","0.0","0.9","8.3","0.8","4.9","10.61","4.05","0.0","56.1","82.9","59.4","0.8","8.3","4.3","0.0","0.0","0.0","5.0","7.3","2.3"
"20241208","서울","종로구","-0.2","4.1","-3.9","11.2","1.2","5.0","-2.4","0.0","0.0","1.1","9.1","5.3","4.9","11.62","7.54","0.0","46.5","73.4","59.3","0.0","1.4","4.4","0.0","0.0","0.0","8.2","13.5","2.2"
"20241207","서울","종로구","0.2","4.6","-2.5","6.6","1.1","4.9","-2.5","0.0","0.0","1.0","7.2","6.7","5.1","10.86","9.35","0.0","56.9","64.0","58.3","0.9","1.9","4.2","0.0","0.0","0.0","9.6","12.6","2.3"
"20241206","서울","종로구","2.1","5.2","-0.4","6.1","1.2","5.2","-2.4","0.0","3.8","1.1","9.1","0.0","5.1","11.69","1.87","0.0","49.3","76.1","58.0","0.1","6.3","4.2","0.0","0.0","0.0","11.7","9.0","2.3"
"20241205","서울","종로구","3.9","8.8","-0.1","6.8","1.4","5.4","-2.3","1.8","0.0","1.1","6.7","6.8","5.2","9.89","8.09","0.0","62.8","55.4","57.2","2.5","3.8","4.2","0.0","0.0","0.0","9.7","5.9","2.3"
"20241204","서울","종로구","3.1","6.9","-0.6","2.7","1.7","5.8","-2.0","0.0","0.0","1.1","8.9","8.2","5.3","11.12","10.39","0.0","52.1","59.5","56.9","1.3","2.5","4.0","0.0","0.0","0.0","7.6","4.3","2.3"
"20241203","서울","종로구","1.3","5.2","-2.4","0.8","2.3","6.4","-1.4","0.0","0.0","0.8","8.9","9.1","5.1","11.61","11.62","0.0","48.6","56.3","57.7","3.0","0.0","4.0","0.0","0.0","0.0","8.3","5.0","2.3"
"20241202","서울","종로구","6.4","13.0","0.6","2.0","2.9","7.1","-0.8","0.0","0.0","1.0","2.3","4.0","5.1","5.09","8.25","0.0","79.9","60.8","59.1","2.6","4.0","3.9","0.0","0.0","0.0","9.5","11.0","2.2"
"20241201","서울","종로구","5.2","8.2","1.6","-3.2","3.4","7.5","-0.2","0.5","0.0","1.0","2.4","9.2","5.0","7.01","12.2","0.0","89.3","55.3","60.7","5.9","0.1","4.1","5.3","0.0","0.0","5.8","7.5","2.2"
"20241130","서울","종로구","2.5","5.6","-0.5","-4.3","3.9","8.0","0.3","0.0","0.0","1.0","2.4","9.2","4.9","4.74","12.44","0.0","81.6","48.5","60.9","4.1","0.0","4.2","7.9","0.0","0.0","5.6","8.3","2.2"
"20241129","서울","종로구","0.2","3.4","-3.4","-1.4","4.1","8.2","0.5","0.0","0.0","1.2","5.4","2.7","4.8","8.35","4.75","0.0","76.3","58.9","61.1","2.4","4.4","4.4","0.0","0.0","0.0","5.7","10.7","2.2"
"20241128","서울","종로구","0.8","3.4","-1.7","1.3","4.3","8.3","0.7","4.9","0.0","1.4","4.5","6.3","4.7","8.16","9.85","0.0","82.0","57.5","61.2","5.4","2.3","4.5","28.6","0.0","0.0","9.1","9.5","2.2"
"20241127","서울","종로구","-0.4","1.2","-1.3","6.2","4.4","8.5","0.8","22.4","3.6","1.6","0.3","0.9","4.7","0.82","2.35","0.0","90.6","82.9","61.4","9.1","6.8","4.6","20.1","0.0","0.0","11.5","11.0","2.3"
"20241126","서울","종로구","5.8","12.7","1.0","4.0","4.7","8.8","1.0","26.0","0.0","1.6","0.9","1.4","4.6","4.35","6.39","0.0","86.4","43.6","60.9","9.6","8.9","4.6","0.9","0.0","0.0","14.1","4.4","2.2"
"20241125","서울","종로구","10.1","15.4","3.6","-1.3","4.9","9.1","1.1","0.0","0.0","1.6","6.8","9.1","4.8","9.9","12.67","0.0","57.6","42.8","61.4","5.8","1.8","4.5","0.0","0.0","0.0","9.4","6.4","2.2"
"20241124","서울","종로구","7.4","14.2","2.6","-1.5","5.2","9.5","1.4","0.0","0.0","1.6","9.1","8.6","4.9","11.89","12.67","0.0","58.4","51.8","61.2","1.1","0.3","4.4","0.0","0.0","0.0","5.2","10.4","2.2"
"20241123","서울","종로구","6.4","12.6","1.5","9.9","5.3","9.7","1.4","0.0","0.1","1.4","9.2","5.0","5.2","11.87","8.41","0.0","47.1","71.1","60.5","1.4","4.4","4.2","0.0","0.0","0.0","6.5","12.5","2.1"
"20241122","서울","종로구","6.2","10.6","3.3","9.5","5.3","9.6","1.4","0.0","0.0","1.1","9.2","6.5","5.3","12.57","10.28","0.0","48.0","68.1","60.0","0.0","4.0","4.1","0.0","0.0","0.0","7.4","5.8","2.1"
"20241121","서울","종로구","9.7","14.1","6.0","7.4","5.3","9.8","1.3","0.0","0.0","2.0","3.2","9.3","5.4","6.57","12.57","0.0","71.9","59.6","59.2","4.8","0.0","4.0","0.0","0.0","0.0","9.0","4.7","2.2"
"20241120","서울","종로구","6.5","9.6","2.4","6.2","5.3","9.7","1.3","0.0","0.0","2.2","0.3","9.3","5.5","3.75","12.93","0.0","65.8","58.4","58.1","7.6","0.0","3.9","0.0","0.0","0.0","4.5","5.1","2.2"
"20241119","서울","종로구","5.7","11.3","0.3","5.9","5.5","9.9","1.7","0.0","0.0","2.3","7.4","5.4","5.4","9.9","7.79","0.0","49.5","68.3","58.5","4.8","2.6","3.9","0.0","0.0","0.0","5.3","10.0","2.3"
"20241118","서울","종로구","2.8","7.9","-0.7","0.6","5.9","10.2","1.9","0.0","0.0","2.4","9.3","9.3","5.4","13.68","12.88","0.0","30.9","58.9","58.6","0.6","0.0","4.0","0.0","0.0","0.0","10.4","13.2","2.3"
"20241117","서울","종로구","7.0","14.4","2.1","1.6","6.2","10.5","2.4","0.0","0.0","2.3","4.1","5.0","5.4","8.47","7.42","0.0","47.6","59.3","58.2","5.0","4.3","4.0","0.0","0.0","0.0","10.0","11.7","2.3"
"20241116","서울","종로구","17.0","22.6","14.4","6.6","6.7","11.0","3.0","6.5","8.4","1.3","0.0","0.0","5.5","0.0","1.09","0.0","72.5","85.0","58.3","7.5","9.0","3.9","0.0","0.0","0.0","9.3","8.3","2.3"
"20241115","서울","종로구","17.0","21.5","13.7","7.0","7.4","11.7","3.7","0.0","0.0","1.3","5.5","6.9","5.1","9.84","10.47","0.0","65.1","71.4","59.4","6.8","4.0","4.2","0.0","0.0","0.0","5.4","7.1","2.2"
"20241114","서울","종로구","14.8","16.8","13.2","5.0","7.8","12.2","4.0","0.1","0.0","1.4","0.0","9.3","5.4","3.57","12.94","0.0","68.4","66.1","59.3","8.5","2.3","4.1","0.0","0.0","0.0","4.9","6.6","2.2"
"20241113","서울","종로구","14.2","21.3","8.3","2.0","8.3","12.7","4.6","0.0","0.0","1.6","8.6","9.5","5.3","12.26","14.18","0.0","62.9","54.0","60.0","2.4","0.0","4.1","0.0","0.0","0.0","7.5","7.3","2.3"
"20241112","서울","종로구","14.3","19.2","11.0","1.2","8.9","13.2","5.1","0.0","0.0","1.7","9.3","9.5","5.0","13.02","14.17","0.0","66.8","53.8","60.7","2.4","0.0","4.4","0.0","0.0","0.0","6.9","9.1","2.3"
"20241111","서울","종로구","14.6","21.8","9.7","1.7","9.2","13.6","5.4","0.0","0.0","1.9","9.3","7.0","5.1","12.95","10.9","0.0","64.5","47.9","60.6","1.8","1.9","4.4","0.0","0.0","0.0","5.0","6.7","2.3"
"20241110","서울","종로구","14.4","21.0","10.3","3.4","9.4","13.8","5.5","0.0","0.0","2.2","6.8","9.0","5.2","11.42","14.52","0.0","64.0","53.1","60.5","3.9","1.1","4.4","0.0","0.0","0.0","6.2","12.7","2.4"
"20241109","서울","종로구","12.9","20.3","6.8","11.4","9.8","14.2","5.9","0.0","5.1","2.4","8.9","2.1","4.9","13.18","6.78","0.0","55.8","73.1","61.2","2.0","5.6","4.6","0.0","0.0","0.0","3.6","10.4","2.4"
"20241108","서울","종로구","10.2","18.1","3.1","8.4","10.3","14.8","6.3","0.0","0.0","2.4","9.6","9.4","4.8","13.87","13.65","0.0","50.8","55.1","61.7","0.8","2.6","4.7","0.0","0.0","0.0","4.2","5.1","2.3"
"20241107","서울","종로구","7.8","15.7","1.6","5.8","10.7","15.4","6.5","0.0","0.0","2.4","9.7","8.4","5.0","14.42","14.34","0.0","48.1","62.5","62.3","0.0","1.6","4.5","0.0","0.0","0.0","4.7","16.5","2.2"
"20241106","서울","종로구","7.5","12.5","4.1","13.3","11.0","15.8","6.6","0.0","45.8","2.2","9.7","0.8","5.2","14.98","4.42","0.0","46.1","84.9","62.5","0.0","9.4","4.2","0.0","0.0","0.0","8.5","16.9","2.1"
"20241105","서울","종로구","9.1","14.7","5.6","17.3","11.2","16.2","6.6","0.0","10.4","1.4","8.8","0.0","5.5","13.47","3.75","0.0","49.8","87.0","61.9","2.8","9.1","3.9","0.0","0.0","0.0","7.9","10.6","2.0"
"20241104","서울","종로구","14.8","18.3","8.9","17.4","11.1","16.1","6.5","0.1","0.0","1.2","6.7","2.8","5.9","11.74","8.32","0.0","62.0","75.5","61.2","5.3","5.6","3.6","0.0","0.0","0.0","11.1","7.1","2.0"
"20241103","서울","종로구","17.6","23.5","13.0","19.5","10.8","15.9","6.2","0.0","8.5","1.0","8.2","1.2","6.2","13.13","6.1","0.0","71.1","83.3","60.2","2.5","7.9","3.4","0.0","0.0","0.0","8.5","9.0","2.0"
"20241102","서울","종로구","18.1","25.1","13.0","20.8","10.7","15.7","6.1","0.0","0.0","1.2","9.6","8.0","6.1","14.31","12.86","0.0","58.9","70.9","59.2","1.8","4.6","3.5","0.0","0.0","0.0","8.4","11.0","2.1"
"20241101","서울","종로구","15.3","18.7","12.9","19.0","10.6","15.7","6.1","0.0","0.0","1.2","0.1","0.0","6.3","5.83","2.23","0.0","70.8","81.8","58.1","9.8","9.0","3.5","0.0","0.0","0.0","5.0","8.0","2.1"
"20241031","서울","종로구","15.9","22.6","11.0","16.5","10.8","15.7","6.4","0.0","0.0","1.3","9.4","5.2","6.2","14.38","10.57","0.0","67.8","76.0","58.2","1.8","5.8","3.6","0.0","0.0","0.0","4.7","7.2","2.1"
"20241030","서울","종로구","15.7","21.4","11.4","15.1","11.1","16.1","6.7","0.0","0.0","1.4","9.6","9.3","6.2","14.75","13.71","0.0","71.3","72.0","58.4","1.3","1.1","3.7","0.0","0.0","0.0","6.6","5.3","2.1"
"20241029","서울","종로구","15.0","18.3","13.4","14.9","11.4","16.5","6.9","0.0","0.0","1.5","0.2","9.7","6.4","6.22","15.3","0.0","64.6","61.6","58.3","6.0","0.0","3.4","0.0","0.0","0.0","7.5","5.8","2.0"
"20241028","서울","종로구","15.7","20.4","12.3","14.2","11.7","16.8","7.3","0.0","0.0","1.2","1.9","9.7","6.7","8.92","15.3","0.0","75.9","62.9","58.4","8.3","0.0","3.1","0.0","0.0","0.0","7.9","5.0","2.0"
"20241027","서울","종로구","16.0","18.8","14.0","15.7","12.2","17.2","7.8","0.0","0.0","1.5","0.2","4.6","6.5","5.27","10.07","0.0","79.4","71.1","59.9","8.3","3.8","3.2","0.0","0.0","0.0","4.7","6.1","2.1"
"20241026","서울","종로구","17.0","24.0","10.7","17.2","12.7","17.7","8.3","0.0","0.0","1.9","9.7","0.8","6.6","16.04","5.79","0.0","68.3","79.4","60.7","2.8","8.9","3.2","0.0","0.0","0.0","6.2","8.7","2.1"
"20241025","서울","종로구","14.9","21.5","8.7","16.6","13.0","18.0","8.6","0.0","0.0","1.9","7.9","6.0","6.6","14.88","11.4","0.0","64.1","78.6","60.8","4.0","4.0","3.2","0.0","0.0","0.0","5.1","4.4","2.1"
"20241024","서울","종로구","12.5","18.4","7.1","15.6","13.3","18.4","9.1","0.0","0.0","1.9","9.9","3.7","6.3","16.03","9.34","0.0","71.4","78.5","61.0","0.0","5.0","3.5","0.0","0.0","0.0","8.1","5.8","2.1"
"20241023","서울","종로구","12.7","15.5","9.4","15.2","13.9","18.9","9.5","2.3","0.0","2.2","2.9","6.5","6.3","9.76","12.64","0.0","75.3","73.8","61.7","5.9","3.8","3.6","0.0","0.0","0.0","13.3","5.9","2.1"
"20241022","서울","종로구","15.5","16.6","14.9","12.5","14.2","19.5","9.8","20.6","0.0","1.9","0.0","8.6","6.4","1.27","14.58","0.0","90.8","67.3","61.9","10.0","4.3","3.6","0.0","0.0","0.0","9.0","6.9","2.0"
"20241021","서울","종로구","14.8","19.3","9.7","10.4","14.5","19.8","10.0","0.0","1.1","1.4","1.1","8.6","6.5","8.92","16.7","0.0","66.4","54.8","61.6","8.6","1.1","3.4","0.0","0.0","0.0","8.2","9.9","2.0"
"20241020","서울","종로구","13.4","17.8","10.5","11.6","14.7","20.1","10.1","0.0","0.0","1.2","10.0","10.1","6.7","17.47","17.9","0.0","56.0","46.9","61.6","1.4","1.3","3.3","0.0","0.0","0.0","11.1","12.1","1.9"
"20241019","서울","종로구","16.6","21.1","12.4","17.0","14.8","20.2","10.2","1.0","8.2","1.0","2.1","0.0","6.9","8.19","2.88","0.0","75.0","82.5","62.0","6.6","9.5","3.1","0.0","0.0","0.0","13.6","6.4","1.9"
"20241018","서울","종로구","17.4","18.8","16.2","15.7","14.8","20.2","10.2","47.1","0.0","1.2","0.0","8.3","6.9","1.54","14.37","0.0","86.1","67.0","61.9","9.6","4.0","3.2","0.0","0.0","0.0","8.7","8.1","1.9"
"20241017","서울","종로구","19.0","25.7","13.8","13.8","14.8","20.1","10.2","0.0","0.0","1.3","7.5","10.4","6.8","14.7","17.85","0.0","70.4","55.6","61.8","4.4","0.0","3.3","0.0","0.0","0.0","5.0","5.1","1.9"
"20241016","서울","종로구","18.2","24.2","14.4","14.7","14.9","20.2","10.4","0.0","0.0","1.3","6.8","10.4","6.9","13.84","18.0","0.0","76.9","57.0","61.6","2.8","0.0","3.4","0.0","0.0","0.0","4.8","6.3","1.9"
"20241015","서울","종로구","19.2","21.9","17.6","16.1","15.1","20.4","10.5","0.5","0.0","1.6","0.0","6.1","6.9","4.59","13.73","0.0","85.0","80.0","61.4","7.3","2.0","3.6","0.0","0.0","0.0","6.0","8.2","2.0"
"20241014","서울","종로구","19.3","21.5","17.6","14.7","15.4","20.7","10.8","0.0","5.8","1.9","0.0","2.5","6.9","4.71","6.54","0.0","70.3","84.9","61.0","9.4","5.5","3.7","0.0","0.0","0.0","4.9","4.8","2.0"
"20241013","서울","종로구","18.3","22.6","12.6","17.5","15.7","21.0","11.1","0.0","0.0","1.7","4.7","2.5","7.0","11.43","9.14","0.0","67.0","69.6","61.1","6.4","7.6","3.7","0.0","0.0","0.0","6.7","4.8","2.0"
"20241012","서울","종로구","18.3","24.7","13.4","17.5","16.1","21.3","11.6","0.0","0.0","1.8","10.4","7.3","6.9","18.19","14.4","0.0","60.6","62.4","61.7","0.0","4.1","3.9","0.0","0.0","0.0","4.8","4.6","2.0"
"20241011","서울","종로구","18.6","24.4","13.9","17.6","16.5","21.7","12.0","0.0","0.0","1.9","9.5","10.0","6.8","16.05","17.49","0.0","68.8","57.5","62.0","0.6","0.5","4.0","0.0","0.0","0.0","6.9","6.1","1.9"
"20241010","서울","종로구","18.8","24.1","15.3","17.1","16.8","21.9","12.3","0.0","0.0","1.6","6.3","10.6","7.0","13.91","18.62","0.0","66.3","67.1","62.5","4.5","0.0","3.9","0.0","0.0","0.0","5.1","6.3","1.9"
"20241009","서울","종로구","18.8","24.4","13.9","17.4","17.1","22.2","12.6","0.0","1.2","1.4","8.1","4.2","6.9","16.61","11.77","0.0","64.1","68.1","63.3","4.8","6.0","3.9","0.0","0.0","0.0","6.6","7.7","1.9"
"20241008","서울","종로구","17.7","23.9","12.7","17.1","17.3","22.4","12.8","0.0","0.0","1.6","6.8","0.0","7.0","14.54","5.92","0.0","73.9","67.1","63.1","1.3","8.4","3.9","0.0","0.0","0.0","6.6","6.6","1.9"
"20241007","서울","종로구","16.9","20.7","14.0","16.8","17.3","22.6","12.8","0.0","0.0","1.5","1.8","5.2","7.3","9.33","13.16","0.0","73.9","62.6","62.4","6.6","7.8","3.7","0.0","0.0","0.0","5.1","6.0","1.9"
"20241006","서울","종로구","15.4","17.9","12.3","15.5","17.4","22.6","12.8","0.0","0.0","1.4","0.0","8.8","7.3","3.65","17.92","0.0","73.5","55.3","62.3","8.9","5.6","3.9","0.0","0.0","0.0","4.7","6.1","2.0"
"20241005","서울","종로구","17.5","24.4","11.6","14.2","17.4","22.6","13.1","0.0","0.0","1.8","9.7","10.6","7.0","17.31","19.99","0.0","60.4","46.1","62.7","3.6","2.3","4.2","0.0","0.0","0.0","4.9","7.8","2.0"
"20241004","서울","종로구","17.6","24.2","11.9","17.3","17.6","22.6","13.2","0.0","14.7","2.0","10.9","5.3","6.9","20.32","12.11","0.0","60.0","75.5","63.5","0.0","5.8","4.3","0.0","0.0","0.0","6.0","11.3","2.0"
"20241003","서울","종로구","16.4","22.5","10.8","17.5","17.8","22.7","13.5","0.0","0.0","2.1","7.3","3.0","6.4","15.9","9.4","0.0","59.0","66.3","64.8","2.0","4.9","4.5","0.0","0.0","0.0","7.9","5.0","2.0"
"20241002","서울","종로구","14.9","19.9","11.6","18.2","18.0","22.9","13.9","0.0","0.0","3.1","9.5","10.3","6.3","20.66","19.93","0.0","48.8","53.8","65.9","2.0","2.0","4.6","0.0","0.0","0.0","8.3","8.5","2.0"
"20241001","서울","종로구","18.3","21.7","13.3","18.4","18.4","23.1","14.3","2.5","0.0","3.8","2.2","10.4","6.0","7.73","20.05","0.0","67.5","59.5","66.6","5.9","0.1","4.6","0.0","0.0","0.0","10.0","8.5","1.9"
"20240930","서울","종로구","23.0","28.5","18.3","19.7","18.7","23.3","14.7","0.0","4.5","3.7","8.0","1.6","5.7","16.77","7.45","0.0","63.0","77.0","66.3","4.5","6.1","4.8","0.0","0.0","0.0","7.5","9.9","1.9"
"20240929","서울","종로구","23.5","29.0","19.1","21.1","19.1","23.8","15.0","0.0","0.0","3.6","7.3","5.5","5.7","18.06","16.39","0.0","61.5","61.5","65.3","1.5","7.1","4.8","0.0","0.0","0.0","7.4","6.4","1.8"
"20240928","서울","종로구","23.2","27.9","19.2","22.7","19.4","24.1","15.3","0.0","0.0","3.3","8.2","8.4","6.0","18.07","17.06","0.0","59.3","78.3","64.1","3.1","5.0","4.7","0.0","0.0","0.0","9.7","7.2","1.8"
"20240927","서울","종로구","22.7","28.0","19.1","21.5","19.7","24.5","15.5","0.0","4.4","2.1","7.9","0.1","6.1","16.45","6.65","0.0","72.8","90.1","63.5","2.6","9.1","4.7","0.0","0.0","0.0","9.5","5.6","1.8"
"20240926","서울","종로구","23.6","28.0","21.1","19.9","20.0","24.8","15.8","1.2","27.8","2.1","5.9","0.0","6.2","14.01","2.33","0.0","75.1","95.8","63.9","4.8","10.0","4.7","0.0","0.0","0.0","6.5","5.7","1.8"
"20240925","서울","종로구","23.3","27.3","18.6","21.6","20.2","25.2","15.9","0.0","1.9","1.8","6.1","1.3","6.7","13.51","11.15","0.0","65.6","66.4","63.7","5.8","9.6","4.4","0.0","0.0","0.0","5.8","6.2","1.8"
"20240924","서울","종로구","21.0","26.9","15.6","21.8","20.2","25.2","15.9","0.0","0.0","1.5","11.1","9.0","6.9","22.03","19.16","0.0","57.9","56.4","63.5","1.0","5.4","4.2","0.0","0.0","0.0","6.1","8.4","1.9"
"20240923","서울","종로구","20.8","26.1","16.6","21.8","20.1","25.1","15.9","0.0","0.0","4.1","11.4","10.9","6.7","22.31","19.69","0.0","58.3","63.9","64.2","0.8","4.6","4.3","0.0","0.0","0.0","9.7","9.4","1.9"
"20240922","서울","종로구","21.0","26.7","16.9","20.5","20.2","25.1","16.1","0.0","0.0","5.3","7.2","10.4","6.5","19.34","20.37","0.0","67.4","68.4","64.4","4.5","2.0","4.6","0.0","0.0","0.0","9.4","5.6","1.9"
"20240921","서울","종로구","19.3","21.9","17.1","20.1","20.4","25.3","16.2","27.0","0.0","5.8","0.0","2.4","6.5","6.31","13.28","0.0","82.3","70.9","63.8","8.5","7.1","4.6","0.0","0.0","0.0","12.2","10.6","2.0"
"20240920","서울","종로구","25.0","28.6","17.9","20.6","20.7","25.5","16.5","54.5","35.8","6.9","0.1","0.0","6.5","3.58","2.53","0.0","89.8","90.4","63.9","10.0","9.4","4.7","0.0","0.0","0.0","12.4","9.9","2.0"
"20240919","서울","종로구","29.1","32.6","25.6","24.1","21.0","25.8","16.9","0.0","0.0","8.0","1.4","1.3","6.3","11.47","8.98","0.0","77.4","81.1","64.3","8.5","8.6","4.9","0.0","0.0","0.0","4.8","5.5","2.0"
"20240918","서울","종로구","29.4","33.6","26.5","24.7","21.4","26.2","17.3","0.7","0.0","5.8","6.5","4.9","6.3","17.53","13.83","0.0","76.8","79.1","64.0","7.0","3.8","5.0","0.0","0.0","0.0","6.5","7.7","2.1"
"20240917","서울","종로구","28.6","33.2","25.8","24.7","21.8","26.5","17.6","0.0","3.0","5.0","3.5","3.3","6.5","14.62","12.49","0.0","77.0","84.8","64.1","7.4","8.0","4.9","0.0","0.0","0.0","8.0","5.5","2.1"
"20240916","서울","종로구","26.8","32.2","21.3","23.9","21.9","26.6","17.9","9.5","38.7","4.3","6.2","0.1","6.3","17.09","6.3","0.0","74.0","87.8","64.9","5.6","9.9","5.1","0.0","0.0","0.0","9.3","4.5","2.0"
"20240915","서울","종로구","27.5","32.4","24.2","22.3","22.0","26.6","18.1","0.0","2.1","4.4","8.2","0.1","6.1","18.89","5.35","0.0","73.6","82.3","65.9","3.1","9.8","5.1","0.0","0.0","0.0","10.2","7.6","1.9"
"20240914","서울","종로구","28.0","32.2","25.2","23.4","22.0","26.5","18.2","0.0","0.0","3.7","5.1","4.2","5.7","14.61","13.7","0.0","80.3","72.4","67.0","4.8","7.6","5.4","0.0","0.0","0.0","5.7","9.3","1.9"
"20240913","서울","종로구","25.9","28.0","24.2","22.1","22.1","26.4","18.4","7.6","15.9","4.3","0.0","0.0","5.5","4.86","3.35","0.0","91.4","84.5","68.1","10.0","9.9","5.7","0.0","0.0","0.0","9.6","7.7","1.9"
"20240912","서울","종로구","25.4","27.1","24.8","25.7","22.2","26.5","18.5","32.7","0.0","4.9","0.0","3.5","5.3","3.78","12.52","0.0","91.5","69.8","68.8","9.8","7.4","5.7","0.0","0.0","0.0","5.1","5.4","1.9"
"20240911","서울","종로구","29.0","34.6","25.4","25.5","22.3","26.6","18.6","0.4","0.0","5.5","5.2","5.1","5.3","12.49","14.79","0.0","71.5","67.3","69.3","5.5","6.5","5.7","0.0","0.0","0.0","7.4","5.8","1.9"
"20240910","서울","종로구","29.4","33.9","25.6","25.7","22.5","26.8","18.9","0.0","0.0","4.6","9.0","5.7","5.5","17.2","14.57","0.0","67.3","68.1","68.8","1.3","6.1","5.8","0.0","0.0","0.0","6.3","6.2","1.9"
"20240909","서울","종로구","28.5","34.1","24.1","25.8","22.8","27.1","19.0","0.0","0.0","4.8","6.0","10.9","5.9","16.38","22.64","0.0","69.0","66.3","68.5","3.6","3.3","5.6","0.0","0.0","0.0","5.5","6.3","2.0"
"20240908","서울","종로구","27.2","32.8","22.6","25.3","22.9","27.4","19.1","0.0","0.0","4.3","9.1","12.0","6.0","20.01","24.13","0.0","69.6","60.3","68.4","2.0","0.4","5.5","0.0","0.0","0.0","6.5","7.1","2.0"
"20240907","서울","종로구","26.5","31.3","22.8","26.3","23.0","27.3","19.3","0.0","0.0","5.4","7.6","12.1","5.8","18.81","24.56","0.0","68.9","54.8","68.7","4.0","0.0","5.7","0.0","0.0","0.0","6.2","8.0","2.0"
"20240906","서울","종로구","24.0","25.7","23.3","27.9","23.2","27.6","19.5","0.7","0.0","5.1","0.0","11.3","5.8","4.41","22.64","0.0","79.3","65.1","68.3","10.0","1.1","5.6","0.0","0.0","0.0","7.6","8.2","2.0"
"20240905","서울","종로구","26.3","28.8","25.6","28.5","23.3","27.6","19.7","6.9","0.0","6.0","0.9","7.0","5.5","6.91","19.14","0.0","79.1","69.5","69.3","8.8","6.4","5.7","0.0","0.0","0.0","9.9","6.3","2.0"
"20240904","서울","종로구","27.9","33.3","23.2","27.0","23.6","27.8","20.0","0.0","0.3","6.4","10.6","0.7","5.3","22.99","10.24","0.0","61.4","79.9","69.7","3.0","9.1","5.8","0.0","0.0","0.0","6.1","5.5","2.0"
"20240903","서울","종로구","27.0","32.0","23.2","25.8","23.9","28.1","20.3","0.0","0.1","6.5","7.4","1.9","5.5","20.85","12.19","0.0","54.5","77.8","69.9","2.6","8.1","5.8","0.0","0.0","0.0","8.5","5.9","2.1"
"20240902","서울","종로구","24.5","26.9","22.2","25.4","24.1","28.5","20.5","2.7","0.0","5.1","0.1","11.3","5.8","5.82","23.72","0.0","73.6","63.9","69.9","8.0","4.6","5.6","0.0","0.0","0.0","8.6","5.6","2.1"
"20240901","서울","종로구","27.1","31.6","24.6","24.5","24.2","28.5","20.7","0.0","0.0","5.5","6.9","12.1","5.6","20.05","24.59","0.0","64.9","70.6","70.7","4.5","0.5","5.7","0.0","0.0","0.0","7.5","6.4","2.1"
"20240831","서울","종로구","27.6","33.0","22.6","23.9","24.4","28.6","20.8","0.0","0.0","6.1","12.0","7.0","5.5","24.15","18.53","0.0","65.6","76.9","71.0","1.8","6.0","5.8","0.0","0.0","0.0","6.3","5.8","2.1"
"20240830","서울","종로구","28.0","32.9","23.7","22.8","24.4","28.6","20.9","0.0","3.5","7.1","12.0","0.0","5.5","24.53","4.42","0.0","64.0","88.0","71.6","0.9","9.8","5.9","0.0","0.0","0.0","8.1","3.5","2.1"
"20240829","서울","종로구","28.4","33.5","23.4","23.9","24.4","28.4","21.0","0.0","54.8","10.3","12.0","0.0","5.2","24.86","2.87","0.0","61.0","89.6","72.5","0.6","9.4","6.1","0.0","0.0","0.0","9.0","9.6","2.1"
"20240828","서울","종로구","28.2","33.2","23.0","22.7","24.4","28.5","21.1","0.0","10.4","11.5","11.5","0.0","5.0","23.98","3.99","0.0","62.1","87.5","72.8","0.4","10.0","6.3","0.0","0.0","0.0","7.4","9.4","2.1"
"20240827","서울","종로구","26.5","30.3","24.6","26.1","24.5","28.4","21.2","0.3","0.0","13.1","3.7","1.2","4.9","10.04","12.0","0.0","69.8","75.0","73.3","6.1","8.9","6.4","0.0","0.0","0.0","6.2","5.4","2.1"
"20240826","서울","종로구","28.1","30.6","25.6","26.4","24.6","28.5","21.4","0.0","0.0","14.1","0.3","7.3","4.8","8.21","19.84","0.0","77.8","72.3","72.9","8.0","6.4","6.5","0.0","0.0","0.0","5.0","6.8","2.1"
"20240825","서울","종로구","28.5","32.7","24.9","26.5","24.8","28.6","21.6","0.0","0.0","14.2","5.1","8.3","4.8","15.82","20.42","0.0","76.6","77.9","72.8","3.4","5.0","6.6","0.0","0.0","0.0","6.7","8.3","2.1"
"20240824","서울","종로구","27.6","30.9","25.1","25.1","25.0","28.9","21.7","2.0","5.2","11.3","2.4","1.5","5.0","12.04","12.56","0.0","78.8","84.8","72.2","3.8","9.0","6.5","0.0","0.0","0.0","6.3","7.5","2.1"
"20240823","서울","종로구","28.4","31.8","26.4","24.8","25.2","29.1","22.0","0.0","41.8","11.1","5.6","0.1","4.9","17.48","3.33","0.0","73.5","91.3","72.2","5.3","9.6","6.5","0.0","0.0","0.0","10.2","7.6","2.2"
"20240822","서울","종로구","28.6","30.3","27.1","27.6","25.4","29.4","22.2","0.6","42.6","11.5","1.8","1.3","5.0","7.27","10.5","0.0","79.9","80.3","71.9","8.8","9.0","6.4","0.0","0.0","0.0","13.9","11.7","2.2"
"20240821","서울","종로구","28.4","30.8","26.9","29.5","25.6","29.6","22.4","42.2","0.0","10.7","0.0","6.4","4.9","4.68","19.04","0.0","85.9","69.8","72.3","9.5","6.6","6.4","0.0","0.0","0.0","11.7","10.1","2.2"
"20240820","서울","종로구","31.4","35.4","27.0","28.3","25.8","29.8","22.6","0.0","0.0","9.3","7.7","3.6","4.9","19.09","15.87","0.0","68.3","71.8","72.6","6.1","7.3","6.5","0.0","0.0","0.0","8.2","6.1","2.1"
"20240819","서울","종로구","29.7","35.3","26.3","29.1","25.9","29.9","22.8","2.3","0.0","8.9","7.1","9.1","4.8","20.08","21.24","0.0","72.3","68.9","73.0","2.5","3.9","6.4","0.0","0.0","0.0","10.5","7.0","2.1"
"20240818","서울","종로구","29.5","33.9","27.0","29.1","26.1","30.0","23.0","0.0","0.1","7.7","6.4","7.3","4.7","17.64","19.56","0.0","73.8","72.1","73.4","5.5","3.1","6.4","0.0","0.0","0.0","7.6","6.6","2.1"
"20240817","서울","종로구","29.8","34.0","27.2","28.2","26.2","30.1","23.1","11.0","0.0","8.0","5.3","6.2","4.7","14.73","18.24","0.0","71.0","73.0","73.9","4.8","4.6","6.5","0.0","0.0","0.0","9.4","6.4","2.0"
"20240816","서울","종로구","29.8","34.3","26.8","27.3","26.5","30.4","23.5","0.0","0.3","7.4","6.7","3.7","5.0","17.24","15.46","0.0","69.4","72.0","73.9","3.0","4.5","6.4","0.0","0.0","0.0","7.6","6.5","2.0"
"20240815","서울","종로구","29.2","34.6","26.7","28.6","26.6","30.5","23.6","6.4","0.0","8.1","4.1","7.7","5.0","15.98","21.84","0.0","74.6","71.4","74.0","5.4","6.5","6.3","0.0","0.0","0.0","13.0","7.1","2.0"
"20240814","서울","종로구","30.0","34.9","27.3","28.1","26.7","30.5","23.6","3.0","0.0","9.5","4.7","3.9","5.1","12.59","13.71","0.0","73.0","75.4","74.4","5.6","4.0","6.4","0.0","0.0","0.0","11.9","6.4","2.0"
"20240813","서울","종로구","31.3","36.4","28.1","27.0","26.8","30.7","23.7","0.0","0.0","10.8","7.5","2.7","5.3","20.81","17.49","0.0","70.0","76.9","74.2","4.9","8.3","6.4","0.0","0.0","0.0","7.9","5.6","2.0"
"20240812","서울","종로구","31.1","34.1","28.2","23.3","26.9","30.8","23.8","0.0","1.5","9.6","4.1","0.1","5.2","13.51","4.19","0.0","70.5","91.0","74.0","4.1","8.9","6.4","0.0","0.0","0.0","6.4","5.4","2.0"
"20240811","서울","종로구","30.8","34.4","27.8","23.5","26.9","30.9","23.8","0.0","46.7","9.2","4.4","0.0","5.2","17.14","3.94","0.0","67.8","93.1","73.7","6.3","10.0","6.4","0.0","0.0","0.0","6.7","13.0","2.0"
"20240810","서울","종로구","30.0","33.6","26.4","22.2","26.9","30.9","23.8","0.0","86.1","11.3","4.3","0.0","5.2","15.76","2.42","0.0","70.8","91.9","73.9","6.8","10.0","6.5","0.0","0.0","0.0","6.6","18.1","2.1"
"20240809","서울","종로구","29.3","33.6","25.6","28.3","27.0","30.9","23.9","0.0","0.2","13.4","6.0","3.3","5.0","15.55","13.66","0.0","74.1","67.6","74.0","2.8","8.0","6.6","0.0","0.0","0.0","5.7","10.6","2.1"
"20240808","서울","종로구","28.5","31.6","26.9","30.9","27.0","30.9","24.0","0.0","0.0","14.6","2.4","11.0","5.0","10.94","23.96","0.0","77.5","60.5","74.2","7.4","2.4","6.6","0.0","0.0","0.0","5.9","7.8","2.1"
"20240807","서울","종로구","29.6","33.4","27.2","30.4","27.2","31.1","24.1","3.4","0.0","13.2","7.6","5.8","5.3","20.7","15.83","0.0","72.0","68.4","73.9","4.8","4.4","6.4","0.0","0.0","0.0","6.1","8.1","2.1"
"20240806","서울","종로구","29.5","33.5","25.6","29.8","27.1","31.0","24.0","0.0","4.9","15.9","6.2","3.8","5.3","18.84","12.95","0.0","74.8","76.5","74.4","5.4","5.8","6.4","0.0","0.0","0.0","7.3","11.9","2.1"
"20240805","서울","종로구","30.0","33.7","26.9","30.3","27.1","31.0","24.1","1.3","0.0","14.5","3.4","12.7","5.4","12.92","27.31","0.0","75.5","69.0","74.4","7.1","2.8","6.3","0.0","0.0","0.0","7.5","7.0","2.2"
"20240804","서울","종로구","31.8","36.2","27.3","30.0","27.2","31.1","24.2","0.0","0.0","13.6","10.9","9.6","5.3","24.4","23.13","0.0","69.3","67.6","74.4","2.5","4.3","6.3","0.0","0.0","0.0","6.9","7.3","2.2"
"20240803","서울","종로구","30.2","34.2","27.2","29.5","27.3","31.1","24.2","0.0","0.0","13.1","7.8","11.0","5.1","21.64","25.4","0.0","75.0","67.0","74.9","4.4","3.9","6.5","0.0","0.0","0.0","7.2","6.5","2.2"
"20240802","서울","종로구","29.6","32.5","28.2","29.7","27.1","30.9","24.3","0.0","0.0","14.1","2.4","11.2","4.7","10.36","24.81","0.0","79.4","67.8","75.6","7.9","4.0","6.7","0.0","0.0","0.0","7.1","7.9","2.2"
"20240801","서울","종로구","29.9","33.2","27.3","29.9","27.1","30.9","24.3","0.3","0.0","11.4","3.6","10.3","4.4","14.95","21.25","0.0","75.5","71.6","75.8","6.8","4.1","6.8","0.0","0.0","0.0","7.1","5.5","2.3"
"20240731","서울","종로구","29.4","33.3","27.0","28.7","27.1","30.7","24.3","0.0","0.3","11.5","4.7","6.5","4.1","17.42","20.26","0.0","74.5","76.3","76.3","7.3","6.4","7.0","0.0","0.0","0.0","7.1","6.4","2.2"
"20240730","서울","종로구","28.6","31.9","26.3","28.8","27.0","30.5","24.2","0.0","25.0","11.8","3.6","9.1","4.1","15.95","21.99","0.0","78.8","72.5","76.6","7.4","4.8","7.1","0.0","0.0","0.0","9.4","9.0","2.2"
"20240729","서울","종로구","27.4","27.8","26.8","29.1","26.8","30.3","24.0","0.0","0.0","13.4","0.0","6.8","4.0","2.61","18.5","0.0","84.0","72.1","76.5","8.9","4.4","7.2","0.0","0.0","0.0","11.2","8.3","2.1"
"20240728","서울","종로구","29.2","32.2","27.3","29.5","26.7","30.2","23.8","0.0","0.0","15.0","5.1","9.5","4.2","18.33","23.36","0.0","76.0","72.4","75.9","8.3","3.3","7.1","0.0","0.0","0.0","12.6","7.7","2.2"
"20240727","서울","종로구","28.9","31.7","27.5","28.4","26.5","30.1","23.6","33.5","0.0","16.9","1.7","6.8","4.1","12.73","18.25","0.0","83.6","78.1","76.1","8.4","5.9","7.1","0.0","0.0","0.0","10.2","5.7","2.2"
"20240726","서울","종로구","28.7","32.7","25.2","27.6","26.3","29.8","23.5","5.5","1.0","16.4","6.7","3.0","3.8","18.29","15.79","0.0","81.9","80.9","76.3","8.0","7.6","7.3","0.0","0.0","0.0","10.4","8.4","2.3"
"20240725","서울","종로구","28.8","32.2","25.4","27.8","26.2","29.8","23.4","25.3","5.6","16.0","2.4","3.5","3.8","14.15","16.84","0.0","79.8","80.5","76.0","8.6","7.1","7.4","0.0","0.0","0.0","11.2","10.1","2.3"
"20240724","서울","종로구","28.1","30.9","26.0","26.9","26.2","29.8","23.3","14.7","0.4","15.1","3.0","3.2","3.9","15.31","14.08","0.0","85.0","83.1","76.4","7.6","7.3","7.3","0.0","0.0","0.0","9.8","6.4","2.4"
"20240723","서울","종로구","26.4","27.3","25.8","25.2","26.2","29.7","23.4","2.0","40.2","12.7","0.0","0.0","3.6","4.92","2.37","0.0","87.9","94.3","76.9","9.6","10.0","7.4","0.0","0.0","0.0","13.2","9.6","2.4"
"20240722","서울","종로구","26.6","27.9","24.3","27.7","26.1","29.7","23.2","79.9","12.3","11.3","0.0","6.4","3.8","4.09","17.66","0.0","89.0","73.9","76.7","9.9","6.6","7.3","0.0","0.0","0.0","16.4","11.5","2.4"
"20240721","서울","종로구","26.5","29.8","22.5","29.5","26.0","29.7","23.0","8.5","0.0","12.4","1.5","10.2","4.0","11.48","23.64","0.0","83.6","69.6","76.7","9.3","2.3","7.2","0.0","0.0","0.0","17.6","6.3","2.4"
"20240720","서울","종로구","27.2","30.6","25.1","27.9","25.9","29.7","22.8","14.9","0.0","10.2","1.9","9.9","4.2","13.42","24.17","0.0","80.4","74.0","76.3","9.0","2.9","7.0","0.0","0.0","0.0","12.5","5.6","2.4"
"20240719","서울","종로구","27.0","30.8","24.2","27.2","25.6","29.3","22.5","0.1","0.0","9.4","6.4","11.5","4.0","21.69","26.41","0.0","80.1","78.8","76.5","7.9","2.3","7.1","0.0","0.0","0.0","8.0","6.7","2.3"
"20240718","서울","종로구","24.3","25.6","23.1","25.2","25.2","29.0","22.1","128.8","2.3","13.0","0.0","2.0","4.0","2.47","7.94","0.0","95.3","87.9","77.1","10.0","8.0","7.2","0.0","0.0","0.0","13.9","5.1","2.3"
"20240717","서울","종로구","25.4","28.1","24.1","25.5","24.9","28.6","22.0","98.8","1.4","16.3","0.1","0.4","3.7","3.48","10.78","0.0","91.6","86.1","77.6","9.8","9.0","7.4","0.0","0.0","0.0","11.9","7.5","2.3"
"20240716","서울","종로구","27.0","30.7","24.6","24.6","24.8","28.5","22.0","17.0","9.7","15.1","4.2","0.0","3.6","12.32","5.31","0.0","78.4","89.5","77.4","7.8","9.3","7.5","0.0","0.0","0.0","8.6","9.2","2.3"
"20240715","서울","종로구","28.4","31.3","24.5","24.5","24.7","28.3","21.9","0.0","2.3","17.4","6.3","0.0","3.5","18.13","3.16","0.0","64.6","93.5","77.9","5.1","9.9","7.7","0.0","0.0","0.0","7.7","11.8","2.4"
"20240714","서울","종로구","28.4","32.1","24.9","24.6","24.7","28.3","21.9","0.4","72.7","19.2","7.6","0.0","3.4","22.34","1.52","0.0","65.9","99.1","77.8","4.8","10.0","7.8","0.0","0.0","0.0","8.7","11.0","2.4"
"20240713","서울","종로구","28.1","33.3","23.5","25.2","24.8","28.3","21.9","0.0","91.6","16.6","9.9","0.0","3.4","23.54","2.63","0.0","70.0","95.0","77.2","2.1","10.0","7.8","0.0","0.0","0.0","7.5","7.2","2.3"
"20240712","서울","종로구","25.6","30.2","21.8","25.8","24.8","28.3","21.8","0.0","0.7","14.8","3.7","1.2","3.5","13.33","12.34","0.0","79.5","86.4","76.7","4.4","9.4","7.7","0.0","0.0","0.0","5.0","5.3","2.3"
"20240711","서울","종로구","25.7","28.9","23.3","23.5","24.7","28.3","21.6","0.0","58.3","15.8","5.9","0.0","3.6","21.74","2.21","0.0","79.6","92.4","76.3","5.1","9.4","7.5","0.0","0.0","0.0","6.4","8.6","2.3"
"20240710","서울","종로구","26.6","31.1","22.7","26.3","24.7","28.4","21.5","1.4","11.5","13.9","7.1","5.9","3.8","20.04","18.41","0.0","77.1","80.4","75.2","6.3","7.3","7.4","0.0","0.0","0.0","8.9","16.8","2.2"
"20240709","서울","종로구","24.5","26.7","22.7","24.7","24.7","28.6","21.5","0.3","47.5","10.7","0.1","1.1","4.3","7.77","8.07","0.0","86.9","86.4","73.9","9.5","8.8","7.1","0.0","0.0","0.0","8.2","12.6","2.2"
"20240708","서울","종로구","23.8","24.5","23.1","25.6","24.8","28.8","21.5","21.1","0.0","10.3","0.0","1.6","4.6","3.36","13.93","0.0","93.4","76.5","73.1","9.8","7.6","6.9","0.0","0.0","0.0","6.8","6.9","2.2"
"20240707","서울","종로구","24.4","28.2","21.5","26.7","24.7","28.9","21.3","28.7","0.0","9.6","0.6","8.7","5.1","11.09","23.96","0.0","85.1","64.9","72.7","8.8","4.1","6.7","0.0","0.0","0.0","7.3","11.9","2.1"
"20240706","서울","종로구","25.1","30.0","22.1","27.3","24.7","28.9","21.3","2.8","0.0","8.0","0.1","8.8","5.2","6.84","25.47","0.0","84.1","70.9","72.7","9.8","6.3","6.7","0.0","0.0","0.0","13.8","11.6","2.2"
"20240705","서울","종로구","23.4","26.1","21.3","24.5","24.5","28.6","21.2","4.1","15.3","8.7","1.4","4.5","5.0","11.25","19.96","0.0","80.5","82.6","73.8","9.1","5.9","6.8","0.0","0.0","0.0","16.2","14.5","2.2"
"20240704","서울","종로구","26.8","30.6","23.2","26.1","24.4","28.3","21.1","3.6","61.8","11.5","3.4","0.0","4.6","18.81","6.08","0.0","74.8","86.8","75.7","8.6","9.8","7.0","0.0","0.0","0.0","13.3","9.6","2.1"
"20240703","서울","종로구","24.7","25.9","23.6","29.1","24.1","28.0","21.0","0.8","0.0","13.4","0.6","8.8","4.2","8.91","25.34","0.0","80.3","72.0","77.0","9.0","4.9","7.3","0.0","0.0","0.0","12.9","6.0","2.2"
"20240702","서울","종로구","23.2","25.2","21.9","26.7","23.9","27.7","21.0","65.1","0.0","13.7","0.0","4.3","3.6","1.93","19.16","0.0","90.0","79.5","77.8","9.9","6.6","7.6","0.0","0.0","0.0","10.1","5.7","2.2"
"20240701","서울","종로구","26.3","31.3","22.0","27.7","23.8","27.5","20.8","0.0","0.0","15.1","8.3","12.4","3.5","24.69","29.21","0.0","69.1","76.9","77.8","5.5","1.4","7.7","0.0","0.0","0.0","5.2","7.1","2.2"
"20240630","서울","종로구","23.5","24.9","22.0","25.3","23.8","27.8","20.7","32.2","1.0","13.4","0.0","1.4","3.9","3.89","10.02","0.0","88.5","89.8","76.5","8.5","7.4","7.5","0.0","0.0","0.0","13.6","5.9","2.2"
"20240629","서울","종로구","26.7","32.3","21.6","24.2","23.7","27.8","20.5","38.3","63.8","10.5","6.9","0.0","4.2","20.46","2.31","0.0","65.1","95.4","75.1","6.6","10.0","7.3","0.0","0.0","0.0","13.0","10.3","2.3"
"20240628","서울","종로구","26.6","32.5","21.3","26.5","23.7","27.9","20.3","0.0","0.0","9.3","13.2","3.8","4.6","28.84","18.56","0.0","54.6","77.4","73.8","2.0","8.1","7.1","0.0","0.0","0.0","7.5","6.8","2.3"
"20240627","서울","종로구","26.3","31.6","20.6","25.3","23.6","27.9","20.2","0.0","2.5","8.2","9.3","6.8","5.0","23.84","20.95","0.0","55.0","73.1","72.0","3.0","6.5","6.9","0.0","0.0","0.0","6.1","11.0","2.3"
"20240626","서울","종로구","24.9","31.6","18.9","24.2","23.5","27.8","19.9","0.0","30.3","6.0","12.3","0.0","5.4","27.64","3.39","0.0","61.0","88.6","70.7","1.3","10.0","6.6","0.0","0.0","0.0","8.8","10.2","2.3"
"20240625","서울","종로구","22.9","27.2","19.1","28.2","23.3","27.6","19.7","0.0","0.0","6.5","10.7","8.7","5.4","25.24","23.62","0.0","61.9","64.9","70.2","4.3","5.8","6.6","0.0","0.0","0.0","11.6","6.5","2.3"
"20240624","서울","종로구","24.3","27.9","21.2","26.4","23.3","27.8","19.6","0.0","0.0","6.2","7.0","9.7","5.5","19.62","21.93","0.0","70.4","70.5","68.6","5.8","1.5","6.5","0.0","0.0","0.0","9.2","6.8","2.3"
"20240623","서울","종로구","25.1","30.1","22.5","24.4","23.4","28.0","19.6","5.1","0.0","4.5","3.8","5.3","5.8","18.84","18.74","0.0","79.5","76.6","68.0","8.3","5.0","6.2","0.0","0.0","0.0","8.8","4.9","2.2"
"20240622","서울","종로구","24.2","26.1","22.6","22.5","23.3","28.0","19.5","16.5","0.0","3.8","0.0","6.9","6.1","3.59","21.48","0.0","80.6","77.1","68.3","10.0","6.3","6.0","0.0","0.0","0.0","6.4","8.4","2.2"
"20240621","서울","종로구","28.1","33.9","22.9","20.5","23.3","28.2","19.5","0.0","24.9","3.8","10.3","0.0","6.0","24.75","4.79","0.0","49.8","92.6","67.9","5.8","9.4","6.1","0.0","0.0","0.0","8.8","6.0","2.1"
"20240620","서울","종로구","29.4","35.4","23.4","24.7","23.3","28.2","19.4","0.0","6.4","3.9","12.1","0.0","6.1","25.99","5.89","0.0","45.1","64.5","67.5","2.8","8.8","6.1","0.0","0.0","0.0","7.6","9.7","2.1"
"20240619","서울","종로구","28.8","35.8","21.4","28.5","23.2","28.2","19.3","0.0","0.0","4.1","13.0","11.0","6.1","28.25","25.29","0.0","54.3","57.8","67.2","3.3","3.3","6.0","0.0","0.0","0.0","5.8","7.3","2.1"
"20240618","서울","종로구","26.0","32.9","20.4","25.9","23.2","28.2","19.1","0.0","0.0","3.6","13.4","12.3","6.3","29.22","28.79","0.0","59.5","60.5","65.9","0.0","3.4","5.9","0.0","0.0","0.0","7.9","6.6","2.1"
"20240617","서울","종로구","24.8","30.2","18.9","24.2","23.1","28.2","19.0","0.0","0.0","3.1","13.1","10.8","6.6","28.17","27.4","0.0","48.4","57.1","64.5","4.6","4.4","5.8","0.0","0.0","0.0","8.4","6.3","2.1"
"20240616","서울","종로구","24.3","29.5","19.9","23.7","23.1","28.2","18.9","0.0","0.0","3.3","13.2","12.5","6.9","30.02","29.89","0.0","58.4","64.4","63.9","0.9","0.9","5.6","0.0","0.0","0.0","9.6","6.8","2.1"
"20240615","서울","종로구","24.2","28.2","21.8","22.7","23.0","28.1","18.7","6.1","0.0","2.9","3.4","8.8","7.0","15.71","25.05","0.0","72.3","70.8","63.8","6.5","2.9","5.5","0.0","0.0","0.0","6.6","8.2","2.2"
"20240614","서울","종로구","26.3","33.0","21.4","20.6","22.7","27.9","18.5","0.0","30.6","3.0","9.1","4.2","7.3","24.24","13.12","0.0","56.0","80.3","64.1","5.6","4.1","5.5","0.0","0.0","0.0","9.9","6.7","2.2"
"20240613","서울","종로구","26.4","32.8","20.0","22.0","22.6","27.6","18.4","0.0","0.0","3.4","13.3","9.9","7.2","29.8","25.43","0.0","51.4","70.0","64.3","0.9","3.9","5.5","0.0","0.0","0.0","7.1","9.0","2.3"
"20240612","서울","종로구","24.8","31.8","19.2","22.2","22.4","27.5","18.4","0.0","0.0","4.4","11.3","6.7","6.8","27.73","19.9","0.0","60.8","70.5","65.0","4.1","6.6","5.7","0.0","0.0","0.0","8.4","7.6","2.3"
"20240611","서울","종로구","25.4","31.6","21.7","22.1","22.4","27.4","18.2","0.0","32.2","3.9","10.2","6.4","6.9","27.17","21.1","0.0","62.4","76.1","65.1","5.1","6.1","5.6","0.0","0.0","0.0","8.2","5.9","2.2"
"20240610","서울","종로구","24.7","31.1","19.0","23.2","22.3","27.4","18.2","0.0","0.8","3.4","11.9","5.6","6.7","26.57","18.18","0.0","66.3","70.0","64.4","1.4","6.9","5.7","0.0","0.0","0.0","7.4","12.6","2.2"
"20240609","서울","종로구","22.9","28.8","17.4","23.3","22.3","27.4","18.1","0.0","1.2","2.8","12.3","11.8","6.5","28.38","28.15","0.0","68.9","64.0","63.7","4.5","4.6","5.6","0.0","0.0","0.0","8.0","7.7","2.1"
"20240608","서울","종로구","20.3","25.0","17.9","20.4","22.2","27.4","17.9","16.9","1.9","2.5","2.5","0.9","6.4","9.7","10.19","0.0","79.5","80.5","63.1","7.4","8.4","5.6","0.0","0.0","0.0","6.6","8.4","2.1"
"20240607","서울","종로구","23.1","28.0","18.3","21.4","22.1","27.3","17.7","0.8","0.0","1.2","7.1","1.0","6.8","20.41","10.07","0.0","54.3","75.3","61.8","8.0","8.9","5.3","0.0","0.0","0.0","5.6","6.5","2.1"
"20240606","서울","종로구","24.1","31.4","19.3","20.3","21.9","27.1","17.5","0.0","0.0","1.3","9.3","7.9","6.7","24.47","21.98","0.0","54.3","72.9","60.9","3.4","6.1","5.5","0.0","0.0","0.0","8.2","9.8","2.1"
"20240605","서울","종로구","23.6","30.1","18.1","21.5","21.7","26.9","17.2","0.0","0.0","1.7","10.4","10.9","7.0","25.14","26.6","0.0","53.9","66.9","60.5","5.4","4.4","5.2","0.0","0.0","0.0","7.1","10.8","2.2"
"20240604","서울","종로구","22.8","29.3","16.3","22.1","21.5","26.8","17.0","0.0","0.0","2.6","13.5","11.1","7.3","31.17","28.74","0.0","42.1","61.0","59.9","0.1","3.3","5.1","0.0","0.0","0.0","7.5","9.1","2.2"
"20240603","서울","종로구","22.2","28.7","15.7","22.0","21.3","26.6","16.7","0.0","0.0","2.8","11.2","13.3","7.5","29.95","31.19","0.0","47.4","60.1","59.2","1.0","2.1","4.9","0.0","0.0","0.0","8.3","10.6","2.3"
"20240602","서울","종로구","20.4","25.8","15.7","20.4","21.1","26.5","16.4","0.0","0.0","2.7","12.4","5.2","7.9","28.7","14.24","0.0","51.9","77.4","58.4","1.3","3.5","4.7","0.0","0.0","0.0","9.3","7.0","2.3"
"20240601","서울","종로구","20.7","25.2","17.5","22.8","20.9","26.3","16.2","0.0","0.0","2.5","9.4","2.2","7.9","27.02","15.18","0.0","61.3","66.9","58.3","4.3","8.3","4.6","0.0","0.0","0.0","9.5","5.7","2.4"
"20240531","서울","종로구","20.4","25.4","16.9","22.8","20.9","26.3","16.1","1.0","0.0","2.1","11.8","7.1","7.9","30.31","23.98","0.0","60.0","60.8","58.4","3.3","6.5","4.6","0.0","0.0","0.0","10.6","8.4","2.3"
"20240530","서울","종로구","20.7","24.6","16.2","24.0","20.7","26.1","15.9","0.0","0.0","1.7","0.6","3.7","7.9","12.97","18.2","0.0","49.1","69.5","58.1","8.5","6.5","4.7","0.0","0.0","0.0","5.1","8.5","2.3"
"20240529","서울","종로구","21.2","26.8","15.4","23.2","20.4","25.8","15.6","0.0","2.3","2.1","13.2","4.1","7.9","29.38","15.87","0.0","51.6","83.4","58.2","2.8","6.8","4.6","0.0","0.0","0.0","8.4","4.9","2.3"
"20240528","서울","종로구","20.4","26.1","14.3","19.2","20.1","25.4","15.5","0.0","41.8","2.4","11.1","0.0","7.4","27.55","2.46","0.0","54.8","98.9","59.0","1.9","10.0","4.8","0.0","0.0","0.0","10.4","10.3","2.3"
"20240527","서울","종로구","18.5","22.6","14.1","19.3","19.9","25.2","15.3","0.0","31.8","2.8","9.9","0.0","7.3","26.89","3.13","0.0","63.4","87.4","60.0","3.3","9.6","4.9","0.0","0.0","0.0","12.2","5.9","2.3"
"20240526","서울","종로구","19.9","23.7","17.0","21.4","19.6","24.9","15.0","8.7","0.5","3.8","3.1","10.7","7.1","10.2","26.25","0.0","74.3","57.4","60.3","9.0","7.0","4.8","0.0","0.0","0.0","10.8","7.9","2.4"
"20240525","서울","종로구","21.4","24.7","18.7","21.2","19.6","24.9","15.0","0.0","0.0","3.2","2.3","10.4","7.1","17.34","27.9","0.0","62.8","46.6","60.6","7.8","5.4","4.8","0.0","0.0","0.0","6.9","9.0","2.4"
"20240524","서울","종로구","20.1","24.7","15.7","20.6","19.6","24.9","15.0","0.0","0.0","2.9","4.7","6.2","7.1","20.51","19.16","0.0","75.1","49.8","60.9","6.6","7.0","4.9","0.0","0.0","0.0","7.6","7.7","2.4"
"20240523","서울","종로구","20.2","26.4","15.8","20.5","19.5","24.9","14.7","0.0","0.0","2.9","12.7","13.2","7.2","30.1","29.85","0.0","67.9","48.0","60.3","2.4","0.6","4.8","0.0","0.0","0.0","7.2","10.0","2.3"
"20240522","서울","종로구","20.5","25.5","16.4","20.3","19.3","24.9","14.4","0.0","0.0","2.8","10.0","7.9","7.5","27.4","23.93","0.0","68.9","61.3","59.5","5.8","6.3","4.6","0.0","0.0","0.0","8.7","6.9","2.3"
"20240521","서울","종로구","21.7","28.3","16.3","17.8","19.1","24.6","14.1","0.0","0.2","2.3","9.4","5.8","7.5","26.37","20.72","0.0","68.1","74.0","59.8","2.9","9.0","4.7","0.0","0.0","0.0","7.2","9.5","2.4"
"20240520","서울","종로구","19.4","22.8","16.8","21.2","18.7","24.2","13.8","0.0","0.0","3.4","0.5","9.7","7.2","11.45","25.72","0.0","75.0","66.9","60.8","7.3","5.0","4.8","0.0","0.0","0.0","7.4","12.7","2.4"
"20240519","서울","종로구","21.5","27.9","15.9","22.3","18.4","23.8","13.5","0.0","0.0","4.0","12.6","9.4","7.1","28.99","25.57","0.0","63.1","61.4","60.8","1.1","2.4","4.9","0.0","0.0","0.0","7.7","8.5","2.4"
"20240518","서울","종로구","20.7","26.5","16.0","21.2","18.1","23.4","13.4","0.0","1.3","4.6","11.3","1.4","7.0","26.88","13.7","0.0","65.3","74.8","61.8","2.3","7.1","5.0","0.0","0.0","0.0","8.1","11.9","2.4"
"20240517","서울","종로구","18.3","24.9","10.8","23.5","18.0","23.2","13.5","0.0","0.0","4.6","10.8","11.4","6.7","24.4","27.59","0.0","63.6","63.6","62.3","3.8","4.6","5.4","0.0","0.0","0.0","8.8","13.1","2.4"
"20240516","서울","종로구","13.7","19.8","6.9","24.0","18.0","23.2","13.3","0.1","0.0","4.2","13.1","12.1","6.9","31.35","27.62","0.0","61.3","51.9","61.2","1.5","2.1","5.3","0.0","0.0","0.0","9.4","9.2","2.4"
"20240515","서울","종로구","12.6","18.8","7.2","20.6","17.8","23.0","13.1","20.6","0.0","4.0","3.1","11.6","7.1","8.35","26.49","0.0","74.3","54.6","61.0","6.5","2.0","5.1","0.0","0.0","0.0","12.7","7.6","2.4"
"20240514","서울","종로구","18.8","24.7","12.7","18.1","17.5","22.6","13.0","0.0","0.0","4.0","13.0","9.6","6.7","30.02","25.41","0.0","43.3","56.5","62.2","0.1","1.6","5.2","0.0","0.0","0.0","9.0","8.0","2.5"
"20240513","서울","종로구","18.3","24.5","11.9","17.8","17.3","22.4","12.7","0.0","0.0","3.8","13.1","8.8","6.6","30.09","23.86","0.0","51.9","62.0","61.8","0.0","3.6","5.2","0.0","0.0","0.0","8.9","9.2","2.5"
"20240512","서울","종로구","16.6","21.6","11.9","18.4","17.0","22.2","12.5","0.0","0.0","4.0","11.4","6.7","6.6","28.91","19.9","0.0","65.0","50.9","61.7","2.6","5.0","5.1","0.0","0.0","0.0","11.3","6.4","2.5"
"20240511","서울","종로구","17.0","22.0","14.0","19.5","16.9","22.1","12.4","31.7","0.0","4.2","0.1","12.9","6.5","5.72","27.64","0.0","80.0","50.1","61.3","9.3","2.9","5.2","0.0","0.0","0.0","18.3","8.1","2.6"
"20240510","서울","종로구","17.9","23.8","12.5","18.4","17.0","22.2","12.4","0.0","0.0","3.1","12.5","12.7","6.7","28.02","25.58","0.0","55.6","53.3","60.0","2.0","2.5","5.2","0.0","0.0","0.0","10.3","5.8","2.6"
"20240509","서울","종로구","16.1","21.8","10.9","17.0","17.0","22.5","12.3","0.0","0.0","4.2","12.8","12.8","7.0","27.17","28.29","0.0","63.6","55.4","58.7","0.3","0.9","5.0","0.0","0.0","0.0","11.8","9.8","2.6"
"20240508","서울","종로구","14.7","21.4","9.0","15.3","16.9","22.3","12.3","0.0","0.0","4.9","11.0","12.7","7.0","27.21","28.55","0.0","58.8","55.3","58.6","1.8","2.4","5.0","0.0","0.0","0.0","8.6","8.1","2.6"
"20240507","서울","종로구","13.3","15.0","12.2","14.4","17.1","22.7","12.2","2.4","0.0","4.5","0.0","2.2","7.4","4.75","12.18","0.0","77.3","47.1","56.9","9.6","7.1","4.6","0.0","0.0","0.0","9.5","9.1","2.6"
"20240506","서울","종로구","13.9","15.7","13.4","12.6","17.0","22.6","12.1","12.3","47.5","4.1","0.0","0.0","7.6","2.71","5.42","0.0","92.9","85.6","56.9","10.0","9.3","4.4","0.0","0.0","0.0","9.4","15.9","2.6"
"20240505","서울","종로구","17.8","20.6","15.7","18.4","16.8","22.4","12.0","48.3","30.2","4.8","0.0","0.0","7.4","2.17","1.74","0.0","87.4","95.3","57.8","10.0","10.0","4.5","0.0","0.0","0.0","10.7","10.4","2.7"
"20240504","서울","종로구","21.4","28.5","14.6","21.4","16.9","22.4","12.1","0.0","0.0","3.4","12.5","2.5","7.4","26.61","16.89","0.0","44.8","65.5","57.4","3.4","7.9","4.6","0.0","0.0","0.0","7.7","7.5","2.7"
"20240503","서울","종로구","19.7","27.9","12.2","19.5","17.0","22.6","12.1","0.0","0.0","2.0","12.8","10.4","7.5","28.28","26.2","0.0","46.9","52.5","57.3","0.0","4.5","4.5","0.0","0.0","0.0","5.9","9.0","2.7"
"20240502","서울","종로구","18.1","23.7","12.4","16.7","16.8","22.2","12.1","0.0","0.0","2.7","12.8","8.2","7.0","28.72","21.58","0.0","48.4","40.5","58.6","0.0","6.6","4.8","0.0","0.0","0.0","8.9","6.5","2.6"
"20240501","서울","종로구","18.5","24.0","13.9","14.6","16.6","21.8","11.8","0.0","0.0","3.7","9.8","11.4","6.7","26.05","26.8","0.0","46.0","57.0","59.2","4.6","3.0","5.1","0.0","0.0","0.0","8.4","9.9","2.6"
"20240430","서울","종로구","18.6","22.5","16.0","12.7","16.2","21.5","11.4","0.0","0.1","3.2","5.5","5.8","6.8","17.95","19.7","0.0","62.5","72.9","58.3","8.5","6.1","5.0","0.0","0.0","0.0","7.3","11.2","2.6"
"20240429","서울","종로구","20.9","26.1","16.9","13.2","15.6","20.8","10.8","0.0","25.1","2.7","8.8","0.8","6.8","21.36","6.04","0.0","48.0","88.1","57.9","5.6","9.6","4.9","0.0","0.0","0.0","10.5","11.8","2.6"
"20240428","서울","종로구","20.7","28.9","13.0","15.7","15.0","20.2","10.1","0.0","1.9","3.2","11.4","8.4","6.9","25.14","21.25","0.0","53.5","62.0","57.0","5.9","6.4","4.8","0.0","0.0","0.0","5.9","9.1","2.6"
"20240427","서울","종로구","18.2","26.2","11.5","12.9","14.4","19.7","9.6","0.0","0.0","2.9","12.5","12.2","7.2","28.23","26.55","0.0","56.4","61.6","55.4","0.3","0.5","4.6","0.0","0.0","0.0","7.6","6.8","2.7"
"20240426","서울","종로구","17.8","26.0","11.4","10.2","14.1","19.5","9.3","0.0","0.0","2.0","10.7","4.1","7.6","23.74","15.52","0.0","61.1","69.9","54.2","3.4","4.5","4.2","0.0","0.0","0.0","7.3","10.3","2.7"
"20240425","서울","종로구","14.4","20.8","10.3","10.9","13.9","19.2","9.1","0.0","0.4","2.3","6.2","0.0","7.5","18.59","5.22","0.0","75.6","68.6","54.2","4.4","9.4","4.2","0.0","0.0","0.0","5.6","7.5","2.8"
"20240424","서울","종로구","13.2","16.5","11.0","15.8","13.9","19.1","9.2","9.0","0.0","2.8","1.9","7.8","7.2","9.53","20.31","0.0","80.1","40.5","55.0","7.8","5.8","4.3","0.0","0.0","0.0","8.5","8.8","2.8"
"20240423","서울","종로구","17.3","24.2","13.2","16.1","13.9","19.2","9.4","0.0","0.0","3.0","6.0","4.4","7.0","19.16","19.47","0.0","55.0","34.1","55.6","7.9","8.0","4.5","0.0","0.0","0.0","9.7","8.0","2.8"
"20240422","서울","종로구","18.8","24.1","15.0","16.9","13.9","19.1","9.5","0.0","0.0","3.1","4.6","5.6","6.7","19.34","21.2","0.0","49.4","22.9","56.3","6.5","7.6","4.6","0.0","0.0","0.0","8.5","9.5","2.8"
"20240421","서울","종로구","17.2","21.7","13.3","16.7","13.9","19.1","9.4","0.0","0.0","3.4","1.0","7.8","6.3","11.86","21.05","0.0","65.5","50.4","56.6","8.8","3.8","4.9","0.0","0.0","0.0","10.2","8.3","2.8"
"20240420","서울","종로구","14.9","17.2","13.0","15.8","13.9","19.2","9.3","4.8","0.5","3.3","0.0","0.0","6.2","4.46","4.12","0.0","77.3","92.1","56.4","9.8","9.5","4.9","0.0","0.0","0.0","13.9","8.7","2.7"
"20240419","서울","종로구","17.6","24.3","11.5","19.1","13.8","19.2","9.0","0.0","0.0","3.0","10.4","12.3","6.4","23.5","27.82","0.0","51.8","66.1","55.4","3.9","2.3","4.8","0.0","0.0","0.0","9.1","7.2","2.7"
"20240418","서울","종로구","17.3","24.9","10.7","14.0","13.5","19.0","8.7","0.0","1.5","2.6","11.7","3.6","6.6","25.45","10.85","0.0","53.3","78.6","55.0","0.0","6.4","4.5","0.0","0.0","0.0","7.9","7.9","2.6"
"20240417","서울","종로구","15.0","21.8","9.7","13.1","13.2","18.8","8.3","0.0","0.0","2.1","10.3","6.1","6.8","23.2","17.76","0.0","65.3","59.0","54.6","4.6","6.1","4.3","0.0","0.0","0.0","7.6","6.5","2.6"
"20240416","서울","종로구","13.3","17.9","11.5","10.8","12.8","18.3","8.0","2.3","0.0","1.8","3.7","3.2","7.1","13.45","14.45","0.0","82.6","71.4","54.1","6.3","6.9","4.1","0.0","0.0","0.0","7.7","11.9","2.6"
"20240415","서울","종로구","16.0","20.0","11.7","13.5","12.4","17.9","7.7","17.1","4.6","1.4","0.0","2.3","7.2","3.18","9.5","0.0","77.4","81.8","54.1","8.6","7.4","4.2","0.0","0.0","0.0","8.1","7.7","2.7"
"20240414","서울","종로구","20.8","29.4","13.6","16.2","12.1","17.5","7.6","0.0","0.0","1.7","11.7","3.3","6.9","24.93","14.25","0.0","47.1","58.6","54.2","3.0","8.1","4.4","0.0","0.0","0.0","8.5","7.3","2.8"
"20240413","서울","종로구","19.1","27.3","11.2","11.9","11.9","17.3","7.4","0.0","0.0","1.6","12.1","4.4","7.0","25.65","16.17","0.0","52.4","45.0","54.1","0.0","5.1","4.4","0.0","0.0","0.0","7.8","6.8","2.8"
"20240411","서울","종로구","15.5","21.1","11.7","13.1","11.7","17.0","7.3","0.0","2.9","2.6","4.0","0.0","6.6","14.28","2.01","0.0","61.0","73.4","54.5","5.3","6.5","4.9","0.0","0.0","0.0","5.2","18.9","2.9"
"20240410","서울","종로구","13.8","18.5","10.2","13.2","11.6","17.0","7.1","0.0","0.0","2.4","3.9","10.1","6.7","15.38","22.29","0.0","62.6","50.8","54.0","6.0","2.6","4.7","0.0","0.0","0.0","8.0","10.4","2.8"
"20240409","서울","종로구","15.3","20.8","10.6","10.8","11.4","16.9","6.9","0.0","0.0","1.8","11.9","12.0","7.0","25.68","25.54","0.0","32.4","56.8","54.5","0.4","0.0","4.6","0.0","0.0","0.0","13.9","9.8","2.8"
"20240408","서울","종로구","16.2","22.8","11.0","8.8","11.1","16.5","6.7","0.0","0.0","2.2","2.0","11.9","6.4","14.44","25.74","0.0","46.5","51.1","55.0","8.3","0.4","4.9","0.0","0.0","0.0","8.0","11.9","2.7"
"20240407","서울","종로구","14.8","23.4","7.7","8.9","10.9","16.3","6.5","0.0","0.0","2.0","11.4","10.4","6.7","23.4","23.34","0.0","33.4","65.0","54.4","1.0","1.5","4.6","0.0","0.0","0.0","8.3","13.8","2.7"
"20240406","서울","종로구","12.7","18.9","8.0","8.8","10.7","16.1","6.2","0.0","2.7","1.5","6.6","0.0","7.0","17.49","2.15","0.0","48.6","94.6","53.7","3.9","9.8","4.3","0.0","0.0","0.0","8.2","7.5","2.7"
"20240405","서울","종로구","14.0","18.8","10.2","11.9","10.4","15.7","5.9","0.0","50.3","1.8","6.2","0.0","6.9","17.11","1.56","0.0","51.3","97.8","53.8","5.1","10.0","4.2","0.0","0.0","0.0","8.5","10.5","2.6"
"20240404","서울","종로구","15.5","20.3","12.4","17.6","10.2","15.4","5.6","0.0","6.9","2.2","3.6","1.6","6.9","15.47","10.78","0.0","52.1","40.4","53.4","6.5","9.1","4.1","0.0","0.0","0.0","8.0","10.9","2.7"
"20240403","서울","종로구","16.6","19.7","13.9","19.0","10.0","15.3","5.4","0.0","0.0","2.1","0.3","11.0","7.3","7.18","22.95","0.0","55.9","29.4","52.3","7.8","4.1","3.8","0.0","0.0","0.0","4.9","7.8","2.7"
"20240402","서울","종로구","15.4","23.9","7.0","18.8","9.6","14.8","5.1","0.0","0.0","1.9","9.5","11.7","7.1","21.69","24.08","0.0","37.5","29.6","52.3","3.1","0.4","3.9","0.0","0.0","0.0","7.4","9.4","2.7"
"20240401","서울","종로구","12.2","19.0","5.5","17.5","9.3","14.4","4.9","0.0","0.0","2.0","11.5","10.8","6.8","23.72","21.48","0.0","32.0","40.4","53.4","0.3","1.8","4.2","0.0","0.0","0.0","8.5","7.2","2.7"
"20240331","서울","종로구","10.6","17.7","3.4","15.0","9.0","14.1","4.7","0.0","0.0","2.0","10.1","11.2","6.6","22.79","22.99","0.0","39.9","42.5","53.7","1.6","0.0","4.4","0.0","0.0","0.0","7.4","6.4","2.7"
"20240330","서울","종로구","8.8","15.6","3.0","13.3","8.8","13.9","4.5","0.0","0.0","1.5","5.4","11.5","6.7","16.07","23.58","0.0","56.5","42.5","53.0","3.9","1.1","4.5","0.0","0.0","0.0","10.4","7.8","2.6"
"20240329","서울","종로구","7.6","12.3","5.0","11.8","8.6","13.7","4.3","1.4","0.0","1.1","2.5","11.0","6.7","6.68","21.79","0.0","73.0","50.3","53.8","4.8","0.3","4.4","0.0","0.0","0.0","10.5","7.7","2.7"
"20240328","서울","종로구","10.3","12.2","7.8","9.2","8.4","13.5","4.0","1.9","0.0","0.9","0.0","7.4","6.9","4.13","18.44","0.0","81.8","53.3","54.0","8.5","2.9","4.3","0.0","0.0","0.0","7.8","7.4","2.7"
"20240327","서울","종로구","10.4","16.2","4.4","7.3","8.0","13.1","3.7","0.0","0.0","0.7","8.8","11.1","6.8","18.46","22.88","0.0","68.4","44.8","54.2","5.3","1.1","4.3","0.0","0.0","0.0","7.1","10.8","2.7"
"20240326","서울","종로구","7.4","12.4","3.2","9.4","7.6","12.6","3.4","11.5","0.0","0.7","2.3","11.1","6.9","13.76","24.36","0.0","77.3","34.0","54.2","6.1","0.8","4.2","0.0","0.0","0.0","9.7","11.5","2.8"
"20240325","서울","종로구","10.6","14.5","6.7","12.5","7.3","12.3","3.1","5.1","0.0","0.9","0.0","5.7","6.8","4.68","15.13","0.0","63.0","59.9","54.3","9.6","4.1","4.2","0.0","0.0","0.0","11.3","7.3","2.8"
"20240324","서울","종로구","16.2","23.4","10.5","12.5","7.1","12.0","2.9","0.0","0.0","1.1","8.1","6.6","6.8","19.89","16.13","0.0","42.5","36.8","53.9","4.9","8.0","4.2","0.0","0.0","0.0","7.9","6.4","2.8"
"20240323","서울","종로구","13.0","18.2","9.3","17.4","7.0","11.9","2.9","0.1","0.0","1.2","8.2","5.3","6.6","19.2","14.5","0.0","66.0","48.9","53.4","6.4","5.6","4.5","0.0","0.0","0.0","8.0","8.8","2.8"
"20240322","서울","종로구","10.4","15.2","3.8","17.0","7.2","12.2","2.9","5.4","0.0","1.4","3.5","6.2","6.6","10.25","16.64","0.0","57.0","44.8","52.5","7.6","6.4","4.5","0.0","0.0","0.0","15.0","8.1","2.7"
"20240321","서울","종로구","5.0","11.5","-1.2","13.0","7.4","12.5","3.0","0.0","0.0","1.4","11.3","10.8","6.6","22.43","21.6","0.0","46.5","35.1","52.3","2.0","1.1","4.3","0.0","0.0","0.0","8.9","5.1","2.7"
"20240320","서울","종로구","4.4","8.7","1.2","9.5","7.5","12.7","3.1","0.0","0.0","1.3","9.0","10.0","6.6","19.09","20.06","0.0","46.5","50.4","52.4","1.8","2.8","4.3","0.0","0.0","0.0","10.8","5.9","2.7"
"20240319","서울","종로구","6.7","9.8","3.9","8.3","7.4","12.6","2.9","0.2","0.0","1.3","2.7","11.1","6.5","9.63","21.25","0.0","60.8","59.6","53.0","6.1","0.4","4.4","0.0","0.0","0.0","14.0","7.5","2.7"
"20240318","서울","종로구","7.1","13.2","1.4","7.7","7.2","12.4","2.8","0.0","0.0","1.4","10.6","9.9","6.4","21.33","19.07","0.0","28.6","46.4","54.0","2.0","1.9","4.4","0.0","0.0","0.0","8.8","9.6","2.7"
"20240317","서울","종로구","8.8","12.2","5.4","7.2","7.0","12.1","2.6","0.1","0.0","1.5","8.7","4.4","6.4","18.59","13.94","0.0","48.0","34.3","54.5","5.6","8.0","4.4","0.0","0.0","0.0","11.8","5.5","2.7"
"20240316","서울","종로구","10.9","18.3","4.4","4.6","6.6","11.7","2.3","0.0","0.0","1.3","8.3","6.7","6.3","18.28","18.09","0.0","54.5","36.8","54.6","3.9","5.5","4.5","0.0","0.0","0.0","9.0","8.4","2.7"
"20240315","서울","종로구","8.9","14.5","4.0","8.6","6.2","11.3","1.8","0.0","0.0","1.2","10.6","1.2","6.3","20.18","5.62","0.0","68.5","66.6","54.6","0.0","6.4","4.4","0.0","0.0","0.0","9.7","12.8","2.6"
"20240314","서울","종로구","8.5","15.4","3.4","9.2","5.9","10.8","1.5","0.0","0.0","1.1","0.0","9.1","6.3","0.0","19.73","0.0","58.3","45.9","53.9","1.0","3.4","4.3","0.0","0.0","0.0","7.8","11.7","2.7"
"20240313","서울","종로구","6.5","12.0","1.3","2.9","5.4","10.3","1.0","0.0","0.0","0.7","10.9","9.8","6.5","20.78","20.79","0.0","57.6","38.9","53.0","0.4","3.1","4.1","0.0","0.0","0.0","10.0","12.0","2.7"
"20240312","서울","종로구","6.6","10.0","4.4","5.9","5.0","9.7","0.7","2.1","5.6","0.7","0.0","0.8","6.3","0.3","3.68","0.0","78.0","68.0","53.6","6.0","5.9","4.1","0.0","0.0","0.0","0.0","13.6","2.8"
"20240311","서울","종로구","6.2","10.8","2.0","15.2","4.8","9.6","0.5","0.0","0.0","0.8","0.0","7.6","6.4","0.0","16.95","0.0","62.3","52.0","53.5","7.0","5.9","4.2","0.0","0.0","0.0","0.0","11.0","2.8"
"20240310","서울","종로구","4.2","10.6","-1.8","13.5","4.5","9.3","0.2","0.0","0.0","0.9","10.9","9.6","6.3","20.38","17.03","0.0","54.0","62.1","54.1","1.0","0.0","4.2","0.0","0.0","0.0","8.8","6.7","2.8"
"20240309","서울","종로구","2.0","7.1","-2.1","10.3","4.3","8.9","0.2","0.0","3.7","1.0","10.9","2.0","6.2","21.15","6.52","0.0","50.8","85.9","54.8","0.0","5.1","4.3","0.0","0.0","0.0","8.2","9.0","2.8"
"20240308","서울","종로구","2.1","6.5","-0.7","12.5","4.2","8.8","0.2","0.0","1.2","1.2","10.4","1.8","6.0","19.91","8.39","0.0","50.6","66.3","56.0","0.4","7.0","4.5","0.0","0.0","0.0","12.3","7.8","2.8"
"20240307","서울","종로구","3.9","8.2","1.2","11.7","4.3","8.9","0.2","2.1","0.0","1.4","2.5","7.0","5.9","8.77","15.35","0.0","62.4","60.9","56.9","5.0","2.1","4.6","0.0","0.0","0.0","8.9","7.2","2.7"
"20240306","서울","종로구","6.2","10.3","2.5","9.2","4.2","8.7","0.3","0.0","0.0","1.7","2.3","10.0","5.7","10.31","18.63","0.0","58.8","41.9","58.0","5.9","1.1","4.5","0.0","0.0","0.0","8.7","7.8","2.7"
"20240305","서울","종로구","8.0","11.0","5.5","8.0","4.1","8.7","0.2","0.0","0.0","1.6","0.1","10.1","5.8","6.29","17.21","0.0","45.1","54.0","57.9","8.8","0.0","4.5","0.0","0.0","0.0","9.4","6.9","2.7"
"20240304","서울","종로구","5.4","11.7","-1.8","7.7","4.0","8.5","0.0","0.0","0.0","1.6","9.5","8.7","5.9","17.79","14.91","0.0","45.5","68.4","57.8","4.5","4.8","4.4","0.0","0.0","0.0","5.2","5.5","2.6"
"20240303","서울","종로구","4.0","7.8","0.4","4.6","3.8","8.4","-0.1","0.0","0.0","1.5","6.6","7.5","6.0","13.52","15.67","0.0","71.5","65.0","57.3","2.3","3.8","4.4","0.0","0.0","0.0","11.0","8.9","2.7"
"20240302","서울","종로구","-0.5","4.1","-8.1","2.2","3.7","8.3","-0.3","0.0","0.0","1.5","5.8","10.5","5.9","13.21","19.45","0.0","60.4","37.8","56.7","4.5","0.0","4.4","0.0","0.0","0.0","13.9","9.6","2.6"
"20240301","서울","종로구","-4.1","0.3","-7.1","6.0","3.6","8.2","-0.4","0.0","0.0","1.3","10.6","4.1","6.0","20.33","10.19","0.0","38.9","54.4","55.9","0.0","5.4","4.4","0.0","0.0","0.0","14.2","12.3","2.6"
"20240229","서울","종로구","4.8","9.6","0.3","4.3","3.6","8.2","-0.4","0.0","0.0","1.3","1.2","3.0","6.0","7.01","10.26","0.0","63.6","63.4","55.8","6.8","5.5","4.4","0.0","0.0","0.0","11.2","7.3","2.6"
"20240228","서울","종로구","6.4","10.1","3.2","4.3","3.5","8.1","-0.5","0.0","0.0","1.2","1.7","3.0","6.0","10.2","10.26","0.0","59.5","63.4","55.7","8.5","5.5","4.4","0.0","0.0","0.0","5.8","7.3","2.6"
"20240227","서울","종로구","5.3","9.8","1.2","4.4","3.5","8.2","-0.4","0.0","0.0","1.5","5.5","10.5","5.8","13.06","18.65","0.0","52.0","47.4","55.6","7.5","0.0","4.5","0.0","0.0","0.0","9.4","7.0","2.6"
"20240226","서울","종로구","3.8","9.7","-1.2","2.2","3.4","8.1","-0.7","0.0","0.0","1.3","6.8","10.4","5.9","14.98","18.83","0.0","65.3","46.6","54.7","2.1","0.0","4.4","0.0","0.0","0.0","6.3","7.2","2.4"
"20240225","서울","종로구","2.8","5.9","0.8","0.7","3.0","7.7","-1.1","1.8","0.0","1.0","0.9","10.2","6.4","7.55","18.6","0.0","80.8","44.0","53.6","6.4","0.0","3.9","0.2","0.0","0.0","6.0","8.5","2.5"
"20240224","서울","종로구","2.0","5.9","-1.3","3.5","2.7","7.4","-1.4","2.3","0.0","1.0","5.5","9.8","6.2","12.07","17.42","0.0","68.6","57.9","54.3","7.4","1.8","4.1","2.0","0.0","0.0","9.7","11.6","2.5"
"20240223","서울","종로구","1.8","6.1","-1.0","2.9","2.3","6.9","-1.7","0.4","0.0","1.6","5.8","10.0","6.2","15.28","15.87","0.0","68.8","65.5","54.1","5.9","2.5","4.0","10.2","0.0","0.0","9.4","6.7","2.6"
"20240222","서울","종로구","0.2","1.6","-1.1","1.2","2.0","6.7","-2.1","8.8","0.0","1.2","0.0","9.2","6.6","4.5","17.0","0.0","84.5","50.6","53.8","9.8","5.5","3.6","13.8","0.0","0.0","11.8","7.0","2.6"
"20240221","서울","종로구","1.9","4.0","0.0","-1.3","1.8","6.4","-2.3","17.8","0.0","1.2","0.0","10.0","6.6","2.77","18.25","0.0","92.5","42.4","54.3","10.0","0.1","3.5","5.2","0.0","0.0","11.9","6.8","2.7"
"20240220","서울","종로구","4.3","6.8","2.8","-0.5","1.6","6.2","-2.5","2.6","0.0","1.1","0.0","9.5","6.4","2.34","18.16","0.0","86.3","46.4","53.7","9.9","0.0","3.6","0.0","0.0","0.0","11.7","11.0","2.6"
"20240219","서울","종로구","9.1","11.9","4.2","3.5","1.1","5.7","-2.8","8.9","0.4","0.8","0.0","7.0","6.6","1.37","14.47","0.0","95.8","56.1","52.6","9.6","3.9","3.3","0.0","0.0","0.0","9.0","11.6","2.6"
"20240218","서울","종로구","6.2","9.4","1.2","5.7","0.8","5.4","-3.2","17.1","0.0","0.7","1.1","0.0","6.6","3.01","2.91","0.0","81.4","58.3","52.6","7.1","9.9","3.3","0.0","0.0","0.0","7.6","3.9","2.6"
"20240217","서울","종로구","4.4","11.7","-1.2","3.4","0.7","5.1","-3.2","0.0","0.0","1.0","8.7","7.5","6.2","15.33","13.67","0.0","73.5","67.8","52.5","0.0","5.0","3.6","0.0","0.0","0.0","4.7","5.1","2.6"
"20240216","서울","종로구","2.3","8.1","-1.5","2.3","0.7","5.1","-3.1","0.0","0.0","1.0","7.9","1.9","5.9","13.32","6.45","0.0","72.4","68.3","53.0","0.6","5.4","3.9","0.0","0.0","0.0","6.8","8.7","2.6"
"20240215","서울","종로구","4.5","11.6","0.6","3.2","0.8","5.2","-3.1","10.9","0.0","1.5","0.9","9.4","5.8","2.71","15.24","0.0","89.9","46.4","53.9","7.6","3.9","3.9","1.5","0.0","0.0","11.6","7.6","2.6"
"20240214","서울","종로구","12.9","18.3","8.8","1.7","0.7","5.1","-3.0","0.0","0.0","1.6","4.0","9.5","5.7","10.39","15.95","0.0","76.4","54.9","54.1","7.0","1.6","3.9","0.0","0.0","0.0","7.9","8.2","2.6"
"20240213","서울","종로구","8.2","13.7","2.0","5.9","0.7","5.0","-3.1","0.0","0.0","1.2","5.5","0.8","5.7","10.98","5.44","0.0","70.6","66.5","53.8","2.5","7.3","4.0","0.0","0.0","0.0","10.2","7.4","2.6"
"20240212","서울","종로구","3.5","10.5","-2.9","3.7","0.4","4.7","-3.4","0.0","0.0","0.9","9.7","2.0","5.7","15.35","8.48","0.0","62.8","70.0","53.9","0.3","6.9","3.9","0.0","0.0","0.0","5.8","5.9","2.5"
"20240211","서울","종로구","1.0","5.5","-3.1","2.8","-0.1","4.1","-3.9","0.0","0.0","1.1","5.6","5.5","5.8","10.38","10.9","0.0","70.6","73.0","54.5","2.0","3.4","3.9","0.0","0.0","0.0","10.1","4.7","2.5"
"20240210","서울","종로구","1.7","7.4","-1.5","3.8","-0.6","3.5","-4.3","0.0","0.6","0.7","5.6","2.0","5.8","11.32","7.07","0.0","69.4","79.6","54.5","2.3","6.1","3.9","0.0","0.0","0.0","8.4","7.2","2.6"
"20240209","서울","종로구","1.1","6.1","-2.5","4.0","-0.8","3.6","-4.6","0.0","0.0","0.5","6.9","6.7","5.7","12.47","12.36","0.0","66.8","49.9","55.0","3.3","6.5","4.0","0.0","0.0","0.0","8.7","9.5","2.6"
"20240208","서울","종로구","0.6","6.2","-3.0","2.1","-0.8","3.5","-4.5","0.0","0.0","0.5","9.2","9.5","5.5","13.96","14.82","0.0","66.9","62.1","56.0","2.0","0.3","4.1","0.0","0.0","0.0","6.3","7.7","2.5"
"20240207","서울","종로구","0.6","2.7","-0.9","3.5","-0.9","3.4","-4.7","0.0","0.0","0.5","0.0","6.4","5.6","3.61","10.12","0.0","76.6","72.9","55.9","6.6","3.4","4.0","0.0","0.0","0.0","5.9","5.0","2.5"
"20240206","서울","종로구","1.2","2.9","0.0","3.0","-0.9","3.4","-4.6","0.2","0.0","0.3","0.0","7.1","5.8","4.49","10.69","0.0","83.5","72.3","55.4","8.8","3.6","3.8","3.8","0.0","0.0","5.4","5.1","2.4"
"20240205","서울","종로구","2.7","6.6","0.1","1.7","-1.0","3.4","-4.8","3.9","0.0","0.4","0.0","7.0","5.8","3.47","11.35","0.0","81.8","71.0","55.9","10.0","2.3","3.7","3.6","0.0","0.0","15.0","6.3","2.4"
"20240204","서울","종로구","7.3","12.2","3.7","-0.2","-1.3","3.0","-5.0","0.0","0.0","0.3","4.6","8.2","6.2","10.88","13.23","0.0","60.9","49.8","55.5","8.6","0.9","3.3","0.0","0.0","0.0","10.2","8.0","2.3"
"20240203","서울","종로구","4.7","8.3","-0.2","-1.6","-1.7","2.7","-5.4","0.0","0.0","0.7","1.0","8.6","6.4","6.77","13.54","0.0","63.9","47.4","55.0","8.4","3.0","2.9","0.0","0.0","0.0","7.1","6.2","2.4"
"20240202","서울","종로구","3.1","7.9","0.7","-2.4","-1.8","2.6","-5.4","0.0","0.0","0.7","4.4","7.6","6.2","10.3","10.94","0.0","65.5","50.3","55.2","5.4","5.5","3.0","0.0","0.0","0.0","6.6","7.3","2.4"
"20240201","서울","종로구","2.4","8.2","-1.3","0.9","-1.8","2.5","-5.5","0.0","0.0","0.7","6.8","8.9","6.2","10.12","13.24","0.0","64.9","68.4","54.9","6.4","2.5","3.0","0.0","0.0","0.0","7.3","10.8","2.4"
"20240131","서울","종로구","4.7","10.6","0.7","2.4","-1.7","2.5","-5.4","0.0","0.0","0.6","8.9","3.0","6.0","12.65","6.5","0.0","54.1","69.1","53.9","2.6","5.4","3.1","0.0","0.0","0.0","7.0","10.8","2.5"
"20240130","서울","종로구","1.4","8.1","-4.0","-0.9","-1.6","2.6","-5.3","0.0","0.0","0.6","9.4","9.5","5.9","12.73","14.17","0.0","59.3","55.9","53.0","2.3","0.0","3.2","0.0","0.0","0.0","4.3","8.7","2.5"
"20240129","서울","종로구","-0.4","4.6","-4.8","-1.8","-1.6","2.6","-5.3","0.0","0.0","0.3","9.2","5.2","5.7","12.65","9.79","0.0","66.6","58.3","53.4","2.0","2.5","3.4","0.0","0.0","0.0","6.1","11.0","2.5"
"20240128","서울","종로구","-1.5","3.8","-5.0","-6.0","-1.7","2.5","-5.5","0.0","0.0","0.3","8.0","9.0","6.0","12.52","12.58","0.0","62.3","54.9","53.6","2.0","1.0","3.2","0.0","0.0","0.0","6.5","9.4","2.5"
"20240127","서울","종로구","-0.5","4.6","-4.6","-7.3","-1.9","2.2","-5.7","0.0","0.0","0.3","8.0","9.4","5.8","12.43","14.1","0.0","70.0","56.5","53.8","2.9","0.0","3.2","0.0","0.0","0.0","7.8","13.9","2.5"
"20240126","서울","종로구","-1.7","4.0","-6.9","-6.0","-2.3","1.9","-6.0","0.0","0.8","0.3","9.4","0.0","6.1","12.68","4.51","0.0","62.5","80.1","54.2","0.8","8.5","2.9","0.0","4.5","0.0","6.7","5.9","2.5"
"20240125","서울","종로구","-5.3","-0.5","-9.7","-11.3","-2.5","1.6","-6.1","0.0","0.0","0.3","9.4","9.4","6.2","13.57","14.08","0.0","47.8","45.1","55.2","0.0","1.6","2.9","0.0","0.0","0.0","7.2","5.9","2.5"
"20240124","서울","종로구","-8.0","-3.7","-11.2","-14.7","-2.5","1.5","-6.1","0.0","0.0","0.3","9.3","9.4","5.9","13.63","14.08","0.0","52.0","51.9","55.9","0.0","1.0","3.2","0.0","0.0","0.0","11.0","12.3","2.4"
"20240123","서울","종로구","-11.7","-8.2","-14.0","-0.8","-2.5","1.4","-6.1","0.0","0.0","0.5","9.1","7.3","5.7","13.53","10.15","0.0","53.6","66.6","56.1","0.5","5.3","3.4","0.0","0.0","0.0","10.5","9.6","2.4"
"20240122","서울","종로구","-8.7","-2.4","-11.9","-0.6","-2.3","1.7","-5.8","0.2","0.0","0.7","3.6","0.3","5.6","8.49","4.41","0.0","65.6","62.8","56.3","5.0","7.5","3.7","2.3","0.0","0.0","10.4","7.4","2.4"
"20240121","서울","종로구","1.7","4.3","-2.4","-4.5","-2.0","2.0","-5.5","0.4","0.0","0.6","0.0","8.5","5.5","3.57","12.37","0.0","75.8","55.4","56.1","9.1","2.0","4.0","0.0","0.0","0.0","8.6","5.2","2.4"
"20240120","서울","종로구","3.4","4.9","1.9","-3.3","-1.8","2.2","-5.3","0.4","0.0","0.6","0.0","8.7","5.3","2.74","13.49","0.0","69.5","52.4","56.6","8.9","0.3","4.1","0.0","0.0","0.0","12.4","13.0","2.4"
"20240119","서울","종로구","5.4","9.0","4.0","-0.4","-1.6","2.3","-5.2","0.0","1.0","0.6","7.1","3.1","5.3","10.29","7.63","0.0","65.4","69.3","56.9","7.0","6.3","4.0","0.0","0.0","0.0","11.2","9.8","2.3"
"20240118","서울","종로구","4.5","9.4","1.4","-1.9","-1.5","2.5","-5.0","0.5","0.0","0.5","6.3","8.9","5.3","9.86","12.71","0.0","81.5","60.5","57.5","4.5","1.1","4.1","1.1","0.0","0.0","8.9","7.6","2.3"
"20240117","서울","종로구","0.6","1.9","-2.3","-3.7","-1.6","2.4","-5.2","9.7","0.0","0.5","0.0","0.2","5.4","1.9","5.27","0.0","78.5","65.1","57.3","9.4","8.8","3.9","2.3","0.0","0.0","5.7","4.9","2.3"
"20240116","서울","종로구","-2.1","4.3","-7.2","-4.6","-1.8","2.2","-5.3","0.0","0.0","0.5","8.3","8.8","5.2","11.86","12.95","0.0","49.8","63.1","57.2","2.3","2.8","3.9","0.0","0.0","0.0","5.2","7.2","2.2"
"20240115","서울","종로구","-3.7","0.9","-6.9","-0.2","-1.9","2.1","-5.3","0.0","3.2","0.6","9.2","0.0","5.2","12.82","1.32","0.0","51.3","93.9","57.3","0.0","10.0","3.9","0.0","0.6","0.0","7.5","7.6","2.2"
"20240114","서울","종로구","-0.6","2.4","-3.3","6.6","-2.1","1.9","-5.6","3.1","1.6","0.6","0.7","0.0","5.3","1.28","1.84","0.0","74.5","92.9","56.4","5.8","9.8","3.7","0.0","0.0","0.0","7.2","9.9","2.2"
"20240113","서울","종로구","0.4","6.4","-3.8","8.3","-2.2","1.7","-5.7","0.0","37.3","0.6","9.1","0.0","5.5","12.05","1.11","0.0","44.3","99.1","55.6","0.3","10.0","3.5","0.0","0.0","0.0","7.0","9.8","2.2"
"20240112","서울","종로구","0.9","4.2","-1.4","5.9","-2.3","1.6","-5.7","0.0","0.0","0.4","8.9","9.0","5.6","11.77","10.88","0.0","61.6","46.6","55.7","0.0","1.8","3.4","0.0","0.0","0.0","6.9","5.7","2.2"
"20240111","서울","종로구","1.7","4.5","-2.4","2.6","-2.3","1.6","-5.7","0.0","0.0","0.4","0.4","8.8","5.7","4.58","10.86","0.0","80.6","61.9","56.3","7.0","1.4","3.3","2.0","0.0","0.0","7.4","5.6","2.3"
"20240110","서울","종로구","-1.0","3.3","-4.1","1.6","-2.2","1.7","-5.7","0.0","0.0","0.3","5.0","8.8","5.6","7.81","11.33","0.0","85.9","59.9","56.6","3.1","1.4","3.4","3.0","0.0","0.0","4.7","4.4","2.3"
"20240109","서울","종로구","-0.6","0.4","-1.9","3.1","-2.1","1.8","-5.5","1.6","0.0","0.7","0.0","7.8","5.5","1.48","10.53","0.0","84.0","60.1","57.5","8.5","3.3","3.5","3.1","0.0","0.0","4.6","8.6","2.3"
"20240108","서울","종로구","-4.7","0.0","-10.3","1.3","-2.0","2.0","-5.4","0.0","0.0","0.9","8.3","7.1","5.2","11.65","9.37","0.0","57.8","69.3","58.2","3.8","3.0","3.7","1.5","0.0","0.0","5.7","4.8","2.3"
"20240107","서울","종로구","-4.4","-0.9","-8.3","1.5","-1.9","2.0","-5.4","0.0","0.1","1.0","9.1","1.0","5.1","12.13","4.78","0.0","57.4","80.9","58.2","0.1","5.6","3.9","5.6","0.0","0.0","11.7","8.3","2.3"
"20240106","서울","종로구","0.7","5.2","-2.7","0.6","-2.0","2.1","-5.5","2.4","3.9","1.1","8.7","7.1","5.1","11.42","8.78","0.0","63.9","71.9","57.3","2.3","5.8","3.8","6.0","3.6","0.0","7.7","6.9","2.3"
"20240105","서울","종로구","5.0","9.1","1.4","-1.6","-1.9","2.2","-5.5","0.0","0.0","1.0","5.7","4.7","5.2","7.77","6.09","0.0","77.1","58.1","57.0","4.1","3.6","3.7","0.0","0.0","0.0","10.3","5.6","2.3"
"20240104","서울","종로구","1.4","4.7","-3.3","-1.8","-1.8","2.2","-5.3","0.0","0.0","0.6","0.5","8.7","5.3","5.22","10.89","0.0","74.3","51.4","56.8","6.1","1.9","3.7","0.0","0.0","0.0","6.1","7.2","2.2"
"20240103","서울","종로구","1.8","4.0","-1.1","-5.0","-1.9","2.2","-5.4","0.6","0.0","0.5","1.2","9.1","5.3","3.32","11.77","0.0","80.4","49.0","56.7","6.0","0.0","3.7","0.0","0.0","0.0","7.6","6.7","2.3"
"20240102","서울","종로구","-99.0","4.3","2.2","-4.5","-1.9","2.1","-5.4","0.0","0.0","0.4","0.0","9.1","5.4","0.0","11.63","0.0","0.0","45.9","57.1","0.0","0.0","3.5","0.0","0.0","0.0","5.3","7.4","2.3"
"20240101","서울","종로구","3.3","7.3","-0.3","-0.2","-1.8","2.2","-5.3","0.0","0.0","0.5","4.3","9.0","5.2","7.44","10.81","0.0","83.4","54.5","58.3","6.4","1.3","3.7","2.4","0.0","0.0","4.5","8.1","2.3"
"20231231","서울","종로구","2.1","4.3","0.6","-1.2","-1.8","2.1","-5.4","4.7","0.0","0.5","0.6","1.1","5.2","3.06","4.16","0.0","95.5","65.5","58.3","5.8","7.4","3.7","8.8","0.0","0.0","8.3","4.1","2.3"
"20231230","서울","종로구","0.6","2.1","-0.9","-1.8","-1.9","2.1","-5.5","13.1","0.0","0.6","0.0","7.9","5.2","0.69","10.84","0.0","92.0","65.6","57.6","9.5","1.4","3.6","12.2","0.0","0.0","6.9","7.5","2.3"
"20231229","서울","종로구","1.3","4.6","-1.5","-2.9","-1.9","2.0","-5.5","0.0","0.0","0.6","1.8","9.0","5.4","5.43","10.88","0.0","71.0","56.3","56.6","4.8","3.3","3.4","0.0","0.0","0.0","5.7","5.1","2.3"
"20231228","서울","종로구","1.2","4.4","-1.7","-3.3","-1.8","2.1","-5.4","0.0","0.1","0.5","8.1","8.7","5.4","9.25","10.86","0.0","69.5","58.1","56.0","3.1","3.3","3.3","0.0","0.4","0.0","8.0","8.7","2.3"
"20231227","서울","종로구","1.5","6.8","-2.8","-2.6","-1.6","2.4","-5.2","0.0","0.0","0.5","8.2","8.8","5.7","9.47","10.25","0.0","76.6","69.8","55.8","0.5","0.1","3.1","0.0","0.0","0.0","4.7","5.4","2.3"
"20231226","서울","종로구","1.9","7.2","-2.6","-3.9","-1.2","2.7","-4.9","0.0","0.0","0.6","7.5","7.6","5.5","9.17","8.27","0.0","72.9","68.4","56.7","2.9","1.4","3.2","0.0","0.0","0.0","9.4","3.7","2.3"
"20231225","서울","종로구","-0.7","2.1","-2.7","-5.4","-0.8","3.2","-4.4","0.7","0.0","0.6","1.7","9.0","5.5","4.14","10.89","0.0","80.8","66.5","58.1","6.5","0.1","3.2","3.0","0.0","0.0","6.1","6.6","2.3"
"20231224","서울","종로구","-2.2","3.0","-5.6","-8.4","-0.2","3.9","-3.8","1.1","0.0","0.7","6.9","8.9","5.4","10.09","10.92","0.0","73.4","54.9","59.5","5.0","0.6","3.5","1.5","0.0","0.0","4.6","5.6","2.3"
"20231223","서울","종로구","-6.8","-0.9","-12.7","-11.8","0.3","4.4","-3.4","0.0","0.0","0.9","8.9","8.4","5.3","10.84","10.76","0.0","53.4","60.5","60.5","1.4","2.0","3.7","0.2","0.0","0.0","4.1","12.3","2.3"
"20231222","서울","종로구","-11.6","-8.0","-14.7","-7.8","0.5","4.6","-3.2","0.0","0.0","0.8","9.1","7.4","5.1","11.56","10.05","0.0","51.8","60.5","60.4","0.0","2.1","3.9","0.4","0.0","0.0","8.2","15.0","2.2"
"20231221","서울","종로구","-11.7","-8.0","-14.4","-0.1","0.4","4.6","-3.3","0.0","3.6","0.7","9.0","0.0","5.2","11.49","2.48","0.0","57.4","82.4","59.2","0.0","8.5","3.9","0.5","3.5","0.0","9.0","9.6","2.2"
"20231220","서울","종로구","-7.4","-2.1","-11.9","-3.2","0.1","4.2","-3.6","0.8","0.0","0.6","6.0","7.7","5.3","9.07","10.1","0.0","64.1","55.8","58.1","2.6","4.9","3.8","2.1","0.0","0.0","9.0","5.9","2.1"
"20231219","서울","종로구","-3.7","0.2","-8.2","-7.0","-0.3","3.7","-4.0","0.3","0.0","0.6","0.8","6.5","5.4","5.77","8.93","0.0","63.1","55.6","57.6","6.9","2.1","3.7","0.9","0.0","0.0","6.0","6.0","2.2"
"20231218","서울","종로구","-7.7","-3.6","-12.2","-9.5","-0.5","3.5","-4.1","0.0","0.0","0.4","4.1","9.0","5.5","7.01","11.42","0.0","45.1","47.1","56.9","6.9","0.0","3.7","0.0","0.0","0.0","7.7","10.4","2.2"
"20231217","서울","종로구","-9.8","-6.4","-12.4","-7.0","-0.6","3.3","-4.1","0.0","0.2","0.5","9.0","7.4","5.6","11.81","10.46","0.0","48.9","52.0","56.3","0.0","2.3","3.5","0.0","0.3","0.0","10.2","11.1","2.3"
"20231216","서울","종로구","-4.1","3.8","-9.9","-6.3","-0.6","3.2","-4.1","1.5","0.0","0.7","4.6","8.2","5.3","8.49","10.44","0.0","68.9","56.9","56.6","5.6","4.5","3.6","1.0","0.0","0.0","17.9","5.7","2.3"
"20231215","서울","종로구","4.9","6.2","3.7","-4.5","-0.4","3.5","-4.0","31.1","2.4","0.7","0.0","0.0","5.4","1.48","2.17","0.0","95.4","79.1","56.3","10.0","7.3","3.5","0.0","4.4","0.0","11.9","9.0","2.4"
"20231214","서울","종로구","7.6","9.1","6.2","-8.4","-0.2","3.6","-3.7","17.0","0.0","0.7","0.0","8.9","5.5","1.46","11.41","0.0","85.8","50.1","56.3","10.0","1.4","3.5","0.0","0.0","0.0","11.7","14.7","2.3"
"20231213","서울","종로구","6.8","10.3","2.6","0.0","0.0","3.8","-3.5","0.0","0.6","0.7","2.3","1.7","5.5","6.06","4.85","0.0","74.1","70.8","56.4","6.3","6.6","3.5","0.0","0.8","0.0","7.0","15.0","2.3"
"20231212","서울","종로구","5.4","9.3","3.5","2.0","0.4","4.3","-3.3","0.4","5.4","0.8","3.5","2.3","5.1","6.08","5.05","0.0","75.6","73.4","57.5","4.9","7.5","3.9","0.0","0.0","0.0","13.3","6.6","2.3"
"20231211","서울","종로구","8.9","12.3","5.0","1.6","0.7","4.6","-3.0","11.4","0.0","0.7","0.0","8.9","5.3","1.54","11.11","0.0","82.9","52.5","57.6","10.0","0.9","3.8","0.0","0.0","0.0","0.0","6.2","2.3"
"20231210","서울","종로구","11.4","15.5","6.7","2.6","0.9","4.7","-2.7","0.0","0.0","0.9","0.0","3.6","5.1","0.0","6.71","0.0","67.9","46.5","58.9","5.6","6.1","4.0","0.0","0.0","0.0","0.0","6.7","2.3"
"20231209","서울","종로구","13.7","16.2","11.7","4.5","1.2","5.0","-2.3","0.0","0.0","0.9","0.8","4.9","4.9","4.05","7.22","0.0","82.9","60.8","59.4","8.3","3.4","4.3","0.0","0.0","0.0","7.3","6.5","2.3"
"20231208","서울","종로구","11.2","16.8","5.1","3.7","1.2","5.0","-2.4","0.0","0.0","1.1","5.3","9.0","4.9","7.54","9.97","0.0","73.4","57.5","59.3","1.4","1.0","4.4","0.0","0.0","0.0","13.5","4.7","2.2"
"20231207","서울","종로구","6.6","11.4","0.8","4.9","1.1","4.9","-2.5","0.0","0.1","1.0","6.7","7.8","5.1","9.35","9.89","0.0","64.0","60.4","58.3","1.9","1.8","4.2","0.0","0.0","0.0","12.6","12.2","2.3"
"20231206","서울","종로구","6.1","8.7","3.9","0.9","1.2","5.2","-2.4","3.8","0.1","1.1","0.0","4.8","5.1","1.87","9.16","0.0","76.1","62.8","58.0","6.3","6.1","4.2","0.0","0.3","0.0","9.0","12.5","2.3"
"20231205","서울","종로구","6.8","12.6","3.8","-3.1","1.4","5.4","-2.3","0.0","0.0","1.1","6.8","8.6","5.2","8.09","11.74","0.0","55.4","41.9","57.2","3.8","2.9","4.2","0.0","0.0","0.0","5.9","7.1","2.3"
"20231204","서울","종로구","2.7","9.4","-3.0","-3.5","1.7","5.8","-2.0","0.0","0.0","1.1","8.2","1.3","5.3","10.39","6.13","0.0","59.5","38.9","56.9","2.5","6.9","4.0","0.0","0.0","0.0","4.3","9.7","2.3"
"20231203","서울","종로구","0.8","6.0","-2.8","2.1","2.3","6.4","-1.4","0.0","1.1","0.8","9.1","2.6","5.1","11.62","6.28","0.0","56.3","70.5","57.7","0.0","6.6","4.0","0.0","1.0","0.0","5.0","9.6","2.3"
"20231202","서울","종로구","2.0","8.0","-4.4","-2.5","2.9","7.1","-0.8","0.0","0.0","1.0","4.0","9.0","5.1","8.25","11.87","0.0","60.8","42.0","59.1","4.0","1.8","3.9","0.0","0.0","0.0","11.0","5.4","2.2"
"20231201","서울","종로구","-3.2","0.7","-6.8","-5.4","3.4","7.5","-0.2","0.0","0.0","1.0","9.2","8.1","5.0","12.2","10.23","0.0","55.3","43.4","60.7","0.1","1.5","4.1","0.0","0.0","0.0","7.5","7.7","2.2"
"20231130","서울","종로구","-4.3","-0.5","-7.3","-5.4","3.9","8.0","0.3","0.0","0.0","1.0","9.2","9.1","4.9","12.44","12.17","0.0","48.5","49.1","60.9","0.0","1.5","4.2","0.0","0.0","0.0","8.3","11.3","2.2"
"20231129","서울","종로구","-1.4","3.0","-4.0","6.9","4.1","8.2","0.5","0.0","3.8","1.2","2.7","2.0","4.8","4.75","5.34","0.0","58.9","67.0","61.1","4.4","8.8","4.4","0.0","0.0","0.0","10.7","12.0","2.2"
"20231128","서울","종로구","1.3","5.2","-1.2","12.3","4.3","8.3","0.7","0.0","19.5","1.4","6.3","0.8","4.7","9.85","3.87","0.0","57.5","65.5","61.2","2.3","8.4","4.5","0.0","0.0","0.0","9.5","7.0","2.2"
"20231127","서울","종로구","6.2","9.3","4.4","5.4","4.4","8.5","0.8","3.6","0.0","1.6","0.9","7.4","4.7","2.35","10.15","0.0","82.9","43.1","61.4","6.8","2.4","4.6","0.0","0.0","0.0","11.0","5.8","2.3"
"20231126","서울","종로구","4.0","7.2","-0.1","6.7","4.7","8.8","1.0","0.0","0.0","1.6","1.4","8.6","4.6","6.39","11.75","0.0","43.6","52.4","60.9","8.9","0.3","4.6","0.0","0.0","0.0","4.4","11.1","2.2"
"20231125","서울","종로구","-1.3","4.0","-5.9","12.3","4.9","9.1","1.1","0.0","1.7","1.6","9.1","7.6","4.8","12.67","10.66","0.0","42.8","67.1","61.4","1.8","5.0","4.5","0.0","0.0","0.0","6.4","10.0","2.2"
"20231124","서울","종로구","-1.5","2.2","-4.4","9.4","5.2","9.5","1.4","0.0","0.0","1.6","8.6","6.5","4.9","12.67","9.32","0.0","51.8","65.6","61.2","0.3","3.4","4.4","0.0","0.0","0.0","10.4","5.2","2.2"
"20231123","서울","종로구","9.9","14.6","1.9","10.8","5.3","9.7","1.4","0.1","0.0","1.4","5.0","7.9","5.2","8.41","11.6","0.0","71.1","56.0","60.5","4.4","3.3","4.2","0.0","0.0","0.0","12.5","8.4","2.1"
"20231122","서울","종로구","9.5","15.1","2.9","10.7","5.3","9.6","1.4","0.0","0.0","1.1","6.5","1.6","5.3","10.28","5.55","0.0","68.1","69.9","60.0","4.0","8.8","4.1","0.0","0.0","0.0","5.8","6.9","2.1"
"20231121","서울","종로구","7.4","14.8","1.4","11.8","5.3","9.8","1.3","0.0","0.0","2.0","9.3","3.1","5.4","12.57","6.36","0.0","59.6","70.5","59.2","0.0","3.4","4.0","0.0","0.0","0.0","4.7","7.6","2.2"
"20231120","서울","종로구","6.2","12.8","1.8","13.7","5.3","9.7","1.3","0.0","0.0","2.2","9.3","9.1","5.5","12.93","11.85","0.0","58.4","58.3","58.1","0.0","1.8","3.9","0.0","0.0","0.0","5.1","5.3","2.2"
"20231119","서울","종로구","5.9","13.4","-0.3","12.9","5.5","9.9","1.7","0.0","0.0","2.3","5.4","9.0","5.4","7.79","11.5","0.0","68.3","55.8","58.5","2.6","3.1","3.9","0.0","0.0","0.0","10.0","7.4","2.3"
"20231118","서울","종로구","0.6","5.7","-3.8","11.0","5.9","10.2","1.9","0.0","0.0","2.4","9.3","9.1","5.4","12.88","12.08","0.0","58.9","69.6","58.6","0.0","1.0","4.0","0.0","0.0","0.0","13.2","4.2","2.3"
"20231117","서울","종로구","1.6","5.9","-1.9","10.2","6.2","10.5","2.4","0.0","0.0","2.3","5.0","9.1","5.4","7.42","11.46","0.0","59.3","64.6","58.2","4.3","1.3","4.0","0.0","0.0","0.0","11.7","4.8","2.3"
"20231116","서울","종로구","6.6","7.4","5.7","8.5","6.7","11.0","3.0","8.4","0.0","1.3","0.0","8.3","5.5","1.09","12.11","0.0","85.0","71.3","58.3","9.0","2.0","3.9","0.0","0.0","0.0","8.3","7.1","2.3"
"20231115","서울","종로구","7.0","12.5","2.0","8.1","7.4","11.7","3.7","0.0","1.6","1.3","6.9","2.9","5.1","10.47","6.96","0.0","71.4","77.4","59.4","4.0","6.5","4.2","0.0","0.0","0.0","7.1","10.4","2.2"
"20231114","서울","종로구","5.0","10.8","-0.8","9.7","7.8","12.2","4.0","0.0","0.0","1.4","9.3","4.5","5.4","12.94","8.25","0.0","66.1","74.8","59.3","2.3","5.3","4.1","0.0","0.0","0.0","6.6","8.6","2.2"
"20231113","서울","종로구","2.0","6.7","-2.2","10.3","8.3","12.7","4.6","0.0","0.0","1.6","9.5","0.0","5.3","14.18","3.61","0.0","54.0","85.6","60.0","0.0","8.8","4.1","0.0","0.0","0.0","7.3","10.4","2.3"
"20231112","서울","종로구","1.2","5.7","-2.0","16.3","8.9","13.2","5.1","0.0","57.9","1.7","9.5","2.6","5.0","14.17","6.93","0.0","53.8","80.0","60.7","0.0","8.1","4.4","0.0","0.0","0.0","9.1","9.9","2.3"
"20231111","서울","종로구","1.7","6.7","-1.9","15.6","9.2","13.6","5.4","0.0","0.0","1.9","7.0","8.8","5.1","10.9","11.75","0.0","47.9","62.5","60.6","1.9","0.9","4.4","0.0","0.0","0.0","6.7","6.4","2.3"
"20231110","서울","종로구","3.4","9.1","0.5","13.5","9.4","13.8","5.5","0.0","0.0","2.2","9.0","7.9","5.2","14.52","10.6","0.0","53.1","74.5","60.5","1.1","1.6","4.4","0.0","0.0","0.0","12.7","4.8","2.4"
"20231109","서울","종로구","11.4","18.4","5.9","11.4","9.8","14.2","5.9","5.1","0.0","2.4","2.1","5.3","4.9","6.78","9.82","0.0","73.1","76.0","61.2","5.6","6.1","4.6","0.0","0.0","0.0","10.4","4.9","2.4"
"20231108","서울","종로구","8.4","16.1","1.8","12.9","10.3","14.8","6.3","0.0","0.0","2.4","9.4","8.1","4.8","13.65","11.55","0.0","55.1","68.3","61.7","2.6","2.5","4.7","0.0","0.0","0.0","5.1","6.4","2.3"
"20231107","서울","종로구","5.8","9.9","3.6","11.4","10.7","15.4","6.5","0.0","0.0","2.4","8.4","4.4","5.0","14.34","8.35","0.0","62.5","64.5","62.3","1.6","5.9","4.5","0.0","0.0","0.0","16.5","7.0","2.2"
"20231106","서울","종로구","13.3","19.3","6.6","9.6","11.0","15.8","6.6","45.8","0.0","2.2","0.8","9.6","5.2","4.42","14.19","0.0","84.9","60.5","62.5","9.4","2.6","4.2","0.0","0.0","0.0","16.9","5.5","2.1"
"20231105","서울","종로구","17.3","20.4","15.1","6.5","11.2","16.2","6.6","10.4","0.0","1.4","0.0","9.7","5.5","3.75","15.06","0.0","87.0","51.3","61.9","9.1","0.0","3.9","0.0","0.0","0.0","10.6","7.2","2.0"
"20231104","서울","종로구","17.4","20.9","14.1","4.9","11.1","16.1","6.5","0.0","0.0","1.2","2.8","9.6","5.9","8.32","15.6","0.0","75.5","41.8","61.2","5.6","0.1","3.6","0.0","0.0","0.0","7.1","9.8","2.0"
"20231103","서울","종로구","19.5","22.4","17.7","9.3","10.8","15.9","6.2","8.5","0.0","1.0","1.2","0.6","6.2","6.1","5.36","0.0","83.3","58.1","60.2","7.9","6.1","3.4","0.0","0.0","0.0","9.0","9.0","2.0"
"20231102","서울","종로구","20.8","25.9","18.7","11.1","10.7","15.7","6.1","0.0","0.0","1.2","8.0","9.6","6.1","12.86","15.45","0.0","70.9","57.1","59.2","4.6","0.0","3.5","0.0","0.0","0.0","11.0","6.8","2.1"
"20231101","서울","종로구","19.0","20.6","17.2","13.1","10.6","15.7","6.1","0.0","0.0","1.2","0.0","4.7","6.3","2.23","9.52","0.0","81.8","73.5","58.1","9.0","3.4","3.5","0.0","0.0","0.0","8.0","7.6","2.1"
"20231031","서울","종로구","16.5","20.8","12.7","14.9","10.8","15.7","6.4","0.0","0.0","1.3","5.2","7.6","6.2","10.57","13.19","0.0","76.0","69.8","58.2","5.8","4.0","3.6","0.0","0.0","0.0","7.2","5.4","2.1"
"20231030","서울","종로구","15.1","21.9","9.7","14.9","11.1","16.1","6.7","0.0","0.0","1.4","9.3","8.9","6.2","13.71","13.64","0.0","72.0","64.5","58.4","1.1","1.1","3.7","0.0","0.0","0.0","5.3","5.0","2.1"
"20231029","서울","종로구","14.9","21.8","9.8","14.8","11.4","16.5","6.9","0.0","0.0","1.5","9.7","9.3","6.4","15.3","14.64","0.0","61.6","65.9","58.3","0.0","1.1","3.4","0.0","0.0","0.0","5.8","5.6","2.0"
"20231028","서울","종로구","14.2","20.7","9.4","13.6","11.7","16.8","7.3","0.0","0.0","1.2","9.7","8.3","6.7","15.3","14.35","0.0","62.9","70.1","58.4","0.0","1.5","3.1","0.0","0.0","0.0","5.0","5.6","2.0"
"20231027","서울","종로구","15.7","20.2","12.6","13.2","12.2","17.2","7.8","0.0","0.0","1.5","4.6","9.2","6.5","10.07","14.31","0.0","71.1","71.8","59.9","3.8","1.4","3.2","0.0","0.0","0.0","6.1","7.7","2.1"
"20231026","서울","종로구","17.2","21.1","14.6","12.9","12.7","17.7","8.3","0.0","0.0","1.9","0.8","7.3","6.6","5.79","12.66","0.0","79.4","58.3","60.7","8.9","4.9","3.2","0.0","0.0","0.0","8.7","5.9","2.1"
"20231025","서울","종로구","16.6","21.9","12.7","11.3","13.0","18.0","8.6","0.0","0.0","1.9","6.0","9.9","6.6","11.4","16.37","0.0","78.6","56.5","60.8","4.0","0.0","3.2","0.0","0.0","0.0","4.4","7.6","2.1"
"20231024","서울","종로구","15.6","19.3","11.2","10.6","13.3","18.4","9.1","0.0","0.0","1.9","3.7","9.9","6.3","9.34","16.88","0.0","78.5","52.6","61.0","5.0","0.3","3.5","0.0","0.0","0.0","5.8","8.8","2.1"
"20231023","서울","종로구","15.2","21.4","11.1","14.0","13.9","18.9","9.5","0.0","0.0","2.2","6.5","7.7","6.3","12.64","14.04","0.0","73.8","65.0","61.7","3.8","2.5","3.6","0.0","0.0","0.0","5.9","8.8","2.1"
"20231022","서울","종로구","12.5","18.7","5.4","15.1","14.2","19.5","9.8","0.0","0.0","1.9","8.6","9.3","6.4","14.58","14.93","0.0","67.3","76.3","61.9","4.3","4.3","3.6","0.0","0.0","0.0","6.9","7.3","2.0"
"20231021","서울","종로구","10.4","16.6","5.9","14.0","14.5","19.8","10.0","1.1","0.0","1.4","8.6","8.8","6.5","16.7","15.16","0.0","54.8","68.8","61.6","1.1","4.9","3.4","0.0","0.0","0.0","9.9","5.7","2.0"
"20231020","서울","종로구","11.6","15.1","7.2","12.9","14.7","20.1","10.1","0.0","0.0","1.2","10.1","10.1","6.7","17.9","17.2","0.0","46.9","64.4","61.6","1.3","2.1","3.3","0.0","0.0","0.0","12.1","5.3","1.9"
"20231019","서울","종로구","17.0","18.9","14.9","10.5","14.8","20.2","10.2","8.2","0.0","1.0","0.0","10.2","6.9","2.88","17.78","0.0","82.5","57.8","62.0","9.5","0.0","3.1","0.0","0.0","0.0","6.4","8.0","1.9"
"20231018","서울","종로구","15.7","21.6","9.2","9.4","14.8","20.2","10.2","0.0","0.0","1.2","8.3","10.2","6.9","14.37","18.27","0.0","67.0","52.1","61.9","4.0","0.0","3.2","0.0","0.0","0.0","8.1","7.2","1.9"
"20231017","서울","종로구","13.8","20.9","7.5","11.2","14.8","20.1","10.2","0.0","0.0","1.3","10.4","10.1","6.8","17.85","18.79","0.0","55.6","50.3","61.8","0.0","1.4","3.3","0.0","0.0","0.0","5.1","11.4","1.9"
"20231016","서울","종로구","14.7","19.6","10.7","16.9","14.9","20.2","10.4","0.0","0.0","1.3","10.4","0.6","6.9","18.0","6.15","0.0","57.0","73.9","61.6","0.0","8.8","3.4","0.0","0.0","0.0","6.3","7.4","1.9"
"20231015","서울","종로구","16.1","21.2","10.9","18.2","15.1","20.4","10.5","0.0","0.0","1.6","6.1","8.2","6.9","13.73","16.21","0.0","80.0","68.5","61.4","2.0","5.8","3.6","0.0","0.0","0.0","8.2","6.5","2.0"
"20231014","서울","종로구","14.7","18.2","12.9","17.1","15.4","20.7","10.8","5.8","0.0","1.9","2.5","4.9","6.9","6.54","13.52","0.0","84.9","73.4","61.0","5.5","7.9","3.7","0.0","0.0","0.0","4.8","5.5","2.0"
"20231013","서울","종로구","17.5","21.5","14.3","16.3","15.7","21.0","11.1","0.0","0.0","1.7","2.5","10.4","7.0","9.14","17.98","0.0","69.6","69.6","61.1","7.6","2.5","3.7","0.0","0.0","0.0","4.8","5.3","2.0"
"20231012","서울","종로구","17.5","24.1","12.0","13.5","16.1","21.3","11.6","0.0","0.0","1.8","7.3","10.6","6.9","14.4","18.13","0.0","62.4","68.1","61.7","4.1","0.0","3.9","0.0","0.0","0.0","4.6","6.6","2.0"
"20231011","서울","종로구","17.6","24.0","12.9","11.1","16.5","21.7","12.0","0.0","0.0","1.9","10.0","10.3","6.8","17.49","18.72","0.0","57.5","69.1","62.0","0.5","2.1","4.0","0.0","0.0","0.0","6.1","9.3","1.9"
"20231010","서울","종로구","17.1","23.5","11.9","9.9","16.8","21.9","12.3","0.0","0.0","1.6","10.6","2.3","7.0","18.62","9.31","0.0","67.1","72.9","62.5","0.0","7.4","3.9","0.0","0.0","0.0","6.3","12.8","1.9"
"20231009","서울","종로구","17.4","22.4","14.1","13.1","17.1","22.2","12.6","1.2","20.4","1.4","4.2","0.0","6.9","11.77","2.4","0.0","68.1","85.8","63.3","6.0","8.8","3.9","0.0","0.0","0.0","7.7","11.5","1.9"
"20231008","서울","종로구","17.1","19.5","15.2","15.8","17.3","22.4","12.8","0.0","0.0","1.6","0.0","9.5","7.0","5.92","18.48","0.0","67.1","64.6","63.1","8.4","2.9","3.9","0.0","0.0","0.0","6.6","6.5","1.9"
"20231007","서울","종로구","16.8","21.2","11.7","14.3","17.3","22.6","12.8","0.0","0.0","1.5","5.2","7.6","7.3","13.16","15.08","0.0","62.6","69.5","62.4","7.8","3.4","3.7","0.0","0.0","0.0","6.0","9.2","1.9"
"20231006","서울","종로구","15.5","21.5","9.6","15.8","17.4","22.6","12.8","0.0","0.0","1.4","8.8","1.6","7.3","17.92","7.74","0.0","55.3","76.6","62.3","5.6","8.9","3.9","0.0","0.0","0.0","6.1","6.2","2.0"
"20231005","서울","종로구","14.2","19.2","9.9","16.6","17.4","22.6","13.1","0.0","0.1","1.8","10.6","4.9","7.0","19.99","15.62","0.0","46.1","74.8","62.7","2.3","7.5","4.2","0.0","0.0","0.0","7.8","6.7","2.0"
"20231004","서울","종로구","17.3","23.2","14.2","17.9","17.6","22.6","13.2","14.7","11.8","2.0","5.3","0.4","6.9","12.11","6.5","0.0","75.5","83.8","63.5","5.8","9.8","4.3","0.0","0.0","0.0","11.3","10.2","2.0"
"20231003","서울","종로구","17.5","22.5","14.4","21.4","17.8","22.7","13.5","0.0","76.0","2.1","3.0","0.0","6.4","9.4","1.06","0.0","66.3","98.5","64.8","4.9","10.0","4.5","0.0","0.0","0.0","5.0","13.7","2.0"
"20231002","서울","종로구","18.2","24.6","12.9","19.4","18.0","22.9","13.9","0.0","15.8","3.1","10.3","0.0","6.3","19.93","3.8","0.0","53.8","78.9","65.9","2.0","9.9","4.6","0.0","0.0","0.0","8.5","8.6","2.0"
"20231001","서울","종로구","18.4","23.7","14.4","20.9","18.4","23.1","14.3","0.0","0.0","3.8","10.4","7.9","6.0","20.05","17.31","0.0","59.5","63.3","66.6","0.1","5.4","4.6","0.0","0.0","0.0","8.5","4.2","1.9"
"20230930","서울","종로구","19.7","22.2","17.1","20.7","18.7","23.3","14.7","4.5","0.0","3.7","1.6","10.6","5.7","7.45","19.27","0.0","77.0","68.0","66.3","6.1","0.3","4.8","0.0","0.0","0.0","9.9","5.2","1.9"
"20230929","서울","종로구","21.1","26.9","17.4","20.4","19.1","23.8","15.0","0.0","0.0","3.6","5.5","7.9","5.7","16.39","17.37","0.0","61.5","73.5","65.3","7.1","2.5","4.8","0.0","0.0","0.0","6.4","5.8","1.8"
"20230928","서울","종로구","22.7","27.3","19.6","20.4","19.4","24.1","15.3","0.0","0.0","3.3","8.4","5.0","6.0","17.06","12.51","0.0","78.3","71.0","64.1","5.0","4.6","4.7","0.0","0.0","0.0","7.2","4.7","1.8"
"20230927","서울","종로구","21.5","23.7","20.0","20.9","19.7","24.5","15.5","4.4","0.0","2.1","0.1","11.2","6.1","6.65","21.17","0.0","90.1","59.0","63.5","9.1","0.5","4.7","0.0","0.0","0.0","5.6","5.4","1.8"
"20230926","서울","종로구","19.9","20.8","18.6","20.0","20.0","24.8","15.8","27.8","0.0","2.1","0.0","8.7","6.2","2.33","18.48","0.0","95.8","58.5","63.9","10.0","6.5","4.7","0.0","0.0","0.0","5.7","5.3","1.8"
"20230925","서울","종로구","21.6","26.0","17.9","19.6","20.2","25.2","15.9","1.9","0.0","1.8","1.3","7.8","6.7","11.15","17.94","0.0","66.4","63.3","63.7","9.6","6.4","4.4","0.0","0.0","0.0","6.2","5.7","1.8"
"20230924","서울","종로구","21.8","26.2","17.9","18.5","20.2","25.2","15.9","0.0","0.0","1.5","9.0","10.7","6.9","19.16","21.67","0.0","56.4","64.6","63.5","5.4","3.4","4.2","0.0","0.0","0.0","8.4","7.6","1.9"
"20230923","서울","종로구","21.8","27.6","16.3","17.5","20.1","25.1","15.9","0.0","3.3","4.1","10.9","7.9","6.7","19.69","16.53","0.0","63.9","68.9","64.2","4.6","3.0","4.3","0.0","0.0","0.0","9.4","13.1","1.9"
"20230922","서울","종로구","20.5","26.7","15.2","19.8","20.2","25.1","16.1","0.0","0.0","5.3","10.4","7.4","6.5","20.37","17.9","0.0","68.4","60.1","64.4","2.0","4.0","4.6","0.0","0.0","0.0","5.6","6.6","1.9"
"20230921","서울","종로구","20.1","23.6","17.5","19.4","20.4","25.3","16.2","0.0","0.0","5.8","2.4","11.0","6.5","13.28","22.18","0.0","70.9","56.9","63.8","7.1","0.5","4.6","0.0","0.0","0.0","10.6","7.0","2.0"
"20230920","서울","종로구","20.6","23.9","18.8","19.9","20.7","25.5","16.5","35.8","0.0","6.9","0.0","9.7","6.5","2.53","18.93","0.0","90.4","57.0","63.9","9.4","2.1","4.7","0.0","0.0","0.0","9.9","7.9","2.0"
"20230919","서울","종로구","24.1","27.2","21.6","24.6","21.0","25.8","16.9","0.0","0.0","8.0","1.3","6.9","6.3","8.98","18.62","0.0","81.1","63.1","64.3","8.6","5.4","4.9","0.0","0.0","0.0","5.5","12.4","2.0"
"20230918","서울","종로구","24.7","28.9","22.1","27.1","21.4","26.2","17.3","0.0","0.0","5.8","4.9","5.7","6.3","13.83","15.9","0.0","79.1","75.3","64.0","3.8","6.5","5.0","0.0","0.0","0.0","7.7","8.2","2.1"
"20230917","서울","종로구","24.7","28.0","22.0","25.6","21.8","26.5","17.6","3.0","4.3","5.0","3.3","3.8","6.5","12.49","11.31","0.0","84.8","83.1","64.1","8.0","7.8","4.9","0.0","0.0","0.0","5.5","6.1","2.1"
"20230916","서울","종로구","23.9","26.6","22.0","25.7","21.9","26.6","17.9","38.7","14.6","4.3","0.1","1.8","6.3","6.3","10.4","0.0","87.8","78.6","64.9","9.9","9.0","5.1","0.0","0.0","0.0","4.5","8.6","2.0"
"20230915","서울","종로구","22.3","24.3","20.3","25.2","22.0","26.6","18.1","2.1","0.1","4.4","0.1","3.4","6.1","5.35","12.29","0.0","82.3","66.9","65.9","9.8","8.4","5.1","0.0","0.0","0.0","7.6","9.6","1.9"
"20230914","서울","종로구","23.4","27.2","19.2","24.6","22.0","26.5","18.2","0.0","0.0","3.7","4.2","1.1","5.7","13.7","10.09","0.0","72.4","56.9","67.0","7.6","8.8","5.4","0.0","0.0","0.0","9.3","14.3","1.9"
"20230913","서울","종로구","22.1","24.6","19.6","24.3","22.1","26.4","18.4","15.9","0.0","4.3","0.0","0.1","5.5","3.35","7.38","0.0","84.5","73.0","68.1","9.9","9.6","5.7","0.0","0.0","0.0","7.7","7.8","1.9"
"20230912","서울","종로구","25.7","29.8","21.7","23.8","22.2","26.5","18.5","0.0","0.0","4.9","3.5","3.5","5.3","12.52","13.15","0.0","69.8","76.1","68.8","7.4","8.1","5.7","0.0","0.0","0.0","5.4","5.1","1.9"
"20230911","서울","종로구","25.5","29.8","23.1","23.3","22.3","26.6","18.6","0.0","0.1","5.5","5.1","1.8","5.3","14.79","10.27","0.0","67.3","68.6","69.3","6.5","8.9","5.7","0.0","0.0","0.0","5.8","6.9","1.9"
"20230910","서울","종로구","25.7","29.6","22.0","23.6","22.5","26.8","18.9","0.0","0.0","4.6","5.7","6.5","5.5","14.57","18.76","0.0","68.1","52.3","68.8","6.1","7.9","5.8","0.0","0.0","0.0","6.2","8.0","1.9"
"20230909","서울","종로구","25.8","31.2","20.8","24.3","22.8","27.1","19.0","0.0","0.0","4.8","10.9","11.1","5.9","22.64","23.91","0.0","66.3","59.1","68.5","3.3","4.1","5.6","0.0","0.0","0.0","6.3","6.4","2.0"
"20230908","서울","종로구","25.3","30.5","19.6","23.2","22.9","27.4","19.1","0.0","0.0","4.3","12.0","11.8","6.0","24.13","23.96","0.0","60.3","65.5","68.4","0.4","2.1","5.5","0.0","0.0","0.0","7.1","5.6","2.0"
"20230907","서울","종로구","26.3","31.6","20.9","22.8","23.0","27.3","19.3","0.0","0.0","5.4","12.1","11.9","5.8","24.56","24.4","0.0","54.8","65.3","68.7","0.0","0.1","5.7","0.0","0.0","0.0","8.0","6.6","2.0"
"20230906","서울","종로구","27.9","32.1","24.0","21.0","23.2","27.6","19.5","0.0","25.3","5.1","11.3","8.4","5.8","22.64","20.76","0.0","65.1","78.0","68.3","1.1","3.9","5.6","0.0","0.0","0.0","8.2","13.8","2.0"
"20230905","서울","종로구","28.5","32.8","25.0","19.2","23.3","27.6","19.7","0.0","120.0","6.0","7.0","0.0","5.5","19.14","1.61","0.0","69.5","95.9","69.3","6.4","10.0","5.7","0.0","0.0","0.0","6.3","18.3","2.0"
"20230904","서울","종로구","27.0","30.2","24.3","22.3","23.6","27.8","20.0","0.3","33.8","6.4","0.7","0.0","5.3","10.24","3.54","0.0","79.9","88.6","69.7","9.1","9.6","5.8","0.0","0.0","0.0","5.5","8.4","2.0"
"20230903","서울","종로구","25.8","28.8","23.1","24.2","23.9","28.1","20.3","0.1","0.0","6.5","1.9","4.5","5.5","12.19","16.39","0.0","77.8","63.0","69.9","8.1","6.6","5.8","0.0","0.0","0.0","5.9","9.0","2.1"
"20230902","서울","종로구","25.4","30.8","19.7","24.7","24.1","28.5","20.5","0.0","0.0","5.1","11.3","11.6","5.8","23.72","24.51","0.0","63.9","61.8","69.9","4.6","2.4","5.6","0.0","0.0","0.0","5.6","9.2","2.1"
"20230901","서울","종로구","24.5","29.6","19.7","24.0","24.2","28.5","20.7","0.0","0.0","5.5","12.1","12.1","5.6","24.59","25.02","0.0","70.6","70.8","70.7","0.5","1.0","5.7","0.0","0.0","0.0","6.4","7.0","2.1"
"20230831","서울","종로구","23.9","28.9","21.0","21.7","24.4","28.6","20.8","0.0","0.0","6.1","7.0","2.5","5.5","18.53","10.32","0.0","76.9","83.3","71.0","6.0","7.5","5.8","0.0","0.0","0.0","5.8","7.3","2.1"
"20230830","서울","종로구","22.8","24.5","21.5","19.1","24.4","28.6","20.9","3.5","35.8","7.1","0.0","0.0","5.5","4.42","3.06","0.0","88.0","96.3","71.6","9.8","10.0","5.9","0.0","0.0","0.0","3.5","6.8","2.1"
"20230829","서울","종로구","23.9","25.5","22.5","21.0","24.4","28.4","21.0","54.8","2.2","10.3","0.0","0.0","5.2","2.87","5.97","0.0","89.6","74.0","72.5","9.4","9.9","6.1","0.0","0.0","0.0","9.6","6.7","2.1"
"20230828","서울","종로구","22.7","25.6","20.8","22.6","24.4","28.5","21.1","10.4","0.0","11.5","0.0","12.1","5.0","3.99","24.53","0.0","87.5","59.4","72.8","10.0","5.1","6.3","0.0","0.0","0.0","9.4","5.7","2.1"
"20230827","서울","종로구","26.1","29.6","22.7","21.5","24.5","28.4","21.2","0.0","17.6","13.1","1.2","12.4","4.9","12.0","27.09","0.0","75.0","63.1","73.3","8.9","1.3","6.4","0.0","0.0","0.0","5.4","9.7","2.1"
"20230826","서울","종로구","26.4","30.3","23.3","23.8","24.6","28.5","21.4","0.0","0.0","14.1","7.3","7.8","4.8","19.84","19.91","0.0","72.3","75.3","72.9","6.4","4.5","6.5","0.0","0.0","0.0","6.8","8.7","2.1"
"20230825","서울","종로구","26.5","30.0","24.0","22.2","24.8","28.6","21.6","0.0","1.6","14.2","8.3","0.0","4.8","20.42","4.5","0.0","77.9","78.0","72.8","5.0","8.3","6.6","0.0","0.0","0.0","8.3","5.6","2.1"
"20230824","서울","종로구","25.1","27.8","22.3","24.8","25.0","28.9","21.7","5.2","0.0","11.3","1.5","2.0","5.0","12.56","12.34","0.0","84.8","66.9","72.2","9.0","6.8","6.5","0.0","0.0","0.0","7.5","8.3","2.1"
"20230823","서울","종로구","24.8","27.2","23.2","25.4","25.2","29.1","22.0","41.8","2.2","11.1","0.1","7.1","4.9","3.33","20.42","0.0","91.3","75.0","72.2","9.6","5.4","6.5","0.0","0.0","0.0","7.6","6.4","2.2"
"20230822","서울","종로구","27.6","32.2","25.8","26.8","25.4","29.4","22.2","42.6","3.2","11.5","1.3","1.5","5.0","10.5","11.71","0.0","80.3","75.6","71.9","9.0","8.4","6.4","0.0","0.0","0.0","11.7","7.3","2.2"
"20230821","서울","종로구","29.5","33.6","26.0","28.1","25.6","29.6","22.4","0.0","0.0","10.7","6.4","5.5","4.9","19.04","16.37","0.0","69.8","75.3","72.3","6.6","5.9","6.4","0.0","0.0","0.0","10.1","5.7","2.2"
"20230820","서울","종로구","28.3","31.8","25.5","28.2","25.8","29.8","22.6","0.0","0.0","9.3","3.6","9.6","4.9","15.87","23.65","0.0","71.8","80.0","72.6","7.3","4.8","6.5","0.0","0.0","0.0","6.1","8.1","2.1"
"20230819","서울","종로구","29.1","33.6","26.4","26.0","25.9","29.9","22.8","0.0","66.1","8.9","9.1","0.0","4.8","21.24","5.56","0.0","68.9","86.1","73.0","3.9","9.6","6.4","0.0","0.0","0.0","7.0","9.6","2.1"
"20230818","서울","종로구","29.1","33.3","25.5","25.6","26.1","30.0","23.0","0.1","0.0","7.7","7.3","2.6","4.7","19.56","12.57","0.0","72.1","75.8","73.4","3.1","6.4","6.4","0.0","0.0","0.0","6.6","7.1","2.1"
"20230817","서울","종로구","28.2","32.4","24.5","26.0","26.2","30.1","23.1","0.0","0.0","8.0","6.2","6.0","4.7","18.24","17.1","0.0","73.0","76.6","73.9","4.6","4.0","6.5","0.0","0.0","0.0","6.4","7.0","2.0"
"20230816","서울","종로구","27.3","31.6","24.7","26.7","26.5","30.4","23.5","0.3","0.0","7.4","3.7","9.2","5.0","15.46","23.34","0.0","72.0","75.4","73.9","4.5","4.8","6.4","0.0","0.0","0.0","6.5","8.4","2.0"
"20230815","서울","종로구","28.6","32.7","24.7","28.1","26.6","30.5","23.6","0.0","0.9","8.1","7.7","0.0","5.0","21.84","6.28","0.0","71.4","83.0","74.0","6.5","9.5","6.3","0.0","0.0","0.0","7.1","16.1","2.0"
"20230814","서울","종로구","28.1","31.9","24.8","27.6","26.7","30.5","23.6","0.0","3.0","9.5","3.9","2.2","5.1","13.71","13.95","0.0","75.4","83.0","74.4","4.0","7.8","6.4","0.0","0.0","0.0","6.4","6.3","2.0"
"20230813","서울","종로구","27.0","31.1","22.6","25.8","26.8","30.7","23.7","0.0","4.0","10.8","2.7","0.8","5.3","17.49","5.06","0.0","76.9","82.8","74.2","8.3","8.9","6.4","0.0","0.0","0.0","5.6","5.6","2.0"
"20230812","서울","종로구","23.3","24.1","22.5","27.0","26.9","30.8","23.8","1.5","0.0","9.6","0.1","10.6","5.2","4.19","24.86","0.0","91.0","73.8","74.0","8.9","4.5","6.4","0.0","0.0","0.0","5.4","6.1","2.0"
"20230811","서울","종로구","23.5","24.9","21.6","25.0","26.9","30.9","23.8","46.7","38.8","9.2","0.0","0.8","5.2","3.94","8.81","0.0","93.1","87.9","73.7","10.0","9.0","6.4","0.0","0.0","0.0","13.0","4.9","2.0"
"20230810","서울","종로구","22.2","25.1","20.9","24.7","26.9","30.9","23.8","86.1","7.6","11.3","0.0","3.1","5.2","2.42","16.23","0.0","91.9","85.3","73.9","10.0","9.1","6.5","0.0","0.0","0.0","18.1","6.3","2.1"
"20230809","서울","종로구","28.3","31.6","25.1","25.1","27.0","30.9","23.9","0.2","123.1","13.4","3.3","0.0","5.0","13.66","2.42","0.0","67.6","96.0","74.0","8.0","10.0","6.6","0.0","0.0","0.0","10.6","12.3","2.1"
"20230808","서울","종로구","30.9","35.8","26.4","26.8","27.0","30.9","24.0","0.0","129.6","14.6","11.0","0.0","5.0","23.96","0.0","0.0","60.5","91.6","74.2","2.4","10.0","6.6","0.0","0.0","0.0","7.8","24.9","2.1"
"20230807","서울","종로구","30.4","34.6","27.3","28.9","27.2","31.1","24.1","0.0","0.9","13.2","5.8","0.6","5.3","15.83","9.26","0.0","68.4","82.1","73.9","4.4","8.4","6.4","0.0","0.0","0.0","8.1","9.8","2.1"
"20230806","서울","종로구","29.8","33.0","27.0","28.7","27.1","31.0","24.0","4.9","13.6","15.9","3.8","0.4","5.3","12.95","7.48","0.0","76.5","85.3","74.4","5.8","7.5","6.4","0.0","0.0","0.0","11.9","5.2","2.1"
"20230805","서울","종로구","30.3","34.9","26.4","29.4","27.1","31.0","24.1","0.0","0.0","14.5","12.7","6.3","5.4","27.31","19.58","0.0","69.0","76.6","74.4","2.8","5.9","6.3","0.0","0.0","0.0","7.0","9.2","2.2"
"20230804","서울","종로구","30.0","34.4","26.5","28.9","27.2","31.1","24.2","0.0","0.0","13.6","9.6","8.7","5.3","23.13","22.24","0.0","67.6","79.3","74.4","4.3","4.4","6.3","0.0","0.0","0.0","7.3","7.5","2.2"
"20230803","서울","종로구","29.5","33.8","25.8","27.1","27.3","31.1","24.2","0.0","51.1","13.1","11.0","1.3","5.1","25.4","8.74","0.0","67.0","90.1","74.9","3.9","9.3","6.5","0.0","0.0","0.0","6.5","10.8","2.2"
"20230802","서울","종로구","29.7","33.7","26.8","26.8","27.1","30.9","24.3","0.0","33.5","14.1","11.2","0.0","4.7","24.81","4.37","0.0","67.8","90.0","75.6","4.0","9.9","6.7","0.0","0.0","0.0","7.9","10.1","2.2"
"20230801","서울","종로구","29.9","34.2","25.5","28.6","27.1","30.9","24.3","0.0","30.0","11.4","10.3","3.2","4.4","21.25","15.09","0.0","71.6","82.4","75.8","4.1","8.9","6.8","0.0","0.0","0.0","5.5","9.3","2.3"
"20230731","서울","종로구","28.7","33.4","25.6","27.2","27.1","30.7","24.3","0.3","47.2","11.5","6.5","0.0","4.1","20.26","4.93","0.0","76.3","85.8","76.3","6.4","9.8","7.0","0.0","0.0","0.0","6.4","7.6","2.2"
"20230730","서울","종로구","28.8","34.9","24.9","30.9","27.0","30.5","24.2","25.0","1.0","11.8","9.1","9.4","4.1","21.99","23.53","0.0","72.5","68.4","76.6","4.8","4.5","7.1","0.0","0.0","0.0","9.0","10.3","2.2"
"20230729","서울","종로구","29.1","33.3","26.1","30.7","26.8","30.3","24.0","0.0","0.0","13.4","6.8","7.6","4.0","18.5","20.28","0.0","72.1","68.1","76.5","4.4","5.0","7.2","0.0","0.0","0.0","8.3","6.5","2.1"
"20230728","서울","종로구","29.5","34.1","25.4","29.7","26.7","30.2","23.8","0.0","0.0","15.0","9.5","9.9","4.2","23.36","25.2","0.0","72.4","63.8","75.9","3.3","3.5","7.1","0.0","0.0","0.0","7.7","7.6","2.2"
"20230727","서울","종로구","28.4","32.2","24.4","29.3","26.5","30.1","23.6","0.0","0.0","16.9","6.8","6.0","4.1","18.25","19.72","0.0","78.1","66.3","76.1","5.9","5.3","7.1","0.0","0.0","0.0","5.7","7.7","2.2"
"20230726","서울","종로구","27.6","31.1","24.9","28.9","26.3","29.8","23.5","1.0","0.0","16.4","3.0","9.0","3.8","15.79","22.31","0.0","80.9","72.5","76.3","7.6","5.0","7.3","0.0","0.0","0.0","8.4","6.0","2.3"
"20230725","서울","종로구","27.8","30.5","25.8","27.5","26.2","29.8","23.4","5.6","0.0","16.0","3.5","9.6","3.8","16.84","25.49","0.0","80.5","75.0","76.0","7.1","3.8","7.4","0.0","0.0","0.0","10.1","6.5","2.3"
"20230724","서울","종로구","26.9","30.0","24.6","25.0","26.2","29.8","23.3","0.4","1.2","15.1","3.2","0.4","3.9","14.08","8.82","0.0","83.1","86.9","76.4","7.3","9.5","7.3","0.0","0.0","0.0","6.4","6.5","2.4"
"20230723","서울","종로구","25.2","25.8","24.5","24.8","26.2","29.7","23.4","40.2","9.9","12.7","0.0","0.1","3.6","2.37","9.09","0.0","94.3","83.6","76.9","10.0","9.4","7.4","0.0","0.0","0.0","9.6","6.6","2.4"
"20230722","서울","종로구","27.7","32.5","24.6","25.1","26.1","29.7","23.2","12.3","5.2","11.3","6.4","2.5","3.8","17.66","13.54","0.0","73.9","81.5","76.7","6.6","7.5","7.3","0.0","0.0","0.0","11.5","5.5","2.4"
"20230721","서울","종로구","29.5","34.3","24.6","23.2","26.0","29.7","23.0","0.0","10.4","12.4","10.2","0.5","4.0","23.64","6.6","0.0","69.6","87.6","76.7","2.3","8.9","7.2","0.0","0.0","0.0","6.3","9.7","2.4"
"20230720","서울","종로구","27.9","32.8","24.0","27.1","25.9","29.7","22.8","0.0","1.1","10.2","9.9","3.1","4.2","24.17","17.68","0.0","74.0","76.1","76.3","2.9","9.0","7.0","0.0","0.0","0.0","5.6","7.2","2.4"
"20230719","서울","종로구","27.2","32.4","22.5","27.4","25.6","29.3","22.5","0.0","0.0","9.4","11.5","8.4","4.0","26.41","23.44","0.0","78.8","74.1","76.5","2.3","6.3","7.1","0.0","0.0","0.0","6.7","8.2","2.3"
"20230718","서울","종로구","25.2","27.7","24.1","26.8","25.2","29.0","22.1","2.3","0.0","13.0","2.0","5.2","4.0","7.94","21.01","0.0","87.9","76.0","77.1","8.0","5.4","7.2","0.0","0.0","0.0","5.1","7.3","2.3"
"20230717","서울","종로구","25.5","27.8","23.7","25.5","24.9","28.6","22.0","1.4","0.0","16.3","0.4","3.6","3.7","10.78","16.82","0.0","86.1","78.9","77.6","9.0","7.3","7.4","0.0","0.0","0.0","7.5","8.4","2.3"
"20230716","서울","종로구","24.6","25.4","23.7","24.8","24.8","28.5","22.0","9.7","34.0","15.1","0.0","1.5","3.6","5.31","10.77","0.0","89.5","83.4","77.4","9.3","8.3","7.5","0.0","0.0","0.0","9.2","10.5","2.3"
"20230715","서울","종로구","24.5","25.7","23.7","26.0","24.7","28.3","21.9","2.3","0.0","17.4","0.0","8.9","3.5","3.16","24.49","0.0","93.5","76.5","77.9","9.9","5.3","7.7","0.0","0.0","0.0","11.8","8.0","2.4"
"20230714","서울","종로구","24.6","25.1","23.9","25.7","24.7","28.3","21.9","72.7","0.9","19.2","0.0","3.9","3.4","1.52","17.21","0.0","99.1","84.6","77.8","10.0","8.1","7.8","0.0","0.0","0.0","11.0","6.8","2.4"
"20230713","서울","종로구","25.2","26.5","24.7","25.0","24.8","28.3","21.9","91.6","114.5","16.6","0.0","0.0","3.4","2.63","1.25","0.0","95.0","93.9","77.2","10.0","10.0","7.8","0.0","0.0","0.0","7.2","8.6","2.3"
"20230712","서울","종로구","25.8","29.1","22.0","26.8","24.8","28.3","21.8","0.7","0.0","14.8","1.2","0.8","3.5","12.34","11.82","0.0","86.4","73.1","76.7","9.4","8.1","7.7","0.0","0.0","0.0","5.3","6.4","2.3"
"20230711","서울","종로구","23.5","25.9","21.6","27.0","24.7","28.3","21.6","58.3","9.0","15.8","0.0","2.8","3.6","2.21","13.85","0.0","92.4","75.0","76.3","9.4","6.3","7.5","0.0","0.0","0.0","8.6","9.0","2.3"
"20230710","서울","종로구","26.3","30.9","22.9","29.2","24.7","28.4","21.5","11.5","0.0","13.9","5.9","8.4","3.8","18.41","23.08","0.0","80.4","68.0","75.2","7.3","5.6","7.4","0.0","0.0","0.0","16.8","6.3","2.2"
"20230709","서울","종로구","24.7","27.0","21.6","26.9","24.7","28.6","21.5","47.5","0.1","10.7","1.1","1.8","4.3","8.07","13.64","0.0","86.4","82.1","73.9","8.8","7.0","7.1","0.0","0.0","0.0","12.6","4.8","2.2"
"20230708","서울","종로구","25.6","29.7","22.4","25.8","24.8","28.8","21.5","0.0","1.7","10.3","1.6","0.0","4.6","13.93","6.94","0.0","76.5","84.4","73.1","7.6","9.5","6.9","0.0","0.0","0.0","6.9","8.5","2.2"
"20230707","서울","종로구","26.7","31.4","23.3","28.2","24.7","28.9","21.3","0.0","0.0","9.6","8.7","0.6","5.1","23.96","8.29","0.0","64.9","82.3","72.7","4.1","9.3","6.7","0.0","0.0","0.0","11.9","10.0","2.1"
"20230706","서울","종로구","27.3","31.8","22.4","29.5","24.7","28.9","21.3","0.0","16.1","8.0","8.8","1.1","5.2","25.47","14.49","0.0","70.9","76.0","72.7","6.3","7.3","6.7","0.0","0.0","0.0","11.6","11.6","2.2"
"20230705","서울","종로구","24.5","27.1","22.1","29.2","24.5","28.6","21.2","15.3","0.0","8.7","4.5","2.6","5.0","19.96","15.99","0.0","82.6","73.8","73.8","5.9","7.5","6.8","0.0","0.0","0.0","14.5","7.6","2.2"
"20230704","서울","종로구","26.1","29.2","24.5","29.3","24.4","28.3","21.1","61.8","0.0","11.5","0.0","3.6","4.6","6.08","14.9","0.0","86.8","71.8","75.7","9.8","6.9","7.0","0.0","0.0","0.0","9.6","7.8","2.1"
"20230703","서울","종로구","29.1","34.9","24.1","29.3","24.1","28.0","21.0","0.0","0.0","13.4","8.8","10.8","4.2","25.34","26.25","0.0","72.0","68.6","77.0","4.9","4.6","7.3","0.0","0.0","0.0","6.0","6.4","2.2"
"20230702","서울","종로구","26.7","30.6","23.5","28.8","23.9","27.7","21.0","0.0","0.0","13.7","4.3","10.8","3.6","19.16","25.83","0.0","79.5","72.8","77.8","6.6","4.1","7.6","0.0","0.0","0.0","5.7","5.3","2.2"
"20230701","서울","종로구","27.7","32.9","23.3","26.6","23.8","27.5","20.8","0.0","0.0","15.1","12.4","7.2","3.5","29.21","21.53","0.0","76.9","83.3","77.8","1.4","5.6","7.7","0.0","0.0","0.0","7.1","7.7","2.2"
"20230630","서울","종로구","25.3","29.1","23.2","22.3","23.8","27.8","20.7","1.0","176.2","13.4","1.4","0.0","3.9","10.02","2.42","0.0","89.8","99.3","76.5","7.4","10.0","7.5","0.0","0.0","0.0","5.9","9.4","2.2"
"20230629","서울","종로구","24.2","25.9","23.2","25.1","23.7","27.8","20.5","63.8","37.8","10.5","0.0","0.0","4.2","2.31","2.94","0.0","95.4","95.5","75.1","10.0","10.0","7.3","0.0","0.0","0.0","10.3","17.3","2.3"
"20230628","서울","종로구","26.5","30.1","24.2","26.9","23.7","27.9","20.3","0.0","6.3","9.3","3.8","0.0","4.6","18.56","3.33","0.0","77.4","81.9","73.8","8.1","10.0","7.1","0.0","0.0","0.0","6.8","20.9","2.3"
"20230627","서울","종로구","25.3","29.1","21.4","26.8","23.6","27.9","20.2","2.5","6.1","8.2","6.8","0.0","5.0","20.95","4.75","0.0","73.1","84.4","72.0","6.5","10.0","6.9","0.0","0.0","0.0","11.0","13.7","2.3"
"20230626","서울","종로구","24.2","27.5","22.3","26.5","23.5","27.8","19.9","30.3","0.0","6.0","0.0","0.0","5.4","3.39","3.0","0.0","88.6","82.1","70.7","10.0","10.0","6.6","0.0","0.0","0.0","10.2","8.5","2.3"
"20230625","서울","종로구","28.2","33.1","22.8","26.0","23.3","27.6","19.7","0.0","0.0","6.5","8.7","3.0","5.4","23.62","17.55","0.0","64.9","80.4","70.2","5.8","7.5","6.6","0.0","0.0","0.0","6.5","8.9","2.3"
"20230624","서울","종로구","26.4","31.1","21.9","22.6","23.3","27.8","19.6","0.0","19.1","6.2","9.7","1.7","5.5","21.93","8.5","0.0","70.5","90.9","68.6","1.5","8.4","6.5","0.0","0.0","0.0","6.8","9.8","2.3"
"20230623","서울","종로구","24.4","29.9","20.0","24.3","23.4","28.0","19.6","0.0","103.0","4.5","5.3","0.0","5.8","18.74","3.41","0.0","76.6","89.1","68.0","5.0","8.9","6.2","0.0","0.0","0.0","4.9","13.1","2.2"
"20230622","서울","종로구","22.5","26.4","18.9","25.9","23.3","28.0","19.5","0.0","0.0","3.8","6.9","7.4","6.1","21.48","22.39","0.0","77.1","71.1","68.3","6.3","6.1","6.0","0.0","0.0","0.0","8.4","6.6","2.2"
"20230621","서울","종로구","20.5","22.1","19.2","26.5","23.3","28.2","19.5","24.9","0.0","3.8","0.0","12.6","6.0","4.79","28.94","0.0","92.6","72.6","67.9","9.4","3.1","6.1","0.0","0.0","0.0","6.0","7.2","2.1"
"20230620","서울","종로구","24.7","26.4","21.4","25.2","23.3","28.2","19.4","6.4","0.0","3.9","0.0","1.8","6.1","5.89","12.59","0.0","64.5","76.6","67.5","8.8","6.0","6.1","0.0","0.0","0.0","9.7","4.4","2.1"
"20230619","서울","종로구","28.5","34.0","23.3","23.4","23.2","28.2","19.3","0.0","0.0","4.1","11.0","0.0","6.1","25.29","5.06","0.0","57.8","81.6","67.2","3.3","8.6","6.0","0.0","0.0","0.0","7.3","4.7","2.1"
"20230618","서울","종로구","25.9","32.6","20.8","23.3","23.2","28.2","19.1","0.0","0.0","3.6","12.3","0.0","6.3","28.79","6.07","0.0","60.5","79.6","65.9","3.4","7.6","5.9","0.0","0.0","0.0","6.6","6.0","2.1"
"20230617","서울","종로구","24.2","30.2","18.9","22.5","23.1","28.2","19.0","0.0","0.0","3.1","10.8","3.2","6.6","27.4","17.86","0.0","57.1","76.4","64.5","4.4","5.8","5.8","0.0","0.0","0.0","6.3","6.6","2.1"
"20230616","서울","종로구","23.7","28.9","19.1","20.3","23.1","28.2","18.9","0.0","0.7","3.3","12.5","3.8","6.9","29.89","13.0","0.0","64.4","78.4","63.9","0.9","5.6","5.6","0.0","0.0","0.0","6.8","6.9","2.1"
"20230615","서울","종로구","22.7","28.3","17.7","17.5","23.0","28.1","18.7","0.0","18.5","2.9","8.8","0.0","7.0","25.05","5.62","0.0","70.8","92.4","63.8","2.9","9.8","5.5","0.0","0.0","0.0","8.2","7.4","2.2"
"20230614","서울","종로구","20.6","25.0","17.5","21.5","22.7","27.9","18.5","30.6","0.0","3.0","4.2","5.7","7.3","13.12","18.58","0.0","80.3","56.4","64.1","4.1","7.8","5.5","0.0","0.0","0.0","6.7","12.2","2.2"
"20230613","서울","종로구","22.0","26.0","19.2","23.6","22.6","27.6","18.4","0.0","18.0","3.4","9.9","7.7","7.2","25.43","20.66","0.0","70.0","68.5","64.3","3.9","7.5","5.5","0.0","0.0","0.0","9.0","8.6","2.3"
"20230612","서울","종로구","22.2","27.5","18.4","24.6","22.4","27.5","18.4","0.0","0.0","4.4","6.7","9.3","6.8","19.9","24.52","0.0","70.5","58.9","65.0","6.6","5.8","5.7","0.0","0.0","0.0","7.6","6.8","2.3"
"20230611","서울","종로구","22.1","27.3","17.9","24.6","22.4","27.4","18.2","32.2","0.0","3.9","6.4","10.7","6.9","21.1","26.54","0.0","76.1","59.6","65.1","6.1","3.4","5.6","0.0","0.0","0.0","5.9","8.1","2.2"
"20230610","서울","종로구","23.2","28.5","19.6","20.9","22.3","27.4","18.2","0.8","1.2","3.4","5.6","4.8","6.7","18.18","15.38","0.0","70.0","75.8","64.4","6.9","5.6","5.7","0.0","0.0","0.0","12.6","8.2","2.2"
"20230609","서울","종로구","23.3","28.4","18.3","20.9","22.3","27.4","18.1","1.2","2.6","2.8","11.8","2.6","6.5","28.15","10.66","0.0","64.0","76.1","63.7","4.6","5.5","5.6","0.0","0.0","0.0","7.7","6.7","2.1"
"20230608","서울","종로구","20.4","23.9","18.3","21.2","22.2","27.4","17.9","1.9","0.0","2.5","0.9","5.1","6.4","10.19","16.97","0.0","80.5","61.6","63.1","8.4","6.4","5.6","0.0","0.0","0.0","8.4","6.7","2.1"
"20230607","서울","종로구","21.4","25.7","18.9","20.6","22.1","27.3","17.7","0.0","0.0","1.2","1.0","6.2","6.8","10.07","17.34","0.0","75.3","54.5","61.8","8.9","6.4","5.3","0.0","0.0","0.0","6.5","10.0","2.1"
"20230606","서울","종로구","20.3","25.2","17.3","19.7","21.9","27.1","17.5","0.0","4.3","1.3","7.9","5.5","6.7","21.98","21.01","0.0","72.9","69.0","60.9","6.1","6.9","5.5","0.0","0.0","0.0","9.8","11.4","2.1"
"20230605","서울","종로구","21.5","26.3","17.6","22.7","21.7","26.9","17.2","0.0","0.0","1.7","10.9","0.1","7.0","26.6","8.16","0.0","66.9","59.8","60.5","4.4","9.1","5.2","0.0","0.0","0.0","10.8","9.5","2.2"
"20230604","서울","종로구","22.1","28.0","16.9","25.6","21.5","26.8","17.0","0.0","0.0","2.6","11.1","6.2","7.3","28.74","18.22","0.0","61.0","57.0","59.9","3.3","7.0","5.1","0.0","0.0","0.0","9.1","5.0","2.2"
"20230603","서울","종로구","22.0","27.8","16.6","24.5","21.3","26.6","16.7","0.0","0.0","2.8","13.3","10.6","7.5","31.19","27.2","0.0","60.1","62.8","59.2","2.1","4.1","4.9","0.0","0.0","0.0","10.6","7.9","2.3"
"20230602","서울","종로구","20.4","25.0","17.9","21.5","21.1","26.5","16.4","0.0","0.0","2.7","5.2","10.4","7.9","14.24","27.13","0.0","77.4","67.4","58.4","3.5","3.9","4.7","0.0","0.0","0.0","7.0","7.6","2.3"
"20230601","서울","종로구","22.8","26.3","19.7","22.1","20.9","26.3","16.2","0.0","0.0","2.5","2.2","13.5","7.9","15.18","30.79","0.0","66.9","41.6","58.3","8.3","0.6","4.6","0.0","0.0","0.0","5.7","10.3","2.4"
"20230531","서울","종로구","22.8","28.2","18.8","20.7","20.9","26.3","16.1","0.0","0.0","2.1","7.1","12.0","7.9","23.98","27.48","0.0","60.8","42.4","58.4","6.5","1.4","4.6","0.0","0.0","0.0","8.4","11.8","2.3"
"20230530","서울","종로구","24.0","28.9","20.5","20.8","20.7","26.1","15.9","0.0","0.0","1.7","3.7","0.2","7.9","18.2","9.8","0.0","69.5","71.0","58.1","6.5","7.9","4.7","0.0","0.0","0.0","8.5","9.8","2.3"
"20230529","서울","종로구","23.2","28.5","19.0","23.1","20.4","25.8","15.6","2.3","0.0","2.1","4.1","7.0","7.9","15.87","21.5","0.0","83.4","66.4","58.2","6.8","6.0","4.6","0.0","0.0","0.0","4.9","9.2","2.3"
"20230528","서울","종로구","19.2","20.2","18.4","22.3","20.1","25.4","15.5","41.8","0.0","2.4","0.0","12.4","7.4","2.46","27.49","0.0","98.9","54.1","59.0","10.0","2.1","4.8","0.0","0.0","0.0","10.3","12.4","2.3"
"20230527","서울","종로구","19.3","20.7","18.6","20.0","19.9","25.2","15.3","31.8","0.0","2.8","0.0","11.8","7.3","3.13","28.71","0.0","87.4","62.5","60.0","9.6","2.4","4.9","0.0","0.0","0.0","5.9","10.0","2.3"
"20230526","서울","종로구","21.4","27.3","15.8","18.7","19.6","24.9","15.0","0.5","0.0","3.8","10.7","11.6","7.1","26.25","28.88","0.0","57.4","59.9","60.3","7.0","4.5","4.8","0.0","0.0","0.0","7.9","13.0","2.4"
"20230525","서울","종로구","21.2","27.4","15.7","21.0","19.6","24.9","15.0","0.0","3.5","3.2","10.4","8.1","7.1","27.9","22.59","0.0","46.6","66.6","60.6","5.4","6.5","4.8","0.0","0.0","0.0","9.0","9.6","2.4"
"20230524","서울","종로구","20.6","25.9","14.8","22.9","19.6","24.9","15.0","0.0","0.0","2.9","6.2","12.3","7.1","19.16","28.86","0.0","49.8","56.8","60.9","7.0","3.4","4.9","0.0","0.0","0.0","7.7","7.5","2.4"
"20230523","서울","종로구","20.5","26.9","14.1","23.0","19.5","24.9","14.7","0.0","0.0","2.9","13.2","10.4","7.2","29.85","26.01","0.0","48.0","63.5","60.3","0.6","3.0","4.8","0.0","0.0","0.0","10.0","7.2","2.3"
"20230522","서울","종로구","20.3","26.8","15.9","20.3","19.3","24.9","14.4","0.0","0.0","2.8","7.9","9.0","7.5","23.93","24.3","0.0","61.3","70.9","59.5","6.3","3.8","4.6","0.0","0.0","0.0","6.9","8.2","2.3"
"20230521","서울","종로구","17.8","21.9","15.3","20.1","19.1","24.6","14.1","0.2","0.0","2.3","5.8","9.3","7.5","20.72","24.88","0.0","74.0","70.8","59.8","9.0","3.6","4.7","0.0","0.0","0.0","9.5","9.3","2.4"
"20230520","서울","종로구","21.2","26.7","16.6","20.6","18.7","24.2","13.8","0.0","0.0","3.4","9.7","10.8","7.2","25.72","25.74","0.0","66.9","52.8","60.8","5.0","5.0","4.8","0.0","0.0","0.0","12.7","8.4","2.4"
"20230519","서울","종로구","22.3","27.8","16.7","19.9","18.4","23.8","13.5","0.0","0.0","4.0","9.4","7.8","7.1","25.57","20.97","0.0","61.4","53.6","60.8","2.4","4.9","4.9","0.0","0.0","0.0","8.5","10.6","2.4"
"20230518","서울","종로구","21.2","27.6","18.8","20.0","18.1","23.4","13.4","1.3","1.5","4.6","1.4","6.4","7.0","13.7","15.71","0.0","74.8","59.4","61.8","7.1","4.3","5.0","0.0","0.0","0.0","11.9","11.0","2.4"
"20230517","서울","종로구","23.5","28.7","18.6","20.0","18.0","23.2","13.5","0.0","0.0","4.6","11.4","12.8","6.7","27.59","27.56","0.0","63.6","60.1","62.3","4.6","0.3","5.4","0.0","0.0","0.0","13.1","9.4","2.4"
"20230516","서울","종로구","24.0","31.2","17.2","17.3","18.0","23.2","13.3","0.0","0.0","4.2","12.1","13.1","6.9","27.62","28.89","0.0","51.9","56.3","61.2","2.1","0.5","5.3","0.0","0.0","0.0","9.2","10.8","2.4"
"20230515","서울","종로구","20.6","27.9","12.8","16.2","17.8","23.0","13.1","0.0","0.0","4.0","11.6","12.9","7.1","26.49","30.01","0.0","54.6","39.8","61.0","2.0","2.0","5.1","0.0","0.0","0.0","7.6","10.8","2.4"
"20230514","서울","종로구","18.1","23.8","12.9","15.7","17.5","22.6","13.0","0.0","0.0","4.0","9.6","10.8","6.7","25.41","22.58","0.0","56.5","45.5","62.2","1.6","4.4","5.2","0.0","0.0","0.0","8.0","11.9","2.5"
"20230513","서울","종로구","17.8","23.9","12.6","19.4","17.3","22.4","12.7","0.0","0.0","3.8","8.8","4.8","6.6","23.86","19.95","0.0","62.0","45.8","61.8","3.6","5.9","5.2","0.0","0.0","0.0","9.2","11.7","2.5"
"20230512","서울","종로구","18.4","24.7","13.1","20.9","17.0","22.2","12.5","0.0","0.0","4.0","6.7","11.4","6.6","19.9","27.45","0.0","50.9","51.5","61.7","5.0","3.9","5.1","0.0","0.0","0.0","6.4","7.3","2.5"
"20230511","서울","종로구","19.5","26.7","12.8","19.7","16.9","22.1","12.4","0.0","0.0","4.2","12.9","9.8","6.5","27.64","25.73","0.0","50.1","50.4","61.3","2.9","6.9","5.2","0.0","0.0","0.0","8.1","7.8","2.6"
"20230510","서울","종로구","18.4","26.0","10.7","19.9","17.0","22.2","12.4","0.0","0.0","3.1","12.7","9.5","6.7","25.58","27.82","0.0","53.3","39.0","60.0","2.5","7.3","5.2","0.0","0.0","0.0","5.8","9.2","2.6"
"20230509","서울","종로구","17.0","24.4","10.0","17.9","17.0","22.5","12.3","0.0","0.0","4.2","12.8","12.8","7.0","28.29","29.25","0.0","55.4","56.4","58.7","0.9","3.1","5.0","0.0","0.0","0.0","9.8","7.3","2.6"
"20230508","서울","종로구","15.3","22.0","7.9","15.3","16.9","22.3","12.3","0.0","2.0","4.9","12.7","0.0","7.0","28.55","6.2","0.0","55.3","51.8","58.6","2.4","9.1","5.0","0.0","0.0","0.0","8.1","10.6","2.6"
"20230507","서울","종로구","14.4","18.6","11.1","18.4","17.1","22.7","12.2","0.0","0.5","4.5","2.2","6.8","7.4","12.18","22.57","0.0","47.1","52.4","56.9","7.1","8.6","4.6","0.0","0.0","0.0","9.1","10.7","2.6"
"20230506","서울","종로구","12.6","15.5","11.7","19.6","17.0","22.6","12.1","47.5","0.0","4.1","0.0","10.3","7.6","5.42","25.6","0.0","85.6","67.1","56.9","9.3","5.3","4.4","0.0","0.0","0.0","15.9","8.6","2.6"
"20230505","서울","종로구","18.4","21.6","15.5","18.9","16.8","22.4","12.0","30.2","0.0","4.8","0.0","12.7","7.4","1.74","29.35","0.0","95.3","48.1","57.8","10.0","0.5","4.5","0.0","0.0","0.0","10.4","7.2","2.7"
"20230504","서울","종로구","21.4","25.8","15.6","17.8","16.9","22.4","12.1","0.0","0.0","3.4","2.5","12.6","7.4","16.89","27.22","0.0","65.5","43.3","57.4","7.9","0.0","4.6","0.0","0.0","0.0","7.5","9.8","2.7"
"20230503","서울","종로구","19.5","26.2","12.4","14.8","17.0","22.6","12.1","0.0","0.0","2.0","10.4","12.5","7.5","26.2","28.07","0.0","52.5","45.9","57.3","4.5","1.0","4.5","0.0","0.0","0.0","9.0","9.5","2.7"
"20230502","서울","종로구","16.7","23.7","9.1","14.2","16.8","22.2","12.1","0.0","0.0","2.7","8.2","10.4","7.0","21.58","26.03","0.0","40.5","56.5","58.6","6.6","2.0","4.8","0.0","0.0","0.0","6.5","10.4","2.6"
"20230501","서울","종로구","14.6","20.8","9.8","13.4","16.6","21.8","11.8","0.0","0.0","3.7","11.4","10.0","6.7","26.8","27.41","0.0","57.0","54.8","59.2","3.0","1.3","5.1","0.0","0.0","0.0","9.9","14.1","2.6"
"20230430","서울","종로구","12.7","17.9","7.9","13.0","16.2","21.5","11.4","0.1","0.0","3.2","5.8","0.8","6.8","19.7","12.52","0.0","72.9","68.0","58.3","6.1","8.0","5.0","0.0","0.0","0.0","11.2","10.5","2.6"
"20230429","서울","종로구","13.2","15.8","9.9","13.4","15.6","20.8","10.8","25.1","15.5","2.7","0.8","1.5","6.8","6.04","13.08","0.0","88.1","70.6","57.9","9.6","8.8","4.9","0.0","0.0","0.0","11.8","10.6","2.6"
"20230428","서울","종로구","15.7","21.3","9.0","18.2","15.0","20.2","10.1","1.9","0.0","3.2","8.4","8.3","6.9","21.25","22.34","0.0","62.0","44.0","57.0","6.4","5.8","4.8","0.0","0.0","0.0","9.1","13.1","2.6"
"20230427","서울","종로구","12.9","20.0","5.1","17.7","14.4","19.7","9.6","0.0","0.0","2.9","12.2","11.8","7.2","26.55","26.83","0.0","61.6","31.5","55.4","0.5","0.4","4.6","0.0","0.0","0.0","6.8","9.5","2.7"
"20230426","서울","종로구","10.2","13.5","7.4","21.9","14.1","19.5","9.3","0.0","1.0","2.0","4.1","9.5","7.6","15.52","24.94","0.0","69.9","57.9","54.2","4.5","5.0","4.2","0.0","0.0","0.0","10.3","11.5","2.7"
"20230425","서울","종로구","10.9","13.2","9.0","20.0","13.9","19.2","9.1","0.4","1.3","2.3","0.0","0.3","7.5","5.22","8.1","0.0","68.6","80.5","54.2","9.4","10.0","4.2","0.0","0.0","0.0","7.5","5.5","2.8"
"20230424","서울","종로구","15.8","21.3","11.5","18.5","13.9","19.1","9.2","0.0","0.3","2.8","7.8","7.0","7.2","20.31","20.45","0.0","40.5","72.5","55.0","5.8","6.4","4.3","0.0","0.0","0.0","8.8","8.0","2.8"
"20230423","서울","종로구","16.1","22.1","10.7","17.7","13.9","19.2","9.4","0.0","0.0","3.0","4.4","9.1","7.0","19.47","23.47","0.0","34.1","57.3","55.6","8.0","6.0","4.5","0.0","0.0","0.0","8.0","6.8","2.8"
"20230422","서울","종로구","16.9","22.5","12.2","15.0","13.9","19.1","9.5","0.0","0.0","3.1","5.6","0.0","6.7","21.2","3.06","0.0","22.9","76.8","56.3","7.6","8.5","4.6","0.0","0.0","0.0","9.5","11.7","2.8"
"20230421","서울","종로구","16.7","22.8","11.4","16.3","13.9","19.1","9.4","0.0","0.0","3.4","7.8","6.3","6.3","21.05","19.54","0.0","50.4","48.4","56.6","3.8","5.3","4.9","0.0","0.0","0.0","8.3","10.0","2.8"
"20230420","서울","종로구","15.8","18.9","14.5","15.7","13.9","19.2","9.3","0.5","0.0","3.3","0.0","12.3","6.2","4.12","26.26","0.0","92.1","48.8","56.4","9.5","0.0","4.9","0.0","0.0","0.0","8.7","9.0","2.7"
"20230419","서울","종로구","19.1","28.4","11.5","15.2","13.8","19.2","9.0","0.0","0.0","3.0","12.3","12.1","6.4","27.82","25.17","0.0","66.1","51.9","55.4","2.3","0.0","4.8","0.0","0.0","0.0","7.2","8.7","2.7"
"20230418","서울","종로구","14.0","18.4","10.7","15.2","13.5","19.0","8.7","1.5","0.0","2.6","3.6","7.8","6.6","10.85","20.59","0.0","78.6","46.1","55.0","6.4","4.8","4.5","0.0","0.0","0.0","7.9","10.2","2.6"
"20230417","서울","종로구","13.1","18.1","6.8","14.0","13.2","18.8","8.3","0.0","0.0","2.1","6.1","11.7","6.8","17.76","26.0","0.0","59.0","53.8","54.6","6.1","2.6","4.3","0.0","0.0","0.0","6.5","9.0","2.6"
"20230416","서울","종로구","10.8","16.1","7.5","13.2","12.8","18.3","8.0","0.0","0.0","1.8","3.2","12.3","7.1","14.45","26.64","0.0","71.4","48.5","54.1","6.9","0.3","4.1","0.0","0.0","0.0","11.9","9.8","2.6"
"20230415","서울","종로구","13.5","16.6","9.3","13.3","12.4","17.9","7.7","4.6","0.0","1.4","2.3","12.2","7.2","9.5","26.31","0.0","81.8","46.8","54.1","7.4","1.0","4.2","0.0","0.0","0.0","7.7","9.9","2.7"
"20230414","서울","종로구","16.2","21.3","11.9","13.2","12.1","17.5","7.6","0.0","0.0","1.7","3.3","0.0","6.9","14.25","9.52","0.0","58.6","53.4","54.2","8.1","9.3","4.4","0.0","0.0","0.0","7.3","11.1","2.8"
"20230413","서울","종로구","11.9","17.2","5.1","13.1","11.9","17.3","7.4","0.0","1.3","1.6","4.4","0.0","7.0","16.17","4.06","0.0","45.0","69.3","54.1","5.1","10.0","4.4","0.0","0.0","0.0","6.8","14.5","2.8"
"20230412","서울","종로구","10.1","15.3","4.8","19.3","11.8","17.0","7.4","0.0","0.5","2.2","10.7","6.0","6.8","24.87","18.23","0.0","45.1","77.9","54.5","0.8","8.6","4.7","0.0","0.0","0.0","13.0","10.9","2.9"
"20230411","서울","종로구","13.1","17.4","9.2","19.6","11.7","17.0","7.3","2.9","0.0","2.6","0.0","10.2","6.6","2.01","24.04","0.0","73.4","60.4","54.5","6.5","2.8","4.9","0.0","0.0","0.0","18.9","8.3","2.9"
"20230410","서울","종로구","13.2","19.1","6.2","18.2","11.6","17.0","7.1","0.0","0.0","2.4","10.1","11.5","6.7","22.29","24.18","0.0","50.8","46.0","54.0","2.6","1.5","4.7","0.0","0.0","0.0","10.4","8.7","2.8"
"20230409","서울","종로구","10.8","17.8","3.5","17.8","11.4","16.9","6.9","0.0","0.5","1.8","12.0","9.0","7.0","25.54","21.41","0.0","56.8","43.8","54.5","0.0","2.4","4.6","0.0","0.0","0.0","9.8","12.0","2.8"
"20230408","서울","종로구","8.8","14.9","3.1","12.9","11.1","16.5","6.7","0.0","0.0","2.2","11.9","12.0","6.4","25.74","24.92","0.0","51.1","49.0","55.0","0.4","0.0","4.9","0.0","0.0","0.0","11.9","8.5","2.7"
"20230407","서울","종로구","8.9","15.7","4.6","10.9","10.9","16.3","6.5","0.0","0.0","2.0","10.4","10.0","6.7","23.34","24.3","0.0","65.0","43.5","54.4","1.5","2.4","4.6","0.0","0.0","0.0","13.8","11.2","2.7"
"20230406","서울","종로구","8.8","9.7","7.4","11.7","10.7","16.1","6.2","2.7","0.0","1.5","0.0","8.6","7.0","2.15","21.54","0.0","94.6","52.3","53.7","9.8","6.4","4.3","0.0","0.0","0.0","7.5","7.3","2.7"
"20230405","서울","종로구","11.9","14.9","8.7","10.3","10.4","15.7","5.9","50.3","0.0","1.8","0.0","9.9","6.9","1.56","21.21","0.0","97.8","41.1","53.8","10.0","6.1","4.2","0.0","0.0","0.0","10.5","9.0","2.6"
"20230404","서울","종로구","17.6","21.7","12.7","10.3","10.2","15.4","5.6","6.9","0.0","2.2","1.6","11.6","6.9","10.78","24.75","0.0","40.4","50.3","53.4","9.1","0.0","4.1","0.0","0.0","0.0","10.9","8.4","2.7"
"20230403","서울","종로구","19.0","25.9","11.3","9.6","10.0","15.3","5.4","0.0","0.0","2.1","11.0","11.9","7.3","22.95","24.34","0.0","29.4","55.0","52.3","4.1","0.0","3.8","0.0","0.0","0.0","7.8","8.0","2.7"
"20230402","서울","종로구","18.8","25.2","11.9","8.2","9.6","14.8","5.1","0.0","0.0","1.9","11.7","11.8","7.1","24.08","24.09","0.0","29.6","55.0","52.3","0.4","0.5","3.9","0.0","0.0","0.0","9.4","10.9","2.7"
"20230401","서울","종로구","17.5","25.6","9.4","9.2","9.3","14.4","4.9","0.0","0.0","2.0","10.8","10.9","6.8","21.48","23.35","0.0","40.4","50.5","53.4","1.8","1.1","4.2","0.0","0.0","0.0","7.2","9.5","2.7"
"20230331","서울","종로구","15.0","23.9","7.5","10.9","9.0","14.1","4.7","0.0","0.0","2.0","11.2","3.3","6.6","22.99","13.98","0.0","42.5","63.5","53.7","0.0","7.0","4.4","0.0","0.0","0.0","6.4","8.6","2.7"
"20230330","서울","종로구","13.3","21.2","6.4","10.8","8.8","13.9","4.5","0.0","0.4","1.5","11.5","1.2","6.7","23.58","7.64","0.0","42.5","76.5","53.0","1.1","7.0","4.5","0.0","0.0","0.0","7.8","6.1","2.6"
"20230329","서울","종로구","11.8","19.7","5.1","9.7","8.6","13.7","4.3","0.0","0.0","1.1","11.0","11.2","6.7","21.79","23.32","0.0","50.3","52.9","53.8","0.3","1.4","4.4","0.0","0.0","0.0","7.7","8.6","2.7"
"20230328","서울","종로구","9.2","15.7","2.8","8.2","8.4","13.5","4.0","0.0","0.0","0.9","7.4","11.7","6.9","18.44","24.71","0.0","53.3","35.6","54.0","2.9","0.5","4.3","0.0","0.0","0.0","7.4","7.6","2.7"
"20230327","서울","종로구","7.3","14.5","1.9","8.1","8.0","13.1","3.7","0.0","0.0","0.7","11.1","10.4","6.8","22.88","22.23","0.0","44.8","49.1","54.2","1.1","0.3","4.3","0.0","0.0","0.0","10.8","13.5","2.7"
"20230326","서울","종로구","9.4","14.0","4.7","11.8","7.6","12.6","3.4","0.0","19.8","0.7","11.1","0.9","6.9","24.36","6.39","0.0","34.0","80.9","54.2","0.8","8.3","4.2","0.0","0.0","0.0","11.5","12.0","2.8"
"20230325","서울","종로구","12.5","18.7","8.0","12.0","7.3","12.3","3.1","0.0","10.9","0.9","5.7","1.3","6.8","15.13","9.06","0.0","59.9","70.0","54.3","4.1","7.9","4.2","0.0","0.0","0.0","7.3","10.4","2.8"
"20230324","서울","종로구","12.5","18.3","7.6","8.2","7.1","12.0","2.9","0.0","0.0","1.1","6.6","0.7","6.8","16.13","6.34","0.0","36.8","70.6","53.9","8.0","8.4","4.2","0.0","0.0","0.0","6.4","6.0","2.8"
"20230323","서울","종로구","17.4","23.3","12.3","6.2","7.0","11.9","2.9","0.0","0.0","1.2","5.3","0.0","6.6","14.5","7.05","0.0","48.9","56.8","53.4","5.6","9.0","4.5","0.0","0.0","0.0","8.8","7.8","2.8"
"20230322","서울","종로구","17.0","25.1","9.2","7.1","7.2","12.2","2.9","0.0","0.0","1.4","6.2","11.0","6.6","16.64","21.71","0.0","44.8","48.9","52.5","6.4","2.5","4.5","0.0","0.0","0.0","8.1","8.3","2.7"
"20230321","서울","종로구","13.0","22.2","5.0","5.0","7.4","12.5","3.0","0.0","0.0","1.4","10.8","6.8","6.6","21.6","16.69","0.0","35.1","49.5","52.3","1.1","7.5","4.3","0.0","0.0","0.0","5.1","8.4","2.7"
"20230320","서울","종로구","9.5","17.1","2.6","5.4","7.5","12.7","3.1","0.0","0.0","1.3","10.0","6.3","6.6","20.06","15.76","0.0","50.4","66.1","52.4","2.8","5.1","4.3","0.0","0.0","0.0","5.9","9.1","2.7"
"20230319","서울","종로구","8.3","15.2","2.3","3.4","7.4","12.6","2.9","0.0","14.6","1.3","11.1","0.0","6.5","21.25","4.93","0.0","59.6","84.6","53.0","0.4","8.9","4.4","0.0","0.7","0.0","7.5","8.7","2.7"
"20230318","서울","종로구","7.7","14.0","2.5","7.5","7.2","12.4","2.8","0.0","0.0","1.4","9.9","0.0","6.4","19.07","5.17","0.0","46.4","60.8","54.0","1.9","9.1","4.4","0.0","0.0","0.0","9.6","12.3","2.7"
"20230317","서울","종로구","7.2","12.7","0.7","10.7","7.0","12.1","2.6","0.0","1.2","1.5","4.4","1.9","6.4","13.94","9.49","0.0","34.3","62.0","54.5","8.0","10.0","4.4","0.0","0.0","0.0","5.5","10.5","2.7"
"20230316","서울","종로구","4.6","9.0","0.4","10.3","6.6","11.7","2.3","0.0","0.0","1.3","6.7","8.1","6.3","18.09","17.67","0.0","36.8","62.6","54.6","5.5","3.8","4.5","0.0","0.0","0.0","8.4","6.5","2.7"
"20230315","서울","종로구","8.6","14.4","3.5","7.2","6.2","11.3","1.8","0.0","0.0","1.2","1.2","7.1","6.3","5.62","17.55","0.0","66.6","72.6","54.6","6.4","3.8","4.4","0.0","0.0","0.0","12.8","7.0","2.6"
"20230314","서울","종로구","9.2","15.4","3.3","8.2","5.9","10.8","1.5","0.0","8.7","1.1","9.1","0.0","6.3","19.73","2.18","0.0","45.9","90.3","53.9","3.4","6.4","4.3","0.0","0.0","0.0","11.7","12.0","2.7"
"20230313","서울","종로구","2.9","7.6","-1.9","11.7","5.4","10.3","1.0","0.0","42.1","0.7","9.8","0.0","6.5","20.79","2.1","0.0","38.9","95.5","53.0","3.1","9.4","4.1","0.0","0.0","0.0","12.0","9.5","2.7"
"20230312","서울","종로구","5.9","12.6","0.6","12.8","5.0","9.7","0.7","5.6","2.6","0.7","0.8","3.2","6.3","3.68","12.82","0.0","68.0","72.1","53.6","5.9","5.8","4.1","0.0","0.0","0.0","13.6","10.3","2.8"
"20230311","서울","종로구","15.2","22.8","10.2","11.2","4.8","9.6","0.5","0.0","0.0","0.8","7.6","5.9","6.4","16.95","14.49","0.0","52.0","58.4","53.5","5.9","5.3","4.2","0.0","0.0","0.0","11.0","6.4","2.8"
"20230310","서울","종로구","13.5","22.2","6.2","9.3","4.5","9.3","0.2","0.0","0.0","0.9","9.6","9.3","6.3","17.03","16.75","0.0","62.1","51.4","54.1","0.0","6.6","4.2","0.0","0.0","0.0","6.7","9.6","2.8"
"20230309","서울","종로구","10.3","13.1","7.4","7.1","4.3","8.9","0.2","3.7","0.0","1.0","2.0","8.7","6.2","6.52","18.85","0.0","85.9","69.6","54.8","5.1","2.3","4.3","0.0","0.0","0.0","9.0","6.5","2.8"
"20230308","서울","종로구","12.5","17.7","7.4","6.0","4.2","8.8","0.2","1.2","0.0","1.2","1.8","8.2","6.0","8.39","16.44","0.0","66.3","56.1","56.0","7.0","4.9","4.5","0.0","0.0","0.0","7.8","7.5","2.8"
"20230307","서울","종로구","11.7","19.4","6.3","2.8","4.3","8.9","0.2","0.0","0.0","1.4","7.0","7.0","5.9","15.35","14.99","0.0","60.9","45.8","56.9","2.1","6.1","4.6","0.0","0.0","0.0","7.2","6.5","2.7"
"20230306","서울","종로구","9.2","16.5","2.2","1.4","4.2","8.7","0.3","0.0","0.0","1.7","10.0","10.8","5.7","18.63","21.0","0.0","41.9","39.5","58.0","1.1","1.3","4.5","0.0","0.0","0.0","7.8","8.6","2.7"
"20230305","서울","종로구","8.0","15.4","2.5","2.3","4.1","8.7","0.2","0.0","0.0","1.6","10.1","10.5","5.8","17.21","20.26","0.0","54.0","38.4","57.9","0.0","0.1","4.5","0.0","0.0","0.0","6.9","15.2","2.7"
"20230304","서울","종로구","7.7","14.1","3.7","6.9","4.0","8.5","0.0","0.0","0.0","1.6","8.7","3.7","5.9","14.91","10.65","0.0","68.4","60.5","57.8","4.8","5.1","4.4","0.0","0.0","0.0","5.5","18.5","2.6"
"20230303","서울","종로구","4.6","10.4","-1.9","5.8","3.8","8.4","-0.1","0.0","0.0","1.5","7.5","10.6","6.0","15.67","19.16","0.0","65.0","52.9","57.3","3.8","0.0","4.4","0.0","0.0","0.0","8.9","9.0","2.7"
"20230302","서울","종로구","2.2","6.6","-1.8","3.5","3.7","8.3","-0.3","0.0","0.0","1.5","10.5","10.7","5.9","19.45","19.53","0.0","37.8","55.9","56.7","0.0","1.0","4.4","0.0","0.0","0.0","9.6","10.6","2.6"
"20230301","서울","종로구","6.0","9.0","2.9","5.8","3.6","8.2","-0.4","0.0","2.3","1.3","4.1","2.5","6.0","10.19","6.49","0.0","54.4","70.5","55.9","5.4","6.1","4.4","0.0","0.0","0.0","12.3","9.8","2.6"
"20230228","서울","종로구","4.3","8.7","-0.7","6.8","3.5","8.1","-0.5","0.0","0.0","1.2","3.0","3.4","6.0","10.26","10.5","0.0","63.4","62.3","55.7","5.5","8.0","4.4","0.0","0.0","0.0","7.3","6.1","2.6"
"20230227","서울","종로구","4.4","12.4","-1.8","3.7","3.5","8.2","-0.4","0.0","0.0","1.5","10.5","10.5","5.8","18.65","18.62","0.0","47.4","56.6","55.6","0.0","0.0","4.5","0.0","0.0","0.0","7.0","12.3","2.6"
"20230226","서울","종로구","2.2","9.4","-3.4","5.4","3.4","8.1","-0.7","0.0","1.1","1.3","10.4","0.2","5.9","18.83","5.58","0.0","46.6","78.4","54.7","0.0","8.0","4.4","0.0","0.0","0.0","7.2","14.5","2.4"
"20230225","서울","종로구","0.7","5.7","-2.9","3.0","3.0","7.7","-1.1","0.0","0.0","1.0","10.2","6.4","6.4","18.6","12.36","0.0","44.0","77.5","53.6","0.0","3.8","3.9","0.0","0.0","0.0","8.5","8.4","2.5"
"20230224","서울","종로구","3.5","8.5","-0.4","-2.4","2.7","7.4","-1.4","0.0","0.0","1.0","9.8","10.3","6.2","17.42","18.42","0.0","57.9","52.4","54.3","1.8","0.0","4.1","0.0","0.0","0.0","11.6","10.2","2.5"
"20230223","서울","종로구","2.9","9.2","-1.8","-5.6","2.3","6.9","-1.7","0.0","0.0","1.6","10.0","10.2","6.2","15.87","18.78","0.0","65.5","38.5","54.1","2.5","0.0","4.0","0.0","0.0","0.0","6.7","10.0","2.6"
"20230222","서울","종로구","1.2","8.4","-4.5","-4.5","2.0","6.7","-2.1","0.0","0.0","1.2","9.2","8.0","6.6","17.0","15.64","0.0","50.6","43.3","53.8","5.5","1.0","3.6","0.0","0.0","0.0","7.0","11.9","2.6"
"20230221","서울","종로구","-1.3","4.8","-5.3","-3.0","1.8","6.4","-2.3","0.0","0.1","1.2","10.0","6.5","6.6","18.25","11.41","0.0","42.4","56.3","54.3","0.1","2.5","3.5","0.0","0.0","0.0","6.8","13.1","2.7"
"20230220","서울","종로구","-0.5","2.4","-3.5","-4.8","1.6","6.2","-2.5","0.0","0.0","1.1","9.5","10.0","6.4","18.16","18.09","0.0","46.4","41.1","53.7","0.0","0.1","3.6","0.0","0.0","0.0","11.0","11.0","2.6"
"20230219","서울","종로구","3.5","6.1","0.2","-1.7","1.1","5.7","-2.8","0.4","0.1","0.8","7.0","2.9","6.6","14.47","9.25","0.0","56.1","52.9","52.6","3.9","6.5","3.3","0.0","0.1","0.0","11.6","11.5","2.6"
"20230218","서울","종로구","5.7","8.1","3.0","-1.2","0.8","5.4","-3.2","0.0","0.0","0.7","0.0","8.6","6.6","2.91","15.91","0.0","58.3","40.4","52.6","9.9","3.9","3.3","0.0","0.0","0.0","3.9","6.1","2.6"
"20230217","서울","종로구","3.4","9.8","-1.5","-6.2","0.7","5.1","-3.2","0.0","0.0","1.0","7.5","9.8","6.2","13.67","17.2","0.0","67.8","41.6","52.5","5.0","0.0","3.6","0.0","0.0","0.0","5.1","10.4","2.6"
"20230216","서울","종로구","2.3","4.5","-0.7","-7.3","0.7","5.1","-3.1","0.0","0.0","1.0","1.9","9.0","5.9","6.45","16.28","0.0","68.3","50.4","53.0","5.4","0.9","3.9","0.0","0.0","0.0","8.7","11.4","2.6"
"20230215","서울","종로구","3.2","8.9","-1.2","-4.7","0.8","5.2","-3.1","0.0","0.0","1.5","9.4","3.0","5.8","15.24","9.99","0.0","46.4","58.0","53.9","3.9","5.6","3.9","0.0","0.0","0.0","7.6","9.9","2.6"
"20230214","서울","종로구","1.7","6.6","-2.5","2.5","0.7","5.1","-3.0","0.0","1.7","1.6","9.5","0.9","5.7","15.95","7.04","0.0","54.9","68.3","54.1","1.6","6.6","3.9","0.0","0.0","0.0","8.2","10.2","2.6"
"20230213","서울","종로구","5.9","8.4","2.7","4.8","0.7","5.0","-3.1","0.0","0.0","1.2","0.8","3.0","5.7","5.44","9.29","0.0","66.5","44.9","53.8","7.3","5.3","4.0","0.0","0.0","0.0","7.4","5.4","2.6"
"20230212","서울","종로구","3.7","7.6","-0.9","4.8","0.4","4.7","-3.4","0.0","0.0","0.9","2.0","9.3","5.7","8.48","15.11","0.0","70.0","50.4","53.9","6.9","3.5","3.9","0.0","0.0","0.0","5.9","6.7","2.5"
"20230211","서울","종로구","2.8","8.5","-1.2","2.9","-0.1","4.1","-3.9","0.0","0.0","1.1","5.5","8.9","5.8","10.9","13.28","0.0","73.0","61.1","54.5","3.4","2.6","3.9","0.0","0.0","0.0","4.7","6.8","2.5"
"20230210","서울","종로구","3.8","6.2","1.1","1.4","-0.6","3.5","-4.3","0.6","0.0","0.7","2.0","9.6","5.8","7.07","14.93","0.0","79.6","57.8","54.5","6.1","1.6","3.9","0.0","0.0","0.0","7.2","8.8","2.6"
"20230209","서울","종로구","4.0","9.9","-2.8","1.0","-0.8","3.6","-4.6","0.0","0.0","0.5","6.7","9.2","5.7","12.36","12.8","0.0","49.9","52.3","55.0","6.5","5.5","4.0","0.0","0.0","0.0","9.5","5.7","2.6"
"20230208","서울","종로구","2.1","7.8","-1.3","-0.1","-0.8","3.5","-4.5","0.0","0.0","0.5","9.5","8.1","5.5","14.82","14.49","0.0","62.1","53.8","56.0","0.3","1.5","4.1","0.0","0.0","0.0","7.7","6.8","2.5"
"20230207","서울","종로구","3.5","9.5","-0.6","-2.5","-0.9","3.4","-4.7","0.0","0.0","0.5","6.4","6.5","5.6","10.12","10.41","0.0","72.9","51.3","55.9","3.4","6.1","4.0","0.0","0.0","0.0","5.0","9.7","2.5"
"20230206","서울","종로구","3.0","8.8","-1.7","-3.9","-0.9","3.4","-4.6","0.0","0.0","0.3","7.1","9.5","5.8","10.69","14.83","0.0","72.3","50.3","55.4","3.6","1.0","3.8","0.0","0.0","0.0","5.1","11.4","2.4"
"20230205","서울","종로구","1.7","7.1","-3.3","-6.6","-1.0","3.4","-4.8","0.0","0.0","0.4","7.0","9.1","5.8","11.35","14.31","0.0","71.0","48.8","55.9","2.3","0.9","3.7","0.0","0.0","0.0","6.3","11.9","2.4"
"20230204","서울","종로구","-0.2","6.0","-5.2","-5.2","-1.3","3.0","-5.0","0.0","0.0","0.3","8.2","7.3","6.2","13.23","12.94","0.0","49.8","53.3","55.5","0.9","1.9","3.3","0.0","0.0","0.0","8.0","12.3","2.3"
"20230203","서울","종로구","-1.6","3.4","-3.9","-3.4","-1.7","2.7","-5.4","0.0","0.0","0.7","8.6","9.7","6.4","13.54","14.87","0.0","47.4","52.4","55.0","3.0","1.5","2.9","0.0","0.0","0.0","6.2","8.2","2.4"
"20230202","서울","종로구","-2.4","1.4","-5.1","-3.4","-1.8","2.6","-5.4","0.0","0.0","0.7","7.6","9.2","6.2","10.94","14.68","0.0","50.3","60.5","55.2","5.5","3.5","3.0","0.0","0.0","0.0","7.3","8.3","2.4"
"20230201","서울","종로구","0.9","6.0","-3.0","-1.3","-1.8","2.5","-5.5","0.0","1.7","0.7","8.9","4.7","6.2","13.24","9.04","0.0","68.4","76.6","54.9","2.5","6.6","3.0","0.0","3.3","0.0","10.8","9.0","2.4"
"20230131","서울","종로구","2.4","7.8","-3.5","-0.7","-1.7","2.5","-5.4","0.0","1.2","0.6","3.0","8.0","6.0","6.5","11.47","0.0","69.1","59.0","53.9","5.4","3.3","3.1","0.0","1.8","0.0","10.8","8.7","2.5"
"20230130","서울","종로구","-0.9","4.2","-4.4","-2.8","-1.6","2.6","-5.3","0.0","0.0","0.6","9.5","9.6","5.9","14.17","14.1","0.0","55.9","45.4","53.0","0.0","0.6","3.2","0.0","0.0","0.0","8.7","7.8","2.5"
"20230129","서울","종로구","-1.8","4.9","-8.0","-3.6","-1.6","2.6","-5.3","0.0","0.0","0.3","5.2","9.5","5.7","9.79","14.07","0.0","58.3","48.9","53.4","2.5","0.8","3.4","0.0","0.0","0.0","11.0","8.6","2.5"
"20230128","서울","종로구","-6.0","-0.6","-11.2","-2.7","-1.7","2.5","-5.5","0.0","0.0","0.3","9.0","9.2","6.0","12.58","13.65","0.0","54.9","51.6","53.6","1.0","2.0","3.2","0.0","0.0","0.0","9.4","8.2","2.5"
"20230127","서울","종로구","-7.3","-3.8","-9.6","-1.1","-1.9","2.2","-5.7","0.0","0.0","0.3","9.4","8.9","5.8","14.1","11.72","0.0","56.5","50.0","53.8","0.0","2.1","3.2","0.0","0.0","0.0","13.9","7.7","2.5"
"20230126","서울","종로구","-6.0","-3.5","-9.0","1.3","-2.3","1.9","-6.0","0.8","0.0","0.3","0.0","8.4","6.1","4.51","11.54","0.0","80.1","62.8","54.2","8.5","2.4","2.9","4.5","0.0","0.0","5.9","7.7","2.5"
"20230125","서울","종로구","-11.3","-5.4","-17.3","2.8","-2.5","1.6","-6.1","0.0","0.7","0.3","9.4","0.0","6.2","14.08","1.7","0.0","45.1","80.0","55.2","1.6","9.4","2.9","0.0","0.0","0.0","5.9","7.7","2.5"
"20230124","서울","종로구","-14.7","-6.9","-17.0","4.6","-2.5","1.5","-6.1","0.0","0.0","0.3","9.4","4.0","5.9","14.08","8.71","0.0","51.9","56.0","55.9","1.0","4.9","3.2","0.0","0.0","0.0","12.3","9.6","2.4"
"20230123","서울","종로구","-0.8","4.6","-6.9","2.0","-2.5","1.4","-6.1","0.0","0.0","0.5","7.3","5.3","5.7","10.15","7.67","0.0","66.6","52.4","56.1","5.3","4.8","3.4","0.0","0.0","0.0","9.6","5.7","2.4"
"20230122","서울","종로구","-0.6","2.6","-2.8","0.3","-2.3","1.7","-5.8","0.0","0.0","0.7","0.3","6.0","5.6","4.41","9.7","0.0","62.8","52.4","56.3","7.5","5.9","3.7","0.0","0.0","0.0","7.4","5.2","2.4"
"20230121","서울","종로구","-4.5","1.5","-10.5","-2.7","-2.0","2.0","-5.5","0.0","0.0","0.6","8.5","9.2","5.5","12.37","12.79","0.0","55.4","55.6","56.1","2.0","0.0","4.0","0.0","0.0","0.0","5.2","5.0","2.4"
"20230120","서울","종로구","-3.3","2.0","-7.7","-5.0","-1.8","2.2","-5.3","0.0","0.0","0.6","8.7","9.1","5.3","13.49","12.29","0.0","52.4","63.5","56.6","0.3","0.0","4.1","0.0","0.0","0.0","13.0","7.0","2.4"
"20230119","서울","종로구","-0.4","4.3","-6.0","-5.3","-1.6","2.3","-5.2","1.0","1.7","0.6","3.1","0.0","5.3","7.63","2.13","0.0","69.3","72.3","56.9","6.3","5.1","4.0","0.0","3.5","0.0","9.8","8.3","2.3"
"20230118","서울","종로구","-1.9","2.2","-4.6","-5.6","-1.5","2.5","-5.0","0.0","0.0","0.5","8.9","9.2","5.3","12.71","12.4","0.0","60.5","47.9","57.5","1.1","0.3","4.1","0.0","0.0","0.0","7.6","6.6","2.3"
"20230117","서울","종로구","-3.7","-0.4","-7.0","-5.8","-1.6","2.4","-5.2","0.0","0.5","0.5","0.2","4.5","5.4","5.27","8.07","0.0","65.1","59.9","57.3","8.8","2.5","3.9","0.0","0.8","0.0","4.9","8.0","2.3"
"20230116","서울","종로구","-4.6","-1.2","-6.8","-2.0","-1.8","2.2","-5.3","0.0","0.0","0.5","8.8","8.8","5.2","12.95","11.98","0.0","63.1","54.5","57.2","2.8","1.6","3.9","0.0","0.0","0.0","7.2","9.4","2.2"
"20230115","서울","종로구","-0.2","3.8","-3.5","-1.0","-1.9","2.1","-5.3","3.2","0.0","0.6","0.0","0.9","5.2","1.32","3.76","0.0","93.9","48.3","57.3","10.0","8.5","3.9","0.6","0.0","0.0","7.6","4.9","2.2"
"20230114","서울","종로구","6.6","8.4","3.8","-4.8","-2.1","1.9","-5.6","1.6","0.0","0.6","0.0","9.1","5.3","1.84","12.1","0.0","92.9","41.8","56.4","9.8","2.6","3.7","0.0","0.0","0.0","9.9","6.3","2.2"
"20230113","서울","종로구","8.3","10.1","5.1","-6.4","-2.2","1.7","-5.7","37.3","0.0","0.6","0.0","9.1","5.5","1.11","11.9","0.0","99.1","45.8","55.6","10.0","2.3","3.5","0.0","0.0","0.0","9.8","13.9","2.2"
"20230112","서울","종로구","5.9","12.5","-0.6","-7.7","-2.3","1.6","-5.7","0.0","0.0","0.4","9.0","8.6","5.6","10.88","11.93","0.0","46.6","47.8","55.7","1.8","2.8","3.4","0.0","0.0","0.0","5.7","7.1","2.2"
"20230111","서울","종로구","2.6","9.2","-2.0","-7.4","-2.3","1.6","-5.7","0.0","0.2","0.4","8.8","9.1","5.7","10.86","11.91","0.0","61.9","55.5","56.3","1.4","0.4","3.3","0.0","0.1","0.0","5.6","12.4","2.3"
"20230110","서울","종로구","1.6","9.1","-3.9","0.5","-2.2","1.7","-5.7","0.0","0.9","0.3","8.8","3.9","5.6","11.33","7.25","0.0","59.9","68.3","56.6","1.4","7.0","3.4","0.0","0.9","0.0","4.4","7.6","2.3"
"20230109","서울","종로구","3.1","7.0","-1.3","1.3","-2.1","1.8","-5.5","0.0","0.0","0.7","7.8","4.5","5.5","10.53","7.16","0.0","60.1","71.5","57.5","3.3","3.1","3.5","0.0","0.0","0.0","8.6","4.6","2.3"
"20230108","서울","종로구","1.3","6.3","-3.7","0.3","-2.0","2.0","-5.4","0.0","0.0","0.9","7.1","0.7","5.2","9.37","3.68","0.0","69.3","64.3","58.2","3.0","5.9","3.7","0.0","0.0","0.0","4.8","5.4","2.3"
"20230107","서울","종로구","1.5","3.8","-1.4","-1.6","-1.9","2.0","-5.4","0.1","0.0","1.0","1.0","9.1","5.1","4.78","11.12","0.0","80.9","47.1","58.2","5.6","0.0","3.9","0.0","0.0","0.0","8.3","5.2","2.3"
"20230106","서울","종로구","0.6","5.7","-4.7","-2.2","-2.0","2.1","-5.5","3.9","0.0","1.1","7.1","9.1","5.1","8.78","11.22","0.0","71.9","47.1","57.3","5.8","0.0","3.8","3.6","0.0","0.0","6.9","7.8","2.3"
"20230105","서울","종로구","-1.6","3.6","-5.6","-2.8","-1.9","2.2","-5.5","0.0","0.0","1.0","4.7","1.9","5.2","6.09","6.12","0.0","58.1","47.6","57.0","3.6","7.3","3.7","0.0","0.0","0.0","5.6","4.2","2.3"
"20230104","서울","종로구","-1.8","3.3","-5.7","-2.5","-1.8","2.2","-5.3","0.0","0.0","0.6","8.7","9.0","5.3","10.89","11.3","0.0","51.4","51.8","56.8","1.9","0.0","3.7","0.0","0.0","0.0","7.2","6.8","2.2"
"20230103","서울","종로구","-5.0","0.6","-9.0","-1.9","-1.9","2.2","-5.4","0.0","0.0","0.5","9.1","7.8","5.3","11.77","9.35","0.0","49.0","58.3","56.7","0.0","4.9","3.7","0.0","0.0","0.0","6.7","6.9","2.3"
"20230102","서울","종로구","-4.5","-0.4","-7.4","-1.3","-1.9","2.1","-5.4","0.0","0.3","0.4","9.1","5.4","5.4","11.63","8.52","0.0","45.9","57.9","57.1","0.0","4.1","3.5","0.0","0.5","0.0","7.4","8.1","2.3"
"20230101","서울","종로구","-0.2","3.8","-4.3","-4.3","-1.8","2.2","-5.3","0.0","0.0","0.5","9.0","9.0","5.2","10.81","10.39","0.0","54.5","46.3","58.3","1.3","1.4","3.7","0.0","0.0","0.0","8.1","4.5","2.3"
"20221231","서울","종로구","-1.2","2.1","-5.1","-6.7","-1.8","2.1","-5.4","0.0","0.0","0.5","1.1","9.0","5.2","4.16","11.7","0.0","65.5","35.9","58.3","7.4","0.0","3.7","0.0","0.0","0.0","4.1","11.9","2.3"
"20221230","서울","종로구","-1.8","2.3","-4.4","-3.9","-1.9","2.1","-5.5","0.0","0.0","0.6","7.9","7.3","5.2","10.84","9.14","0.0","65.6","48.5","57.6","1.4","2.0","3.6","0.0","0.0","0.0","7.5","12.3","2.3"
"20221229","서울","종로구","-2.9","2.1","-7.8","0.4","-1.9","2.0","-5.5","0.0","0.2","0.6","9.0","1.8","5.4","10.88","4.64","0.0","56.3","72.9","56.6","3.3","5.1","3.4","0.0","0.3","0.0","5.1","10.8","2.3"
"20221228","서울","종로구","-3.3","0.1","-6.0","-4.1","-1.8","2.1","-5.4","0.1","0.0","0.5","8.7","1.7","5.4","10.86","4.32","0.0","58.1","73.8","56.0","3.3","4.1","3.3","0.4","0.0","0.0","8.7","4.9","2.3"
"20221227","서울","종로구","-2.6","3.3","-7.3","-7.6","-1.6","2.4","-5.2","0.0","0.0","0.5","8.8","3.8","5.7","10.25","6.09","0.0","69.8","60.9","55.8","0.1","3.1","3.1","0.0","0.0","0.0","5.4","5.5","2.3"
"20221226","서울","종로구","-3.9","1.7","-7.9","-12.1","-1.2","2.7","-4.9","0.0","0.0","0.6","7.6","9.1","5.5","8.27","11.55","0.0","68.4","43.5","56.7","1.4","0.0","3.2","0.0","0.0","0.0","3.7","9.0","2.3"
"20221225","서울","종로구","-5.4","0.2","-9.6","-11.7","-0.8","3.2","-4.4","0.0","0.0","0.6","9.0","9.1","5.5","10.89","11.64","0.0","66.5","42.4","58.1","0.1","0.0","3.2","0.0","0.0","0.0","6.6","11.0","2.3"
"20221224","서울","종로구","-8.4","-2.0","-13.5","-0.3","-0.2","3.9","-3.8","0.0","0.2","0.7","8.9","0.0","5.4","10.92","2.08","0.0","54.9","65.3","59.5","0.6","6.1","3.5","0.0","0.0","0.0","5.6","10.4","2.3"
"20221223","서울","종로구","-11.8","-8.6","-13.7","2.7","0.3","4.4","-3.4","0.0","0.0","0.9","8.4","6.9","5.3","10.76","8.85","0.0","60.5","53.5","60.5","2.0","2.8","3.7","0.0","0.0","0.0","12.3","4.7","2.3"
"20221222","서울","종로구","-7.8","-2.6","-11.3","2.2","0.5","4.6","-3.2","0.0","0.0","0.8","7.4","8.9","5.1","10.05","10.21","0.0","60.5","47.4","60.4","2.1","0.0","3.9","0.0","0.0","0.0","15.0","5.1","2.2"
"20221221","서울","종로구","-0.1","2.6","-2.6","5.2","0.4","4.6","-3.3","3.6","0.0","0.7","0.0","6.0","5.2","2.48","7.93","0.0","82.4","70.9","59.2","8.5","1.4","3.9","3.5","0.0","0.0","9.6","6.9","2.2"
"20221220","서울","종로구","-3.2","2.9","-9.5","5.2","0.1","4.2","-3.6","0.0","0.0","0.6","7.7","6.1","5.3","10.1","8.61","0.0","55.8","77.9","58.1","4.9","4.6","3.8","0.0","0.0","0.0","5.9","9.9","2.1"
"20221219","서울","종로구","-7.0","-2.5","-12.0","-0.8","-0.3","3.7","-4.0","0.0","0.2","0.6","6.5","8.9","5.4","8.93","8.82","0.0","55.6","63.8","57.6","2.1","0.6","3.7","0.0","0.2","0.0","6.0","10.5","2.2"
"20221218","서울","종로구","-9.5","-5.6","-12.4","-5.7","-0.5","3.5","-4.1","0.0","2.8","0.4","9.0","4.3","5.5","11.42","6.79","0.0","47.1","64.1","56.9","0.0","4.1","3.7","0.0","4.4","0.0","10.4","7.6","2.2"
"20221217","서울","종로구","-7.0","-3.2","-9.8","-5.6","-0.6","3.3","-4.1","0.2","0.0","0.5","7.4","8.7","5.6","10.46","10.96","0.0","52.0","50.5","56.3","2.3","1.4","3.5","0.3","0.0","0.0","11.1","15.2","2.3"
"20221216","서울","종로구","-6.3","-2.2","-9.6","6.4","-0.6","3.2","-4.1","0.0","0.0","0.7","8.2","5.0","5.3","10.44","7.6","0.0","56.9","71.6","56.6","4.5","7.1","3.6","0.0","0.0","0.0","5.7","9.1","2.3"
"20221215","서울","종로구","-4.5","-1.3","-8.5","7.2","-0.4","3.5","-4.0","2.4","2.1","0.7","0.0","0.9","5.4","2.17","4.11","0.0","79.1","84.8","56.3","7.3","7.3","3.5","4.4","0.0","0.0","9.0","6.1","2.4"
"20221214","서울","종로구","-8.4","-4.9","-11.0","3.7","-0.2","3.6","-3.7","0.0","1.2","0.7","8.9","2.5","5.5","11.41","6.1","0.0","50.1","64.9","56.3","1.4","9.0","3.5","0.0","0.0","0.0","14.7","6.4","2.3"
"20221213","서울","종로구","0.0","3.1","-6.4","-2.2","0.0","3.8","-3.5","0.6","0.0","0.7","1.7","9.1","5.5","4.85","11.43","0.0","70.8","43.8","56.4","6.6","2.1","3.5","0.8","0.0","0.0","15.0","7.7","2.3"
"20221212","서울","종로구","2.0","6.3","-2.0","1.2","0.4","4.3","-3.3","5.4","0.0","0.8","2.3","8.0","5.1","5.05","9.67","0.0","73.4","61.8","57.5","7.5","2.5","3.9","0.0","0.0","0.0","6.6","11.6","2.3"
"20221211","서울","종로구","1.6","6.8","-1.5","6.0","0.7","4.6","-3.0","0.0","0.0","0.7","8.9","3.5","5.3","11.11","7.34","0.0","52.5","83.6","57.6","0.9","8.1","3.8","0.0","0.0","0.0","6.2","7.0","2.3"
"20221210","서울","종로구","2.6","6.7","-0.6","7.0","0.9","4.7","-2.7","0.0","0.7","0.9","3.6","0.0","5.1","6.71","1.35","0.0","46.5","81.5","58.9","6.1","8.1","4.0","0.0","0.0","0.0","6.7","5.3","2.3"
"20221209","서울","종로구","4.5","10.2","0.9","6.5","1.2","5.0","-2.3","0.0","0.0","0.9","4.9","1.4","4.9","7.22","4.98","0.0","60.8","70.3","59.4","3.4","6.9","4.3","0.0","0.0","0.0","6.5","5.2","2.3"
"20221208","서울","종로구","3.7","9.1","0.1","6.7","1.2","5.0","-2.4","0.0","0.0","1.1","9.0","9.1","4.9","9.97","10.53","0.0","57.5","70.0","59.3","1.0","1.6","4.4","0.0","0.0","0.0","4.7","4.0","2.2"
"20221207","서울","종로구","4.9","9.0","1.2","6.8","1.1","4.9","-2.5","0.1","0.0","1.0","7.8","8.3","5.1","9.89","9.35","0.0","60.4","68.3","58.3","1.8","0.0","4.2","0.0","0.0","0.0","12.2","3.8","2.3"
"20221206","서울","종로구","0.9","5.3","-3.9","5.4","1.2","5.2","-2.4","0.1","0.0","1.1","4.8","7.3","5.1","9.16","9.37","0.0","62.8","61.4","58.0","6.1","4.1","4.2","0.3","0.0","0.0","12.5","4.4","2.3"
"20221205","서울","종로구","-3.1","1.9","-7.0","2.9","1.4","5.4","-2.3","0.0","0.0","1.1","8.6","9.2","5.2","11.74","11.07","0.0","41.9","50.4","57.2","2.9","0.0","4.2","0.0","0.0","0.0","7.1","4.8","2.3"
"20221204","서울","종로구","-3.5","-0.2","-5.2","1.4","1.7","5.8","-2.0","0.0","0.0","1.1","1.3","7.2","5.3","6.13","10.46","0.0","38.9","48.5","56.9","6.9","1.0","4.0","0.0","0.0","0.0","9.7","9.3","2.3"
"20221203","서울","종로구","2.1","7.0","-0.3","1.9","2.3","6.4","-1.4","1.1","0.4","0.8","2.6","9.1","5.1","6.28","11.85","0.0","70.5","53.3","57.7","6.6","1.4","4.0","1.0","0.0","0.0","9.6","10.7","2.3"
"20221202","서울","종로구","-2.5","3.0","-7.6","1.3","2.9","7.1","-0.8","0.0","0.1","1.0","9.0","4.1","5.1","11.87","6.48","0.0","42.0","68.9","59.1","1.8","4.5","3.9","0.0","0.0","0.0","5.4","8.0","2.2"
"20221201","서울","종로구","-5.4","-1.2","-9.4","-1.3","3.4","7.5","-0.2","0.0","0.0","1.0","8.1","9.1","5.0","10.23","12.23","0.0","43.4","51.8","60.7","1.5","0.6","4.1","0.0","0.0","0.0","7.7","13.2","2.2"
"20221130","서울","종로구","-5.4","-1.6","-8.1","5.7","3.9","8.0","0.3","0.0","27.2","1.0","9.1","0.0","4.9","12.17","0.84","0.0","49.1","80.4","60.9","1.5","9.0","4.2","0.0","0.0","0.0","11.3","16.4","2.2"
"20221129","서울","종로구","6.9","15.0","-1.6","7.6","4.1","8.2","0.5","3.8","0.0","1.2","2.0","4.7","4.8","5.34","7.47","0.0","67.0","62.0","61.1","8.8","7.0","4.4","0.0","0.0","0.0","12.0","4.7","2.2"
"20221128","서울","종로구","12.3","15.0","7.5","5.1","4.3","8.3","0.7","19.5","0.0","1.4","0.8","8.0","4.7","3.87","11.02","0.0","65.5","52.4","61.2","8.4","4.0","4.5","0.0","0.0","0.0","7.0","4.6","2.2"
"20221127","서울","종로구","5.4","11.5","-1.1","3.4","4.4","8.5","0.8","0.0","0.0","1.6","7.4","9.2","4.7","10.15","11.85","0.0","43.1","53.0","61.4","2.4","0.0","4.6","0.0","0.0","0.0","5.8","5.8","2.3"
"20221126","서울","종로구","6.7","12.9","1.0","2.9","4.7","8.8","1.0","0.0","0.0","1.6","8.6","4.7","4.6","11.75","7.6","0.0","52.4","57.5","60.9","0.3","1.4","4.6","0.0","0.0","0.0","11.1","8.1","2.2"
"20221125","서울","종로구","12.3","17.8","7.1","5.7","4.9","9.1","1.1","1.7","0.0","1.6","7.6","7.9","4.8","10.66","10.25","0.0","67.1","55.0","61.4","5.0","1.9","4.5","0.0","0.0","0.0","10.0","8.2","2.2"
"20221124","서울","종로구","9.4","14.1","5.9","4.1","5.2","9.5","1.4","0.0","0.0","1.6","6.5","4.9","4.9","9.32","7.93","0.0","65.6","64.3","61.2","3.4","3.9","4.4","0.0","0.0","0.0","5.2","8.8","2.2"
"20221123","서울","종로구","10.8","15.2","6.8","-0.6","5.3","9.7","1.4","0.0","0.0","1.4","7.9","5.7","5.2","11.6","8.4","0.0","56.0","60.9","60.5","3.3","2.9","4.2","0.0","0.0","0.0","8.4","10.3","2.1"
"20221122","서울","종로구","10.7","13.7","7.0","2.7","5.3","9.6","1.4","0.0","1.3","1.1","1.6","5.4","5.3","5.55","8.99","0.0","69.9","61.8","60.0","8.8","3.3","4.1","0.0","0.0","0.0","6.9","13.9","2.1"
"20221121","서울","종로구","11.8","16.2","9.3","10.4","5.3","9.8","1.3","0.0","5.9","2.0","3.1","0.0","5.4","6.36","3.3","0.0","70.5","74.4","59.2","3.4","8.9","4.0","0.0","0.0","0.0","7.6","14.9","2.2"
"20221120","서울","종로구","13.7","20.2","9.5","10.4","5.3","9.7","1.3","0.0","0.0","2.2","9.1","5.6","5.5","11.85","8.62","0.0","58.3","77.0","58.1","1.8","3.3","3.9","0.0","0.0","0.0","5.3","4.5","2.2"
"20221119","서울","종로구","12.9","19.2","8.7","12.9","5.5","9.9","1.7","0.0","0.0","2.3","9.0","0.9","5.4","11.5","4.98","0.0","55.8","84.8","58.5","3.1","6.5","3.9","0.0","0.0","0.0","7.4","6.2","2.3"
"20221118","서울","종로구","11.0","18.1","5.3","11.9","5.9","10.2","1.9","0.0","0.0","2.4","9.1","1.9","5.4","12.08","5.68","0.0","69.6","70.8","58.6","1.0","7.5","4.0","0.0","0.0","0.0","4.2","8.8","2.3"
"20221117","서울","종로구","10.2","16.6","5.4","7.5","6.2","10.5","2.4","0.0","0.0","2.3","9.1","7.3","5.4","11.46","11.0","0.0","64.6","64.1","58.2","1.3","3.5","4.0","0.0","0.0","0.0","4.8","5.4","2.3"
"20221116","서울","종로구","8.5","13.0","5.5","8.5","6.7","11.0","3.0","0.0","0.0","1.3","8.3","9.0","5.5","12.11","12.07","0.0","71.3","65.5","58.3","2.0","0.0","3.9","0.0","0.0","0.0","7.1","6.6","2.3"
"20221115","서울","종로구","8.1","12.3","4.0","10.1","7.4","11.7","3.7","1.6","0.0","1.3","2.9","7.9","5.1","6.96","11.39","0.0","77.4","71.3","59.4","6.5","3.6","4.2","0.0","0.0","0.0","10.4","5.3","2.2"
"20221114","서울","종로구","9.7","13.8","5.9","11.3","7.8","12.2","4.0","0.0","0.0","1.4","4.5","6.4","5.4","8.25","10.52","0.0","74.8","69.8","59.3","5.3","3.4","4.1","0.0","0.0","0.0","8.6","9.5","2.2"
"20221113","서울","종로구","10.3","17.3","8.7","7.3","8.3","12.7","4.6","0.0","0.0","1.6","0.0","5.4","5.3","3.61","9.9","0.0","85.6","66.1","60.0","8.8","4.5","4.1","0.0","0.0","0.0","10.4","6.4","2.3"
"20221112","서울","종로구","16.3","22.0","11.6","4.5","8.9","13.2","5.1","57.9","0.0","1.7","2.6","8.3","5.0","6.93","13.47","0.0","80.0","55.4","60.7","8.1","1.3","4.4","0.0","0.0","0.0","9.9","11.2","2.3"
"20221111","서울","종로구","15.6","22.1","10.9","5.3","9.2","13.6","5.4","0.0","0.0","1.9","8.8","6.3","5.1","11.75","9.68","0.0","62.5","60.6","60.6","0.9","3.0","4.4","0.0","0.0","0.0","6.4","10.8","2.3"
"20221110","서울","종로구","13.5","19.1","8.8","4.2","9.4","13.8","5.5","0.0","0.3","2.2","7.9","3.2","5.2","10.6","8.8","0.0","74.5","73.4","60.5","1.6","7.4","4.4","0.0","0.0","0.0","4.8","9.5","2.4"
"20221109","서울","종로구","11.4","16.0","6.7","4.9","9.8","14.2","5.9","0.0","2.0","2.4","5.3","0.0","4.9","9.82","3.4","0.0","76.0","80.3","61.2","6.1","8.1","4.6","0.0","0.0","0.0","4.9","9.4","2.4"
"20221108","서울","종로구","12.9","17.9","9.7","8.6","10.3","14.8","6.3","0.0","25.7","2.4","8.1","0.1","4.8","11.55","2.57","0.0","68.3","82.1","61.7","2.5","9.9","4.7","0.0","0.0","0.0","6.4","16.6","2.3"
"20221107","서울","종로구","11.4","16.6","6.1","15.3","10.7","15.4","6.5","0.0","0.0","2.4","4.4","6.8","5.0","8.35","12.2","0.0","64.5","57.5","62.3","5.9","7.0","4.5","0.0","0.0","0.0","7.0","9.2","2.2"
"20221106","서울","종로구","9.6","16.4","3.7","14.1","11.0","15.8","6.6","0.0","0.0","2.2","9.6","8.3","5.2","14.19","12.8","0.0","60.5","61.1","62.5","2.6","1.3","4.2","0.0","0.0","0.0","5.5","4.9","2.1"
"20221105","서울","종로구","6.5","13.6","0.8","13.0","11.2","16.2","6.6","0.0","0.0","1.4","9.7","9.2","5.5","15.06","12.76","0.0","51.3","68.5","61.9","0.0","0.6","3.9","0.0","0.0","0.0","7.2","4.6","2.0"
"20221104","서울","종로구","4.9","9.8","1.6","12.1","11.1","16.1","6.5","0.0","0.0","1.2","9.6","3.9","5.9","15.6","6.9","0.0","41.8","80.4","61.2","0.1","2.4","3.6","0.0","0.0","0.0","9.8","4.9","2.0"
"20221103","서울","종로구","9.3","13.4","5.6","12.1","10.8","15.9","6.2","0.0","0.0","1.0","0.6","8.5","6.2","5.36","13.24","0.0","58.1","71.1","60.2","6.1","3.0","3.4","0.0","0.0","0.0","9.0","5.7","2.0"
"20221102","서울","종로구","11.1","17.9","5.5","11.5","10.7","15.7","6.1","0.0","0.0","1.2","9.6","7.8","6.1","15.45","12.69","0.0","57.1","76.6","59.2","0.0","4.0","3.5","0.0","0.0","0.0","6.8","5.7","2.1"
"20221101","서울","종로구","13.1","17.8","9.4","12.9","10.6","15.7","6.1","0.0","0.0","1.2","4.7","6.3","6.3","9.52","11.32","0.0","73.5","77.3","58.1","3.4","3.0","3.5","0.0","0.0","0.0","7.6","6.9","2.1"
"20221031","서울","종로구","14.9","21.1","11.2","14.1","10.8","15.7","6.4","0.0","0.7","1.3","7.6","7.6","6.2","13.19","12.25","0.0","69.8","73.3","58.2","4.0","3.8","3.6","0.0","0.0","0.0","5.4","7.4","2.1"
"20221030","서울","종로구","14.9","21.3","10.4","13.8","11.1","16.1","6.7","0.0","0.0","1.4","8.9","1.6","6.2","13.64","6.35","0.0","64.5","62.4","58.4","1.1","6.1","3.7","0.0","0.0","0.0","5.0","5.0","2.1"
"20221029","서울","종로구","14.8","21.3","10.2","14.6","11.4","16.5","6.9","0.0","0.0","1.5","9.3","8.7","6.4","14.64","14.16","0.0","65.9","55.9","58.3","1.1","4.6","3.4","0.0","0.0","0.0","5.6","6.3","2.0"
"20221028","서울","종로구","13.6","20.6","8.2","12.7","11.7","16.8","7.3","0.0","0.0","1.2","8.3","9.7","6.7","14.35","15.58","0.0","70.1","54.6","58.4","1.5","0.0","3.1","0.0","0.0","0.0","5.6","4.8","2.0"
"20221027","서울","종로구","13.2","18.9","8.6","13.4","12.2","17.2","7.8","0.0","0.0","1.5","9.2","8.2","6.5","14.31","14.72","0.0","71.8","63.4","59.9","1.4","2.5","3.2","0.0","0.0","0.0","7.7","7.2","2.1"
"20221026","서울","종로구","12.9","17.8","8.0","13.0","12.7","17.7","8.3","0.0","0.0","1.9","7.3","8.6","6.6","12.66","13.08","0.0","58.3","74.5","60.7","4.9","3.6","3.2","0.0","0.0","0.0","5.9","5.3","2.1"
"20221025","서울","종로구","11.3","17.6","5.9","11.7","13.0","18.0","8.6","0.0","0.0","1.9","9.9","7.0","6.6","16.37","11.74","0.0","56.5","64.5","60.8","0.0","0.8","3.2","0.0","0.0","0.0","7.6","5.8","2.1"
"20221024","서울","종로구","10.6","14.8","7.5","11.4","13.3","18.4","9.1","0.0","0.0","1.9","9.9","9.9","6.3","16.88","15.97","0.0","52.6","63.1","61.0","0.3","0.3","3.5","0.0","0.0","0.0","8.8","6.6","2.1"
"20221023","서울","종로구","14.0","18.6","10.4","11.4","13.9","18.9","9.5","0.0","0.0","2.2","7.7","9.6","6.3","14.04","16.25","0.0","65.0","57.3","61.7","2.5","0.3","3.6","0.0","0.0","0.0","8.8","5.7","2.1"
"20221022","서울","종로구","15.1","20.8","10.5","10.8","14.2","19.5","9.8","0.0","0.0","1.9","9.3","10.0","6.4","14.93","16.45","0.0","76.3","58.4","61.9","4.3","0.8","3.6","0.0","0.0","0.0","7.3","9.4","2.0"
"20221021","서울","종로구","14.0","20.9","8.8","9.8","14.5","19.8","10.0","0.0","0.0","1.4","8.8","4.0","6.5","15.16","5.13","0.0","68.8","64.1","61.6","4.9","3.3","3.4","0.0","0.0","0.0","5.7","5.9","2.0"
"20221020","서울","종로구","12.9","19.7","6.0","9.5","14.7","20.1","10.1","0.0","0.0","1.2","10.1","10.0","6.7","17.2","16.7","0.0","64.4","64.9","61.6","2.1","0.3","3.3","0.0","0.0","0.0","5.3","5.9","1.9"
"20221019","서울","종로구","10.5","16.8","4.4","10.9","14.8","20.2","10.2","0.0","4.4","1.0","10.2","6.5","6.9","17.78","13.34","0.0","57.8","72.8","62.0","0.0","4.0","3.1","0.0","0.0","0.0","8.0","9.5","1.9"
"20221018","서울","종로구","9.4","14.2","5.0","9.6","14.8","20.2","10.2","0.0","5.6","1.2","10.2","4.3","6.9","18.27","12.08","0.0","52.1","60.4","61.9","0.0","6.6","3.2","0.0","0.0","0.0","7.2","6.2","1.9"
"20221017","서울","종로구","11.2","15.1","7.4","5.6","14.8","20.1","10.2","0.0","0.0","1.3","10.1","10.3","6.8","18.79","18.7","0.0","50.3","37.4","61.8","1.4","0.0","3.3","0.0","0.0","0.0","11.4","11.5","1.9"
"20221016","서울","종로구","16.9","20.5","15.1","10.7","14.9","20.2","10.4","0.0","0.0","1.3","0.6","1.5","6.9","6.15","8.78","0.0","73.9","47.5","61.6","8.8","6.1","3.4","0.0","0.0","0.0","7.4","11.9","1.9"
"20221015","서울","종로구","18.2","24.4","12.6","19.0","15.1","20.4","10.5","0.0","0.0","1.6","8.2","0.7","6.9","16.21","7.21","0.0","68.5","74.4","61.4","5.8","9.6","3.6","0.0","0.0","0.0","6.5","5.8","2.0"
"20221014","서울","종로구","17.1","23.0","12.4","19.7","15.4","20.7","10.8","0.0","0.0","1.9","4.9","6.1","6.9","13.52","12.85","0.0","73.4","73.6","61.0","7.9","5.8","3.7","0.0","0.0","0.0","5.5","6.9","2.0"
"20221013","서울","종로구","16.3","22.7","10.7","19.6","15.7","21.0","11.1","0.0","0.0","1.7","10.4","9.0","7.0","17.98","17.28","0.0","69.6","66.6","61.1","2.5","2.1","3.7","0.0","0.0","0.0","5.3","8.3","2.0"
"20221012","서울","종로구","13.5","20.6","6.5","17.9","16.1","21.3","11.6","0.0","0.0","1.8","10.6","3.0","6.9","18.13","11.55","0.0","68.1","67.1","61.7","0.0","6.9","3.9","0.0","0.0","0.0","6.6","10.6","2.0"
"20221011","서울","종로구","11.1","16.4","7.4","15.2","16.5","21.7","12.0","0.0","0.3","1.9","10.3","1.7","6.8","18.72","8.47","0.0","69.1","78.6","62.0","2.1","8.3","4.0","0.0","0.0","0.0","9.3","9.5","1.9"
"20221010","서울","종로구","9.9","11.9","8.2","19.9","16.8","21.9","12.3","0.0","14.2","1.6","2.3","0.0","7.0","9.31","3.12","0.0","72.9","89.0","62.5","7.4","9.8","3.9","0.0","0.0","0.0","12.8","8.6","1.9"
"20221009","서울","종로구","13.1","14.5","10.7","20.9","17.1","22.2","12.6","20.4","0.4","1.4","0.0","1.9","6.9","2.4","7.05","0.0","85.8","83.5","63.3","8.8","6.8","3.9","0.0","0.0","0.0","11.5","6.8","1.9"
"20221008","서울","종로구","15.8","21.6","11.1","18.8","17.3","22.4","12.8","0.0","3.5","1.6","9.5","0.0","7.0","18.48","2.8","0.0","64.6","91.3","63.1","2.9","9.5","3.9","0.0","0.0","0.0","6.5","5.5","1.9"
"20221007","서울","종로구","14.3","18.6","11.0","19.4","17.3","22.6","12.8","0.0","4.6","1.5","7.6","0.0","7.3","15.08","4.86","0.0","69.5","85.5","62.4","3.4","9.4","3.7","0.0","0.0","0.0","9.2","6.1","1.9"
"20221006","서울","종로구","15.8","19.1","12.7","18.8","17.4","22.6","12.8","0.0","6.4","1.4","1.6","1.2","7.3","7.74","3.26","0.0","76.6","91.5","62.3","8.9","9.0","3.9","0.0","0.0","0.0","6.2","7.2","2.0"
"20221005","서울","종로구","16.6","21.6","14.1","23.6","17.4","22.6","13.1","0.1","0.0","1.8","4.9","1.5","7.0","15.62","8.11","0.0","74.8","82.4","62.7","7.5","8.1","4.2","0.0","0.0","0.0","6.7","11.5","2.0"
"20221004","서울","종로구","17.9","23.0","14.2","22.9","17.6","22.6","13.2","11.8","3.6","2.0","0.4","0.0","6.9","6.5","2.97","0.0","83.8","81.0","63.5","9.8","9.5","4.3","0.0","0.0","0.0","10.2","13.7","2.0"
"20221003","서울","종로구","21.4","23.4","17.5","22.3","17.8","22.7","13.5","76.0","0.0","2.1","0.0","8.4","6.4","1.06","17.47","0.0","98.5","69.5","64.8","10.0","2.0","4.5","0.0","0.0","0.0","13.7","7.3","2.0"
"20221002","서울","종로구","19.4","21.6","17.2","20.7","18.0","22.9","13.9","15.8","0.0","3.1","0.0","8.1","6.3","3.8","16.92","0.0","78.9","77.1","65.9","9.9","4.0","4.6","0.0","0.0","0.0","8.6","5.7","2.0"
"20221001","서울","종로구","20.9","27.6","14.4","21.1","18.4","23.1","14.3","0.0","13.3","3.8","7.9","9.3","6.0","17.31","18.42","0.0","63.3","75.8","66.6","5.4","2.9","4.6","0.0","0.0","0.0","4.2","20.9","1.9"
"20220930","서울","종로구","20.7","27.7","14.8","20.3","18.7","23.3","14.7","0.0","0.0","3.7","10.6","7.4","5.7","19.27","17.2","0.0","68.0","83.9","66.3","0.3","2.0","4.8","0.0","0.0","0.0","5.2","5.2","1.9"
"20220929","서울","종로구","20.4","26.5","16.4","20.2","19.1","23.8","15.0","0.0","13.1","3.6","7.9","0.0","5.7","17.37","2.85","0.0","73.5","93.5","65.3","2.5","7.6","4.8","0.0","0.0","0.0","5.8","9.4","1.8"
"20220928","서울","종로구","20.4","26.1","16.1","21.5","19.4","24.1","15.3","0.0","1.3","3.3","5.0","0.7","6.0","12.51","9.29","0.0","71.0","75.1","64.1","4.6","9.8","4.7","0.0","0.0","0.0","4.7","6.3","1.8"
"20220927","서울","종로구","20.9","28.0","14.0","21.6","19.7","24.5","15.5","0.0","0.0","2.1","11.2","2.2","6.1","21.17","11.36","0.0","59.0","66.0","63.5","0.5","8.3","4.7","0.0","0.0","0.0","5.4","6.6","1.8"
"20220926","서울","종로구","20.0","25.4","14.8","22.6","20.0","24.8","15.8","0.0","0.0","2.1","8.7","8.3","6.2","18.48","18.13","0.0","58.5","63.0","63.9","6.5","6.8","4.7","0.0","0.0","0.0","5.3","7.2","1.8"
"20220925","서울","종로구","19.6","25.2","15.4","21.2","20.2","25.2","15.9","0.0","0.0","1.8","7.8","0.0","6.7","17.94","7.2","0.0","63.3","72.6","63.7","6.4","8.6","4.4","0.0","0.0","0.0","5.7","6.4","1.8"
"20220924","서울","종로구","18.5","24.2","12.3","21.8","20.2","25.2","15.9","0.0","0.0","1.5","10.7","9.9","6.9","21.67","18.34","0.0","64.6","67.5","63.5","3.4","1.5","4.2","0.0","0.0","0.0","7.6","6.9","1.9"
"20220923","서울","종로구","17.5","22.2","14.7","20.9","20.1","25.1","15.9","3.3","0.0","4.1","7.9","8.0","6.7","16.53","18.01","0.0","68.9","67.3","64.2","3.0","3.4","4.3","0.0","0.0","0.0","13.1","10.9","1.9"
"20220922","서울","종로구","19.8","24.7","14.2","20.2","20.2","25.1","16.1","0.0","4.5","5.3","7.4","6.5","6.5","17.9","14.89","0.0","60.1","79.0","64.4","4.0","4.1","4.6","0.0","0.0","0.0","6.6","11.7","1.9"
"20220921","서울","종로구","19.4","25.6","13.0","22.0","20.4","25.3","16.2","0.0","68.1","5.8","11.0","4.3","6.5","22.18","11.84","0.0","56.9","85.1","63.8","0.5","8.0","4.6","0.0","0.0","0.0","7.0","11.9","2.0"
"20220920","서울","종로구","19.9","24.6","16.1","23.7","20.7","25.5","16.5","0.0","0.0","6.9","9.7","10.3","6.5","18.93","19.86","0.0","57.0","63.6","63.9","2.1","5.9","4.7","0.0","0.0","0.0","7.9","12.5","2.0"
"20220919","서울","종로구","24.6","29.6","19.5","23.7","21.0","25.8","16.9","0.0","0.0","8.0","6.9","2.8","6.3","18.62","13.97","0.0","63.1","62.9","64.3","5.4","6.3","4.9","0.0","0.0","0.0","12.4","5.0","2.0"
"20220918","서울","종로구","27.1","32.5","23.0","23.9","21.4","26.2","17.3","0.0","0.0","5.8","5.7","8.8","6.3","15.9","19.77","0.0","75.3","65.1","64.0","6.5","2.3","5.0","0.0","0.0","0.0","8.2","6.4","2.1"
"20220917","서울","종로구","25.6","29.4","23.3","23.5","21.8","26.5","17.6","4.3","0.0","5.0","3.8","6.6","6.5","11.31","18.05","0.0","83.1","61.4","64.1","7.8","3.8","4.9","0.0","0.0","0.0","6.1","12.2","2.1"
"20220916","서울","종로구","25.7","29.9","23.4","22.9","21.9","26.6","17.9","14.6","0.0","4.3","1.8","9.1","6.3","10.4","20.18","0.0","78.6","61.1","64.9","9.0","5.1","5.1","0.0","0.0","0.0","8.6","8.6","2.0"
"20220915","서울","종로구","25.2","28.3","22.0","23.6","22.0","26.6","18.1","0.1","0.0","4.4","3.4","11.4","6.1","12.29","22.62","0.0","66.9","57.5","65.9","8.4","0.6","5.1","0.0","0.0","0.0","9.6","11.7","1.9"
"20220914","서울","종로구","24.6","27.9","22.7","24.6","22.0","26.5","18.2","0.0","0.0","3.7","1.1","10.3","5.7","10.09","21.88","0.0","56.9","63.3","67.0","8.8","2.4","5.4","0.0","0.0","0.0","14.3","10.0","1.9"
"20220913","서울","종로구","24.3","26.4","21.8","24.8","22.1","26.4","18.4","0.0","0.0","4.3","0.1","6.1","5.5","7.38","17.61","0.0","73.0","67.1","68.1","9.6","6.9","5.7","0.0","0.0","0.0","7.8","6.9","1.9"
"20220912","서울","종로구","23.8","27.5","20.3","24.2","22.2","26.5","18.5","0.0","0.0","4.9","3.5","10.2","5.3","13.15","22.15","0.0","76.1","64.6","68.8","8.1","1.9","5.7","0.0","0.0","0.0","5.1","6.8","1.9"
"20220911","서울","종로구","23.3","26.4","20.6","24.0","22.3","26.6","18.6","0.1","0.0","5.5","1.8","8.7","5.3","10.27","19.54","0.0","68.6","73.1","69.3","8.9","2.0","5.7","0.0","0.0","0.0","6.9","9.2","1.9"
"20220910","서울","종로구","23.6","28.4","19.0","23.6","22.5","26.8","18.9","0.0","0.0","4.6","6.5","6.4","5.5","18.76","16.96","0.0","52.3","76.0","68.8","7.9","3.9","5.8","0.0","0.0","0.0","8.0","7.4","1.9"
"20220909","서울","종로구","24.3","30.8","18.9","23.5","22.8","27.1","19.0","0.0","0.0","4.8","11.1","8.0","5.9","23.91","18.9","0.0","59.1","76.5","68.5","4.1","6.5","5.6","0.0","0.0","0.0","6.4","4.6","2.0"
"20220908","서울","종로구","23.2","29.5","16.7","22.2","22.9","27.4","19.1","0.0","1.6","4.3","11.8","7.1","6.0","23.96","18.18","0.0","65.5","81.3","68.4","2.1","4.5","5.5","0.0","0.0","0.0","5.6","6.8","2.0"
"20220907","서울","종로구","22.8","28.1","17.9","19.6","23.0","27.3","19.3","0.0","29.6","5.4","11.9","0.0","5.8","24.4","1.8","0.0","65.3","98.1","68.7","0.1","10.0","5.7","0.0","0.0","0.0","6.6","8.5","2.0"
"20220906","서울","종로구","21.0","26.3","17.0","22.3","23.2","27.6","19.5","25.3","12.0","5.1","8.4","2.4","5.8","20.76","12.02","0.0","78.0","70.1","68.3","3.9","8.9","5.6","0.0","0.0","0.0","13.8","11.7","2.0"
"20220905","서울","종로구","19.2","22.7","17.7","23.1","23.3","27.6","19.7","120.0","0.0","6.0","0.0","4.6","5.5","1.61","15.83","0.0","95.9","61.1","69.3","10.0","5.8","5.7","0.0","0.0","0.0","18.3","10.3","2.0"
"20220904","서울","종로구","22.3","24.0","19.8","23.2","23.6","27.8","20.0","33.8","0.0","6.4","0.0","9.3","5.3","3.54","20.58","0.0","88.6","57.0","69.7","9.6","4.4","5.8","0.0","0.0","0.0","8.4","7.2","2.0"
"20220903","서울","종로구","24.2","29.2","20.5","24.3","23.9","28.1","20.3","0.0","0.0","6.5","4.5","11.2","5.5","16.39","24.64","0.0","63.0","60.3","69.9","6.6","1.9","5.8","0.0","0.0","0.0","9.0","7.6","2.1"
"20220902","서울","종로구","24.7","29.8","20.3","23.5","24.1","28.5","20.5","0.0","0.0","5.1","11.6","1.4","5.8","24.51","13.24","0.0","61.8","70.3","69.9","2.4","8.3","5.6","0.0","0.0","0.0","9.2","6.4","2.1"
"20220901","서울","종로구","24.0","30.4","18.3","21.4","24.2","28.5","20.7","0.0","0.8","5.5","12.1","0.0","5.6","25.02","7.24","0.0","70.8","83.1","70.7","1.0","9.3","5.7","0.0","0.0","0.0","7.0","9.1","2.1"
"20220831","서울","종로구","21.7","24.9","19.6","20.5","24.4","28.6","20.8","0.0","77.4","6.1","2.5","0.0","5.5","10.32","2.39","0.0","83.3","93.3","71.0","7.5","9.9","5.8","0.0","0.0","0.0","7.3","9.3","2.1"
"20220830","서울","종로구","19.1","20.3","17.9","24.2","24.4","28.6","20.9","35.8","0.0","7.1","0.0","1.1","5.5","3.06","12.46","0.0","96.3","77.5","71.6","10.0","8.3","5.9","0.0","0.0","0.0","6.8","4.5","2.1"
"20220829","서울","종로구","21.0","22.5","19.5","23.7","24.4","28.4","21.0","2.2","0.9","10.3","0.0","1.0","5.2","5.97","9.6","0.0","74.0","82.6","72.5","9.9","8.6","6.1","0.0","0.0","0.0","6.7","5.6","2.1"
"20220828","서울","종로구","22.6","28.4","16.1","23.6","24.4","28.5","21.1","0.0","0.0","11.5","12.1","3.8","5.0","24.53","15.44","0.0","59.4","80.4","72.8","5.1","8.4","6.3","0.0","0.0","0.0","5.7","7.3","2.1"
"20220827","서울","종로구","21.5","25.5","17.6","22.4","24.5","28.4","21.2","17.6","0.9","13.1","12.4","0.0","4.9","27.09","3.01","0.0","63.1","83.5","73.3","1.3","9.1","6.4","0.0","0.0","0.0","9.7","4.9","2.1"
"20220826","서울","종로구","23.8","28.4","19.9","25.5","24.6","28.5","21.4","0.0","0.7","14.1","7.8","0.2","4.8","19.91","8.07","0.0","75.3","84.9","72.9","4.5","8.1","6.5","0.0","0.0","0.0","8.7","8.7","2.1"
"20220825","서울","종로구","22.2","24.0","21.1","25.0","24.8","28.6","21.6","1.6","0.3","14.2","0.0","0.7","4.8","4.5","8.96","0.0","78.0","85.5","72.8","8.3","8.4","6.6","0.0","0.0","0.0","5.6","6.8","2.1"
"20220824","서울","종로구","24.8","27.9","22.4","23.4","25.0","28.9","21.7","0.0","10.5","11.3","2.0","0.0","5.0","12.34","4.58","0.0","66.9","93.6","72.2","6.8","10.0","6.5","0.0","0.0","0.0","8.3","10.5","2.1"
"20220823","서울","종로구","25.4","30.2","22.4","22.4","25.2","29.1","22.0","2.2","7.4","11.1","7.1","0.0","4.9","20.42","3.81","0.0","75.0","89.3","72.2","5.4","9.5","6.5","0.0","0.0","0.0","6.4","7.9","2.2"
"20220822","서울","종로구","26.8","30.2","22.9","24.4","25.4","29.4","22.2","3.2","0.0","11.5","1.5","0.7","5.0","11.71","8.64","0.0","75.6","81.5","71.9","8.4","8.6","6.4","0.0","0.0","0.0","7.3","8.3","2.2"
"20220821","서울","종로구","28.1","32.0","24.7","23.8","25.6","29.6","22.4","0.0","62.8","10.7","5.5","1.0","4.9","16.37","6.31","0.0","75.3","88.1","72.3","5.9","8.8","6.4","0.0","0.0","0.0","5.7","11.4","2.2"
"20220820","서울","종로구","28.2","32.0","25.7","26.6","25.8","29.8","22.6","0.0","0.0","9.3","9.6","5.5","4.9","23.65","17.21","0.0","80.0","63.6","72.6","4.8","6.9","6.5","0.0","0.0","0.0","8.1","10.3","2.1"
"20220819","서울","종로구","26.0","27.5","23.3","26.0","25.9","29.9","22.8","66.1","0.0","8.9","0.0","8.6","4.8","5.56","20.95","0.0","86.1","57.1","73.0","9.6","4.0","6.4","0.0","0.0","0.0","9.6","8.6","2.1"
"20220818","서울","종로구","25.6","29.8","22.4","24.3","26.1","30.0","23.0","0.0","5.6","7.7","2.6","5.8","4.7","12.57","17.87","0.0","75.8","69.6","73.4","6.4","5.3","6.4","0.0","0.0","0.0","7.1","9.7","2.1"
"20220817","서울","종로구","26.0","30.5","22.8","25.9","26.2","30.1","23.1","0.0","9.3","8.0","6.0","5.8","4.7","17.1","17.49","0.0","76.6","65.0","73.9","4.0","5.5","6.5","0.0","0.0","0.0","7.0","9.6","2.0"
"20220816","서울","종로구","26.7","30.0","24.1","27.3","26.5","30.4","23.5","0.0","0.0","7.4","9.2","10.4","5.0","23.34","23.19","0.0","75.4","61.1","73.9","4.8","3.8","6.4","0.0","0.0","0.0","8.4","6.9","2.0"
"20220815","서울","종로구","28.1","29.8","26.6","26.9","26.6","30.5","23.6","0.9","0.0","8.1","0.0","10.2","5.0","6.28","23.31","0.0","83.0","59.6","74.0","9.5","1.8","6.3","0.0","0.0","0.0","16.1","7.0","2.0"
"20220814","서울","종로구","27.6","31.5","24.5","26.1","26.7","30.5","23.6","3.0","0.0","9.5","2.2","4.5","5.1","13.95","15.6","0.0","83.0","63.9","74.4","7.8","6.5","6.4","0.0","0.0","0.0","6.3","10.2","2.0"
"20220813","서울","종로구","25.8","27.5","24.7","26.6","26.8","30.7","23.7","4.0","0.0","10.8","0.8","1.7","5.3","5.06","12.03","0.0","82.8","70.4","74.2","8.9","8.0","6.4","0.0","0.0","0.0","5.6","6.4","2.0"
"20220812","서울","종로구","27.0","32.4","23.0","26.8","26.9","30.8","23.8","0.0","0.0","9.6","10.6","4.4","5.2","24.86","14.8","0.0","73.8","67.1","74.0","4.5","5.9","6.4","0.0","0.0","0.0","6.1","12.9","2.0"
"20220811","서울","종로구","25.0","27.5","23.4","27.4","26.9","30.9","23.8","38.8","0.0","9.2","0.8","5.3","5.2","8.81","16.55","0.0","87.9","70.3","73.7","9.0","5.8","6.4","0.0","0.0","0.0","4.9","6.4","2.0"
"20220810","서울","종로구","24.7","28.8","21.4","27.7","26.9","30.9","23.8","7.6","0.0","11.3","3.1","8.5","5.2","16.23","20.07","0.0","85.3","62.5","73.9","9.1","4.5","6.5","0.0","0.0","0.0","6.3","8.7","2.1"
"20220809","서울","종로구","25.1","26.5","22.0","28.3","27.0","30.9","23.9","123.1","0.0","13.4","0.0","8.6","5.0","2.42","24.73","0.0","96.0","62.4","74.0","10.0","5.6","6.6","0.0","0.0","0.0","12.3","8.3","2.1"
"20220808","서울","종로구","26.8","28.4","0.0","26.8","27.0","30.9","24.0","129.6","12.7","14.6","0.0","2.0","5.0","0.0","11.91","0.0","91.6","74.8","74.2","10.0","8.1","6.6","0.0","0.0","0.0","24.9","9.5","2.1"
"20220807","서울","종로구","28.9","31.7","27.2","28.0","27.2","31.1","24.1","0.9","0.0","13.2","0.6","11.3","5.3","9.26","23.48","0.0","82.1","65.0","73.9","8.4","3.3","6.4","0.0","0.0","0.0","9.8","6.5","2.1"
"20220806","서울","종로구","28.7","30.3","27.4","28.1","27.1","31.0","24.0","13.6","0.0","15.9","0.4","6.3","5.3","7.48","18.13","0.0","85.3","68.4","74.4","7.5","7.4","6.4","0.0","0.0","0.0","5.2","16.4","2.1"
"20220805","서울","종로구","29.4","32.7","27.0","29.4","27.1","31.0","24.1","0.0","0.0","14.5","6.3","8.9","5.4","19.58","20.51","0.0","76.6","68.1","74.4","5.9","4.6","6.3","0.0","0.0","0.0","9.2","7.1","2.2"
"20220804","서울","종로구","28.9","32.9","26.0","28.9","27.2","31.1","24.2","0.0","0.0","13.6","8.7","6.1","5.3","22.24","19.55","0.0","79.3","70.6","74.4","4.4","5.9","6.3","0.0","0.0","0.0","7.5","7.6","2.2"
"20220803","서울","종로구","27.1","30.0","25.2","28.0","27.3","31.1","24.2","51.1","0.0","13.1","1.3","4.3","5.1","8.74","13.25","0.0","90.1","76.9","74.9","9.3","6.1","6.5","0.0","0.0","0.0","10.8","9.7","2.2"
"20220802","서울","종로구","26.8","28.5","25.5","26.5","27.1","30.9","24.3","33.5","1.7","14.1","0.0","0.6","4.7","4.37","8.42","0.0","90.0","82.6","75.6","9.9","9.0","6.7","0.0","0.0","0.0","10.1","5.6","2.2"
"20220801","서울","종로구","28.6","32.4","25.4","27.1","27.1","30.9","24.3","30.0","21.0","11.4","3.2","0.0","4.4","15.09","6.56","0.0","82.4","81.8","75.8","8.9","9.8","6.8","0.0","0.0","0.0","9.3","8.3","2.3"
"20220731","서울","종로구","27.2","29.0","25.4","29.8","27.1","30.7","24.3","47.2","3.0","11.5","0.0","7.7","4.1","4.93","21.19","0.0","85.8","69.9","76.3","9.8","6.9","7.0","0.0","0.0","0.0","7.6","6.9","2.2"
"20220730","서울","종로구","30.9","36.1","27.3","30.5","27.0","30.5","24.2","1.0","0.0","11.8","9.4","7.7","4.1","23.53","21.86","0.0","68.4","63.1","76.6","4.5","6.5","7.1","0.0","0.0","0.0","10.3","7.6","2.2"
"20220729","서울","종로구","30.7","34.3","27.3","29.6","26.8","30.3","24.0","0.0","0.0","13.4","7.6","2.2","4.0","20.28","14.86","0.0","68.1","69.9","76.5","5.0","6.8","7.2","0.0","0.0","0.0","6.5","6.8","2.1"
"20220728","서울","종로구","29.7","34.4","25.1","30.4","26.7","30.2","23.8","0.0","0.0","15.0","9.9","6.5","4.2","25.2","16.37","0.0","63.8","67.4","75.9","3.5","3.8","7.1","0.0","0.0","0.0","7.6","7.2","2.2"
"20220727","서울","종로구","29.3","33.4","26.4","31.1","26.5","30.1","23.6","0.0","0.0","16.9","6.0","7.3","4.1","19.72","17.22","0.0","66.3","60.5","76.1","5.3","3.9","7.1","0.0","0.0","0.0","7.7","7.8","2.2"
"20220726","서울","종로구","28.9","33.1","24.4","31.2","26.3","29.8","23.5","0.0","0.0","16.4","9.0","13.2","3.8","22.31","29.3","0.0","72.5","54.9","76.3","5.0","1.6","7.3","0.0","0.0","0.0","6.0","7.3","2.3"
"20220725","서울","종로구","27.5","32.0","23.6","31.5","26.2","29.8","23.4","0.0","0.0","16.0","9.6","13.0","3.8","25.49","27.63","0.0","75.0","55.8","76.0","3.8","4.9","7.4","0.0","0.0","0.0","6.5","8.8","2.3"
"20220724","서울","종로구","25.0","28.4","22.0","31.7","26.2","29.8","23.3","1.2","0.0","15.1","0.4","12.3","3.9","8.82","27.78","0.0","86.9","57.4","76.4","9.5","3.0","7.3","0.0","0.0","0.0","6.5","7.0","2.4"
"20220723","서울","종로구","24.8","28.0","22.3","31.2","26.2","29.7","23.4","9.9","0.0","12.7","0.1","12.4","3.6","9.09","26.91","0.0","83.6","61.8","76.9","9.4","2.3","7.4","0.0","0.0","0.0","6.6","6.2","2.4"
"20220722","서울","종로구","25.1","27.5","22.9","31.2","26.1","29.7","23.2","5.2","0.0","11.3","2.5","11.4","3.8","13.54","27.69","0.0","81.5","59.8","76.7","7.5","4.0","7.3","0.0","0.0","0.0","5.5","6.7","2.4"
"20220721","서울","종로구","23.2","25.2","20.8","30.5","26.0","29.7","23.0","10.4","0.0","12.4","0.5","11.3","4.0","6.6","24.1","0.0","87.6","64.0","76.7","8.9","3.5","7.2","0.0","0.0","0.0","9.7","6.0","2.4"
"20220720","서울","종로구","27.1","30.4","24.3","27.9","25.9","29.7","22.8","1.1","0.0","10.2","3.1","3.4","4.2","17.68","14.62","0.0","76.1","75.8","76.3","9.0","7.6","7.0","0.0","0.0","0.0","7.2","6.0","2.4"
"20220719","서울","종로구","27.4","31.1","24.3","26.4","25.6","29.3","22.5","0.0","67.4","9.4","8.4","3.1","4.0","23.44","10.07","0.0","74.1","80.1","76.5","6.3","6.9","7.1","0.0","0.0","0.0","8.2","8.5","2.3"
"20220718","서울","종로구","26.8","30.1","23.1","29.6","25.2","29.0","22.1","0.0","0.0","13.0","5.2","8.4","4.0","21.01","23.37","0.0","76.0","62.5","77.1","5.4","5.6","7.2","0.0","0.0","0.0","7.3","7.6","2.3"
"20220717","서울","종로구","25.5","29.7","22.5","29.1","24.9","28.6","22.0","0.0","0.0","16.3","3.6","8.9","3.7","16.82","22.58","0.0","78.9","63.1","77.6","7.3","4.8","7.4","0.0","0.0","0.0","8.4","8.5","2.3"
"20220716","서울","종로구","24.8","28.2","23.2","28.8","24.8","28.5","22.0","34.0","0.0","15.1","1.5","10.5","3.6","10.77","26.76","0.0","83.4","68.4","77.4","8.3","3.5","7.5","0.0","0.0","0.0","10.5","16.5","2.3"
"20220715","서울","종로구","26.0","30.3","23.0","29.1","24.7","28.3","21.9","0.0","0.0","17.4","8.9","8.7","3.5","24.49","22.77","0.0","76.5","71.1","77.9","5.3","5.1","7.7","0.0","0.0","0.0","8.0","9.4","2.4"
"20220714","서울","종로구","25.7","29.9","23.3","29.7","24.7","28.3","21.9","0.9","0.0","19.2","3.9","7.1","3.4","17.21","22.48","0.0","84.6","71.4","77.8","8.1","7.0","7.8","0.0","0.0","0.0","6.8","7.6","2.4"
"20220713","서울","종로구","25.0","27.1","24.0","28.8","24.8","28.3","21.9","114.5","0.0","16.6","0.0","1.4","3.4","1.25","11.59","0.0","93.9","76.1","77.2","10.0","6.8","7.8","0.0","0.0","0.0","8.6","5.9","2.3"
"20220712","서울","종로구","26.8","29.4","23.2","28.1","24.8","28.3","21.8","0.0","0.0","14.8","0.8","4.9","3.5","11.82","19.1","0.0","73.1","75.1","76.7","8.1","6.6","7.7","0.0","0.0","0.0","6.4","5.4","2.3"
"20220711","서울","종로구","27.0","30.6","24.7","25.7","24.7","28.3","21.6","9.0","0.4","15.8","2.8","0.1","3.6","13.85","7.53","0.0","75.0","86.8","76.3","6.3","7.8","7.5","0.0","0.0","0.0","9.0","8.2","2.3"
"20220710","서울","종로구","29.2","35.1","24.6","25.9","24.7","28.4","21.5","0.0","0.5","13.9","8.4","4.2","3.8","23.08","17.4","0.0","68.0","80.4","75.2","5.6","7.4","7.4","0.0","0.0","0.0","6.3","9.9","2.2"
"20220709","서울","종로구","26.9","30.9","24.0","25.5","24.7","28.6","21.5","0.1","0.0","10.7","1.8","3.8","4.3","13.64","14.49","0.0","82.1","77.3","73.9","7.0","6.5","7.1","0.0","0.0","0.0","4.8","7.1","2.2"
"20220708","서울","종로구","25.8","27.9","24.0","26.0","24.8","28.8","21.5","1.7","2.9","10.3","0.0","2.9","4.6","6.94","14.1","0.0","84.4","81.6","73.1","9.5","7.1","6.9","0.0","0.0","0.0","8.5","7.5","2.2"
"20220707","서울","종로구","28.2","31.0","26.4","26.4","24.7","28.9","21.3","0.0","12.7","9.6","0.6","1.1","5.1","8.29","11.81","0.0","82.3","78.5","72.7","9.3","9.4","6.7","0.0","0.0","0.0","10.0","5.4","2.1"
"20220706","서울","종로구","29.5","33.3","26.2","25.3","24.7","28.9","21.3","16.1","0.0","8.0","1.1","4.3","5.2","14.49","19.15","0.0","76.0","73.4","72.7","7.3","7.0","6.7","0.0","0.0","0.0","11.6","5.5","2.2"
"20220705","서울","종로구","29.2","33.1","26.7","23.3","24.5","28.6","21.2","0.0","0.0","8.7","2.6","0.9","5.0","15.99","12.59","0.0","73.8","80.3","73.8","7.5","8.9","6.8","0.0","0.0","0.0","7.6","5.9","2.2"
"20220704","서울","종로구","29.3","32.6","26.4","21.4","24.4","28.3","21.1","0.0","21.4","11.5","3.6","0.0","4.6","14.9","2.69","0.0","71.8","96.8","75.7","6.9","9.9","7.0","0.0","0.0","0.0","7.8","8.8","2.1"
"20220703","서울","종로구","29.3","34.2","24.4","22.6","24.1","28.0","21.0","0.0","60.0","13.4","10.8","0.9","4.2","26.25","7.51","0.0","68.6","80.0","77.0","4.6","8.5","7.3","0.0","0.0","0.0","6.4","12.9","2.2"
"20220702","서울","종로구","28.8","33.8","24.0","27.1","23.9","27.7","21.0","0.0","0.0","13.7","10.8","7.4","3.6","25.83","22.19","0.0","72.8","64.1","77.8","4.1","5.8","7.6","0.0","0.0","0.0","5.3","6.7","2.2"
"20220701","서울","종로구","26.6","30.9","21.9","26.3","23.8","27.5","20.8","0.0","0.0","15.1","7.2","8.2","3.5","21.53","20.59","0.0","83.3","70.9","77.8","5.6","2.3","7.7","0.0","0.0","0.0","7.7","6.8","2.2"
"20220630","서울","종로구","22.3","24.5","21.2","24.3","23.8","27.8","20.7","176.2","6.0","13.4","0.0","4.0","3.9","2.42","16.22","0.0","99.3","77.9","76.5","10.0","6.1","7.5","0.0","0.0","0.0","9.4","7.7","2.2"
"20220629","서울","종로구","25.1","26.1","24.4","23.9","23.7","27.8","20.5","37.8","8.0","10.5","0.0","4.2","4.2","2.94","14.1","0.0","95.5","78.6","75.1","10.0","6.5","7.3","0.0","0.0","0.0","17.3","6.5","2.3"
"20220628","서울","종로구","26.9","27.9","25.7","23.7","23.7","27.9","20.3","6.3","0.1","9.3","0.0","2.2","4.6","3.33","13.52","0.0","81.9","76.4","73.8","10.0","8.1","7.1","0.0","0.0","0.0","20.9","7.7","2.3"
"20220627","서울","종로구","26.8","28.1","25.4","24.5","23.6","27.9","20.2","6.1","38.2","8.2","0.0","8.1","5.0","4.75","22.48","0.0","84.4","72.1","72.0","10.0","5.4","6.9","0.0","0.0","0.0","13.7","14.3","2.3"
"20220626","서울","종로구","26.5","28.1","24.8","22.8","23.5","27.8","19.9","0.0","4.5","6.0","0.0","2.3","5.4","3.0","14.24","0.0","82.1","78.5","70.7","10.0","7.3","6.6","0.0","0.0","0.0","8.5","5.9","2.3"
"20220625","서울","종로구","26.0","30.5","21.5","24.1","23.3","27.6","19.7","0.0","0.0","6.5","3.0","9.7","5.4","17.55","24.74","0.0","80.4","69.0","70.2","7.5","4.0","6.6","0.0","0.0","0.0","8.9","7.8","2.3"
"20220624","서울","종로구","22.6","24.9","20.6","23.0","23.3","27.8","19.6","19.1","0.0","6.2","1.7","5.7","5.5","8.5","17.8","0.0","90.9","71.1","68.6","8.4","3.0","6.5","0.0","0.0","0.0","9.8","7.7","2.3"
"20220623","서울","종로구","24.3","26.4","23.3","22.4","23.4","28.0","19.6","103.0","7.5","4.5","0.0","7.2","5.8","3.41","19.49","0.0","89.1","70.5","68.0","8.9","4.4","6.2","0.0","0.0","0.0","13.1","11.3","2.2"
"20220622","서울","종로구","25.9","31.0","21.9","22.8","23.3","28.0","19.5","0.0","0.0","3.8","7.4","6.8","6.1","22.39","20.23","0.0","71.1","67.9","68.3","6.1","6.8","6.0","0.0","0.0","0.0","6.6","15.0","2.2"
"20220621","서울","종로구","26.5","32.6","21.2","23.6","23.3","28.2","19.5","0.0","0.0","3.8","12.6","11.1","6.0","28.94","25.72","0.0","72.6","67.0","67.9","3.1","3.3","6.1","0.0","0.0","0.0","7.2","7.8","2.1"
"20220620","서울","종로구","25.2","29.0","22.0","22.9","23.3","28.2","19.4","0.0","0.0","3.9","1.8","10.7","6.1","12.59","25.87","0.0","76.6","73.3","67.5","6.0","3.1","6.1","0.0","0.0","0.0","4.4","12.7","2.1"
"20220619","서울","종로구","23.4","25.1","22.3","22.3","23.2","28.2","19.3","0.0","0.0","4.1","0.0","10.5","6.1","5.06","26.47","0.0","81.6","74.0","67.2","8.6","4.1","6.0","0.0","0.0","0.0","4.7","6.9","2.1"
"20220618","서울","종로구","23.3","25.1","22.0","20.0","23.2","28.2","19.1","0.0","6.3","3.6","0.0","0.0","6.3","6.07","4.5","0.0","79.6","92.1","65.9","7.6","9.8","5.9","0.0","0.0","0.0","6.0","7.2","2.1"
"20220617","서울","종로구","22.5","28.1","16.5","21.9","23.1","28.2","19.0","0.0","0.0","3.1","3.2","0.3","6.6","17.86","9.59","0.0","76.4","71.4","64.5","5.8","9.4","5.8","0.0","0.0","0.0","6.6","7.1","2.1"
"20220616","서울","종로구","20.3","24.8","17.6","24.3","23.1","28.2","18.9","0.7","0.0","3.3","3.8","11.5","6.9","13.0","27.3","0.0","78.4","59.9","63.9","5.6","2.5","5.6","0.0","0.0","0.0","6.9","11.5","2.1"
"20220615","서울","종로구","17.5","20.1","14.9","22.5","23.0","28.1","18.7","18.5","1.9","2.9","0.0","1.6","7.0","5.62","7.61","0.0","92.4","79.1","63.8","9.8","7.0","5.5","0.0","0.0","0.0","7.4","7.7","2.2"
"20220614","서울","종로구","21.5","27.1","17.7","24.8","22.7","27.9","18.5","0.0","0.0","3.0","5.7","8.3","7.3","18.58","22.29","0.0","56.4","68.8","64.1","7.8","6.8","5.5","0.0","0.0","0.0","12.2","5.9","2.2"
"20220613","서울","종로구","23.6","29.2","19.6","24.8","22.6","27.6","18.4","18.0","0.0","3.4","7.7","10.2","7.2","20.66","26.48","0.0","68.5","72.6","64.3","7.5","3.5","5.5","0.0","0.0","0.0","8.6","6.9","2.3"
"20220612","서울","종로구","24.6","31.5","18.9","24.2","22.4","27.5","18.4","0.0","0.0","4.4","9.3","9.1","6.8","24.52","26.92","0.0","58.9","74.6","65.0","5.8","5.0","5.7","0.0","0.0","0.0","6.8","6.3","2.3"
"20220611","서울","종로구","24.6","32.7","17.7","21.5","22.4","27.4","18.2","0.0","4.6","3.9","10.7","1.8","6.9","26.54","10.08","0.0","59.6","84.5","65.1","3.4","6.4","5.6","0.0","0.0","0.0","8.1","11.4","2.2"
"20220610","서울","종로구","20.9","26.6","17.2","24.9","22.3","27.4","18.2","1.2","6.1","3.4","4.8","1.3","6.7","15.38","14.13","0.0","75.8","68.5","64.4","5.6","8.5","5.7","0.0","0.0","0.0","8.2","9.0","2.2"
"20220609","서울","종로구","20.9","24.5","18.5","25.8","22.3","27.4","18.1","2.6","0.0","2.8","2.6","9.9","6.5","10.66","24.78","0.0","76.1","59.1","63.7","5.5","3.4","5.6","0.0","0.0","0.0","6.7","5.7","2.1"
"20220608","서울","종로구","21.2","25.8","16.2","23.6","22.2","27.4","17.9","0.0","0.1","2.5","5.1","7.1","6.4","16.97","21.25","0.0","61.6","69.6","63.1","6.4","5.4","5.6","0.0","0.0","0.0","6.7","6.6","2.1"
"20220607","서울","종로구","20.6","25.1","15.1","21.1","22.1","27.3","17.7","0.0","0.0","1.2","6.2","0.3","6.8","17.34","7.02","0.0","54.5","71.5","61.8","6.4","7.8","5.3","0.0","0.0","0.0","10.0","6.0","2.1"
"20220606","서울","종로구","19.7","24.5","16.7","23.0","21.9","27.1","17.5","4.3","0.0","1.3","5.5","8.3","6.7","21.01","23.46","0.0","69.0","69.6","60.9","6.9","3.8","5.5","0.0","0.0","0.0","11.4","7.0","2.1"
"20220605","서울","종로구","22.7","27.0","20.2","20.8","21.7","26.9","17.2","0.0","0.0","1.7","0.1","8.4","7.0","8.16","23.11","0.0","59.8","68.1","60.5","9.1","3.0","5.2","0.0","0.0","0.0","9.5","9.9","2.2"
"20220604","서울","종로구","25.6","29.7","20.3","18.5","21.5","26.8","17.0","0.0","0.0","2.6","6.2","10.9","7.3","18.22","29.01","0.0","57.0","69.4","59.9","7.0","2.6","5.1","0.0","0.0","0.0","5.0","10.4","2.2"
"20220603","서울","종로구","24.5","32.6","18.7","19.1","21.3","26.6","16.7","0.0","18.1","2.8","10.6","0.2","7.5","27.2","5.11","0.0","62.8","80.8","59.2","4.1","9.6","4.9","0.0","0.0","0.0","7.9","14.3","2.3"
"20220602","서울","종로구","21.5","26.9","17.1","23.2","21.1","26.5","16.4","0.0","0.0","2.7","10.4","11.9","7.9","27.13","26.82","0.0","67.4","64.4","58.4","3.9","3.4","4.7","0.0","0.0","0.0","7.6","8.2","2.3"
"20220601","서울","종로구","22.1","28.6","16.2","20.2","20.9","26.3","16.2","0.0","3.2","2.5","13.5","1.9","7.9","30.79","13.01","0.0","41.6","74.6","58.3","0.6","8.1","4.6","0.0","0.0","0.0","10.3","9.0","2.4"
"20220531","서울","종로구","20.7","27.2","14.2","19.9","20.9","26.3","16.1","0.0","4.0","2.1","12.0","2.0","7.9","27.48","12.52","0.0","42.4","78.9","58.4","1.4","7.4","4.6","0.0","0.0","0.0","11.8","5.7","2.3"
"20220530","서울","종로구","20.8","24.7","17.2","18.4","20.7","26.1","15.9","0.0","18.1","1.7","0.2","11.6","7.9","9.8","29.45","0.0","71.0","73.0","58.1","7.9","3.9","4.7","0.0","0.0","0.0","9.8","16.0","2.3"
"20220529","서울","종로구","23.1","29.7","19.3","15.4","20.4","25.8","15.6","0.0","0.3","2.1","7.0","3.9","7.9","21.5","10.45","0.0","66.4","79.8","58.2","6.0","5.1","4.6","0.0","0.0","0.0","9.2","7.3","2.3"
"20220528","서울","종로구","22.3","29.3","15.0","15.3","20.1","25.4","15.5","0.0","12.3","2.4","12.4","1.9","7.4","27.49","11.26","0.0","54.1","86.0","59.0","2.1","8.6","4.8","0.0","0.0","0.0","12.4","10.2","2.3"
"20220527","서울","종로구","20.0","25.6","16.0","15.8","19.9","25.2","15.3","0.0","8.9","2.8","11.8","0.5","7.3","28.71","5.08","0.0","62.5","83.0","60.0","2.4","6.5","4.9","0.0","0.0","0.0","10.0","9.1","2.3"
"20220526","서울","종로구","18.7","23.5","14.1","18.0","19.6","24.9","15.0","0.0","0.0","3.8","11.6","5.3","7.1","28.88","17.95","0.0","59.9","58.5","60.3","4.5","7.6","4.8","0.0","0.0","0.0","13.0","13.1","2.4"
"20220525","서울","종로구","21.0","26.7","16.7","15.3","19.6","24.9","15.0","3.5","8.3","3.2","8.1","6.4","7.1","22.59","19.29","0.0","66.6","72.3","60.6","6.5","5.3","4.8","0.0","0.0","0.0","9.6","12.8","2.4"
"20220524","서울","종로구","22.9","30.2","16.7","19.4","19.6","24.9","15.0","0.0","0.0","2.9","12.3","9.1","7.1","28.86","26.9","0.0","56.8","61.0","60.9","3.4","3.3","4.9","0.0","0.0","0.0","7.5","9.2","2.4"
"20220523","서울","종로구","23.0","30.7","17.8","19.5","19.5","24.9","14.7","0.0","0.0","2.9","10.4","6.0","7.2","26.01","19.28","0.0","63.5","64.4","60.3","3.0","6.9","4.8","0.0","0.0","0.0","7.2","7.9","2.3"
"20220522","서울","종로구","20.3","25.8","15.7","18.6","19.3","24.9","14.4","0.0","0.2","2.8","9.0","12.7","7.5","24.3","28.69","0.0","70.9","69.3","59.5","3.8","1.5","4.6","0.0","0.0","0.0","8.2","9.5","2.3"
"20220521","서울","종로구","20.1","26.0","16.1","16.0","19.1","24.6","14.1","0.0","6.9","2.3","9.3","0.9","7.5","24.88","7.35","0.0","70.8","86.5","59.8","3.6","9.5","4.7","0.0","0.0","0.0","9.3","7.1","2.4"
"20220520","서울","종로구","20.6","25.8","15.6","18.7","18.7","24.2","13.8","0.0","0.9","3.4","10.8","0.0","7.2","25.74","6.8","0.0","52.8","59.8","60.8","5.0","9.9","4.8","0.0","0.0","0.0","8.4","13.0","2.4"
"20220519","서울","종로구","19.9","24.2","16.1","19.9","18.4","23.8","13.5","0.0","0.0","4.0","7.8","13.2","7.1","20.97","29.93","0.0","53.6","52.3","60.8","4.9","2.6","4.9","0.0","0.0","0.0","10.6","7.4","2.4"
"20220518","서울","종로구","20.0","25.4","15.7","17.9","18.1","23.4","13.4","1.5","0.0","4.6","6.4","8.4","7.0","15.71","24.12","0.0","59.4","70.5","61.8","4.3","4.4","5.0","0.0","0.0","0.0","11.0","7.3","2.4"
"20220517","서울","종로구","20.0","27.4","13.0","15.3","18.0","23.2","13.5","0.0","3.1","4.6","12.8","0.0","6.7","27.56","5.21","0.0","60.1","93.0","62.3","0.3","9.0","5.4","0.0","0.0","0.0","9.4","5.3","2.4"
"20220516","서울","종로구","17.3","23.7","10.9","18.4","18.0","23.2","13.3","0.0","66.9","4.2","13.1","0.0","6.9","28.89","3.05","0.0","56.3","97.6","61.2","0.5","10.0","5.3","0.0","0.0","0.0","10.8","8.9","2.4"
"20220515","서울","종로구","16.2","22.4","10.5","22.1","17.8","23.0","13.1","0.0","15.0","4.0","12.9","0.5","7.1","30.01","9.42","0.0","39.8","79.5","61.0","2.0","9.8","5.1","0.0","0.0","0.0","10.8","6.1","2.4"
"20220514","서울","종로구","15.7","20.0","11.9","24.1","17.5","22.6","13.0","0.0","0.0","4.0","10.8","10.8","6.7","22.58","24.38","0.0","45.5","60.3","62.2","4.4","7.1","5.2","0.0","0.0","0.0","11.9","7.4","2.5"
"20220513","서울","종로구","19.4","25.2","15.0","22.9","17.3","22.4","12.7","0.0","0.0","3.8","4.8","12.8","6.6","19.95","27.3","0.0","45.8","54.4","61.8","5.9","0.0","5.2","0.0","0.0","0.0","11.7","7.2","2.5"
"20220512","서울","종로구","20.9","28.1","14.1","22.0","17.0","22.2","12.5","0.0","0.0","4.0","11.4","11.0","6.6","27.45","26.51","0.0","51.5","39.5","61.7","3.9","4.5","5.1","0.0","0.0","0.0","7.3","6.9","2.5"
"20220511","서울","종로구","19.7","25.2","16.6","18.5","16.9","22.1","12.4","0.0","0.0","4.2","9.8","13.2","6.5","25.73","27.17","0.0","50.4","48.9","61.3","6.9","6.0","5.2","0.0","0.0","0.0","7.8","10.5","2.6"
"20220510","서울","종로구","19.9","26.3","13.6","13.2","17.0","22.2","12.4","0.0","0.0","3.1","9.5","0.0","6.7","27.82","4.69","0.0","39.0","67.9","60.0","7.3","8.6","5.2","0.0","0.0","0.0","9.2","6.7","2.6"
"20220509","서울","종로구","17.9","25.3","11.0","15.7","17.0","22.5","12.3","0.0","0.0","4.2","12.8","13.0","7.0","29.25","30.44","0.0","56.4","51.3","58.7","3.1","0.3","5.0","0.0","0.0","0.0","7.3","14.3","2.6"
"20220508","서울","종로구","15.3","18.2","11.7","14.3","16.9","22.3","12.3","2.0","0.0","4.9","0.0","8.9","7.0","6.2","23.01","0.0","51.8","66.1","58.6","9.1","1.1","5.0","0.0","0.0","0.0","10.6","15.4","2.6"
"20220507","서울","종로구","18.4","23.1","15.3","14.4","17.1","22.7","12.2","0.5","8.8","4.5","6.8","5.9","7.4","22.57","17.12","0.0","52.4","60.3","56.9","8.6","3.1","4.6","0.0","0.0","0.0","10.7","12.6","2.6"
"20220506","서울","종로구","19.6","25.6","13.7","15.7","17.0","22.6","12.1","0.0","0.0","4.1","10.3","10.6","7.6","25.6","23.81","0.0","67.1","46.4","56.9","5.3","4.8","4.4","0.0","0.0","0.0","8.6","11.8","2.6"
"20220505","서울","종로구","18.9","25.8","12.5","13.9","16.8","22.4","12.0","0.0","0.1","4.8","12.7","11.5","7.4","29.35","28.34","0.0","48.1","64.4","57.8","0.5","2.6","4.5","0.0","0.0","0.0","7.2","13.1","2.7"
"20220504","서울","종로구","17.8","25.2","10.0","13.8","16.9","22.4","12.1","0.0","19.6","3.4","12.6","0.0","7.4","27.22","3.68","0.0","43.3","82.6","57.4","0.0","9.6","4.6","0.0","0.0","0.0","9.8","9.3","2.7"
"20220503","서울","종로구","14.8","20.8","9.1","14.1","17.0","22.6","12.1","0.0","0.0","2.0","12.5","11.6","7.5","28.07","27.7","0.0","45.9","56.4","57.3","1.0","3.8","4.5","0.0","0.0","0.0","9.5","8.6","2.7"
"20220502","서울","종로구","14.2","19.4","9.1","12.4","16.8","22.2","12.1","0.0","1.7","2.7","10.4","10.8","7.0","26.03","27.71","0.0","56.5","67.9","58.6","2.0","2.6","4.8","0.0","0.0","0.0","10.4","9.3","2.6"
"20220501","서울","종로구","13.4","19.2","7.9","10.2","16.6","21.8","11.8","0.0","8.0","3.7","10.0","1.2","6.7","27.41","11.89","0.0","54.8","80.8","59.2","1.3","9.4","5.1","0.0","0.0","0.0","14.1","10.3","2.6"
"20220430","서울","종로구","13.0","17.8","10.5","11.3","16.2","21.5","11.4","0.0","26.3","3.2","0.8","1.1","6.8","12.52","9.45","0.0","68.0","81.8","58.3","8.0","9.5","5.0","0.0","0.0","0.0","10.5","8.5","2.6"
"20220429","서울","종로구","13.4","16.5","10.7","14.6","15.6","20.8","10.8","15.5","3.9","2.7","1.5","4.4","6.8","13.08","15.99","0.0","70.6","54.1","57.9","8.8","7.6","4.9","0.0","0.0","0.0","10.6","11.0","2.6"
"20220428","서울","종로구","18.2","25.9","11.6","14.5","15.0","20.2","10.1","0.0","4.7","3.2","8.3","2.2","6.9","22.34","16.09","0.0","44.0","64.1","57.0","5.8","7.9","4.8","0.0","0.0","0.0","13.1","9.7","2.6"
"20220427","서울","종로구","17.7","23.9","12.6","15.4","14.4","19.7","9.6","0.0","1.7","2.9","11.8","0.5","7.2","26.83","10.37","0.0","31.5","62.4","55.4","0.4","9.4","4.6","0.0","0.0","0.0","9.5","9.0","2.7"
"20220426","서울","종로구","21.9","28.7","17.0","16.2","14.1","19.5","9.3","1.0","0.0","2.0","9.5","9.2","7.6","24.94","21.57","0.0","57.9","51.8","54.2","5.0","4.5","4.2","0.0","0.0","0.0","11.5","8.5","2.7"
"20220425","서울","종로구","20.0","23.6","17.0","18.2","13.9","19.2","9.1","1.3","0.0","2.3","0.3","11.5","7.5","8.1","27.12","0.0","80.5","50.0","54.2","10.0","1.1","4.2","0.0","0.0","0.0","5.5","11.3","2.8"
"20220424","서울","종로구","18.5","24.5","15.0","18.3","13.9","19.1","9.2","0.3","0.0","2.8","7.0","1.6","7.2","20.45","13.65","0.0","72.5","43.0","55.0","6.4","6.8","4.3","0.0","0.0","0.0","8.0","8.2","2.8"
"20220423","서울","종로구","17.7","25.3","10.4","19.0","13.9","19.2","9.4","0.0","0.0","3.0","9.1","0.3","7.0","23.47","8.36","0.0","57.3","41.4","55.6","6.0","9.6","4.5","0.0","0.0","0.0","6.8","11.3","2.8"
"20220422","서울","종로구","15.0","16.8","13.2","20.9","13.9","19.1","9.5","0.0","0.0","3.1","0.0","2.6","6.7","3.06","15.7","0.0","76.8","37.9","56.3","8.5","8.9","4.6","0.0","0.0","0.0","11.7","10.0","2.8"
"20220421","서울","종로구","16.3","22.7","9.6","19.1","13.9","19.1","9.4","0.0","0.0","3.4","6.3","11.1","6.3","19.54","25.12","0.0","48.4","43.1","56.6","5.3","3.9","4.9","0.0","0.0","0.0","10.0","7.0","2.8"
"20220420","서울","종로구","15.7","22.1","9.7","14.8","13.9","19.2","9.3","0.0","0.0","3.3","12.3","11.0","6.2","26.26","24.8","0.0","48.8","55.1","56.4","0.0","2.9","4.9","0.0","0.0","0.0","9.0","7.3","2.7"
"20220419","서울","종로구","15.2","22.1","8.9","12.2","13.8","19.2","9.0","0.0","0.0","3.0","12.1","12.1","6.4","25.17","26.18","0.0","51.9","65.3","55.4","0.0","0.0","4.8","0.0","0.0","0.0","8.7","8.8","2.7"
"20220418","서울","종로구","15.2","21.6","11.4","9.9","13.5","19.0","8.7","0.0","0.0","2.6","7.8","11.9","6.6","20.59","26.94","0.0","46.1","64.3","55.0","4.8","0.9","4.5","0.0","0.0","0.0","10.2","10.9","2.6"
"20220417","서울","종로구","14.0","21.9","7.2","9.6","13.2","18.8","8.3","0.0","0.0","2.1","11.7","3.5","6.8","26.0","13.62","0.0","53.8","56.6","54.6","2.6","3.8","4.3","0.0","0.0","0.0","9.0","12.5","2.6"
"20220416","서울","종로구","13.2","20.2","7.1","11.3","12.8","18.3","8.0","0.0","0.7","1.8","12.3","3.7","7.1","26.64","8.59","0.0","48.5","60.0","54.1","0.3","6.9","4.1","0.0","0.0","0.0","9.8","10.9","2.6"
"20220415","서울","종로구","13.3","19.3","7.5","11.6","12.4","17.9","7.7","0.0","0.0","1.4","12.2","11.1","7.2","26.31","24.78","0.0","46.8","62.3","54.1","1.0","4.9","4.2","0.0","0.0","0.0","9.9","8.5","2.7"
"20220414","서울","종로구","13.2","15.3","11.4","8.4","12.1","17.5","7.6","0.0","0.0","1.7","0.0","12.4","6.9","9.52","27.31","0.0","53.4","58.5","54.2","9.3","0.3","4.4","0.0","0.0","0.0","11.1","11.2","2.8"
"20220413","서울","종로구","13.1","15.9","12.0","10.4","11.9","17.3","7.4","1.3","8.0","1.6","0.0","2.9","7.0","4.06","14.95","0.0","69.3","74.0","54.1","10.0","6.6","4.4","0.0","0.0","0.0","14.5","10.2","2.8"
"20220412","서울","종로구","19.3","26.4","15.9","13.8","11.8","17.0","7.4","0.5","22.0","2.2","6.0","0.0","6.8","18.23","5.39","0.0","77.9","70.4","54.5","8.6","9.8","4.7","0.0","0.0","0.0","10.9","9.7","2.9"
"20220411","서울","종로구","19.6","26.6","13.4","15.0","11.7","17.0","7.3","0.0","0.0","2.6","10.2","10.6","6.6","24.04","22.57","0.0","60.4","45.4","54.5","2.8","3.5","4.9","0.0","0.0","0.0","8.3","6.4","2.9"
"20220410","서울","종로구","18.2","25.1","12.7","12.6","11.6","17.0","7.1","0.0","0.0","2.4","11.5","11.5","6.7","24.18","23.77","0.0","46.0","50.0","54.0","1.5","0.5","4.7","0.0","0.0","0.0","8.7","8.0","2.8"
"20220409","서울","종로구","17.8","24.2","12.4","13.6","11.4","16.9","6.9","0.5","0.0","1.8","9.0","11.9","7.0","21.41","25.3","0.0","43.8","39.3","54.5","2.4","0.6","4.6","0.0","0.0","0.0","12.0","10.0","2.8"
"20220408","서울","종로구","12.9","20.0","5.1","13.0","11.1","16.5","6.7","0.0","0.0","2.2","12.0","12.1","6.4","24.92","25.85","0.0","49.0","34.0","55.0","0.0","0.0","4.9","0.0","0.0","0.0","8.5","10.6","2.7"
"20220407","서울","종로구","10.9","15.7","7.4","14.1","10.9","16.3","6.5","0.0","0.0","2.0","10.0","11.9","6.7","24.3","24.49","0.0","43.5","47.5","54.4","2.4","0.0","4.6","0.0","0.0","0.0","11.2","11.1","2.7"
"20220406","서울","종로구","11.7","17.0","8.0","13.9","10.7","16.1","6.2","0.0","0.0","1.5","8.6","10.6","7.0","21.54","23.34","0.0","52.3","50.9","53.7","6.4","2.4","4.3","0.0","0.0","0.0","7.3","9.5","2.7"
"20220405","서울","종로구","10.3","15.8","4.9","11.9","10.4","15.7","5.9","0.0","0.0","1.8","9.9","12.0","6.9","21.21","25.81","0.0","41.1","47.9","53.8","6.1","2.3","4.2","0.0","0.0","0.0","9.0","9.0","2.6"
"20220404","서울","종로구","10.3","16.4","5.1","11.9","10.2","15.4","5.6","0.0","0.6","2.2","11.6","1.5","6.9","24.75","12.91","0.0","50.3","65.8","53.4","0.0","6.3","4.1","0.0","0.0","0.0","8.4","9.7","2.7"
"20220403","서울","종로구","9.6","17.0","3.5","14.9","10.0","15.3","5.4","0.0","56.2","2.1","11.9","0.0","7.3","24.34","1.98","0.0","55.0","80.8","52.3","0.0","9.9","3.8","0.0","0.0","0.0","8.0","10.3","2.7"
"20220402","서울","종로구","8.2","14.2","3.7","17.8","9.6","14.8","5.1","0.0","0.0","1.9","11.8","3.4","7.1","24.09","15.37","0.0","55.0","35.6","52.3","0.5","8.1","3.9","0.0","0.0","0.0","10.9","10.9","2.7"
"20220401","서울","종로구","9.2","14.9","4.5","17.7","9.3","14.4","4.9","0.0","0.0","2.0","10.9","10.0","6.8","23.35","20.91","0.0","50.5","33.0","53.4","1.1","5.3","4.2","0.0","0.0","0.0","9.5","12.4","2.7"
"20220331","서울","종로구","10.9","14.7","7.6","14.5","9.0","14.1","4.7","0.0","0.0","2.0","3.3","11.4","6.6","13.98","23.29","0.0","63.5","41.0","53.7","7.0","3.8","4.4","0.0","0.0","0.0","8.6","6.0","2.7"
"20220330","서울","종로구","10.8","15.7","5.9","10.8","8.8","13.9","4.5","0.4","0.0","1.5","1.2","11.1","6.7","7.64","24.53","0.0","76.5","47.3","53.0","7.0","0.6","4.5","0.0","0.0","0.0","6.1","8.1","2.6"
"20220329","서울","종로구","9.7","15.6","3.3","10.2","8.6","13.7","4.3","0.0","0.2","1.1","11.2","7.1","6.7","23.32","18.24","0.0","52.9","62.3","53.8","1.4","5.5","4.4","0.0","0.0","0.0","8.6","11.2","2.7"
"20220328","서울","종로구","8.2","15.1","1.5","9.0","8.4","13.5","4.0","0.0","9.2","0.9","11.7","0.0","6.9","24.71","2.35","0.0","35.6","95.8","54.0","0.5","10.0","4.3","0.0","0.0","0.0","7.6","10.9","2.7"
"20220327","서울","종로구","8.1","12.6","5.0","12.1","8.0","13.1","3.7","0.0","25.5","0.7","10.4","0.0","6.8","22.23","3.72","0.0","49.1","70.9","54.2","0.3","9.6","4.3","0.0","0.0","0.0","13.5","8.0","2.7"
"20220326","서울","종로구","11.8","14.7","9.5","12.6","7.6","12.6","3.4","19.8","0.0","0.7","0.9","7.3","6.9","6.39","16.98","0.0","80.9","58.4","54.2","8.3","5.5","4.2","0.0","0.0","0.0","12.0","4.2","2.8"
"20220325","서울","종로구","12.0","17.2","6.3","11.9","7.3","12.3","3.1","10.9","0.0","0.9","1.3","9.7","6.8","9.06","20.86","0.0","70.0","68.5","54.3","7.9","2.4","4.2","0.0","0.0","0.0","10.4","7.7","2.8"
"20220324","서울","종로구","8.2","12.4","3.9","10.8","7.1","12.0","2.9","0.0","0.0","1.1","0.7","7.9","6.8","6.34","19.53","0.0","70.6","61.5","53.9","8.4","4.3","4.2","0.0","0.0","0.0","6.0","9.3","2.8"
"20220323","서울","종로구","6.2","8.2","4.9","9.1","7.0","11.9","2.9","0.0","0.0","1.2","0.0","10.3","6.6","7.05","20.89","0.0","56.8","63.5","53.4","9.0","0.3","4.5","0.0","0.0","0.0","7.8","12.1","2.8"
"20220322","서울","종로구","7.1","13.6","1.1","6.2","7.2","12.2","2.9","0.0","0.0","1.4","11.0","11.1","6.6","21.71","22.58","0.0","48.9","55.3","52.5","2.5","0.4","4.5","0.0","0.0","0.0","8.3","12.4","2.7"
"20220321","서울","종로구","5.0","10.9","-0.3","5.8","7.4","12.5","3.0","0.0","0.3","1.4","6.8","2.9","6.6","16.69","10.42","0.0","49.5","65.9","52.3","7.5","6.8","4.3","0.0","0.0","0.0","8.4","14.8","2.7"
"20220320","서울","종로구","5.4","9.3","2.2","9.9","7.5","12.7","3.1","0.0","5.1","1.3","6.3","0.0","6.6","15.76","2.0","0.0","66.1","74.6","52.4","5.1","9.8","4.3","0.0","0.0","0.0","9.1","9.2","2.7"
"20220319","서울","종로구","3.4","6.1","0.9","15.3","7.4","12.6","2.9","14.6","0.0","1.3","0.0","8.8","6.5","4.93","19.09","0.0","84.6","47.9","53.0","8.9","6.8","4.4","0.7","0.0","0.0","8.7","7.5","2.7"
"20220318","서울","종로구","7.5","9.6","5.5","11.7","7.2","12.4","2.8","0.0","0.0","1.4","0.0","8.1","6.4","5.17","16.63","0.0","60.8","50.1","54.0","9.1","5.0","4.4","0.0","0.0","0.0","12.3","6.5","2.7"
"20220317","서울","종로구","10.7","15.1","7.8","8.8","7.0","12.1","2.6","1.2","0.0","1.5","1.9","10.7","6.4","9.49","20.79","0.0","62.0","44.9","54.5","10.0","0.3","4.4","0.0","0.0","0.0","10.5","6.8","2.7"
"20220316","서울","종로구","10.3","16.8","3.6","8.4","6.6","11.7","2.3","0.0","1.3","1.3","8.1","10.6","6.3","17.67","21.13","0.0","62.6","52.5","54.6","3.8","1.9","4.5","0.0","0.0","0.0","6.5","9.9","2.7"
"20220315","서울","종로구","7.2","13.3","2.3","10.6","6.2","11.3","1.8","0.0","1.7","1.2","7.1","2.7","6.3","17.55","12.75","0.0","72.6","68.8","54.6","3.8","8.9","4.4","0.0","0.0","0.0","7.0","9.8","2.6"
"20220314","서울","종로구","8.2","13.2","4.9","9.1","5.9","10.8","1.5","8.7","0.0","1.1","0.0","8.2","6.3","2.18","17.99","0.0","90.3","71.4","53.9","6.4","3.5","4.3","0.0","0.0","0.0","12.0","6.8","2.7"
"20220313","서울","종로구","11.7","12.6","10.7","9.2","5.4","10.3","1.0","42.1","0.0","0.7","0.0","6.0","6.5","2.1","14.87","0.0","95.5","62.8","53.0","9.4","5.0","4.1","0.0","0.0","0.0","9.5","7.6","2.7"
"20220312","서울","종로구","12.8","19.5","6.3","10.5","5.0","9.7","0.7","2.6","0.0","0.7","3.2","0.1","6.3","12.82","7.41","0.0","72.1","57.0","53.6","5.8","7.0","4.1","0.0","0.0","0.0","10.3","8.4","2.8"
"20220311","서울","종로구","11.2","18.4","5.1","10.2","4.8","9.6","0.5","0.0","0.0","0.8","5.9","7.9","6.4","14.49","16.6","0.0","58.4","50.8","53.5","5.3","6.4","4.2","0.0","0.0","0.0","6.4","7.3","2.8"
"20220310","서울","종로구","9.3","15.8","4.2","8.8","4.5","9.3","0.2","0.0","0.0","0.9","9.3","10.2","6.3","16.75","19.1","0.0","51.4","61.8","54.1","6.6","0.4","4.2","0.0","0.0","0.0","9.6","5.8","2.8"
"20220309","서울","종로구","7.1","14.8","1.7","6.6","4.3","8.9","0.2","0.0","0.0","1.0","8.7","9.4","6.2","18.85","15.57","0.0","69.6","58.5","54.8","2.3","4.3","4.3","0.0","0.0","0.0","6.5","8.2","2.8"
"20220308","서울","종로구","6.0","12.3","1.1","7.0","4.2","8.8","0.2","0.0","0.0","1.2","8.2","10.8","6.0","16.44","19.12","0.0","56.1","60.3","56.0","4.9","0.0","4.5","0.0","0.0","0.0","7.5","7.7","2.8"
"20220307","서울","종로구","2.8","8.7","-2.7","6.2","4.3","8.9","0.2","0.0","0.0","1.4","7.0","9.6","5.9","14.99","18.17","0.0","45.8","62.9","56.9","6.1","3.5","4.6","0.0","0.0","0.0","6.5","7.8","2.7"
"20220306","서울","종로구","1.4","6.8","-3.0","6.6","4.2","8.7","0.3","0.0","0.0","1.7","10.8","3.6","5.7","21.0","12.71","0.0","39.5","69.5","58.0","1.3","4.9","4.5","0.0","0.0","0.0","8.6","10.5","2.7"
"20220305","서울","종로구","2.3","6.7","-0.7","9.0","4.1","8.7","0.2","0.0","0.0","1.6","10.5","10.5","5.8","20.26","18.95","0.0","38.4","70.3","57.9","0.1","1.3","4.5","0.0","0.0","0.0","15.2","8.1","2.7"
"20220304","서울","종로구","6.9","14.6","0.6","7.2","4.0","8.5","0.0","0.0","0.0","1.6","3.7","1.9","5.9","10.65","9.85","0.0","60.5","62.4","57.8","5.1","6.3","4.4","0.0","0.0","0.0","18.5","4.9","2.6"
"20220303","서울","종로구","5.8","12.4","0.9","4.4","3.8","8.4","-0.1","0.0","0.0","1.5","10.6","10.4","6.0","19.16","16.52","0.0","52.9","64.4","57.3","0.0","4.5","4.4","0.0","0.0","0.0","9.0","5.3","2.7"
"20220302","서울","종로구","3.5","8.8","-2.3","2.3","3.7","8.3","-0.3","0.0","0.1","1.5","10.7","4.7","5.9","19.53","12.9","0.0","55.9","75.9","56.7","1.0","5.5","4.4","0.0","0.0","0.0","10.6","6.4","2.6"
"20220301","서울","종로구","5.8","9.7","0.3","4.7","3.6","8.2","-0.4","2.3","67.5","1.3","2.5","0.0","6.0","6.49","1.4","0.0","70.5","91.0","55.9","6.1","10.0","4.4","0.0","2.3","0.0","9.8","13.0","2.6"
"20220228","서울","종로구","6.8","11.5","2.7","7.8","3.5","8.1","-0.5","0.0","0.0","1.2","3.4","2.6","6.0","10.5","7.13","0.0","62.3","49.0","55.7","8.0","6.1","4.4","0.0","0.0","0.0","6.1","6.8","2.6"
"20220227","서울","종로구","3.7","9.1","-1.6","9.5","3.5","8.2","-0.4","0.0","0.0","1.5","10.5","10.3","5.8","18.62","17.96","0.0","56.6","48.6","55.6","0.0","3.5","4.5","0.0","0.0","0.0","12.3","9.5","2.6"
"20220226","서울","종로구","5.4","9.3","1.0","8.2","3.4","8.1","-0.7","1.1","0.0","1.3","0.2","9.1","5.9","5.58","18.2","0.0","78.4","35.0","54.7","8.0","4.5","4.4","0.0","0.0","0.0","14.5","7.2","2.4"
"20220225","서울","종로구","3.0","8.4","-3.6","4.2","3.0","7.7","-1.1","0.0","0.0","1.0","6.4","0.0","6.4","12.36","5.22","0.0","77.5","35.1","53.6","3.8","8.1","3.9","0.0","0.0","0.0","8.4","4.2","2.5"
"20220224","서울","종로구","-2.4","3.7","-8.5","2.9","2.7","7.4","-1.4","0.0","0.0","1.0","10.3","8.4","6.2","18.42","16.1","0.0","52.4","33.0","54.3","0.0","6.5","4.1","0.0","0.0","0.0","10.2","4.7","2.5"
"20220223","서울","종로구","-5.6","-0.6","-10.0","0.0","2.3","6.9","-1.7","0.0","0.0","1.6","10.2","10.0","6.2","18.78","17.53","0.0","38.5","34.0","54.1","0.0","3.3","4.0","0.0","0.0","0.0","10.0","8.5","2.6"
"20220222","서울","종로구","-4.5","0.5","-8.0","7.8","2.0","6.7","-2.1","0.0","0.0","1.2","8.0","6.3","6.6","15.64","13.04","0.0","43.3","58.3","53.8","1.0","2.6","3.6","0.0","0.0","0.0","11.9","11.6","2.6"
"20220221","서울","종로구","-3.0","3.6","-8.1","10.8","1.8","6.4","-2.3","0.1","0.0","1.2","6.5","9.7","6.6","11.41","15.34","0.0","56.3","66.6","54.3","2.5","0.8","3.5","0.0","0.0","0.0","13.1","10.4","2.7"
"20220220","서울","종로구","-4.8","-0.5","-8.4","8.8","1.6","6.2","-2.5","0.0","0.0","1.1","10.0","7.8","6.4","18.09","15.25","0.0","41.1","60.4","53.7","0.1","2.4","3.6","0.0","0.0","0.0","11.0","6.5","2.6"
"20220219","서울","종로구","-1.7","3.7","-6.2","1.6","1.1","5.7","-2.8","0.1","0.0","0.8","2.9","8.9","6.6","9.25","14.8","0.0","52.9","66.9","52.6","6.5","3.3","3.3","0.1","0.0","0.0","11.5","11.7","2.6"
"20220218","서울","종로구","-1.2","5.7","-8.0","-5.8","0.8","5.4","-3.2","0.0","0.0","0.7","8.6","9.9","6.6","15.91","17.05","0.0","40.4","44.9","52.6","3.9","0.0","3.3","0.0","0.0","0.0","6.1","9.9","2.6"
"20220217","서울","종로구","-6.2","-0.5","-10.7","-8.3","0.7","5.1","-3.2","0.0","0.0","1.0","9.8","9.8","6.2","17.2","17.28","0.0","41.6","44.1","52.5","0.0","1.6","3.6","0.0","0.0","0.0","10.4","15.8","2.6"
"20220216","서울","종로구","-7.3","-4.1","-9.6","-5.1","0.7","5.1","-3.1","0.0","1.5","1.0","9.0","2.8","5.9","16.28","7.31","0.0","50.4","57.9","53.0","0.9","4.0","3.9","0.0","1.1","0.0","11.4","12.9","2.6"
"20220215","서울","종로구","-4.7","-1.3","-7.7","1.2","0.8","5.2","-3.1","0.0","1.4","1.5","3.0","4.3","5.8","9.99","9.69","0.0","58.0","65.1","53.9","5.6","5.8","3.9","0.0","0.0","0.0","9.9","14.1","2.6"
"20220214","서울","종로구","2.5","8.1","-1.3","9.5","0.7","5.1","-3.0","1.7","0.0","1.6","0.9","1.7","5.7","7.04","7.21","0.0","68.3","47.6","54.1","6.6","8.1","3.9","0.0","0.0","0.0","10.2","5.4","2.6"
"20220213","서울","종로구","4.8","9.5","1.6","7.6","0.7","5.0","-3.1","0.0","0.0","1.2","3.0","9.3","5.7","9.29","14.36","0.0","44.9","50.6","53.8","5.3","1.1","4.0","0.0","0.0","0.0","5.4","6.1","2.6"
"20220212","서울","종로구","4.8","10.4","-0.1","6.5","0.4","4.7","-3.4","0.0","0.0","0.9","9.3","9.2","5.7","15.11","14.72","0.0","50.4","60.6","53.9","3.5","4.0","3.9","0.0","0.0","0.0","6.7","5.9","2.5"
"20220211","서울","종로구","2.9","8.8","-2.6","5.5","-0.1","4.1","-3.9","0.0","0.0","1.1","8.9","5.2","5.8","13.28","11.22","0.0","61.1","71.5","54.5","2.6","5.3","3.9","0.0","0.0","0.0","6.8","4.9","2.5"
"20220210","서울","종로구","1.4","6.7","-3.2","3.4","-0.6","3.5","-4.3","0.0","0.0","0.7","9.6","0.7","5.8","14.93","6.15","0.0","57.8","75.1","54.5","1.6","6.3","3.9","0.0","0.0","0.0","8.8","7.7","2.6"
"20220209","서울","종로구","1.0","7.2","-4.3","-0.9","-0.8","3.6","-4.6","0.0","0.0","0.5","9.2","9.7","5.7","12.8","15.46","0.0","52.3","51.9","55.0","5.5","0.1","4.0","0.0","0.0","0.0","5.7","8.1","2.6"
"20220208","서울","종로구","-0.1","5.6","-4.1","-3.1","-0.8","3.5","-4.5","0.0","0.0","0.5","8.1","9.6","5.5","14.49","15.91","0.0","53.8","43.6","56.0","1.5","0.0","4.1","0.0","0.0","0.0","6.8","11.5","2.5"
"20220207","서울","종로구","-2.5","1.9","-7.3","3.6","-0.9","3.4","-4.7","0.0","0.0","0.5","6.5","6.0","5.6","10.41","11.38","0.0","51.3","67.0","55.9","6.1","4.4","4.0","0.0","0.0","0.0","9.7","9.4","2.5"
"20220206","서울","종로구","-3.9","1.7","-8.4","6.8","-0.9","3.4","-4.6","0.0","0.0","0.3","9.5","0.1","5.8","14.83","4.77","0.0","50.3","80.4","55.4","1.0","9.0","3.8","0.0","0.0","0.0","11.4","8.0","2.4"
"20220205","서울","종로구","-6.6","-2.0","-9.7","1.4","-1.0","3.4","-4.8","0.0","0.0","0.4","9.1","2.7","5.8","14.31","7.95","0.0","48.8","71.8","55.9","0.9","6.0","3.7","0.0","0.0","0.0","11.9","9.3","2.4"
"20220204","서울","종로구","-5.2","-0.7","-8.2","-3.6","-1.3","3.0","-5.0","0.0","0.1","0.3","7.3","9.6","6.2","12.94","15.33","0.0","53.3","50.1","55.5","1.9","0.1","3.3","0.0","0.2","0.0","12.3","10.4","2.3"
"20220203","서울","종로구","-3.4","0.4","-6.9","-3.2","-1.7","2.7","-5.4","0.0","3.4","0.7","9.7","6.6","6.4","14.87","11.7","0.0","52.4","64.6","55.0","1.5","5.0","2.9","0.0","4.2","0.0","8.2","8.5","2.4"
"20220202","서울","종로구","-3.4","0.0","-6.0","-5.6","-1.8","2.6","-5.4","0.0","0.0","0.7","9.2","9.6","6.2","14.68","14.69","0.0","60.5","44.1","55.2","3.5","1.8","3.0","0.0","0.0","0.0","8.3","11.2","2.4"
"20220201","서울","종로구","-1.3","0.9","-2.7","5.0","-1.8","2.5","-5.5","1.7","0.7","0.7","4.7","1.1","6.2","9.04","5.8","0.0","76.6","74.5","54.9","6.6","7.6","3.0","3.3","0.0","0.0","9.0","11.4","2.4"
"20220131","서울","종로구","-0.7","4.8","-6.8","3.2","-1.7","2.5","-5.4","1.2","0.0","0.6","8.0","6.7","6.0","11.47","10.92","0.0","59.0","57.0","53.9","3.3","4.8","3.1","1.8","0.0","0.0","8.7","7.0","2.5"
"20220130","서울","종로구","-2.8","2.4","-8.0","-1.6","-1.6","2.6","-5.3","0.0","0.5","0.6","9.6","6.4","5.9","14.1","10.46","0.0","45.4","60.0","53.0","0.6","3.9","3.2","0.0","0.8","0.0","7.8","8.1","2.5"
"20220129","서울","종로구","-3.6","0.9","-7.2","-8.8","-1.6","2.6","-5.3","0.0","0.0","0.3","9.5","9.6","5.7","14.07","14.42","0.0","48.9","40.0","53.4","0.8","0.3","3.4","0.0","0.0","0.0","8.6","13.7","2.5"
"20220128","서울","종로구","-2.7","2.1","-5.9","-2.6","-1.7","2.5","-5.5","0.0","2.0","0.3","9.2","2.3","6.0","13.65","6.14","0.0","51.6","52.3","53.6","2.0","5.1","3.2","0.0","3.6","0.0","8.2","17.5","2.5"
"20220127","서울","종로구","-1.1","4.0","-4.6","1.7","-1.9","2.2","-5.7","0.0","0.0","0.3","8.9","8.4","5.8","11.72","12.4","0.0","50.0","47.6","53.8","2.1","6.4","3.2","0.0","0.0","0.0","7.7","9.0","2.5"
"20220126","서울","종로구","1.3","6.8","-1.9","5.3","-2.3","1.9","-6.0","0.0","1.7","0.3","8.4","0.0","6.1","11.54","1.95","0.0","62.8","80.4","54.2","2.4","8.4","2.9","0.0","0.0","0.0","7.7","6.8","2.5"
"20220125","서울","종로구","2.8","4.5","1.9","7.9","-2.5","1.6","-6.1","0.7","0.0","0.3","0.0","7.6","6.2","1.7","10.74","0.0","80.0","62.0","55.2","9.4","6.3","2.9","0.0","0.0","0.0","7.7","5.5","2.5"
"20220124","서울","종로구","4.6","8.4","1.3","7.3","-2.5","1.5","-6.1","0.0","0.0","0.3","4.0","8.2","5.9","8.71","12.4","0.0","56.0","63.9","55.9","4.9","3.4","3.2","0.0","0.0","0.0","9.6","7.2","2.4"
"20220123","서울","종로구","2.0","6.7","-0.6","7.6","-2.5","1.4","-6.1","0.0","0.0","0.5","5.3","5.3","5.7","7.67","9.72","0.0","52.4","66.0","56.1","4.8","6.5","3.4","0.0","0.0","0.0","5.7","9.9","2.4"
"20220122","서울","종로구","0.3","7.1","-5.0","5.5","-2.3","1.7","-5.8","0.0","0.1","0.7","6.0","0.0","5.6","9.7","2.34","0.0","52.4","92.9","56.3","5.9","9.5","3.7","0.0","0.0","0.0","5.2","4.9","2.4"
"20220121","서울","종로구","-2.7","4.6","-8.7","4.5","-2.0","2.0","-5.5","0.0","9.2","0.6","9.2","0.0","5.5","12.79","2.77","0.0","55.6","64.4","56.1","0.0","9.6","4.0","0.0","0.0","0.0","5.0","5.3","2.4"
"20220120","서울","종로구","-5.0","0.9","-9.8","-0.1","-1.8","2.2","-5.3","0.0","0.0","0.6","9.1","8.9","5.3","12.29","11.92","0.0","63.5","37.8","56.6","0.0","1.9","4.1","0.0","0.0","0.0","7.0","6.6","2.4"
"20220119","서울","종로구","-5.3","-2.7","-7.7","-6.3","-1.6","2.3","-5.2","1.7","0.0","0.6","0.0","9.2","5.3","2.13","12.48","0.0","72.3","37.9","56.9","5.1","0.0","4.0","3.5","0.0","0.0","8.3","7.9","2.3"
"20220118","서울","종로구","-5.6","-0.7","-9.9","-3.8","-1.5","2.5","-5.0","0.0","0.3","0.5","9.2","2.5","5.3","12.4","4.54","0.0","47.9","64.3","57.5","0.3","4.3","4.1","0.0","0.9","0.0","6.6","14.6","2.3"
"20220117","서울","종로구","-5.8","0.1","-9.2","-5.5","-1.6","2.4","-5.2","0.5","0.0","0.5","4.5","7.0","5.4","8.07","10.83","0.0","59.9","58.5","57.3","2.5","2.3","3.9","0.8","0.1","0.0","8.0","6.7","2.3"
"20220116","서울","종로구","-2.0","2.4","-7.2","-4.9","-1.8","2.2","-5.3","0.0","0.0","0.5","8.8","8.9","5.2","11.98","11.86","0.0","54.5","59.3","57.2","1.6","0.8","3.9","0.0","0.0","0.0","9.4","9.2","2.2"
"20220115","서울","종로구","-1.0","1.8","-5.3","4.5","-1.9","2.1","-5.3","0.0","0.2","0.6","0.9","0.0","5.2","3.76","2.11","0.0","48.3","67.4","57.3","8.5","8.5","3.9","0.0","0.0","0.0","4.9","10.6","2.2"
"20220114","서울","종로구","-4.8","1.3","-10.1","1.7","-2.1","1.9","-5.6","0.0","0.0","0.6","9.1","8.0","5.3","12.1","10.21","0.0","41.8","46.5","56.4","2.6","0.0","3.7","0.0","0.0","0.0","6.3","6.5","2.2"
"20220113","서울","종로구","-6.4","-3.1","-8.9","2.0","-2.2","1.7","-5.7","0.0","0.0","0.6","9.1","6.1","5.5","11.9","8.27","0.0","45.8","80.3","55.6","2.3","3.0","3.5","0.0","0.0","0.0","13.9","9.0","2.2"
"20220112","서울","종로구","-7.7","-3.4","-11.3","-3.9","-2.3","1.6","-5.7","0.0","2.6","0.4","8.6","3.6","5.6","11.93","6.13","0.0","47.8","79.5","55.7","2.8","6.1","3.4","0.0","5.0","0.0","7.1","4.9","2.2"
"20220111","서울","종로구","-7.4","0.3","-10.3","-6.7","-2.3","1.6","-5.7","0.2","0.0","0.4","9.1","0.0","5.7","11.91","4.47","0.0","55.5","62.1","56.3","0.4","6.9","3.3","0.1","0.0","0.0","12.4","5.4","2.3"
"20220110","서울","종로구","0.5","4.4","-3.4","-7.7","-2.2","1.7","-5.7","0.9","0.0","0.3","3.9","6.2","5.6","7.25","9.84","0.0","68.3","54.4","56.6","7.0","3.0","3.4","0.9","0.0","0.0","7.6","4.2","2.3"
"20220109","서울","종로구","1.3","5.6","-1.2","-12.2","-2.1","1.8","-5.5","0.0","0.0","0.7","4.5","9.0","5.5","7.16","11.59","0.0","71.5","46.3","57.5","3.1","0.8","3.5","0.0","0.0","0.0","4.6","11.4","2.3"
"20220108","서울","종로구","0.3","3.7","-5.0","-14.9","-2.0","2.0","-5.4","0.0","0.0","0.9","0.7","9.2","5.2","3.68","12.38","0.0","64.3","44.0","58.2","5.9","0.0","3.7","0.0","0.0","0.0","5.4","10.9","2.3"
"20220107","서울","종로구","-1.6","4.5","-5.9","-14.5","-1.9","2.0","-5.4","0.0","0.0","1.0","9.1","0.0","5.1","11.12","0.0","0.0","47.1","49.9","58.2","0.0","0.9","3.9","0.0","0.0","0.0","5.2","15.3","2.3"
"20220106","서울","종로구","-2.2","3.3","-5.9","-7.4","-2.0","2.1","-5.5","0.0","2.3","1.1","9.1","9.1","5.1","11.22","11.78","0.0","47.1","54.6","57.3","0.0","3.6","3.8","0.0","3.8","0.0","7.8","15.9","2.3"
"20220105","서울","종로구","-2.8","1.9","-7.8","-5.5","-1.9","2.2","-5.5","0.0","0.0","1.0","1.9","8.6","5.2","6.12","10.46","0.0","47.6","52.8","57.0","7.3","2.6","3.7","0.0","0.0","0.0","4.2","9.9","2.3"
"20220104","서울","종로구","-2.5","1.0","-5.6","-3.5","-1.8","2.2","-5.3","0.0","0.0","0.6","9.0","4.6","5.3","11.3","7.44","0.0","51.8","51.4","56.8","0.0","4.8","3.7","0.0","0.0","0.0","6.8","5.6","2.2"
"20220103","서울","종로구","-1.9","2.5","-8.0","-5.6","-1.9","2.2","-5.4","0.0","0.0","0.5","7.8","5.5","5.3","9.35","8.8","0.0","58.3","45.0","56.7","4.9","2.9","3.7","0.0","0.0","0.0","6.9","8.5","2.3"
"20220102","서울","종로구","-1.3","3.0","-5.2","-5.0","-1.9","2.1","-5.4","0.3","0.0","0.4","5.4","9.0","5.4","8.52","11.34","0.0","57.9","38.5","57.1","4.1","0.0","3.5","0.5","0.0","0.0","8.1","9.9","2.3"
"20220101","서울","종로구","-4.3","2.3","-10.2","-4.2","-1.8","2.2","-5.3","0.0","0.0","0.5","9.0","6.5","5.2","10.39","9.54","0.0","46.3","64.0","58.3","1.4","3.9","3.7","0.0","0.0","0.0","4.5","7.7","2.3"
"20211231","서울","종로구","-6.7","-3.9","-8.8","-8.9","-1.8","2.1","-5.4","0.0","0.0","0.5","9.0","6.0","5.2","11.7","9.06","0.0","35.9","53.9","58.3","0.0","0.4","3.7","0.0","0.0","0.0","11.9","7.4","2.3"
"20211230","서울","종로구","-3.9","0.2","-6.8","-10.9","-1.9","2.1","-5.5","0.0","0.0","0.6","7.3","8.3","5.2","9.14","11.36","0.0","48.5","55.5","57.6","2.0","0.8","3.6","0.0","0.0","0.0","12.3","10.6","2.3"
"20211229","서울","종로구","0.4","5.9","-3.8","0.1","-1.9","2.0","-5.5","0.2","0.2","0.6","1.8","0.0","5.4","4.64","1.98","0.0","72.9","70.8","56.6","5.1","8.5","3.4","0.3","0.0","0.0","10.8","10.2","2.3"
"20211228","서울","종로구","-4.1","-0.9","-8.5","6.7","-1.8","2.1","-5.4","0.0","1.3","0.5","1.7","8.0","5.4","4.32","9.12","0.0","73.8","72.1","56.0","4.1","5.3","3.3","0.0","0.0","0.0","4.9","5.9","2.3"
"20211227","서울","종로구","-7.6","-3.9","-12.9","5.8","-1.6","2.4","-5.2","0.0","0.0","0.5","3.8","5.9","5.7","6.09","8.12","0.0","60.9","62.9","55.8","3.1","7.5","3.1","0.0","0.0","0.0","5.5","5.0","2.3"
"20211226","서울","종로구","-12.1","-7.3","-15.5","2.2","-1.2","2.7","-4.9","0.0","0.0","0.6","9.1","8.2","5.5","11.55","8.99","0.0","43.5","65.8","56.7","0.0","3.0","3.2","0.0","0.0","0.0","9.0","6.7","2.3"
"20211225","서울","종로구","-11.7","-7.3","-14.4","-0.8","-0.8","3.2","-4.4","0.0","0.0","0.6","9.1","9.0","5.5","11.64","10.88","0.0","42.4","51.9","58.1","0.0","0.1","3.2","0.0","0.0","0.0","11.0","9.1","2.3"
"20211224","서울","종로구","-0.3","3.2","-7.3","2.6","-0.2","3.9","-3.8","0.2","0.0","0.7","0.0","7.9","5.4","2.08","9.82","0.0","65.3","61.5","59.5","6.1","1.3","3.5","0.0","0.0","0.0","10.4","11.7","2.3"
"20211223","서울","종로구","2.7","8.3","-1.5","4.5","0.3","4.4","-3.4","0.0","0.0","0.9","6.9","1.7","5.3","8.85","4.6","0.0","53.5","76.6","60.5","2.8","7.8","3.7","0.0","0.0","0.0","4.7","9.1","2.3"
"20211222","서울","종로구","2.2","8.2","-2.6","2.0","0.5","4.6","-3.2","0.0","0.0","0.8","8.9","5.2","5.1","10.21","7.83","0.0","47.4","67.6","60.4","0.0","4.8","3.9","0.0","0.0","0.0","5.1","9.3","2.2"
"20211221","서울","종로구","5.2","8.9","0.8","-1.0","0.4","4.6","-3.3","0.0","0.0","0.7","6.0","8.8","5.2","7.93","9.99","0.0","70.9","64.1","59.2","1.4","0.9","3.9","0.0","0.0","0.0","6.9","6.7","2.2"
"20211220","서울","종로구","5.2","11.1","-0.9","-3.7","0.1","4.2","-3.6","0.0","0.0","0.6","6.1","9.1","5.3","8.61","11.0","0.0","77.9","50.4","58.1","4.6","0.0","3.8","0.0","0.0","0.0","9.9","7.6","2.1"
"20211219","서울","종로구","-0.8","4.2","-5.8","-5.1","-0.3","3.7","-4.0","0.2","0.0","0.6","8.9","9.0","5.4","8.82","11.27","0.0","63.8","45.1","57.6","0.6","1.4","3.7","0.2","0.0","0.0","10.5","9.3","2.2"
"20211218","서울","종로구","-5.7","-1.8","-11.2","-2.1","-0.5","3.5","-4.1","2.8","0.2","0.4","4.3","5.5","5.5","6.79","8.45","0.0","64.1","57.0","56.9","4.1","4.1","3.7","4.4","0.2","0.0","7.6","9.9","2.2"
"20211217","서울","종로구","-5.6","3.2","-10.1","-4.9","-0.6","3.3","-4.1","0.0","0.0","0.5","8.7","9.0","5.6","10.96","11.15","0.0","50.5","47.0","56.3","1.4","2.3","3.5","0.0","0.0","0.0","15.2","5.6","2.3"
"20211216","서울","종로구","6.4","9.8","3.3","-8.3","-0.6","3.2","-4.1","0.0","0.0","0.7","5.0","9.0","5.3","7.6","11.44","0.0","71.6","43.9","56.6","7.1","0.0","3.6","0.0","0.0","0.0","9.1","8.3","2.3"
"20211215","서울","종로구","7.2","10.0","5.4","-8.3","-0.4","3.5","-4.0","2.1","0.0","0.7","0.9","9.0","5.4","4.11","11.61","0.0","84.8","43.0","56.3","7.3","0.0","3.5","0.0","0.0","0.0","6.1","9.1","2.4"
"20211214","서울","종로구","3.7","8.2","-0.7","-7.7","-0.2","3.6","-3.7","1.2","0.0","0.7","2.5","8.9","5.5","6.1","11.44","0.0","64.9","49.1","56.3","9.0","0.0","3.5","0.0","0.0","0.0","6.4","9.8","2.3"
"20211213","서울","종로구","-2.2","1.9","-5.9","-1.1","0.0","3.8","-3.5","0.0","2.9","0.7","9.1","1.1","5.5","11.43","1.9","0.0","43.8","74.9","56.4","2.1","5.4","3.5","0.0","3.2","0.0","7.7","11.4","2.3"
"20211212","서울","종로구","1.2","5.1","-3.8","2.3","0.4","4.3","-3.3","0.0","0.0","0.8","8.0","8.6","5.1","9.67","10.22","0.0","61.8","51.3","57.5","2.5","1.8","3.9","0.0","0.0","0.0","11.6","8.7","2.3"
"20211211","서울","종로구","6.0","9.8","4.4","5.3","0.7","4.6","-3.0","0.0","0.0","0.7","3.5","2.4","5.3","7.34","5.85","0.0","83.6","77.1","57.6","8.1","6.5","3.8","0.0","0.0","0.0","7.0","7.7","2.3"
"20211210","서울","종로구","7.0","8.2","5.8","5.8","0.9","4.7","-2.7","0.7","0.0","0.9","0.0","1.1","5.1","1.35","4.74","0.0","81.5","69.9","58.9","8.1","7.8","4.0","0.0","0.0","0.0","5.3","6.5","2.3"
"20211209","서울","종로구","6.5","9.7","2.7","1.5","1.2","5.0","-2.3","0.0","0.0","0.9","1.4","5.9","4.9","4.98","8.48","0.0","70.3","55.1","59.4","6.9","4.5","4.3","0.0","0.0","0.0","5.2","4.6","2.3"
"20211208","서울","종로구","6.7","13.3","1.9","-0.5","1.2","5.0","-2.4","0.0","0.0","1.1","9.1","8.7","4.9","10.53","11.4","0.0","70.0","50.0","59.3","1.6","0.4","4.4","0.0","0.0","0.0","4.0","6.3","2.2"
"20211207","서울","종로구","6.8","13.3","2.6","3.4","1.1","4.9","-2.5","0.0","0.0","1.0","8.3","7.4","5.1","9.35","8.93","0.0","68.3","57.5","58.3","0.0","3.8","4.2","0.0","0.0","0.0","3.8","10.2","2.3"
"20211206","서울","종로구","5.4","12.1","-0.7","4.5","1.2","5.2","-2.4","0.0","0.0","1.1","7.3","6.0","5.1","9.37","8.37","0.0","61.4","66.9","58.0","4.1","4.3","4.2","0.0","0.0","0.0","4.4","7.7","2.3"
"20211205","서울","종로구","2.9","9.6","-2.3","2.1","1.4","5.4","-2.3","0.0","0.0","1.1","9.2","5.1","5.2","11.07","8.18","0.0","50.4","63.1","57.2","0.0","5.6","4.2","0.0","0.0","0.0","4.8","6.3","2.3"
"20211204","서울","종로구","1.4","7.0","-2.7","-0.6","1.7","5.8","-2.0","0.0","0.0","1.1","7.2","9.0","5.3","10.46","11.62","0.0","48.5","53.8","56.9","1.0","0.9","4.0","0.0","0.0","0.0","9.3","6.8","2.3"
"20211203","서울","종로구","1.9","4.6","-1.8","0.7","2.3","6.4","-1.4","0.4","0.0","0.8","9.1","9.1","5.1","11.85","11.52","0.0","53.3","47.1","57.7","1.4","1.0","4.0","0.0","0.0","0.0","10.7","8.3","2.3"
"20211202","서울","종로구","1.3","5.0","-4.6","2.4","2.9","7.1","-0.8","0.1","0.0","1.0","4.1","3.4","5.1","6.48","6.38","0.0","68.9","41.4","59.1","4.5","6.6","3.9","0.0","0.0","0.0","8.0","5.6","2.2"
"20211201","서울","종로구","-1.3","1.5","-3.0","1.1","3.4","7.5","-0.2","0.0","0.0","1.0","9.1","7.3","5.0","12.23","10.69","0.0","51.8","44.5","60.7","0.6","4.4","4.1","0.0","0.0","0.0","13.2","6.1","2.2"
"20211130","서울","종로구","5.7","8.9","0.7","-0.2","3.9","8.0","0.3","27.2","0.0","1.0","0.0","9.1","4.9","0.84","11.55","0.0","80.4","57.8","60.9","9.0","0.0","4.2","0.0","0.0","0.0","16.4","6.6","2.2"
"20211129","서울","종로구","7.6","13.7","2.5","-0.6","4.1","8.2","0.5","0.0","0.0","1.2","4.7","1.5","4.8","7.47","5.61","0.0","62.0","59.6","61.1","7.0","4.1","4.4","0.0","0.0","0.0","4.7","7.4","2.2"
"20211128","서울","종로구","5.1","12.4","-1.3","-0.1","4.3","8.3","0.7","0.0","0.0","1.4","8.0","9.0","4.7","11.02","11.89","0.0","52.4","50.0","61.2","4.0","2.9","4.5","0.0","0.0","0.0","4.6","8.7","2.2"
"20211127","서울","종로구","3.4","10.1","-1.4","4.1","4.4","8.5","0.8","0.0","0.0","1.6","9.2","5.0","4.7","11.85","8.52","0.0","53.0","61.6","61.4","0.0","4.9","4.6","0.0","0.0","0.0","5.8","9.0","2.3"
"20211126","서울","종로구","2.9","7.2","-0.5","5.6","4.7","8.8","1.0","0.0","0.0","1.6","4.7","6.6","4.6","7.6","9.8","0.0","57.5","66.5","60.9","1.4","5.5","4.6","0.0","0.0","0.0","8.1","6.3","2.2"
"20211125","서울","종로구","5.7","9.9","2.6","4.6","4.9","9.1","1.1","0.0","0.0","1.6","7.9","4.6","4.8","10.25","8.32","0.0","55.0","64.1","61.4","1.9","5.4","4.5","0.0","0.0","0.0","8.2","4.9","2.2"
"20211124","서울","종로구","4.1","9.1","-2.6","2.9","5.2","9.5","1.4","0.0","0.0","1.6","4.9","1.3","4.9","7.93","6.33","0.0","64.3","54.5","61.2","3.9","6.1","4.4","0.0","0.0","0.0","8.8","5.3","2.2"
"20211123","서울","종로구","-0.6","2.3","-3.7","1.7","5.3","9.7","1.4","0.0","0.0","1.4","5.7","9.2","5.2","8.4","12.35","0.0","60.9","61.4","60.5","2.9","0.3","4.2","0.0","0.0","0.0","10.3","8.0","2.1"
"20211122","서울","종로구","2.7","7.5","-0.6","5.6","5.3","9.6","1.4","1.3","4.8","1.1","5.4","0.4","5.3","8.99","3.61","0.0","61.8","80.5","60.0","3.3","7.8","4.1","0.0","0.0","0.0","13.9","9.5","2.1"
"20211121","서울","종로구","10.4","13.1","7.6","6.5","5.3","9.8","1.3","5.9","0.2","2.0","0.0","6.6","5.4","3.3","10.52","0.0","74.4","67.9","59.2","8.9","6.1","4.0","0.0","0.0","0.0","14.9","8.1","2.2"
"20211120","서울","종로구","10.4","15.6","6.8","2.8","5.3","9.7","1.3","0.0","0.0","2.2","5.6","0.0","5.5","8.62","2.74","0.0","77.0","74.3","58.1","3.3","6.6","3.9","0.0","0.0","0.0","4.5","9.7","2.2"
"20211119","서울","종로구","12.9","16.7","10.2","13.6","5.5","9.9","1.7","0.0","86.9","2.3","0.9","0.0","5.4","4.98","0.96","0.0","84.8","90.5","58.5","6.5","9.8","3.9","0.0","0.0","0.0","6.2","13.4","2.3"
"20211118","서울","종로구","11.9","16.2","7.7","16.6","5.9","10.2","1.9","0.0","12.2","2.4","1.9","0.0","5.4","5.68","2.63","0.0","70.8","91.4","58.6","7.5","9.8","4.0","0.0","0.0","0.0","8.8","6.0","2.3"
"20211117","서울","종로구","7.5","12.5","2.7","15.9","6.2","10.5","2.4","0.0","0.1","2.3","7.3","1.3","5.4","11.0","5.7","0.0","64.1","67.5","58.2","3.5","7.4","4.0","0.0","0.0","0.0","5.4","6.9","2.3"
"20211116","서울","종로구","8.5","13.6","4.4","12.4","6.7","11.0","3.0","0.0","0.0","1.3","9.0","8.4","5.5","12.07","10.76","0.0","65.5","70.1","58.3","0.0","2.1","3.9","0.0","0.0","0.0","6.6","6.2","2.3"
"20211115","서울","종로구","10.1","15.7","5.8","11.1","7.4","11.7","3.7","0.0","0.0","1.3","7.9","6.8","5.1","11.39","9.52","0.0","71.3","75.0","59.4","3.6","3.4","4.2","0.0","0.0","0.0","5.3","6.2","2.2"
"20211114","서울","종로구","11.3","16.4","7.8","12.5","7.8","12.2","4.0","0.0","0.0","1.4","6.4","8.0","5.4","10.52","11.58","0.0","69.8","66.9","59.3","3.4","1.3","4.1","0.0","0.0","0.0","9.5","6.7","2.2"
"20211113","서울","종로구","7.3","13.4","0.5","12.2","8.3","12.7","4.6","0.0","0.0","1.6","5.4","5.5","5.3","9.9","8.92","0.0","66.1","71.5","60.0","4.5","3.0","4.1","0.0","0.0","0.0","6.4","4.9","2.3"
"20211112","서울","종로구","4.5","8.6","1.3","10.4","8.9","13.2","5.1","0.0","0.0","1.7","8.3","9.4","5.0","13.47","12.27","0.0","55.4","56.9","60.7","1.3","2.0","4.4","0.0","0.0","0.0","11.2","6.2","2.3"
"20211111","서울","종로구","5.3","9.7","2.1","9.3","9.2","13.6","5.4","0.0","0.0","1.9","6.3","9.6","5.1","9.68","12.96","0.0","60.6","53.5","60.6","3.0","0.0","4.4","0.0","0.0","0.0","10.8","4.1","2.3"
"20211110","서울","종로구","4.2","7.7","0.7","7.7","9.4","13.8","5.5","0.3","0.0","2.2","3.2","9.6","5.2","8.8","13.61","0.0","73.4","56.1","60.5","7.4","0.0","4.4","0.0","0.0","0.0","9.5","8.0","2.4"
"20211109","서울","종로구","4.9","6.5","3.0","5.5","9.8","14.2","5.9","2.0","0.0","2.4","0.0","6.0","4.9","3.4","10.48","0.0","80.3","40.9","61.2","8.1","2.4","4.6","0.0","0.0","0.0","9.4","6.9","2.4"
"20211108","서울","종로구","8.6","15.5","4.5","8.5","10.3","14.8","6.3","25.7","0.0","2.4","0.1","9.5","4.8","2.57","14.66","0.0","82.1","43.8","61.7","9.9","0.0","4.7","0.0","0.0","0.0","16.6","12.0","2.3"
"20211107","서울","종로구","15.3","21.3","9.7","14.6","10.7","15.4","6.5","0.0","0.1","2.4","6.8","7.0","5.0","12.2","11.01","0.0","57.5","68.8","62.3","7.0","3.6","4.5","0.0","0.0","0.0","9.2","10.1","2.2"
"20211106","서울","종로구","14.1","21.3","8.8","13.5","11.0","15.8","6.6","0.0","0.0","2.2","8.3","0.3","5.2","12.8","5.65","0.0","61.1","63.3","62.5","1.3","8.9","4.2","0.0","0.0","0.0","4.9","5.3","2.1"
"20211105","서울","종로구","13.0","20.2","7.8","9.6","11.2","16.2","6.6","0.0","0.0","1.4","9.2","8.4","5.5","12.76","12.77","0.0","68.5","61.5","61.9","0.6","5.3","3.9","0.0","0.0","0.0","4.6","4.5","2.0"
"20211104","서울","종로구","12.1","16.3","8.4","4.9","11.1","16.1","6.5","0.0","0.0","1.2","3.9","9.6","5.9","6.9","15.36","0.0","80.4","43.9","61.2","2.4","0.0","3.6","0.0","0.0","0.0","4.9","7.4","2.0"
"20211103","서울","종로구","12.1","17.1","7.6","5.1","10.8","15.9","6.2","0.0","0.5","1.0","8.5","9.2","6.2","13.24","15.22","0.0","71.1","47.5","60.2","3.0","1.5","3.4","0.0","0.0","0.0","5.7","15.6","2.0"
"20211102","서울","종로구","11.5","16.9","7.9","10.8","10.7","15.7","6.1","0.0","1.7","1.2","7.8","9.6","6.1","12.69","14.6","0.0","76.6","58.3","59.2","4.0","3.0","3.5","0.0","0.0","0.0","5.7","8.7","2.1"
"20211101","서울","종로구","12.9","16.9","10.3","13.7","10.6","15.7","6.1","0.0","13.6","1.2","6.3","0.0","6.3","11.32","1.61","0.0","77.3","84.3","58.1","3.0","8.6","3.5","0.0","0.0","0.0","6.9","10.8","2.1"
"20211031","서울","종로구","14.1","20.3","9.2","13.6","10.8","15.7","6.4","0.7","0.0","1.3","7.6","5.8","6.2","12.25","11.03","0.0","73.3","60.3","58.2","3.8","6.1","3.6","0.0","0.0","0.0","7.4","10.2","2.1"
"20211030","서울","종로구","13.8","18.0","11.0","11.9","11.1","16.1","6.7","0.0","0.0","1.4","1.6","9.7","6.2","6.35","14.62","0.0","62.4","42.9","58.4","6.1","0.4","3.7","0.0","0.0","0.0","5.0","5.6","2.1"
"20211029","서울","종로구","14.6","20.6","10.5","10.8","11.4","16.5","6.9","0.0","0.0","1.5","8.7","9.0","6.4","14.16","13.77","0.0","55.9","40.3","58.3","4.6","3.1","3.4","0.0","0.0","0.0","6.3","7.2","2.0"
"20211028","서울","종로구","12.7","20.0","7.1","13.8","11.7","16.8","7.3","0.0","0.0","1.2","9.7","9.2","6.7","15.58","15.27","0.0","54.6","52.1","58.4","0.0","3.8","3.1","0.0","0.0","0.0","4.8","9.1","2.0"
"20211027","서울","종로구","13.4","18.1","9.8","14.0","12.2","17.2","7.8","0.0","0.0","1.5","8.2","8.3","6.5","14.72","12.23","0.0","63.4","74.1","59.9","2.5","1.1","3.2","0.0","0.0","0.0","7.2","5.7","2.1"
"20211026","서울","종로구","13.0","19.0","7.7","12.9","12.7","17.7","8.3","0.0","0.0","1.9","8.6","9.2","6.6","13.08","13.69","0.0","74.5","71.6","60.7","3.6","1.6","3.2","0.0","0.0","0.0","5.3","6.7","2.1"
"20211025","서울","종로구","11.7","17.6","6.3","11.8","13.0","18.0","8.6","0.0","0.0","1.9","7.0","8.8","6.6","11.74","13.83","0.0","64.5","62.5","60.8","0.8","2.8","3.2","0.0","0.0","0.0","5.8","6.3","2.1"
"20211024","서울","종로구","11.4","18.1","6.0","8.7","13.3","18.4","9.1","0.0","0.0","1.9","9.9","9.9","6.3","15.97","16.65","0.0","63.1","47.6","61.0","0.3","0.0","3.5","0.0","0.0","0.0","6.6","11.0","2.1"
"20211023","서울","종로구","11.4","18.4","5.7","8.6","13.9","18.9","9.5","0.0","0.0","2.2","9.6","9.9","6.3","16.25","17.01","0.0","57.3","51.5","61.7","0.3","0.0","3.6","0.0","0.0","0.0","5.7","10.0","2.1"
"20211022","서울","종로구","10.8","17.2","5.2","13.5","14.2","19.5","9.8","0.0","0.0","1.9","10.0","5.4","6.4","16.45","11.01","0.0","58.4","66.0","61.9","0.8","4.6","3.6","0.0","0.0","0.0","9.4","10.4","2.0"
"20211021","서울","종로구","9.8","16.2","4.9","14.1","14.5","19.8","10.0","0.0","0.0","1.4","4.0","0.1","6.5","5.13","4.72","0.0","64.1","69.4","61.6","3.3","7.3","3.4","0.0","0.0","0.0","5.9","6.2","2.0"
"20211020","서울","종로구","9.5","15.8","4.6","15.2","14.7","20.1","10.1","0.0","0.0","1.2","10.0","10.0","6.7","16.7","15.67","0.0","64.9","67.1","61.6","0.3","0.4","3.3","0.0","0.0","0.0","5.9","4.9","1.9"
"20211019","서울","종로구","10.9","15.0","7.1","15.1","14.8","20.2","10.2","4.4","0.0","1.0","6.5","9.8","6.9","13.34","15.27","0.0","72.8","74.4","62.0","4.0","0.0","3.1","0.0","0.0","0.0","9.5","6.0","1.9"
"20211018","서울","종로구","9.6","16.1","2.8","13.6","14.8","20.2","10.2","5.6","0.0","1.2","4.3","9.7","6.9","12.08","15.96","0.0","60.4","65.5","61.9","6.6","0.5","3.2","0.0","0.0","0.0","6.2","7.1","1.9"
"20211017","서울","종로구","5.6","10.8","1.3","13.1","14.8","20.1","10.2","0.0","0.0","1.3","10.3","10.1","6.8","18.7","17.65","0.0","37.4","64.3","61.8","0.0","1.0","3.3","0.0","0.0","0.0","11.5","7.2","1.9"
"20211016","서울","종로구","10.7","18.1","4.2","11.8","14.9","20.2","10.4","0.0","0.0","1.3","1.5","0.0","6.9","8.78","5.28","0.0","47.5","64.3","61.6","6.1","7.6","3.4","0.0","0.0","0.0","11.9","3.9","1.9"
"20211015","서울","종로구","19.0","21.4","17.0","11.7","15.1","20.4","10.5","0.0","0.0","1.6","0.7","7.2","6.9","7.21","14.48","0.0","74.4","41.8","61.4","9.6","6.6","3.6","0.0","0.0","0.0","5.8","5.5","2.0"
"20211014","서울","종로구","19.7","23.9","17.4","12.8","15.4","20.7","10.8","0.0","0.0","1.9","6.1","5.8","6.9","12.85","12.19","0.0","73.6","47.0","61.0","5.8","6.6","3.7","0.0","0.0","0.0","6.9","9.4","2.0"
"20211013","서울","종로구","19.6","25.2","14.9","13.6","15.7","21.0","11.1","0.0","0.0","1.7","9.0","7.1","7.0","17.28","14.16","0.0","66.6","52.3","61.1","2.1","3.5","3.7","0.0","0.0","0.0","8.3","8.0","2.0"
"20211012","서울","종로구","17.9","21.3","15.8","16.2","16.1","21.3","11.6","0.0","0.0","1.8","3.0","7.5","6.9","11.55","13.59","0.0","67.1","68.6","61.7","6.9","2.6","3.9","0.0","0.0","0.0","10.6","7.5","2.0"
"20211011","서울","종로구","15.2","17.8","12.6","16.9","16.5","21.7","12.0","0.3","0.0","1.9","1.7","4.9","6.8","8.47","11.45","0.0","78.6","68.5","62.0","8.3","5.8","4.0","0.0","0.0","0.0","9.5","6.6","1.9"
"20211010","서울","종로구","19.9","24.3","14.9","16.9","16.8","21.9","12.3","14.2","0.0","1.6","0.0","7.6","7.0","3.12","15.28","0.0","89.0","60.1","62.5","9.8","5.3","3.9","0.0","0.0","0.0","8.6","6.8","1.9"
"20211009","서울","종로구","20.9","24.1","18.5","17.2","17.1","22.2","12.6","0.4","0.0","1.4","1.9","10.6","6.9","7.05","18.55","0.0","83.5","53.4","63.3","6.8","4.6","3.9","0.0","0.0","0.0","6.8","9.5","1.9"
"20211008","서울","종로구","18.8","20.0","17.5","17.2","17.3","22.4","12.8","3.5","0.0","1.6","0.0","10.8","7.0","2.8","19.27","0.0","91.3","53.0","63.1","9.5","0.1","3.9","0.0","0.0","0.0","5.5","9.7","1.9"
"20211007","서울","종로구","19.4","21.9","17.9","16.0","17.3","22.6","12.8","4.6","0.0","1.5","0.0","8.9","7.3","4.86","16.99","0.0","85.5","48.9","62.4","9.4","3.8","3.7","0.0","0.0","0.0","6.1","7.1","1.9"
"20211006","서울","종로구","18.8","21.7","17.9","14.2","17.4","22.6","12.8","6.4","0.0","1.4","1.2","10.8","7.3","3.26","19.81","0.0","91.5","55.9","62.3","9.0","2.5","3.9","0.0","0.0","0.0","7.2","7.8","2.0"
"20211005","서울","종로구","23.6","26.5","21.7","13.3","17.4","22.6","13.1","0.0","0.0","1.8","1.5","10.5","7.0","8.11","19.44","0.0","82.4","57.3","62.7","8.1","2.3","4.2","0.0","0.0","0.0","11.5","10.0","2.0"
"20211004","서울","종로구","22.9","25.6","19.2","16.6","17.6","22.6","13.2","3.6","0.0","2.0","0.0","4.3","6.9","2.97","12.36","0.0","81.0","65.1","63.5","9.5","7.1","4.3","0.0","0.0","0.0","13.7","13.7","2.0"
"20211003","서울","종로구","22.3","28.8","17.1","19.9","17.8","22.7","13.5","0.0","0.0","2.1","8.4","1.8","6.4","17.47","9.79","0.0","69.5","72.5","64.8","2.0","8.0","4.5","0.0","0.0","0.0","7.3","5.6","2.0"
"20211002","서울","종로구","20.7","26.6","16.4","19.2","18.0","22.9","13.9","0.0","0.0","3.1","8.1","1.9","6.3","16.92","6.34","0.0","77.1","79.6","65.9","4.0","9.1","4.6","0.0","0.0","0.0","5.7","9.7","2.0"
"20211001","서울","종로구","21.1","27.5","16.9","18.8","18.4","23.1","14.3","13.3","0.0","3.8","9.3","2.5","6.0","18.42","10.89","0.0","75.8","74.9","66.6","2.9","5.5","4.6","0.0","0.0","0.0","20.9","8.7","1.9"
"20210930","서울","종로구","20.3","25.9","16.0","19.6","18.7","23.3","14.7","0.0","38.3","3.7","7.4","4.9","5.7","17.2","14.0","0.0","83.9","78.0","66.3","2.0","7.1","4.8","0.0","0.0","0.0","5.2","6.0","1.9"
"20210929","서울","종로구","20.2","21.4","17.8","19.6","19.1","23.8","15.0","13.1","0.0","3.6","0.0","6.3","5.7","2.85","14.84","0.0","93.5","67.6","65.3","7.6","6.8","4.8","0.0","0.0","0.0","9.4","6.8","1.8"
"20210928","서울","종로구","21.5","24.4","19.6","20.7","19.4","24.1","15.3","1.3","0.0","3.3","0.7","10.5","6.0","9.29","19.29","0.0","75.1","66.0","64.1","9.8","1.1","4.7","0.0","0.0","0.0","6.3","6.1","1.8"
"20210927","서울","종로구","21.6","25.0","18.7","20.4","19.7","24.5","15.5","0.0","0.0","2.1","2.2","9.8","6.1","11.36","18.7","0.0","66.0","63.3","63.5","8.3","1.1","4.7","0.0","0.0","0.0","6.6","5.6","1.8"
"20210926","서울","종로구","22.6","27.3","18.4","19.3","20.0","24.8","15.8","0.0","0.0","2.1","8.3","8.0","6.2","18.13","15.92","0.0","63.0","62.5","63.9","6.8","4.0","4.7","0.0","0.0","0.0","7.2","10.5","1.8"
"20210925","서울","종로구","21.2","23.1","18.7","20.1","20.2","25.2","15.9","0.0","0.0","1.8","0.0","3.5","6.7","7.2","13.39","0.0","72.6","64.1","63.7","8.6","4.9","4.4","0.0","0.0","0.0","6.4","8.4","1.8"
"20210924","서울","종로구","21.8","26.9","16.7","20.6","20.2","25.2","15.9","0.0","0.0","1.5","9.9","8.0","6.9","18.34","18.54","0.0","67.5","59.6","63.5","1.5","6.6","4.2","0.0","0.0","0.0","6.9","10.8","1.9"
"20210923","서울","종로구","20.9","25.9","16.9","19.2","20.1","25.1","15.9","0.0","0.0","4.1","8.0","7.2","6.7","18.01","16.99","0.0","67.3","59.9","64.2","3.4","7.6","4.3","0.0","0.0","0.0","10.9","9.5","1.9"
"20210922","서울","종로구","20.2","24.3","16.8","20.2","20.2","25.1","16.1","4.5","0.0","5.3","6.5","10.7","6.5","14.89","21.71","0.0","79.0","55.3","64.4","4.1","3.1","4.6","0.0","0.0","0.0","11.7","9.2","1.9"
"20210921","서울","종로구","22.0","26.2","17.4","19.1","20.4","25.3","16.2","68.1","0.0","5.8","4.3","9.6","6.5","11.84","19.54","0.0","85.1","56.1","63.8","8.0","4.5","4.6","0.0","0.0","0.0","11.9","5.3","2.0"
"20210920","서울","종로구","23.7","28.4","19.0","19.7","20.7","25.5","16.5","0.0","0.0","6.9","10.3","11.4","6.5","19.86","22.19","0.0","63.6","57.6","63.9","5.9","0.0","4.7","0.0","0.0","0.0","12.5","8.2","2.0"
"20210919","서울","종로구","23.7","27.8","20.8","21.2","21.0","25.8","16.9","0.0","0.3","8.0","2.8","9.7","6.3","13.97","21.25","0.0","62.9","59.3","64.3","6.3","1.5","4.9","0.0","0.0","0.0","5.0","9.6","2.0"
"20210918","서울","종로구","23.9","29.8","18.9","21.5","21.4","26.2","17.3","0.0","0.0","5.8","8.8","9.8","6.3","19.77","21.24","0.0","65.1","62.0","64.0","2.3","3.1","5.0","0.0","0.0","0.0","6.4","12.4","2.1"
"20210917","서울","종로구","23.5","28.2","20.5","21.3","21.8","26.5","17.6","0.0","0.0","5.0","6.6","0.7","6.5","18.05","9.35","0.0","61.4","70.3","64.1","3.8","8.4","4.9","0.0","0.0","0.0","12.2","6.3","2.1"
"20210916","서울","종로구","22.9","27.3","18.0","22.5","21.9","26.6","17.9","0.0","0.3","4.3","9.1","0.3","6.3","20.18","6.21","0.0","61.1","79.9","64.9","5.1","9.4","5.1","0.0","0.0","0.0","8.6","6.1","2.0"
"20210915","서울","종로구","23.6","28.9","19.5","23.0","22.0","26.6","18.1","0.0","0.0","4.4","11.4","5.1","6.1","22.62","16.56","0.0","57.5","76.4","65.9","0.6","7.5","5.1","0.0","0.0","0.0","11.7","5.9","1.9"
"20210914","서울","종로구","24.6","29.5","20.0","21.3","22.0","26.5","18.2","0.0","0.0","3.7","10.3","5.7","5.7","21.88","13.86","0.0","63.3","79.3","67.0","2.4","4.6","5.4","0.0","0.0","0.0","10.0","7.4","1.9"
"20210913","서울","종로구","24.8","30.3","20.8","21.5","22.1","26.4","18.4","0.0","0.0","4.3","6.1","9.8","5.5","17.61","20.53","0.0","67.1","70.4","68.1","6.9","2.8","5.7","0.0","0.0","0.0","6.9","6.1","1.9"
"20210912","서울","종로구","24.2","29.8","19.2","20.2","22.2","26.5","18.5","0.0","5.7","4.9","10.2","0.0","5.3","22.15","7.34","0.0","64.6","83.8","68.8","1.9","9.5","5.7","0.0","0.0","0.0","6.8","8.0","1.9"
"20210911","서울","종로구","24.0","29.4","19.9","22.4","22.3","26.6","18.6","0.0","1.2","5.5","8.7","4.5","5.3","19.54","12.87","0.0","73.1","72.6","69.3","2.0","7.6","5.7","0.0","0.0","0.0","9.2","9.7","1.9"
"20210910","서울","종로구","23.6","28.9","19.5","22.8","22.5","26.8","18.9","0.0","3.9","4.6","6.4","9.0","5.5","16.96","19.17","0.0","76.0","75.8","68.8","3.9","6.3","5.8","0.0","0.0","0.0","7.4","7.3","1.9"
"20210909","서울","종로구","23.5","29.1","19.1","21.1","22.8","27.1","19.0","0.0","1.3","4.8","8.0","3.1","5.9","18.9","12.29","0.0","76.5","83.4","68.5","6.5","7.6","5.6","0.0","0.0","0.0","4.6","13.1","2.0"
"20210908","서울","종로구","22.2","26.9","19.0","23.4","22.9","27.4","19.1","1.6","0.0","4.3","7.1","9.5","6.0","18.18","21.87","0.0","81.3","71.5","68.4","4.5","5.4","5.5","0.0","0.0","0.0","6.8","15.4","2.0"
"20210907","서울","종로구","19.6","20.9","17.6","19.2","23.0","27.3","19.3","29.6","61.0","5.4","0.0","0.0","5.8","1.8","3.37","0.0","98.1","93.5","68.7","10.0","10.0","5.7","0.0","0.0","0.0","8.5","15.3","2.0"
"20210906","서울","종로구","22.3","26.4","18.0","21.7","23.2","27.6","19.5","12.0","6.4","5.1","2.4","0.0","5.8","12.02","7.13","0.0","70.1","80.0","68.3","8.9","9.4","5.6","0.0","0.0","0.0","11.7","9.7","2.0"
"20210905","서울","종로구","23.1","27.3","19.4","23.3","23.3","27.6","19.7","0.0","0.0","6.0","4.6","3.3","5.5","15.83","14.49","0.0","61.1","66.6","69.3","5.8","8.0","5.7","0.0","0.0","0.0","10.3","5.8","2.0"
"20210904","서울","종로구","23.2","28.6","18.5","23.3","23.6","27.8","20.0","0.0","0.0","6.4","9.3","10.1","5.3","20.58","21.21","0.0","57.0","63.9","69.7","4.4","1.6","5.8","0.0","0.0","0.0","7.2","9.7","2.0"
"20210903","서울","종로구","24.3","29.2","20.6","22.7","23.9","28.1","20.3","0.0","29.8","6.5","11.2","2.8","5.5","24.64","13.51","0.0","60.3","82.0","69.9","1.9","7.4","5.8","0.0","0.0","0.0","7.6","21.5","2.1"
"20210902","서울","종로구","23.5","26.7","20.7","24.3","24.1","28.5","20.5","0.0","33.3","5.1","1.4","0.0","5.8","13.24","3.34","0.0","70.3","91.3","69.9","8.3","9.6","5.6","0.0","0.0","0.0","6.4","7.6","2.1"
"20210901","서울","종로구","21.4","23.9","18.5","26.6","24.2","28.5","20.7","0.8","0.0","5.5","0.0","1.0","5.6","7.24","11.35","0.0","83.1","72.4","70.7","9.3","8.8","5.7","0.0","0.0","0.0","9.1","7.5","2.1"
"20210831","서울","종로구","20.5","23.1","18.1","26.4","24.4","28.6","20.8","77.4","0.0","6.1","0.0","1.9","5.5","2.39","12.25","0.0","93.3","77.9","71.0","9.9","8.8","5.8","0.0","0.0","0.0","9.3","8.2","2.1"
"20210830","서울","종로구","24.2","27.7","21.2","26.8","24.4","28.6","20.9","0.0","42.5","7.1","1.1","2.4","5.5","12.46","12.89","0.0","77.5","88.8","71.6","8.3","7.9","5.9","0.0","0.0","0.0","4.5","8.1","2.1"
"20210829","서울","종로구","23.7","26.3","21.9","26.8","24.4","28.4","21.0","0.9","13.6","10.3","1.0","1.7","5.2","9.6","8.7","0.0","82.6","90.1","72.5","8.6","8.4","6.1","0.0","0.0","0.0","5.6","7.4","2.1"
"20210828","서울","종로구","23.6","28.2","19.7","27.3","24.4","28.5","21.1","0.0","13.6","11.5","3.8","2.0","5.0","15.44","10.18","0.0","80.4","89.1","72.8","8.4","8.9","6.3","0.0","0.0","0.0","7.3","7.4","2.1"
"20210827","서울","종로구","22.4","25.5","20.4","27.1","24.5","28.4","21.2","0.9","8.7","13.1","0.0","0.5","4.9","3.01","5.5","0.0","83.5","84.6","73.3","9.1","9.9","6.4","0.0","0.0","0.0","4.9","15.6","2.1"
"20210826","서울","종로구","25.5","27.9","22.9","30.2","24.6","28.5","21.4","0.7","0.6","14.1","0.2","7.5","4.8","8.07","19.68","0.0","84.9","68.3","72.9","8.1","6.4","6.5","0.0","0.0","0.0","8.7","13.9","2.1"
"20210825","서울","종로구","25.0","27.3","23.5","29.9","24.8","28.6","21.6","0.3","0.0","14.2","0.7","7.6","4.8","8.96","21.21","0.0","85.5","69.5","72.8","8.4","5.9","6.6","0.0","0.0","0.0","6.8","7.6","2.1"
"20210824","서울","종로구","23.4","26.4","21.1","27.8","25.0","28.9","21.7","10.5","0.0","11.3","0.0","8.8","5.0","4.58","20.25","0.0","93.6","71.6","72.2","10.0","5.9","6.5","0.0","0.0","0.0","10.5","8.5","2.1"
"20210823","서울","종로구","22.4","24.0","21.0","25.3","25.2","29.1","22.0","7.4","0.0","11.1","0.0","6.8","4.9","3.81","18.72","0.0","89.3","78.4","72.2","9.5","6.0","6.5","0.0","0.0","0.0","7.9","6.2","2.2"
"20210822","서울","종로구","24.4","27.0","22.4","24.3","25.4","29.4","22.2","0.0","42.6","11.5","0.7","0.6","5.0","8.64","7.56","0.0","81.5","87.4","71.9","8.6","9.0","6.4","0.0","0.0","0.0","8.3","8.4","2.2"
"20210821","서울","종로구","23.8","25.5","21.0","26.6","25.6","29.6","22.4","62.8","2.5","10.7","1.0","0.8","4.9","6.31","8.74","0.0","88.1","83.1","72.3","8.8","8.8","6.4","0.0","0.0","0.0","11.4","7.4","2.2"
"20210820","서울","종로구","26.6","30.7","22.6","27.7","25.8","29.8","22.6","0.0","0.0","9.3","5.5","3.1","4.9","17.21","15.16","0.0","63.6","76.0","72.6","6.9","6.4","6.5","0.0","0.0","0.0","10.3","7.1","2.1"
"20210819","서울","종로구","26.0","31.5","21.0","27.1","25.9","29.9","22.8","0.0","0.0","8.9","8.6","9.4","4.8","20.95","22.54","0.0","57.1","76.8","73.0","4.0","2.3","6.4","0.0","0.0","0.0","8.6","7.6","2.1"
"20210818","서울","종로구","24.3","31.0","20.6","27.5","26.1","30.0","23.0","5.6","0.0","7.7","5.8","7.9","4.7","17.87","19.81","0.0","69.6","76.3","73.4","5.3","2.8","6.4","0.0","0.0","0.0","9.7","5.4","2.1"
"20210817","서울","종로구","25.9","31.3","21.9","28.2","26.2","30.1","23.1","9.3","0.0","8.0","5.8","5.8","4.7","17.49","18.44","0.0","65.0","77.9","73.9","5.5","4.4","6.5","0.0","0.0","0.0","9.6","7.1","2.0"
"20210816","서울","종로구","27.3","32.8","22.5","27.4","26.5","30.4","23.5","0.0","0.0","7.4","10.4","2.4","5.0","23.19","14.3","0.0","61.1","82.6","73.9","3.8","8.3","6.4","0.0","0.0","0.0","6.9","10.0","2.0"
"20210815","서울","종로구","26.9","32.4","21.7","26.1","26.6","30.5","23.6","0.0","69.0","8.1","10.2","0.0","5.0","23.31","3.25","0.0","59.6","96.0","74.0","1.8","9.3","6.3","0.0","0.0","0.0","7.0","10.5","2.0"
"20210814","서울","종로구","26.1","30.5","23.4","27.1","26.7","30.5","23.6","0.0","0.4","9.5","4.5","0.0","5.1","15.6","4.14","0.0","63.9","86.1","74.4","6.5","9.3","6.4","0.0","0.0","0.0","10.2","10.9","2.0"
"20210813","서울","종로구","26.6","30.1","23.4","28.0","26.8","30.7","23.7","0.0","0.0","10.8","1.7","0.2","5.3","12.03","7.96","0.0","70.4","82.4","74.2","8.0","8.5","6.4","0.0","0.0","0.0","6.4","8.7","2.0"
"20210812","서울","종로구","26.8","31.7","24.0","27.2","26.9","30.8","23.8","0.0","0.0","9.6","4.4","2.1","5.2","14.8","13.62","0.0","67.1","83.9","74.0","5.9","8.3","6.4","0.0","0.0","0.0","12.9","6.7","2.0"
"20210811","서울","종로구","27.4","31.6","24.1","24.6","26.9","30.9","23.8","0.0","97.0","9.2","5.3","0.5","5.2","16.55","7.44","0.0","70.3","92.5","73.7","5.8","9.5","6.4","0.0","0.0","0.0","6.4","9.1","2.0"
"20210810","서울","종로구","27.7","32.2","24.3","26.5","26.9","30.9","23.8","0.0","44.6","11.3","8.5","0.2","5.2","20.07","7.77","0.0","62.5","91.6","73.9","4.5","9.9","6.5","0.0","0.0","0.0","8.7","10.2","2.1"
"20210809","서울","종로구","28.3","33.6","23.3","24.9","27.0","30.9","23.9","0.0","50.3","13.4","8.6","0.0","5.0","24.73","1.43","0.0","62.4","95.4","74.0","5.6","9.8","6.6","0.0","0.0","0.0","8.3","12.4","2.1"
"20210808","서울","종로구","26.8","32.1","24.4","24.2","27.0","30.9","24.0","12.7","19.1","14.6","2.0","1.8","5.0","11.91","6.96","0.0","74.8","89.5","74.2","8.1","9.1","6.6","0.0","0.0","0.0","9.5","7.5","2.1"
"20210807","서울","종로구","28.0","32.3","23.4","24.3","27.2","31.1","24.1","0.0","0.0","13.2","11.3","0.0","5.3","23.48","6.7","0.0","65.0","85.3","73.9","3.3","9.0","6.4","0.0","0.0","0.0","6.5","6.9","2.1"
"20210806","서울","종로구","28.1","32.2","26.0","24.1","27.1","31.0","24.0","0.0","75.7","15.9","6.3","0.2","5.3","18.13","6.74","0.0","68.4","92.8","74.4","7.4","8.0","6.4","0.0","0.0","0.0","16.4","13.1","2.1"
"20210805","서울","종로구","29.4","33.7","25.6","26.5","27.1","31.0","24.1","0.0","18.5","14.5","8.9","0.1","5.4","20.51","5.02","0.0","68.1","92.1","74.4","4.6","9.8","6.3","0.0","0.0","0.0","7.1","8.0","2.2"
"20210804","서울","종로구","28.9","33.2","26.3","27.0","27.2","31.1","24.2","0.0","3.9","13.6","6.1","0.4","5.3","19.55","8.06","0.0","70.6","89.3","74.4","5.9","9.6","6.3","0.0","0.0","0.0","7.6","11.0","2.2"
"20210803","서울","종로구","28.0","31.4","24.1","25.0","27.3","31.1","24.2","0.0","102.6","13.1","4.3","0.0","5.1","13.25","3.09","0.0","76.9","96.3","74.9","6.1","10.0","6.5","0.0","0.0","0.0","9.7","14.5","2.2"
"20210802","서울","종로구","26.5","28.6","25.0","24.9","27.1","30.9","24.3","1.7","31.4","14.1","0.6","0.0","4.7","8.42","2.55","0.0","82.6","96.3","75.6","9.0","10.0","6.7","0.0","0.0","0.0","5.6","14.6","2.2"
"20210801","서울","종로구","27.1","28.8","25.1","25.3","27.1","30.9","24.3","21.0","39.1","11.4","0.0","0.0","4.4","6.56","5.31","0.0","81.8","90.9","75.8","9.8","9.8","6.8","0.0","0.0","0.0","8.3","9.0","2.3"
"20210731","서울","종로구","29.8","34.3","26.8","26.2","27.1","30.7","24.3","3.0","1.5","11.5","7.7","5.0","4.1","21.19","14.5","0.0","69.9","81.9","76.3","6.9","6.9","7.0","0.0","0.0","0.0","6.9","8.2","2.2"
"20210730","서울","종로구","30.5","35.4","25.8","25.3","27.0","30.5","24.2","0.0","0.1","11.8","7.7","3.0","4.1","21.86","15.34","0.0","63.1","85.5","76.6","6.5","8.3","7.1","0.0","0.0","0.0","7.6","7.7","2.2"
"20210729","서울","종로구","29.6","33.3","27.0","23.7","26.8","30.3","24.0","0.0","50.1","13.4","2.2","0.0","4.0","14.86","3.18","0.0","69.9","95.8","76.5","6.8","10.0","7.2","0.0","0.0","0.0","6.8","6.7","2.1"
"20210728","서울","종로구","30.4","34.7","27.1","24.4","26.7","30.2","23.8","0.0","0.4","15.0","6.5","0.0","4.2","16.37","8.38","0.0","67.4","84.8","75.9","3.8","9.9","7.1","0.0","0.0","0.0","7.2","5.4","2.2"
"20210727","서울","종로구","31.1","35.7","27.8","24.3","26.5","30.1","23.6","0.0","2.2","16.9","7.3","0.0","4.1","17.22","7.72","0.0","60.5","86.4","76.1","3.9","10.0","7.1","0.0","0.0","0.0","7.8","5.7","2.2"
"20210726","서울","종로구","31.2","35.4","27.4","25.4","26.3","29.8","23.5","0.0","0.0","16.4","13.2","5.6","3.8","29.3","18.14","0.0","54.9","69.3","76.3","1.6","7.4","7.3","0.0","0.0","0.0","7.3","5.9","2.3"
"20210725","서울","종로구","31.5","35.9","27.2","24.3","26.2","29.8","23.4","0.0","0.0","16.0","13.0","1.9","3.8","27.63","15.59","0.0","55.8","69.3","76.0","4.9","7.8","7.4","0.0","0.0","0.0","8.8","11.3","2.3"
"20210724","서울","종로구","31.7","36.5","26.9","22.5","26.2","29.8","23.3","0.0","2.9","15.1","12.3","1.0","3.9","27.78","10.46","0.0","57.4","74.3","76.4","3.0","9.3","7.3","0.0","0.0","0.0","7.0","16.1","2.4"
"20210723","서울","종로구","31.2","35.8","27.2","21.1","26.2","29.7","23.4","0.0","103.1","12.7","12.4","0.0","3.6","26.91","2.72","0.0","61.8","95.5","76.9","2.3","10.0","7.4","0.0","0.0","0.0","6.2","14.9","2.4"
"20210722","서울","종로구","31.2","35.9","26.5","23.7","26.1","29.7","23.2","0.0","11.5","11.3","11.4","0.0","3.8","27.69","4.5","0.0","59.8","89.3","76.7","4.0","9.8","7.3","0.0","0.0","0.0","6.7","5.6","2.4"
"20210721","서울","종로구","30.5","35.3","25.3","25.0","26.0","29.7","23.0","0.0","0.0","12.4","11.3","4.0","4.0","24.1","17.83","0.0","64.0","77.0","76.7","3.5","6.3","7.2","0.0","0.0","0.0","6.0","6.6","2.4"
"20210720","서울","종로구","27.9","31.8","23.6","23.8","25.9","29.7","22.8","0.0","3.6","10.2","3.4","0.0","4.2","14.62","5.15","0.0","75.8","86.3","76.3","7.6","9.6","7.0","0.0","0.0","0.0","6.0","13.4","2.4"
"20210719","서울","종로구","26.4","30.5","24.0","24.0","25.6","29.3","22.5","67.4","29.1","9.4","3.1","0.0","4.0","10.07","4.92","0.0","80.1","81.6","76.5","6.9","9.9","7.1","0.0","0.0","0.0","8.5","8.4","2.3"
"20210718","서울","종로구","29.6","34.1","25.7","26.1","25.2","29.0","22.1","0.0","0.0","13.0","8.4","4.3","4.0","23.37","15.49","0.0","62.5","71.6","77.1","5.6","5.4","7.2","0.0","0.0","0.0","7.6","6.4","2.3"
"20210717","서울","종로구","29.1","32.8","24.7","26.0","24.9","28.6","22.0","0.0","0.0","16.3","8.9","7.5","3.7","22.58","22.28","0.0","63.1","72.0","77.6","4.8","4.5","7.4","0.0","0.0","0.0","8.5","9.6","2.3"
"20210716","서울","종로구","28.8","35.2","24.2","25.0","24.8","28.5","22.0","0.0","0.0","15.1","10.5","10.2","3.6","26.76","25.76","0.0","68.4","70.9","77.4","3.5","4.1","7.5","0.0","0.0","0.0","16.5","6.2","2.3"
"20210715","서울","종로구","29.1","34.5","25.9","23.4","24.7","28.3","21.9","0.0","0.0","17.4","8.7","9.3","3.5","22.77","26.6","0.0","71.1","63.1","77.9","5.1","5.1","7.7","0.0","0.0","0.0","9.4","6.8","2.4"
"20210714","서울","종로구","29.7","33.5","26.1","20.3","24.7","28.3","21.9","0.0","11.5","19.2","7.1","0.1","3.4","22.48","12.46","0.0","71.4","79.4","77.8","7.0","9.9","7.8","0.0","0.0","0.0","7.6","8.6","2.4"
"20210713","서울","종로구","28.8","31.5","26.3","18.7","24.8","28.3","21.9","0.0","47.6","16.6","1.4","0.0","3.4","11.59","4.58","0.0","76.1","94.8","77.2","6.8","10.0","7.8","0.0","0.0","0.0","5.9","11.0","2.3"
"20210712","서울","종로구","28.1","32.5","23.8","23.5","24.8","28.3","21.8","0.0","2.9","14.8","4.9","0.0","3.5","19.1","7.67","0.0","75.1","71.9","76.7","6.6","9.1","7.7","0.0","0.0","0.0","5.4","7.5","2.3"
"20210711","서울","종로구","25.7","27.5","24.1","25.8","24.7","28.3","21.6","0.4","0.0","15.8","0.1","6.6","3.6","7.53","21.82","0.0","86.8","62.6","76.3","7.8","7.3","7.5","0.0","0.0","0.0","8.2","10.0","2.3"
"20210710","서울","종로구","25.9","29.2","23.1","24.5","24.7","28.4","21.5","0.5","2.2","13.9","4.2","3.1","3.8","17.4","12.3","0.0","80.4","75.0","75.2","7.4","6.6","7.4","0.0","0.0","0.0","9.9","11.3","2.2"
"20210709","서울","종로구","25.5","29.2","23.6","27.5","24.7","28.6","21.5","0.0","0.0","10.7","3.8","7.7","4.3","14.49","23.1","0.0","77.3","64.6","73.9","6.5","4.8","7.1","0.0","0.0","0.0","7.1","6.3","2.2"
"20210708","서울","종로구","26.0","29.8","23.8","25.5","24.8","28.8","21.5","2.9","0.0","10.3","2.9","10.0","4.6","14.1","25.81","0.0","81.6","71.9","73.1","7.1","2.9","6.9","0.0","0.0","0.0","7.5","6.4","2.2"
"20210707","서울","종로구","26.4","29.1","23.9","24.1","24.7","28.9","21.3","12.7","0.0","9.6","1.1","4.0","5.1","11.81","15.15","0.0","78.5","75.5","72.7","9.4","6.3","6.7","0.0","0.0","0.0","5.4","6.6","2.1"
"20210706","서울","종로구","25.3","30.1","21.0","25.6","24.7","28.9","21.3","0.0","0.0","8.0","4.3","5.0","5.2","19.15","19.28","0.0","73.4","66.6","72.7","7.0","7.4","6.7","0.0","0.0","0.0","5.5","7.7","2.2"
"20210705","서울","종로구","23.3","26.9","20.1","23.8","24.5","28.6","21.2","0.0","0.0","8.7","0.9","6.4","5.0","12.59","20.85","0.0","80.3","68.6","73.8","8.9","5.3","6.8","0.0","0.0","0.0","5.9","5.5","2.2"
"20210704","서울","종로구","21.4","23.1","19.8","24.2","24.4","28.3","21.1","21.4","1.6","11.5","0.0","9.5","4.6","2.69","26.88","0.0","96.8","63.9","75.7","9.9","7.6","7.0","0.0","0.0","0.0","8.8","7.4","2.1"
"20210703","서울","종로구","22.6","25.7","19.6","25.5","24.1","28.0","21.0","60.0","0.1","13.4","0.9","9.6","4.2","7.51","27.47","0.0","80.0","63.5","77.0","8.5","6.8","7.3","0.0","0.0","0.0","12.9","10.5","2.2"
"20210702","서울","종로구","27.1","31.8","23.6","24.2","23.9","27.7","21.0","0.0","0.0","13.7","7.4","5.4","3.6","22.19","19.15","0.0","64.1","74.5","77.8","5.8","6.6","7.6","0.0","0.0","0.0","6.7","5.4","2.2"
"20210701","서울","종로구","26.3","31.0","21.4","21.1","23.8","27.5","20.8","0.0","0.0","15.1","8.2","0.2","3.5","20.59","9.47","0.0","70.9","79.3","77.8","2.3","7.6","7.7","0.0","0.0","0.0","6.8","6.1","2.2"
"20210630","서울","종로구","24.3","28.8","21.0","20.1","23.8","27.8","20.7","6.0","64.7","13.4","4.0","0.0","3.9","16.22","6.2","0.0","77.9","83.0","76.5","6.1","10.0","7.5","0.0","0.0","0.0","7.7","14.5","2.2"
"20210629","서울","종로구","23.9","28.4","21.3","23.8","23.7","27.8","20.5","8.0","11.9","10.5","4.2","1.7","4.2","14.1","8.4","0.0","78.6","77.0","75.1","6.5","8.6","7.3","0.0","0.0","0.0","6.5","9.9","2.3"
"20210628","서울","종로구","23.7","29.2","21.0","25.2","23.7","27.9","20.3","0.1","0.0","9.3","2.2","12.4","4.6","13.52","28.6","0.0","76.4","70.5","73.8","8.1","1.9","7.1","0.0","0.0","0.0","7.7","7.7","2.3"
"20210627","서울","종로구","24.5","30.8","19.8","24.1","23.6","27.9","20.2","38.2","0.0","8.2","8.1","7.4","5.0","22.48","22.18","0.0","72.1","70.4","72.0","5.4","6.1","6.9","0.0","0.0","0.0","14.3","8.3","2.3"
"20210626","서울","종로구","22.8","26.7","19.9","21.8","23.5","27.8","19.9","4.5","2.1","6.0","2.3","3.1","5.4","14.24","13.03","0.0","78.5","82.1","70.7","7.3","8.3","6.6","0.0","0.0","0.0","5.9","9.5","2.3"
"20210625","서울","종로구","24.1","29.5","19.5","21.6","23.3","27.6","19.7","0.0","13.3","6.5","9.7","0.1","5.4","24.74","6.11","0.0","69.0","91.0","70.2","4.0","10.0","6.6","0.0","0.0","0.0","7.8","7.1","2.3"
"20210624","서울","종로구","23.0","28.0","18.5","22.3","23.3","27.8","19.6","0.0","37.6","6.2","5.7","0.0","5.5","17.8","2.91","0.0","71.1","83.5","68.6","3.0","10.0","6.5","0.0","0.0","0.0","7.7","10.0","2.3"
"20210623","서울","종로구","22.4","27.9","18.8","27.3","23.4","28.0","19.6","7.5","0.0","4.5","7.2","5.1","5.8","19.49","16.97","0.0","70.5","53.5","68.0","4.4","7.5","6.2","0.0","0.0","0.0","11.3","5.7","2.2"
"20210622","서울","종로구","22.8","28.6","19.7","28.6","23.3","28.0","19.5","0.0","0.0","3.8","6.8","13.3","6.1","20.23","28.95","0.0","67.9","50.5","68.3","6.8","1.6","6.0","0.0","0.0","0.0","15.0","6.7","2.2"
"20210621","서울","종로구","23.6","28.5","19.2","26.1","23.3","28.2","19.5","0.0","0.0","3.8","11.1","13.5","6.0","25.72","27.82","0.0","67.0","59.5","67.9","3.3","0.1","6.1","0.0","0.0","0.0","7.8","8.4","2.1"
"20210620","서울","종로구","22.9","29.0","17.6","24.9","23.3","28.2","19.4","0.0","0.0","3.9","10.7","11.7","6.1","25.87","24.75","0.0","73.3","62.6","67.5","3.1","0.9","6.1","0.0","0.0","0.0","12.7","7.9","2.1"
"20210619","서울","종로구","22.3","27.4","17.5","24.7","23.2","28.2","19.3","0.0","0.1","4.1","10.5","6.0","6.1","26.47","19.6","0.0","74.0","61.4","67.2","4.1","6.3","6.0","0.0","0.0","0.0","6.9","7.1","2.1"
"20210618","서울","종로구","20.0","21.4","19.0","23.4","23.2","28.2","19.1","6.3","0.0","3.6","0.0","0.1","6.3","4.5","11.0","0.0","92.1","61.4","65.9","9.8","9.0","5.9","0.0","0.0","0.0","7.2","5.6","2.1"
"20210617","서울","종로구","21.9","25.0","19.6","24.3","23.1","28.2","19.0","0.0","0.0","3.1","0.3","5.9","6.6","9.59","21.25","0.0","71.4","58.6","64.5","9.4","7.4","5.8","0.0","0.0","0.0","7.1","7.9","2.1"
"20210616","서울","종로구","24.3","28.9","20.3","24.4","23.1","28.2","18.9","0.0","0.0","3.3","11.5","7.5","6.9","27.3","24.74","0.0","59.9","63.0","63.9","2.5","6.0","5.6","0.0","0.0","0.0","11.5","6.9","2.1"
"20210615","서울","종로구","22.5","25.3","21.5","23.0","23.0","28.1","18.7","1.9","0.0","2.9","1.6","10.1","7.0","7.61","26.53","0.0","79.1","62.3","63.8","7.0","6.0","5.5","0.0","0.0","0.0","7.7","13.4","2.2"
"20210614","서울","종로구","24.8","30.2","18.9","24.0","22.7","27.9","18.5","0.0","1.1","3.0","8.3","8.1","7.3","22.29","22.52","0.0","68.8","70.6","64.1","6.8","4.4","5.5","0.0","0.0","0.0","5.9","10.1","2.2"
"20210613","서울","종로구","24.8","29.7","20.9","26.9","22.6","27.6","18.4","0.0","0.0","3.4","10.2","9.7","7.2","26.48","28.11","0.0","72.6","52.8","64.3","3.5","5.5","5.5","0.0","0.0","0.0","6.9","8.4","2.3"
"20210612","서울","종로구","24.2","30.2","18.2","24.7","22.4","27.5","18.4","0.0","0.0","4.4","9.1","0.5","6.8","26.92","11.51","0.0","74.6","68.6","65.0","5.0","8.1","5.7","0.0","0.0","0.0","6.3","4.7","2.3"
"20210611","서울","종로구","21.5","24.4","19.9","26.1","22.4","27.4","18.2","4.6","0.0","3.9","1.8","8.0","6.9","10.08","26.03","0.0","84.5","68.3","65.1","6.4","5.8","5.6","0.0","0.0","0.0","11.4","7.2","2.2"
"20210610","서울","종로구","24.9","29.8","20.5","25.8","22.3","27.4","18.2","6.1","6.2","3.4","1.3","5.2","6.7","14.13","18.85","0.0","68.5","63.8","64.4","8.5","9.0","5.7","0.0","0.0","0.0","9.0","9.8","2.2"
"20210609","서울","종로구","25.8","31.6","19.5","26.7","22.3","27.4","18.1","0.0","0.0","2.8","9.9","12.9","6.5","24.78","28.36","0.0","59.1","51.6","63.7","3.4","3.0","5.6","0.0","0.0","0.0","5.7","7.9","2.1"
"20210608","서울","종로구","23.6","29.5","18.8","25.0","22.2","27.4","17.9","0.1","0.0","2.5","7.1","11.3","6.4","21.25","26.13","0.0","69.6","63.6","63.1","5.4","3.0","5.6","0.0","0.0","0.0","6.6","8.8","2.1"
"20210607","서울","종로구","21.1","24.0","19.4","22.7","22.1","27.3","17.7","0.0","0.0","1.2","0.3","9.2","6.8","7.02","26.04","0.0","71.5","69.4","61.8","7.8","3.3","5.3","0.0","0.0","0.0","6.0","7.3","2.1"
"20210606","서울","종로구","23.0","28.2","18.4","24.6","21.9","27.1","17.5","0.0","0.0","1.3","8.3","8.6","6.7","23.46","23.38","0.0","69.6","63.6","60.9","3.8","2.3","5.5","0.0","0.0","0.0","7.0","7.8","2.1"
"20210605","서울","종로구","20.8","25.7","17.0","23.0","21.7","26.9","17.2","0.0","0.0","1.7","8.4","8.8","7.0","23.11","23.36","0.0","68.1","69.4","60.5","3.0","5.5","5.2","0.0","0.0","0.0","9.9","6.7","2.2"
"20210604","서울","종로구","18.5","23.6","13.3","21.9","21.5","26.8","17.0","0.0","0.2","2.6","10.9","4.7","7.3","29.01","19.77","0.0","69.4","81.1","59.9","2.6","8.4","5.1","0.0","0.0","0.0","10.4","7.7","2.2"
"20210603","서울","종로구","19.1","22.7","14.6","22.0","21.3","26.6","16.7","18.1","0.0","2.8","0.2","9.5","7.5","5.11","24.64","0.0","80.8","73.3","59.2","9.6","5.8","4.9","0.0","0.0","0.0","14.3","8.8","2.3"
"20210602","서울","종로구","23.2","29.7","16.6","17.9","21.1","26.5","16.4","0.0","2.0","2.7","11.9","0.2","7.9","26.82","5.89","0.0","64.4","71.0","58.4","3.4","9.3","4.7","0.0","0.0","0.0","8.2","9.1","2.3"
"20210601","서울","종로구","20.2","23.9","15.9","19.7","20.9","26.3","16.2","3.2","0.4","2.5","1.9","11.5","7.9","13.01","30.35","0.0","74.6","64.3","58.3","8.1","3.8","4.6","0.0","0.0","0.0","9.0","12.3","2.4"
"20210531","서울","종로구","19.9","23.8","16.5","21.2","20.9","26.3","16.1","4.0","1.0","2.1","2.0","5.0","7.9","12.52","19.15","0.0","78.9","63.0","58.4","7.4","8.5","4.6","0.0","0.0","0.0","5.7","8.6","2.3"
"20210530","서울","종로구","18.4","26.3","10.8","22.6","20.7","26.1","15.9","18.1","0.0","1.7","11.6","11.3","7.9","29.45","26.5","0.0","73.0","57.3","58.1","3.9","1.1","4.7","0.0","0.0","0.0","16.0","7.0","2.3"
"20210529","서울","종로구","15.4","19.1","12.8","20.7","20.4","25.8","15.6","0.3","0.0","2.1","3.9","12.7","7.9","10.45","28.09","0.0","79.8","65.6","58.2","5.1","1.3","4.6","0.0","0.0","0.0","7.3","6.7","2.3"
"20210528","서울","종로구","15.3","19.7","12.4","18.7","20.1","25.4","15.5","12.3","0.0","2.4","1.9","8.4","7.4","11.26","22.83","0.0","86.0","62.8","59.0","8.6","3.9","4.8","0.0","0.0","0.0","10.2","7.3","2.3"
"20210527","서울","종로구","15.8","18.7","13.9","17.4","19.9","25.2","15.3","8.9","0.0","2.8","0.5","13.2","7.3","5.08","30.06","0.0","83.0","68.5","60.0","6.5","1.5","4.9","0.0","0.0","0.0","9.1","9.3","2.3"
"20210526","서울","종로구","18.0","23.0","11.5","16.2","19.6","24.9","15.0","0.0","1.5","3.8","5.3","4.8","7.1","17.95","18.49","0.0","58.5","81.9","60.3","7.6","7.8","4.8","0.0","0.0","0.0","13.1","8.8","2.4"
"20210525","서울","종로구","15.3","19.3","11.9","16.6","19.6","24.9","15.0","8.3","0.0","3.2","6.4","2.5","7.1","19.29","16.88","0.0","72.3","81.0","60.6","5.3","8.1","4.8","0.0","0.0","0.0","12.8","6.0","2.4"
"20210524","서울","종로구","19.4","24.5","16.4","17.1","19.6","24.9","15.0","0.0","14.5","2.9","9.1","1.1","7.1","26.9","10.59","0.0","61.0","84.8","60.9","3.3","8.4","4.9","0.0","0.0","0.0","9.2","12.8","2.4"
"20210523","서울","종로구","19.5","25.1","14.3","20.1","19.5","24.9","14.7","0.0","0.0","2.9","6.0","6.8","7.2","19.28","23.24","0.0","64.4","66.1","60.3","6.9","7.4","4.8","0.0","0.0","0.0","7.9","8.3","2.3"
"20210522","서울","종로구","18.6","23.8","13.8","18.5","19.3","24.9","14.4","0.2","0.0","2.8","12.7","0.7","7.5","28.69","13.07","0.0","69.3","68.5","59.5","1.5","8.6","4.6","0.0","0.0","0.0","9.5","8.0","2.3"
"20210521","서울","종로구","16.0","18.2","14.2","17.4","19.1","24.6","14.1","6.9","0.0","2.3","0.9","9.4","7.5","7.35","24.35","0.0","86.5","56.1","59.8","9.5","4.8","4.7","0.0","0.0","0.0","7.1","6.1","2.4"
"20210520","서울","종로구","18.7","22.9","15.6","14.4","18.7","24.2","13.8","0.9","0.0","3.4","0.0","4.5","7.2","6.8","20.91","0.0","59.8","60.4","60.8","9.9","6.0","4.8","0.0","0.0","0.0","13.0","6.0","2.4"
"20210519","서울","종로구","19.9","26.6","12.4","13.0","18.4","23.8","13.5","0.0","19.0","4.0","13.2","3.0","7.1","29.93","15.29","0.0","52.3","73.6","60.8","2.6","7.6","4.9","0.0","0.0","0.0","7.4","12.9","2.4"
"20210518","서울","종로구","17.9","24.5","13.6","19.1","18.1","23.4","13.4","0.0","29.8","4.6","8.4","3.2","7.0","24.12","14.07","0.0","70.5","79.4","61.8","4.4","8.5","5.0","0.0","0.0","0.0","7.3","16.4","2.4"
"20210517","서울","종로구","15.3","16.7","14.2","19.1","18.0","23.2","13.5","3.1","0.0","4.6","0.0","3.9","6.7","5.21","15.26","0.0","93.0","80.1","62.3","9.0","7.1","5.4","0.0","0.0","0.0","5.3","7.7","2.4"
"20210516","서울","종로구","18.4","20.8","14.8","16.7","18.0","23.2","13.3","66.9","2.5","4.2","0.0","0.6","6.9","3.05","7.6","0.0","97.6","90.3","61.2","10.0","9.5","5.3","0.0","0.0","0.0","8.9","4.9","2.4"
"20210515","서울","종로구","22.1","26.2","20.8","16.1","17.8","23.0","13.1","15.0","12.0","4.0","0.5","0.0","7.1","9.42","3.43","0.0","79.5","81.4","61.0","9.8","10.0","5.1","0.0","0.0","0.0","6.1","13.2","2.4"
"20210514","서울","종로구","24.1","30.8","18.0","19.3","17.5","22.6","13.0","0.0","0.0","4.0","10.8","6.6","6.7","24.38","20.64","0.0","60.3","35.4","62.2","7.1","8.3","5.2","0.0","0.0","0.0","7.4","6.9","2.5"
"20210513","서울","종로구","22.9","29.6","16.6","16.1","17.3","22.4","12.7","0.0","0.0","3.8","12.8","13.0","6.6","27.3","29.7","0.0","54.4","47.3","61.8","0.0","0.6","5.2","0.0","0.0","0.0","7.2","12.1","2.5"
"20210512","서울","종로구","22.0","27.7","16.9","14.3","17.0","22.2","12.5","0.0","0.7","4.0","11.0","5.0","6.6","26.51","13.6","0.0","39.5","69.4","61.7","4.5","3.3","5.1","0.0","0.0","0.0","6.9","12.2","2.5"
"20210511","서울","종로구","18.5","25.7","9.4","16.5","16.9","22.1","12.4","0.0","3.4","4.2","13.2","7.2","6.5","27.17","22.98","0.0","48.9","61.0","61.3","6.0","8.1","5.2","0.0","0.0","0.0","10.5","10.1","2.6"
"20210510","서울","종로구","13.2","14.6","11.7","14.4","17.0","22.2","12.4","0.0","1.3","3.1","0.0","0.4","6.7","4.69","6.77","0.0","67.9","88.6","60.0","8.6","9.0","5.2","0.0","0.0","0.0","6.7","7.1","2.6"
"20210509","서울","종로구","15.7","21.8","10.0","14.2","17.0","22.5","12.3","0.0","24.4","4.2","13.0","0.0","7.0","30.44","3.0","0.0","51.3","94.4","58.7","0.3","10.0","5.0","0.0","0.0","0.0","14.3","11.0","2.6"
"20210508","서울","종로구","14.3","21.0","8.9","19.9","16.9","22.3","12.3","0.0","2.3","4.9","8.9","7.5","7.0","23.01","23.26","0.0","66.1","32.8","58.6","1.1","7.4","5.0","0.0","0.0","0.0","15.4","7.9","2.6"
"20210507","서울","종로구","14.4","17.2","10.7","20.7","17.1","22.7","12.2","8.8","0.0","4.5","5.9","8.7","7.4","17.12","23.93","0.0","60.3","32.5","56.9","3.1","6.8","4.6","0.0","0.0","0.0","12.6","9.5","2.6"
"20210506","서울","종로구","15.7","23.1","7.9","19.4","17.0","22.6","12.1","0.0","0.0","4.1","10.6","12.8","7.6","23.81","28.51","0.0","46.4","50.0","56.9","4.8","1.8","4.4","0.0","0.0","0.0","11.8","8.0","2.6"
"20210505","서울","종로구","13.9","18.4","10.3","16.0","16.8","22.4","12.0","0.1","0.0","4.8","11.5","3.3","7.4","28.34","9.41","0.0","64.4","67.9","57.8","2.6","5.4","4.5","0.0","0.0","0.0","13.1","8.8","2.7"
"20210504","서울","종로구","13.8","15.8","11.4","20.2","16.9","22.4","12.1","19.6","0.0","3.4","0.0","10.1","7.4","3.68","25.42","0.0","82.6","63.9","57.4","9.6","3.4","4.6","0.0","0.0","0.0","9.3","8.7","2.7"
"20210503","서울","종로구","14.1","20.3","8.4","21.8","17.0","22.6","12.1","0.0","0.0","2.0","11.6","5.9","7.5","27.7","19.41","0.0","56.4","68.8","57.3","3.8","7.0","4.5","0.0","0.0","0.0","8.6","7.2","2.7"
"20210502","서울","종로구","12.4","18.7","7.3","20.3","16.8","22.2","12.1","1.7","0.0","2.7","10.8","0.2","7.0","27.71","9.43","0.0","67.9","79.6","58.6","2.6","9.0","4.8","0.0","0.0","0.0","9.3","7.6","2.6"
"20210501","서울","종로구","10.2","15.3","8.5","20.2","16.6","21.8","11.8","8.0","0.0","3.7","1.2","6.1","6.7","11.89","18.96","0.0","80.8","73.6","59.2","9.4","6.6","5.1","0.0","0.0","0.0","10.3","9.9","2.6"
"20210430","서울","종로구","11.3","14.6","8.6","17.1","16.2","21.5","11.4","26.3","0.0","3.2","1.1","8.2","6.8","9.45","24.03","0.0","81.8","57.1","58.3","9.5","5.3","5.0","0.0","0.0","0.0","8.5","10.0","2.6"
"20210429","서울","종로구","14.6","20.1","10.9","14.9","15.6","20.8","10.8","3.9","0.0","2.7","4.4","12.2","6.8","15.99","26.1","0.0","54.1","48.6","57.9","7.6","0.4","4.9","0.0","0.0","0.0","11.0","8.6","2.6"
"20210428","서울","종로구","14.5","18.2","11.2","13.9","15.0","20.2","10.1","4.7","0.0","3.2","2.2","12.6","6.9","16.09","26.97","0.0","64.1","50.0","57.0","7.9","0.0","4.8","0.0","0.0","0.0","9.7","10.0","2.6"
"20210427","서울","종로구","15.4","20.0","12.5","12.9","14.4","19.7","9.6","1.7","0.0","2.9","0.5","9.7","7.2","10.37","22.98","0.0","62.4","49.8","55.4","9.4","3.4","4.6","0.0","0.0","0.0","9.0","11.2","2.7"
"20210426","서울","종로구","16.2","20.6","12.3","12.3","14.1","19.5","9.3","0.0","0.0","2.0","9.2","12.5","7.6","21.57","28.36","0.0","51.8","43.1","54.2","4.5","0.8","4.2","0.0","0.0","0.0","8.5","10.8","2.7"
"20210425","서울","종로구","18.2","24.0","12.6","13.1","13.9","19.2","9.1","0.0","0.0","2.3","11.5","8.5","7.5","27.12","18.9","0.0","50.0","54.4","54.2","1.1","3.3","4.2","0.0","0.0","0.0","11.3","15.0","2.8"
"20210424","서울","종로구","18.3","22.2","15.3","9.9","13.9","19.1","9.2","0.0","0.0","2.8","1.6","12.0","7.2","13.65","26.61","0.0","43.0","55.6","55.0","6.8","1.8","4.3","0.0","0.0","0.0","8.2","16.0","2.8"
"20210423","서울","종로구","19.0","21.7","17.0","7.9","13.9","19.2","9.4","0.0","0.0","3.0","0.3","11.8","7.0","8.36","25.72","0.0","41.4","47.8","55.6","9.6","1.6","4.5","0.0","0.0","0.0","11.3","12.9","2.8"
"20210422","서울","종로구","20.9","27.5","16.1","6.0","13.9","19.1","9.5","0.0","0.0","3.1","2.6","5.3","6.7","15.7","15.89","0.0","37.9","46.8","56.3","8.9","4.1","4.6","0.0","0.0","0.0","10.0","12.5","2.8"
"20210421","서울","종로구","19.1","28.2","10.3","7.4","13.9","19.1","9.4","0.0","0.0","3.4","11.1","10.1","6.3","25.12","23.63","0.0","43.1","49.0","56.6","3.9","3.6","4.9","0.0","0.0","0.0","7.0","17.0","2.8"
"20210420","서울","종로구","14.8","22.0","8.1","10.0","13.9","19.2","9.3","0.0","0.1","3.3","11.0","1.3","6.2","24.8","7.34","0.0","55.1","73.0","56.4","2.9","7.4","4.9","0.0","0.0","0.0","7.3","14.2","2.7"
"20210419","서울","종로구","12.2","19.4","5.8","12.3","13.8","19.2","9.0","0.0","10.3","3.0","12.1","0.3","6.4","26.18","5.25","0.0","65.3","75.8","55.4","0.0","9.5","4.8","0.0","0.0","0.0","8.8","8.6","2.7"
"20210418","서울","종로구","9.9","15.3","5.6","13.5","13.5","19.0","8.7","0.0","0.0","2.6","11.9","10.4","6.6","26.94","23.09","0.0","64.3","67.9","55.0","0.9","2.6","4.5","0.0","0.0","0.0","10.9","8.0","2.6"
"20210417","서울","종로구","9.6","14.6","6.0","12.5","13.2","18.8","8.3","0.0","6.5","2.1","3.5","0.3","6.8","13.62","4.23","0.0","56.6","77.8","54.6","3.8","9.1","4.3","0.0","0.0","0.0","12.5","9.4","2.6"
"20210416","서울","종로구","11.3","14.8","8.1","16.0","12.8","18.3","8.0","0.7","0.0","1.8","3.7","10.6","7.1","8.59","22.96","0.0","60.0","39.9","54.1","6.9","2.9","4.1","0.0","0.0","0.0","10.9","8.0","2.6"
"20210415","서울","종로구","11.6","18.3","6.3","13.2","12.4","17.9","7.7","0.0","0.0","1.4","11.1","10.0","7.2","24.78","21.49","0.0","62.3","39.8","54.1","4.9","5.4","4.2","0.0","0.0","0.0","8.5","9.2","2.7"
"20210414","서울","종로구","8.4","13.3","3.1","13.0","12.1","17.5","7.6","0.0","0.0","1.7","12.4","12.1","6.9","27.31","25.93","0.0","58.5","46.8","54.2","0.3","1.3","4.4","0.0","0.0","0.0","11.2","10.0","2.8"
"20210413","서울","종로구","10.4","13.5","5.7","12.4","11.9","17.3","7.4","8.0","0.0","1.6","2.9","12.2","7.0","14.95","26.02","0.0","74.0","39.4","54.1","6.6","1.9","4.4","0.0","0.0","0.0","10.2","9.8","2.8"
"20210412","서울","종로구","13.8","17.8","11.9","9.9","11.8","17.0","7.4","22.0","0.0","2.2","0.0","8.3","6.8","5.39","19.25","0.0","70.4","58.6","54.5","9.8","3.1","4.7","0.0","0.0","0.0","9.7","13.4","2.9"
"20210411","서울","종로구","15.0","21.8","7.5","9.9","11.7","17.0","7.3","0.0","0.0","2.6","10.6","8.8","6.6","22.57","19.4","0.0","45.4","63.8","54.5","3.5","4.8","4.9","0.0","0.0","0.0","6.4","8.6","2.9"
"20210410","서울","종로구","12.6","18.8","7.7","10.7","11.6","17.0","7.1","0.0","0.0","2.4","11.5","9.2","6.7","23.77","21.07","0.0","50.0","52.6","54.0","0.5","4.8","4.7","0.0","0.0","0.0","8.0","7.5","2.8"
"20210409","서울","종로구","13.6","19.6","7.6","8.9","11.4","16.9","6.9","0.0","0.0","1.8","11.9","11.8","7.0","25.3","24.79","0.0","39.3","44.6","54.5","0.6","1.3","4.6","0.0","0.0","0.0","10.0","10.2","2.8"
"20210408","서울","종로구","13.0","18.0","7.2","9.4","11.1","16.5","6.7","0.0","0.0","2.2","12.1","12.3","6.4","25.85","24.86","0.0","34.0","25.5","55.0","0.0","0.0","4.9","0.0","0.0","0.0","10.6","11.2","2.7"
"20210407","서울","종로구","14.1","20.4","8.1","10.6","10.9","16.3","6.5","0.0","0.0","2.0","11.9","9.0","6.7","24.49","19.3","0.0","47.5","56.6","54.4","0.0","2.1","4.6","0.0","0.0","0.0","11.1","8.4","2.7"
"20210406","서울","종로구","13.9","19.2","9.4","9.3","10.7","16.1","6.2","0.0","0.0","1.5","10.6","11.4","7.0","23.34","22.51","0.0","50.9","38.3","53.7","2.4","3.5","4.3","0.0","0.0","0.0","9.5","10.2","2.7"
"20210405","서울","종로구","11.9","19.3","5.4","7.2","10.4","15.7","5.9","0.0","0.0","1.8","12.0","12.1","6.9","25.81","24.58","0.0","47.9","29.5","53.8","2.3","0.0","4.2","0.0","0.0","0.0","9.0","9.7","2.6"
"20210404","서울","종로구","11.9","15.8","9.0","8.9","10.2","15.4","5.6","0.6","0.0","2.2","1.5","10.4","6.9","12.91","23.33","0.0","65.8","36.4","53.4","6.3","0.8","4.1","0.0","0.0","0.0","9.7","12.8","2.7"
"20210403","서울","종로구","14.9","18.0","10.9","10.0","10.0","15.3","5.4","56.2","0.0","2.1","0.0","10.7","7.3","1.98","22.56","0.0","80.8","53.8","52.3","9.9","1.3","3.8","0.0","0.0","0.0","10.3","9.4","2.7"
"20210402","서울","종로구","17.8","23.0","12.5","9.3","9.6","14.8","5.1","0.0","0.0","1.9","3.4","10.6","7.1","15.37","21.25","0.0","35.6","41.4","52.3","8.1","2.6","3.9","0.0","0.0","0.0","10.9","9.8","2.7"
"20210401","서울","종로구","17.7","24.0","12.0","11.3","9.3","14.4","4.9","0.0","0.0","2.0","10.0","8.6","6.8","20.91","19.12","0.0","33.0","35.6","53.4","5.3","3.5","4.2","0.0","0.0","0.0","12.4","11.9","2.7"
"20210331","서울","종로구","14.5","22.9","5.9","11.9","9.0","14.1","4.7","0.0","0.0","2.0","11.4","10.0","6.6","23.29","20.68","0.0","41.0","34.5","53.7","3.8","5.5","4.4","0.0","0.0","0.0","6.0","7.4","2.7"
"20210330","서울","종로구","10.8","18.2","4.1","10.2","8.8","13.9","4.5","0.0","0.0","1.5","11.1","11.7","6.7","24.53","22.73","0.0","47.3","38.4","53.0","0.6","0.9","4.5","0.0","0.0","0.0","8.1","6.8","2.6"
"20210329","서울","종로구","10.2","14.6","7.3","8.7","8.6","13.7","4.3","0.2","0.0","1.1","7.1","11.6","6.7","18.24","23.12","0.0","62.3","30.6","53.8","5.5","1.5","4.4","0.0","0.0","0.0","11.2","7.4","2.7"
"20210328","서울","종로구","9.0","13.0","7.7","7.7","8.4","13.5","4.0","9.2","0.0","0.9","0.0","9.1","6.9","2.35","19.87","0.0","95.8","17.9","54.0","10.0","5.1","4.3","0.0","0.0","0.0","10.9","10.1","2.7"
"20210327","서울","종로구","12.1","15.0","10.2","11.9","8.0","13.1","3.7","25.5","2.0","0.7","0.0","7.4","6.8","3.72","17.04","0.0","70.9","56.4","54.2","9.6","5.1","4.3","0.0","0.0","0.0","8.0","10.3","2.7"
"20210326","서울","종로구","12.6","20.6","4.8","14.8","7.6","12.6","3.4","0.0","1.8","0.7","7.3","4.3","6.9","16.98","11.97","0.0","58.4","53.8","54.2","5.5","6.9","4.2","0.0","0.0","0.0","4.2","7.3","2.8"
"20210325","서울","종로구","11.9","19.0","6.8","12.5","7.3","12.3","3.1","0.0","0.0","0.9","9.7","9.2","6.8","20.86","19.29","0.0","68.5","33.6","54.3","2.4","4.0","4.2","0.0","0.0","0.0","7.7","8.3","2.8"
"20210324","서울","종로구","10.8","16.9","5.7","11.4","7.1","12.0","2.9","0.0","0.0","1.1","7.9","11.5","6.8","19.53","21.06","0.0","61.5","35.0","53.9","4.3","0.0","4.2","0.0","0.0","0.0","9.3","7.0","2.8"
"20210323","서울","종로구","9.1","16.4","2.5","10.6","7.0","11.9","2.9","0.0","0.0","1.2","10.3","11.5","6.6","20.89","20.72","0.0","63.5","37.9","53.4","0.3","0.0","4.5","0.0","0.0","0.0","12.1","9.6","2.8"
"20210322","서울","종로구","6.2","11.1","1.1","11.0","7.2","12.2","2.9","0.0","0.0","1.4","11.1","11.6","6.6","22.58","22.54","0.0","55.3","37.5","52.5","0.4","0.1","4.5","0.0","0.0","0.0","12.4","10.2","2.7"
"20210321","서울","종로구","5.8","8.6","3.1","12.8","7.4","12.5","3.0","0.3","0.0","1.4","2.9","6.1","6.6","10.42","14.83","0.0","65.9","56.5","52.3","6.8","6.9","4.3","0.0","0.0","0.0","14.8","8.6","2.7"
"20210320","서울","종로구","9.9","14.7","7.4","8.8","7.5","12.7","3.1","5.1","0.0","1.3","0.0","11.0","6.6","2.0","20.58","0.0","74.6","39.6","52.4","9.8","0.4","4.3","0.0","0.0","0.0","9.2","13.0","2.7"
"20210319","서울","종로구","15.3","20.2","11.4","9.1","7.4","12.6","2.9","0.0","0.0","1.3","8.8","7.7","6.5","19.09","15.51","0.0","47.9","49.0","53.0","6.8","3.4","4.4","0.0","0.0","0.0","7.5","16.3","2.7"
"20210318","서울","종로구","11.7","18.4","5.0","10.0","7.2","12.4","2.8","0.0","0.0","1.4","8.1","11.1","6.4","16.63","20.66","0.0","50.1","45.8","54.0","5.0","0.0","4.4","0.0","0.0","0.0","6.5","8.1","2.7"
"20210317","서울","종로구","8.8","17.5","1.8","6.6","7.0","12.1","2.6","0.0","0.0","1.5","10.7","4.2","6.4","20.79","6.89","0.0","44.9","65.8","54.5","0.3","4.8","4.4","0.0","0.0","0.0","6.8","9.0","2.7"
"20210316","서울","종로구","8.4","13.1","4.9","3.6","6.6","11.7","2.3","1.3","0.0","1.3","10.6","11.3","6.3","21.13","21.18","0.0","52.5","42.4","54.6","1.9","1.0","4.5","0.0","0.0","0.0","9.9","9.8","2.7"
"20210315","서울","종로구","10.6","15.7","5.1","4.0","6.2","11.3","1.8","1.7","0.0","1.2","2.7","8.5","6.3","12.75","17.29","0.0","68.8","48.3","54.6","8.9","3.1","4.4","0.0","0.0","0.0","9.8","14.4","2.6"
"20210314","서울","종로구","9.1","14.7","4.9","3.6","5.9","10.8","1.5","0.0","0.0","1.1","8.2","10.0","6.3","17.99","18.6","0.0","71.4","48.1","53.9","3.5","2.1","4.3","0.0","0.0","0.0","6.8","11.9","2.7"
"20210313","서울","종로구","9.2","14.2","4.6","4.9","5.4","10.3","1.0","0.0","0.5","0.7","6.0","9.7","6.5","14.87","17.82","0.0","62.8","41.0","53.0","5.0","6.6","4.1","0.0","0.0","0.0","7.6","9.1","2.7"
"20210312","서울","종로구","10.5","14.9","7.2","6.8","5.0","9.7","0.7","0.0","0.0","0.7","0.1","8.1","6.3","7.41","14.32","0.0","57.0","49.8","53.6","7.0","4.0","4.1","0.0","0.0","0.0","8.4","10.2","2.8"
"20210311","서울","종로구","10.2","17.1","4.7","3.8","4.8","9.6","0.5","0.0","0.0","0.8","7.9","11.2","6.4","16.6","20.72","0.0","50.8","41.8","53.5","6.4","0.0","4.2","0.0","0.0","0.0","7.3","9.6","2.8"
"20210310","서울","종로구","8.8","17.1","1.7","6.4","4.5","9.3","0.2","0.0","11.8","0.9","10.2","0.0","6.3","19.1","2.72","0.0","61.8","78.4","54.1","0.4","7.5","4.2","0.0","0.0","0.0","5.8","8.7","2.8"
"20210309","서울","종로구","6.6","12.2","2.1","11.1","4.3","8.9","0.2","0.0","0.0","1.0","9.4","7.1","6.2","15.57","14.19","0.0","58.5","37.6","54.8","4.3","6.5","4.3","0.0","0.0","0.0","8.2","7.3","2.8"
"20210308","서울","종로구","7.0","13.9","1.5","9.3","4.2","8.8","0.2","0.0","0.0","1.2","10.8","10.7","6.0","19.12","18.27","0.0","60.3","43.8","56.0","0.0","0.3","4.5","0.0","0.0","0.0","7.7","7.0","2.8"
"20210307","서울","종로구","6.2","12.2","2.1","7.0","4.3","8.9","0.2","0.0","0.0","1.4","9.6","5.9","5.9","18.17","13.0","0.0","62.9","39.5","56.9","3.5","5.4","4.6","0.0","0.0","0.0","7.8","6.3","2.7"
"20210306","서울","종로구","6.6","11.6","3.2","3.7","4.2","8.7","0.3","0.0","0.0","1.7","3.6","10.6","5.7","12.71","16.82","0.0","69.5","46.8","58.0","4.9","2.5","4.5","0.0","0.0","0.0","10.5","6.0","2.7"
"20210305","서울","종로구","9.0","16.2","3.0","1.4","4.1","8.7","0.2","0.0","0.0","1.6","10.5","10.9","5.8","18.95","19.25","0.0","70.3","47.5","57.9","1.3","0.0","4.5","0.0","0.0","0.0","8.1","7.6","2.7"
"20210304","서울","종로구","7.2","13.0","2.5","2.2","4.0","8.5","0.0","0.0","0.0","1.6","1.9","6.6","5.9","9.85","10.41","0.0","62.4","53.4","57.8","6.3","5.1","4.4","0.0","0.0","0.0","4.9","11.7","2.6"
"20210303","서울","종로구","4.4","9.9","-1.2","4.8","3.8","8.4","-0.1","0.0","0.0","1.5","10.4","4.1","6.0","16.52","10.62","0.0","64.4","57.0","57.3","4.5","6.5","4.4","0.0","0.0","0.0","5.3","8.0","2.7"
"20210302","서울","종로구","2.3","6.9","0.2","3.4","3.7","8.3","-0.3","0.1","0.0","1.5","4.7","10.0","5.9","12.9","17.08","0.0","75.9","55.3","56.7","5.5","1.6","4.4","0.0","0.0","0.0","6.4","9.3","2.6"
"20210301","서울","종로구","4.7","9.0","0.5","5.8","3.6","8.2","-0.4","67.5","0.2","1.3","0.0","0.2","6.0","1.4","5.4","0.0","91.0","71.8","55.9","10.0","8.1","4.4","2.3","0.0","0.0","13.0","8.3","2.6"
"20210228","서울","종로구","7.8","10.8","3.2","4.5","3.5","8.1","-0.5","0.0","3.9","1.2","2.6","0.0","6.0","7.13","2.41","0.0","49.0","79.4","55.7","6.1","9.8","4.4","0.0","0.0","0.0","6.8","8.1","2.6"
"20210227","서울","종로구","9.5","16.2","4.3","6.1","3.5","8.2","-0.4","0.0","0.0","1.5","10.3","10.4","5.8","17.96","16.77","0.0","48.6","54.0","55.6","3.5","2.6","4.5","0.0","0.0","0.0","9.5","7.0","2.6"
"20210226","서울","종로구","8.2","15.8","0.5","6.4","3.4","8.1","-0.7","0.0","0.0","1.3","9.1","4.8","5.9","18.2","10.45","0.0","35.0","59.6","54.7","4.5","5.3","4.4","0.0","0.0","0.0","7.2","6.6","2.4"
"20210225","서울","종로구","4.2","8.2","0.7","6.7","3.0","7.7","-1.1","0.0","16.6","1.0","0.0","0.6","6.4","5.22","4.11","0.0","35.1","73.5","53.6","8.1","7.5","3.9","0.0","0.0","0.0","4.2","12.4","2.5"
"20210224","서울","종로구","2.9","10.1","-3.0","7.0","2.7","7.4","-1.4","0.0","0.0","1.0","8.4","7.7","6.2","16.1","13.21","0.0","33.0","51.8","54.3","6.5","7.0","4.1","0.0","0.0","0.0","4.7","6.2","2.5"
"20210223","서울","종로구","0.0","4.3","-3.1","2.5","2.3","6.9","-1.7","0.0","0.0","1.6","10.0","10.2","6.2","17.53","17.37","0.0","34.0","48.6","54.1","3.3","0.9","4.0","0.0","0.0","0.0","8.5","8.1","2.6"
"20210222","서울","종로구","7.8","12.6","0.4","4.0","2.0","6.7","-2.1","0.0","3.1","1.2","6.3","5.9","6.6","13.04","9.06","0.0","58.3","62.0","53.8","2.6","5.9","3.6","0.0","0.0","0.0","11.6","14.4","2.6"
"20210221","서울","종로구","10.8","17.4","4.7","6.7","1.8","6.4","-2.3","0.0","4.2","1.2","9.7","1.1","6.6","15.34","6.5","0.0","66.6","66.3","54.3","0.8","9.3","3.5","0.0","0.0","0.0","10.4","9.7","2.7"
"20210220","서울","종로구","8.8","14.9","5.5","4.6","1.6","6.2","-2.5","0.0","0.0","1.1","7.8","9.4","6.4","15.25","13.71","0.0","60.4","62.6","53.7","2.4","2.5","3.6","0.0","0.0","0.0","6.5","6.0","2.6"
"20210219","서울","종로구","1.6","8.9","-7.1","1.0","1.1","5.7","-2.8","0.0","0.0","0.8","8.9","7.4","6.6","14.8","12.13","0.0","66.9","56.8","52.6","3.3","6.0","3.3","0.0","0.0","0.0","11.7","5.4","2.6"
"20210218","서울","종로구","-5.8","-0.4","-10.6","-4.1","0.8","5.4","-3.2","0.0","0.0","0.7","9.9","10.1","6.6","17.05","16.78","0.0","44.9","44.0","52.6","0.0","0.0","3.3","0.0","0.0","0.0","9.9","6.6","2.6"
"20210217","서울","종로구","-8.3","-5.2","-10.4","-5.9","0.7","5.1","-3.2","0.0","1.0","1.0","9.8","3.2","6.2","17.28","7.08","0.0","44.1","64.3","52.5","1.6","6.5","3.6","0.0","3.8","0.0","15.8","9.4","2.6"
"20210216","서울","종로구","-5.1","-1.3","-7.0","-1.4","0.7","5.1","-3.1","1.5","13.4","1.0","2.8","1.6","5.9","7.31","4.14","0.0","57.9","81.1","53.0","4.0","8.9","3.9","1.1","3.9","0.0","12.9","11.5","2.6"
"20210215","서울","종로구","1.2","8.2","-5.2","9.8","0.8","5.2","-3.1","1.4","2.0","1.5","4.3","5.0","5.8","9.69","8.77","0.0","65.1","63.0","53.9","5.8","5.8","3.9","0.0","0.0","0.0","14.1","9.0","2.6"
"20210214","서울","종로구","9.5","13.8","6.4","8.1","0.7","5.1","-3.0","0.0","0.0","1.6","1.7","8.7","5.7","7.21","13.13","0.0","47.6","70.3","54.1","8.1","2.1","3.9","0.0","0.0","0.0","5.4","4.9","2.6"
"20210213","서울","종로구","7.6","15.9","1.0","6.5","0.7","5.0","-3.1","0.0","0.0","1.2","9.3","1.3","5.7","14.36","6.43","0.0","50.6","84.8","53.8","1.1","9.1","4.0","0.0","0.0","0.0","6.1","5.3","2.6"
"20210212","서울","종로구","6.5","14.0","0.6","7.4","0.4","4.7","-3.4","0.0","6.7","0.9","9.2","0.0","5.7","14.72","2.86","0.0","60.6","73.4","53.9","4.0","9.9","3.9","0.0","0.0","0.0","5.9","7.9","2.5"
"20210211","서울","종로구","5.5","10.9","1.3","6.8","-0.1","4.1","-3.9","0.0","0.0","1.1","5.2","7.6","5.8","11.22","10.91","0.0","71.5","37.0","54.5","5.3","2.3","3.9","0.0","0.0","0.0","4.9","5.7","2.5"
"20210210","서울","종로구","3.4","7.2","-1.5","4.0","-0.6","3.5","-4.3","0.0","0.0","0.7","0.7","9.7","5.8","6.15","14.22","0.0","75.1","49.4","54.5","6.3","1.1","3.9","0.0","0.0","0.0","7.7","7.8","2.6"
"20210209","서울","종로구","-0.9","4.7","-6.1","-0.5","-0.8","3.6","-4.6","0.0","0.0","0.5","9.7","9.6","5.7","15.46","14.33","0.0","51.9","51.1","55.0","0.1","2.8","4.0","0.0","0.0","0.0","8.1","8.0","2.6"
"20210208","서울","종로구","-3.1","0.2","-5.4","-0.1","-0.8","3.5","-4.5","0.0","0.0","0.5","9.6","9.6","5.5","15.91","13.89","0.0","43.6","48.1","56.0","0.0","2.5","4.1","0.0","0.0","0.0","11.5","8.9","2.5"
"20210207","서울","종로구","3.6","7.7","-2.6","-1.7","-0.9","3.4","-4.7","0.0","0.0","0.5","6.0","6.1","5.6","11.38","10.14","0.0","67.0","45.1","55.9","4.4","8.9","4.0","0.0","0.0","0.0","9.4","6.9","2.5"
"20210206","서울","종로구","6.8","9.5","4.3","-6.4","-0.9","3.4","-4.6","0.0","0.0","0.3","0.1","9.7","5.8","4.77","13.97","0.0","80.4","36.4","55.4","9.0","0.9","3.8","0.0","0.0","0.0","8.0","7.0","2.4"
"20210205","서울","종로구","1.4","6.7","-4.4","-8.3","-1.0","3.4","-4.8","0.0","0.0","0.4","2.7","9.7","5.8","7.95","14.82","0.0","71.8","37.3","55.9","6.0","0.0","3.7","0.0","0.0","0.0","9.3","10.2","2.4"
"20210204","서울","종로구","-3.6","0.7","-7.4","-1.6","-1.3","3.0","-5.0","0.1","1.7","0.3","9.6","6.4","6.2","15.33","10.01","0.0","50.1","50.3","55.5","0.1","3.9","3.3","0.2","0.8","0.0","10.4","10.8","2.3"
"20210203","서울","종로구","-3.2","1.4","-9.4","-0.4","-1.7","2.7","-5.4","3.4","0.0","0.7","6.6","9.6","6.4","11.7","13.56","0.0","64.6","43.6","55.0","5.0","1.5","2.9","4.2","0.0","0.0","8.5","9.0","2.4"
"20210202","서울","종로구","-5.6","-2.4","-8.2","1.5","-1.8","2.6","-5.4","0.0","0.0","0.7","9.6","4.8","6.2","14.69","8.39","0.0","44.1","52.3","55.2","1.8","6.1","3.0","0.0","0.0","0.0","11.2","7.3","2.4"
"20210201","서울","종로구","5.0","9.5","-2.3","2.6","-1.8","2.5","-5.5","0.7","0.0","0.7","1.1","5.3","6.2","5.8","7.17","0.0","74.5","66.6","54.9","7.6","3.4","3.0","0.0","0.0","0.0","11.4","7.7","2.4"
"20210131","서울","종로구","3.2","8.7","-3.8","3.9","-1.7","2.5","-5.4","0.0","0.0","0.6","6.7","6.1","6.0","10.92","9.41","0.0","57.0","59.6","53.9","4.8","4.8","3.1","0.0","0.0","0.0","7.0","8.1","2.5"
"20210130","서울","종로구","-1.6","5.2","-8.1","5.2","-1.6","2.6","-5.3","0.5","0.0","0.6","6.4","5.5","5.9","10.46","9.24","0.0","60.0","47.0","53.0","3.9","4.0","3.2","0.8","0.0","0.0","8.1","5.7","2.5"
"20210129","서울","종로구","-8.8","-4.9","-11.6","6.0","-1.6","2.6","-5.3","0.0","0.0","0.3","9.6","3.1","5.7","14.42","7.3","0.0","40.0","46.4","53.4","0.3","6.6","3.4","0.0","0.0","0.0","13.7","5.8","2.5"
"20210128","서울","종로구","-2.6","1.4","-9.7","6.8","-1.7","2.5","-5.5","2.0","0.0","0.3","2.3","0.0","6.0","6.14","3.98","0.0","52.3","49.4","53.6","5.1","7.3","3.2","3.6","0.0","0.0","17.5","8.8","2.5"
"20210127","서울","종로구","1.7","6.5","-1.8","5.9","-1.9","2.2","-5.7","0.0","0.1","0.3","8.4","0.0","5.8","12.4","2.76","0.0","47.6","48.1","53.8","6.4","9.5","3.2","0.0","0.0","0.0","9.0","13.7","2.5"
"20210126","서울","종로구","5.3","7.4","1.7","5.5","-2.3","1.9","-6.0","1.7","0.0","0.3","0.0","7.3","6.1","1.95","11.21","0.0","80.4","56.3","54.2","8.4","5.8","2.9","0.0","0.0","0.0","6.8","11.1","2.5"
"20210125","서울","종로구","7.9","13.9","3.0","4.3","-2.5","1.6","-6.1","0.0","0.0","0.3","7.6","3.6","6.2","10.74","7.86","0.0","62.0","63.1","55.2","6.3","7.4","2.9","0.0","0.0","0.0","5.5","6.8","2.5"
"20210124","서울","종로구","7.3","13.9","2.4","2.8","-2.5","1.5","-6.1","0.0","0.0","0.3","8.2","8.8","5.9","12.4","10.53","0.0","63.9","63.0","55.9","3.4","3.0","3.2","0.0","0.0","0.0","7.2","6.4","2.4"
"20210123","서울","종로구","7.6","12.2","4.8","4.6","-2.5","1.4","-6.1","0.0","0.0","0.5","5.3","8.8","5.7","9.72","10.73","0.0","66.0","49.3","56.1","6.5","3.4","3.4","0.0","0.0","0.0","9.9","6.9","2.4"
"20210122","서울","종로구","5.5","6.6","4.8","3.0","-2.3","1.7","-5.8","0.1","0.0","0.7","0.0","3.7","5.6","2.34","6.8","0.0","92.9","36.0","56.3","9.5","7.8","3.7","0.0","0.0","0.0","4.9","6.3","2.4"
"20210121","서울","종로구","4.5","7.0","2.5","-0.4","-2.0","2.0","-5.5","9.2","0.0","0.6","0.0","9.2","5.5","2.77","11.55","0.0","64.4","36.9","56.1","9.6","2.9","4.0","0.0","0.0","0.0","5.3","5.6","2.4"
"20210120","서울","종로구","-0.1","7.1","-6.6","0.7","-1.8","2.2","-5.3","0.0","0.0","0.6","8.9","8.7","5.3","11.92","10.24","0.0","37.8","46.8","56.6","1.9","2.3","4.1","0.0","0.0","0.0","6.6","10.4","2.4"
"20210119","서울","종로구","-6.3","-0.2","-11.6","1.9","-1.6","2.3","-5.2","0.0","0.6","0.6","9.2","4.8","5.3","12.48","6.08","0.0","37.9","62.8","56.9","0.0","4.8","4.0","0.0","0.3","0.0","7.9","10.9","2.3"
"20210118","서울","종로구","-3.8","0.2","-9.1","0.3","-1.5","2.5","-5.0","0.3","0.0","0.5","2.5","9.1","5.3","4.54","11.38","0.0","64.3","48.1","57.5","4.3","2.1","4.1","0.9","0.0","0.0","14.6","6.8","2.3"
"20210117","서울","종로구","-5.5","-1.3","-10.8","-0.6","-1.6","2.4","-5.2","0.0","0.0","0.5","7.0","7.6","5.4","10.83","9.85","0.0","58.5","43.9","57.3","2.3","4.8","3.9","0.1","0.0","0.0","6.7","6.7","2.3"
"20210116","서울","종로구","-4.9","-0.7","-8.7","-1.7","-1.8","2.2","-5.3","0.0","0.0","0.5","8.9","8.3","5.2","11.86","10.75","0.0","59.3","43.0","57.2","0.8","5.0","3.9","0.0","0.0","0.0","9.2","6.9","2.2"
"20210115","서울","종로구","4.5","9.9","-0.7","-2.7","-1.9","2.1","-5.3","0.2","0.0","0.6","0.0","9.2","5.2","2.11","11.6","0.0","67.4","44.8","57.3","8.5","0.1","3.9","0.0","0.0","0.0","10.6","8.0","2.2"
"20210114","서울","종로구","1.7","7.0","-3.6","-2.3","-2.1","1.9","-5.6","0.0","0.0","0.6","8.0","8.5","5.3","10.21","10.06","0.0","46.5","45.3","56.4","0.0","1.0","3.7","0.0","0.0","0.0","6.5","5.5","2.2"
"20210113","서울","종로구","2.0","8.3","-3.0","-2.9","-2.2","1.7","-5.7","0.0","0.0","0.6","6.1","8.1","5.5","8.27","11.15","0.0","80.3","51.0","55.6","3.0","1.4","3.5","0.0","0.0","0.0","9.0","8.3","2.2"
"20210112","서울","종로구","-3.9","-0.5","-9.3","-1.0","-2.3","1.6","-5.7","2.6","0.0","0.4","3.6","8.6","5.6","6.13","10.33","0.0","79.5","61.5","55.7","6.1","3.6","3.4","5.0","0.0","0.0","4.9","6.8","2.2"
"20210111","서울","종로구","-6.7","-4.0","-9.6","-0.1","-2.3","1.6","-5.7","0.0","0.0","0.4","0.0","8.1","5.7","4.47","10.13","0.0","62.1","60.9","56.3","6.9","3.6","3.3","0.0","0.0","0.0","5.4","7.0","2.3"
"20210110","서울","종로구","-7.7","-2.7","-12.8","-0.6","-2.2","1.7","-5.7","0.0","0.0","0.3","6.2","7.5","5.6","9.84","9.39","0.0","54.4","62.9","56.6","3.0","3.1","3.4","0.0","0.0","0.0","4.2","5.5","2.3"
"20210109","서울","종로구","-12.2","-7.5","-16.6","-1.2","-2.1","1.8","-5.5","0.0","0.0","0.7","9.0","8.7","5.5","11.59","9.14","0.0","46.3","65.3","57.5","0.8","1.6","3.5","0.0","0.0","0.0","11.4","7.2","2.3"
"20210108","서울","종로구","-14.9","-10.7","-18.6","2.4","-2.0","2.0","-5.4","0.0","11.6","0.9","9.2","0.0","5.2","12.38","1.84","0.0","44.0","86.1","58.2","0.0","9.6","3.7","0.0","0.0","0.0","10.9","11.8","2.3"
"20210107","서울","종로구","-14.5","-8.4","-16.5","6.3","-1.9","2.0","-5.4","0.0","46.3","1.0","0.0","0.0","5.1","0.0","0.75","0.0","49.9","95.0","58.2","0.9","10.0","3.9","0.0","0.0","0.0","15.3","9.5","2.3"
"20210106","서울","종로구","-7.4","-1.9","-12.0","3.1","-2.0","2.1","-5.5","2.3","1.8","1.1","9.1","0.0","5.1","11.78","2.03","0.0","54.6","65.4","57.3","3.6","9.8","3.8","3.8","0.0","0.0","15.9","8.8","2.3"
"20210105","서울","종로구","-5.5","-2.1","-9.9","1.3","-1.9","2.2","-5.5","0.0","0.0","1.0","8.6","7.1","5.2","10.46","9.1","0.0","52.8","45.6","57.0","2.6","3.9","3.7","0.0","0.0","0.0","9.9","4.4","2.3"
"20210104","서울","종로구","-3.5","0.3","-8.4","1.2","-1.8","2.2","-5.3","0.0","0.0","0.6","4.6","7.9","5.3","7.44","9.29","0.0","51.4","50.8","56.8","4.8","2.1","3.7","0.0","0.0","0.0","5.6","8.5","2.2"
"20210103","서울","종로구","-5.6","-2.0","-9.1","-0.1","-1.9","2.2","-5.4","0.0","0.0","0.5","5.5","8.8","5.3","8.8","10.1","0.0","45.0","56.9","56.7","2.9","0.0","3.7","0.0","0.0","0.0","8.5","5.8","2.3"
"20210102","서울","종로구","-5.0","-1.4","-8.4","1.0","-1.9","2.1","-5.4","0.0","0.0","0.4","9.0","0.0","5.4","11.34","3.47","0.0","38.5","65.4","57.1","0.0","7.9","3.5","0.0","0.0","0.0","9.9","6.7","2.3"
"20210101","서울","종로구","-4.2","1.6","-9.8","-2.2","-1.8","2.2","-5.3","0.0","0.1","0.5","6.5","0.8","5.2","9.54","4.53","0.0","64.0","64.4","58.3","3.9","8.9","3.7","0.0","0.0","0.0","7.7","4.8","2.3"
