"조회일자","지역(시)","지역(군)","평균 기온(°C)","최고 기온(°C)","최저 기온(°C)","전년 기온(°C)","평년 기온(°C)","평년 최고 기온(°C)","평년 최저 기온(°C)","평균 강수량(mm)","전년 강수량(mm)","평년 강수량(mm)","평균 일조시간(hr)","전년 일조시간(hr)","평년 일조시간(hr)","평균 일사량(MJ/㎡)","전년 일사량(MJ/㎡)","평년 일사량(MJ/㎡)","평균 습도(%)","전년 습도(%)","평년 습도(%)","평균 운량(1/10)","전년 운량(1/10)","평년 운량(1/10)","평균 적설량(cm)","전년 적설량(cm)","평년 적설량(cm)","평균 순간최대풍속(m/s)","전년 순간최대풍속(m/s)","평년 순간최대풍속(m/s)"
"20241231","울산","울주군","4.8","8.4","-0.4","6.0","2.7","8.3","-1.8","0.0","0.1","0.2","8.7","2.4","6.9","12.45","5.49","0.0","27.3","71.8","46.3","0.9","4.0","2.5","0.0","0.0","0.0","9.6","13.6","2.3"
"20241230","울산","울주군","6.4","11.4","-0.5","6.4","2.6","8.1","-1.8","0.0","1.1","0.4","7.5","5.8","6.8","10.3","9.26","0.0","52.9","56.8","46.5","6.8","5.1","2.6","0.0","0.0","0.0","11.5","5.5","2.3"
"20241229","울산","울주군","2.7","8.5","-2.2","5.0","2.6","8.1","-1.8","0.0","0.0","0.6","8.7","8.6","6.8","11.39","10.77","0.0","51.9","53.1","46.1","1.4","1.1","2.6","0.0","0.0","0.0","13.6","6.3","2.2"
"20241228","울산","울주군","0.3","3.0","-2.3","5.1","2.8","8.2","-1.6","0.0","0.0","0.9","8.7","8.7","6.7","11.5","10.65","0.0","43.1","59.3","46.5","0.6","0.3","2.7","0.0","0.0","0.0","14.2","7.5","2.1"
"20241227","울산","울주군","0.5","4.5","-2.3","5.5","3.0","8.4","-1.3","0.0","0.0","1.2","8.7","8.1","6.6","11.49","10.6","0.0","40.4","63.1","47.3","0.6","3.1","2.6","0.0","0.0","0.0","11.5","6.4","2.2"
"20241226","울산","울주군","4.4","9.6","0.9","4.2","3.2","8.6","-1.0","0.0","0.0","1.3","7.2","8.7","6.5","9.13","11.32","0.0","42.6","50.3","49.1","2.3","3.1","2.9","0.0","0.0","0.0","10.5","5.8","2.1"
"20241225","울산","울주군","4.0","10.1","-1.0","1.3","3.6","9.0","-0.7","0.0","0.0","1.1","7.3","8.7","6.5","9.76","11.06","0.0","44.5","51.6","50.1","4.9","0.1","2.8","0.0","0.0","0.0","5.8","9.7","2.1"
"20241224","울산","울주군","3.4","8.1","0.1","0.5","4.0","9.2","-0.3","0.0","0.0","1.1","8.7","5.7","6.3","11.61","8.22","0.0","34.6","51.4","51.9","0.9","4.4","2.9","0.0","0.0","0.0","8.3","7.4","2.2"
"20241223","울산","울주군","3.3","8.3","-2.7","-2.2","4.2","9.5","-0.1","0.0","0.0","1.3","8.6","8.1","6.0","12.18","10.7","0.0","43.1","36.5","53.4","4.3","3.3","3.0","0.0","0.0","0.0","14.2","10.6","2.1"
"20241222","울산","울주군","-0.3","4.4","-4.0","-5.4","4.4","9.7","0.0","0.0","0.0","1.1","8.7","8.7","6.0","12.08","12.07","0.0","35.9","32.8","53.5","0.6","0.0","3.2","0.0","0.0","0.0","11.5","14.3","2.0"
"20241221","울산","울주군","1.7","6.0","-0.8","-5.7","4.4","9.6","-0.1","0.0","0.0","1.0","4.3","8.7","6.2","7.15","11.83","0.0","58.0","37.5","52.2","4.5","0.0","3.1","0.0","0.0","0.0","11.9","12.0","2.0"
"20241220","울산","울주군","4.7","12.3","0.1","-1.1","4.2","9.4","-0.3","0.0","0.0","1.0","4.9","8.1","6.2","8.83","10.81","0.0","44.5","50.5","51.0","6.4","3.8","3.1","0.0","0.0","0.0","9.8","9.2","2.1"
"20241219","울산","울주군","1.9","7.6","-2.7","0.9","4.0","9.2","-0.4","0.0","0.0","0.8","8.6","3.9","6.3","11.56","8.33","0.0","45.0","35.3","50.3","1.6","7.1","3.0","0.0","0.0","0.0","8.2","6.3","2.1"
"20241218","울산","울주군","0.6","4.2","-2.0","-2.4","3.8","9.1","-0.7","0.0","0.0","0.5","8.6","7.0","6.5","11.75","9.68","0.0","43.0","38.1","49.0","1.1","6.0","2.9","0.0","0.0","0.0","9.1","8.7","2.1"
"20241217","울산","울주군","3.5","7.9","-0.2","-4.4","3.6","8.8","-0.8","0.0","0.0","0.3","8.7","8.7","6.5","11.41","11.99","0.0","40.9","37.3","48.3","0.4","0.6","2.7","0.0","0.0","0.0","11.0","12.9","2.1"
"20241216","울산","울주군","3.0","7.9","-1.2","3.0","3.6","8.8","-0.8","0.0","1.0","0.4","8.7","2.3","6.5","11.5","5.61","0.0","41.4","64.6","48.4","0.4","5.6","2.7","0.0","0.0","0.0","10.2","11.8","2.2"
"20241215","울산","울주군","3.9","7.8","-0.6","8.4","3.8","9.0","-0.7","0.0","50.6","0.6","3.7","0.0","6.4","6.8","0.83","0.0","52.6","95.5","49.3","4.0","10.0","2.9","0.0","0.0","0.0","7.9","5.6","2.1"
"20241214","울산","울주군","2.2","6.0","-1.6","9.8","3.9","9.1","-0.6","0.0","24.3","0.6","8.7","0.1","6.3","11.88","2.17","0.0","36.4","87.1","49.1","0.0","9.6","2.9","0.0","0.0","0.0","10.7","3.9","2.0"
"20241213","울산","울주군","3.7","8.4","1.1","8.7","4.2","9.3","-0.1","0.0","0.0","0.7","3.8","4.6","6.3","6.86","8.1","0.0","30.9","74.3","49.6","3.9","4.4","2.9","0.0","0.0","0.0","8.8","7.9","2.1"
"20241212","울산","울주군","4.7","9.2","1.7","8.8","4.6","9.8","0.1","0.0","0.0","1.0","7.7","0.1","6.2","10.94","3.53","0.0","44.3","79.1","50.9","3.6","9.0","3.1","0.0","0.0","0.0","8.7","10.7","2.0"
"20241211","울산","울주군","6.1","11.2","2.3","13.6","4.8","10.1","0.4","0.0","49.6","0.9","8.0","0.0","6.1","9.88","0.62","0.0","56.9","92.8","51.3","5.6","10.0","3.2","0.0","0.0","0.0","8.4","13.9","2.0"
"20241210","울산","울주군","4.9","10.0","0.9","12.0","4.9","10.1","0.5","0.0","0.0","0.8","8.7","6.1","6.2","11.71","8.22","0.0","43.8","74.5","52.0","1.6","4.1","3.1","0.0","0.0","0.0","6.8","6.2","2.0"
"20241209","울산","울주군","3.5","8.7","-1.6","15.5","5.1","10.4","0.7","0.0","0.0","0.8","8.7","5.5","6.1","11.75","8.06","0.0","44.1","62.0","52.9","2.1","3.0","3.3","0.0","0.0","0.0","7.1","10.4","2.0"
"20241208","울산","울주군","2.8","6.7","-0.4","13.2","5.0","10.2","0.6","0.0","0.0","1.2","8.7","8.4","6.0","12.09","10.58","0.0","36.5","58.0","52.9","0.0","0.3","3.3","0.0","0.0","0.0","10.5","14.7","1.9"
"20241207","울산","울주군","4.0","8.5","1.3","8.7","5.0","10.2","0.6","0.0","0.0","0.9","7.5","8.7","6.1","10.68","10.99","0.0","44.3","36.9","52.1","2.8","0.0","3.2","0.0","0.0","0.0","8.4","14.5","2.0"
"20241206","울산","울주군","6.1","9.8","3.1","8.9","5.2","10.3","0.8","0.0","0.0","1.2","6.6","5.3","6.1","9.33","8.76","0.0","47.5","56.6","52.4","3.8","3.9","3.3","0.0","0.0","0.0","7.8","9.2","2.0"
"20241205","울산","울주군","5.8","11.1","2.3","8.0","5.5","10.6","1.1","0.0","0.0","1.4","6.1","5.7","6.0","10.56","9.1","0.0","52.4","42.6","52.2","4.1","4.8","3.3","0.0","0.0","0.0","9.4","6.0","2.1"
"20241204","울산","울주군","5.0","9.3","1.2","7.1","5.8","11.1","1.4","0.0","0.0","1.5","8.7","8.7","6.1","11.88","11.6","0.0","40.6","33.8","53.1","0.8","2.8","3.3","0.0","0.0","0.0","10.9","5.2","2.1"
"20241203","울산","울주군","7.1","11.1","3.3","5.6","6.3","11.7","1.8","0.0","0.0","1.2","5.7","8.6","6.1","9.49","11.83","0.0","39.1","45.4","54.4","6.5","0.0","3.4","0.0","0.0","0.0","10.5","6.4","2.1"
"20241202","울산","울주군","11.8","18.4","4.8","4.5","6.8","12.1","2.4","0.0","0.0","1.5","8.6","8.7","5.9","11.43","12.16","0.0","60.6","49.3","56.3","0.0","1.5","3.5","0.0","0.0","0.0","11.5","8.9","1.9"
"20241201","울산","울주군","9.2","15.9","3.4","1.3","7.2","12.5","2.8","0.0","0.0","1.4","8.2","8.7","5.7","10.44","12.44","0.0","62.4","40.0","57.8","3.1","0.0","3.6","0.0","0.0","0.0","5.0","12.2","1.9"
"20241130","울산","울주군","7.8","12.6","4.1","1.1","7.4","12.8","3.0","0.0","0.0","1.4","8.3","8.8","5.6","12.04","12.81","0.0","46.6","35.4","58.9","1.4","1.9","3.6","0.0","0.0","0.0","14.7","9.7","1.9"
"20241129","울산","울주군","5.5","8.4","3.0","5.0","7.6","12.9","3.2","0.0","0.0","1.4","7.3","0.0","5.6","10.89","5.87","0.0","52.8","53.6","58.5","4.5","6.6","3.7","0.0","0.0","0.0","11.2","7.2","1.9"
"20241128","울산","울주군","6.0","10.2","2.0","6.6","7.8","13.1","3.4","0.0","0.0","1.3","8.5","8.1","5.5","12.23","11.85","0.0","50.5","44.5","58.8","2.5","1.0","3.8","0.0","0.0","0.0","14.0","11.0","1.9"
"20241127","울산","울주군","5.9","8.5","3.3","9.8","8.0","13.5","3.5","0.0","0.0","1.8","4.3","2.6","5.8","8.43","7.27","0.0","47.9","56.9","58.7","3.6","4.6","3.7","0.0","0.0","0.0","10.8","10.8","2.0"
"20241126","울산","울주군","11.2","15.6","5.0","6.3","8.1","13.7","3.5","17.3","0.0","1.8","3.8","6.6","5.8","6.73","9.71","0.0","60.8","34.9","58.6","6.1","4.5","3.7","0.0","0.0","0.0","13.7","6.5","1.9"
"20241125","울산","울주군","9.9","16.5","4.8","2.2","8.2","13.9","3.6","0.1","0.0","1.5","1.4","8.8","5.9","6.22","12.91","0.0","75.1","40.6","58.8","6.3","0.0","3.6","0.0","0.0","0.0","6.5","9.7","1.9"
"20241124","울산","울주군","8.9","14.2","5.0","4.4","8.4","14.1","3.6","0.0","0.0","1.5","4.0","8.9","6.0","8.35","13.21","0.0","75.3","29.8","58.7","5.1","0.4","3.6","0.0","0.0","0.0","5.5","12.8","1.9"
"20241123","울산","울주군","8.3","12.6","4.3","16.9","8.4","14.2","3.4","0.0","0.0","1.6","4.8","8.3","6.2","8.97","10.76","0.0","66.9","51.4","57.5","4.9","3.9","3.4","0.0","0.0","0.0","8.0","12.4","1.9"
"20241122","울산","울주군","9.2","13.5","5.8","12.7","8.4","14.2","3.5","0.0","0.0","1.0","8.7","8.8","6.3","12.82","12.9","0.0","51.6","59.3","56.2","0.0","2.0","3.3","0.0","0.0","0.0","7.8","7.1","1.8"
"20241121","울산","울주군","10.3","15.9","6.5","10.0","8.5","14.2","3.6","0.0","0.0","1.3","8.5","8.9","6.3","12.02","13.19","0.0","60.9","52.4","55.8","0.4","0.0","3.3","0.0","0.0","0.0","9.0","5.2","1.9"
"20241120","울산","울주군","9.1","14.5","4.4","9.3","8.6","14.2","3.8","0.0","0.0","1.8","8.1","9.0","6.4","11.85","12.98","0.0","59.3","54.3","55.3","2.8","0.0","3.3","0.0","0.0","0.0","6.1","7.8","1.9"
"20241119","울산","울주군","8.4","13.0","4.5","9.2","8.9","14.5","4.1","0.6","0.0","1.8","2.6","9.0","6.4","7.77","13.12","0.0","71.3","50.9","55.7","7.1","0.0","3.3","0.0","0.0","0.0","6.7","10.9","1.9"
"20241118","울산","울주군","6.4","10.2","3.0","3.9","9.2","14.8","4.5","0.0","0.0","1.8","8.8","9.0","6.4","13.62","13.52","0.0","47.1","48.1","56.4","1.0","1.3","3.5","0.0","0.0","0.0","11.2","13.0","1.9"
"20241117","울산","울주군","13.1","16.7","7.8","6.3","9.6","15.1","4.9","0.0","0.0","1.5","0.0","7.3","6.3","2.98","12.91","0.0","60.1","51.3","56.8","7.9","1.9","3.5","0.0","0.0","0.0","8.2","12.5","1.9"
"20241116","울산","울주군","17.5","22.9","14.7","8.1","10.0","15.6","5.4","0.0","9.0","1.0","6.2","0.0","6.3","10.26","4.37","0.0","74.9","71.4","57.5","4.4","7.1","3.6","0.0","0.0","0.0","5.2","6.3","1.8"
"20241115","울산","울주군","16.2","20.2","12.9","8.7","10.5","16.1","5.8","0.0","0.0","0.7","1.2","8.9","6.1","6.7","13.26","0.0","72.6","54.5","58.7","8.3","0.0","3.8","0.0","0.0","0.0","6.1","5.1","1.8"
"20241114","울산","울주군","14.5","18.9","9.5","7.8","10.9","16.4","6.2","0.0","0.0","0.8","2.6","9.2","6.2","8.29","14.08","0.0","71.0","46.5","59.3","7.1","1.1","3.6","0.0","0.0","0.0","5.3","7.2","1.8"
"20241113","울산","울주군","14.4","18.3","10.7","5.0","11.3","16.7","6.7","0.0","0.0","1.3","1.6","9.2","6.1","6.47","14.66","0.0","66.9","36.5","61.0","5.4","0.0","3.7","0.0","0.0","0.0","7.6","8.8","1.9"
"20241112","울산","울주군","15.3","21.1","10.7","4.8","11.6","17.0","7.1","0.0","0.0","1.9","8.8","7.1","5.8","12.8","13.36","0.0","62.3","41.9","62.5","0.3","2.8","4.0","0.0","0.0","0.0","5.8","13.0","1.9"
"20241111","울산","울주군","15.3","20.7","11.6","7.2","11.8","17.1","7.3","0.0","0.0","1.9","5.1","7.0","5.8","10.14","11.68","0.0","75.8","47.3","62.5","1.8","3.3","4.0","0.0","0.0","0.0","8.0","8.2","2.0"
"20241110","울산","울주군","14.7","18.3","11.9","11.5","12.1","17.3","7.8","0.0","3.0","2.2","0.0","5.5","5.7","5.48","10.51","0.0","80.6","55.3","62.7","8.1","5.4","4.2","0.0","0.0","0.0","3.7","9.9","2.1"
"20241109","울산","울주군","14.2","19.5","9.7","16.0","12.5","17.7","8.1","0.0","0.0","2.2","6.3","7.7","5.5","11.82","12.87","0.0","76.9","68.9","63.9","5.3","5.1","4.5","0.0","0.0","0.0","6.4","6.3","2.0"
"20241108","울산","울주군","13.2","19.0","9.0","11.7","12.8","18.1","8.4","0.0","0.0","1.8","4.2","9.3","5.6","9.62","14.27","0.0","79.1","57.3","64.2","5.0","1.9","4.4","0.0","0.0","0.0","5.7","6.4","1.9"
"20241107","울산","울주군","12.0","18.0","5.7","11.7","13.1","18.6","8.4","0.0","0.0","1.6","6.7","9.3","5.8","12.23","14.99","0.0","62.8","35.5","65.0","3.8","0.0","4.3","0.0","0.0","0.0","5.1","11.0","1.8"
"20241106","울산","울주군","9.4","14.6","5.6","18.9","13.1","18.9","8.2","0.0","21.0","1.6","9.2","1.0","6.1","15.71","4.73","0.0","37.3","63.0","64.9","0.0","5.9","3.9","0.0","0.0","0.0","9.4","17.3","1.7"
"20241105","울산","울주군","12.9","17.7","10.0","19.4","13.0","19.1","8.0","0.0","0.1","1.0","3.5","0.8","6.6","8.95","6.82","0.0","58.9","83.1","63.8","4.4","8.5","3.3","0.0","0.0","0.0","7.8","7.9","1.7"
"20241104","울산","울주군","15.6","22.3","9.5","18.0","12.8","19.0","7.7","0.0","0.0","0.8","7.7","1.9","6.9","12.86","6.09","0.0","69.3","80.5","62.7","3.5","8.0","3.1","0.0","0.0","0.0","9.2","7.7","1.7"
"20241103","울산","울주군","15.8","20.9","11.2","20.6","12.7","18.7","7.6","0.0","0.0","1.1","8.7","9.4","6.9","14.26","14.36","0.0","71.9","58.1","62.0","0.5","1.5","3.0","0.0","0.0","0.0","7.6","10.0","1.7"
"20241102","울산","울주군","17.0","19.8","15.2","20.2","12.6","18.6","7.7","22.7","0.0","1.1","1.7","9.4","6.9","7.21","14.3","0.0","80.1","57.1","61.2","7.6","0.0","3.1","0.0","0.0","0.0","14.3","6.0","1.8"
"20241101","울산","울주군","14.6","16.2","13.8","18.5","12.8","18.6","8.0","26.8","0.0","1.0","0.0","9.4","6.8","1.83","14.15","0.0","92.3","55.6","61.1","9.9","0.0","3.3","0.0","0.0","0.0","7.1","7.6","1.8"
"20241031","울산","울주군","16.1","20.9","12.5","16.1","13.1","18.8","8.4","0.0","0.0","1.4","2.1","9.4","6.7","8.2","15.16","0.0","76.3","56.6","62.0","8.4","0.0","3.5","0.0","0.0","0.0","6.0","5.0","1.8"
"20241030","울산","울주군","15.5","21.5","10.8","14.8","13.5","19.2","8.7","0.0","0.0","1.6","9.3","9.3","6.5","15.32","14.7","0.0","71.3","71.0","62.5","1.6","1.1","3.7","0.0","0.0","0.0","7.2","4.9","1.8"
"20241029","울산","울주군","15.2","18.9","11.6","14.1","13.7","19.5","8.9","0.0","0.0","1.4","1.7","7.6","6.6","7.97","12.98","0.0","72.3","70.4","62.8","5.5","1.1","3.5","0.0","0.0","0.0","7.4","7.1","1.8"
"20241028","울산","울주군","15.3","17.5","13.4","13.9","13.9","19.7","9.1","9.8","0.0","1.1","1.8","8.3","6.8","3.71","14.23","0.0","80.5","69.3","63.1","8.3","1.9","3.4","0.0","0.0","0.0","9.9","6.7","1.8"
"20241027","울산","울주군","16.0","19.5","12.8","14.4","14.3","20.1","9.4","1.8","0.0","1.1","2.1","6.1","6.8","6.73","11.48","0.0","81.5","71.4","63.6","8.4","1.4","3.4","0.0","0.0","0.0","5.8","10.6","1.8"
"20241026","울산","울주군","17.9","21.3","14.9","17.3","14.6","20.3","9.7","0.0","0.0","0.9","4.3","9.4","6.7","11.6","14.74","0.0","71.5","63.1","64.6","6.3","1.5","3.5","0.0","0.0","0.0","8.5","5.6","1.8"
"20241025","울산","울주군","16.8","21.1","12.1","16.2","14.7","20.3","10.1","0.0","0.0","0.9","5.0","9.4","6.6","12.26","15.46","0.0","75.8","67.4","64.8","7.0","0.0","3.6","0.0","0.0","0.0","7.4","5.4","1.9"
"20241024","울산","울주군","14.8","21.0","9.8","15.1","15.0","20.3","10.6","0.0","0.0","1.2","9.4","6.4","6.2","16.95","12.79","0.0","65.4","65.6","65.5","0.6","3.6","4.0","0.0","0.0","0.0","8.2","5.3","1.9"
"20241023","울산","울주군","17.5","21.6","12.0","15.2","15.4","20.6","11.0","0.0","0.0","1.8","9.1","9.5","5.9","16.81","16.04","0.0","58.6","62.3","66.7","2.5","0.6","4.3","0.0","0.0","0.0","9.2","5.5","2.0"
"20241022","울산","울주군","19.1","20.1","16.9","14.0","15.5","20.6","11.3","58.3","0.0","2.2","0.0","7.6","5.7","1.64","14.6","0.0","96.3","49.0","67.8","9.6","4.9","4.6","0.0","0.0","0.0","9.8","5.9","2.0"
"20241021","울산","울주군","18.0","21.1","15.9","12.4","15.7","20.8","11.5","2.9","0.0","2.2","0.1","7.7","5.7","6.63","15.26","0.0","76.8","44.5","67.6","9.5","1.1","4.8","0.0","0.0","0.0","8.0","10.6","2.1"
"20241020","울산","울주군","15.0","17.0","11.8","13.6","15.9","21.1","11.6","0.1","0.5","2.2","0.0","7.2","5.8","3.8","15.56","0.0","58.1","49.4","67.7","9.5","3.8","4.6","0.0","0.0","0.0","12.0","13.2","2.0"
"20241019","울산","울주군","17.2","22.9","11.8","18.1","16.1","21.5","11.6","2.1","0.0","1.6","0.0","4.6","6.2","1.95","11.63","0.0","88.6","60.6","67.1","9.8","6.4","4.3","0.0","0.0","0.0","13.1","5.8","2.0"
"20241018","울산","울주군","21.3","23.7","18.1","16.6","16.1","21.6","11.5","36.0","0.0","1.6","0.0","9.8","6.5","3.8","17.33","0.0","89.0","58.9","66.1","9.4","1.5","4.1","0.0","0.0","0.0","7.7","7.1","2.0"
"20241017","울산","울주군","19.3","23.3","15.7","15.2","16.2","21.7","11.5","0.0","0.0","1.6","2.8","9.8","6.8","10.44","18.0","0.0","78.3","58.3","65.7","8.4","0.0","4.0","0.0","0.0","0.0","6.9","7.0","1.9"
"20241016","울산","울주군","20.5","24.6","17.5","16.9","16.4","22.0","11.8","0.0","0.0","1.8","6.3","9.9","6.8","13.42","17.83","0.0","76.1","57.8","65.9","6.0","0.0","3.9","0.0","0.0","0.0","8.0","8.2","1.8"
"20241015","울산","울주군","21.1","25.9","18.5","16.6","16.6","22.2","12.1","12.3","0.0","1.9","0.7","9.9","6.9","7.75","17.96","0.0","88.4","62.4","66.0","8.6","0.3","4.0","0.0","0.0","0.0","4.6","9.9","1.8"
"20241014","울산","울주군","20.1","23.8","18.5","17.5","16.9","22.4","12.5","25.1","3.1","2.6","0.4","6.4","6.7","4.94","14.03","0.0","86.8","69.5","66.6","9.4","5.5","4.2","0.0","0.0","0.0","4.5","10.1","1.8"
"20241013","울산","울주군","19.4","23.3","14.0","17.4","17.3","22.6","13.0","0.0","0.0","2.5","5.3","6.4","6.7","12.75","14.9","0.0","74.5","65.6","67.1","5.4","7.8","4.3","0.0","0.0","0.0","7.6","6.5","1.9"
"20241012","울산","울주군","18.4","24.9","13.0","16.5","17.7","23.0","13.3","0.0","0.0","2.3","9.5","8.9","6.6","17.04","16.14","0.0","74.1","60.5","68.1","0.1","3.8","4.4","0.0","0.0","0.0","5.4","8.6","1.9"
"20241011","울산","울주군","17.9","24.4","13.3","17.5","17.8","23.1","13.4","0.0","0.0","2.3","7.2","9.1","6.7","14.14","17.69","0.0","75.4","54.9","68.5","1.0","1.0","4.4","0.0","0.0","0.0","5.3","8.2","1.9"
"20241010","울산","울주군","17.3","23.3","13.0","17.5","17.9","23.1","13.6","0.0","0.0","2.8","7.0","8.0","6.5","14.85","15.52","0.0","73.4","67.9","69.1","2.5","4.8","4.5","0.0","0.0","0.0","7.1","8.0","1.9"
"20241009","울산","울주군","17.6","21.0","15.3","17.6","18.0","23.2","13.7","0.0","0.2","2.6","4.7","0.4","6.3","11.02","7.02","0.0","71.8","79.5","69.8","5.6","9.3","4.7","0.0","0.0","0.0","9.2","7.1","1.9"
"20241008","울산","울주군","18.0","22.7","15.3","18.3","18.0","23.1","13.7","1.5","0.0","3.0","4.9","0.2","6.2","14.67","5.4","0.0","79.8","65.6","70.0","7.8","9.1","4.7","0.0","0.0","0.0","10.0","9.4","2.0"
"20241007","울산","울주군","16.1","17.5","15.3","17.8","18.0","23.0","13.9","7.1","0.0","5.1","0.0","3.0","6.0","5.42","11.54","0.0","89.3","63.9","69.4","10.0","9.1","5.1","0.0","0.0","0.0","6.3","8.0","2.0"
"20241006","울산","울주군","18.4","20.8","16.1","16.7","18.2","23.1","14.2","2.9","0.0","4.8","0.0","8.4","5.8","3.94","17.66","0.0","82.0","54.5","69.4","9.0","7.1","5.3","0.0","0.0","0.0","4.8","5.5","2.0"
"20241005","울산","울주군","18.6","23.1","13.4","16.6","18.5","23.4","14.3","0.0","0.0","3.9","5.5","8.3","5.9","14.77","19.31","0.0","70.6","42.1","69.5","5.0","3.6","5.2","0.0","0.0","0.0","7.7","10.1","1.9"
"20241004","울산","울주군","17.3","22.2","14.0","19.4","18.7","23.8","14.5","0.2","0.0","5.1","8.3","9.7","6.1","17.07","18.03","0.0","72.5","65.0","69.3","3.1","5.9","5.1","0.0","0.0","0.0","7.9","6.3","1.9"
"20241003","울산","울주군","16.1","18.7","14.4","17.4","19.0","24.0","14.9","14.2","0.5","4.5","0.0","0.6","6.0","3.33","6.69","0.0","84.0","76.1","70.3","10.0","7.6","5.2","0.0","0.0","0.0","11.5","5.6","1.8"
"20241002","울산","울주군","17.3","21.4","14.3","17.9","19.2","24.2","15.2","0.0","0.0","3.9","7.3","9.1","5.8","16.67","19.52","0.0","48.1","56.8","71.5","7.6","3.3","5.3","0.0","0.0","0.0","9.7","8.0","1.8"
"20241001","울산","울주군","22.1","29.1","17.6","19.1","19.4","24.1","15.4","0.0","0.0","4.9","6.9","9.4","5.5","16.9","20.04","0.0","66.6","59.6","72.9","6.1","2.1","5.5","0.0","0.0","0.0","8.1","8.6","1.8"
"20240930","울산","울주군","21.3","26.4","16.9","19.4","19.4","24.0","15.6","0.0","0.9","5.0","6.8","4.4","5.0","16.01","10.59","0.0","77.3","75.4","73.8","2.9","7.4","5.8","0.0","0.0","0.0","5.7","10.4","1.8"
"20240929","울산","울주군","21.5","24.9","19.5","21.9","19.5","24.0","15.7","0.0","0.0","4.5","7.9","7.5","4.8","17.98","17.89","0.0","72.8","74.8","74.3","5.0","4.1","5.9","0.0","0.0","0.0","9.9","7.1","1.8"
"20240928","울산","울주군","21.6","26.4","20.2","23.6","19.6","24.1","15.8","5.7","0.0","4.1","2.9","10.5","5.1","12.16","20.2","0.0","85.1","67.9","74.0","6.5","1.3","5.7","0.0","0.0","0.0","8.4","8.2","1.8"
"20240927","울산","울주군","23.0","27.2","19.9","23.2","19.8","24.3","15.9","0.0","0.2","2.7","6.4","3.7","5.3","14.98","10.54","0.0","82.4","85.4","74.0","5.5","8.0","5.5","0.0","0.0","0.0","9.5","6.1","1.8"
"20240926","울산","울주군","22.8","28.5","16.3","21.1","20.0","24.6","16.1","0.0","4.1","3.6","7.9","0.0","5.7","16.51","3.04","0.0","77.3","92.6","73.8","4.6","9.9","5.2","0.0","0.0","0.0","4.7","3.5","1.9"
"20240925","울산","울주군","22.1","26.7","17.6","21.7","20.0","24.7","16.2","0.0","0.0","4.1","8.2","0.2","5.9","17.95","6.97","0.0","75.6","76.1","74.1","3.4","9.3","5.2","0.0","0.0","0.0","7.6","7.3","1.9"
"20240924","울산","울주군","19.9","24.3","16.6","21.6","20.1","24.6","16.4","0.3","0.0","4.4","2.3","8.0","5.7","11.07","19.79","0.0","76.8","64.4","74.5","6.3","5.8","5.4","0.0","0.0","0.0","8.0","10.3","1.9"
"20240923","울산","울주군","19.7","22.9","17.5","20.2","20.2","24.7","16.5","0.0","0.5","5.2","8.5","7.9","5.5","20.06","17.32","0.0","63.8","71.3","74.9","4.8","7.1","5.6","0.0","0.0","0.0","11.3","10.0","2.0"
"20240922","울산","울주군","20.4","23.3","18.3","19.8","20.3","24.8","16.7","1.4","0.0","5.7","0.0","6.4","5.4","6.32","15.7","0.0","88.5","77.1","74.4","9.8","5.4","5.7","0.0","0.0","0.0","9.3","6.6","2.0"
"20240921","울산","울주군","20.9","25.2","19.7","19.5","20.6","25.1","16.9","158.4","61.5","3.8","0.0","0.0","5.6","1.44","5.49","0.0","94.6","84.8","73.7","9.8","10.0","5.7","0.0","0.0","0.0","10.4","8.1","2.0"
"20240920","울산","울주군","26.4","29.4","24.7","22.3","20.9","25.4","17.2","26.1","37.4","3.4","0.1","0.0","5.7","4.86","4.06","0.0","87.6","87.8","73.6","9.4","9.8","5.6","0.0","0.0","0.0","8.9","4.9","2.0"
"20240919","울산","울주군","28.0","33.4","24.2","24.4","21.3","25.8","17.6","0.0","0.0","5.0","8.0","8.5","5.7","19.93","18.32","0.0","78.4","75.3","73.9","6.5","4.0","5.6","0.0","0.0","0.0","5.3","5.3","2.1"
"20240918","울산","울주군","28.0","32.8","25.1","25.0","21.6","26.0","17.9","0.0","0.8","6.4","6.8","5.6","5.7","16.52","14.83","0.0","78.3","84.1","74.2","5.1","4.3","5.6","0.0","0.0","0.0","6.2","6.7","2.1"
"20240917","울산","울주군","27.8","33.2","23.5","23.3","21.7","26.1","18.2","0.0","61.9","6.9","8.8","0.5","5.8","20.94","6.21","0.0","81.9","91.1","74.9","5.4","9.1","5.6","0.0","0.0","0.0","5.3","5.2","2.1"
"20240916","울산","울주군","24.1","25.7","23.1","23.2","21.8","26.0","18.4","18.2","19.6","7.8","0.0","1.0","5.5","5.53","3.14","0.0","91.5","94.0","76.2","9.5","9.6","5.8","0.0","0.0","0.0","7.5","3.0","2.1"
"20240915","울산","울주군","25.7","27.7","24.2","23.4","21.9","26.1","18.5","5.9","3.9","8.3","0.2","0.1","5.5","6.62","6.29","0.0","86.8","89.3","76.5","9.1","10.0","5.9","0.0","0.0","0.0","8.7","5.2","2.1"
"20240914","울산","울주군","28.0","33.3","24.2","22.3","22.0","26.1","18.6","0.0","15.6","6.5","10.9","0.0","5.1","21.43","4.27","0.0","77.0","90.4","76.8","0.6","10.0","6.2","0.0","0.0","0.0","6.9","5.3","2.0"
"20240913","울산","울주군","28.1","32.8","24.3","24.1","22.1","26.2","18.8","0.0","45.3","5.5","10.8","0.2","4.8","21.43","6.32","0.0","80.3","89.6","76.9","2.9","9.5","6.4","0.0","0.0","0.0","5.5","5.9","1.9"
"20240912","울산","울주군","26.4","31.3","23.9","25.0","22.3","26.4","18.9","0.0","0.0","5.7","4.6","3.6","4.9","15.31","15.16","0.0","86.5","79.8","77.2","6.8","8.3","6.4","0.0","0.0","0.0","6.8","4.9","1.8"
"20240911","울산","울주군","27.2","32.8","24.5","23.9","22.5","26.6","19.1","11.6","0.0","5.3","1.7","8.6","4.8","12.05","17.39","0.0","82.5","78.1","77.0","8.8","3.6","6.5","0.0","0.0","0.0","4.5","5.4","1.8"
"20240910","울산","울주군","27.9","33.3","22.6","22.7","22.6","26.8","19.2","0.0","0.0","5.1","10.7","9.0","4.9","22.1","21.94","0.0","72.9","75.4","77.0","1.4","4.1","6.4","0.0","0.0","0.0","5.5","6.8","1.7"
"20240909","울산","울주군","26.6","29.8","24.4","22.0","22.7","27.0","19.3","0.0","0.0","6.3","6.8","11.7","5.2","18.29","23.75","0.0","78.9","74.1","76.9","5.0","0.1","6.2","0.0","0.0","0.0","9.4","8.6","1.8"
"20240908","울산","울주군","26.1","29.8","23.8","22.8","22.8","26.9","19.4","0.0","0.0","8.4","1.9","7.8","5.0","12.64","19.23","0.0","83.9","69.5","77.7","6.9","2.9","6.2","0.0","0.0","0.0","6.9","8.5","1.9"
"20240907","울산","울주군","25.6","29.9","22.1","23.5","22.9","27.1","19.6","0.3","0.0","8.0","2.6","7.4","4.8","13.36","20.07","0.0","85.1","71.8","78.0","9.0","3.4","6.4","0.0","0.0","0.0","5.0","12.2","1.9"
"20240906","울산","울주군","25.1","28.2","23.0","24.6","23.1","27.3","19.7","0.1","0.0","7.4","0.0","5.5","5.1","7.1","15.14","0.0","81.3","74.9","77.7","9.3","6.5","6.2","0.0","0.0","0.0","6.5","11.0","2.0"
"20240905","울산","울주군","26.6","33.4","19.3","25.1","23.2","27.4","19.9","0.0","0.0","8.1","11.9","9.6","4.9","23.66","21.43","0.0","64.3","71.8","78.1","0.6","5.4","6.3","0.0","0.0","0.0","6.7","10.0","2.0"
"20240904","울산","울주군","23.9","28.4","19.9","25.2","23.5","27.6","20.2","0.0","2.1","6.9","11.0","6.9","5.0","23.55","16.41","0.0","74.4","81.8","78.2","0.8","5.3","6.3","0.0","0.0","0.0","7.4","8.6","2.0"
"20240903","울산","울주군","23.8","26.8","21.6","25.1","23.8","28.1","20.4","9.0","0.0","4.5","5.1","6.9","5.6","16.57","18.79","0.0","75.5","83.9","77.0","5.9","4.8","5.9","0.0","0.0","0.0","8.7","6.4","2.0"
"20240902","울산","울주군","26.0","31.2","22.2","23.8","24.0","28.1","20.6","0.0","5.9","5.6","4.9","1.4","5.6","15.62","12.09","0.0","75.8","88.0","76.5","7.6","8.8","5.9","0.0","0.0","0.0","7.5","7.3","2.1"
"20240901","울산","울주군","25.7","30.2","21.4","23.4","24.0","28.0","20.9","0.0","17.0","6.2","10.0","0.0","5.2","21.2","5.11","0.0","75.8","91.8","77.1","3.6","10.0","6.3","0.0","0.0","0.0","6.9","10.5","2.1"
"20240831","울산","울주군","25.5","30.1","22.1","25.2","24.3","28.2","21.0","0.0","36.7","5.8","10.4","5.1","5.4","22.96","16.09","0.0","74.0","85.4","76.8","1.5","8.3","6.3","0.0","0.0","0.0","9.8","6.5","2.1"
"20240830","울산","울주군","27.0","30.8","23.8","26.5","24.4","28.4","21.2","1.6","0.0","5.6","8.1","0.2","5.4","21.74","6.42","0.0","73.0","82.3","76.7","5.1","9.3","6.3","0.0","0.0","0.0","15.1","8.3","2.1"
"20240829","울산","울주군","27.2","29.9","25.0","26.3","24.6","28.5","21.3","7.8","0.2","5.5","5.3","1.0","5.2","19.58","8.54","0.0","79.5","84.5","77.1","8.5","8.1","6.4","0.0","0.0","0.0","15.4","13.2","2.0"
"20240828","울산","울주군","25.3","27.5","23.1","25.1","24.6","28.6","21.4","2.8","0.7","5.7","1.5","1.1","5.2","10.17","9.39","0.0","84.4","84.9","77.9","8.4","8.0","6.4","0.0","0.0","0.0","12.2","6.5","2.0"
"20240827","울산","울주군","25.4","29.5","24.3","25.5","24.7","28.9","21.5","6.5","0.0","6.6","1.0","8.4","5.2","8.27","21.49","0.0","84.9","78.9","78.0","8.6","4.9","6.3","0.0","0.0","0.0","9.0","9.6","1.9"
"20240826","울산","울주군","27.4","31.9","24.1","25.8","24.9","29.0","21.7","0.0","0.0","6.6","6.2","11.7","5.2","15.52","24.72","0.0","81.8","74.3","77.7","5.4","1.1","6.3","0.0","0.0","0.0","5.0","6.2","1.9"
"20240825","울산","울주군","28.0","32.9","24.1","26.2","25.0","29.1","21.8","0.0","5.2","9.8","10.7","7.6","5.2","22.44","21.27","0.0","76.5","77.9","77.7","2.1","5.6","6.4","0.0","0.0","0.0","6.3","13.4","1.9"
"20240824","울산","울주군","28.8","33.5","24.5","25.0","25.1","29.3","21.9","0.0","105.3","11.4","11.5","0.0","5.2","22.92","6.03","0.0","71.5","91.1","77.9","1.6","9.9","6.4","0.0","0.0","0.0","6.1","10.0","1.9"
"20240823","울산","울주군","29.5","33.7","25.6","27.8","25.4","29.5","22.2","0.0","0.1","10.7","11.6","9.3","5.2","24.38","20.04","0.0","67.3","78.1","77.6","2.5","4.3","6.4","0.0","0.0","0.0","6.4","9.4","2.0"
"20240822","울산","울주군","29.2","33.1","25.5","28.1","25.5","29.6","22.4","0.4","0.0","9.9","8.0","8.5","5.4","20.36","19.5","0.0","77.0","75.0","77.5","5.0","3.3","6.3","0.0","0.0","0.0","11.4","10.5","2.0"
"20240821","울산","울주군","28.3","32.2","25.4","27.8","25.6","29.6","22.4","2.6","0.0","10.5","2.4","11.7","5.3","12.15","24.12","0.0","81.3","79.8","78.0","8.1","2.4","6.4","0.0","0.0","0.0","11.0","6.7","2.0"
"20240820","울산","울주군","28.8","32.1","24.1","27.2","25.6","29.6","22.5","51.4","1.8","9.6","3.4","5.7","5.3","14.04","17.66","0.0","81.1","85.5","78.6","7.8","6.9","6.4","0.0","0.0","0.0","11.8","5.9","2.0"
"20240819","울산","울주군","28.7","33.6","23.6","26.0","25.7","29.7","22.6","0.0","28.9","8.3","8.8","0.7","5.4","21.1","7.22","0.0","74.9","91.1","78.5","4.5","9.6","6.4","0.0","0.0","0.0","6.9","5.3","2.0"
"20240818","울산","울주군","27.6","31.9","23.7","24.7","25.8","29.7","22.7","0.0","41.4","7.9","11.5","0.7","5.5","22.81","5.97","0.0","72.5","91.8","78.6","3.4","8.8","6.3","0.0","0.0","0.0","6.9","4.8","2.1"
"20240817","울산","울주군","27.7","32.1","24.4","24.6","25.9","29.9","22.9","0.0","0.0","8.6","10.5","1.7","5.5","22.97","8.3","0.0","74.6","83.1","78.9","3.9","8.3","6.4","0.0","0.0","0.0","8.7","6.5","2.1"
"20240816","울산","울주군","27.5","31.7","24.2","25.0","26.0","30.0","23.0","0.0","0.0","8.4","9.6","3.9","5.3","23.36","13.97","0.0","74.4","79.5","79.1","5.0","7.5","6.5","0.0","0.0","0.0","9.9","5.3","2.1"
"20240815","울산","울주군","27.2","31.8","24.4","25.5","26.2","30.2","23.2","0.0","0.0","7.1","6.6","8.1","5.4","20.12","22.62","0.0","77.5","73.0","78.5","6.4","4.5","6.4","0.0","0.0","0.0","8.5","11.2","2.1"
"20240814","울산","울주군","27.0","31.1","23.5","26.0","26.4","30.3","23.4","0.0","0.0","7.0","7.8","7.5","5.5","20.61","20.72","0.0","78.0","78.3","78.3","6.0","5.6","6.3","0.0","0.0","0.0","7.6","6.4","2.1"
"20240813","울산","울주군","27.0","31.6","23.4","25.4","26.6","30.5","23.5","0.0","0.0","7.1","11.7","10.9","5.5","24.13","25.89","0.0","72.8","80.0","78.3","1.6","4.0","6.2","0.0","0.0","0.0","9.7","7.1","1.9"
"20240812","울산","울주군","26.7","31.1","22.4","26.0","26.6","30.5","23.5","0.0","0.0","8.9","11.9","5.8","5.5","26.16","20.64","0.0","76.0","78.0","78.4","0.6","5.8","6.3","0.0","0.0","0.0","9.1","6.8","1.9"
"20240811","울산","울주군","27.2","31.8","23.5","26.7","26.7","30.7","23.6","0.0","0.0","9.2","12.1","11.9","5.6","26.67","26.14","0.0","74.8","72.9","78.1","1.8","1.9","6.3","0.0","0.0","0.0","7.9","9.7","2.0"
"20240810","울산","울주군","27.5","31.6","23.6","24.9","26.7","30.7","23.6","0.0","146.3","8.5","12.3","0.3","5.5","26.59","5.36","0.0","76.8","87.1","78.6","3.4","7.4","6.4","0.0","0.0","0.0","7.8","21.0","2.0"
"20240809","울산","울주군","28.0","32.2","24.8","24.1","26.7","30.7","23.6","0.0","36.7","8.2","12.4","0.0","5.5","25.9","2.27","0.0","75.5","89.5","78.7","1.9","9.9","6.4","0.0","0.0","0.0","6.9","15.7","2.0"
"20240808","울산","울주군","27.3","34.4","24.6","26.3","26.8","30.9","23.7","12.3","0.0","8.3","7.4","1.9","5.7","17.78","14.53","0.0","81.0","78.5","78.2","5.1","7.5","6.2","0.0","0.0","0.0","9.1","8.2","2.1"
"20240807","울산","울주군","28.4","34.1","24.4","27.7","27.0","31.2","23.7","3.7","0.0","5.5","11.0","3.1","6.2","24.39","12.61","0.0","77.3","76.9","77.2","1.6","6.8","5.8","0.0","0.0","0.0","6.0","8.2","2.1"
"20240806","울산","울주군","28.4","32.7","24.4","29.0","27.0","31.3","23.6","0.0","0.0","5.2","7.9","12.6","6.7","19.7","26.93","0.0","75.4","71.9","76.7","4.8","2.9","5.4","0.0","0.0","0.0","5.2","10.5","2.0"
"20240805","울산","울주군","28.7","32.6","25.4","29.1","27.1","31.4","23.6","0.0","0.0","5.1","11.4","12.5","6.8","25.4","26.81","0.0","73.0","72.6","76.2","2.8","1.0","5.3","0.0","0.0","0.0","7.0","5.5","2.1"
"20240804","울산","울주군","29.0","33.0","26.2","29.0","27.2","31.5","23.8","0.0","0.0","5.3","5.8","10.9","6.9","19.0","23.4","0.0","76.4","72.5","76.0","4.0","3.5","5.3","0.0","0.0","0.0","7.4","6.6","2.1"
"20240803","울산","울주군","30.9","35.4","28.1","29.2","27.2","31.5","23.8","0.0","0.0","5.1","9.4","12.0","6.9","21.99","25.1","0.0","69.5","71.6","76.2","2.8","3.8","5.3","0.0","0.0","0.0","6.2","7.6","2.1"
"20240802","울산","울주군","30.9","35.9","26.8","28.3","27.3","31.5","23.9","0.0","0.0","5.4","12.4","9.7","6.8","26.48","21.38","0.0","68.6","76.5","76.3","0.6","5.3","5.4","0.0","0.0","0.0","5.4","6.0","2.1"
"20240801","울산","울주군","30.7","35.6","26.2","28.2","27.2","31.5","23.9","0.0","0.0","4.7","11.4","11.7","6.6","25.1","25.51","0.0","67.8","68.5","76.5","0.8","3.1","5.5","0.0","0.0","0.0","5.9","5.7","2.1"
"20240731","울산","울주군","30.4","35.1","25.7","28.1","27.2","31.5","23.8","0.0","0.0","6.1","12.6","11.3","6.5","27.33","24.65","0.0","66.9","69.0","76.6","0.4","4.9","5.5","0.0","0.0","0.0","5.2","6.3","2.1"
"20240730","울산","울주군","30.2","35.1","25.4","28.2","27.1","31.4","23.7","0.0","0.0","5.8","12.7","12.5","6.3","28.06","26.5","0.0","65.4","74.0","76.5","0.0","1.3","5.7","0.0","0.0","0.0","8.7","6.9","2.0"
"20240729","울산","울주군","30.6","35.3","25.4","28.5","26.9","31.2","23.5","0.0","0.0","5.6","12.4","12.8","6.1","27.47","27.21","0.0","62.4","72.3","76.5","0.4","0.8","5.9","0.0","0.0","0.0","8.8","6.3","2.0"
"20240728","울산","울주군","29.8","33.8","26.6","28.7","26.7","30.8","23.3","0.0","0.0","6.6","12.3","11.6","6.1","26.67","23.8","0.0","67.4","69.8","76.7","2.8","4.0","6.0","0.0","0.0","0.0","10.5","5.7","2.0"
"20240727","울산","울주군","29.8","32.5","27.0","28.1","26.6","30.7","23.3","0.0","0.0","6.9","10.2","12.3","6.0","24.99","26.98","0.0","71.1","71.9","76.4","6.0","1.9","6.1","0.0","0.0","0.0","11.1","5.4","2.1"
"20240726","울산","울주군","28.6","32.3","25.3","27.2","26.5","30.7","23.3","0.0","2.3","5.2","7.2","6.1","6.1","20.25","20.07","0.0","76.5","81.0","76.1","6.8","7.3","6.1","0.0","0.0","0.0","9.7","6.5","2.1"
"20240725","울산","울주군","28.3","33.4","25.4","27.4","26.5","30.7","23.2","0.0","0.0","5.7","11.2","9.2","6.2","24.22","22.57","0.0","77.3","75.9","75.9","5.5","3.4","6.0","0.0","0.0","0.0","6.4","9.6","2.1"
"20240724","울산","울주군","28.1","31.8","23.4","27.1","26.5","30.7","23.3","0.0","2.7","5.9","8.5","5.0","6.2","24.03","18.17","0.0","73.8","81.3","76.0","6.4","6.8","5.9","0.0","0.0","0.0","12.0","10.2","2.1"
"20240723","울산","울주군","29.2","32.6","27.6","26.7","26.5","30.7","23.2","0.0","0.0","4.6","3.6","2.4","6.1","17.39","16.26","0.0","70.1","82.1","76.3","8.3","8.5","5.9","0.0","0.0","0.0","11.1","9.9","2.1"
"20240722","울산","울주군","29.4","32.7","25.7","24.7","26.4","30.6","23.1","0.0","0.0","5.3","9.9","2.2","6.1","25.07","13.96","0.0","69.4","82.3","76.7","5.9","6.9","5.9","0.0","0.0","0.0","10.7","4.9","2.0"
"20240721","울산","울주군","29.4","33.0","27.1","24.5","26.2","30.4","22.8","0.0","0.0","5.8","9.7","5.0","5.9","23.59","15.75","0.0","67.6","79.1","77.2","3.0","4.3","5.9","0.0","0.0","0.0","9.4","4.9","2.0"
"20240720","울산","울주군","27.6","31.5","22.5","24.6","25.9","30.0","22.5","8.7","0.0","5.7","9.6","6.2","5.9","20.1","21.92","0.0","76.6","82.5","77.5","6.0","5.5","5.9","0.0","0.0","0.0","16.4","5.4","2.0"
"20240719","울산","울주군","26.0","28.7","24.2","23.7","25.5","29.6","22.2","4.0","0.0","5.7","2.1","4.3","5.6","11.4","15.89","0.0","81.9","84.3","77.7","8.0","6.3","6.1","0.0","0.0","0.0","7.9","6.2","2.0"
"20240718","울산","울주군","27.0","29.0","25.1","24.4","25.3","29.3","22.0","0.0","86.7","6.7","0.6","0.0","5.5","7.99","4.35","0.0","80.3","93.1","78.0","9.4","10.0","6.3","0.0","0.0","0.0","11.0","7.8","2.0"
"20240717","울산","울주군","26.0","29.9","22.9","27.2","25.0","29.0","21.7","0.0","13.8","6.9","0.7","8.8","5.1","10.72","24.99","0.0","83.0","81.0","78.7","8.8","7.6","6.6","0.0","0.0","0.0","7.6","10.1","2.0"
"20240716","울산","울주군","24.1","26.4","22.1","24.1","24.9","28.8","21.7","8.5","53.3","6.6","0.2","0.3","4.9","8.37","8.32","0.0","89.9","91.6","78.8","9.9","8.9","6.8","0.0","0.0","0.0","4.5","5.4","2.0"
"20240715","울산","울주군","23.2","25.6","21.6","27.3","24.8","28.7","21.8","0.0","1.6","7.6","0.2","1.1","4.4","9.12","11.08","0.0","88.8","76.1","79.5","9.8","9.5","7.2","0.0","0.0","0.0","5.0","15.1","2.0"
"20240714","울산","울주군","22.8","24.8","21.9","25.8","24.8","28.6","21.7","58.4","13.6","8.1","0.0","0.0","4.2","3.98","4.96","0.0","92.9","84.1","80.1","10.0","9.9","7.4","0.0","0.0","0.0","6.0","14.0","2.0"
"20240713","울산","울주군","24.2","28.3","20.1","26.0","24.7","28.5","21.7","0.0","1.2","10.0","5.7","0.0","3.8","20.74","6.56","0.0","81.4","85.4","80.4","7.1","10.0","7.6","0.0","0.0","0.0","5.1","7.9","2.0"
"20240712","울산","울주군","24.7","30.4","20.9","26.3","24.6","28.3","21.7","0.0","2.7","10.2","11.7","6.1","3.7","26.29","20.49","0.0","80.5","81.4","80.4","1.8","7.8","7.7","0.0","0.0","0.0","5.8","9.1","2.0"
"20240711","울산","울주군","22.8","26.0","21.2","24.2","24.4","28.0","21.6","0.0","24.9","11.9","0.4","1.9","3.6","12.43","9.28","0.0","87.0","88.4","80.9","9.1","8.0","7.8","0.0","0.0","0.0","4.8","11.0","2.0"
"20240710","울산","울주군","23.0","27.0","21.3","26.8","24.2","27.8","21.3","18.0","0.0","10.3","0.0","8.7","3.7","3.83","22.3","0.0","92.5","78.8","80.7","10.0","5.6","7.7","0.0","0.0","0.0","9.5","10.0","2.0"
"20240709","울산","울주군","24.5","27.4","23.0","24.7","24.0","27.6","21.1","61.3","0.0","11.2","0.1","2.0","3.9","5.48","15.47","0.0","91.4","86.3","80.6","10.0","7.6","7.6","0.0","0.0","0.0","8.3","9.1","2.0"
"20240708","울산","울주군","26.6","29.2","24.3","21.8","23.8","27.5","20.9","1.6","5.7","8.4","0.0","0.0","4.3","8.1","5.26","0.0","81.0","92.5","80.1","9.8","9.3","7.5","0.0","0.0","0.0","8.3","3.8","2.0"
"20240707","울산","울주군","28.3","31.9","26.0","21.4","23.7","27.5","20.7","0.0","43.8","8.6","4.7","0.0","4.5","19.68","4.31","0.0","73.0","87.4","79.8","8.3","9.8","7.4","0.0","0.0","0.0","10.7","5.3","1.9"
"20240706","울산","울주군","27.1","30.5","22.2","26.9","23.6","27.5","20.6","0.0","0.0","7.6","9.7","6.8","4.4","22.52","23.15","0.0","72.6","60.0","79.8","7.5","6.6","7.4","0.0","0.0","0.0","13.5","7.0","1.9"
"20240705","울산","울주군","28.5","32.7","23.1","27.5","23.7","27.6","20.6","0.0","13.9","9.1","10.8","10.3","4.4","26.61","27.18","0.0","68.5","68.0","80.0","3.6","4.5","7.4","0.0","0.0","0.0","10.9","9.4","1.9"
"20240704","울산","울주군","27.8","33.6","22.4","24.1","23.9","27.8","20.8","0.0","0.7","8.6","13.2","0.5","4.4","29.53","11.4","0.0","67.5","86.1","80.0","0.6","9.0","7.4","0.0","0.0","0.0","9.7","5.4","1.9"
"20240703","울산","울주군","27.6","31.3","25.2","24.7","23.9","27.8","20.9","0.2","0.0","9.6","4.5","4.6","4.0","19.09","18.31","0.0","75.8","82.8","80.6","4.9","7.0","7.5","0.0","0.0","0.0","10.4","5.1","1.9"
"20240702","울산","울주군","23.2","25.4","21.5","25.9","23.8","27.8","20.8","48.5","0.0","8.7","0.0","9.4","3.7","5.97","24.13","0.0","91.5","76.9","80.5","10.0","5.9","7.7","0.0","0.0","0.0","7.4","5.3","1.9"
"20240701","울산","울주군","26.0","30.2","23.0","23.1","23.8","27.8","20.5","0.0","0.0","9.0","9.1","5.5","3.8","23.54","18.37","0.0","77.0","82.8","80.3","4.9","5.3","7.6","0.0","0.0","0.0","6.7","5.5","1.9"
"20240630","울산","울주군","25.5","27.3","23.5","23.1","23.5","27.5","20.3","10.7","17.3","8.5","0.4","0.1","3.9","9.58","6.19","0.0","84.3","90.1","80.1","9.6","10.0","7.4","0.0","0.0","0.0","12.8","9.7","1.9"
"20240629","울산","울주군","23.5","28.0","19.6","25.5","23.3","27.4","20.0","35.9","13.6","8.0","4.6","2.9","4.1","13.57","13.03","0.0","85.0","82.1","79.7","8.9","8.4","7.3","0.0","0.0","0.0","10.4","11.0","1.9"
"20240628","울산","울주군","23.1","27.8","18.5","23.4","23.1","27.1","19.7","0.0","17.1","9.7","12.8","2.7","4.1","29.03","12.66","0.0","74.4","82.6","79.3","3.3","8.3","7.3","0.0","0.0","0.0","7.2","9.3","1.9"
"20240627","울산","울주군","21.3","24.5","17.6","26.6","22.8","26.8","19.5","0.0","4.2","11.2","0.0","7.5","4.3","9.54","23.49","0.0","70.0","74.9","78.8","9.0","8.3","7.2","0.0","0.0","0.0","3.8","9.9","1.9"
"20240626","울산","울주군","22.8","27.4","18.8","24.1","22.6","26.6","19.2","0.0","23.0","11.0","10.7","0.0","4.5","24.06","6.9","0.0","58.5","87.6","78.3","7.0","9.9","7.2","0.0","0.0","0.0","6.1","9.8","1.9"
"20240625","울산","울주군","23.9","28.2","20.8","22.2","22.3","26.4","19.0","0.0","15.6","10.5","4.6","1.6","4.4","20.4","15.5","0.0","54.4","81.0","77.8","8.0","9.4","7.2","0.0","0.0","0.0","7.8","6.0","1.9"
"20240624","울산","울주군","25.6","30.4","21.3","21.4","22.1","26.1","18.8","0.0","0.0","10.2","7.0","8.4","4.4","22.41","24.14","0.0","72.3","77.6","77.5","7.4","7.9","7.2","0.0","0.0","0.0","10.4","6.9","1.9"
"20240623","울산","울주군","24.3","27.6","22.2","22.2","22.0","26.2","18.7","0.0","0.0","7.3","0.6","10.1","4.7","10.84","26.54","0.0","83.9","72.8","76.8","8.6","4.5","7.1","0.0","0.0","0.0","3.6","8.4","1.9"
"20240622","울산","울주군","22.8","23.9","20.8","22.7","22.1","26.4","18.7","33.7","0.0","5.0","0.0","5.0","5.0","3.25","18.87","0.0","91.4","79.5","76.4","9.9","6.3","6.9","0.0","0.0","0.0","6.0","5.0","1.9"
"20240621","울산","울주군","23.8","29.4","20.5","20.8","22.1","26.5","18.6","0.0","14.5","5.6","7.5","0.0","5.0","20.18","4.52","0.0","73.1","91.6","76.3","7.6","10.0","6.8","0.0","0.0","0.0","5.8","9.3","1.9"
"20240620","울산","울주군","23.0","26.5","19.6","21.4","22.1","26.4","18.6","0.0","0.0","6.4","0.7","7.6","5.1","10.88","22.71","0.0","66.9","73.6","76.1","8.4","7.6","6.8","0.0","0.0","0.0","5.8","8.6","1.9"
"20240619","울산","울주군","26.7","33.2","19.8","23.1","22.1","26.5","18.4","0.0","0.0","6.2","12.3","9.0","5.5","26.4","25.94","0.0","52.1","71.4","75.6","5.9","6.4","6.6","0.0","0.0","0.0","5.8","9.9","1.8"
"20240618","울산","울주군","24.9","31.2","17.6","25.5","21.9","26.5","18.1","0.0","0.0","6.0","13.1","10.6","5.8","29.42","27.23","0.0","53.6","56.9","74.8","1.5","4.0","6.4","0.0","0.0","0.0","7.1","7.5","1.8"
"20240617","울산","울주군","23.0","27.8","18.9","25.2","21.8","26.4","17.9","0.0","0.0","5.9","2.0","11.2","6.1","14.68","27.47","0.0","60.0","59.9","73.7","7.3","6.3","6.2","0.0","0.0","0.0","7.5","6.0","1.9"
"20240616","울산","울주군","24.2","30.1","19.7","23.4","21.6","26.2","17.7","0.0","0.0","3.9","10.8","13.0","6.2","26.8","28.79","0.0","70.3","68.6","73.1","4.1","1.3","6.1","0.0","0.0","0.0","6.7","6.9","1.9"
"20240615","울산","울주군","24.3","29.9","20.4","19.5","21.5","26.3","17.5","24.0","2.3","3.1","9.9","6.0","6.4","24.43","20.16","0.0","72.1","82.4","72.2","5.3","3.4","6.0","0.0","0.0","0.0","6.9","6.3","1.9"
"20240614","울산","울주군","24.2","29.5","18.4","20.4","21.4","26.2","17.4","0.0","3.7","2.5","12.5","4.0","6.4","28.42","16.29","0.0","67.0","84.8","71.4","4.3","6.9","5.8","0.0","0.0","0.0","7.1","9.4","1.9"
"20240613","울산","울주군","25.4","31.3","20.2","22.5","21.3","26.1","17.3","0.0","0.0","2.8","12.5","6.0","6.4","28.56","20.15","0.0","62.6","77.5","71.3","1.3","7.1","5.8","0.0","0.0","0.0","7.3","6.6","2.0"
"20240612","울산","울주군","25.0","31.0","20.1","21.6","21.2","25.8","17.3","0.0","0.1","2.9","9.6","5.2","6.2","25.1","19.11","0.0","65.9","80.6","71.9","2.5","6.5","6.1","0.0","0.0","0.0","6.5","7.3","1.9"
"20240611","울산","울주군","25.2","32.3","19.4","21.8","21.1","25.6","17.2","0.0","0.0","3.1","11.6","5.6","6.1","27.74","16.51","0.0","63.8","81.9","71.7","3.9","7.4","6.1","0.0","0.0","0.0","5.4","6.5","1.9"
"20240610","울산","울주군","23.6","29.9","16.6","22.2","21.0","25.5","17.2","0.0","0.0","2.9","12.9","13.1","6.1","27.45","28.22","0.0","70.9","75.4","71.5","2.4","3.5","6.2","0.0","0.0","0.0","5.5","7.9","1.9"
"20240609","울산","울주군","20.0","23.3","18.1","21.8","20.8","25.3","17.0","3.7","0.0","3.1","0.6","12.5","6.1","9.27","26.82","0.0","89.9","71.6","71.8","7.9","0.5","6.1","0.0","0.0","0.0","4.5","6.4","1.9"
"20240608","울산","울주군","19.4","24.2","17.2","21.3","20.7","25.3","16.7","16.5","0.0","2.7","0.4","6.6","6.1","6.48","20.72","0.0","83.3","68.3","71.8","10.0","5.6","6.1","0.0","0.0","0.0","7.8","7.2","1.8"
"20240607","울산","울주군","21.4","26.8","15.5","22.8","20.5","25.3","16.5","0.0","0.0","2.6","11.3","10.0","6.4","25.33","22.13","0.0","67.0","64.3","71.4","5.3","5.5","5.8","0.0","0.0","0.0","6.0","5.8","1.8"
"20240606","울산","울주군","19.6","25.2","15.1","20.6","20.5","25.6","16.2","0.0","0.0","2.1","2.6","9.9","6.8","17.16","26.27","0.0","73.3","67.5","70.3","8.0","3.4","5.6","0.0","0.0","0.0","5.6","7.6","1.8"
"20240605","울산","울주군","18.5","25.5","11.8","22.7","20.5","25.7","16.1","0.0","0.0","2.1","11.7","3.5","7.0","28.37","14.33","0.0","66.6","50.6","69.4","5.0","8.0","5.4","0.0","0.0","0.0","6.3","7.2","1.8"
"20240604","울산","울주군","17.3","21.3","14.0","22.4","20.4","25.6","16.0","0.0","0.0","2.4","7.7","10.0","7.1","21.92","26.36","0.0","73.3","47.9","68.7","2.8","5.5","5.4","0.0","0.0","0.0","8.8","8.8","1.9"
"20240603","울산","울주군","17.8","21.5","15.4","20.3","20.4","25.6","15.8","0.1","0.0","2.6","7.8","12.4","7.3","24.7","28.32","0.0","72.8","65.1","67.1","5.9","1.9","5.4","0.0","0.0","0.0","10.8","7.0","1.9"
"20240602","울산","울주군","17.6","22.4","14.0","21.7","20.3","25.7","15.5","0.0","11.9","2.5","5.9","9.9","7.5","17.45","27.07","0.0","75.3","70.9","65.8","6.5","4.6","5.1","0.0","0.0","0.0","7.4","7.5","1.9"
"20240601","울산","울주군","19.9","24.1","16.6","16.3","20.1","25.4","15.4","0.0","18.1","3.5","4.9","0.3","7.3","16.23","5.7","0.0","63.1","87.4","66.0","6.5","9.5","5.1","0.0","0.0","0.0","7.8","4.4","1.9"
"20240531","울산","울주군","21.5","27.6","17.3","18.3","20.0","25.4","15.2","0.0","0.0","3.0","8.8","9.9","7.4","24.84","27.71","0.0","55.5","66.8","66.1","3.8","3.4","5.0","0.0","0.0","0.0","7.1","8.2","1.9"
"20240530","울산","울주군","19.6","24.8","14.5","18.1","19.8","25.2","15.0","0.0","1.4","3.0","0.3","0.1","7.6","11.75","11.17","0.0","65.6","88.6","65.5","9.0","8.9","4.9","0.0","0.0","0.0","4.9","6.3","1.9"
"20240529","울산","울주군","18.0","25.9","10.2","20.0","19.5","24.9","14.9","0.0","59.0","3.2","12.4","0.0","7.6","28.14","2.59","0.0","65.1","95.0","65.6","0.9","9.9","4.9","0.0","0.0","0.0","6.9","5.4","1.9"
"20240528","울산","울주군","17.4","22.0","12.5","21.8","19.5","24.8","15.0","0.0","2.4","4.0","8.5","0.1","7.2","23.19","8.77","0.0","59.6","79.9","65.8","4.3","10.0","5.3","0.0","0.0","0.0","11.8","8.3","2.0"
"20240527","울산","울주군","22.0","25.3","18.7","21.8","19.5","24.8","14.9","0.0","0.0","4.0","9.6","6.2","7.3","24.51","21.94","0.0","50.1","72.3","65.4","6.8","8.3","5.2","0.0","0.0","0.0","8.2","9.3","2.0"
"20240526","울산","울주군","20.1","25.6","13.0","19.9","19.5","24.8","14.8","1.1","0.0","4.6","6.9","1.0","7.2","20.4","12.99","0.0","77.6","69.8","65.1","7.1","8.8","5.3","0.0","0.0","0.0","14.3","7.5","2.0"
"20240525","울산","울주군","17.7","21.4","15.0","18.1","19.6","24.9","14.8","0.0","0.0","4.1","8.8","7.9","7.1","25.69","25.67","0.0","63.6","64.5","64.9","6.5","5.4","5.2","0.0","0.0","0.0","7.1","7.9","1.9"
"20240524","울산","울주군","19.5","23.0","16.7","17.4","19.6","25.1","14.6","0.0","0.0","4.1","11.7","8.9","7.1","27.55","22.68","0.0","60.8","66.0","64.7","2.4","5.5","5.0","0.0","0.0","0.0","10.0","6.5","1.9"
"20240523","울산","울주군","22.2","27.0","16.0","17.4","19.5","25.2","14.3","0.0","0.0","3.7","12.2","10.0","7.5","28.11","25.63","0.0","62.4","61.4","64.3","4.1","0.6","4.7","0.0","0.0","0.0","5.5","7.9","1.9"
"20240522","울산","울주군","17.8","24.3","10.3","16.7","19.3","25.0","14.1","0.0","0.0","2.6","12.9","0.0","7.5","26.88","5.54","0.0","71.0","67.1","63.8","6.3","7.9","4.6","0.0","0.0","0.0","5.6","5.8","1.9"
"20240521","울산","울주군","16.0","20.5","12.7","21.7","19.1","24.8","14.0","0.0","0.0","2.9","7.4","12.4","7.5","23.34","26.7","0.0","75.3","61.4","63.5","4.6","2.6","4.6","0.0","0.0","0.0","9.2","5.7","1.9"
"20240520","울산","울주군","19.6","28.5","13.9","17.6","18.9","24.7","13.7","0.0","0.0","3.2","11.8","11.6","7.6","26.96","27.51","0.0","63.5","73.9","63.7","3.8","2.0","4.7","0.0","0.0","0.0","7.4","5.6","2.0"
"20240519","울산","울주군","20.3","28.1","14.1","16.9","18.7","24.4","13.6","0.0","8.5","2.8","12.9","1.6","7.4","29.0","10.26","0.0","48.9","83.9","63.9","0.4","8.8","4.9","0.0","0.0","0.0","6.9","9.7","2.0"
"20240518","울산","울주군","21.3","28.9","13.3","17.7","18.5","23.9","13.6","0.0","16.4","3.0","12.9","0.0","7.1","29.21","5.57","0.0","43.6","84.0","64.8","0.4","9.6","5.2","0.0","0.0","0.0","8.1","5.8","2.0"
"20240517","울산","울주군","17.9","25.8","9.2","23.5","18.3","23.6","13.4","0.0","0.0","3.3","9.3","12.4","6.7","26.05","28.2","0.0","55.6","50.6","65.6","2.9","3.9","5.6","0.0","0.0","0.0","9.6","9.9","2.0"
"20240516","울산","울주군","14.4","21.8","9.0","22.7","18.1","23.4","13.3","1.3","0.0","3.0","6.9","12.6","6.9","22.45","26.97","0.0","56.3","60.0","65.3","4.1","1.5","5.5","0.0","0.0","0.0","12.8","5.9","2.0"
"20240515","울산","울주군","17.9","25.9","10.0","19.5","17.9","23.3","13.2","11.0","0.0","2.8","12.2","12.8","6.9","27.57","26.85","0.0","66.6","63.8","65.3","2.5","1.1","5.4","0.0","0.0","0.0","10.3","7.2","2.0"
"20240514","울산","울주군","18.0","25.2","9.5","17.3","17.7","23.0","13.1","0.0","0.0","3.6","12.9","11.7","6.8","29.1","26.47","0.0","60.6","75.4","66.3","0.0","1.4","5.3","0.0","0.0","0.0","6.5","5.7","2.0"
"20240513","울산","울주군","16.4","21.4","12.4","14.6","17.5","22.7","12.7","0.0","2.7","3.8","12.9","0.0","7.0","29.57","3.47","0.0","59.8","86.5","65.6","0.0","8.9","5.2","0.0","0.0","0.0","10.9","6.8","2.1"
"20240512","울산","울주군","18.8","23.4","15.6","17.4","17.2","22.6","12.5","6.1","0.0","4.1","3.1","9.9","7.1","15.66","22.69","0.0","64.8","57.0","65.6","7.9","7.8","5.0","0.0","0.0","0.0","9.6","7.5","2.1"
"20240511","울산","울주군","19.7","22.8","15.3","15.5","17.1","22.6","12.3","0.0","0.0","4.1","4.6","8.9","6.9","16.04","23.0","0.0","68.1","68.4","65.4","6.1","5.3","5.1","0.0","0.0","0.0","14.9","6.9","2.1"
"20240510","울산","울주군","20.7","27.6","14.1","18.1","17.1","22.5","12.3","0.0","0.0","3.5","12.5","8.5","6.7","26.82","23.46","0.0","36.6","55.1","64.7","0.5","5.3","5.3","0.0","0.0","0.0","10.7","8.2","2.1"
"20240509","울산","울주군","15.3","21.4","6.1","16.2","17.2","22.6","12.3","0.0","0.0","4.2","12.6","12.8","6.7","27.49","27.51","0.0","68.9","48.6","63.9","0.0","1.4","5.3","0.0","0.0","0.0","6.1","7.2","2.1"
"20240508","울산","울주군","11.6","14.8","8.2","13.5","17.3","22.7","12.3","2.3","0.0","4.0","3.5","11.9","6.4","13.0","27.7","0.0","74.8","50.8","63.9","5.8","5.1","5.3","0.0","0.0","0.0","10.0","9.4","2.1"
"20240507","울산","울주군","13.9","18.0","11.2","11.8","17.4","23.0","12.3","1.7","3.2","3.3","0.3","0.0","6.8","5.51","3.68","0.0","80.8","75.1","62.4","9.4","8.5","5.1","0.0","0.0","0.0","8.7","10.8","2.1"
"20240506","울산","울주군","19.8","25.1","16.4","13.1","17.4","23.1","12.3","30.1","62.4","2.9","5.8","0.0","7.1","21.43","3.78","0.0","73.0","91.0","62.1","8.1","9.9","4.8","0.0","0.0","0.0","12.0","11.7","2.2"
"20240505","울산","울주군","17.5","19.9","16.4","18.2","17.3","22.8","12.3","15.5","37.6","4.0","0.0","0.0","7.2","4.54","2.51","0.0","87.1","92.0","62.8","10.0","10.0","4.8","0.0","0.0","0.0","11.8","15.0","2.2"
"20240504","울산","울주군","17.5","23.8","8.9","17.9","17.1","22.7","12.2","0.0","1.6","3.1","12.7","2.2","7.3","28.24","14.5","0.0","68.9","71.8","62.9","3.0","9.5","4.8","0.0","0.0","0.0","8.0","10.5","2.2"
"20240503","울산","울주군","16.0","23.8","8.2","17.1","17.0","22.6","12.2","0.0","0.0","2.9","12.7","3.0","7.5","28.62","16.41","0.0","61.6","57.9","63.3","0.0","7.4","4.7","0.0","0.0","0.0","6.6","9.7","2.2"
"20240502","울산","울주군","13.2","18.6","7.1","15.4","16.9","22.3","12.2","0.0","0.0","3.3","12.5","11.1","7.1","28.04","25.51","0.0","69.6","59.6","64.0","2.5","5.1","5.0","0.0","0.0","0.0","7.3","7.3","2.2"
"20240501","울산","울주군","12.7","16.1","9.5","15.6","16.7","22.0","12.0","0.2","0.0","3.7","1.5","12.5","6.6","12.0","27.86","0.0","67.0","46.5","64.7","7.5","0.8","5.2","0.0","0.0","0.0","10.4","9.5","2.2"
"20240430","울산","울주군","15.6","21.7","12.6","15.9","16.4","21.9","11.4","0.1","0.0","3.0","2.3","11.8","7.1","14.4","26.89","0.0","80.6","43.6","63.5","9.3","1.4","4.9","0.0","0.0","0.0","7.6","9.2","2.3"
"20240429","울산","울주군","13.5","14.2","12.6","16.5","16.1","21.7","10.9","5.1","3.5","2.6","0.0","0.0","7.1","3.5","4.46","0.0","88.3","84.3","62.3","10.0","8.9","4.7","0.0","0.0","0.0","8.9","10.5","2.2"
"20240428","울산","울주군","17.1","25.3","12.6","16.7","15.7","21.4","10.3","0.0","0.0","2.6","11.3","12.6","7.3","24.14","28.2","0.0","72.0","56.5","61.1","5.1","1.5","4.7","0.0","0.0","0.0","8.1","13.6","2.2"
"20240427","울산","울주군","18.2","26.3","11.9","13.6","15.3","21.2","9.8","0.0","0.0","2.6","12.4","12.0","7.7","26.63","25.6","0.0","69.3","62.6","59.1","0.0","1.0","4.4","0.0","0.0","0.0","6.3","7.7","2.2"
"20240426","울산","울주군","16.6","23.7","13.4","13.4","15.1","21.0","9.6","0.0","0.0","2.2","2.9","11.7","8.0","13.84","25.8","0.0","73.8","53.1","57.5","6.3","1.1","4.2","0.0","0.0","0.0","5.9","9.3","2.2"
"20240425","울산","울주군","16.7","23.7","10.2","9.6","15.0","20.7","9.7","0.0","9.7","3.0","12.3","0.0","7.7","25.61","4.98","0.0","66.4","83.1","57.8","0.8","9.9","4.4","0.0","0.0","0.0","5.9","5.3","2.2"
"20240424","울산","울주군","12.7","17.6","10.1","12.1","15.0","20.5","9.9","1.0","0.0","3.4","3.4","0.0","7.6","12.22","9.24","0.0","82.9","59.8","58.8","6.0","8.4","4.6","0.0","0.0","0.0","6.9","8.7","2.2"
"20240423","울산","울주군","13.1","16.2","10.8","12.3","15.0","20.5","10.1","11.7","0.0","4.2","1.1","4.1","7.3","9.92","15.15","0.0","76.5","56.4","59.5","9.1","6.8","4.8","0.0","0.0","0.0","11.3","8.8","2.3"
"20240422","울산","울주군","14.0","15.9","13.1","13.0","14.8","20.0","10.1","0.0","0.0","4.1","0.0","11.2","7.0","5.6","24.65","0.0","79.3","48.6","61.8","9.3","1.4","5.1","0.0","0.0","0.0","9.1","12.0","2.3"
"20240421","울산","울주군","14.6","15.4","13.9","15.1","14.6","19.8","9.9","4.0","0.0","4.7","0.0","8.9","6.8","2.57","22.1","0.0","91.5","52.6","63.1","9.8","4.3","5.2","0.0","0.0","0.0","11.0","12.3","2.3"
"20240420","울산","울주군","14.9","17.4","12.8","19.6","14.6","19.9","9.8","7.9","0.0","4.1","0.0","10.7","6.7","4.79","23.09","0.0","83.8","71.5","62.9","9.8","0.8","5.2","0.0","0.0","0.0","8.3","6.7","2.3"
"20240419","울산","울주군","18.8","25.7","11.2","17.1","14.4","19.9","9.6","0.0","0.0","5.0","10.8","2.2","6.8","24.71","11.43","0.0","55.6","80.5","62.2","3.0","6.0","5.1","0.0","0.0","0.0","6.0","7.6","2.3"
"20240418","울산","울주군","15.3","20.6","10.5","16.2","14.3","20.0","9.2","0.0","2.4","4.4","10.9","0.0","7.0","24.69","4.42","0.0","63.4","77.9","61.0","1.1","8.0","4.8","0.0","0.0","0.0","8.5","11.6","2.3"
"20240417","울산","울주군","16.0","21.7","12.1","12.7","14.3","20.2","9.0","0.0","0.0","3.9","9.2","11.4","7.2","21.55","24.35","0.0","56.3","61.8","59.4","5.0","0.1","4.6","0.0","0.0","0.0","8.8","7.5","2.2"
"20240416","울산","울주군","18.2","24.8","12.4","10.1","14.2","20.1","8.8","0.0","5.8","3.4","11.1","3.7","7.4","24.94","14.16","0.0","59.5","80.3","57.7","3.6","6.9","4.4","0.0","0.0","0.0","10.5","9.0","2.3"
"20240415","울산","울주군","15.5","18.2","14.3","12.0","13.9","19.7","8.4","16.5","5.4","3.2","0.0","0.0","7.4","2.68","3.52","0.0","88.5","88.9","56.5","8.4","7.5","4.3","0.0","0.0","0.0","8.3","7.7","2.3"
"20240414","울산","울주군","17.5","24.1","10.2","14.6","13.5","19.3","8.1","0.0","0.5","2.3","10.0","0.8","7.3","23.28","8.64","0.0","63.3","61.1","56.0","4.1","8.1","4.4","0.0","0.0","0.0","7.2","6.7","2.3"
"20240413","울산","울주군","17.0","24.6","10.8","14.7","13.1","18.7","8.0","0.0","0.0","2.4","11.3","11.2","6.9","25.62","23.95","0.0","65.4","31.5","56.9","0.9","3.3","4.7","0.0","0.0","0.0","6.5","6.5","2.3"
"20240411","울산","울주군","13.8","20.3","8.7","18.1","12.6","18.0","7.7","0.0","0.0","3.8","1.7","7.3","6.4","12.9","19.71","0.0","66.9","58.9","58.8","7.1","4.5","5.1","0.0","0.0","0.0","7.0","14.8","2.4"
"20240410","울산","울주군","10.5","16.5","4.7","14.4","12.5","17.9","7.6","0.0","0.0","3.5","10.3","11.6","6.6","21.95","24.0","0.0","64.8","39.9","59.0","5.5","0.9","5.0","0.0","0.0","0.0","7.2","8.9","2.4"
"20240409","울산","울주군","-99.0","15.4","6.9","13.5","12.4","17.8","7.5","0.0","0.0","3.3","0.0","12.0","6.6","0.0","26.38","0.0","0.0","25.1","59.6","0.0","0.0","4.9","0.0","0.0","0.0","13.2","7.9","2.4"
"20240408","울산","울주군","17.0","23.6","10.7","10.3","12.4","17.8","7.4","0.0","0.0","3.6","2.2","11.9","6.6","13.07","25.97","0.0","53.3","26.0","59.2","8.8","0.8","4.8","0.0","0.0","0.0","5.2","13.4","2.3"
"20240407","울산","울주군","16.3","22.9","10.3","12.9","12.3","17.9","7.2","0.0","5.3","2.8","11.3","10.6","7.0","22.75","23.23","0.0","50.6","47.0","58.4","4.6","3.3","4.5","0.0","0.0","0.0","7.1","11.2","2.2"
"20240406","울산","울주군","13.6","20.3","7.4","14.6","12.0","17.6","6.8","0.0","1.9","2.4","4.9","10.5","7.1","15.04","21.67","0.0","69.1","69.4","57.9","5.1","7.0","4.4","0.0","0.0","0.0","6.4","8.2","2.2"
"20240405","울산","울주군","12.0","15.8","8.9","14.9","11.8","17.4","6.6","0.0","22.7","2.6","10.4","0.0","7.2","23.38","1.61","0.0","61.3","90.4","57.6","3.0","9.1","4.4","0.0","0.0","0.0","7.7","18.0","2.3"
"20240404","울산","울주군","11.7","14.9","9.6","14.6","11.7","17.4","6.3","0.0","0.5","2.3","2.2","5.2","7.4","13.89","17.14","0.0","64.3","71.6","56.8","8.4","8.5","4.3","0.0","0.0","0.0","9.7","8.2","2.3"
"20240403","울산","울주군","11.6","13.8","9.9","13.1","11.4","17.3","6.0","49.4","0.0","2.2","0.0","10.7","7.5","2.33","24.04","0.0","93.0","61.5","56.5","10.0","1.9","4.1","0.0","0.0","0.0","8.7","9.6","2.3"
"20240402","울산","울주군","15.0","21.1","8.9","13.4","11.2","17.0","5.8","3.4","0.0","2.1","4.5","10.9","7.4","15.24","22.96","0.0","58.5","61.5","56.4","7.9","0.8","4.1","0.0","0.0","0.0","7.0","12.6","2.3"
"20240401","울산","울주군","13.6","20.7","7.4","13.7","11.1","16.9","5.9","0.0","0.0","2.1","11.7","10.2","7.3","23.91","21.91","0.0","55.6","66.6","57.0","0.0","2.4","4.2","0.0","0.0","0.0","9.2","8.4","2.3"
"20240331","울산","울주군","11.7","18.1","7.7","15.8","10.9","16.5","5.9","0.0","0.0","2.4","6.9","11.3","6.8","18.96","23.51","0.0","68.8","36.6","58.3","4.3","2.1","4.5","0.0","0.0","0.0","6.3","9.5","2.3"
"20240330","울산","울주군","13.5","18.6","6.3","14.6","10.8","16.3","5.8","0.1","0.0","2.3","9.6","9.4","6.5","18.28","19.76","0.0","46.1","47.0","58.0","2.5","4.9","4.6","0.0","0.0","0.0","13.3","6.5","2.3"
"20240329","울산","울주군","14.0","19.4","7.1","12.3","10.7","16.2","5.6","0.0","0.0","1.6","10.9","9.7","6.6","22.5","18.34","0.0","49.0","54.0","57.5","0.8","2.6","4.6","0.0","0.0","0.0","15.7","6.3","2.2"
"20240328","울산","울주군","10.7","12.2","8.3","11.5","10.4","15.9","5.4","30.8","0.0","1.8","0.0","11.1","6.5","1.91","22.77","0.0","87.4","46.4","56.8","8.8","0.0","4.6","0.0","0.0","0.0","13.0","8.4","2.2"
"20240327","울산","울주군","9.0","14.5","1.8","9.6","10.2","15.6","5.2","0.0","0.0","1.5","8.4","10.0","6.6","18.92","23.37","0.0","72.4","43.6","55.1","4.4","2.0","4.6","0.0","0.0","0.0","6.8","8.4","2.2"
"20240326","울산","울주군","7.0","9.4","3.6","10.7","9.9","15.3","4.9","12.7","0.0","1.3","1.4","1.9","6.8","8.31","12.13","0.0","81.4","70.8","53.7","7.4","7.8","4.5","0.0","0.0","0.0","11.3","6.0","2.2"
"20240325","울산","울주군","9.7","11.1","7.8","9.9","9.6","14.8","4.7","11.7","0.0","1.5","0.0","4.2","6.7","2.11","12.84","0.0","82.0","65.3","54.3","9.5","8.4","4.6","0.0","0.0","0.0","15.2","8.7","2.2"
"20240324","울산","울주군","10.7","12.4","9.8","11.6","9.3","14.3","4.6","1.3","0.0","1.8","0.0","2.8","6.4","4.96","13.92","0.0","77.0","69.0","54.6","9.8","9.0","4.7","0.0","0.0","0.0","9.6","9.8","2.3"
"20240323","울산","울주군","15.6","23.1","10.7","14.1","9.2","14.2","4.5","0.5","50.8","2.1","10.1","0.0","6.4","21.41","3.79","0.0","69.8","92.1","55.5","5.3","9.5","4.9","0.0","0.0","0.0","9.9","6.5","2.3"
"20240322","울산","울주군","9.8","14.5","2.3","16.0","9.1","14.1","4.4","1.1","1.6","2.3","6.1","0.7","6.0","16.26","9.56","0.0","62.9","76.6","57.0","6.9","8.3","5.1","0.0","0.0","0.0","11.3","5.4","2.4"
"20240321","울산","울주군","5.3","11.6","-0.9","14.3","9.2","14.4","4.5","0.0","0.0","2.6","11.2","8.0","6.1","22.51","18.48","0.0","45.4","53.6","57.8","0.4","7.3","5.1","0.0","0.0","0.0","7.9","6.2","2.5"
"20240320","울산","울주군","5.5","10.2","1.1","12.2","9.3","14.6","4.5","0.0","0.0","3.3","9.7","10.6","6.2","21.5","20.99","0.0","46.6","49.9","58.2","1.9","4.0","5.0","0.0","0.0","0.0","15.0","10.3","2.4"
"20240319","울산","울주군","10.6","16.4","6.2","10.4","9.3","14.7","4.3","0.0","0.0","3.2","3.8","11.0","6.4","12.99","21.34","0.0","38.5","42.6","58.0","6.0","0.6","4.9","0.0","0.0","0.0","13.1","7.3","2.5"
"20240318","울산","울주군","8.8","12.4","4.0","9.6","9.2","14.6","4.2","0.0","0.0","3.2","10.0","5.8","6.3","19.93","16.16","0.0","51.8","61.8","58.1","2.6","5.4","4.9","0.0","0.0","0.0","8.5","7.1","2.4"
"20240317","울산","울주군","13.1","20.0","7.7","8.6","8.9","14.4","3.9","0.0","0.0","3.6","7.4","1.4","6.5","17.85","10.42","0.0","47.1","62.0","58.7","4.6","9.3","4.8","0.0","0.0","0.0","10.5","8.6","2.4"
"20240316","울산","울주군","13.9","19.0","9.1","10.7","8.6","14.0","3.5","0.0","0.0","3.4","9.6","7.8","6.4","19.53","19.11","0.0","43.0","49.6","58.1","4.3","6.5","4.7","0.0","0.0","0.0","7.8","9.3","2.3"
"20240315","울산","울주군","13.7","20.7","4.5","14.4","8.3","13.9","3.2","0.0","0.0","2.7","11.0","8.2","6.6","21.77","16.54","0.0","27.5","62.5","56.9","0.0","3.0","4.5","0.0","0.0","0.0","7.7","15.0","2.4"
"20240314","울산","울주군","10.8","17.1","5.7","10.2","8.1","13.7","2.9","0.0","0.0","2.5","9.9","9.5","6.8","20.69","20.42","0.0","33.3","42.1","55.2","3.6","3.6","4.3","0.0","0.0","0.0","12.0","10.2","2.4"
"20240313","울산","울주군","8.3","14.8","0.2","4.7","7.8","13.4","2.6","0.0","0.0","2.1","10.8","10.8","7.1","20.98","21.76","0.0","51.4","33.0","53.5","0.1","2.6","4.0","0.0","0.0","0.0","6.5","11.2","2.4"
"20240312","울산","울주군","6.7","11.9","3.1","10.4","7.7","13.3","2.6","0.7","15.9","1.9","4.8","2.5","7.2","10.4","8.34","0.0","73.6","73.5","52.1","4.3","6.8","4.0","0.0","0.0","0.0","7.8","12.9","2.4"
"20240311","울산","울주군","8.4","13.5","1.8","16.1","7.5","13.1","2.5","2.2","0.0","1.9","4.5","9.1","7.1","11.86","16.77","0.0","53.8","55.9","52.1","8.8","4.6","4.0","0.0","0.0","0.0","9.4","6.1","2.4"
"20240310","울산","울주군","6.4","12.9","-1.1","13.3","7.2","12.6","2.3","0.0","0.0","1.9","10.9","10.0","7.1","21.13","18.7","0.0","42.9","65.8","52.3","1.0","0.6","3.9","0.0","0.0","0.0","6.6","6.3","2.4"
"20240309","울산","울주군","3.1","8.7","-1.5","15.2","6.9","12.1","2.3","0.0","0.0","2.1","10.8","6.5","6.8","20.64","13.76","0.0","47.5","69.4","53.7","0.0","3.9","4.1","0.0","0.0","0.0","15.3","10.1","2.5"
"20240308","울산","울주군","4.5","9.3","0.6","15.2","6.9","12.0","2.3","0.0","0.0","2.3","10.8","9.8","6.5","20.14","16.12","0.0","36.0","36.6","55.5","0.3","2.1","4.2","0.0","0.0","0.0","13.9","10.0","2.5"
"20240307","울산","울주군","5.1","7.9","3.4","13.6","6.9","12.1","2.1","0.4","0.0","2.4","0.1","9.6","6.3","6.44","16.77","0.0","73.0","40.6","56.7","7.4","0.0","4.3","0.0","0.0","0.0","9.9","10.8","2.4"
"20240306","울산","울주군","6.3","7.8","5.0","11.4","6.7","11.8","2.1","0.3","0.0","2.8","0.8","10.4","6.3","8.93","18.67","0.0","74.3","47.0","57.6","9.1","0.0","4.5","0.0","0.0","0.0","10.8","6.9","2.4"
"20240305","울산","울주군","6.8","8.4","5.6","8.5","6.7","11.7","2.0","18.3","0.0","2.5","0.0","10.1","5.9","1.28","18.64","0.0","88.4","64.5","57.8","10.0","1.0","4.6","0.0","0.0","0.0","12.0","6.1","2.4"
"20240304","울산","울주군","8.1","14.3","1.5","8.8","6.6","11.8","1.9","0.1","0.0","2.1","7.1","8.1","5.9","15.68","15.67","0.0","53.9","49.6","57.2","6.1","4.9","4.6","0.0","0.0","0.0","6.8","9.7","2.3"
"20240303","울산","울주군","6.4","11.1","0.6","7.2","6.4","11.6","1.8","0.0","0.0","2.0","8.1","10.5","5.9","15.72","19.4","0.0","47.3","23.1","56.9","1.6","0.4","4.6","0.0","0.0","0.0","9.4","9.2","2.2"
"20240302","울산","울주군","0.4","6.4","-5.4","4.2","6.4","11.4","1.8","0.0","0.0","2.1","10.6","10.5","5.7","19.91","19.89","0.0","33.5","26.3","56.9","0.0","0.0","4.7","0.0","0.0","0.0","9.9","9.5","2.2"
"20240301","울산","울주군","1.4","4.6","-3.5","9.3","6.3","11.4","1.7","0.0","0.0","1.6","9.8","0.2","5.8","18.37","6.43","0.0","31.3","52.4","56.4","3.5","6.8","4.6","0.0","0.0","0.0","13.9","11.7","2.2"
"20240229","울산","울주군","4.5","7.6","2.8","9.4","6.3","11.4","1.7","7.0","0.0","1.8","0.0","10.4","5.9","2.39","19.48","0.0","83.6","39.9","56.6","9.0","1.6","4.6","0.0","0.0","0.0","8.5","9.6","2.2"
"20240228","울산","울주군","5.4","10.7","-0.9","9.4","6.2","11.3","1.7","0.0","0.0","1.9","7.1","10.4","5.9","14.96","19.48","0.0","63.8","39.9","56.8","3.5","1.6","4.6","0.0","0.0","0.0","6.7","9.6","2.2"
"20240227","울산","울주군","4.0","5.5","2.2","6.9","6.2","11.3","1.8","0.0","0.0","2.3","0.3","10.3","5.6","5.02","18.98","0.0","57.4","46.0","57.8","8.4","0.0","4.8","0.0","0.0","0.0","8.1","6.8","2.1"
"20240226","울산","울주군","4.7","7.9","3.1","4.2","6.1","11.1","1.5","0.0","0.0","2.2","4.1","10.3","5.6","11.42","18.7","0.0","69.0","41.3","57.5","4.8","0.0","4.7","0.0","0.0","0.0","9.9","6.2","2.1"
"20240225","울산","울주군","4.7","7.2","2.7","3.3","5.7","10.9","1.2","1.6","0.0","1.7","0.4","6.6","6.1","8.75","15.64","0.0","82.9","50.8","55.7","9.3","2.4","4.3","0.0","0.0","0.0","8.6","10.0","2.2"
"20240224","울산","울주군","3.9","5.6","2.5","7.0","5.6","10.8","1.0","1.1","0.0","2.1","0.0","8.8","6.0","3.19","16.18","0.0","67.3","45.3","55.7","10.0","4.5","4.3","0.0","0.0","0.0","9.6","10.8","2.2"
"20240223","울산","울주군","2.9","4.1","1.6","8.2","5.3","10.5","0.6","0.0","0.0","2.0","0.0","9.6","6.2","3.9","17.26","0.0","73.3","48.5","54.5","10.0","4.6","4.1","0.0","0.0","0.0","9.8","7.5","2.2"
"20240222","울산","울주군","3.0","4.4","1.8","4.3","5.1","10.4","0.3","2.3","0.0","1.9","0.0","8.7","6.7","2.24","16.5","0.0","84.9","54.3","52.8","10.0","4.5","3.7","0.0","0.0","0.0","11.2","7.5","2.3"
"20240221","울산","울주군","5.5","6.4","4.3","0.7","5.0","10.3","0.1","6.4","0.0","1.9","0.0","8.8","6.8","2.05","16.99","0.0","90.6","45.6","52.0","10.0","0.6","3.7","0.0","0.0","0.0","11.7","9.9","2.3"
"20240220","울산","울주군","7.3","12.3","6.0","2.9","4.7","9.9","-0.1","6.1","0.0","1.9","0.0","9.9","6.5","1.27","17.32","0.0","88.3","28.9","51.3","9.8","0.4","3.9","0.0","0.0","0.0","10.5","11.2","2.3"
"20240219","울산","울주군","16.1","22.0","12.3","8.2","4.4","9.5","-0.2","39.8","0.0","1.4","4.1","6.6","6.8","9.67","13.03","0.0","84.5","48.6","49.4","6.6","4.0","3.8","0.0","0.0","0.0","8.1","10.8","2.4"
"20240218","울산","울주군","10.4","17.0","1.1","7.2","4.3","9.4","-0.2","5.3","3.0","1.3","4.6","0.0","6.8","10.8","3.28","0.0","78.6","91.9","48.8","5.8","10.0","3.9","0.0","0.0","0.0","8.6","4.0","2.4"
"20240217","울산","울주군","6.4","13.8","-0.5","5.7","4.3","9.4","-0.1","0.0","0.0","1.3","9.8","1.6","6.5","17.24","5.84","0.0","66.6","52.3","49.4","0.0","8.8","4.2","0.0","0.0","0.0","6.7","6.5","2.3"
"20240216","울산","울주군","4.1","8.3","1.6","4.4","4.5","9.6","0.0","0.0","0.0","1.2","4.4","1.2","6.4","11.6","7.65","0.0","58.4","73.1","49.6","4.1","5.8","4.2","0.0","0.0","0.0","7.8","6.3","2.4"
"20240215","울산","울주군","10.9","20.4","3.6","2.2","4.7","9.9","0.1","0.0","0.4","1.4","5.1","0.6","6.6","11.58","6.64","0.0","72.9","77.6","50.1","7.3","8.0","4.0","0.0","0.0","0.0","11.8","8.7","2.3"
"20240214","울산","울주군","13.8","18.6","9.5","4.0","4.7","10.0","0.0","1.0","0.0","1.7","2.1","4.3","6.5","7.57","10.98","0.0","74.6","70.6","50.2","6.9","6.5","3.9","0.0","0.0","0.0","10.3","9.6","2.3"
"20240213","울산","울주군","10.8","17.4","2.2","6.2","4.5","9.9","-0.2","0.0","1.1","1.7","9.6","0.0","6.5","16.01","2.93","0.0","54.1","74.9","50.4","0.0","9.9","3.9","0.0","0.0","0.0","12.8","9.5","2.3"
"20240212","울산","울주군","5.0","11.4","-1.3","6.9","4.2","9.5","-0.5","0.0","0.2","1.7","9.6","3.9","6.6","16.0","9.02","0.0","50.3","64.9","49.8","0.0","6.9","3.7","0.0","0.0","0.0","6.8","8.2","2.3"
"20240211","울산","울주군","4.2","9.2","0.1","5.7","3.7","8.9","-0.9","0.0","0.0","1.6","9.0","2.4","6.8","14.91","9.3","0.0","45.8","70.5","48.8","0.0","5.5","3.6","0.0","0.0","0.0","10.2","4.7","2.3"
"20240210","울산","울주군","4.0","8.8","-0.5","5.0","3.3","8.4","-1.2","0.0","22.1","1.6","9.6","3.3","6.6","14.66","10.38","0.0","43.1","80.8","48.8","0.0","7.0","3.7","0.0","0.0","0.0","10.8","7.9","2.4"
"20240209","울산","울주군","4.5","10.0","1.0","5.2","3.3","8.5","-1.4","0.0","1.2","1.2","3.4","2.8","6.8","8.47","4.67","0.0","53.9","55.4","48.8","3.6","7.1","3.7","0.0","0.0","0.0","9.8","9.3","2.4"
"20240208","울산","울주군","4.0","9.5","-0.3","6.0","3.3","8.6","-1.3","0.0","0.0","0.9","9.2","9.5","6.9","14.33","14.95","0.0","63.6","51.9","48.5","3.4","2.9","3.6","0.0","0.0","0.0","6.1","7.9","2.4"
"20240207","울산","울주군","2.7","7.6","-0.1","6.5","3.3","8.6","-1.4","0.0","0.0","0.6","7.9","6.5","6.9","13.41","11.66","0.0","68.9","63.3","47.6","2.3","3.9","3.5","0.0","0.0","0.0","7.9","7.3","2.4"
"20240206","울산","울주군","3.1","5.3","1.1","6.1","3.2","8.6","-1.4","0.0","0.0","0.5","0.1","7.8","6.8","6.05","13.08","0.0","81.4","37.4","46.9","9.6","4.9","3.3","0.0","0.0","0.0","6.7","5.2","2.3"
"20240205","울산","울주군","5.2","7.0","2.4","3.7","3.2","8.7","-1.5","24.7","0.0","0.4","0.0","9.5","6.9","2.88","15.46","0.0","88.1","30.5","46.1","10.0","0.0","3.2","0.0","0.0","0.0","12.9","6.7","2.3"
"20240204","울산","울주군","6.0","7.9","4.4","2.0","2.9","8.4","-1.8","2.8","0.0","0.3","0.0","9.4","6.9","3.86","14.24","0.0","85.9","31.8","45.0","9.8","1.0","2.9","0.0","0.0","0.0","7.2","9.7","2.2"
"20240203","울산","울주군","5.3","7.7","3.3","3.7","2.6","8.1","-2.0","5.0","0.0","0.5","0.0","3.4","6.9","3.94","9.25","0.0","82.4","35.0","44.8","9.4","5.3","2.9","0.0","0.0","0.0","5.6","7.8","2.3"
"20240202","울산","울주군","4.8","7.3","2.9","2.5","2.5","7.9","-2.1","0.0","0.0","0.8","0.5","8.5","6.8","6.31","11.89","0.0","77.3","35.9","45.6","8.4","7.0","3.0","0.0","0.0","0.0","7.4","7.6","2.2"
"20240201","울산","울주군","6.2","8.4","2.9","7.5","2.5","7.8","-2.0","2.3","0.0","0.9","0.0","6.8","6.8","3.01","11.8","0.0","68.8","42.1","46.1","10.0","7.8","3.2","0.0","0.0","0.0","9.8","9.2","2.3"
"20240131","울산","울주군","8.1","13.8","4.7","3.8","2.5","7.7","-2.0","0.5","0.0","0.9","2.5","9.4","6.7","7.77","13.88","0.0","73.8","32.9","46.9","7.3","0.8","3.2","0.0","0.0","0.0","4.8","10.6","2.3"
"20240130","울산","울주군","5.0","11.8","-1.6","1.3","2.5","7.6","-1.8","0.0","0.0","1.0","8.4","9.5","6.6","13.1","14.79","0.0","56.9","30.6","47.6","3.1","0.0","3.2","0.0","0.0","0.0","5.8","10.0","2.3"
"20240129","울산","울주군","3.0","9.3","-1.5","0.9","2.5","7.6","-1.9","0.0","0.0","1.6","9.0","9.4","6.6","12.9","14.36","0.0","50.9","44.4","47.4","0.3","0.3","3.2","0.0","0.0","0.0","6.0","10.4","2.3"
"20240128","울산","울주군","2.7","6.9","0.3","-3.6","2.4","7.5","-2.0","0.0","0.0","1.6","8.8","9.3","6.7","13.87","14.33","0.0","42.8","35.3","47.1","2.0","0.0","3.0","0.0","0.0","0.0","9.0","13.3","2.3"
"20240127","울산","울주군","3.4","9.5","-0.9","-2.3","2.2","7.4","-2.2","0.0","0.0","1.6","9.2","9.0","6.6","13.47","14.02","0.0","47.0","34.5","47.1","1.8","2.8","2.9","0.0","0.0","0.0","6.6","13.0","2.3"
"20240126","울산","울주군","1.7","8.2","-3.0","-1.6","1.9","7.1","-2.4","0.0","0.0","1.6","9.3","1.1","6.8","13.84","6.73","0.0","38.5","43.8","46.5","0.0","7.5","2.8","0.0","0.0","0.0","9.3","6.0","2.4"
"20240125","울산","울주군","-2.8","2.5","-8.1","-7.5","1.8","6.8","-2.5","0.0","0.0","1.6","9.3","9.4","6.5","13.29","14.68","0.0","36.1","24.0","47.3","0.6","0.0","3.0","0.0","0.0","0.0","8.9","14.6","2.5"
"20240124","울산","울주군","-4.9","-0.2","-8.6","-7.0","1.8","6.6","-2.4","0.0","0.0","1.1","9.3","9.1","6.1","13.91","14.24","0.0","41.9","29.0","48.5","0.0","1.9","3.3","0.0","0.0","0.0","13.7","19.5","2.4"
"20240123","울산","울주군","-5.7","-1.2","-8.3","4.6","1.8","6.6","-2.3","0.0","0.0","1.3","9.3","7.8","5.9","13.91","12.42","0.0","40.5","43.5","49.3","0.3","3.1","3.5","0.0","0.0","0.0","11.4","9.7","2.4"
"20240122","울산","울주군","-0.3","5.1","-6.2","2.1","2.0","6.6","-2.0","0.3","0.0","1.4","8.7","0.0","5.8","12.81","4.76","0.0","52.9","39.1","50.2","3.4","6.8","3.7","0.0","0.0","0.0","10.7","5.9","2.3"
"20240121","울산","울주군","5.9","7.4","5.1","-1.2","2.2","7.0","-1.8","0.7","0.0","1.6","0.2","9.1","5.6","5.14","13.93","0.0","80.4","29.3","50.5","9.8","0.6","3.8","0.0","0.0","0.0","9.4","8.4","2.3"
"20240120","울산","울주군","6.5","7.7","5.8","2.0","2.4","7.3","-1.6","22.5","0.0","1.5","0.0","8.6","5.7","1.58","12.57","0.0","86.6","35.9","50.5","10.0","1.9","3.8","0.0","0.0","0.0","10.6","11.1","2.2"
"20240119","울산","울주군","6.0","7.1","5.0","1.6","2.6","7.5","-1.5","1.4","0.0","1.4","0.0","9.0","5.8","1.92","12.98","0.0","75.3","48.9","50.7","9.9","1.4","3.7","0.0","0.0","0.0","10.0","6.7","2.2"
"20240118","울산","울주군","9.8","14.8","6.6","1.5","2.7","7.6","-1.5","9.8","0.0","1.6","0.0","8.4","5.8","0.94","0.0","0.0","81.8","51.5","51.1","9.8","1.3","3.8","0.0","0.0","0.0","9.6","7.0","2.2"
"20240117","울산","울주군","6.1","10.3","0.5","0.3","2.6","7.7","-1.7","0.4","0.0","1.8","0.5","7.0","6.0","2.17","0.0","0.0","70.3","39.1","51.0","9.3","2.9","3.6","0.0","0.0","0.0","4.1","5.7","2.2"
"20240116","울산","울주군","2.4","8.3","-2.5","0.6","2.5","7.6","-1.7","0.0","0.0","1.9","8.6","8.8","5.8","11.88","0.0","0.0","48.3","54.3","51.7","1.9","1.6","3.7","0.0","0.0","0.0","8.6","7.1","2.2"
"20240115","울산","울주군","2.8","8.4","-0.2","4.8","2.4","7.3","-1.7","0.0","1.1","2.0","8.8","0.0","5.7","12.53","0.0","0.0","45.1","88.6","52.2","0.0","8.4","3.7","0.0","0.0","0.0","10.8","6.5","2.2"
"20240114","울산","울주군","7.0","14.1","-2.2","9.3","2.3","7.2","-1.8","0.0","0.7","1.9","8.8","0.0","5.8","11.93","0.0","0.0","60.9","90.9","51.3","0.9","9.3","3.6","0.0","0.0","0.0","10.4","5.6","2.3"
"20240113","울산","울주군","3.0","7.0","-0.2","13.8","2.3","7.2","-1.7","0.0","39.4","1.4","8.9","1.0","5.9","12.4","0.0","0.0","37.8","97.0","50.0","0.0","8.0","3.5","0.0","0.0","0.0","9.0","6.5","2.3"
"20240112","울산","울주군","4.9","10.5","-1.1","10.1","2.2","7.0","-1.7","0.0","0.0","0.9","8.7","8.8","6.0","11.54","0.0","0.0","42.9","57.3","49.0","0.0","2.6","3.4","0.0","0.0","0.0","6.0","4.1","2.3"
"20240111","울산","울주군","3.9","10.3","-0.9","7.9","2.2","7.1","-1.8","0.0","0.0","0.6","8.7","8.8","6.3","12.3","0.0","0.0","57.9","44.4","48.1","0.0","0.9","3.2","0.0","0.0","0.0","5.5","4.0","2.4"
"20240110","울산","울주군","4.1","7.8","0.7","5.8","2.2","7.2","-1.8","0.8","0.0","0.7","2.2","8.1","6.4","7.19","0.0","0.0","73.9","59.9","47.8","6.4","2.9","3.1","0.0","0.0","0.0","11.0","4.7","2.4"
"20240109","울산","울주군","2.2","7.1","-3.0","7.6","2.3","7.3","-1.8","5.8","0.0","1.1","0.1","8.3","6.3","4.65","0.0","0.0","52.4","49.4","47.8","5.9","1.1","3.1","0.0","0.0","0.0","6.6","6.8","2.3"
"20240108","울산","울주군","-1.0","6.2","-6.5","4.8","2.4","7.5","-1.7","0.0","0.0","1.3","8.8","8.7","6.3","12.49","0.0","0.0","33.1","41.0","48.3","0.3","0.1","3.1","0.0","0.0","0.0","7.3","5.7","2.3"
"20240107","울산","울주군","0.5","3.3","-3.5","5.3","2.5","7.6","-1.7","0.0","0.1","1.4","8.8","7.2","6.1","11.97","0.0","0.0","34.1","44.0","48.5","0.6","2.1","3.3","0.0","0.0","0.0","11.5","7.0","2.2"
"20240106","울산","울주군","4.7","9.7","1.2","4.1","2.6","7.8","-1.7","0.0","0.0","1.3","7.5","7.9","6.1","11.07","0.0","0.0","43.6","51.0","47.7","1.4","2.4","3.3","0.0","0.0","0.0","7.1","4.1","2.1"
"20240105","울산","울주군","6.4","13.4","0.2","3.4","2.7","7.9","-1.6","0.0","0.0","1.2","8.7","7.5","6.2","11.07","0.0","0.0","52.8","45.8","46.4","0.0","3.5","3.3","0.0","0.0","0.0","7.7","6.7","2.1"
"20240104","울산","울주군","3.7","11.1","-0.8","1.6","2.8","8.2","-1.6","0.0","0.0","0.6","8.8","8.7","6.5","11.88","0.0","0.0","44.0","35.6","45.7","0.0","0.0","3.0","0.0","0.0","0.0","8.2","8.3","2.1"
"20240103","울산","울주군","4.4","7.5","2.0","0.9","2.7","8.2","-1.7","0.1","0.0","0.4","5.1","8.7","6.7","7.99","0.0","0.0","61.3","23.0","45.2","5.5","1.0","2.8","0.0","0.0","0.0","12.9","5.8","2.2"
"20240102","울산","울주군","-99.0","11.2","2.7","1.4","2.7","8.2","-1.7","0.0","0.0","0.2","0.0","5.9","6.9","0.0","0.0","0.0","0.0","19.1","45.2","0.0","4.9","2.6","0.0","0.0","0.0","6.9","6.3","2.3"
"20240101","울산","울주군","5.6","9.5","2.9","4.2","2.7","8.2","-1.8","0.0","0.0","0.2","2.4","8.7","6.9","7.38","0.0","0.0","65.4","37.0","46.1","5.9","2.1","2.6","0.0","0.0","0.0","7.9","6.4","2.3"
"20231231","울산","울주군","6.0","10.1","3.3","2.2","2.7","8.3","-1.8","0.1","0.0","0.2","2.4","8.8","6.9","5.49","0.0","0.0","71.8","44.4","46.3","4.0","1.0","2.5","0.0","0.0","0.0","13.6","7.5","2.3"
"20231230","울산","울주군","6.4","14.3","0.0","1.5","2.6","8.1","-1.8","1.1","0.0","0.4","5.8","8.8","6.8","9.26","0.0","0.0","56.8","52.5","46.5","5.1","1.9","2.6","0.0","0.0","0.0","5.5","6.3","2.3"
"20231229","울산","울주군","5.0","11.8","0.5","0.9","2.6","8.1","-1.8","0.0","0.0","0.6","8.6","8.7","6.8","10.77","0.0","0.0","53.1","42.6","46.1","1.1","2.4","2.6","0.0","0.0","0.0","6.3","7.6","2.2"
"20231228","울산","울주군","5.1","11.7","-0.2","2.5","2.8","8.2","-1.6","0.0","0.0","0.9","8.7","8.5","6.7","10.65","0.0","0.0","59.3","44.0","46.5","0.3","1.9","2.7","0.0","0.0","0.0","7.5","6.1","2.1"
"20231227","울산","울주군","5.5","11.8","2.0","2.4","3.0","8.4","-1.3","0.0","0.0","1.2","8.1","8.7","6.6","10.6","0.0","0.0","63.1","30.9","47.3","3.1","0.0","2.6","0.0","0.0","0.0","6.4","6.1","2.2"
"20231226","울산","울주군","4.2","9.5","-1.9","1.2","3.2","8.6","-1.0","0.0","0.0","1.3","8.7","8.1","6.5","11.32","0.0","0.0","50.3","39.8","49.1","3.1","2.0","2.9","0.0","0.0","0.0","5.8","6.2","2.1"
"20231225","울산","울주군","1.3","5.5","-3.5","0.6","3.6","9.0","-0.7","0.0","0.0","1.1","8.7","8.7","6.5","11.06","0.0","0.0","51.6","38.4","50.1","0.1","0.0","2.8","0.0","0.0","0.0","9.7","8.2","2.1"
"20231224","울산","울주군","0.5","5.5","-3.1","-3.0","4.0","9.2","-0.3","0.0","0.0","1.1","5.7","8.7","6.3","8.22","0.0","0.0","51.4","44.6","51.9","4.4","0.4","2.9","0.0","0.0","0.0","7.4","7.0","2.2"
"20231223","울산","울주군","-2.2","2.3","-6.6","-4.4","4.2","9.5","-0.1","0.0","0.0","1.3","8.1","8.7","6.0","10.7","0.0","0.0","36.5","36.5","53.4","3.3","0.6","3.0","0.0","0.0","0.0","10.6","9.3","2.1"
"20231222","울산","울주군","-5.4","-1.9","-8.2","-1.1","4.4","9.7","0.0","0.0","0.0","1.1","8.7","7.6","6.0","12.07","0.0","0.0","32.8","49.9","53.5","0.0","2.5","3.2","0.0","0.0","0.0","14.3","9.7","2.0"
"20231221","울산","울주군","-5.7","-2.3","-8.1","2.9","4.4","9.6","-0.1","0.0","7.0","1.0","8.7","0.4","6.2","11.83","0.0","0.0","37.5","83.4","52.2","0.0","6.8","3.1","0.0","0.0","0.0","12.0","4.6","2.0"
"20231220","울산","울주군","-1.1","2.3","-5.9","0.8","4.2","9.4","-0.3","0.0","0.0","1.0","8.1","8.8","6.2","10.81","0.0","0.0","50.5","45.5","51.0","3.8","2.1","3.1","0.0","0.0","0.0","9.2","5.3","2.1"
"20231219","울산","울주군","0.9","5.0","-2.1","-1.9","4.0","9.2","-0.4","0.0","0.0","0.8","3.9","8.8","6.3","8.33","0.0","0.0","35.3","38.9","50.3","7.1","0.0","3.0","0.0","0.0","0.0","6.3","5.1","2.1"
"20231218","울산","울주군","-2.4","1.9","-6.4","-4.6","3.8","9.1","-0.7","0.0","0.0","0.5","7.0","8.8","6.5","9.68","0.0","0.0","38.1","33.0","49.0","6.0","0.0","2.9","0.0","0.0","0.0","8.7","6.0","2.1"
"20231217","울산","울주군","-4.4","-1.2","-6.7","-1.2","3.6","8.8","-0.8","0.0","0.0","0.3","8.7","2.6","6.5","11.99","0.0","0.0","37.3","36.5","48.3","0.6","5.1","2.7","0.0","0.0","0.0","12.9","5.7","2.1"
"20231216","울산","울주군","3.0","7.9","-2.9","1.5","3.6","8.8","-0.8","1.0","0.0","0.4","2.3","2.6","6.5","5.61","0.0","0.0","64.6","26.6","48.4","5.6","7.8","2.7","0.0","0.0","0.0","11.8","5.4","2.2"
"20231215","울산","울주군","8.4","11.5","6.0","0.6","3.8","9.0","-0.7","50.6","0.0","0.6","0.0","8.7","6.4","0.83","0.0","0.0","95.5","49.5","49.3","10.0","0.9","2.9","0.0","0.0","0.0","5.6","5.9","2.1"
"20231214","울산","울주군","9.8","11.5","7.1","-2.1","3.9","9.1","-0.6","24.3","0.0","0.6","0.1","8.7","6.3","2.17","0.0","0.0","87.1","42.3","49.1","9.6","2.6","2.9","0.0","0.0","0.0","3.9","8.1","2.0"
"20231213","울산","울주군","8.7","12.7","4.2","5.9","4.2","9.3","-0.1","0.0","0.0","0.7","4.6","7.8","6.3","8.1","0.0","0.0","74.3","49.3","49.6","4.4","2.0","2.9","0.0","0.0","0.0","7.9","7.3","2.1"
"20231212","울산","울주군","8.8","12.5","7.6","6.6","4.6","9.8","0.1","0.0","2.4","1.0","0.1","2.5","6.2","3.53","0.0","0.0","79.1","82.6","50.9","9.0","7.0","3.1","0.0","0.0","0.0","10.7","5.4","2.0"
"20231211","울산","울주군","13.6","14.8","11.0","6.3","4.8","10.1","0.4","49.6","0.3","0.9","0.0","6.1","6.1","0.62","0.0","0.0","92.8","55.3","51.3","10.0","3.6","3.2","0.0","0.0","0.0","13.9","6.4","2.0"
"20231210","울산","울주군","12.0","16.6","8.2","8.1","4.9","10.1","0.5","0.0","0.0","0.8","6.1","5.4","6.2","8.22","0.0","0.0","74.5","46.3","52.0","4.1","4.6","3.1","0.0","0.0","0.0","6.2","5.6","2.0"
"20231209","울산","울주군","15.5","19.7","10.2","8.0","5.1","10.4","0.7","0.0","0.0","0.8","5.5","6.5","6.1","8.06","0.0","0.0","62.0","40.0","52.9","3.0","2.5","3.3","0.0","0.0","0.0","10.4","4.7","2.0"
"20231208","울산","울주군","13.2","18.1","4.2","6.8","5.0","10.2","0.6","0.0","0.0","1.2","8.4","8.7","6.0","10.58","0.0","0.0","58.0","43.4","52.9","0.3","3.6","3.3","0.0","0.0","0.0","14.7","5.4","1.9"
"20231207","울산","울주군","8.7","13.6","5.5","5.4","5.0","10.2","0.6","0.0","0.0","0.9","8.7","8.0","6.1","10.99","0.0","0.0","36.9","51.9","52.1","0.0","2.3","3.2","0.0","0.0","0.0","14.5","5.5","2.0"
"20231206","울산","울주군","8.9","14.8","1.2","3.1","5.2","10.3","0.8","0.0","0.0","1.2","5.3","8.7","6.1","8.76","0.0","0.0","56.6","44.4","52.4","3.9","2.1","3.3","0.0","0.0","0.0","9.2","5.3","2.0"
"20231205","울산","울주군","8.0","14.8","4.3","1.8","5.5","10.6","1.1","0.0","0.0","1.4","5.7","6.4","6.0","9.1","0.0","0.0","42.6","21.9","52.2","4.8","5.3","3.3","0.0","0.0","0.0","6.0","6.2","2.1"
"20231204","울산","울주군","7.1","15.0","0.7","4.8","5.8","11.1","1.4","0.0","0.0","1.5","8.7","6.7","6.1","11.6","0.0","0.0","33.8","30.3","53.1","2.8","6.9","3.3","0.0","0.0","0.0","5.2","7.1","2.1"
"20231203","울산","울주군","5.6","11.5","1.7","6.1","6.3","11.7","1.8","0.0","0.0","1.2","8.6","6.8","6.1","11.83","0.0","0.0","45.4","50.6","54.4","0.0","5.9","3.4","0.0","0.0","0.0","6.4","5.9","2.1"
"20231202","울산","울주군","4.5","10.7","-1.4","1.0","6.8","12.1","2.4","0.0","0.0","1.5","8.7","8.8","5.9","12.16","0.0","0.0","49.3","40.0","56.3","1.5","2.8","3.5","0.0","0.0","0.0","8.9","5.5","1.9"
"20231201","울산","울주군","1.3","5.7","-2.4","0.0","7.2","12.5","2.8","0.0","0.0","1.4","8.7","6.9","5.7","12.44","0.0","0.0","40.0","25.9","57.8","0.0","6.9","3.6","0.0","0.0","0.0","12.2","8.1","1.9"
"20231130","울산","울주군","1.1","6.0","-2.0","1.6","7.4","12.8","3.0","0.0","0.0","1.4","8.8","4.1","5.6","12.81","0.0","0.0","35.4","24.4","58.9","1.9","8.4","3.6","0.0","0.0","0.0","9.7","7.7","1.9"
"20231129","울산","울주군","5.0","8.4","0.8","14.5","7.6","12.9","3.2","0.0","23.2","1.4","0.0","0.1","5.6","5.87","0.0","0.0","53.6","73.5","58.5","6.6","9.6","3.7","0.0","0.0","0.0","7.2","5.7","1.9"
"20231128","울산","울주군","6.6","10.7","1.9","16.6","7.8","13.1","3.4","0.0","0.7","1.3","8.1","6.3","5.5","11.85","0.0","0.0","44.5","72.6","58.8","1.0","7.6","3.8","0.0","0.0","0.0","11.0","6.8","1.9"
"20231127","울산","울주군","9.8","16.7","5.6","10.7","8.0","13.5","3.5","0.0","0.0","1.8","2.6","7.8","5.8","7.27","0.0","0.0","56.9","38.6","58.7","4.6","3.9","3.7","0.0","0.0","0.0","10.8","5.6","2.0"
"20231126","울산","울주군","6.3","11.9","-0.2","13.2","8.1","13.7","3.5","0.0","0.0","1.8","6.6","8.8","5.8","9.71","0.0","0.0","34.9","42.5","58.6","4.5","0.0","3.7","0.0","0.0","0.0","6.5","6.2","1.9"
"20231125","울산","울주군","2.2","8.8","-2.6","12.8","8.2","13.9","3.6","0.0","0.0","1.5","8.8","8.6","5.9","12.91","0.0","0.0","40.6","55.8","58.8","0.0","2.4","3.6","0.0","0.0","0.0","9.7","5.2","1.9"
"20231124","울산","울주군","4.4","12.9","-0.4","11.1","8.4","14.1","3.6","0.0","0.0","1.5","8.9","6.9","6.0","13.21","0.0","0.0","29.8","55.1","58.7","0.4","3.3","3.6","0.0","0.0","0.0","12.8","5.4","1.9"
"20231123","울산","울주군","16.9","21.1","11.7","13.5","8.4","14.2","3.4","0.0","0.8","1.6","8.3","4.4","6.2","10.76","0.0","0.0","51.4","76.4","57.5","3.9","5.4","3.4","0.0","0.0","0.0","12.4","6.2","1.9"
"20231122","울산","울주군","12.7","20.7","3.7","14.1","8.4","14.2","3.5","0.0","2.4","1.0","8.8","0.0","6.3","12.9","0.0","0.0","59.3","75.3","56.2","2.0","9.6","3.3","0.0","0.0","0.0","7.1","5.5","1.8"
"20231121","울산","울주군","10.0","19.7","2.4","14.3","8.5","14.2","3.6","0.0","0.0","1.3","8.9","8.0","6.3","13.19","0.0","0.0","52.4","69.5","55.8","0.0","4.8","3.3","0.0","0.0","0.0","5.2","4.4","1.9"
"20231120","울산","울주군","9.3","14.9","5.4","14.0","8.6","14.2","3.8","0.0","0.0","1.8","9.0","3.5","6.4","12.98","0.0","0.0","54.3","75.0","55.3","0.0","6.4","3.3","0.0","0.0","0.0","7.8","4.4","1.9"
"20231119","울산","울주군","9.2","14.8","4.1","14.2","8.9","14.5","4.1","0.0","0.0","1.8","9.0","5.8","6.4","13.12","0.0","0.0","50.9","69.6","55.7","0.0","5.5","3.3","0.0","0.0","0.0","10.9","5.9","1.9"
"20231118","울산","울주군","3.9","8.8","-1.1","11.8","9.2","14.8","4.5","0.0","0.0","1.8","9.0","9.3","6.4","13.52","0.0","0.0","48.1","57.4","56.4","1.3","0.0","3.5","0.0","0.0","0.0","13.0","4.1","1.9"
"20231117","울산","울주군","6.3","11.2","2.3","10.9","9.6","15.1","4.9","0.0","0.0","1.5","7.3","7.4","6.3","12.91","0.0","0.0","51.3","48.0","56.8","1.9","3.5","3.5","0.0","0.0","0.0","12.5","4.1","1.9"
"20231116","울산","울주군","8.1","13.7","4.0","11.2","10.0","15.6","5.4","9.0","0.0","1.0","0.0","8.9","6.3","4.37","0.0","0.0","71.4","51.6","57.5","7.1","1.5","3.6","0.0","0.0","0.0","6.3","5.5","1.8"
"20231115","울산","울주군","8.7","15.2","4.9","10.0","10.5","16.1","5.8","0.0","0.0","0.7","8.9","9.3","6.1","13.26","0.0","0.0","54.5","53.3","58.7","0.0","0.0","3.8","0.0","0.0","0.0","5.1","5.8","1.8"
"20231114","울산","울주군","7.8","13.6","2.5","12.0","10.9","16.4","6.2","0.0","0.0","0.8","9.2","0.5","6.2","14.08","0.0","0.0","46.5","66.8","59.3","1.1","7.0","3.6","0.0","0.0","0.0","7.2","5.4","1.8"
"20231113","울산","울주군","5.0","10.4","-0.2","16.6","11.3","16.7","6.7","0.0","17.5","1.3","9.2","5.4","6.1","14.66","0.0","0.0","36.5","78.8","61.0","0.0","8.1","3.7","0.0","0.0","0.0","8.8","7.5","1.9"
"20231112","울산","울주군","4.8","9.1","1.6","17.8","11.6","17.0","7.1","0.0","0.3","1.9","7.1","7.3","5.8","13.36","0.0","0.0","41.9","82.5","62.5","2.8","4.4","4.0","0.0","0.0","0.0","13.0","5.2","1.9"
"20231111","울산","울주군","7.2","12.9","3.1","14.6","11.8","17.1","7.3","0.0","0.0","1.9","7.0","5.8","5.8","11.68","0.0","0.0","47.3","76.6","62.5","3.3","3.3","4.0","0.0","0.0","0.0","8.2","4.1","2.0"
"20231110","울산","울주군","11.5","16.1","5.6","14.5","12.1","17.3","7.8","3.0","0.0","2.2","5.5","9.3","5.7","10.51","0.0","0.0","55.3","54.4","62.7","5.4","1.0","4.2","0.0","0.0","0.0","9.9","4.8","2.1"
"20231109","울산","울주군","16.0","22.6","8.8","13.5","12.5","17.7","8.1","0.0","0.0","2.2","7.7","9.0","5.5","12.87","0.0","0.0","68.9","57.1","63.9","5.1","2.1","4.5","0.0","0.0","0.0","6.3","4.5","2.0"
"20231108","울산","울주군","11.7","19.4","4.2","13.0","12.8","18.1","8.4","0.0","0.0","1.8","9.3","9.3","5.6","14.27","0.0","0.0","57.3","53.4","64.2","1.9","0.0","4.4","0.0","0.0","0.0","6.4","4.8","1.9"
"20231107","울산","울주군","11.7","16.3","7.6","11.4","13.1","18.6","8.4","0.0","0.0","1.6","9.3","9.3","5.8","14.99","0.0","0.0","35.5","56.5","65.0","0.0","0.0","4.3","0.0","0.0","0.0","11.0","3.8","1.8"
"20231106","울산","울주군","18.9","23.0","13.1","10.4","13.1","18.9","8.2","21.0","0.0","1.6","1.0","9.3","6.1","4.73","0.0","0.0","63.0","46.3","64.9","5.9","0.8","3.9","0.0","0.0","0.0","17.3","5.2","1.7"
"20231105","울산","울주군","19.4","23.6","15.8","9.1","13.0","19.1","8.0","0.1","0.0","1.0","0.8","9.3","6.6","6.82","0.0","0.0","83.1","26.5","63.8","8.5","0.0","3.3","0.0","0.0","0.0","7.9","5.8","1.7"
"20231104","울산","울주군","18.0","21.5","15.8","10.0","12.8","19.0","7.7","0.0","0.0","0.8","1.9","8.9","6.9","6.09","0.0","0.0","80.5","37.0","62.7","8.0","2.4","3.1","0.0","0.0","0.0","7.7","6.4","1.7"
"20231103","울산","울주군","20.6","26.2","14.7","14.4","12.7","18.7","7.6","0.0","0.0","1.1","9.4","9.3","6.9","14.36","0.0","0.0","58.1","42.8","62.0","1.5","2.4","3.0","0.0","0.0","0.0","10.0","5.4","1.7"
"20231102","울산","울주군","20.2","27.6","13.5","14.7","12.6","18.6","7.7","0.0","0.0","1.1","9.4","9.4","6.9","14.3","0.0","0.0","57.1","68.9","61.2","0.0","0.0","3.1","0.0","0.0","0.0","6.0","4.0","1.8"
"20231101","울산","울주군","18.5","26.2","10.1","15.3","12.8","18.6","8.0","0.0","0.0","1.0","9.4","9.5","6.8","14.15","0.0","0.0","55.6","63.6","61.1","0.0","0.3","3.3","0.0","0.0","0.0","7.6","4.9","1.8"
"20231031","울산","울주군","16.1","24.2","9.1","14.3","13.1","18.8","8.4","0.0","0.0","1.4","9.4","8.7","6.7","15.16","0.0","0.0","56.6","69.3","62.0","0.0","3.4","3.5","0.0","0.0","0.0","5.0","6.1","1.8"
"20231030","울산","울주군","14.8","22.6","8.6","13.5","13.5","19.2","8.7","0.0","1.7","1.6","9.3","0.4","6.5","14.7","0.0","0.0","71.0","84.8","62.5","1.1","8.9","3.7","0.0","0.0","0.0","4.9","4.7","1.8"
"20231029","울산","울주군","14.1","19.2","9.7","14.6","13.7","19.5","8.9","0.0","0.0","1.4","7.6","4.4","6.6","12.98","0.0","0.0","70.4","79.9","62.8","1.1","7.4","3.5","0.0","0.0","0.0","7.1","5.6","1.8"
"20231028","울산","울주군","13.9","20.0","7.9","14.6","13.9","19.7","9.1","0.0","0.2","1.1","8.3","7.2","6.8","14.23","0.0","0.0","69.3","77.0","63.1","1.9","4.6","3.4","0.0","0.0","0.0","6.7","5.4","1.8"
"20231027","울산","울주군","14.4","20.0","11.1","15.1","14.3","20.1","9.4","0.0","0.0","1.1","6.1","8.9","6.8","11.48","0.0","0.0","71.4","65.4","63.6","1.4","2.6","3.4","0.0","0.0","0.0","10.6","4.3","1.8"
"20231026","울산","울주군","17.3","24.4","11.6","13.7","14.6","20.3","9.7","0.0","0.0","0.9","9.4","5.2","6.7","14.74","0.0","0.0","63.1","64.1","64.6","1.5","4.5","3.5","0.0","0.0","0.0","5.6","5.1","1.8"
"20231025","울산","울주군","16.2","23.3","12.4","12.1","14.7","20.3","10.1","0.0","0.0","0.9","9.4","5.4","6.6","15.46","0.0","0.0","67.4","58.1","64.8","0.0","5.0","3.6","0.0","0.0","0.0","5.4","6.9","1.9"
"20231024","울산","울주군","15.1","21.9","9.4","12.3","15.0","20.3","10.6","0.0","0.0","1.2","6.4","9.6","6.2","12.79","0.0","0.0","65.6","57.1","65.5","3.6","1.8","4.0","0.0","0.0","0.0","5.3","7.2","1.9"
"20231023","울산","울주군","15.2","21.8","11.2","15.1","15.4","20.6","11.0","0.0","0.0","1.8","9.5","9.2","5.9","16.04","0.0","0.0","62.3","70.3","66.7","0.6","3.3","4.3","0.0","0.0","0.0","5.5","5.5","2.0"
"20231022","울산","울주군","14.0","20.2","6.3","17.9","15.5","20.6","11.3","0.0","0.0","2.2","7.6","6.0","5.7","14.6","0.0","0.0","49.0","47.8","67.8","4.9","4.8","4.6","0.0","0.0","0.0","5.9","5.4","2.0"
"20231021","울산","울주군","12.4","18.4","7.3","15.6","15.7","20.8","11.5","0.0","0.0","2.2","7.7","6.2","5.7","15.26","0.0","0.0","44.5","53.5","67.6","1.1","7.4","4.8","0.0","0.0","0.0","10.6","4.6","2.1"
"20231020","울산","울주군","13.6","17.5","10.3","13.4","15.9","21.1","11.6","0.5","0.0","2.2","7.2","10.0","5.8","15.56","0.0","0.0","49.4","53.6","67.7","3.8","0.4","4.6","0.0","0.0","0.0","13.2","4.0","2.0"
"20231019","울산","울주군","18.1","23.3","12.3","11.3","16.1","21.5","11.6","0.0","0.0","1.6","4.6","10.0","6.2","11.63","0.0","0.0","60.6","43.3","67.1","6.4","0.0","4.3","0.0","0.0","0.0","5.8","5.8","2.0"
"20231018","울산","울주군","16.6","24.9","8.9","11.5","16.1","21.6","11.5","0.0","0.0","1.6","9.8","10.2","6.5","17.33","0.0","0.0","58.9","44.4","66.1","1.5","0.1","4.1","0.0","0.0","0.0","7.1","5.9","2.0"
"20231017","울산","울주군","15.2","22.4","10.0","16.4","16.2","21.7","11.5","0.0","0.0","1.6","9.8","9.5","6.8","18.0","0.0","0.0","58.3","45.4","65.7","0.0","1.8","4.0","0.0","0.0","0.0","7.0","7.6","1.9"
"20231016","울산","울주군","16.9","22.3","13.0","18.6","16.4","22.0","11.8","0.0","0.0","1.8","9.9","9.8","6.8","17.83","0.0","0.0","57.8","79.1","65.9","0.0","4.5","3.9","0.0","0.0","0.0","8.2","4.3","1.8"
"20231015","울산","울주군","16.6","21.8","12.9","17.9","16.6","22.2","12.1","0.0","0.0","1.9","9.9","9.5","6.9","17.96","0.0","0.0","62.4","77.9","66.0","0.3","3.9","4.0","0.0","0.0","0.0","9.9","5.5","1.8"
"20231014","울산","울주군","17.5","23.9","12.7","17.1","16.9","22.4","12.5","3.1","0.0","2.6","6.4","7.2","6.7","14.03","0.0","0.0","69.5","74.0","66.6","5.5","6.0","4.2","0.0","0.0","0.0","10.1","5.9","1.8"
"20231013","울산","울주군","17.4","22.8","13.2","18.0","17.3","22.6","13.0","0.0","0.0","2.5","6.4","8.2","6.7","14.9","0.0","0.0","65.6","61.0","67.1","7.8","5.4","4.3","0.0","0.0","0.0","6.5","6.0","1.9"
"20231012","울산","울주군","16.5","22.0","11.5","15.7","17.7","23.0","13.3","0.0","0.0","2.3","8.9","7.5","6.6","16.14","0.0","0.0","60.5","64.8","68.1","3.8","3.5","4.4","0.0","0.0","0.0","8.6","5.7","1.9"
"20231011","울산","울주군","17.5","22.0","13.4","13.7","17.8","23.1","13.4","0.0","0.0","2.3","9.1","10.5","6.7","17.69","0.0","0.0","54.9","57.5","68.5","1.0","0.8","4.4","0.0","0.0","0.0","8.2","7.9","1.9"
"20231010","울산","울주군","17.5","21.8","13.5","14.5","17.9","23.1","13.6","0.0","0.0","2.8","8.0","9.9","6.5","15.52","0.0","0.0","67.9","47.4","69.1","4.8","3.0","4.5","0.0","0.0","0.0","8.0","7.0","1.9"
"20231009","울산","울주군","17.6","20.5","15.1","15.4","18.0","23.2","13.7","0.2","0.4","2.6","0.4","0.0","6.3","7.02","0.0","0.0","79.5","84.4","69.8","9.3","9.5","4.7","0.0","0.0","0.0","7.1","4.5","1.9"
"20231008","울산","울주군","18.3","19.5","16.7","15.7","18.0","23.1","13.7","0.0","0.0","3.0","0.2","9.2","6.2","5.4","0.0","0.0","65.6","64.6","70.0","9.1","4.5","4.7","0.0","0.0","0.0","9.4","7.0","2.0"
"20231007","울산","울주군","17.8","22.2","14.1","16.0","18.0","23.0","13.9","0.0","0.0","5.1","3.0","4.3","6.0","11.54","0.0","0.0","63.9","74.6","69.4","9.1","8.5","5.1","0.0","0.0","0.0","8.0","7.5","2.0"
"20231006","울산","울주군","16.7","22.7","11.7","16.8","18.2","23.1","14.2","0.0","1.1","4.8","8.4","2.1","5.8","17.66","0.0","0.0","54.5","88.4","69.4","7.1","9.3","5.3","0.0","0.0","0.0","5.5","4.0","2.0"
"20231005","울산","울주군","16.6","20.8","12.7","16.4","18.5","23.4","14.3","0.0","0.0","3.9","8.3","1.2","5.9","19.31","0.0","0.0","42.1","83.0","69.5","3.6","9.0","5.2","0.0","0.0","0.0","10.1","5.1","1.9"
"20231004","울산","울주군","19.4","24.9","14.5","20.9","18.7","23.8","14.5","0.0","24.9","5.1","9.7","0.1","6.1","18.03","0.0","0.0","65.0","85.5","69.3","5.9","8.8","5.1","0.0","0.0","0.0","6.3","7.9","1.9"
"20231003","울산","울주군","17.4","21.6","14.0","24.7","19.0","24.0","14.9","0.5","2.1","4.5","0.6","1.3","6.0","6.69","0.0","0.0","76.1","82.3","70.3","7.6","8.0","5.2","0.0","0.0","0.0","5.6","6.4","1.8"
"20231002","울산","울주군","17.9","23.8","13.8","22.2","19.2","24.2","15.2","0.0","0.0","3.9","9.1","7.6","5.8","19.52","0.0","0.0","56.8","71.5","71.5","3.3","6.1","5.3","0.0","0.0","0.0","8.0","4.7","1.8"
"20231001","울산","울주군","19.1","23.6","14.9","21.7","19.4","24.1","15.4","0.0","0.0","4.9","9.4","9.6","5.5","20.04","0.0","0.0","59.6","63.8","72.9","2.1","3.0","5.5","0.0","0.0","0.0","8.6","3.6","1.8"
"20230930","울산","울주군","19.4","24.3","15.3","20.8","19.4","24.0","15.6","0.9","0.0","5.0","4.4","10.9","5.0","10.59","0.0","0.0","75.4","77.3","73.8","7.4","0.1","5.8","0.0","0.0","0.0","10.4","3.8","1.8"
"20230929","울산","울주군","21.9","27.2","17.5","20.5","19.5","24.0","15.7","0.0","0.0","4.5","7.5","11.1","4.8","17.89","0.0","0.0","74.8","78.4","74.3","4.1","0.0","5.9","0.0","0.0","0.0","7.1","3.9","1.8"
"20230928","울산","울주군","23.6","28.0","20.2","19.9","19.6","24.1","15.8","0.0","0.0","4.1","10.5","4.2","5.1","20.2","0.0","0.0","67.9","86.8","74.0","1.3","7.5","5.7","0.0","0.0","0.0","8.2","4.2","1.8"
"20230927","울산","울주군","23.2","27.4","20.7","20.1","19.8","24.3","15.9","0.2","0.0","2.7","3.7","3.8","5.3","10.54","0.0","0.0","85.4","83.1","74.0","8.0","6.4","5.5","0.0","0.0","0.0","6.1","4.6","1.8"
"20230926","울산","울주군","21.1","22.0","20.1","18.8","20.0","24.6","16.1","4.1","0.1","3.6","0.0","0.1","5.7","3.04","0.0","0.0","92.6","80.9","73.8","9.9","9.0","5.2","0.0","0.0","0.0","3.5","3.2","1.9"
"20230925","울산","울주군","21.7","23.5","20.1","18.5","20.0","24.7","16.2","0.0","0.0","4.1","0.2","0.1","5.9","6.97","0.0","0.0","76.1","72.5","74.1","9.3","9.0","5.2","0.0","0.0","0.0","7.3","3.8","1.9"
"20230924","울산","울주군","21.6","24.5","19.0","18.3","20.1","24.6","16.4","0.0","0.0","4.4","8.0","8.4","5.7","19.79","0.0","0.0","64.4","54.5","74.5","5.8","4.6","5.4","0.0","0.0","0.0","10.3","6.7","1.9"
"20230923","울산","울주군","20.2","24.3","15.8","21.3","20.2","24.7","16.5","0.5","0.0","5.2","7.9","8.5","5.5","17.32","0.0","0.0","71.3","67.0","74.9","7.1","4.4","5.6","0.0","0.0","0.0","10.0","5.4","2.0"
"20230922","울산","울주군","19.8","23.9","17.1","19.4","20.3","24.8","16.7","0.0","0.0","5.7","6.4","7.8","5.4","15.7","0.0","0.0","77.1","74.6","74.4","5.4","6.3","5.7","0.0","0.0","0.0","6.6","5.1","2.0"
"20230921","울산","울주군","19.5","23.4","17.8","17.2","20.6","25.1","16.9","61.5","0.0","3.8","0.0","10.2","5.6","5.49","0.0","0.0","84.8","67.9","73.7","10.0","3.4","5.7","0.0","0.0","0.0","8.1","6.4","2.0"
"20230920","울산","울주군","22.3","25.3","20.5","18.5","20.9","25.4","17.2","37.4","0.0","3.4","0.0","9.1","5.7","4.06","0.0","0.0","87.8","60.4","73.6","9.8","6.4","5.6","0.0","0.0","0.0","4.9","6.8","2.0"
"20230919","울산","울주군","24.4","30.2","20.9","21.9","21.3","25.8","17.6","0.0","56.4","5.0","8.5","1.8","5.7","18.32","0.0","0.0","75.3","80.6","73.9","4.0","7.9","5.6","0.0","0.0","0.0","5.3","11.4","2.1"
"20230918","울산","울주군","25.0","29.7","21.6","25.3","21.6","26.0","17.9","0.8","20.7","6.4","5.6","2.8","5.7","14.83","0.0","0.0","84.1","84.5","74.2","4.3","9.0","5.6","0.0","0.0","0.0","6.7","8.4","2.1"
"20230917","울산","울주군","23.3","26.8","21.3","24.5","21.7","26.1","18.2","61.9","0.0","6.9","0.5","2.8","5.8","6.21","0.0","0.0","91.1","86.8","74.9","9.1","8.1","5.6","0.0","0.0","0.0","5.2","4.1","2.1"
"20230916","울산","울주군","23.2","25.1","21.7","23.3","21.8","26.0","18.4","19.6","0.0","7.8","1.0","1.5","5.5","3.14","0.0","0.0","94.0","91.8","76.2","9.6","6.8","5.8","0.0","0.0","0.0","3.0","3.2","2.1"
"20230915","울산","울주군","23.4","25.8","21.7","22.8","21.9","26.1","18.5","3.9","0.0","8.3","0.1","0.1","5.5","6.29","0.0","0.0","89.3","77.6","76.5","10.0","7.5","5.9","0.0","0.0","0.0","5.2","6.4","2.1"
"20230914","울산","울주군","22.3","23.9","21.1","23.5","22.0","26.1","18.6","15.6","0.0","6.5","0.0","5.7","5.1","4.27","0.0","0.0","90.4","75.6","76.8","10.0","7.6","6.2","0.0","0.0","0.0","5.3","7.7","2.0"
"20230913","울산","울주군","24.1","26.4","21.8","23.4","22.1","26.2","18.8","45.3","0.0","5.5","0.2","2.4","4.8","6.32","0.0","0.0","89.6","79.4","76.9","9.5","9.1","6.4","0.0","0.0","0.0","5.9","6.9","1.9"
"20230912","울산","울주군","25.0","29.0","21.4","22.5","22.3","26.4","18.9","0.0","0.0","5.7","3.6","0.5","4.9","15.16","0.0","0.0","79.8","88.3","77.2","8.3","8.6","6.4","0.0","0.0","0.0","4.9","4.2","1.8"
"20230911","울산","울주군","23.9","29.0","20.0","22.8","22.5","26.6","19.1","0.0","0.0","5.3","8.6","2.0","4.8","17.39","0.0","0.0","78.1","80.0","77.0","3.6","7.9","6.5","0.0","0.0","0.0","5.4","4.9","1.8"
"20230910","울산","울주군","22.7","27.9","18.5","22.1","22.6","26.8","19.2","0.0","0.0","5.1","9.0","1.5","4.9","21.94","0.0","0.0","75.4","74.9","77.0","4.1","8.4","6.4","0.0","0.0","0.0","6.8","6.4","1.7"
"20230909","울산","울주군","22.0","26.7","17.6","21.9","22.7","27.0","19.3","0.0","0.0","6.3","11.7","7.5","5.2","23.75","0.0","0.0","74.1","76.8","76.9","0.1","6.1","6.2","0.0","0.0","0.0","8.6","6.5","1.8"
"20230908","울산","울주군","22.8","26.7","19.2","21.3","22.8","26.9","19.4","0.0","0.0","8.4","7.8","10.5","5.0","19.23","0.0","0.0","69.5","69.8","77.7","2.9","5.1","6.2","0.0","0.0","0.0","8.5","5.9","1.9"
"20230907","울산","울주군","23.5","27.1","20.6","21.5","22.9","27.1","19.6","0.0","0.0","8.0","7.4","11.8","4.8","20.07","0.0","0.0","71.8","61.8","78.0","3.4","1.3","6.4","0.0","0.0","0.0","12.2","5.9","1.9"
"20230906","울산","울주군","24.6","27.3","23.0","23.9","23.1","27.3","19.7","0.0","110.4","7.4","5.5","6.8","5.1","15.14","0.0","0.0","74.9","73.0","77.7","6.5","5.0","6.2","0.0","0.0","0.0","11.0","13.5","2.0"
"20230905","울산","울주군","25.1","28.6","23.1","25.8","23.2","27.4","19.9","0.0","51.1","8.1","9.6","0.0","4.9","21.43","0.0","0.0","71.8","92.9","78.1","5.4","9.8","6.3","0.0","0.0","0.0","10.0","8.2","2.0"
"20230904","울산","울주군","25.2","29.1","21.7","24.9","23.5","27.6","20.2","2.1","8.3","6.9","6.9","2.5","5.0","16.41","0.0","0.0","81.8","92.6","78.2","5.3","8.9","6.3","0.0","0.0","0.0","8.6","5.1","2.0"
"20230903","울산","울주군","25.1","29.8","21.9","21.9","23.8","28.1","20.4","0.0","23.3","4.5","6.9","0.0","5.6","18.79","0.0","0.0","83.9","96.9","77.0","4.8","10.0","5.9","0.0","0.0","0.0","6.4","5.1","2.0"
"20230902","울산","울주군","23.8","28.0","22.0","21.2","24.0","28.1","20.6","5.9","14.5","5.6","1.4","0.0","5.6","12.09","0.0","0.0","88.0","95.1","76.5","8.8","10.0","5.9","0.0","0.0","0.0","7.3","5.7","2.1"
"20230901","울산","울주군","23.4","25.4","22.4","21.8","24.0","28.0","20.9","17.0","0.0","6.2","0.0","0.3","5.2","5.11","0.0","0.0","91.8","86.1","77.1","10.0","9.3","6.3","0.0","0.0","0.0","10.5","4.9","2.1"
"20230831","울산","울주군","25.2","29.9","22.8","21.0","24.3","28.2","21.0","36.7","27.3","5.8","5.1","0.0","5.4","16.09","0.0","0.0","85.4","94.8","76.8","8.3","9.9","6.3","0.0","0.0","0.0","6.5","3.8","2.1"
"20230830","울산","울주군","26.5","29.2","24.6","21.2","24.4","28.4","21.2","0.0","12.6","5.6","0.2","0.0","5.4","6.42","0.0","0.0","82.3","93.0","76.7","9.3","9.8","6.3","0.0","0.0","0.0","8.3","4.0","2.1"
"20230829","울산","울주군","26.3","29.5","24.7","22.5","24.6","28.5","21.3","0.2","0.0","5.5","1.0","2.8","5.2","8.54","0.0","0.0","84.5","79.1","77.1","8.1","8.9","6.4","0.0","0.0","0.0","13.2","4.4","2.0"
"20230828","울산","울주군","25.1","27.4","23.2","21.3","24.6","28.6","21.4","0.7","0.0","5.7","1.1","10.0","5.2","9.39","0.0","0.0","84.9","66.1","77.9","8.0","4.3","6.4","0.0","0.0","0.0","6.5","6.3","2.0"
"20230827","울산","울주군","25.5","29.0","21.5","22.5","24.7","28.9","21.5","0.0","0.0","6.6","8.4","6.1","5.2","21.49","0.0","0.0","78.9","66.8","78.0","4.9","5.6","6.3","0.0","0.0","0.0","9.6","4.0","1.9"
"20230826","울산","울주군","25.8","30.4","22.9","23.8","24.9","29.0","21.7","0.0","0.3","6.6","11.7","9.0","5.2","24.72","0.0","0.0","74.3","66.8","77.7","1.1","5.3","6.3","0.0","0.0","0.0","6.2","4.7","1.9"
"20230825","울산","울주군","26.2","31.6","21.8","24.1","25.0","29.1","21.8","5.2","0.0","9.8","7.6","8.3","5.2","21.27","0.0","0.0","77.9","78.6","77.7","5.6","6.6","6.4","0.0","0.0","0.0","13.4","4.5","1.9"
"20230824","울산","울주군","25.0","27.9","23.2","21.7","25.1","29.3","21.9","105.3","38.2","11.4","0.0","0.0","5.2","6.03","0.0","0.0","91.1","88.6","77.9","9.9","9.4","6.4","0.0","0.0","0.0","10.0","6.3","1.9"
"20230823","울산","울주군","27.8","32.3","23.8","25.5","25.4","29.5","22.2","0.1","2.8","10.7","9.3","0.6","5.2","20.04","0.0","0.0","78.1","83.0","77.6","4.3","8.8","6.4","0.0","0.0","0.0","9.4","3.6","2.0"
"20230822","울산","울주군","28.1","32.4","24.2","24.7","25.5","29.6","22.4","0.0","0.0","9.9","8.5","11.9","5.4","19.5","0.0","0.0","75.0","71.9","77.5","3.3","4.3","6.3","0.0","0.0","0.0","10.5","3.9","2.0"
"20230821","울산","울주군","27.8","31.4","24.2","24.6","25.6","29.6","22.4","0.0","0.0","10.5","11.7","11.0","5.3","24.12","0.0","0.0","79.8","74.3","78.0","2.4","2.3","6.4","0.0","0.0","0.0","6.7","5.5","2.0"
"20230820","울산","울주군","27.2","31.5","25.2","26.0","25.6","29.6","22.5","1.8","15.5","9.6","5.7","0.9","5.3","17.66","0.0","0.0","85.5","89.4","78.6","6.9","8.8","6.4","0.0","0.0","0.0","5.9","4.9","2.0"
"20230819","울산","울주군","26.0","28.3","24.0","27.3","25.7","29.7","22.6","28.9","0.0","8.3","0.7","7.5","5.4","7.22","0.0","0.0","91.1","76.1","78.5","9.6","7.1","6.4","0.0","0.0","0.0","5.3","6.2","2.0"
"20230818","울산","울주군","24.7","26.9","23.2","24.4","25.8","29.7","22.7","41.4","0.0","7.9","0.7","8.1","5.5","5.97","0.0","0.0","91.8","84.8","78.6","8.8","4.9","6.3","0.0","0.0","0.0","4.8","4.3","2.1"
"20230817","울산","울주군","24.6","26.8","22.7","23.9","25.9","29.9","22.9","0.0","14.7","8.6","1.7","0.3","5.5","8.3","0.0","0.0","83.1","93.3","78.9","8.3","9.6","6.4","0.0","0.0","0.0","6.5","3.7","2.1"
"20230816","울산","울주군","25.0","28.7","22.4","26.0","26.0","30.0","23.0","0.0","17.8","8.4","3.9","0.0","5.3","13.97","0.0","0.0","79.5","89.4","79.1","7.5","9.9","6.5","0.0","0.0","0.0","5.3","6.2","2.1"
"20230815","울산","울주군","25.5","29.1","22.9","30.2","26.2","30.2","23.2","0.0","0.0","7.1","8.1","8.7","5.4","22.62","0.0","0.0","73.0","65.0","78.5","4.5","7.4","6.4","0.0","0.0","0.0","11.2","7.9","2.1"
"20230814","울산","울주군","26.0","30.3","23.1","29.1","26.4","30.3","23.4","0.0","1.7","7.0","7.5","6.7","5.5","20.72","0.0","0.0","78.3","79.0","78.3","5.6","7.0","6.3","0.0","0.0","0.0","6.4","5.1","2.1"
"20230813","울산","울주군","25.4","30.3","22.2","26.7","26.6","30.5","23.5","0.0","4.0","7.1","10.9","2.3","5.5","25.89","0.0","0.0","80.0","90.6","78.3","4.0","8.0","6.2","0.0","0.0","0.0","7.1","5.1","1.9"
"20230812","울산","울주군","26.0","30.8","22.9","28.6","26.6","30.5","23.5","0.0","0.0","8.9","5.8","8.4","5.5","20.64","0.0","0.0","78.0","82.1","78.4","5.8","5.6","6.3","0.0","0.0","0.0","6.8","3.8","1.9"
"20230811","울산","울주군","26.7","31.6","22.7","27.5","26.7","30.7","23.6","0.0","3.4","9.2","11.9","0.0","5.6","26.14","0.0","0.0","72.9","80.8","78.1","1.9","9.5","6.3","0.0","0.0","0.0","9.7","5.4","2.0"
"20230810","울산","울주군","24.9","27.0","22.9","28.7","26.7","30.7","23.6","146.3","0.0","8.5","0.3","0.0","5.5","5.36","0.0","0.0","87.1","71.4","78.6","7.4","8.9","6.4","0.0","0.0","0.0","21.0","6.1","2.0"
"20230809","울산","울주군","24.1","25.5","23.1","29.1","26.7","30.7","23.6","36.7","0.0","8.2","0.0","0.0","5.5","2.27","0.0","0.0","89.5","69.1","78.7","9.9","8.8","6.4","0.0","0.0","0.0","15.7","6.6","2.0"
"20230808","울산","울주군","26.3","29.6","24.7","29.7","26.8","30.9","23.7","0.0","0.0","8.3","1.9","2.6","5.7","14.53","0.0","0.0","78.5","68.0","78.2","7.5","7.5","6.2","0.0","0.0","0.0","8.2","6.7","2.1"
"20230807","울산","울주군","27.7","30.4","25.0","30.7","27.0","31.2","23.7","0.0","0.0","5.5","3.1","11.0","6.2","12.61","0.0","0.0","76.9","73.8","77.2","6.8","3.4","5.8","0.0","0.0","0.0","8.2","6.8","2.1"
"20230806","울산","울주군","29.0","33.0","25.6","30.3","27.0","31.3","23.6","0.0","0.0","5.2","12.6","10.7","6.7","26.93","0.0","0.0","71.9","74.5","76.7","2.9","3.1","5.4","0.0","0.0","0.0","10.5","4.2","2.0"
"20230805","울산","울주군","29.1","33.2","24.7","29.8","27.1","31.4","23.6","0.0","0.0","5.1","12.5","9.5","6.8","26.81","0.0","0.0","72.6","74.8","76.2","1.0","3.0","5.3","0.0","0.0","0.0","5.5","4.1","2.1"
"20230804","울산","울주군","29.0","34.9","24.9","30.0","27.2","31.5","23.8","0.0","0.0","5.3","10.9","8.9","6.9","23.4","0.0","0.0","72.5","71.6","76.0","3.5","4.1","5.3","0.0","0.0","0.0","6.6","5.1","2.1"
"20230803","울산","울주군","29.2","33.1","24.6","29.4","27.2","31.5","23.8","0.0","0.0","5.1","12.0","9.1","6.9","25.1","0.0","0.0","71.6","76.8","76.2","3.8","5.6","5.3","0.0","0.0","0.0","7.6","5.7","2.1"
"20230802","울산","울주군","28.3","32.6","24.3","28.4","27.3","31.5","23.9","0.0","0.2","5.4","9.7","2.7","6.8","21.38","0.0","0.0","76.5","82.6","76.3","5.3","6.8","5.4","0.0","0.0","0.0","6.0","6.6","2.1"
"20230801","울산","울주군","28.2","32.9","23.6","28.4","27.2","31.5","23.9","0.0","0.0","4.7","11.7","4.9","6.6","25.51","0.0","0.0","68.5","83.1","76.5","3.1","7.9","5.5","0.0","0.0","0.0","5.7","7.7","2.1"
"20230731","울산","울주군","28.1","32.7","23.5","26.9","27.2","31.5","23.8","0.0","6.0","6.1","11.3","0.5","6.5","24.65","0.0","0.0","69.0","90.6","76.6","4.9","9.6","5.5","0.0","0.0","0.0","6.3","4.7","2.1"
"20230730","울산","울주군","28.2","32.8","24.2","27.4","27.1","31.4","23.7","0.0","0.0","5.8","12.5","0.9","6.3","26.5","0.0","0.0","74.0","82.6","76.5","1.3","7.1","5.7","0.0","0.0","0.0","6.9","5.1","2.0"
"20230729","울산","울주군","28.5","33.1","24.2","26.8","26.9","31.2","23.5","0.0","0.0","5.6","12.8","8.8","6.1","27.21","0.0","0.0","72.3","86.0","76.5","0.8","2.3","5.9","0.0","0.0","0.0","6.3","5.1","2.0"
"20230728","울산","울주군","28.7","32.9","24.2","25.2","26.7","30.8","23.3","0.0","0.9","6.6","11.6","0.6","6.1","23.8","0.0","0.0","69.8","93.6","76.7","4.0","7.9","6.0","0.0","0.0","0.0","5.7","4.1","2.0"
"20230727","울산","울주군","28.1","32.9","22.6","24.8","26.6","30.7","23.3","0.0","0.0","6.9","12.3","2.0","6.0","26.98","0.0","0.0","71.9","84.3","76.4","1.9","8.4","6.1","0.0","0.0","0.0","5.4","4.7","2.1"
"20230726","울산","울주군","27.2","31.4","24.2","24.6","26.5","30.7","23.3","2.3","0.0","5.2","6.1","7.0","6.1","20.07","0.0","0.0","81.0","86.6","76.1","7.3","5.5","6.1","0.0","0.0","0.0","6.5","5.3","2.1"
"20230725","울산","울주군","27.4","31.6","23.3","25.0","26.5","30.7","23.2","0.0","0.0","5.7","9.2","7.4","6.2","22.57","0.0","0.0","75.9","89.6","75.9","3.4","4.5","6.0","0.0","0.0","0.0","9.6","4.7","2.1"
"20230724","울산","울주군","27.1","31.3","24.5","26.1","26.5","30.7","23.3","2.7","9.0","5.9","5.0","7.5","6.2","18.17","0.0","0.0","81.3","86.6","76.0","6.8","6.0","5.9","0.0","0.0","0.0","10.2","4.9","2.1"
"20230723","울산","울주군","26.7","30.6","24.4","23.9","26.5","30.7","23.2","0.0","0.0","4.6","2.4","0.3","6.1","16.26","0.0","0.0","82.1","86.1","76.3","8.5","9.3","5.9","0.0","0.0","0.0","9.9","3.8","2.1"
"20230722","울산","울주군","24.7","27.7","20.4","24.1","26.4","30.6","23.1","0.0","2.4","5.3","2.2","2.4","6.1","13.96","0.0","0.0","82.3","81.3","76.7","6.9","6.1","5.9","0.0","0.0","0.0","4.9","4.9","2.0"
"20230721","울산","울주군","24.5","29.1","21.7","26.4","26.2","30.4","22.8","0.0","3.9","5.8","5.0","7.5","5.9","15.75","0.0","0.0","79.1","79.9","77.2","4.3","8.0","5.9","0.0","0.0","0.0","4.9","6.2","2.0"
"20230720","울산","울주군","24.6","28.5","21.4","27.5","25.9","30.0","22.5","0.0","0.0","5.7","6.2","11.6","5.9","21.92","0.0","0.0","82.5","73.4","77.5","5.5","6.0","5.9","0.0","0.0","0.0","5.4","3.8","2.0"
"20230719","울산","울주군","23.7","27.0","21.7","25.2","25.5","29.6","22.2","0.0","1.2","5.7","4.3","6.7","5.6","15.89","0.0","0.0","84.3","86.3","77.7","6.3","5.8","6.1","0.0","0.0","0.0","6.2","4.3","2.0"
"20230718","울산","울주군","24.4","26.5","22.1","22.4","25.3","29.3","22.0","86.7","69.4","6.7","0.0","0.0","5.5","4.35","0.0","0.0","93.1","95.0","78.0","10.0","9.8","6.3","0.0","0.0","0.0","7.8","4.2","2.0"
"20230717","울산","울주군","27.2","31.4","22.8","25.8","25.0","29.0","21.7","13.8","0.0","6.9","8.8","7.3","5.1","24.99","0.0","0.0","81.0","78.8","78.7","7.6","6.9","6.6","0.0","0.0","0.0","10.1","4.0","2.0"
"20230716","울산","울주군","24.1","27.2","22.1","25.5","24.9","28.8","21.7","53.3","4.8","6.6","0.3","9.2","4.9","8.32","0.0","0.0","91.6","81.3","78.8","8.9","4.3","6.8","0.0","0.0","0.0","5.4","4.4","2.0"
"20230715","울산","울주군","27.3","29.5","25.1","26.5","24.8","28.7","21.8","1.6","0.0","7.6","1.1","12.5","4.4","11.08","0.0","0.0","76.1","78.0","79.5","9.5","4.3","7.2","0.0","0.0","0.0","15.1","3.7","2.0"
"20230714","울산","울주군","25.8","27.3","24.5","26.4","24.8","28.6","21.7","13.6","0.0","8.1","0.0","8.2","4.2","4.96","0.0","0.0","84.1","84.5","80.1","9.9","6.0","7.4","0.0","0.0","0.0","14.0","5.2","2.0"
"20230713","울산","울주군","26.0","27.0","24.0","23.4","24.7","28.5","21.7","1.2","18.3","10.0","0.0","0.0","3.8","6.56","0.0","0.0","85.4","88.8","80.4","10.0","9.1","7.6","0.0","0.0","0.0","7.9","4.4","2.0"
"20230712","울산","울주군","26.3","30.9","23.3","23.7","24.6","28.3","21.7","2.7","0.1","10.2","6.1","0.8","3.7","20.49","0.0","0.0","81.4","81.4","80.4","7.8","8.5","7.7","0.0","0.0","0.0","9.1","5.1","2.0"
"20230711","울산","울주군","24.2","30.1","22.1","24.9","24.4","28.0","21.6","24.9","9.0","11.9","1.9","0.1","3.6","9.28","0.0","0.0","88.4","92.1","80.9","8.0","8.9","7.8","0.0","0.0","0.0","11.0","4.8","2.0"
"20230710","울산","울주군","26.8","30.5","22.6","25.7","24.2","27.8","21.3","0.0","0.0","10.3","8.7","4.8","3.7","22.3","0.0","0.0","78.8","83.9","80.7","5.6","6.5","7.7","0.0","0.0","0.0","10.0","5.3","2.0"
"20230709","울산","울주군","24.7","28.8","21.4","27.1","24.0","27.6","21.1","0.0","0.0","11.2","2.0","8.6","3.9","15.47","0.0","0.0","86.3","77.1","80.6","7.6","4.8","7.6","0.0","0.0","0.0","9.1","5.1","2.0"
"20230708","울산","울주군","21.8","24.3","19.3","28.4","23.8","27.5","20.9","5.7","0.0","8.4","0.0","3.8","4.3","5.26","0.0","0.0","92.5","79.5","80.1","9.3","7.0","7.5","0.0","0.0","0.0","3.8","5.6","2.0"
"20230707","울산","울주군","21.4","25.1","18.6","28.6","23.7","27.5","20.7","43.8","0.0","8.6","0.0","9.1","4.5","4.31","0.0","0.0","87.4","79.4","79.8","9.8","7.5","7.4","0.0","0.0","0.0","5.3","6.3","1.9"
"20230706","울산","울주군","26.9","33.2","21.1","26.7","23.6","27.5","20.6","0.0","0.0","7.6","6.8","2.5","4.4","23.15","0.0","0.0","60.0","87.0","79.8","6.6","8.5","7.4","0.0","0.0","0.0","7.0","3.8","1.9"
"20230705","울산","울주군","27.5","32.3","22.9","26.1","23.7","27.6","20.6","13.9","0.0","9.1","10.3","4.1","4.4","27.18","0.0","0.0","68.0","84.8","80.0","4.5","7.1","7.4","0.0","0.0","0.0","9.4","4.6","1.9"
"20230704","울산","울주군","24.1","27.7","22.6","27.2","23.9","27.8","20.8","0.7","0.0","8.6","0.5","12.8","4.4","11.4","0.0","0.0","86.1","79.1","80.0","9.0","3.9","7.4","0.0","0.0","0.0","5.4","4.5","1.9"
"20230703","울산","울주군","24.7","29.1","21.4","27.5","23.9","27.8","20.9","0.0","0.0","9.6","4.6","10.7","4.0","18.31","0.0","0.0","82.8","75.0","80.6","7.0","7.1","7.5","0.0","0.0","0.0","5.1","4.0","1.9"
"20230702","울산","울주군","25.9","32.2","19.8","28.0","23.8","27.8","20.8","0.0","0.0","8.7","9.4","13.1","3.7","24.13","0.0","0.0","76.9","65.4","80.5","5.9","4.0","7.7","0.0","0.0","0.0","5.3","4.3","1.9"
"20230701","울산","울주군","23.1","27.7","20.4","27.4","23.8","27.8","20.5","0.0","0.0","9.0","5.5","13.1","3.8","18.37","0.0","0.0","82.8","74.4","80.3","5.3","0.9","7.6","0.0","0.0","0.0","5.5","4.3","1.9"
"20230630","울산","울주군","23.1","26.7","20.8","27.9","23.5","27.5","20.3","17.3","0.0","8.5","0.1","11.8","3.9","6.19","0.0","0.0","90.1","73.0","80.1","10.0","3.1","7.4","0.0","0.0","0.0","9.7","7.0","1.9"
"20230629","울산","울주군","25.5","29.5","21.9","26.8","23.3","27.4","20.0","13.6","0.1","8.0","2.9","5.1","4.1","13.03","0.0","0.0","82.1","82.8","79.7","8.4","7.8","7.3","0.0","0.0","0.0","11.0","9.9","1.9"
"20230628","울산","울주군","23.4","28.3","19.4","27.2","23.1","27.1","19.7","17.1","0.2","9.7","2.7","7.8","4.1","12.66","0.0","0.0","82.6","79.1","79.3","8.3","7.4","7.3","0.0","0.0","0.0","9.3","9.4","1.9"
"20230627","울산","울주군","26.6","30.3","22.8","25.2","22.8","26.8","19.5","4.2","47.9","11.2","7.5","0.6","4.3","23.49","0.0","0.0","74.9","93.0","78.8","8.3","9.0","7.2","0.0","0.0","0.0","9.9","5.8","1.9"
"20230626","울산","울주군","24.1","26.4","20.6","27.2","22.6","26.6","19.2","23.0","0.0","11.0","0.0","6.3","4.5","6.9","0.0","0.0","87.6","74.8","78.3","9.9","6.3","7.2","0.0","0.0","0.0","9.8","7.8","1.9"
"20230625","울산","울주군","22.2","26.1","19.4","26.0","22.3","26.4","19.0","15.6","0.0","10.5","1.6","11.0","4.4","15.5","0.0","0.0","81.0","75.3","77.8","9.4","5.1","7.2","0.0","0.0","0.0","6.0","7.9","1.9"
"20230624","울산","울주군","21.4","26.0","18.2","25.7","22.1","26.1","18.8","0.0","6.9","10.2","8.4","4.0","4.4","24.14","0.0","0.0","77.6","81.8","77.5","7.9","6.4","7.2","0.0","0.0","0.0","6.9","7.1","1.9"
"20230623","울산","울주군","22.2","26.2","19.7","26.2","22.0","26.2","18.7","0.0","0.0","7.3","10.1","4.7","4.7","26.54","0.0","0.0","72.8","79.3","76.8","4.5","7.3","7.1","0.0","0.0","0.0","8.4","8.4","1.9"
"20230622","울산","울주군","22.7","25.6","19.3","25.6","22.1","26.4","18.7","0.0","0.0","5.0","5.0","13.0","5.0","18.87","0.0","0.0","79.5","79.1","76.4","6.3","1.8","6.9","0.0","0.0","0.0","5.0","4.0","1.9"
"20230621","울산","울주군","20.8","23.7","18.8","24.7","22.1","26.5","18.6","14.5","0.0","5.6","0.0","6.7","5.0","4.52","0.0","0.0","91.6","85.1","76.3","10.0","4.6","6.8","0.0","0.0","0.0","9.3","4.1","1.9"
"20230620","울산","울주군","21.4","24.8","19.2","25.2","22.1","26.4","18.6","0.0","0.0","6.4","7.6","12.2","5.1","22.71","0.0","0.0","73.6","77.9","76.1","7.6","4.8","6.8","0.0","0.0","0.0","8.6","4.5","1.9"
"20230619","울산","울주군","23.1","27.4","20.3","25.5","22.1","26.5","18.4","0.0","0.0","6.2","9.0","11.8","5.5","25.94","0.0","0.0","71.4","75.3","75.6","6.4","2.3","6.6","0.0","0.0","0.0","9.9","4.2","1.8"
"20230618","울산","울주군","25.5","31.3","21.5","25.8","21.9","26.5","18.1","0.0","0.0","6.0","10.6","10.9","5.8","27.23","0.0","0.0","56.9","70.9","74.8","4.0","3.1","6.4","0.0","0.0","0.0","7.5","4.6","1.8"
"20230617","울산","울주군","25.2","30.5","20.0","23.8","21.8","26.4","17.9","0.0","0.0","5.9","11.2","12.6","6.1","27.47","0.0","0.0","59.9","71.8","73.7","6.3","4.0","6.2","0.0","0.0","0.0","6.0","4.3","1.9"
"20230616","울산","울주군","23.4","29.9","17.1","23.4","21.6","26.2","17.7","0.0","0.0","3.9","13.0","11.9","6.2","28.79","0.0","0.0","68.6","68.4","73.1","1.3","2.9","6.1","0.0","0.0","0.0","6.9","5.1","1.9"
"20230615","울산","울주군","19.5","24.7","14.9","19.9","21.5","26.3","17.5","2.3","1.2","3.1","6.0","6.9","6.4","20.16","0.0","0.0","82.4","85.9","72.2","3.4","6.4","6.0","0.0","0.0","0.0","6.3","5.7","1.9"
"20230614","울산","울주군","20.4","25.7","16.9","16.9","21.4","26.2","17.4","3.7","24.5","2.5","4.0","0.0","6.4","16.29","0.0","0.0","84.8","95.0","71.4","6.9","10.0","5.8","0.0","0.0","0.0","9.4","6.0","1.9"
"20230613","울산","울주군","22.5","26.3","19.1","18.8","21.3","26.1","17.3","0.0","0.0","2.8","6.0","0.0","6.4","20.15","0.0","0.0","77.5","80.6","71.3","7.1","9.6","5.8","0.0","0.0","0.0","6.6","6.1","2.0"
"20230612","울산","울주군","21.6","26.8","18.5","19.2","21.2","25.8","17.3","0.1","0.0","2.9","5.2","7.9","6.2","19.11","0.0","0.0","80.6","78.0","71.9","6.5","7.3","6.1","0.0","0.0","0.0","7.3","5.8","1.9"
"20230611","울산","울주군","21.8","26.4","19.2","20.2","21.1","25.6","17.2","0.0","0.0","3.1","5.6","5.7","6.1","16.51","0.0","0.0","81.9","76.8","71.7","7.4","5.9","6.1","0.0","0.0","0.0","6.5","5.4","1.9"
"20230610","울산","울주군","22.2","26.3","17.4","19.7","21.0","25.5","17.2","0.0","0.0","2.9","13.1","9.4","6.1","28.22","0.0","0.0","75.4","78.1","71.5","3.5","5.9","6.2","0.0","0.0","0.0","7.9","4.7","1.9"
"20230609","울산","울주군","21.8","27.8","15.7","18.4","20.8","25.3","17.0","0.0","0.0","3.1","12.5","11.9","6.1","26.82","0.0","0.0","71.6","76.9","71.8","0.5","3.3","6.1","0.0","0.0","0.0","6.4","5.0","1.9"
"20230608","울산","울주군","21.3","26.3","18.0","16.3","20.7","25.3","16.7","0.0","1.1","2.7","6.6","2.8","6.1","20.72","0.0","0.0","68.3","81.4","71.8","5.6","8.9","6.1","0.0","0.0","0.0","7.2","5.5","1.8"
"20230607","울산","울주군","22.8","28.9","16.4","15.7","20.5","25.3","16.5","0.0","1.5","2.6","10.0","2.6","6.4","22.13","0.0","0.0","64.3","82.3","71.4","5.5","7.6","5.8","0.0","0.0","0.0","5.8","4.7","1.8"
"20230606","울산","울주군","20.6","24.8","16.8","17.3","20.5","25.6","16.2","0.0","9.9","2.1","9.9","2.8","6.8","26.27","0.0","0.0","67.5","88.3","70.3","3.4","8.0","5.6","0.0","0.0","0.0","7.6","6.4","1.8"
"20230605","울산","울주군","22.7","26.5","19.2","17.7","20.5","25.7","16.1","0.0","53.8","2.1","3.5","0.0","7.0","14.33","0.0","0.0","50.6","92.4","69.4","8.0","9.8","5.4","0.0","0.0","0.0","7.2","5.6","1.8"
"20230604","울산","울주군","22.4","28.9","15.1","19.8","20.4","25.6","16.0","0.0","0.0","2.4","10.0","8.6","7.1","26.36","0.0","0.0","47.9","72.5","68.7","5.5","6.3","5.4","0.0","0.0","0.0","8.8","4.9","1.9"
"20230603","울산","울주군","20.3","25.4","15.8","21.6","20.4","25.6","15.8","0.0","0.0","2.6","12.4","12.8","7.3","28.32","0.0","0.0","65.1","65.8","67.1","1.9","2.3","5.4","0.0","0.0","0.0","7.0","6.4","1.9"
"20230602","울산","울주군","21.7","27.8","17.6","22.4","20.3","25.7","15.5","11.9","0.0","2.5","9.9","13.2","7.5","27.07","0.0","0.0","70.9","59.1","65.8","4.6","0.0","5.1","0.0","0.0","0.0","7.5","4.3","1.9"
"20230601","울산","울주군","16.3","20.4","12.8","22.6","20.1","25.4","15.4","18.1","0.0","3.5","0.3","10.7","7.3","5.7","0.0","0.0","87.4","43.9","66.0","9.5","5.9","5.1","0.0","0.0","0.0","4.4","4.9","1.9"
"20230531","울산","울주군","18.3","22.5","14.1","22.2","20.0","25.4","15.2","0.0","0.0","3.0","9.9","13.2","7.4","27.71","0.0","0.0","66.8","42.0","66.1","3.4","1.6","5.0","0.0","0.0","0.0","8.2","5.9","1.9"
"20230530","울산","울주군","18.1","20.7","16.6","21.7","19.8","25.2","15.0","1.4","0.0","3.0","0.1","6.4","7.6","11.17","0.0","0.0","88.6","57.9","65.5","8.9","8.4","4.9","0.0","0.0","0.0","6.3","5.8","1.9"
"20230529","울산","울주군","20.0","22.5","18.4","24.5","19.5","24.9","14.9","59.0","0.0","3.2","0.0","13.3","7.6","2.59","0.0","0.0","95.0","30.4","65.6","9.9","3.6","4.9","0.0","0.0","0.0","5.4","5.3","1.9"
"20230528","울산","울주군","21.8","23.5","19.3","24.8","19.5","24.8","15.0","2.4","0.0","4.0","0.1","12.9","7.2","8.77","0.0","0.0","79.9","32.0","65.8","10.0","5.1","5.3","0.0","0.0","0.0","8.3","5.7","2.0"
"20230527","울산","울주군","21.8","27.3","18.2","23.7","19.5","24.8","14.9","0.0","0.0","4.0","6.2","13.2","7.3","21.94","0.0","0.0","72.3","31.0","65.4","8.3","0.9","5.2","0.0","0.0","0.0","9.3","7.9","2.0"
"20230526","울산","울주군","19.9","23.4","16.3","21.4","19.5","24.8","14.8","0.0","0.0","4.6","1.0","11.8","7.2","12.99","0.0","0.0","69.8","58.3","65.1","8.8","3.8","5.3","0.0","0.0","0.0","7.5","5.5","2.0"
"20230525","울산","울주군","18.1","22.9","13.4","23.0","19.6","24.9","14.8","0.0","0.0","4.1","7.9","11.2","7.1","25.67","0.0","0.0","64.5","59.4","64.9","5.4","3.4","5.2","0.0","0.0","0.0","7.9","6.0","1.9"
"20230524","울산","울주군","17.4","22.4","11.4","22.8","19.6","25.1","14.6","0.0","0.0","4.1","8.9","12.6","7.1","22.68","0.0","0.0","66.0","62.5","64.7","5.5","1.5","5.0","0.0","0.0","0.0","6.5","5.1","1.9"
"20230523","울산","울주군","17.4","22.3","13.0","20.5","19.5","25.2","14.3","0.0","0.0","3.7","10.0","11.2","7.5","25.63","0.0","0.0","61.4","66.4","64.3","0.6","4.4","4.7","0.0","0.0","0.0","7.9","5.0","1.9"
"20230522","울산","울주군","16.7","19.7","13.2","23.1","19.3","25.0","14.1","0.0","0.0","2.6","0.0","12.6","7.5","5.54","0.0","0.0","67.1","48.1","63.8","7.9","0.6","4.6","0.0","0.0","0.0","5.8","5.9","1.9"
"20230521","울산","울주군","21.7","27.5","14.2","21.5","19.1","24.8","14.0","0.0","0.0","2.9","12.4","12.8","7.5","26.7","0.0","0.0","61.4","55.3","63.5","2.6","0.5","4.6","0.0","0.0","0.0","5.7","4.7","1.9"
"20230520","울산","울주군","17.6","22.6","13.8","20.5","18.9","24.7","13.7","0.0","0.0","3.2","11.6","8.5","7.6","27.51","0.0","0.0","73.9","51.0","63.7","2.0","6.3","4.7","0.0","0.0","0.0","5.6","4.9","2.0"
"20230519","울산","울주군","16.9","19.7","15.5","22.4","18.7","24.4","13.6","8.5","0.0","2.8","1.6","5.0","7.4","10.26","0.0","0.0","83.9","32.1","63.9","8.8","7.4","4.9","0.0","0.0","0.0","9.7","6.1","2.0"
"20230518","울산","울주군","17.7","20.4","15.6","22.3","18.5","23.9","13.6","16.4","0.0","3.0","0.0","12.9","7.1","5.57","0.0","0.0","84.0","37.3","64.8","9.6","0.0","5.2","0.0","0.0","0.0","5.8","6.3","2.0"
"20230517","울산","울주군","23.5","30.7","16.7","19.7","18.3","23.6","13.4","0.0","0.0","3.3","12.4","12.4","6.7","28.2","0.0","0.0","50.6","38.3","65.6","3.9","0.3","5.6","0.0","0.0","0.0","9.9","6.3","2.0"
"20230516","울산","울주군","22.7","29.3","15.0","17.1","18.1","23.4","13.3","0.0","0.0","3.0","12.6","11.9","6.9","26.97","0.0","0.0","60.0","46.0","65.3","1.5","2.9","5.5","0.0","0.0","0.0","5.9","5.8","2.0"
"20230515","울산","울주군","19.5","25.1","12.6","15.8","17.9","23.3","13.2","0.0","0.0","2.8","12.8","11.1","6.9","26.85","0.0","0.0","63.8","46.3","65.3","1.1","6.6","5.4","0.0","0.0","0.0","7.2","5.7","2.0"
"20230514","울산","울주군","17.3","23.7","11.4","18.0","17.7","23.0","13.1","0.0","0.0","3.6","11.7","11.8","6.8","26.47","0.0","0.0","75.4","46.3","66.3","1.4","4.0","5.3","0.0","0.0","0.0","5.7","6.5","2.0"
"20230513","울산","울주군","14.6","17.3","13.2","15.8","17.5","22.7","12.7","2.7","0.0","3.8","0.0","0.1","7.0","3.47","0.0","0.0","86.5","83.0","65.6","8.9","9.6","5.2","0.0","0.0","0.0","6.8","4.4","2.1"
"20230512","울산","울주군","17.4","22.5","9.6","18.6","17.2","22.6","12.5","0.0","0.0","4.1","9.9","0.5","7.1","22.69","0.0","0.0","57.0","77.8","65.6","7.8","8.8","5.0","0.0","0.0","0.0","7.5","4.8","2.1"
"20230511","울산","울주군","15.5","20.3","11.3","18.5","17.1","22.6","12.3","0.0","0.0","4.1","8.9","6.9","6.9","23.0","0.0","0.0","68.4","73.9","65.4","5.3","6.4","5.1","0.0","0.0","0.0","6.9","4.2","2.1"
"20230510","울산","울주군","18.1","24.8","12.9","15.3","17.1","22.5","12.3","0.0","0.0","3.5","8.5","6.0","6.7","23.46","0.0","0.0","55.1","65.0","64.7","5.3","7.9","5.3","0.0","0.0","0.0","8.2","5.7","2.1"
"20230509","울산","울주군","16.2","25.0","6.7","15.1","17.2","22.6","12.3","0.0","0.0","4.2","12.8","10.2","6.7","27.51","0.0","0.0","48.6","59.0","63.9","1.4","6.1","5.3","0.0","0.0","0.0","7.2","6.5","2.1"
"20230508","울산","울주군","13.5","18.8","8.5","14.5","17.3","22.7","12.3","0.0","0.0","4.0","11.9","10.2","6.4","27.7","0.0","0.0","50.8","62.3","63.9","5.1","7.6","5.3","0.0","0.0","0.0","9.4","6.0","2.1"
"20230507","울산","울주군","11.8","13.3","9.9","17.5","17.4","23.0","12.3","3.2","0.0","3.3","0.0","8.8","6.8","3.68","0.0","0.0","75.1","67.5","62.4","8.5","5.8","5.1","0.0","0.0","0.0","10.8","6.8","2.1"
"20230506","울산","울주군","13.1","19.7","11.0","18.8","17.4","23.1","12.3","62.4","0.0","2.9","0.0","12.5","7.1","3.78","0.0","0.0","91.0","71.9","62.1","9.9","0.5","4.8","0.0","0.0","0.0","11.7","5.0","2.2"
"20230505","울산","울주군","18.2","19.7","16.4","18.0","17.3","22.8","12.3","37.6","0.0","4.0","0.0","12.8","7.2","2.51","0.0","0.0","92.0","59.8","62.8","10.0","0.0","4.8","0.0","0.0","0.0","15.0","4.4","2.2"
"20230504","울산","울주군","17.9","22.5","14.8","17.8","17.1","22.7","12.2","1.6","0.0","3.1","2.2","12.7","7.3","14.5","0.0","0.0","71.8","50.9","62.9","9.5","0.0","4.8","0.0","0.0","0.0","10.5","4.2","2.2"
"20230503","울산","울주군","17.1","22.9","10.5","13.9","17.0","22.6","12.2","0.0","0.0","2.9","3.0","12.4","7.5","16.41","0.0","0.0","57.9","67.0","63.3","7.4","0.5","4.7","0.0","0.0","0.0","9.7","5.5","2.2"
"20230502","울산","울주군","15.4","22.5","7.8","12.2","16.9","22.3","12.2","0.0","6.1","3.3","11.1","8.7","7.1","25.51","0.0","0.0","59.6","59.3","64.0","5.1","3.6","5.0","0.0","0.0","0.0","7.3","5.2","2.2"
"20230501","울산","울주군","15.6","22.0","11.5","13.8","16.7","22.0","12.0","0.0","0.0","3.7","12.5","11.6","6.6","27.86","0.0","0.0","46.5","48.0","64.7","0.8","2.1","5.2","0.0","0.0","0.0","9.5","5.7","2.2"
"20230430","울산","울주군","15.9","21.4","9.4","12.3","16.4","21.9","11.4","0.0","0.0","3.0","11.8","2.1","7.1","26.89","0.0","0.0","43.6","75.9","63.5","1.4","8.8","4.9","0.0","0.0","0.0","9.2","4.8","2.3"
"20230429","울산","울주군","16.5","20.4","11.6","10.5","16.1","21.7","10.9","3.5","24.6","2.6","0.0","1.7","7.1","4.46","0.0","0.0","84.3","85.6","62.3","8.9","9.3","4.7","0.0","0.0","0.0","10.5","7.0","2.2"
"20230428","울산","울주군","16.7","23.3","7.2","14.5","15.7","21.4","10.3","0.0","0.0","2.6","12.6","8.7","7.3","28.2","0.0","0.0","56.5","67.6","61.1","1.5","4.9","4.7","0.0","0.0","0.0","13.6","5.8","2.2"
"20230427","울산","울주군","13.6","19.1","6.2","16.1","15.3","21.2","9.8","0.0","0.0","2.6","12.0","10.5","7.7","25.6","0.0","0.0","62.6","66.1","59.1","1.0","4.9","4.4","0.0","0.0","0.0","7.7","6.8","2.2"
"20230426","울산","울주군","13.4","19.4","7.8","18.0","15.1","21.0","9.6","0.0","53.0","2.2","11.7","0.1","8.0","25.8","0.0","0.0","53.1","95.5","57.5","1.1","8.6","4.2","0.0","0.0","0.0","9.3","7.7","2.2"
"20230425","울산","울주군","9.6","11.8","8.4","20.6","15.0","20.7","9.7","9.7","0.0","3.0","0.0","7.8","7.7","4.98","0.0","0.0","83.1","62.5","57.8","9.9","6.5","4.4","0.0","0.0","0.0","5.3","5.0","2.2"
"20230424","울산","울주군","12.1","14.3","9.5","18.1","15.0","20.5","9.9","0.0","0.0","3.4","0.0","11.8","7.6","9.24","0.0","0.0","59.8","70.1","58.8","8.4","1.9","4.6","0.0","0.0","0.0","8.7","4.8","2.2"
"20230423","울산","울주군","12.3","15.4","8.6","17.1","15.0","20.5","10.1","0.0","0.0","4.2","4.1","6.0","7.3","15.15","0.0","0.0","56.4","61.0","59.5","6.8","7.6","4.8","0.0","0.0","0.0","8.8","6.1","2.3"
"20230422","울산","울주군","13.0","16.0","10.8","18.1","14.8","20.0","10.1","0.0","0.0","4.1","11.2","11.7","7.0","24.65","0.0","0.0","48.6","61.8","61.8","1.4","2.1","5.1","0.0","0.0","0.0","12.0","7.4","2.3"
"20230421","울산","울주군","15.1","19.1","11.9","14.2","14.6","19.8","9.9","0.0","2.2","4.7","8.9","0.8","6.8","22.1","0.0","0.0","52.6","67.8","63.1","4.3","6.1","5.2","0.0","0.0","0.0","12.3","6.0","2.3"
"20230420","울산","울주군","19.6","27.1","13.6","18.5","14.6","19.9","9.8","0.0","0.0","4.1","10.7","12.2","6.7","23.09","0.0","0.0","71.5","25.4","62.9","0.8","0.3","5.2","0.0","0.0","0.0","6.7","6.8","2.3"
"20230419","울산","울주군","17.1","19.8","15.2","16.8","14.4","19.9","9.6","0.0","0.0","5.0","2.2","12.1","6.8","11.43","0.0","0.0","80.5","36.3","62.2","6.0","1.6","5.1","0.0","0.0","0.0","7.6","5.1","2.3"
"20230418","울산","울주군","16.2","20.9","10.1","16.9","14.3","20.0","9.2","2.4","0.0","4.4","0.0","10.4","7.0","4.42","0.0","0.0","77.9","24.9","61.0","8.0","7.4","4.8","0.0","0.0","0.0","11.6","5.9","2.3"
"20230417","울산","울주군","12.7","18.7","5.7","14.5","14.3","20.2","9.0","0.0","0.0","3.9","11.4","12.1","7.2","24.35","0.0","0.0","61.8","38.4","59.4","0.1","2.9","4.6","0.0","0.0","0.0","7.5","5.6","2.2"
"20230416","울산","울주군","10.1","17.2","6.7","11.1","14.2","20.1","8.8","5.8","0.0","3.4","3.7","12.1","7.4","14.16","0.0","0.0","80.3","54.0","57.7","6.9","3.5","4.4","0.0","0.0","0.0","9.0","5.5","2.3"
"20230415","울산","울주군","12.0","14.2","8.3","10.8","13.9","19.7","8.4","5.4","0.0","3.2","0.0","7.5","7.4","3.52","0.0","0.0","88.9","59.6","56.5","7.5","6.4","4.3","0.0","0.0","0.0","7.7","6.7","2.3"
"20230414","울산","울주군","14.6","20.2","9.7","9.9","13.5","19.3","8.1","0.5","0.5","2.3","0.8","0.0","7.3","8.64","0.0","0.0","61.1","83.6","56.0","8.1","9.8","4.4","0.0","0.0","0.0","6.7","6.4","2.3"
"20230413","울산","울주군","14.7","20.4","8.0","11.2","13.1","18.7","8.0","0.0","0.1","2.4","11.2","0.0","6.9","23.95","0.0","0.0","31.5","86.5","56.9","3.3","9.8","4.7","0.0","0.0","0.0","6.5","6.7","2.3"
"20230412","울산","울주군","14.0","19.2","9.9","19.0","12.8","18.4","7.8","0.0","0.0","3.5","11.8","11.6","6.7","25.86","0.0","0.0","25.4","76.3","57.9","0.9","1.6","4.9","0.0","0.0","0.0","11.3","4.7","2.4"
"20230411","울산","울주군","18.1","22.7","12.4","19.4","12.6","18.0","7.7","0.0","0.0","3.8","7.3","11.0","6.4","19.71","0.0","0.0","58.9","70.8","58.8","4.5","2.9","5.1","0.0","0.0","0.0","14.8","7.8","2.4"
"20230410","울산","울주군","14.4","21.3","6.3","18.7","12.5","17.9","7.6","0.0","0.0","3.5","11.6","10.6","6.6","24.0","0.0","0.0","39.9","51.0","59.0","0.9","4.1","5.0","0.0","0.0","0.0","8.9","4.8","2.4"
"20230409","울산","울주군","13.5","19.0","5.5","18.8","12.4","17.8","7.5","0.0","0.0","3.3","12.0","11.7","6.6","26.38","0.0","0.0","25.1","38.9","59.6","0.0","0.0","4.9","0.0","0.0","0.0","7.9","7.4","2.4"
"20230408","울산","울주군","10.3","15.9","3.8","13.6","12.4","17.8","7.4","0.0","0.0","3.6","11.9","12.0","6.6","25.97","0.0","0.0","26.0","54.5","59.2","0.8","0.0","4.8","0.0","0.0","0.0","13.4","5.5","2.3"
"20230407","울산","울주군","12.9","18.5","8.8","15.0","12.3","17.9","7.2","5.3","0.6","2.8","10.6","8.2","7.0","23.23","0.0","0.0","47.0","41.0","58.4","3.3","2.4","4.5","0.0","0.0","0.0","11.2","5.2","2.2"
"20230406","울산","울주군","14.6","20.3","10.5","14.6","12.0","17.6","6.8","1.9","0.0","2.4","10.5","11.2","7.1","21.67","0.0","0.0","69.4","35.0","57.9","7.0","1.4","4.4","0.0","0.0","0.0","8.2","5.5","2.2"
"20230405","울산","울주군","14.9","16.1","13.7","14.3","11.8","17.4","6.6","22.7","0.0","2.6","0.0","9.4","7.2","1.61","0.0","0.0","90.4","43.3","57.6","9.1","6.1","4.4","0.0","0.0","0.0","18.0","4.7","2.3"
"20230404","울산","울주군","14.6","19.5","9.6","11.7","11.7","17.4","6.3","0.5","0.0","2.3","5.2","11.8","7.4","17.14","0.0","0.0","71.6","63.4","56.8","8.5","0.0","4.3","0.0","0.0","0.0","8.2","5.6","2.3"
"20230403","울산","울주군","13.1","17.1","10.5","10.4","11.4","17.3","6.0","0.0","0.0","2.2","10.7","11.2","7.5","24.04","0.0","0.0","61.5","56.6","56.5","1.9","0.8","4.1","0.0","0.0","0.0","9.6","5.5","2.3"
"20230402","울산","울주군","13.4","17.9","10.5","9.2","11.2","17.0","5.8","0.0","0.0","2.1","10.9","11.3","7.4","22.96","0.0","0.0","61.5","59.3","56.4","0.8","0.8","4.1","0.0","0.0","0.0","12.6","5.8","2.3"
"20230401","울산","울주군","13.7","19.1","7.1","8.2","11.1","16.9","5.9","0.0","0.0","2.1","10.2","10.7","7.3","21.91","0.0","0.0","66.6","53.1","57.0","2.4","3.6","4.2","0.0","0.0","0.0","8.4","6.9","2.3"
"20230331","울산","울주군","15.8","22.5","10.6","9.7","10.9","16.5","5.9","0.0","0.0","2.4","11.3","0.0","6.8","23.51","0.0","0.0","36.6","75.4","58.3","2.1","9.6","4.5","0.0","0.0","0.0","9.5","5.4","2.3"
"20230330","울산","울주군","14.6","23.4","6.8","14.0","10.8","16.3","5.8","0.0","0.0","2.3","9.4","8.4","6.5","19.76","0.0","0.0","47.0","69.1","58.0","4.9","5.3","4.6","0.0","0.0","0.0","6.5","5.6","2.3"
"20230329","울산","울주군","12.3","17.9","6.4","10.0","10.7","16.2","5.6","0.0","0.0","1.6","9.7","11.5","6.6","18.34","0.0","0.0","54.0","59.4","57.5","2.6","0.9","4.6","0.0","0.0","0.0","6.3","4.8","2.2"
"20230328","울산","울주군","11.5","17.7","4.3","8.2","10.4","15.9","5.4","0.0","0.0","1.8","11.1","8.7","6.5","22.77","0.0","0.0","46.4","41.5","56.8","0.0","7.0","4.6","0.0","0.0","0.0","8.4","6.6","2.2"
"20230327","울산","울주군","9.6","15.3","4.9","13.9","10.2","15.6","5.2","0.0","0.0","1.5","10.0","10.8","6.6","23.37","0.0","0.0","43.6","38.6","55.1","2.0","4.8","4.6","0.0","0.0","0.0","8.4","6.7","2.2"
"20230326","울산","울주군","10.7","15.1","7.7","15.6","9.9","15.3","4.9","0.0","20.5","1.3","1.9","7.4","6.8","12.13","0.0","0.0","70.8","76.6","53.7","7.8","7.6","4.5","0.0","0.0","0.0","6.0","8.3","2.2"
"20230325","울산","울주군","9.9","13.2","8.7","13.6","9.6","14.8","4.7","0.0","0.2","1.5","4.2","5.5","6.7","12.84","0.0","0.0","65.3","69.3","54.3","8.4","9.0","4.6","0.0","0.0","0.0","8.7","8.3","2.2"
"20230324","울산","울주군","11.6","14.8","9.6","10.3","9.3","14.3","4.6","0.0","0.0","1.8","2.8","9.8","6.4","13.92","0.0","0.0","69.0","50.4","54.6","9.0","1.4","4.7","0.0","0.0","0.0","9.8","5.3","2.3"
"20230323","울산","울주군","14.1","15.0","12.7","7.6","9.2","14.2","4.5","50.8","0.0","2.1","0.0","1.4","6.4","3.79","0.0","0.0","92.1","61.5","55.5","9.5","5.1","4.9","0.0","0.0","0.0","6.5","4.2","2.3"
"20230322","울산","울주군","16.0","20.5","12.0","8.0","9.1","14.1","4.4","1.6","0.0","2.3","0.7","9.9","6.0","9.56","0.0","0.0","76.6","57.3","57.0","8.3","7.0","5.1","0.0","0.0","0.0","5.4","7.1","2.4"
"20230321","울산","울주군","14.3","20.2","9.7","8.0","9.2","14.4","4.5","0.0","0.0","2.6","8.0","7.2","6.1","18.48","0.0","0.0","53.6","59.9","57.8","7.3","7.8","5.1","0.0","0.0","0.0","6.2","6.2","2.5"
"20230320","울산","울주군","12.2","18.9","4.0","6.4","9.3","14.6","4.5","0.0","0.0","3.3","10.6","3.3","6.2","20.99","0.0","0.0","49.9","78.1","58.2","4.0","8.1","5.0","0.0","0.0","0.0","10.3","4.5","2.4"
"20230319","울산","울주군","10.4","17.0","4.3","4.5","9.3","14.7","4.3","0.0","7.0","3.2","11.0","3.2","6.4","21.34","0.0","0.0","42.6","90.6","58.0","0.6","8.8","4.9","0.0","0.0","0.0","7.3","7.5","2.5"
"20230318","울산","울주군","9.6","14.4","6.6","6.4","9.2","14.6","4.2","0.0","15.2","3.2","5.8","0.0","6.3","16.16","0.0","0.0","61.8","86.4","58.1","5.4","9.1","4.9","0.0","0.0","0.0","7.1","8.0","2.4"
"20230317","울산","울주군","8.6","11.6","6.5","9.2","8.9","14.4","3.9","0.0","7.8","3.6","1.4","0.0","6.5","10.42","0.0","0.0","62.0","83.4","58.7","9.3","10.0","4.8","0.0","0.0","0.0","8.6","6.4","2.4"
"20230316","울산","울주군","10.7","14.9","7.5","13.1","8.6","14.0","3.5","0.0","0.0","3.4","7.8","10.4","6.4","19.11","0.0","0.0","49.6","50.1","58.1","6.5","1.8","4.7","0.0","0.0","0.0","9.3","4.4","2.3"
"20230315","울산","울주군","14.4","19.9","6.7","10.3","8.3","13.9","3.2","0.0","0.0","2.7","8.2","10.6","6.6","16.54","0.0","0.0","62.5","63.3","56.9","3.0","3.0","4.5","0.0","0.0","0.0","15.0","5.9","2.4"
"20230314","울산","울주군","10.2","16.6","4.2","10.8","8.1","13.7","2.9","0.0","0.1","2.5","9.5","0.0","6.8","20.42","0.0","0.0","42.1","89.0","55.2","3.6","8.5","4.3","0.0","0.0","0.0","10.2","4.9","2.4"
"20230313","울산","울주군","4.7","11.0","-0.4","15.1","7.8","13.4","2.6","0.0","4.6","2.1","10.8","0.1","7.1","21.76","0.0","0.0","33.0","86.3","53.5","2.6","9.9","4.0","0.0","0.0","0.0","11.2","7.1","2.4"
"20230312","울산","울주군","10.4","20.0","2.8","14.3","7.7","13.3","2.6","15.9","0.0","1.9","2.5","5.3","7.2","8.34","0.0","0.0","73.5","73.3","52.1","6.8","6.5","4.0","0.0","0.0","0.0","12.9","6.7","2.4"
"20230311","울산","울주군","16.1","23.2","8.2","13.7","7.5","13.1","2.5","0.0","0.0","1.9","9.1","7.5","7.1","16.77","0.0","0.0","55.9","63.1","52.1","4.6","4.0","4.0","0.0","0.0","0.0","6.1","5.4","2.4"
"20230310","울산","울주군","13.3","19.4","9.1","11.4","7.2","12.6","2.3","0.0","0.0","1.9","10.0","8.4","7.1","18.7","0.0","0.0","65.8","55.4","52.3","0.6","5.1","3.9","0.0","0.0","0.0","6.3","5.4","2.4"
"20230309","울산","울주군","15.2","22.4","10.3","9.4","6.9","12.1","2.3","0.0","0.0","2.1","6.5","9.7","6.8","13.76","0.0","0.0","69.4","56.8","53.7","3.9","1.5","4.1","0.0","0.0","0.0","10.1","7.1","2.5"
"20230308","울산","울주군","15.2","21.5","9.6","8.4","6.9","12.0","2.3","0.0","0.0","2.3","9.8","10.6","6.5","16.12","0.0","0.0","36.6","39.9","55.5","2.1","1.8","4.2","0.0","0.0","0.0","10.0","5.3","2.5"
"20230307","울산","울주군","13.6","21.3","5.9","5.6","6.9","12.1","2.1","0.0","0.0","2.4","9.6","9.1","6.3","16.77","0.0","0.0","40.6","48.1","56.7","0.0","5.8","4.3","0.0","0.0","0.0","10.8","5.3","2.4"
"20230306","울산","울주군","11.4","18.9","4.3","3.8","6.7","11.8","2.1","0.0","0.0","2.8","10.4","10.8","6.3","18.67","0.0","0.0","47.0","30.8","57.6","0.0","0.6","4.5","0.0","0.0","0.0","6.9","7.6","2.4"
"20230305","울산","울주군","8.5","15.7","2.8","8.4","6.7","11.7","2.0","0.0","0.0","2.5","10.1","10.4","5.9","18.64","0.0","0.0","64.5","21.9","57.8","1.0","0.8","4.6","0.0","0.0","0.0","6.1","7.1","2.4"
"20230304","울산","울주군","8.8","14.3","5.3","9.8","6.6","11.8","1.9","0.0","0.0","2.1","8.1","6.8","5.9","15.67","0.0","0.0","49.6","46.3","57.2","4.9","4.6","4.6","0.0","0.0","0.0","9.7","9.0","2.3"
"20230303","울산","울주군","7.2","14.2","-0.6","8.2","6.4","11.6","1.8","0.0","0.0","2.0","10.5","10.6","5.9","19.4","0.0","0.0","23.1","36.1","56.9","0.4","0.0","4.6","0.0","0.0","0.0","9.2","6.9","2.2"
"20230302","울산","울주군","4.2","8.9","0.5","7.0","6.4","11.4","1.8","0.0","0.0","2.1","10.5","10.6","5.7","19.89","0.0","0.0","26.3","33.9","56.9","0.0","1.8","4.7","0.0","0.0","0.0","9.5","6.9","2.2"
"20230301","울산","울주군","9.3","13.9","5.1","11.3","6.3","11.4","1.7","0.0","0.1","1.6","0.2","3.5","5.8","6.43","0.0","0.0","52.4","61.1","56.4","6.8","6.1","4.6","0.0","0.0","0.0","11.7","7.5","2.2"
"20230228","울산","울주군","9.4","16.7","0.6","9.0","6.2","11.3","1.7","0.0","0.0","1.9","10.4","8.0","5.9","19.48","0.0","0.0","39.9","25.0","56.8","1.6","4.4","4.6","0.0","0.0","0.0","9.6","5.4","2.2"
"20230227","울산","울주군","6.9","14.2","-1.1","7.3","6.2","11.3","1.8","0.0","0.0","2.3","10.3","10.5","5.6","18.98","0.0","0.0","46.0","23.4","57.8","0.0","0.0","4.8","0.0","0.0","0.0","6.8","8.4","2.1"
"20230226","울산","울주군","4.2","11.2","-1.2","7.8","6.1","11.1","1.5","0.0","0.0","2.2","10.3","10.1","5.6","18.7","0.0","0.0","41.3","39.3","57.5","0.0","0.8","4.7","0.0","0.0","0.0","6.2","7.0","2.1"
"20230225","울산","울주군","3.3","8.7","-0.3","5.6","5.7","10.9","1.2","0.0","0.0","1.7","6.6","10.4","6.1","15.64","0.0","0.0","50.8","30.4","55.7","2.4","0.0","4.3","0.0","0.0","0.0","10.0","8.3","2.2"
"20230224","울산","울주군","7.0","12.9","3.2","1.0","5.6","10.8","1.0","0.0","0.0","2.1","8.8","10.3","6.0","16.18","0.0","0.0","45.3","20.4","55.7","4.5","0.0","4.3","0.0","0.0","0.0","10.8","5.8","2.2"
"20230223","울산","울주군","8.2","13.4","3.9","-1.0","5.3","10.5","0.6","0.0","0.0","2.0","9.6","9.1","6.2","17.26","0.0","0.0","48.5","25.5","54.5","4.6","4.3","4.1","0.0","0.0","0.0","7.5","6.1","2.2"
"20230222","울산","울주군","4.3","10.9","-2.9","0.2","5.1","10.4","0.3","0.0","0.0","1.9","8.7","10.2","6.7","16.5","0.0","0.0","54.3","25.8","52.8","4.5","3.3","3.7","0.0","0.0","0.0","7.5","6.6","2.3"
"20230221","울산","울주군","0.7","6.7","-3.6","0.9","5.0","10.3","0.1","0.0","0.0","1.9","8.8","10.1","6.8","16.99","0.0","0.0","45.6","35.6","52.0","0.6","0.6","3.7","0.0","0.0","0.0","9.9","8.2","2.3"
"20230220","울산","울주군","2.9","8.1","-1.5","-1.4","4.7","9.9","-0.1","0.0","0.0","1.9","9.9","10.1","6.5","17.32","0.0","0.0","28.9","25.9","51.3","0.4","0.3","3.9","0.0","0.0","0.0","11.2","8.3","2.3"
"20230219","울산","울주군","8.2","12.7","2.8","4.0","4.4","9.5","-0.2","0.0","0.0","1.4","6.6","4.3","6.8","13.03","0.0","0.0","48.6","47.9","49.4","4.0","8.5","3.8","0.0","0.0","0.0","10.8","5.8","2.4"
"20230218","울산","울주군","7.2","10.1","3.8","1.7","4.3","9.4","-0.2","3.0","0.0","1.3","0.0","9.7","6.8","3.28","0.0","0.0","91.9","45.3","48.8","10.0","3.9","3.9","0.0","0.0","0.0","4.0","4.7","2.4"
"20230217","울산","울주군","5.7","8.6","1.5","-3.6","4.3","9.4","-0.1","0.0","0.0","1.3","1.6","9.9","6.5","5.84","0.0","0.0","52.3","25.3","49.4","8.8","0.4","4.2","0.0","0.0","0.0","6.5","7.4","2.3"
"20230216","울산","울주군","4.4","8.3","0.7","-2.6","4.5","9.6","0.0","0.0","0.0","1.2","1.2","10.0","6.4","7.65","0.0","0.0","73.1","34.6","49.6","5.8","0.4","4.2","0.0","0.0","0.0","6.3","7.9","2.4"
"20230215","울산","울주군","2.2","4.1","0.7","1.9","4.7","9.9","0.1","0.4","0.0","1.4","0.6","8.6","6.6","6.64","0.0","0.0","77.6","39.3","50.1","8.0","0.6","4.0","0.0","0.0","0.0","8.7","5.9","2.3"
"20230214","울산","울주군","4.0","8.6","1.5","7.6","4.7","10.0","0.0","0.0","1.8","1.7","4.3","4.6","6.5","10.98","0.0","0.0","70.6","74.6","50.2","6.5","4.8","3.9","0.0","0.0","0.0","9.6","4.7","2.3"
"20230213","울산","울주군","6.2","7.9","4.1","6.4","4.5","9.9","-0.2","1.1","0.4","1.7","0.0","2.3","6.5","2.93","0.0","0.0","74.9","75.9","50.4","9.9","9.3","3.9","0.0","0.0","0.0","9.5","5.4","2.3"
"20230212","울산","울주군","6.9","12.5","1.1","6.7","4.2","9.5","-0.5","0.2","0.0","1.7","3.9","9.3","6.6","9.02","0.0","0.0","64.9","46.1","49.8","6.9","4.0","3.7","0.0","0.0","0.0","8.2","6.8","2.3"
"20230211","울산","울주군","5.7","11.0","1.2","5.2","3.7","8.9","-0.9","0.0","0.0","1.6","2.4","9.7","6.8","9.3","0.0","0.0","70.5","39.5","48.8","5.5","1.4","3.6","0.0","0.0","0.0","4.7","5.2","2.3"
"20230210","울산","울주군","5.0","8.8","2.3","6.3","3.3","8.4","-1.2","22.1","0.0","1.6","3.3","9.0","6.6","10.38","0.0","0.0","80.8","40.1","48.8","7.0","2.5","3.7","0.0","0.0","0.0","7.9","5.4","2.4"
"20230209","울산","울주군","5.2","9.1","-0.2","4.2","3.3","8.5","-1.4","1.2","0.0","1.2","2.8","8.6","6.8","4.67","0.0","0.0","55.4","44.8","48.8","7.1","5.6","3.7","0.0","0.0","0.0","9.3","5.7","2.4"
"20230208","울산","울주군","6.0","12.0","1.1","2.7","3.3","8.6","-1.3","0.0","0.0","0.9","9.5","9.6","6.9","14.95","0.0","0.0","51.9","27.1","48.5","2.9","3.9","3.6","0.0","0.0","0.0","7.9","5.6","2.4"
"20230207","울산","울주군","6.5","12.5","2.5","1.3","3.3","8.6","-1.4","0.0","0.0","0.6","6.5","7.3","6.9","11.66","0.0","0.0","63.3","28.6","47.6","3.9","5.6","3.5","0.0","0.0","0.0","7.3","5.4","2.4"
"20230206","울산","울주군","6.1","13.1","-1.2","-0.5","3.2","8.6","-1.4","0.0","0.0","0.5","7.8","9.6","6.8","13.08","0.0","0.0","37.4","33.1","46.9","4.9","2.0","3.3","0.0","0.0","0.0","5.2","8.4","2.3"
"20230205","울산","울주군","3.7","11.2","-1.7","-2.0","3.2","8.7","-1.5","0.0","0.0","0.4","9.5","9.6","6.9","15.46","0.0","0.0","30.5","34.0","46.1","0.0","0.4","3.2","0.0","0.0","0.0","6.7","8.2","2.3"
"20230204","울산","울주군","2.0","6.6","-1.6","0.6","2.9","8.4","-1.8","0.0","0.0","0.3","9.4","9.5","6.9","14.24","0.0","0.0","31.8","32.5","45.0","1.0","1.5","2.9","0.0","0.0","0.0","9.7","6.2","2.2"
"20230203","울산","울주군","3.7","9.4","0.4","1.6","2.6","8.1","-2.0","0.0","0.0","0.5","3.4","9.6","6.9","9.25","0.0","0.0","35.0","30.8","44.8","5.3","5.1","2.9","0.0","0.0","0.0","7.8","7.5","2.3"
"20230202","울산","울주군","2.5","7.2","-1.4","1.2","2.5","7.9","-2.1","0.0","0.0","0.8","8.5","3.9","6.8","11.89","0.0","0.0","35.9","38.1","45.6","7.0","6.3","3.0","0.0","0.0","0.0","7.6","6.8","2.2"
"20230201","울산","울주군","7.5","14.6","1.6","2.3","2.5","7.8","-2.0","0.0","0.0","0.9","6.8","8.8","6.8","11.8","0.0","0.0","42.1","42.0","46.1","7.8","3.0","3.2","0.0","0.0","0.0","9.2","7.2","2.3"
"20230131","울산","울주군","3.8","10.9","-3.0","2.0","2.5","7.7","-2.0","0.0","0.0","0.9","9.4","9.5","6.7","13.88","0.0","0.0","32.9","25.5","46.9","0.8","0.0","3.2","0.0","0.0","0.0","10.6","6.1","2.3"
"20230130","울산","울주군","1.3","5.7","-2.3","1.7","2.5","7.6","-1.8","0.0","0.0","1.0","9.5","8.6","6.6","14.79","0.0","0.0","30.6","26.5","47.6","0.0","4.3","3.2","0.0","0.0","0.0","10.0","6.6","2.3"
"20230129","울산","울주군","0.9","6.3","-4.2","2.1","2.5","7.6","-1.9","0.0","0.0","1.6","9.4","7.7","6.6","14.36","0.0","0.0","44.4","21.9","47.4","0.3","6.6","3.2","0.0","0.0","0.0","10.4","6.3","2.3"
"20230128","울산","울주군","-3.6","1.1","-8.5","3.4","2.4","7.5","-2.0","0.0","0.0","1.6","9.3","9.1","6.7","14.33","0.0","0.0","35.3","21.6","47.1","0.0","5.0","3.0","0.0","0.0","0.0","13.3","5.9","2.3"
"20230127","울산","울주군","-2.3","1.2","-6.2","4.7","2.2","7.4","-2.2","0.0","0.0","1.6","9.0","9.2","6.6","14.02","0.0","0.0","34.5","35.6","47.1","2.8","2.1","2.9","0.0","0.0","0.0","13.0","5.5","2.3"
"20230126","울산","울주군","-1.6","4.9","-9.4","4.7","1.9","7.1","-2.4","0.0","0.0","1.6","1.1","9.1","6.8","6.73","0.0","0.0","43.8","49.0","46.5","7.5","0.6","2.8","0.0","0.0","0.0","6.0","5.8","2.4"
"20230125","울산","울주군","-7.5","-0.3","-13.6","5.9","1.8","6.8","-2.5","0.0","0.0","1.6","9.4","0.6","6.5","14.68","0.0","0.0","24.0","63.3","47.3","0.0","8.1","3.0","0.0","0.0","0.0","14.6","4.1","2.5"
"20230124","울산","울주군","-7.0","3.4","-11.5","5.2","1.8","6.6","-2.4","0.0","0.7","1.1","9.1","0.0","6.1","14.24","0.0","0.0","29.0","62.8","48.5","1.9","8.3","3.3","0.0","0.0","0.0","19.5","6.7","2.4"
"20230123","울산","울주군","4.6","9.1","-0.3","7.2","1.8","6.6","-2.3","0.0","0.0","1.3","7.8","2.1","5.9","12.42","0.0","0.0","43.5","72.5","49.3","3.1","9.0","3.5","0.0","0.0","0.0","9.7","7.1","2.4"
"20230122","울산","울주군","2.1","6.4","-3.4","4.6","2.0","6.6","-2.0","0.0","0.0","1.4","0.0","8.7","5.8","4.76","0.0","0.0","39.1","65.1","50.2","6.8","3.5","3.7","0.0","0.0","0.0","5.9","4.3","2.3"
"20230121","울산","울주군","-1.2","4.7","-5.9","2.2","2.2","7.0","-1.8","0.0","0.0","1.6","9.1","9.2","5.6","13.93","0.0","0.0","29.3","54.0","50.5","0.6","2.0","3.8","0.0","0.0","0.0","8.4","5.1","2.3"
"20230120","울산","울주군","2.0","7.3","-3.5","-0.1","2.4","7.3","-1.6","0.0","0.0","1.5","8.6","8.8","5.7","12.57","0.0","0.0","35.9","57.1","50.5","1.9","0.9","3.8","0.0","0.0","0.0","11.1","6.5","2.2"
"20230119","울산","울주군","1.6","7.5","-2.4","0.9","2.6","7.5","-1.5","0.0","0.0","1.4","9.0","9.1","5.8","12.98","0.0","0.0","48.9","34.9","50.7","1.4","3.1","3.7","0.0","0.0","0.0","6.7","5.7","2.2"
"20230118","울산","울주군","1.5","6.4","-1.4","-1.8","2.7","7.6","-1.5","0.0","0.0","1.6","8.4","9.1","5.8","0.0","0.0","0.0","51.5","24.4","51.1","1.3","0.0","3.8","0.0","0.0","0.0","7.0","5.8","2.2"
"20230117","울산","울주군","0.3","5.0","-3.1","0.5","2.6","7.7","-1.7","0.0","0.0","1.8","7.0","8.3","6.0","0.0","0.0","0.0","39.1","34.3","51.0","2.9","4.6","3.6","0.0","0.0","0.0","5.7","7.0","2.2"
"20230116","울산","울주군","0.6","4.8","-1.7","3.0","2.5","7.6","-1.7","0.0","0.0","1.9","8.8","8.6","5.8","0.0","0.0","0.0","54.3","41.6","51.7","1.6","1.3","3.7","0.0","0.0","0.0","7.1","6.2","2.2"
"20230115","울산","울주군","4.8","7.5","0.7","2.8","2.4","7.3","-1.7","1.1","0.0","2.0","0.0","6.7","5.7","0.0","0.0","0.0","88.6","26.8","52.2","8.4","3.6","3.7","0.0","0.0","0.0","6.5","5.3","2.2"
"20230114","울산","울주군","9.3","12.4","7.4","-2.1","2.3","7.2","-1.8","0.7","0.0","1.9","0.0","9.2","5.8","0.0","0.0","0.0","90.9","27.1","51.3","9.3","1.8","3.6","0.0","0.0","0.0","5.6","6.6","2.3"
"20230113","울산","울주군","13.8","16.2","11.7","-1.9","2.3","7.2","-1.7","39.4","0.0","1.4","1.0","9.0","5.9","0.0","0.0","0.0","97.0","31.9","50.0","8.0","1.3","3.5","0.0","0.0","0.0","6.5","9.1","2.3"
"20230112","울산","울주군","10.1","16.9","1.8","-1.9","2.2","7.0","-1.7","0.0","0.0","0.9","8.8","9.1","6.0","0.0","0.0","0.0","57.3","27.6","49.0","2.6","2.0","3.4","0.0","0.0","0.0","4.1","8.7","2.3"
"20230111","울산","울주군","7.9","15.6","1.1","0.2","2.2","7.1","-1.8","0.0","0.0","0.6","8.8","8.2","6.3","0.0","0.0","0.0","44.4","33.8","48.1","0.9","2.3","3.2","0.0","0.0","0.0","4.0","8.8","2.4"
"20230110","울산","울주군","5.8","12.0","1.0","6.2","2.2","7.2","-1.8","0.0","0.0","0.7","8.1","6.3","6.4","0.0","0.0","0.0","59.9","57.8","47.8","2.9","4.6","3.1","0.0","0.0","0.0","4.7","4.3","2.4"
"20230109","울산","울주군","7.6","15.2","1.3","5.5","2.3","7.3","-1.8","0.0","0.0","1.1","8.3","6.7","6.3","0.0","0.0","0.0","49.4","52.8","47.8","1.1","3.5","3.1","0.0","0.0","0.0","6.8","6.5","2.3"
"20230108","울산","울주군","4.8","11.6","-0.2","4.6","2.4","7.5","-1.7","0.0","0.0","1.3","8.7","9.0","6.3","0.0","0.0","0.0","41.0","25.5","48.3","0.1","0.6","3.1","0.0","0.0","0.0","5.7","5.6","2.3"
"20230107","울산","울주군","5.3","8.8","1.1","3.9","2.5","7.6","-1.7","0.1","0.0","1.4","7.2","8.9","6.1","0.0","0.0","0.0","44.0","31.0","48.5","2.1","0.0","3.3","0.0","0.0","0.0","7.0","4.2","2.2"
"20230106","울산","울주군","4.1","9.8","-0.3","4.7","2.6","7.8","-1.7","0.0","0.0","1.3","7.9","8.7","6.1","0.0","0.0","0.0","51.0","41.1","47.7","2.4","2.3","3.3","0.0","0.0","0.0","4.1","5.7","2.1"
"20230105","울산","울주군","3.4","8.1","-1.3","3.5","2.7","7.9","-1.6","0.0","0.2","1.2","7.5","0.9","6.2","0.0","0.0","0.0","45.8","52.8","46.4","3.5","8.6","3.3","0.0","0.0","0.0","6.7","5.3","2.1"
"20230104","울산","울주군","1.6","7.0","-3.9","3.1","2.8","8.2","-1.6","0.0","0.0","0.6","8.7","8.5","6.5","0.0","0.0","0.0","35.6","31.5","45.7","0.0","2.8","3.0","0.0","0.0","0.0","8.3","5.6","2.1"
"20230103","울산","울주군","0.9","5.8","-3.9","2.8","2.7","8.2","-1.7","0.0","0.0","0.4","8.7","8.8","6.7","0.0","0.0","0.0","23.0","24.1","45.2","1.0","2.5","2.8","0.0","0.0","0.0","5.8","5.3","2.2"
"20230102","울산","울주군","1.4","5.5","-1.3","3.4","2.7","8.2","-1.7","0.0","0.0","0.2","5.9","8.9","6.9","0.0","0.0","0.0","19.1","30.5","45.2","4.9","0.9","2.6","0.0","0.0","0.0","6.3","5.9","2.3"
"20230101","울산","울주군","4.2","8.2","-0.1","-0.6","2.7","8.2","-1.8","0.0","0.0","0.2","8.7","8.6","6.9","0.0","0.0","0.0","37.0","19.6","46.1","2.1","2.9","2.6","0.0","0.0","0.0","6.4","5.7","2.3"
"20221231","울산","울주군","2.2","6.3","-2.3","-1.5","2.7","8.3","-1.8","0.0","0.0","0.2","8.8","9.0","6.9","0.0","0.0","0.0","44.4","22.9","46.3","1.0","0.6","2.5","0.0","0.0","0.0","7.5","9.3","2.3"
"20221230","울산","울주군","1.5","6.0","-2.2","1.8","2.6","8.1","-1.8","0.0","0.0","0.4","8.8","8.8","6.8","0.0","0.0","0.0","52.5","35.6","46.5","1.9","2.3","2.6","0.0","0.0","0.0","6.3","8.5","2.3"
"20221229","울산","울주군","0.9","4.7","-2.9","4.8","2.6","8.1","-1.8","0.0","0.0","0.6","8.7","5.3","6.8","0.0","0.0","0.0","42.6","52.9","46.1","2.4","4.1","2.6","0.0","0.0","0.0","7.6","5.6","2.2"
"20221228","울산","울주군","2.5","7.6","-1.1","3.2","2.8","8.2","-1.6","0.0","0.0","0.9","8.5","8.4","6.7","0.0","0.0","0.0","44.0","61.0","46.5","1.9","2.0","2.7","0.0","0.0","0.0","6.1","4.0","2.1"
"20221227","울산","울주군","2.4","7.7","-1.3","-1.7","3.0","8.4","-1.3","0.0","0.0","1.2","8.7","8.9","6.6","0.0","0.0","0.0","30.9","36.5","47.3","0.0","0.5","2.6","0.0","0.0","0.0","6.1","7.6","2.2"
"20221226","울산","울주군","1.2","6.3","-3.0","-5.9","3.2","8.6","-1.0","0.0","0.0","1.3","8.1","8.9","6.5","0.0","0.0","0.0","39.8","23.1","49.1","2.0","0.0","2.9","0.0","0.0","0.0","6.2","9.0","2.1"
"20221225","울산","울주군","0.6","5.3","-2.6","-2.7","3.6","9.0","-0.7","0.0","0.0","1.1","8.7","8.9","6.5","0.0","0.0","0.0","38.4","24.3","50.1","0.0","0.0","2.8","0.0","0.0","0.0","8.2","8.1","2.1"
"20221224","울산","울주군","-3.0","2.9","-8.8","6.9","4.0","9.2","-0.3","0.0","0.0","1.1","8.7","1.5","6.3","0.0","0.0","0.0","44.6","46.4","51.9","0.4","6.6","2.9","0.0","0.0","0.0","7.0","6.4","2.2"
"20221223","울산","울주군","-4.4","-1.2","-6.4","7.0","4.2","9.5","-0.1","0.0","0.0","1.3","8.7","8.7","6.0","0.0","0.0","0.0","36.5","34.9","53.4","0.6","1.5","3.0","0.0","0.0","0.0","9.3","5.0","2.1"
"20221222","울산","울주군","-1.1","3.6","-5.3","7.1","4.4","9.7","0.0","0.0","0.0","1.1","7.6","8.9","6.0","0.0","0.0","0.0","49.9","47.6","53.5","2.5","0.0","3.2","0.0","0.0","0.0","9.7","6.1","2.0"
"20221221","울산","울주군","2.9","6.5","-0.6","9.0","4.4","9.6","-0.1","7.0","0.0","1.0","0.4","8.7","6.2","0.0","0.0","0.0","83.4","53.1","52.2","6.8","0.0","3.1","0.0","0.0","0.0","4.6","5.1","2.0"
"20221220","울산","울주군","0.8","6.7","-4.5","6.0","4.2","9.4","-0.3","0.0","0.0","1.0","8.8","8.7","6.2","0.0","0.0","0.0","45.5","51.5","51.0","2.1","1.6","3.1","0.0","0.0","0.0","5.3","7.0","2.1"
"20221219","울산","울주군","-1.9","3.9","-7.3","2.1","4.0","9.2","-0.4","0.0","0.0","0.8","8.8","8.0","6.3","0.0","0.0","0.0","38.9","44.9","50.3","0.0","0.5","3.0","0.0","0.0","0.0","5.1","7.2","2.1"
"20221218","울산","울주군","-4.6","-0.8","-7.6","-2.8","3.8","9.1","-0.7","0.0","0.0","0.5","8.8","8.9","6.5","0.0","0.0","0.0","33.0","32.1","49.0","0.0","0.5","2.9","0.0","0.0","0.0","6.0","7.8","2.1"
"20221217","울산","울주군","-1.2","5.0","-4.8","1.6","3.6","8.8","-0.8","0.0","0.0","0.3","2.6","8.4","6.5","0.0","0.0","0.0","36.5","33.9","48.3","5.1","3.0","2.7","0.0","0.0","0.0","5.7","10.9","2.1"
"20221216","울산","울주군","1.5","4.9","-1.0","7.5","3.6","8.8","-0.8","0.0","3.5","0.4","2.6","0.7","6.5","0.0","0.0","0.0","26.6","86.4","48.4","7.8","9.4","2.7","0.0","0.0","0.0","5.4","4.4","2.2"
"20221215","울산","울주군","0.6","6.5","-6.8","8.3","3.8","9.0","-0.7","0.0","0.0","0.6","8.7","8.7","6.4","0.0","0.0","0.0","49.5","61.3","49.3","0.9","0.0","2.9","0.0","0.0","0.0","5.9","6.1","2.1"
"20221214","울산","울주군","-2.1","3.5","-4.9","4.1","3.9","9.1","-0.6","0.0","0.0","0.6","8.7","8.9","6.3","0.0","0.0","0.0","42.3","44.9","49.1","2.6","0.3","2.9","0.0","0.0","0.0","8.1","5.7","2.0"
"20221213","울산","울주군","5.9","9.7","2.6","1.1","4.2","9.3","-0.1","0.0","0.0","0.7","7.8","8.9","6.3","0.0","0.0","0.0","49.3","27.8","49.6","2.0","0.0","2.9","0.0","0.0","0.0","7.3","6.8","2.1"
"20221212","울산","울주군","6.6","11.9","2.4","7.6","4.6","9.8","0.1","2.4","0.0","1.0","2.5","4.1","6.2","0.0","0.0","0.0","82.6","45.6","50.9","7.0","5.8","3.1","0.0","0.0","0.0","5.4","6.8","2.0"
"20221211","울산","울주군","6.3","9.9","2.6","10.4","4.8","10.1","0.4","0.3","0.0","0.9","6.1","7.4","6.1","0.0","0.0","0.0","55.3","66.6","51.3","3.6","3.5","3.2","0.0","0.0","0.0","6.4","4.8","2.0"
"20221210","울산","울주군","8.1","13.3","3.0","10.9","4.9","10.1","0.5","0.0","0.0","0.8","5.4","5.8","6.2","0.0","0.0","0.0","46.3","72.9","52.0","4.6","2.1","3.1","0.0","0.0","0.0","5.6","4.6","2.0"
"20221209","울산","울주군","8.0","13.3","4.9","9.8","5.1","10.4","0.7","0.0","0.0","0.8","6.5","4.1","6.1","0.0","0.0","0.0","40.0","72.5","52.9","2.5","6.4","3.3","0.0","0.0","0.0","4.7","4.1","2.0"
"20221208","울산","울주군","6.8","12.1","0.8","9.2","5.0","10.2","0.6","0.0","0.0","1.2","8.7","5.5","6.0","0.0","0.0","0.0","43.4","64.4","52.9","3.6","3.5","3.3","0.0","0.0","0.0","5.4","5.8","1.9"
"20221207","울산","울주군","5.4","11.2","0.8","10.2","5.0","10.2","0.6","0.0","0.0","0.9","8.0","8.3","6.1","0.0","0.0","0.0","51.9","64.4","52.1","2.3","2.9","3.2","0.0","0.0","0.0","5.5","6.0","2.0"
"20221206","울산","울주군","3.1","8.7","-1.8","9.0","5.2","10.3","0.8","0.0","0.0","1.2","8.7","5.6","6.1","0.0","0.0","0.0","44.4","72.4","52.4","2.1","4.4","3.3","0.0","0.0","0.0","5.3","3.5","2.0"
"20221205","울산","울주군","1.8","6.1","-0.9","6.5","5.5","10.6","1.1","0.0","0.0","1.4","6.4","8.2","6.0","0.0","0.0","0.0","21.9","66.5","52.2","5.3","1.3","3.3","0.0","0.0","0.0","6.2","3.6","2.1"
"20221204","울산","울주군","4.8","7.6","1.3","4.7","5.8","11.1","1.4","0.0","0.0","1.5","6.7","8.9","6.1","0.0","0.0","0.0","30.3","45.4","53.1","6.9","0.0","3.3","0.0","0.0","0.0","7.1","7.6","2.1"
"20221203","울산","울주군","6.1","13.7","-1.3","6.7","6.3","11.7","1.8","0.0","0.0","1.2","6.8","7.3","6.1","0.0","0.0","0.0","50.6","47.1","54.4","5.9","2.8","3.4","0.0","0.0","0.0","5.9","8.0","2.1"
"20221202","울산","울주군","1.0","6.0","-3.4","3.1","6.8","12.1","2.4","0.0","0.0","1.5","8.8","9.0","5.9","0.0","0.0","0.0","40.0","43.8","56.3","2.8","0.0","3.5","0.0","0.0","0.0","5.5","6.3","1.9"
"20221201","울산","울주군","0.0","2.7","-2.0","2.8","7.2","12.5","2.8","0.0","0.0","1.4","6.9","9.0","5.7","0.0","0.0","0.0","25.9","35.3","57.8","6.9","1.0","3.6","0.0","0.0","0.0","8.1","8.5","1.9"
"20221130","울산","울주군","1.6","9.2","-1.5","9.5","7.4","12.8","3.0","0.0","22.0","1.4","4.1","0.0","5.6","0.0","0.0","0.0","24.4","75.4","58.9","8.4","7.0","3.6","0.0","0.0","0.0","7.7","9.2","1.9"
"20221129","울산","울주군","14.5","18.5","9.1","9.6","7.6","12.9","3.2","23.2","0.0","1.4","0.1","8.9","5.6","0.0","0.0","0.0","73.5","47.6","58.5","9.6","3.1","3.7","0.0","0.0","0.0","5.7","4.1","1.9"
"20221128","울산","울주군","16.6","22.7","9.7","7.6","7.8","13.1","3.4","0.7","0.0","1.3","6.3","8.3","5.5","0.0","0.0","0.0","72.6","58.6","58.8","7.6","3.3","3.8","0.0","0.0","0.0","6.8","4.1","1.9"
"20221127","울산","울주군","10.7","17.2","5.4","6.6","8.0","13.5","3.5","0.0","0.0","1.8","7.8","9.0","5.8","0.0","0.0","0.0","38.6","49.8","58.7","3.9","0.0","3.7","0.0","0.0","0.0","5.6","5.8","2.0"
"20221126","울산","울주군","13.2","18.5","7.6","8.2","8.1","13.7","3.5","0.0","0.0","1.8","8.8","9.1","5.8","0.0","0.0","0.0","42.5","35.1","58.6","0.0","0.0","3.7","0.0","0.0","0.0","6.2","7.3","1.9"
"20221125","울산","울주군","12.8","19.5","4.7","10.8","8.2","13.9","3.6","0.0","0.0","1.5","8.6","9.0","5.9","0.0","0.0","0.0","55.8","49.6","58.8","2.4","1.0","3.6","0.0","0.0","0.0","5.2","5.9","1.9"
"20221124","울산","울주군","11.1","16.5","7.3","8.0","8.4","14.1","3.6","0.0","0.0","1.5","6.9","8.9","6.0","0.0","0.0","0.0","55.1","51.5","58.7","3.3","2.4","3.6","0.0","0.0","0.0","5.4","5.9","1.9"
"20221123","울산","울주군","13.5","17.8","9.9","5.2","8.4","14.2","3.4","0.8","0.0","1.6","4.4","8.8","6.2","0.0","0.0","0.0","76.4","48.3","57.5","5.4","2.8","3.4","0.0","0.0","0.0","6.2","7.1","1.9"
"20221122","울산","울주군","14.1","16.1","11.7","9.0","8.4","14.2","3.5","2.4","0.0","1.0","0.0","2.9","6.3","0.0","0.0","0.0","75.3","51.4","56.2","9.6","6.4","3.3","0.0","0.0","0.0","5.5","8.3","1.8"
"20221121","울산","울주군","14.3","20.5","8.6","14.0","8.5","14.2","3.6","0.0","0.0","1.3","8.0","1.8","6.3","0.0","0.0","0.0","69.5","76.9","55.8","4.8","8.4","3.3","0.0","0.0","0.0","4.4","4.8","1.9"
"20221120","울산","울주군","14.0","17.6","10.6","14.2","8.6","14.2","3.8","0.0","0.0","1.8","3.5","7.9","6.4","0.0","0.0","0.0","75.0","71.3","55.3","6.4","1.4","3.3","0.0","0.0","0.0","4.4","3.6","1.9"
"20221119","울산","울주군","14.2","18.1","8.4","12.6","8.9","14.5","4.1","0.0","0.0","1.8","5.8","9.1","6.4","0.0","0.0","0.0","69.6","62.5","55.7","5.5","0.4","3.3","0.0","0.0","0.0","5.9","4.3","1.9"
"20221118","울산","울주군","11.8","19.0","4.5","12.1","9.2","14.8","4.5","0.0","0.0","1.8","9.3","9.0","6.4","0.0","0.0","0.0","57.4","51.1","56.4","0.0","0.6","3.5","0.0","0.0","0.0","4.1","4.3","1.9"
"20221117","울산","울주군","10.9","17.2","6.5","10.6","9.6","15.1","4.9","0.0","0.0","1.5","7.4","9.1","6.3","0.0","0.0","0.0","48.0","46.8","56.8","3.5","2.8","3.5","0.0","0.0","0.0","4.1","4.5","1.9"
"20221116","울산","울주군","11.2","16.1","5.6","11.4","10.0","15.6","5.4","0.0","0.0","1.0","8.9","8.7","6.3","0.0","0.0","0.0","51.6","51.4","57.5","1.5","2.4","3.6","0.0","0.0","0.0","5.5","5.8","1.8"
"20221115","울산","울주군","10.0","15.5","6.1","10.9","10.5","16.1","5.8","0.0","0.0","0.7","9.3","8.9","6.1","0.0","0.0","0.0","53.3","63.8","58.7","0.0","1.1","3.8","0.0","0.0","0.0","5.8","5.1","1.8"
"20221114","울산","울주군","12.0","14.8","8.8","11.3","10.9","16.4","6.2","0.0","0.0","0.8","0.5","9.1","6.2","0.0","0.0","0.0","66.8","65.4","59.3","7.0","0.6","3.6","0.0","0.0","0.0","5.4","5.3","1.8"
"20221113","울산","울주군","16.6","21.4","12.4","9.7","11.3","16.7","6.7","17.5","0.0","1.3","5.4","9.3","6.1","0.0","0.0","0.0","78.8","58.0","61.0","8.1","0.0","3.7","0.0","0.0","0.0","7.5","5.2","1.9"
"20221112","울산","울주군","17.8","22.7","11.0","7.8","11.6","17.0","7.1","0.3","0.0","1.9","7.3","8.5","5.8","0.0","0.0","0.0","82.5","51.5","62.5","4.4","2.5","4.0","0.0","0.0","0.0","5.2","6.7","1.9"
"20221111","울산","울주군","14.6","20.8","9.7","8.9","11.8","17.1","7.3","0.0","0.0","1.9","5.8","6.2","5.8","0.0","0.0","0.0","76.6","57.4","62.5","3.3","3.4","4.0","0.0","0.0","0.0","4.1","5.5","2.0"
"20221110","울산","울주군","14.5","21.2","9.9","9.3","12.1","17.3","7.8","0.0","0.0","2.2","9.3","4.8","5.7","0.0","0.0","0.0","54.4","60.4","62.7","1.0","5.3","4.2","0.0","0.0","0.0","4.8","7.2","2.1"
"20221109","울산","울주군","13.5","20.2","6.2","9.1","12.5","17.7","8.1","0.0","0.0","2.2","9.0","6.7","5.5","0.0","0.0","0.0","57.1","59.5","63.9","2.1","4.3","4.5","0.0","0.0","0.0","4.5","6.6","2.0"
"20221108","울산","울주군","13.0","19.9","8.6","13.8","12.8","18.1","8.4","0.0","25.3","1.8","9.3","0.2","5.6","0.0","0.0","0.0","53.4","79.4","64.2","0.0","6.0","4.4","0.0","0.0","0.0","4.8","9.1","1.9"
"20221107","울산","울주군","11.4","18.3","4.4","16.8","13.1","18.6","8.4","0.0","2.2","1.6","9.3","6.3","5.8","0.0","0.0","0.0","56.5","70.9","65.0","0.0","4.9","4.3","0.0","0.0","0.0","3.8","7.0","1.8"
"20221106","울산","울주군","10.4","16.7","5.3","15.1","13.1","18.9","8.2","0.0","0.0","1.6","9.3","7.6","6.1","0.0","0.0","0.0","46.3","67.8","64.9","0.8","2.0","3.9","0.0","0.0","0.0","5.2","6.1","1.7"
"20221105","울산","울주군","9.1","15.3","3.8","14.3","13.0","19.1","8.0","0.0","0.2","1.0","9.3","5.9","6.6","0.0","0.0","0.0","26.5","68.1","63.8","0.0","4.3","3.3","0.0","0.0","0.0","5.8","5.0","1.7"
"20221104","울산","울주군","10.0","15.1","6.0","14.0","12.8","19.0","7.7","0.0","0.0","0.8","8.9","9.4","6.9","0.0","0.0","0.0","37.0","57.4","62.7","2.4","0.8","3.1","0.0","0.0","0.0","6.4","5.0","1.7"
"20221103","울산","울주군","14.4","20.1","9.3","13.5","12.7","18.7","7.6","0.0","0.0","1.1","9.3","8.5","6.9","0.0","0.0","0.0","42.8","72.0","62.0","2.4","2.5","3.0","0.0","0.0","0.0","5.4","5.4","1.7"
"20221102","울산","울주군","14.7","21.4","9.4","13.1","12.6","18.6","7.7","0.0","0.0","1.1","9.4","9.4","6.9","0.0","0.0","0.0","68.9","64.1","61.2","0.0","2.3","3.1","0.0","0.0","0.0","4.0","6.6","1.8"
"20221101","울산","울주군","15.3","22.3","10.6","15.1","12.8","18.6","8.0","0.0","0.0","1.0","9.5","9.1","6.8","0.0","0.0","0.0","63.6","60.4","61.1","0.3","3.1","3.3","0.0","0.0","0.0","4.9","5.1","1.8"
"20221031","울산","울주군","14.3","19.1","9.8","14.5","13.1","18.8","8.4","0.0","0.0","1.4","8.7","9.6","6.7","0.0","0.0","0.0","69.3","68.9","62.0","3.4","0.5","3.5","0.0","0.0","0.0","6.1","4.2","1.8"
"20221030","울산","울주군","13.5","15.2","12.2","14.1","13.5","19.2","8.7","1.7","0.0","1.6","0.4","3.5","6.5","0.0","0.0","0.0","84.8","70.4","62.5","8.9","5.5","3.7","0.0","0.0","0.0","4.7","4.1","1.8"
"20221029","울산","울주군","14.6","18.1","10.9","15.6","13.7","19.5","8.9","0.0","0.0","1.4","4.4","2.4","6.6","0.0","0.0","0.0","79.9","55.0","62.8","7.4","6.4","3.5","0.0","0.0","0.0","5.6","5.2","1.8"
"20221028","울산","울주군","14.6","21.1","9.4","14.9","13.9","19.7","9.1","0.2","0.0","1.1","7.2","8.2","6.8","0.0","0.0","0.0","77.0","52.9","63.1","4.6","2.1","3.4","0.0","0.0","0.0","5.4","6.9","1.8"
"20221027","울산","울주군","15.1","21.7","11.0","15.6","14.3","20.1","9.4","0.0","0.0","1.1","8.9","9.4","6.8","0.0","0.0","0.0","65.4","52.5","63.6","2.6","1.9","3.4","0.0","0.0","0.0","4.3","5.7","1.8"
"20221026","울산","울주군","13.7","18.5","8.9","13.8","14.6","20.3","9.7","0.0","0.0","0.9","5.2","9.8","6.7","0.0","0.0","0.0","64.1","55.4","64.6","4.5","2.6","3.5","0.0","0.0","0.0","5.1","4.6","1.8"
"20221025","울산","울주군","12.1","15.8","8.7","14.2","14.7","20.3","10.1","0.0","0.0","0.9","5.4","8.5","6.6","0.0","0.0","0.0","58.1","66.6","64.8","5.0","1.6","3.6","0.0","0.0","0.0","6.9","4.8","1.9"
"20221024","울산","울주군","12.3","17.0","9.2","13.3","15.0","20.3","10.6","0.0","0.0","1.2","9.6","9.1","6.2","0.0","0.0","0.0","57.1","71.4","65.5","1.8","6.5","4.0","0.0","0.0","0.0","7.2","3.9","1.9"
"20221023","울산","울주군","15.1","21.3","11.9","12.8","15.4","20.6","11.0","0.0","0.1","1.8","9.2","8.3","5.9","0.0","0.0","0.0","70.3","68.5","66.7","3.3","1.1","4.3","0.0","0.0","0.0","5.5","4.8","2.0"
"20221022","울산","울주군","17.9","23.3","12.9","12.0","15.5","20.6","11.3","0.0","0.0","2.2","6.0","9.8","5.7","0.0","0.0","0.0","47.8","72.5","67.8","4.8","3.5","4.6","0.0","0.0","0.0","5.4","6.0","2.0"
"20221021","울산","울주군","15.6","22.2","8.1","11.4","15.7","20.8","11.5","0.0","0.6","2.2","6.2","0.1","5.7","0.0","0.0","0.0","53.5","93.5","67.6","7.4","7.4","4.8","0.0","0.0","0.0","4.6","3.5","2.1"
"20221020","울산","울주군","13.4","21.8","6.2","11.3","15.9","21.1","11.6","0.0","0.0","2.2","10.0","8.3","5.8","0.0","0.0","0.0","53.6","72.5","67.7","0.4","2.9","4.6","0.0","0.0","0.0","4.0","5.5","2.0"
"20221019","울산","울주군","11.3","17.1","6.2","12.4","16.1","21.5","11.6","0.0","0.0","1.6","10.0","8.9","6.2","0.0","0.0","0.0","43.3","60.9","67.1","0.0","3.4","4.3","0.0","0.0","0.0","5.8","5.7","2.0"
"20221018","울산","울주군","11.5","17.4","7.7","11.2","16.1","21.6","11.5","0.0","0.0","1.6","10.2","10.2","6.5","0.0","0.0","0.0","44.4","50.8","66.1","0.1","2.0","4.1","0.0","0.0","0.0","5.9","5.6","2.0"
"20221017","울산","울주군","16.4","22.1","10.4","8.4","16.2","21.7","11.5","0.0","0.0","1.6","9.5","10.3","6.8","0.0","0.0","0.0","45.4","51.5","65.7","1.8","0.8","4.0","0.0","0.0","0.0","7.6","7.2","1.9"
"20221016","울산","울주군","18.6","25.0","13.9","14.1","16.4","22.0","11.8","0.0","6.5","1.8","9.8","0.0","6.8","0.0","0.0","0.0","79.1","77.4","65.9","4.5","9.5","3.9","0.0","0.0","0.0","4.3","6.1","1.8"
"20221015","울산","울주군","17.9","22.5","14.0","19.5","16.6","22.2","12.1","0.0","0.0","1.9","9.5","5.8","6.9","0.0","0.0","0.0","77.9","83.9","66.0","3.9","5.5","4.0","0.0","0.0","0.0","5.5","4.7","1.8"
"20221014","울산","울주군","17.1","21.8","13.3","20.0","16.9","22.4","12.5","0.0","0.0","2.6","7.2","10.2","6.7","0.0","0.0","0.0","74.0","83.0","66.6","6.0","1.4","4.2","0.0","0.0","0.0","5.9","4.1","1.8"
"20221013","울산","울주군","18.0","21.4","15.6","18.4","17.3","22.6","13.0","0.0","0.5","2.5","8.2","0.0","6.7","0.0","0.0","0.0","61.0","84.9","67.1","5.4","9.0","4.3","0.0","0.0","0.0","6.0","5.3","1.9"
"20221012","울산","울주군","15.7","20.8","9.5","16.9","17.7","23.0","13.3","0.0","7.6","2.3","7.5","0.0","6.6","0.0","0.0","0.0","64.8","91.1","68.1","3.5","10.0","4.4","0.0","0.0","0.0","5.7","5.5","1.9"
"20221011","울산","울주군","13.7","18.5","10.2","19.0","17.8","23.1","13.4","0.0","25.7","2.3","10.5","0.0","6.7","0.0","0.0","0.0","57.5","94.4","68.5","0.8","9.9","4.4","0.0","0.0","0.0","7.9","5.2","1.9"
"20221010","울산","울주군","14.5","18.1","11.5","24.5","17.9","23.1","13.6","0.0","0.0","2.8","9.9","10.0","6.5","0.0","0.0","0.0","47.4","80.4","69.1","3.0","3.3","4.5","0.0","0.0","0.0","7.0","6.2","1.9"
"20221009","울산","울주군","15.4","17.7","12.4","22.7","18.0","23.2","13.7","0.4","1.1","2.6","0.0","3.9","6.3","0.0","0.0","0.0","84.4","93.9","69.8","9.5","5.9","4.7","0.0","0.0","0.0","4.5","5.2","1.9"
"20221008","울산","울주군","15.7","19.9","13.0","20.8","18.0","23.1","13.7","0.0","6.9","3.0","9.2","0.0","6.2","0.0","0.0","0.0","64.6","96.3","70.0","4.5","9.4","4.7","0.0","0.0","0.0","7.0","4.9","2.0"
"20221007","울산","울주군","16.0","19.6","13.9","22.4","18.0","23.0","13.9","0.0","0.0","5.1","4.3","9.8","6.0","0.0","0.0","0.0","74.6","80.5","69.4","8.5","4.0","5.1","0.0","0.0","0.0","7.5","5.0","2.0"
"20221006","울산","울주군","16.8","21.6","14.6","21.5","18.2","23.1","14.2","1.1","0.0","4.8","2.1","6.0","5.8","0.0","0.0","0.0","88.4","90.6","69.4","9.3","5.1","5.3","0.0","0.0","0.0","4.0","6.3","2.0"
"20221005","울산","울주군","16.4","19.7","14.6","24.2","18.5","23.4","14.3","0.0","0.0","3.9","1.2","10.8","5.9","0.0","0.0","0.0","83.0","74.6","69.5","9.0","1.8","5.2","0.0","0.0","0.0","5.1","5.8","1.9"
"20221004","울산","울주군","20.9","26.0","15.3","24.5","18.7","23.8","14.5","24.9","0.0","5.1","0.1","10.0","6.1","0.0","0.0","0.0","85.5","76.0","69.3","8.8","3.8","5.1","0.0","0.0","0.0","7.9","6.3","1.9"
"20221003","울산","울주군","24.7","27.6","21.8","22.1","19.0","24.0","14.9","2.1","0.0","4.5","1.3","10.6","6.0","0.0","0.0","0.0","82.3","85.4","70.3","8.0","0.8","5.2","0.0","0.0","0.0","6.4","4.6","1.8"
"20221002","울산","울주군","22.2","28.1","15.5","22.1","19.2","24.2","15.2","0.0","0.0","3.9","7.6","10.5","5.8","0.0","0.0","0.0","71.5","78.0","71.5","6.1","0.0","5.3","0.0","0.0","0.0","4.7","4.5","1.8"
"20221001","울산","울주군","21.7","29.5","14.6","20.7","19.4","24.1","15.4","0.0","0.0","4.9","9.6","10.9","5.5","0.0","0.0","0.0","63.8","85.8","72.9","3.0","0.0","5.5","0.0","0.0","0.0","3.6","5.0","1.8"
"20220930","울산","울주군","20.8","28.0","15.3","21.3","19.4","24.0","15.6","0.0","23.2","5.0","10.9","5.5","5.0","0.0","0.0","0.0","77.3","90.0","73.8","0.1","6.4","5.8","0.0","0.0","0.0","3.8","5.1","1.8"
"20220929","울산","울주군","20.5","27.5","14.8","23.5","19.5","24.0","15.7","0.0","12.9","4.5","11.1","2.7","4.8","0.0","0.0","0.0","78.4","91.1","74.3","0.0","8.8","5.9","0.0","0.0","0.0","3.9","6.1","1.8"
"20220928","울산","울주군","19.9","24.7","16.7","21.4","19.6","24.1","15.8","0.0","0.0","4.1","4.2","2.1","5.1","0.0","0.0","0.0","86.8","84.8","74.0","7.5","8.5","5.7","0.0","0.0","0.0","4.2","4.8","1.8"
"20220927","울산","울주군","20.1","25.1","17.0","20.4","19.8","24.3","15.9","0.0","0.1","2.7","3.8","5.4","5.3","0.0","0.0","0.0","83.1","79.8","74.0","6.4","7.8","5.5","0.0","0.0","0.0","4.6","6.4","1.8"
"20220926","울산","울주군","18.8","21.4","16.3","21.2","20.0","24.6","16.1","0.1","0.0","3.6","0.1","4.4","5.7","0.0","0.0","0.0","80.9","72.8","73.8","9.0","8.5","5.2","0.0","0.0","0.0","3.2","5.8","1.9"
"20220925","울산","울주군","18.5","22.1","15.2","21.7","20.0","24.7","16.2","0.0","4.0","4.1","0.1","2.9","5.9","0.0","0.0","0.0","72.5","83.4","74.1","9.0","8.5","5.2","0.0","0.0","0.0","3.8","7.3","1.9"
"20220924","울산","울주군","18.3","24.5","13.2","20.2","20.1","24.6","16.4","0.0","0.0","4.4","8.4","5.4","5.7","0.0","0.0","0.0","54.5","83.8","74.5","4.6","4.3","5.4","0.0","0.0","0.0","6.7","5.8","1.9"
"20220923","울산","울주군","21.3","27.6","17.0","21.7","20.2","24.7","16.5","0.0","0.0","5.2","8.5","10.8","5.5","0.0","0.0","0.0","67.0","62.3","74.9","4.4","2.8","5.6","0.0","0.0","0.0","5.4","6.6","2.0"
"20220922","울산","울주군","19.4","24.1","13.9","23.3","20.3","24.8","16.7","0.0","0.0","5.7","7.8","10.5","5.4","0.0","0.0","0.0","74.6","73.1","74.4","6.3","0.0","5.7","0.0","0.0","0.0","5.1","6.8","2.0"
"20220921","울산","울주군","17.2","20.6","12.5","23.5","20.6","25.1","16.9","0.0","3.4","3.8","10.2","0.6","5.6","0.0","0.0","0.0","67.9","91.5","73.7","3.4","5.9","5.7","0.0","0.0","0.0","6.4","7.1","2.0"
"20220920","울산","울주군","18.5","22.1","15.9","21.5","20.9","25.4","17.2","0.0","0.0","3.4","9.1","3.7","5.7","0.0","0.0","0.0","60.4","87.3","73.6","6.4","5.4","5.6","0.0","0.0","0.0","6.8","5.1","2.0"
"20220919","울산","울주군","21.9","24.4","18.5","21.6","21.3","25.8","17.6","56.4","0.0","5.0","1.8","10.5","5.7","0.0","0.0","0.0","80.6","79.3","73.9","7.9","2.5","5.6","0.0","0.0","0.0","11.4","5.4","2.1"
"20220918","울산","울주군","25.3","28.8","23.3","21.9","21.6","26.0","17.9","20.7","0.0","6.4","2.8","9.8","5.7","0.0","0.0","0.0","84.5","78.4","74.2","9.0","4.8","5.6","0.0","0.0","0.0","8.4","5.3","2.1"
"20220917","울산","울주군","24.5","28.9","20.8","20.1","21.7","26.1","18.2","0.0","26.2","6.9","2.8","0.0","5.8","0.0","0.0","0.0","86.8","91.3","74.9","8.1","9.6","5.6","0.0","0.0","0.0","4.1","8.7","2.1"
"20220916","울산","울주군","23.3","27.3","21.1","22.6","21.8","26.0","18.4","0.0","0.0","7.8","1.5","2.3","5.5","0.0","0.0","0.0","91.8","78.0","76.2","6.8","8.4","5.8","0.0","0.0","0.0","3.2","6.1","2.1"
"20220915","울산","울주군","22.8","24.3","21.6","22.3","21.9","26.1","18.5","0.0","0.0","8.3","0.1","9.8","5.5","0.0","0.0","0.0","77.6","70.8","76.5","7.5","6.0","5.9","0.0","0.0","0.0","6.4","7.4","2.1"
"20220914","울산","울주군","23.5","26.0","21.8","21.9","22.0","26.1","18.6","0.0","9.4","6.5","5.7","0.0","5.1","0.0","0.0","0.0","75.6","85.5","76.8","7.6","9.9","6.2","0.0","0.0","0.0","7.7","7.0","2.0"
"20220913","울산","울주군","23.4","26.5","22.3","22.9","22.1","26.2","18.8","0.0","0.0","5.5","2.4","2.9","4.8","0.0","0.0","0.0","79.4","78.9","76.9","9.1","9.0","6.4","0.0","0.0","0.0","6.9","6.0","1.9"
"20220912","울산","울주군","22.5","25.6","19.5","23.5","22.3","26.4","18.9","0.0","0.0","5.7","0.5","9.5","4.9","0.0","0.0","0.0","88.3","79.5","77.2","8.6","6.9","6.4","0.0","0.0","0.0","4.2","5.3","1.8"
"20220911","울산","울주군","22.8","26.4","20.4","23.8","22.5","26.6","19.1","0.0","0.0","5.3","2.0","11.4","4.8","0.0","0.0","0.0","80.0","80.5","77.0","7.9","0.1","6.5","0.0","0.0","0.0","4.9","5.0","1.8"
"20220910","울산","울주군","22.1","24.9","20.7","22.5","22.6","26.8","19.2","0.0","0.2","5.1","1.5","1.4","4.9","0.0","0.0","0.0","74.9","86.1","77.0","8.4","7.9","6.4","0.0","0.0","0.0","6.4","3.8","1.7"
"20220909","울산","울주군","21.9","26.1","18.1","23.0","22.7","27.0","19.3","0.0","0.0","6.3","7.5","6.8","5.2","0.0","0.0","0.0","76.8","84.5","76.9","6.1","6.4","6.2","0.0","0.0","0.0","6.5","4.3","1.8"
"20220908","울산","울주군","21.3","26.3","16.3","23.4","22.8","26.9","19.4","0.0","0.0","8.4","10.5","3.9","5.0","0.0","0.0","0.0","69.8","84.9","77.7","5.1","7.0","6.2","0.0","0.0","0.0","5.9","4.8","1.9"
"20220907","울산","울주군","21.5","28.3","16.0","24.0","22.9","27.1","19.6","0.0","1.8","8.0","11.8","1.8","4.8","0.0","0.0","0.0","61.8","88.9","78.0","1.3","9.3","6.4","0.0","0.0","0.0","5.9","5.4","1.9"
"20220906","울산","울주군","23.9","27.4","18.6","22.6","23.1","27.3","19.7","110.4","0.8","7.4","6.8","2.2","5.1","0.0","0.0","0.0","73.0","83.1","77.7","5.0","9.6","6.2","0.0","0.0","0.0","13.5","6.9","2.0"
"20220905","울산","울주군","25.8","28.1","23.9","22.3","23.2","27.4","19.9","51.1","0.0","8.1","0.0","3.4","4.9","0.0","0.0","0.0","92.9","80.4","78.1","9.8","9.0","6.3","0.0","0.0","0.0","8.2","5.8","2.0"
"20220904","울산","울주군","24.9","29.0","21.9","21.9","23.5","27.6","20.2","8.3","0.0","6.9","2.5","6.4","5.0","0.0","0.0","0.0","92.6","81.0","78.2","8.9","8.1","6.3","0.0","0.0","0.0","5.1","5.2","2.0"
"20220903","울산","울주군","21.9","23.3","20.8","20.6","23.8","28.1","20.4","23.3","1.7","4.5","0.0","0.1","5.6","0.0","0.0","0.0","96.9","94.1","77.0","10.0","9.5","5.9","0.0","0.0","0.0","5.1","5.1","2.0"
"20220902","울산","울주군","21.2","23.3","20.2","21.1","24.0","28.1","20.6","14.5","5.3","5.6","0.0","0.0","5.6","0.0","0.0","0.0","95.1","92.4","76.5","10.0","10.0","5.9","0.0","0.0","0.0","5.7","4.8","2.1"
"20220901","울산","울주군","21.8","23.9","19.8","22.2","24.0","28.0","20.9","0.0","36.2","6.2","0.3","0.7","5.2","0.0","0.0","0.0","86.1","96.4","77.1","9.3","10.0","6.3","0.0","0.0","0.0","4.9","5.1","2.1"
"20220831","울산","울주군","21.0","21.9","20.3","23.9","24.3","28.2","21.0","27.3","1.0","5.8","0.0","1.0","5.4","0.0","0.0","0.0","94.8","87.5","76.8","9.9","9.6","6.3","0.0","0.0","0.0","3.8","4.0","2.1"
"20220830","울산","울주군","21.2","24.2","20.0","25.1","24.4","28.4","21.2","12.6","0.0","5.6","0.0","6.9","5.4","0.0","0.0","0.0","93.0","76.6","76.7","9.8","7.8","6.3","0.0","0.0","0.0","4.0","5.0","2.1"
"20220829","울산","울주군","22.5","26.7","19.1","24.7","24.6","28.5","21.3","0.0","0.2","5.5","2.8","2.8","5.2","0.0","0.0","0.0","79.1","87.0","77.1","8.9","7.4","6.4","0.0","0.0","0.0","4.4","3.8","2.0"
"20220828","울산","울주군","21.3","25.7","17.1","25.4","24.6","28.6","21.4","0.0","0.2","5.7","10.0","10.6","5.2","0.0","0.0","0.0","66.1","77.8","77.9","4.3","4.3","6.4","0.0","0.0","0.0","6.3","4.1","2.0"
"20220827","울산","울주군","22.5","28.3","18.8","25.5","24.7","28.9","21.5","0.0","0.3","6.6","6.1","7.0","5.2","0.0","0.0","0.0","66.8","84.1","78.0","5.6","6.3","6.3","0.0","0.0","0.0","4.0","6.9","1.9"
"20220826","울산","울주군","23.8","28.7","20.7","27.4","24.9","29.0","21.7","0.3","0.0","6.6","9.0","11.3","5.2","0.0","0.0","0.0","66.8","74.9","77.7","5.3","4.1","6.3","0.0","0.0","0.0","4.7","3.9","1.9"
"20220825","울산","울주군","24.1","29.3","19.1","25.2","25.0","29.1","21.8","0.0","5.5","9.8","8.3","0.2","5.2","0.0","0.0","0.0","78.6","95.1","77.7","6.6","8.8","6.4","0.0","0.0","0.0","4.5","4.8","1.9"
"20220824","울산","울주군","21.7","22.9","20.9","26.0","25.1","29.3","21.9","38.2","108.3","11.4","0.0","0.8","5.2","0.0","0.0","0.0","88.6","93.3","77.9","9.4","8.9","6.4","0.0","0.0","0.0","6.3","8.7","1.9"
"20220823","울산","울주군","25.5","30.5","21.7","23.6","25.4","29.5","22.2","2.8","35.1","10.7","0.6","0.0","5.2","0.0","0.0","0.0","83.0","95.1","77.6","8.8","10.0","6.4","0.0","0.0","0.0","3.6","6.1","2.0"
"20220822","울산","울주군","24.7","30.7","18.3","26.4","25.5","29.6","22.4","0.0","0.5","9.9","11.9","9.4","5.4","0.0","0.0","0.0","71.9","80.0","77.5","4.3","6.6","6.3","0.0","0.0","0.0","3.9","5.0","2.0"
"20220821","울산","울주군","24.6","28.9","21.2","23.5","25.6","29.6","22.4","0.0","122.4","10.5","11.0","0.0","5.3","0.0","0.0","0.0","74.3","97.9","78.0","2.3","9.8","6.4","0.0","0.0","0.0","5.5","8.4","2.0"
"20220820","울산","울주군","26.0","29.8","23.0","24.0","25.6","29.6","22.5","15.5","2.3","9.6","0.9","7.1","5.3","0.0","0.0","0.0","89.4","88.1","78.6","8.8","4.3","6.4","0.0","0.0","0.0","4.9","4.1","2.0"
"20220819","울산","울주군","27.3","32.7","21.2","23.4","25.7","29.7","22.6","0.0","0.0","8.3","7.5","4.1","5.4","0.0","0.0","0.0","76.1","86.0","78.5","7.1","8.0","6.4","0.0","0.0","0.0","6.2","5.7","2.0"
"20220818","울산","울주군","24.4","28.9","21.5","22.9","25.8","29.7","22.7","0.0","1.6","7.9","8.1","1.0","5.5","0.0","0.0","0.0","84.8","88.1","78.6","4.9","8.6","6.3","0.0","0.0","0.0","4.3","6.4","2.1"
"20220817","울산","울주군","23.9","26.6","22.5","22.4","25.9","29.9","22.9","14.7","32.9","8.6","0.3","0.4","5.5","0.0","0.0","0.0","93.3","92.9","78.9","9.6","8.5","6.4","0.0","0.0","0.0","3.7","6.1","2.1"
"20220816","울산","울주군","26.0","29.5","23.5","23.6","26.0","30.0","23.0","17.8","0.3","8.4","0.0","7.9","5.3","0.0","0.0","0.0","89.4","82.4","79.1","9.9","7.9","6.5","0.0","0.0","0.0","6.2","6.2","2.1"
"20220815","울산","울주군","30.2","34.4","27.2","23.0","26.2","30.2","23.2","0.0","4.5","7.1","8.7","5.0","5.4","0.0","0.0","0.0","65.0","92.4","78.5","7.4","8.3","6.4","0.0","0.0","0.0","7.9","5.2","2.1"
"20220814","울산","울주군","29.1","34.1","25.1","23.3","26.4","30.3","23.4","1.7","26.5","7.0","6.7","1.9","5.5","0.0","0.0","0.0","79.0","92.6","78.3","7.0","9.4","6.3","0.0","0.0","0.0","5.1","5.1","2.1"
"20220813","울산","울주군","26.7","32.2","24.3","24.7","26.6","30.5","23.5","4.0","3.5","7.1","2.3","0.9","5.5","0.0","0.0","0.0","90.6","90.5","78.3","8.0","9.8","6.2","0.0","0.0","0.0","5.1","5.2","1.9"
"20220812","울산","울주군","28.6","33.9","25.6","24.8","26.6","30.5","23.5","0.0","1.4","8.9","8.4","5.3","5.5","0.0","0.0","0.0","82.1","89.4","78.4","5.6","7.5","6.3","0.0","0.0","0.0","3.8","5.7","1.9"
"20220811","울산","울주군","27.5","29.2","25.7","24.9","26.7","30.7","23.6","3.4","0.0","9.2","0.0","8.7","5.6","0.0","0.0","0.0","80.8","88.3","78.1","9.5","3.9","6.3","0.0","0.0","0.0","5.4","4.8","2.0"
"20220810","울산","울주군","28.7","30.5","27.5","23.9","26.7","30.7","23.6","0.0","1.7","8.5","0.0","1.6","5.5","0.0","0.0","0.0","71.4","92.5","78.6","8.9","9.4","6.4","0.0","0.0","0.0","6.1","4.3","2.0"
"20220809","울산","울주군","29.1","31.3","27.6","24.8","26.7","30.7","23.6","0.0","19.8","8.2","0.0","7.1","5.5","0.0","0.0","0.0","69.1","85.9","78.7","8.8","8.3","6.4","0.0","0.0","0.0","6.6","7.6","2.0"
"20220808","울산","울주군","29.7","32.5","27.8","24.5","26.8","30.9","23.7","0.0","37.2","8.3","2.6","0.2","5.7","0.0","0.0","0.0","68.0","96.1","78.2","7.5","9.5","6.2","0.0","0.0","0.0","6.7","5.6","2.1"
"20220807","울산","울주군","30.7","35.2","26.8","29.0","27.0","31.2","23.7","0.0","1.1","5.5","11.0","9.2","6.2","0.0","0.0","0.0","73.8","82.3","77.2","3.4","6.4","5.8","0.0","0.0","0.0","6.8","4.5","2.1"
"20220806","울산","울주군","30.3","34.5","26.9","28.9","27.0","31.3","23.6","0.0","0.0","5.2","10.7","12.6","6.7","0.0","0.0","0.0","74.5","78.0","76.7","3.1","1.0","5.4","0.0","0.0","0.0","4.2","5.1","2.0"
"20220805","울산","울주군","29.8","34.0","25.8","29.1","27.1","31.4","23.6","0.0","0.0","5.1","9.5","12.7","6.8","0.0","0.0","0.0","74.8","73.3","76.2","3.0","0.6","5.3","0.0","0.0","0.0","4.1","4.2","2.1"
"20220804","울산","울주군","30.0","34.1","26.2","28.4","27.2","31.5","23.8","0.0","0.0","5.3","8.9","12.8","6.9","0.0","0.0","0.0","71.6","75.8","76.0","4.1","1.9","5.3","0.0","0.0","0.0","5.1","4.0","2.1"
"20220803","울산","울주군","29.4","34.0","26.0","26.8","27.2","31.5","23.8","0.0","0.7","5.1","9.1","4.3","6.9","0.0","0.0","0.0","76.8","86.3","76.2","5.6","5.9","5.3","0.0","0.0","0.0","5.7","4.0","2.1"
"20220802","울산","울주군","28.4","30.4","26.8","27.8","27.3","31.5","23.9","0.2","16.7","5.4","2.7","7.6","6.8","0.0","0.0","0.0","82.6","87.3","76.3","6.8","5.3","5.4","0.0","0.0","0.0","6.6","5.6","2.1"
"20220801","울산","울주군","28.4","30.7","26.6","27.8","27.2","31.5","23.9","0.0","20.2","4.7","4.9","5.9","6.6","0.0","0.0","0.0","83.1","89.6","76.5","7.9","7.5","5.5","0.0","0.0","0.0","7.7","5.0","2.1"
"20220731","울산","울주군","26.9","28.1","25.0","28.1","27.2","31.5","23.8","6.0","0.0","6.1","0.5","9.4","6.5","0.0","0.0","0.0","90.6","83.5","76.6","9.6","5.4","5.5","0.0","0.0","0.0","4.7","4.3","2.1"
"20220730","울산","울주군","27.4","31.0","25.2","28.6","27.1","31.4","23.7","0.0","0.0","5.8","0.9","11.4","6.3","0.0","0.0","0.0","82.6","72.9","76.5","7.1","6.3","5.7","0.0","0.0","0.0","5.1","4.7","2.0"
"20220729","울산","울주군","26.8","30.4","23.1","27.3","26.9","31.2","23.5","0.0","0.0","5.6","8.8","12.1","6.1","0.0","0.0","0.0","86.0","76.9","76.5","2.3","4.5","5.9","0.0","0.0","0.0","5.1","4.5","2.0"
"20220728","울산","울주군","25.2","28.2","23.6","26.8","26.7","30.8","23.3","0.9","0.0","6.6","0.6","11.3","6.1","0.0","0.0","0.0","93.6","82.1","76.7","7.9","2.6","6.0","0.0","0.0","0.0","4.1","6.1","2.0"
"20220727","울산","울주군","24.8","27.8","21.8","26.8","26.6","30.7","23.3","0.0","0.0","6.9","2.0","11.5","6.0","0.0","0.0","0.0","84.3","83.0","76.4","8.4","2.4","6.1","0.0","0.0","0.0","4.7","6.7","2.1"
"20220726","울산","울주군","24.6","29.6","22.2","27.4","26.5","30.7","23.3","0.0","0.0","5.2","7.0","12.8","6.1","0.0","0.0","0.0","86.6","77.4","76.1","5.5","1.9","6.1","0.0","0.0","0.0","5.3","5.2","2.1"
"20220725","울산","울주군","25.0","28.5","22.6","27.1","26.5","30.7","23.2","0.0","0.0","5.7","7.4","9.9","6.2","0.0","0.0","0.0","89.6","83.1","75.9","4.5","6.1","6.0","0.0","0.0","0.0","4.7","5.2","2.1"
"20220724","울산","울주군","26.1","32.0","23.0","26.8","26.5","30.7","23.3","9.0","0.0","5.9","7.5","9.7","6.2","0.0","0.0","0.0","86.6","83.9","76.0","6.0","7.5","5.9","0.0","0.0","0.0","4.9","5.0","2.1"
"20220723","울산","울주군","23.9","26.9","21.0","26.5","26.5","30.7","23.2","0.0","0.0","4.6","0.3","8.3","6.1","0.0","0.0","0.0","86.1","85.9","76.3","9.3","7.4","5.9","0.0","0.0","0.0","3.8","5.5","2.1"
"20220722","울산","울주군","24.1","27.9","21.5","26.8","26.4","30.6","23.1","2.4","0.0","5.3","2.4","9.8","6.1","0.0","0.0","0.0","81.3","84.4","76.7","6.1","7.1","5.9","0.0","0.0","0.0","4.9","5.5","2.0"
"20220721","울산","울주군","26.4","31.5","21.5","26.9","26.2","30.4","22.8","3.9","0.0","5.8","7.5","10.4","5.9","0.0","0.0","0.0","79.9","81.8","77.2","8.0","7.9","5.9","0.0","0.0","0.0","6.2","5.3","2.0"
"20220720","울산","울주군","27.5","32.6","23.2","27.8","25.9","30.0","22.5","0.0","0.0","5.7","11.6","12.7","5.9","0.0","0.0","0.0","73.4","76.5","77.5","6.0","5.9","5.9","0.0","0.0","0.0","3.8","5.1","2.0"
"20220719","울산","울주군","25.2","30.6","22.2","26.5","25.5","29.6","22.2","1.2","0.0","5.7","6.7","3.3","5.6","0.0","0.0","0.0","86.3","83.6","77.7","5.8","7.8","6.1","0.0","0.0","0.0","4.3","3.5","2.0"
"20220718","울산","울주군","22.4","25.8","20.0","26.2","25.3","29.3","22.0","69.4","0.0","6.7","0.0","8.3","5.5","0.0","0.0","0.0","95.0","84.4","78.0","9.8","6.4","6.3","0.0","0.0","0.0","4.2","4.8","2.0"
"20220717","울산","울주군","25.8","30.6","21.3","25.5","25.0","29.0","21.7","0.0","0.6","6.9","7.3","3.5","5.1","0.0","0.0","0.0","78.8","85.9","78.7","6.9","7.6","6.6","0.0","0.0","0.0","4.0","5.2","2.0"
"20220716","울산","울주군","25.5","31.3","21.9","26.0","24.9","28.8","21.7","4.8","0.3","6.6","9.2","10.0","4.9","0.0","0.0","0.0","81.3","87.1","78.8","4.3","6.1","6.8","0.0","0.0","0.0","4.4","5.6","2.0"
"20220715","울산","울주군","26.5","31.3","21.2","26.8","24.8","28.7","21.8","0.0","0.0","7.6","12.5","7.3","4.4","0.0","0.0","0.0","78.0","88.9","79.5","4.3","4.4","7.2","0.0","0.0","0.0","3.7","4.7","2.0"
"20220714","울산","울주군","26.4","33.2","22.8","28.3","24.8","28.6","21.7","0.0","0.0","8.1","8.2","12.5","4.2","0.0","0.0","0.0","84.5","82.9","80.1","6.0","4.4","7.4","0.0","0.0","0.0","5.2","4.2","2.0"
"20220713","울산","울주군","23.4","25.8","21.0","28.1","24.7","28.5","21.7","18.3","0.0","10.0","0.0","10.7","3.8","0.0","0.0","0.0","88.8","81.9","80.4","9.1","5.9","7.6","0.0","0.0","0.0","4.4","5.2","2.0"
"20220712","울산","울주군","23.7","25.6","21.9","27.6","24.6","28.3","21.7","0.1","0.0","10.2","0.8","10.9","3.7","0.0","0.0","0.0","81.4","83.1","80.4","8.5","5.6","7.7","0.0","0.0","0.0","5.1","4.0","2.0"
"20220711","울산","울주군","24.9","27.3","23.3","26.6","24.4","28.0","21.6","9.0","0.0","11.9","0.1","10.6","3.6","0.0","0.0","0.0","92.1","82.5","80.9","8.9","4.5","7.8","0.0","0.0","0.0","4.8","6.0","2.0"
"20220710","울산","울주군","25.7","29.2","23.6","25.0","24.2","27.8","21.3","0.0","0.2","10.3","4.8","10.2","3.7","0.0","0.0","0.0","83.9","86.6","80.7","6.5","6.9","7.7","0.0","0.0","0.0","5.3","6.6","2.0"
"20220709","울산","울주군","27.1","32.1","23.9","22.8","24.0","27.6","21.1","0.0","4.8","11.2","8.6","0.1","3.9","0.0","0.0","0.0","77.1","97.8","80.6","4.8","9.4","7.6","0.0","0.0","0.0","5.1","3.6","2.0"
"20220708","울산","울주군","28.4","32.1","25.4","23.2","23.8","27.5","20.9","0.0","17.2","8.4","3.8","0.8","4.3","0.0","0.0","0.0","79.5","96.1","80.1","7.0","9.8","7.5","0.0","0.0","0.0","5.6","4.4","2.0"
"20220707","울산","울주군","28.6","32.6","25.2","23.5","23.7","27.5","20.7","0.0","38.8","8.6","9.1","0.0","4.5","0.0","0.0","0.0","79.4","98.0","79.8","7.5","10.0","7.4","0.0","0.0","0.0","6.3","5.5","1.9"
"20220706","울산","울주군","26.7","29.8","24.7","23.7","23.6","27.5","20.6","0.0","60.4","7.6","2.5","0.1","4.4","0.0","0.0","0.0","87.0","97.8","79.8","8.5","10.0","7.4","0.0","0.0","0.0","3.8","5.9","1.9"
"20220705","울산","울주군","26.1","30.0","23.8","23.5","23.7","27.6","20.6","0.0","18.7","9.1","4.1","0.2","4.4","0.0","0.0","0.0","84.8","89.8","80.0","7.1","9.8","7.4","0.0","0.0","0.0","4.6","4.3","1.9"
"20220704","울산","울주군","27.2","30.7","24.4","26.5","23.9","27.8","20.8","0.0","24.9","8.6","12.8","7.5","4.4","0.0","0.0","0.0","79.1","82.9","80.0","3.9","9.0","7.4","0.0","0.0","0.0","4.5","7.2","1.9"
"20220703","울산","울주군","27.5","31.8","23.9","22.2","23.9","27.8","20.9","0.0","23.4","9.6","10.7","0.0","4.0","0.0","0.0","0.0","75.0","93.5","80.6","7.1","9.9","7.5","0.0","0.0","0.0","4.0","6.0","1.9"
"20220702","울산","울주군","28.0","33.3","22.4","22.5","23.8","27.8","20.8","0.0","0.0","8.7","13.1","0.4","3.7","0.0","0.0","0.0","65.4","86.1","80.5","4.0","7.5","7.7","0.0","0.0","0.0","4.3","5.3","1.9"
"20220701","울산","울주군","27.4","32.2","22.8","23.0","23.8","27.8","20.5","0.0","0.0","9.0","13.1","10.1","3.8","0.0","0.0","0.0","74.4","82.4","80.3","0.9","5.8","7.6","0.0","0.0","0.0","4.3","5.0","1.9"
"20220630","울산","울주군","27.9","31.5","25.0","22.7","23.5","27.5","20.3","0.0","0.0","8.5","11.8","5.4","3.9","0.0","0.0","0.0","73.0","82.1","80.1","3.1","6.6","7.4","0.0","0.0","0.0","7.0","5.3","1.9"
"20220629","울산","울주군","26.8","29.7","24.9","22.7","23.3","27.4","20.0","0.1","0.0","8.0","5.1","10.4","4.1","0.0","0.0","0.0","82.8","81.8","79.7","7.8","4.8","7.3","0.0","0.0","0.0","9.9","5.6","1.9"
"20220628","울산","울주군","27.2","29.4","24.7","23.0","23.1","27.1","19.7","0.2","0.0","9.7","7.8","10.4","4.1","0.0","0.0","0.0","79.1","81.4","79.3","7.4","6.0","7.3","0.0","0.0","0.0","9.4","6.6","1.9"
"20220627","울산","울주군","25.2","27.9","23.3","22.7","22.8","26.8","19.5","47.9","0.0","11.2","0.6","12.5","4.3","0.0","0.0","0.0","93.0","79.4","78.8","9.0","3.5","7.2","0.0","0.0","0.0","5.8","6.1","1.9"
"20220626","울산","울주군","27.2","29.6","23.8","22.4","22.6","26.6","19.2","0.0","0.2","11.0","6.3","2.8","4.5","0.0","0.0","0.0","74.8","82.6","78.3","6.3","7.1","7.2","0.0","0.0","0.0","7.8","4.5","1.9"
"20220625","울산","울주군","26.0","31.0","22.0","22.3","22.3","26.4","19.0","0.0","0.0","10.5","11.0","12.6","4.4","0.0","0.0","0.0","75.3","82.6","77.8","5.1","4.9","7.2","0.0","0.0","0.0","7.9","4.6","1.9"
"20220624","울산","울주군","25.7","29.1","23.4","21.0","22.1","26.1","18.8","6.9","0.0","10.2","4.0","6.4","4.4","0.0","0.0","0.0","81.8","81.8","77.5","6.4","7.5","7.2","0.0","0.0","0.0","7.1","3.9","1.9"
"20220623","울산","울주군","26.2","29.2","21.9","19.5","22.0","26.2","18.7","0.0","0.0","7.3","4.7","0.5","4.7","0.0","0.0","0.0","79.3","85.0","76.8","7.3","8.1","7.1","0.0","0.0","0.0","8.4","5.3","1.9"
"20220622","울산","울주군","25.6","31.5","20.9","19.7","22.1","26.4","18.7","0.0","0.1","5.0","13.0","2.4","5.0","0.0","0.0","0.0","79.1","82.3","76.4","1.8","7.8","6.9","0.0","0.0","0.0","4.0","4.7","1.9"
"20220621","울산","울주군","24.7","28.9","22.6","22.1","22.1","26.5","18.6","0.0","0.0","5.6","6.7","8.7","5.0","0.0","0.0","0.0","85.1","72.9","76.3","4.6","5.4","6.8","0.0","0.0","0.0","4.1","5.9","1.9"
"20220620","울산","울주군","25.2","31.0","21.7","23.1","22.1","26.4","18.6","0.0","0.0","6.4","12.2","13.2","5.1","0.0","0.0","0.0","77.9","77.0","76.1","4.8","4.1","6.8","0.0","0.0","0.0","4.5","4.8","1.9"
"20220619","울산","울주군","25.5","30.8","22.3","23.0","22.1","26.5","18.4","0.0","0.0","6.2","11.8","12.4","5.5","0.0","0.0","0.0","75.3","67.5","75.6","2.3","2.0","6.6","0.0","0.0","0.0","4.2","5.3","1.8"
"20220618","울산","울주군","25.8","30.2","21.7","21.1","21.9","26.5","18.1","0.0","2.9","6.0","10.9","2.7","5.8","0.0","0.0","0.0","70.9","91.5","74.8","3.1","8.4","6.4","0.0","0.0","0.0","4.6","3.9","1.8"
"20220617","울산","울주군","23.8","28.7","18.2","18.7","21.8","26.4","17.9","0.0","1.3","5.9","12.6","0.1","6.1","0.0","0.0","0.0","71.8","93.9","73.7","4.0","9.6","6.2","0.0","0.0","0.0","4.3","4.8","1.9"
"20220616","울산","울주군","23.4","29.4","18.6","19.0","21.6","26.2","17.7","0.0","16.2","3.9","11.9","0.0","6.2","0.0","0.0","0.0","68.4","97.9","73.1","2.9","10.0","6.1","0.0","0.0","0.0","5.1","6.7","1.9"
"20220615","울산","울주군","19.9","25.0","15.0","20.6","21.5","26.3","17.5","1.2","7.6","3.1","6.9","0.0","6.4","0.0","0.0","0.0","85.9","94.5","72.2","6.4","9.8","6.0","0.0","0.0","0.0","5.7","5.6","1.9"
"20220614","울산","울주군","16.9","18.3","15.9","21.8","21.4","26.2","17.4","24.5","0.0","2.5","0.0","5.6","6.4","0.0","0.0","0.0","95.0","90.9","71.4","10.0","7.4","5.8","0.0","0.0","0.0","6.0","5.9","1.9"
"20220613","울산","울주군","18.8","20.7","16.6","22.9","21.3","26.1","17.3","0.0","0.0","2.8","0.0","7.0","6.4","0.0","0.0","0.0","80.6","91.3","71.3","9.6","7.3","5.8","0.0","0.0","0.0","6.1","4.6","2.0"
"20220612","울산","울주군","19.2","23.7","17.3","21.2","21.2","25.8","17.3","0.0","7.8","2.9","7.9","0.0","6.2","0.0","0.0","0.0","78.0","98.0","71.9","7.3","10.0","6.1","0.0","0.0","0.0","5.8","3.1","1.9"
"20220611","울산","울주군","20.2","24.4","17.6","20.7","21.1","25.6","17.2","0.0","30.3","3.1","5.7","0.0","6.1","0.0","0.0","0.0","76.8","97.1","71.7","5.9","10.0","6.1","0.0","0.0","0.0","5.4","6.4","1.9"
"20220610","울산","울주군","19.7","25.4","14.5","22.3","21.0","25.5","17.2","0.0","0.0","2.9","9.4","6.8","6.1","0.0","0.0","0.0","78.1","76.8","71.5","5.9","7.8","6.2","0.0","0.0","0.0","4.7","4.2","1.9"
"20220609","울산","울주군","18.4","23.3","13.1","22.6","20.8","25.3","17.0","0.0","0.0","3.1","11.9","12.3","6.1","0.0","0.0","0.0","76.9","64.0","71.8","3.3","4.8","6.1","0.0","0.0","0.0","5.0","4.7","1.9"
"20220608","울산","울주군","16.3","19.0","13.9","24.2","20.7","25.3","16.7","1.1","0.0","2.7","2.8","11.8","6.1","0.0","0.0","0.0","81.4","58.4","71.8","8.9","4.6","6.1","0.0","0.0","0.0","5.5","5.7","1.8"
"20220607","울산","울주군","15.7","18.8","12.7","24.2","20.5","25.3","16.5","1.5","0.0","2.6","2.6","12.5","6.4","0.0","0.0","0.0","82.3","63.3","71.4","7.6","2.6","5.8","0.0","0.0","0.0","4.7","4.3","1.8"
"20220606","울산","울주군","17.3","22.2","14.7","23.2","20.5","25.6","16.2","9.9","0.0","2.1","2.8","13.1","6.8","0.0","0.0","0.0","88.3","67.3","70.3","8.0","3.5","5.6","0.0","0.0","0.0","6.4","5.0","1.8"
"20220605","울산","울주군","17.7","19.2","16.4","22.2","20.5","25.7","16.1","53.8","0.0","2.1","0.0","12.7","7.0","0.0","0.0","0.0","92.4","61.4","69.4","9.8","5.1","5.4","0.0","0.0","0.0","5.6","7.4","1.8"
"20220604","울산","울주군","19.8","24.6","16.9","21.1","20.4","25.6","16.0","0.0","4.7","2.4","8.6","10.4","7.1","0.0","0.0","0.0","72.5","66.1","68.7","6.3","6.4","5.4","0.0","0.0","0.0","4.9","4.8","1.9"
"20220603","울산","울주군","21.6","26.8","18.4","18.7","20.4","25.6","15.8","0.0","22.7","2.6","12.8","0.4","7.3","0.0","0.0","0.0","65.8","94.4","67.1","2.3","9.4","5.4","0.0","0.0","0.0","6.4","5.8","1.9"
"20220602","울산","울주군","22.4","28.4","16.6","20.9","20.3","25.7","15.5","0.0","0.0","2.5","13.2","8.0","7.5","0.0","0.0","0.0","59.1","76.9","65.8","0.0","7.0","5.1","0.0","0.0","0.0","4.3","3.7","1.9"
"20220601","울산","울주군","22.6","28.8","17.5","20.3","20.1","25.4","15.4","0.0","0.0","3.5","10.7","11.6","7.3","0.0","0.0","0.0","43.9","64.1","66.0","5.9","4.5","5.1","0.0","0.0","0.0","4.9","4.0","1.9"
"20220531","울산","울주군","22.2","28.0","17.6","19.0","20.0","25.4","15.2","0.0","0.6","3.0","13.2","7.5","7.4","0.0","0.0","0.0","42.0","77.0","66.1","1.6","4.9","5.0","0.0","0.0","0.0","5.9","4.3","1.9"
"20220530","울산","울주군","21.7","26.6","19.1","19.2","19.8","25.2","15.0","0.0","0.0","3.0","6.4","12.8","7.6","0.0","0.0","0.0","57.9","66.9","65.5","8.4","1.3","4.9","0.0","0.0","0.0","5.8","5.1","1.9"
"20220529","울산","울주군","24.5","30.1","18.0","19.3","19.5","24.9","14.9","0.0","0.0","3.2","13.3","11.7","7.6","0.0","0.0","0.0","30.4","63.5","65.6","3.6","3.4","4.9","0.0","0.0","0.0","5.3","6.3","1.9"
"20220528","울산","울주군","24.8","31.7","15.7","17.5","19.5","24.8","15.0","0.0","31.2","4.0","12.9","10.2","7.2","0.0","0.0","0.0","32.0","75.8","65.8","5.1","2.8","5.3","0.0","0.0","0.0","5.7","10.7","2.0"
"20220527","울산","울주군","23.7","29.9","14.8","19.1","19.5","24.8","14.9","0.0","0.0","4.0","13.2","7.5","7.3","0.0","0.0","0.0","31.0","68.8","65.4","0.9","5.1","5.2","0.0","0.0","0.0","7.9","6.5","2.0"
"20220526","울산","울주군","21.4","25.9","16.3","18.3","19.5","24.8","14.8","0.0","0.0","4.6","11.8","4.9","7.2","0.0","0.0","0.0","58.3","47.5","65.1","3.8","9.3","5.3","0.0","0.0","0.0","5.5","6.3","2.0"
"20220525","울산","울주군","23.0","29.0","16.5","19.0","19.6","24.9","14.8","0.0","0.3","4.1","11.2","9.1","7.1","0.0","0.0","0.0","59.4","41.8","64.9","3.4","4.4","5.2","0.0","0.0","0.0","6.0","9.0","1.9"
"20220524","울산","울주군","22.8","30.3","16.1","19.6","19.6","25.1","14.6","0.0","0.9","4.1","12.6","4.9","7.1","0.0","0.0","0.0","62.5","70.8","64.7","1.5","6.3","5.0","0.0","0.0","0.0","5.1","5.1","1.9"
"20220523","울산","울주군","20.5","25.9","14.9","23.7","19.5","25.2","14.3","0.0","0.0","3.7","11.2","9.4","7.5","0.0","0.0","0.0","66.4","55.8","64.3","4.4","4.9","4.7","0.0","0.0","0.0","5.0","4.9","1.9"
"20220522","울산","울주군","23.1","31.8","17.0","19.8","19.3","25.0","14.1","0.0","0.0","2.6","12.6","13.4","7.5","0.0","0.0","0.0","48.1","71.4","63.8","0.6","0.8","4.6","0.0","0.0","0.0","5.9","5.3","1.9"
"20220521","울산","울주군","21.5","27.0","16.9","17.4","19.1","24.8","14.0","0.0","0.3","2.9","12.8","5.1","7.5","0.0","0.0","0.0","55.3","81.8","63.5","0.5","8.5","4.6","0.0","0.0","0.0","4.7","5.3","1.9"
"20220520","울산","울주군","20.5","26.1","16.8","16.1","18.9","24.7","13.7","0.0","16.7","3.2","8.5","0.0","7.6","0.0","0.0","0.0","51.0","94.1","63.7","6.3","9.9","4.7","0.0","0.0","0.0","4.9","5.6","2.0"
"20220519","울산","울주군","22.4","27.3","16.4","20.3","18.7","24.4","13.6","0.0","0.0","2.8","5.0","10.6","7.4","0.0","0.0","0.0","32.1","70.4","63.9","7.4","5.8","4.9","0.0","0.0","0.0","6.1","4.6","2.0"
"20220518","울산","울주군","22.3","29.1","14.5","16.0","18.5","23.9","13.6","0.0","1.3","3.0","12.9","0.6","7.1","0.0","0.0","0.0","37.3","95.9","64.8","0.0","8.8","5.2","0.0","0.0","0.0","6.3","3.8","2.0"
"20220517","울산","울주군","19.7","26.0","11.6","14.4","18.3","23.6","13.4","0.0","3.5","3.3","12.4","0.0","6.7","0.0","0.0","0.0","38.3","97.0","65.6","0.3","10.0","5.6","0.0","0.0","0.0","6.3","3.4","2.0"
"20220516","울산","울주군","17.1","23.0","12.2","19.4","18.1","23.4","13.3","0.0","22.1","3.0","11.9","0.0","6.9","0.0","0.0","0.0","46.0","97.0","65.3","2.9","10.0","5.5","0.0","0.0","0.0","5.8","5.7","2.0"
"20220515","울산","울주군","15.8","19.4","12.8","18.9","17.9","23.3","13.2","0.0","15.7","2.8","11.1","0.1","6.9","0.0","0.0","0.0","46.3","95.4","65.3","6.6","9.3","5.4","0.0","0.0","0.0","5.7","2.6","2.0"
"20220514","울산","울주군","18.0","23.9","10.5","19.4","17.7","23.0","13.1","0.0","0.0","3.6","11.8","11.1","6.8","0.0","0.0","0.0","46.3","76.5","66.3","4.0","7.3","5.3","0.0","0.0","0.0","6.5","4.7","2.0"
"20220513","울산","울주군","15.8","18.4","14.0","18.3","17.5","22.7","12.7","0.0","0.0","3.8","0.1","12.5","7.0","0.0","0.0","0.0","83.0","71.0","65.6","9.6","3.3","5.2","0.0","0.0","0.0","4.4","4.4","2.1"
"20220512","울산","울주군","18.6","22.3","15.0","16.4","17.2","22.6","12.5","0.0","0.0","4.1","0.5","3.3","7.1","0.0","0.0","0.0","77.8","71.4","65.6","8.8","7.6","5.0","0.0","0.0","0.0","4.8","5.7","2.1"
"20220511","울산","울주군","18.5","24.6","13.2","15.3","17.1","22.6","12.3","0.0","0.0","4.1","6.9","0.5","6.9","0.0","0.0","0.0","73.9","71.5","65.4","6.4","9.5","5.1","0.0","0.0","0.0","4.2","5.5","2.1"
"20220510","울산","울주군","15.3","19.6","11.6","15.3","17.1","22.5","12.3","0.0","0.2","3.5","6.0","1.6","6.7","0.0","0.0","0.0","65.0","61.1","64.7","7.9","8.5","5.3","0.0","0.0","0.0","5.7","5.6","2.1"
"20220509","울산","울주군","15.1","19.3","12.4","18.9","17.2","22.6","12.3","0.0","0.0","4.2","10.2","12.9","6.7","0.0","0.0","0.0","59.0","31.6","63.9","6.1","0.4","5.3","0.0","0.0","0.0","6.5","6.7","2.1"
"20220508","울산","울주군","14.5","17.6","12.3","18.1","17.3","22.7","12.3","0.0","0.0","4.0","10.2","12.3","6.4","0.0","0.0","0.0","62.3","41.4","63.9","7.6","2.5","5.3","0.0","0.0","0.0","6.0","7.5","2.1"
"20220507","울산","울주군","17.5","25.5","13.7","18.9","17.4","23.0","12.3","0.0","0.0","3.3","8.8","8.9","6.8","0.0","0.0","0.0","67.5","48.6","62.4","5.8","5.9","5.1","0.0","0.0","0.0","6.8","8.6","2.1"
"20220506","울산","울주군","18.8","24.6","12.5","16.8","17.4","23.1","12.3","0.0","0.0","2.9","12.5","9.6","7.1","0.0","0.0","0.0","71.9","39.8","62.1","0.5","5.3","4.8","0.0","0.0","0.0","5.0","5.1","2.2"
"20220505","울산","울주군","18.0","24.8","11.0","18.7","17.3","22.8","12.3","0.0","3.5","4.0","12.8","10.8","7.2","0.0","0.0","0.0","59.8","46.3","62.8","0.0","4.0","4.8","0.0","0.0","0.0","4.4","7.4","2.2"
"20220504","울산","울주군","17.8","24.3","12.3","17.2","17.1","22.7","12.2","0.0","15.2","3.1","12.7","3.2","7.3","0.0","0.0","0.0","50.9","81.0","62.9","0.0","9.4","4.8","0.0","0.0","0.0","4.2","8.6","2.2"
"20220503","울산","울주군","13.9","21.8","4.9","15.5","17.0","22.6","12.2","0.0","0.0","2.9","12.4","12.3","7.5","0.0","0.0","0.0","67.0","58.9","63.3","0.5","2.4","4.7","0.0","0.0","0.0","5.5","6.2","2.2"
"20220502","울산","울주군","12.2","18.9","7.1","12.5","16.9","22.3","12.2","6.1","0.2","3.3","8.7","7.9","7.1","0.0","0.0","0.0","59.3","66.3","64.0","3.6","4.4","5.0","0.0","0.0","0.0","5.2","6.7","2.2"
"20220501","울산","울주군","13.8","18.3","10.0","12.2","16.7","22.0","12.0","0.0","8.7","3.7","11.6","4.3","6.6","0.0","0.0","0.0","48.0","73.6","64.7","2.1","6.8","5.2","0.0","0.0","0.0","5.7","5.9","2.2"
"20220430","울산","울주군","12.3","15.9","9.0","16.8","16.4","21.9","11.4","0.0","0.1","3.0","2.1","11.5","7.1","0.0","0.0","0.0","75.9","53.5","63.5","8.8","5.0","4.9","0.0","0.0","0.0","4.8","8.9","2.3"
"20220429","울산","울주군","10.5","13.8","8.7","15.7","16.1","21.7","10.9","24.6","0.0","2.6","1.7","7.0","7.1","0.0","0.0","0.0","85.6","57.3","62.3","9.3","6.0","4.7","0.0","0.0","0.0","7.0","5.7","2.2"
"20220428","울산","울주군","14.5","18.8","10.2","18.5","15.7","21.4","10.3","0.0","0.0","2.6","8.7","11.3","7.3","0.0","0.0","0.0","67.6","50.9","61.1","4.9","6.8","4.7","0.0","0.0","0.0","5.8","4.8","2.2"
"20220427","울산","울주군","16.1","19.4","12.0","14.9","15.3","21.2","9.8","0.0","0.0","2.6","10.5","7.6","7.7","0.0","0.0","0.0","66.1","67.5","59.1","4.9","7.4","4.4","0.0","0.0","0.0","6.8","5.6","2.2"
"20220426","울산","울주군","18.0","22.5","16.0","11.9","15.1","21.0","9.6","53.0","0.0","2.2","0.1","12.5","8.0","0.0","0.0","0.0","95.5","61.3","57.5","8.6","2.4","4.2","0.0","0.0","0.0","7.7","5.6","2.2"
"20220425","울산","울주군","20.6","27.5","14.8","13.4","15.0","20.7","9.7","0.0","0.0","3.0","7.8","7.7","7.7","0.0","0.0","0.0","62.5","67.5","57.8","6.5","4.8","4.4","0.0","0.0","0.0","5.0","6.9","2.2"
"20220424","울산","울주군","18.1","25.3","11.4","14.7","15.0","20.5","9.9","0.0","0.0","3.4","11.8","8.5","7.6","0.0","0.0","0.0","70.1","73.9","58.8","1.9","6.1","4.6","0.0","0.0","0.0","4.8","6.2","2.2"
"20220423","울산","울주군","17.1","20.3","13.3","15.4","15.0","20.5","10.1","0.0","0.0","4.2","6.0","0.3","7.3","0.0","0.0","0.0","61.0","62.0","59.5","7.6","8.8","4.8","0.0","0.0","0.0","6.1","6.8","2.3"
"20220422","울산","울주군","18.1","25.3","8.8","18.2","14.8","20.0","10.1","0.0","0.0","4.1","11.7","6.1","7.0","0.0","0.0","0.0","61.8","48.8","61.8","2.1","7.1","5.1","0.0","0.0","0.0","7.4","5.1","2.3"
"20220421","울산","울주군","14.2","18.6","10.9","17.3","14.6","19.8","9.9","2.2","0.0","4.7","0.8","11.3","6.8","0.0","0.0","0.0","67.8","55.1","63.1","6.1","3.9","5.2","0.0","0.0","0.0","6.0","3.9","2.3"
"20220420","울산","울주군","18.5","25.6","10.3","17.5","14.6","19.9","9.8","0.0","0.0","4.1","12.2","10.7","6.7","0.0","0.0","0.0","25.4","40.3","62.9","0.3","2.3","5.2","0.0","0.0","0.0","6.8","7.1","2.3"
"20220419","울산","울주군","16.8","23.4","12.5","17.1","14.4","19.9","9.6","0.0","0.0","5.0","12.1","12.4","6.8","0.0","0.0","0.0","36.3","27.6","62.2","1.6","0.0","5.1","0.0","0.0","0.0","5.1","6.4","2.3"
"20220418","울산","울주군","16.9","23.5","10.8","11.8","14.3","20.0","9.2","0.0","0.0","4.4","10.4","11.8","7.0","0.0","0.0","0.0","24.9","46.9","61.0","7.4","0.8","4.8","0.0","0.0","0.0","5.9","6.8","2.3"
"20220417","울산","울주군","14.5","22.2","6.8","13.9","14.3","20.2","9.0","0.0","0.0","3.9","12.1","5.8","7.2","0.0","0.0","0.0","38.4","52.5","59.4","2.9","4.9","4.6","0.0","0.0","0.0","5.6","7.7","2.2"
"20220416","울산","울주군","11.1","16.9","6.4","14.4","14.2","20.1","8.8","0.0","0.0","3.4","12.1","7.4","7.4","0.0","0.0","0.0","54.0","72.4","57.7","3.5","6.4","4.4","0.0","0.0","0.0","5.5","7.2","2.3"
"20220415","울산","울주군","10.8","15.1","8.7","11.3","13.9","19.7","8.4","0.0","0.0","3.2","7.5","9.2","7.4","0.0","0.0","0.0","59.6","48.9","56.5","6.4","3.9","4.3","0.0","0.0","0.0","6.7","5.3","2.3"
"20220414","울산","울주군","9.9","10.7","8.8","10.4","13.5","19.3","8.1","0.5","0.0","2.3","0.0","8.6","7.3","0.0","0.0","0.0","83.6","49.1","56.0","9.8","3.5","4.4","0.0","0.0","0.0","6.4","7.5","2.3"
"20220413","울산","울주군","11.2","14.8","9.8","16.9","13.1","18.7","8.0","0.1","2.8","2.4","0.0","10.5","6.9","0.0","0.0","0.0","86.5","66.1","56.9","9.8","6.3","4.7","0.0","0.0","0.0","6.7","7.0","2.3"
"20220412","울산","울주군","19.0","25.8","14.5","13.2","12.8","18.4","7.8","0.0","15.4","3.5","11.6","0.0","6.7","0.0","0.0","0.0","76.3","92.1","57.9","1.6","9.6","4.9","0.0","0.0","0.0","4.7","8.2","2.4"
"20220411","울산","울주군","19.4","24.9","15.2","12.1","12.6","18.0","7.7","0.0","0.0","3.8","11.0","12.1","6.4","0.0","0.0","0.0","70.8","63.0","58.8","2.9","0.6","5.1","0.0","0.0","0.0","7.8","4.6","2.4"
"20220410","울산","울주군","18.7","25.7","12.2","8.9","12.5","17.9","7.6","0.0","0.0","3.5","10.6","11.9","6.6","0.0","0.0","0.0","51.0","68.5","59.0","4.1","2.4","5.0","0.0","0.0","0.0","4.8","5.4","2.4"
"20220409","울산","울주군","18.8","26.1","9.5","9.0","12.4","17.8","7.5","0.0","5.1","3.3","11.7","2.1","6.6","0.0","0.0","0.0","38.9","79.9","59.6","0.0","4.6","4.9","0.0","0.0","0.0","7.4","5.9","2.4"
"20220408","울산","울주군","13.6","17.9","9.0","12.9","12.4","17.8","7.4","0.0","0.0","3.6","12.0","9.5","6.6","0.0","0.0","0.0","54.5","61.1","59.2","0.0","4.8","4.8","0.0","0.0","0.0","5.5","6.8","2.3"
"20220407","울산","울주군","15.0","21.1","9.1","14.7","12.3","17.9","7.2","0.6","0.0","2.8","8.2","11.8","7.0","0.0","0.0","0.0","41.0","46.5","58.4","2.4","1.9","4.5","0.0","0.0","0.0","5.2","6.1","2.2"
"20220406","울산","울주군","14.6","19.7","10.5","11.8","12.0","17.6","6.8","0.0","0.0","2.4","11.2","10.0","7.1","0.0","0.0","0.0","35.0","60.8","57.9","1.4","2.3","4.4","0.0","0.0","0.0","5.5","4.7","2.2"
"20220405","울산","울주군","14.3","20.7","6.0","10.1","11.8","17.4","6.6","0.0","0.0","2.6","9.4","11.7","7.2","0.0","0.0","0.0","43.3","55.3","57.6","6.1","0.4","4.4","0.0","0.0","0.0","4.7","7.5","2.3"
"20220404","울산","울주군","11.7","18.4","4.9","9.9","11.7","17.4","6.3","0.0","18.0","2.3","11.8","0.0","7.4","0.0","0.0","0.0","63.4","82.4","56.8","0.0","9.6","4.3","0.0","0.0","0.0","5.6","7.7","2.3"
"20220403","울산","울주군","10.4","16.5","5.2","14.7","11.4","17.3","6.0","0.0","32.5","2.2","11.2","0.5","7.5","0.0","0.0","0.0","56.6","92.6","56.5","0.8","9.5","4.1","0.0","0.0","0.0","5.5","4.5","2.3"
"20220402","울산","울주군","9.2","14.8","2.5","13.9","11.2","17.0","5.8","0.0","0.0","2.1","11.3","3.4","7.4","0.0","0.0","0.0","59.3","76.3","56.4","0.8","7.5","4.1","0.0","0.0","0.0","5.8","6.3","2.3"
"20220401","울산","울주군","8.2","11.8","5.2","13.4","11.1","16.9","5.9","0.0","0.0","2.1","10.7","8.3","7.3","0.0","0.0","0.0","53.1","66.0","57.0","3.6","6.0","4.2","0.0","0.0","0.0","6.9","8.0","2.3"
"20220331","울산","울주군","9.7","11.9","7.7","12.4","10.9","16.5","5.9","0.0","0.0","2.4","0.0","10.7","6.8","0.0","0.0","0.0","75.4","67.0","58.3","9.6","4.0","4.5","0.0","0.0","0.0","5.4","5.3","2.3"
"20220330","울산","울주군","14.0","20.6","6.6","13.1","10.8","16.3","5.8","0.0","0.0","2.3","8.4","7.4","6.5","0.0","0.0","0.0","69.1","43.3","58.0","5.3","4.3","4.6","0.0","0.0","0.0","5.6","5.4","2.3"
"20220329","울산","울주군","10.0","16.7","3.4","16.3","10.7","16.2","5.6","0.0","0.0","1.6","11.5","7.9","6.6","0.0","0.0","0.0","59.4","43.6","57.5","0.9","2.3","4.6","0.0","0.0","0.0","4.8","6.1","2.2"
"20220328","울산","울주군","8.2","11.4","4.8","17.4","10.4","15.9","5.4","0.0","11.2","1.8","8.7","10.1","6.5","0.0","0.0","0.0","41.5","67.3","56.8","7.0","3.5","4.6","0.0","0.0","0.0","6.6","8.0","2.2"
"20220327","울산","울주군","13.9","20.6","8.6","13.5","10.2","15.6","5.2","0.0","23.6","1.5","10.8","1.4","6.6","0.0","0.0","0.0","38.6","85.9","55.1","4.8","7.8","4.6","0.0","0.0","0.0","6.7","8.2","2.2"
"20220326","울산","울주군","15.6","22.6","10.9","14.6","9.9","15.3","4.9","20.5","0.0","1.3","7.4","7.5","6.8","0.0","0.0","0.0","76.6","52.0","53.7","7.6","4.1","4.5","0.0","0.0","0.0","8.3","6.0","2.2"
"20220325","울산","울주군","13.6","19.8","6.5","13.5","9.6","14.8","4.7","0.2","0.0","1.5","5.5","11.4","6.7","0.0","0.0","0.0","69.3","52.1","54.3","9.0","0.6","4.6","0.0","0.0","0.0","8.3","5.3","2.2"
"20220324","울산","울주군","10.3","16.9","3.7","13.2","9.3","14.3","4.6","0.0","0.0","1.8","9.8","7.6","6.4","0.0","0.0","0.0","50.4","49.6","54.6","1.4","6.4","4.7","0.0","0.0","0.0","5.3","6.2","2.3"
"20220323","울산","울주군","7.6","12.8","2.8","11.8","9.2","14.2","4.5","0.0","0.0","2.1","1.4","11.3","6.4","0.0","0.0","0.0","61.5","36.9","55.5","5.1","0.0","4.9","0.0","0.0","0.0","4.2","6.3","2.3"
"20220322","울산","울주군","8.0","12.8","5.7","7.7","9.1","14.1","4.4","0.0","0.0","2.3","9.9","11.3","6.0","0.0","0.0","0.0","57.3","36.4","57.0","7.0","1.8","5.1","0.0","0.0","0.0","7.1","8.9","2.4"
"20220321","울산","울주군","8.0","12.2","3.1","9.7","9.2","14.4","4.5","0.0","0.4","2.6","7.2","8.2","6.1","0.0","0.0","0.0","59.9","56.5","57.8","7.8","6.6","5.1","0.0","0.0","0.0","6.2","7.6","2.5"
"20220320","울산","울주군","6.4","10.0","2.4","10.3","9.3","14.6","4.5","0.0","4.1","3.3","3.3","0.0","6.2","0.0","0.0","0.0","78.1","93.5","58.2","8.1","9.4","5.0","0.0","0.0","0.0","4.5","5.8","2.4"
"20220319","울산","울주군","4.5","6.9","3.3","10.9","9.3","14.7","4.3","7.0","0.0","3.2","3.2","5.1","6.4","0.0","0.0","0.0","90.6","69.4","58.0","8.8","7.4","4.9","0.0","0.0","0.0","7.5","7.2","2.5"
"20220318","울산","울주군","6.4","8.1","4.5","9.8","9.2","14.6","4.2","15.2","0.0","3.2","0.0","8.4","6.3","0.0","0.0","0.0","86.4","74.4","58.1","9.1","4.4","4.9","0.0","0.0","0.0","8.0","6.8","2.4"
"20220317","울산","울주군","9.2","11.8","7.7","10.0","8.9","14.4","3.9","7.8","0.0","3.6","0.0","9.4","6.5","0.0","0.0","0.0","83.4","74.1","58.7","10.0","3.1","4.8","0.0","0.0","0.0","6.4","6.4","2.4"
"20220316","울산","울주군","13.1","21.6","6.3","15.3","8.6","14.0","3.5","0.0","0.5","3.4","10.4","10.2","6.4","0.0","0.0","0.0","50.1","60.8","58.1","1.8","4.0","4.7","0.0","0.0","0.0","4.4","5.9","2.3"
"20220315","울산","울주군","10.3","16.3","5.8","12.8","8.3","13.9","3.2","0.0","0.0","2.7","10.6","9.4","6.6","0.0","0.0","0.0","63.3","64.9","56.9","3.0","5.1","4.5","0.0","0.0","0.0","5.9","6.5","2.4"
"20220314","울산","울주군","10.8","12.8","9.1","10.5","8.1","13.7","2.9","0.1","0.0","2.5","0.0","7.6","6.8","0.0","0.0","0.0","89.0","72.9","55.2","8.5","2.3","4.3","0.0","0.0","0.0","4.9","5.0","2.4"
"20220313","울산","울주군","15.1","18.2","9.5","9.8","7.8","13.4","2.6","4.6","0.0","2.1","0.1","9.2","7.1","0.0","0.0","0.0","86.3","72.4","53.5","9.9","4.0","4.0","0.0","0.0","0.0","7.1","6.2","2.4"
"20220312","울산","울주군","14.3","18.1","9.5","9.4","7.7","13.3","2.6","0.0","29.4","1.9","5.3","0.0","7.2","0.0","0.0","0.0","73.3","95.8","52.1","6.5","9.8","4.0","0.0","0.0","0.0","6.7","7.0","2.4"
"20220311","울산","울주군","13.7","20.7","6.7","9.3","7.5","13.1","2.5","0.0","0.0","1.9","7.5","7.7","7.1","0.0","0.0","0.0","63.1","71.3","52.1","4.0","7.3","4.0","0.0","0.0","0.0","5.4","5.0","2.4"
"20220310","울산","울주군","11.4","19.3","3.5","8.6","7.2","12.6","2.3","0.0","0.0","1.9","8.4","9.2","7.1","0.0","0.0","0.0","55.4","55.8","52.3","5.1","1.5","3.9","0.0","0.0","0.0","5.4","7.3","2.4"
"20220309","울산","울주군","9.4","14.9","3.6","8.8","6.9","12.1","2.3","0.0","0.0","2.1","9.7","6.1","6.8","0.0","0.0","0.0","56.8","68.5","53.7","1.5","7.8","4.1","0.0","0.0","0.0","7.1","4.9","2.5"
"20220308","울산","울주군","8.4","14.5","0.8","6.2","6.9","12.0","2.3","0.0","0.0","2.3","10.6","7.1","6.5","0.0","0.0","0.0","39.9","74.3","55.5","1.8","3.6","4.2","0.0","0.0","0.0","5.3","6.6","2.5"
"20220307","울산","울주군","5.6","10.3","0.3","5.2","6.9","12.1","2.1","0.0","0.0","2.4","9.1","3.0","6.3","0.0","0.0","0.0","48.1","72.0","56.7","5.8","7.6","4.3","0.0","0.0","0.0","5.3","5.2","2.4"
"20220306","울산","울주군","3.8","10.1","0.0","6.9","6.7","11.8","2.1","0.0","1.4","2.8","10.8","0.3","6.3","0.0","0.0","0.0","30.8","80.4","57.6","0.6","8.5","4.5","0.0","0.0","0.0","7.6","8.5","2.4"
"20220305","울산","울주군","8.4","12.0","2.7","11.5","6.7","11.7","2.0","0.0","0.2","2.5","10.4","6.2","5.9","0.0","0.0","0.0","21.9","86.0","57.8","0.8","6.9","4.6","0.0","0.0","0.0","7.1","4.7","2.4"
"20220304","울산","울주군","9.8","16.6","1.7","8.3","6.6","11.8","1.9","0.0","1.4","2.1","6.8","1.3","5.9","0.0","0.0","0.0","46.3","79.8","57.2","4.6","9.0","4.6","0.0","0.0","0.0","9.0","4.3","2.3"
"20220303","울산","울주군","8.2","14.5","2.5","4.7","6.4","11.6","1.8","0.0","0.0","2.0","10.6","9.2","5.9","0.0","0.0","0.0","36.1","69.9","56.9","0.0","5.8","4.6","0.0","0.0","0.0","6.9","4.6","2.2"
"20220302","울산","울주군","7.0","12.9","1.1","2.5","6.4","11.4","1.8","0.0","6.4","2.1","10.6","0.3","5.7","0.0","0.0","0.0","33.9","84.0","56.9","1.8","8.1","4.7","0.0","0.0","0.0","6.9","6.7","2.2"
"20220301","울산","울주군","11.3","16.9","7.2","11.3","6.3","11.4","1.7","0.1","60.3","1.6","3.5","0.0","5.8","0.0","0.0","0.0","61.1","94.6","56.4","6.1","9.6","4.6","0.0","0.0","0.0","7.5","8.0","2.2"
"20220228","울산","울주군","9.0","14.9","1.8","9.7","6.2","11.3","1.7","0.0","0.0","1.9","8.0","3.4","5.9","0.0","0.0","0.0","25.0","77.3","56.8","4.4","8.3","4.6","0.0","0.0","0.0","5.4","4.4","2.2"
"20220227","울산","울주군","7.3","12.7","2.9","7.0","6.2","11.3","1.8","0.0","0.0","2.3","10.5","1.0","5.6","0.0","0.0","0.0","23.4","62.5","57.8","0.0","8.6","4.8","0.0","0.0","0.0","8.4","7.5","2.1"
"20220226","울산","울주군","7.8","13.8","-0.9","8.8","6.1","11.1","1.5","0.0","3.4","2.2","10.1","4.1","5.6","0.0","0.0","0.0","39.3","70.6","57.5","0.8","9.1","4.7","0.0","0.0","0.0","7.0","8.8","2.1"
"20220225","울산","울주군","5.6","11.6","-0.3","7.1","5.7","10.9","1.2","0.0","3.8","1.7","10.4","2.4","6.1","0.0","0.0","0.0","30.4","80.0","55.7","0.0","8.5","4.3","0.0","0.0","0.0","8.3","4.4","2.2"
"20220224","울산","울주군","1.0","7.7","-6.6","6.0","5.6","10.8","1.0","0.0","0.0","2.1","10.3","2.4","6.0","0.0","0.0","0.0","20.4","51.3","55.7","0.0","5.9","4.3","0.0","0.0","0.0","5.8","5.7","2.2"
"20220223","울산","울주군","-1.0","3.7","-4.3","6.2","5.3","10.5","0.6","0.0","0.0","2.0","9.1","9.7","6.2","0.0","0.0","0.0","25.5","32.0","54.5","4.3","2.6","4.1","0.0","0.0","0.0","6.1","6.7","2.2"
"20220222","울산","울주군","0.2","4.3","-2.5","16.5","5.1","10.4","0.3","0.0","0.0","1.9","10.2","9.8","6.7","0.0","0.0","0.0","25.8","38.5","52.8","3.3","0.1","3.7","0.0","0.0","0.0","6.6","6.8","2.3"
"20220221","울산","울주군","0.9","6.9","-4.9","16.6","5.0","10.3","0.1","0.0","0.0","1.9","10.1","10.0","6.8","0.0","0.0","0.0","35.6","40.1","52.0","0.6","0.0","3.7","0.0","0.0","0.0","8.2","8.1","2.3"
"20220220","울산","울주군","-1.4","2.4","-4.7","13.3","4.7","9.9","-0.1","0.0","0.0","1.9","10.1","9.8","6.5","0.0","0.0","0.0","25.9","49.0","51.3","0.3","0.0","3.9","0.0","0.0","0.0","8.3","7.6","2.3"
"20220219","울산","울주군","4.0","7.6","1.0","5.1","4.4","9.5","-0.2","0.0","0.0","1.4","4.3","10.2","6.8","0.0","0.0","0.0","47.9","40.8","49.4","8.5","0.0","3.8","0.0","0.0","0.0","5.8","5.3","2.4"
"20220218","울산","울주군","1.7","8.0","-4.9","-3.9","4.3","9.4","-0.2","0.0","0.0","1.3","9.7","10.1","6.8","0.0","0.0","0.0","45.3","45.8","48.8","3.9","0.0","3.9","0.0","0.0","0.0","4.7","8.9","2.4"
"20220217","울산","울주군","-3.6","0.7","-7.8","-3.9","4.3","9.4","-0.1","0.0","0.0","1.3","9.9","10.1","6.5","0.0","0.0","0.0","25.3","31.0","49.4","0.4","1.3","4.2","0.0","0.0","0.0","7.4","10.7","2.3"
"20220216","울산","울주군","-2.6","2.1","-5.3","1.1","4.5","9.6","0.0","0.0","0.0","1.2","10.0","9.2","6.4","0.0","0.0","0.0","34.6","40.8","49.6","0.4","1.6","4.2","0.0","0.0","0.0","7.9","8.5","2.4"
"20220215","울산","울주군","1.9","7.2","-2.8","8.0","4.7","9.9","0.1","0.0","0.5","1.4","8.6","9.5","6.6","0.0","0.0","0.0","39.3","56.0","50.1","0.6","3.5","4.0","0.0","0.0","0.0","5.9","8.8","2.3"
"20220214","울산","울주군","7.6","12.1","4.3","10.8","4.7","10.0","0.0","1.8","9.0","1.7","4.6","0.5","6.5","0.0","0.0","0.0","74.6","95.0","50.2","4.8","9.1","3.9","0.0","0.0","0.0","4.7","4.3","2.3"
"20220213","울산","울주군","6.4","10.2","3.1","10.6","4.5","9.9","-0.2","0.4","0.0","1.7","2.3","9.4","6.5","0.0","0.0","0.0","75.9","57.6","50.4","9.3","2.4","3.9","0.0","0.0","0.0","5.4","4.6","2.3"
"20220212","울산","울주군","6.7","11.9","1.3","9.3","4.2","9.5","-0.5","0.0","0.0","1.7","9.3","7.8","6.6","0.0","0.0","0.0","46.1","68.3","49.8","4.0","5.9","3.7","0.0","0.0","0.0","6.8","4.5","2.3"
"20220211","울산","울주군","5.2","11.8","0.7","6.9","3.7","8.9","-0.9","0.0","0.0","1.6","9.7","6.0","6.8","0.0","0.0","0.0","39.5","66.8","48.8","1.4","8.0","3.6","0.0","0.0","0.0","5.2","5.4","2.3"
"20220210","울산","울주군","6.3","11.6","3.6","6.2","3.3","8.4","-1.2","0.0","0.0","1.6","9.0","9.7","6.6","0.0","0.0","0.0","40.1","37.1","48.8","2.5","1.1","3.7","0.0","0.0","0.0","5.4","6.4","2.4"
"20220209","울산","울주군","4.2","9.7","-0.7","2.1","3.3","8.5","-1.4","0.0","0.0","1.2","8.6","10.0","6.8","0.0","0.0","0.0","44.8","29.0","48.8","5.6","0.0","3.7","0.0","0.0","0.0","5.7","5.6","2.4"
"20220208","울산","울주군","2.7","8.1","-1.6","1.5","3.3","8.6","-1.3","0.0","0.0","0.9","9.6","9.9","6.9","0.0","0.0","0.0","27.1","26.3","48.5","3.9","0.3","3.6","0.0","0.0","0.0","5.6","7.7","2.4"
"20220207","울산","울주군","1.3","6.8","-3.6","9.0","3.3","8.6","-1.4","0.0","0.0","0.6","7.3","8.6","6.9","0.0","0.0","0.0","28.6","55.1","47.6","5.6","2.0","3.5","0.0","0.0","0.0","5.4","5.5","2.4"
"20220206","울산","울주군","-0.5","4.8","-4.9","8.7","3.2","8.6","-1.4","0.0","0.0","0.5","9.6","9.5","6.8","0.0","0.0","0.0","33.1","38.5","46.9","2.0","0.0","3.3","0.0","0.0","0.0","8.4","3.8","2.3"
"20220205","울산","울주군","-2.0","1.0","-4.8","5.3","3.2","8.7","-1.5","0.0","0.0","0.4","9.6","6.3","6.9","0.0","0.0","0.0","34.0","28.3","46.1","0.4","7.4","3.2","0.0","0.0","0.0","8.2","5.6","2.3"
"20220204","울산","울주군","0.6","5.5","-2.9","3.6","2.9","8.4","-1.8","0.0","0.0","0.3","9.5","9.6","6.9","0.0","0.0","0.0","32.5","32.1","45.0","1.5","2.1","2.9","0.0","0.0","0.0","6.2","6.7","2.2"
"20220203","울산","울주군","1.6","6.1","-1.2","-0.2","2.6","8.1","-2.0","0.0","0.0","0.5","9.6","9.6","6.9","0.0","0.0","0.0","30.8","34.4","44.8","5.1","0.1","2.9","0.0","0.0","0.0","7.5","5.7","2.3"
"20220202","울산","울주군","1.2","5.1","-1.8","0.9","2.5","7.9","-2.1","0.0","0.0","0.8","3.9","9.6","6.8","0.0","0.0","0.0","38.1","27.5","45.6","6.3","0.1","3.0","0.0","0.0","0.0","6.8","7.3","2.2"
"20220201","울산","울주군","2.3","7.1","-2.3","10.6","2.5","7.8","-2.0","0.0","12.1","0.9","8.8","0.5","6.8","0.0","0.0","0.0","42.0","75.9","46.1","3.0","9.3","3.2","0.0","0.0","0.0","7.2","5.6","2.3"
"20220131","울산","울주군","2.0","9.1","-2.8","6.9","2.5","7.7","-2.0","0.0","0.0","0.9","9.5","9.5","6.7","0.0","0.0","0.0","25.5","41.4","46.9","0.0","2.4","3.2","0.0","0.0","0.0","6.1","5.7","2.3"
"20220130","울산","울주군","1.7","7.0","-1.8","2.5","2.5","7.6","-1.8","0.0","0.0","1.0","8.6","8.9","6.6","0.0","0.0","0.0","26.5","43.6","47.6","4.3","1.4","3.2","0.0","0.0","0.0","6.6","6.7","2.3"
"20220129","울산","울주군","2.1","7.2","-0.4","-3.5","2.5","7.6","-1.9","0.0","0.0","1.6","7.7","9.6","6.6","0.0","0.0","0.0","21.9","28.6","47.4","6.6","0.0","3.2","0.0","0.0","0.0","6.3","8.5","2.3"
"20220128","울산","울주군","3.4","8.4","-0.6","3.1","2.4","7.5","-2.0","0.0","0.1","1.6","9.1","6.7","6.7","0.0","0.0","0.0","21.6","53.9","47.1","5.0","4.5","3.0","0.0","0.0","0.0","5.9","10.0","2.3"
"20220127","울산","울주군","4.7","10.1","0.8","5.6","2.2","7.4","-2.2","0.0","0.0","1.6","9.2","9.0","6.6","0.0","0.0","0.0","35.6","59.4","47.1","2.1","3.4","2.9","0.0","0.0","0.0","5.5","6.9","2.3"
"20220126","울산","울주군","4.7","9.0","1.7","6.7","1.9","7.1","-2.4","0.0","11.1","1.6","9.1","0.0","6.8","0.0","0.0","0.0","49.0","90.6","46.5","0.6","7.9","2.8","0.0","0.0","0.0","5.8","5.7","2.4"
"20220125","울산","울주군","5.9","8.9","2.3","8.8","1.8","6.8","-2.5","0.0","0.0","1.6","0.6","4.6","6.5","0.0","0.0","0.0","63.3","70.4","47.3","8.1","7.9","3.0","0.0","0.0","0.0","4.1","5.9","2.5"
"20220124","울산","울주군","5.2","7.1","2.8","8.9","1.8","6.6","-2.4","0.7","0.0","1.1","0.0","0.1","6.1","0.0","0.0","0.0","62.8","71.6","48.5","8.3","9.3","3.3","0.0","0.0","0.0","6.7","7.0","2.4"
"20220123","울산","울주군","7.2","12.5","3.2","10.1","1.8","6.6","-2.3","0.0","6.3","1.3","2.1","0.0","5.9","0.0","0.0","0.0","72.5","82.3","49.3","9.0","10.0","3.5","0.0","0.0","0.0","7.1","8.0","2.4"
"20220122","울산","울주군","4.6","11.6","-1.7","9.5","2.0","6.6","-2.0","0.0","2.3","1.4","8.7","0.0","5.8","0.0","0.0","0.0","65.1","94.6","50.2","3.5","10.0","3.7","0.0","0.0","0.0","4.3","4.5","2.3"
"20220121","울산","울주군","2.2","8.3","-2.4","7.4","2.2","7.0","-1.8","0.0","0.6","1.6","9.2","3.3","5.6","0.0","0.0","0.0","54.0","75.0","50.5","2.0","4.9","3.8","0.0","0.0","0.0","5.1","4.8","2.3"
"20220120","울산","울주군","-0.1","6.0","-4.2","3.6","2.4","7.3","-1.6","0.0","0.0","1.5","8.8","9.1","5.7","0.0","0.0","0.0","57.1","54.0","50.5","0.9","1.1","3.8","0.0","0.0","0.0","6.5","3.9","2.2"
"20220119","울산","울주군","0.9","6.9","-4.2","-1.9","2.6","7.5","-1.5","0.0","0.0","1.4","9.1","9.2","5.8","0.0","0.0","0.0","34.9","37.3","50.7","3.1","0.0","3.7","0.0","0.0","0.0","5.7","6.4","2.2"
"20220118","울산","울주군","-1.8","3.1","-6.2","0.7","2.7","7.6","-1.5","0.0","0.0","1.6","9.1","7.1","5.8","0.0","0.0","0.0","24.4","50.9","51.1","0.0","1.9","3.8","0.0","0.0","0.0","5.8","7.3","2.2"
"20220117","울산","울주군","0.5","4.8","-3.6","-1.7","2.6","7.7","-1.7","0.0","0.0","1.8","8.3","8.8","6.0","0.0","0.0","0.0","34.3","29.9","51.0","4.6","3.3","3.6","0.0","0.0","0.0","7.0","11.9","2.2"
"20220116","울산","울주군","3.0","10.2","-1.5","3.5","2.5","7.6","-1.7","0.0","0.0","1.9","8.6","8.9","5.8","0.0","0.0","0.0","41.6","42.1","51.7","1.3","3.9","3.7","0.0","0.0","0.0","6.2","6.9","2.2"
"20220115","울산","울주군","2.8","9.6","-3.1","10.8","2.4","7.3","-1.7","0.0","0.0","2.0","6.7","7.2","5.7","0.0","0.0","0.0","26.8","67.3","52.2","3.6","5.6","3.7","0.0","0.0","0.0","5.3","9.0","2.2"
"20220114","울산","울주군","-2.1","3.9","-7.8","6.8","2.3","7.2","-1.8","0.0","0.0","1.9","9.2","9.1","5.8","0.0","0.0","0.0","27.1","57.4","51.3","1.8","0.5","3.6","0.0","0.0","0.0","6.6","4.8","2.3"
"20220113","울산","울주군","-1.9","1.2","-4.6","5.9","2.3","7.2","-1.7","0.0","0.0","1.4","9.0","8.5","5.9","0.0","0.0","0.0","31.9","52.9","50.0","1.3","0.0","3.5","0.0","0.0","0.0","9.1","7.2","2.3"
"20220112","울산","울주군","-1.9","3.2","-6.2","0.1","2.2","7.0","-1.7","0.0","0.0","0.9","9.1","9.0","6.0","0.0","0.0","0.0","27.6","49.1","49.0","2.0","0.6","3.4","0.0","0.0","0.0","8.7","5.0","2.3"
"20220111","울산","울주군","0.2","5.5","-5.2","-1.1","2.2","7.1","-1.8","0.0","0.0","0.6","8.2","2.7","6.3","0.0","0.0","0.0","33.8","54.1","48.1","2.3","8.0","3.2","0.0","0.0","0.0","8.8","5.6","2.4"
"20220110","울산","울주군","6.2","11.8","2.4","-3.2","2.2","7.2","-1.8","0.0","0.0","0.7","6.3","9.1","6.4","0.0","0.0","0.0","57.8","44.1","47.8","4.6","0.0","3.1","0.0","0.0","0.0","4.3","6.5","2.4"
"20220109","울산","울주군","5.5","9.8","1.4","-6.4","2.3","7.3","-1.8","0.0","0.0","1.1","6.7","9.1","6.3","0.0","0.0","0.0","52.8","38.3","47.8","3.5","0.0","3.1","0.0","0.0","0.0","6.5","7.8","2.3"
"20220108","울산","울주군","4.6","11.5","-0.1","-8.7","2.4","7.5","-1.7","0.0","0.0","1.3","9.0","9.1","6.3","0.0","0.0","0.0","25.5","35.5","48.3","0.6","0.0","3.1","0.0","0.0","0.0","5.6","8.6","2.3"
"20220107","울산","울주군","3.9","10.8","-0.8","-7.2","2.5","7.6","-1.7","0.0","0.2","1.4","8.9","8.6","6.1","0.0","0.0","0.0","31.0","31.5","48.5","0.0","2.6","3.3","0.0","0.0","0.0","4.2","9.7","2.2"
"20220106","울산","울주군","4.7","9.7","1.1","-3.2","2.6","7.8","-1.7","0.0","0.0","1.3","8.7","9.1","6.1","0.0","0.0","0.0","41.1","42.9","47.7","2.3","3.8","3.3","0.0","0.0","0.0","5.7","7.9","2.1"
"20220105","울산","울주군","3.5","8.1","-0.7","0.8","2.7","7.9","-1.6","0.2","0.0","1.2","0.9","3.7","6.2","0.0","0.0","0.0","52.8","44.0","46.4","8.6","6.1","3.3","0.0","0.0","0.0","5.3","6.2","2.1"
"20220104","울산","울주군","3.1","8.0","-1.1","0.8","2.8","8.2","-1.6","0.0","0.0","0.6","8.5","8.8","6.5","0.0","0.0","0.0","31.5","47.0","45.7","2.8","2.3","3.0","0.0","0.0","0.0","5.6","6.5","2.1"
"20220103","울산","울주군","2.8","9.3","-1.3","-0.3","2.7","8.2","-1.7","0.0","0.0","0.4","8.8","5.7","6.7","0.0","0.0","0.0","24.1","32.9","45.2","2.5","7.1","2.8","0.0","0.0","0.0","5.3","6.6","2.2"
"20220102","울산","울주군","3.4","9.7","-2.3","-0.1","2.7","8.2","-1.7","0.0","0.0","0.2","8.9","8.8","6.9","0.0","0.0","0.0","30.5","44.8","45.2","0.9","1.5","2.6","0.0","0.0","0.0","5.9","6.5","2.3"
"20220101","울산","울주군","-0.6","5.9","-6.3","-0.8","2.7","8.2","-1.8","0.0","0.0","0.2","8.6","8.2","6.9","0.0","0.0","0.0","19.6","55.8","46.1","2.9","2.3","2.6","0.0","0.0","0.0","5.7","6.0","2.3"
"20211231","울산","울주군","-1.5","2.6","-3.9","-3.8","2.7","8.3","-1.8","0.0","0.0","0.2","9.0","9.0","6.9","0.0","0.0","0.0","22.9","44.8","46.3","0.6","0.6","2.5","0.0","0.0","0.0","9.3","8.8","2.3"
"20211230","울산","울주군","1.8","5.1","-0.8","-4.3","2.6","8.1","-1.8","0.0","0.0","0.4","8.8","8.9","6.8","0.0","0.0","0.0","35.6","45.9","46.5","2.3","1.9","2.6","0.0","0.0","0.0","8.5","9.0","2.3"
"20211229","울산","울주군","4.8","11.3","-1.1","7.0","2.6","8.1","-1.8","0.0","4.3","0.6","5.3","3.6","6.8","0.0","0.0","0.0","52.9","74.6","46.1","4.1","6.9","2.6","0.0","0.0","0.0","5.6","6.6","2.2"
"20211228","울산","울주군","3.2","9.4","-1.4","7.6","2.8","8.2","-1.6","0.0","0.0","0.9","8.4","8.9","6.7","0.0","0.0","0.0","61.0","72.1","46.5","2.0","0.0","2.7","0.0","0.0","0.0","4.0","4.8","2.1"
"20211227","울산","울주군","-1.7","2.5","-7.4","5.5","3.0","8.4","-1.3","0.0","1.4","1.2","8.9","1.5","6.6","0.0","0.0","0.0","36.5","73.3","47.3","0.5","9.0","2.6","0.0","0.0","0.0","7.6","3.5","2.2"
"20211226","울산","울주군","-5.9","-2.4","-8.9","3.8","3.2","8.6","-1.0","0.0","0.0","1.3","8.9","8.3","6.5","0.0","0.0","0.0","23.1","52.9","49.1","0.0","4.1","2.9","0.0","0.0","0.0","9.0","4.6","2.1"
"20211225","울산","울주군","-2.7","4.1","-7.1","2.3","3.6","9.0","-0.7","0.0","0.0","1.1","8.9","8.9","6.5","0.0","0.0","0.0","24.3","44.3","50.1","0.0","0.1","2.8","0.0","0.0","0.0","8.1","7.0","2.1"
"20211224","울산","울주군","6.9","10.9","3.1","7.8","4.0","9.2","-0.3","0.0","0.0","1.1","1.5","5.9","6.3","0.0","0.0","0.0","46.4","41.9","51.9","6.6","4.0","2.9","0.0","0.0","0.0","6.4","5.6","2.2"
"20211223","울산","울주군","7.0","12.2","2.8","5.2","4.2","9.5","-0.1","0.0","0.0","1.3","8.7","7.1","6.0","0.0","0.0","0.0","34.9","55.9","53.4","1.5","5.4","3.0","0.0","0.0","0.0","5.0","5.4","2.1"
"20211222","울산","울주군","7.1","12.6","2.8","4.7","4.4","9.7","0.0","0.0","0.0","1.1","8.9","8.2","6.0","0.0","0.0","0.0","47.6","52.9","53.5","0.0","0.4","3.2","0.0","0.0","0.0","6.1","6.4","2.0"
"20211221","울산","울주군","9.0","15.3","3.3","2.5","4.4","9.6","-0.1","0.0","0.0","1.0","8.7","8.9","6.2","0.0","0.0","0.0","53.1","51.6","52.2","0.0","0.1","3.1","0.0","0.0","0.0","5.1","7.3","2.0"
"20211220","울산","울주군","6.0","12.1","-1.8","1.1","4.2","9.4","-0.3","0.0","0.0","1.0","8.7","8.9","6.2","0.0","0.0","0.0","51.5","36.8","51.0","1.6","3.8","3.1","0.0","0.0","0.0","7.0","6.9","2.1"
"20211219","울산","울주군","2.1","6.0","-2.8","-0.1","4.0","9.2","-0.4","0.0","0.0","0.8","8.0","8.7","6.3","0.0","0.0","0.0","44.9","27.4","50.3","0.5","3.9","3.0","0.0","0.0","0.0","7.2","8.3","2.1"
"20211218","울산","울주군","-2.8","2.2","-8.2","2.2","3.8","9.1","-0.7","0.0","0.0","0.5","8.9","5.0","6.5","0.0","0.0","0.0","32.1","47.1","49.0","0.5","5.4","2.9","0.0","0.0","0.0","7.8","5.9","2.1"
"20211217","울산","울주군","1.6","8.7","-5.2","-0.7","3.6","8.8","-0.8","0.0","0.0","0.3","8.4","9.1","6.5","0.0","0.0","0.0","33.9","33.1","48.3","3.0","0.5","2.7","0.0","0.0","0.0","10.9","6.6","2.1"
"20211216","울산","울주군","7.5","10.0","4.2","-2.9","3.6","8.8","-0.8","3.5","0.0","0.4","0.7","8.9","6.5","0.0","0.0","0.0","86.4","34.0","48.4","9.4","0.0","2.7","0.0","0.0","0.0","4.4","7.3","2.2"
"20211215","울산","울주군","8.3","15.4","0.8","-3.6","3.8","9.0","-0.7","0.0","0.0","0.6","8.7","9.1","6.4","0.0","0.0","0.0","61.3","30.9","49.3","0.0","0.0","2.9","0.0","0.0","0.0","6.1","7.3","2.1"
"20211214","울산","울주군","4.1","9.4","-1.8","-2.0","3.9","9.1","-0.6","0.0","0.0","0.6","8.9","8.3","6.3","0.0","0.0","0.0","44.9","23.4","49.1","0.3","3.9","2.9","0.0","0.0","0.0","5.7","7.5","2.0"
"20211213","울산","울주군","1.1","7.2","-2.9","5.5","4.2","9.3","-0.1","0.0","0.0","0.7","8.9","8.4","6.3","0.0","0.0","0.0","27.8","43.3","49.6","0.0","6.6","2.9","0.0","0.0","0.0","6.8","8.7","2.1"
"20211212","울산","울주군","7.6","11.6","0.6","6.7","4.6","9.8","0.1","0.0","0.0","1.0","4.1","6.3","6.2","0.0","0.0","0.0","45.6","42.1","50.9","5.8","3.6","3.1","0.0","0.0","0.0","6.8","6.4","2.0"
"20211211","울산","울주군","10.4","15.5","7.2","8.5","4.8","10.1","0.4","0.0","0.0","0.9","7.4","6.4","6.1","0.0","0.0","0.0","66.6","59.4","51.3","3.5","7.3","3.2","0.0","0.0","0.0","4.8","5.5","2.0"
"20211210","울산","울주군","10.9","16.6","5.6","7.1","4.9","10.1","0.5","0.0","0.0","0.8","5.8","3.4","6.2","0.0","0.0","0.0","72.9","45.1","52.0","2.1","7.3","3.1","0.0","0.0","0.0","4.6","4.7","2.0"
"20211209","울산","울주군","9.8","14.7","5.4","4.3","5.1","10.4","0.7","0.0","0.0","0.8","4.1","9.0","6.1","0.0","0.0","0.0","72.5","32.9","52.9","6.4","1.0","3.3","0.0","0.0","0.0","4.1","4.5","2.0"
"20211208","울산","울주군","9.2","13.1","5.8","3.1","5.0","10.2","0.6","0.0","0.0","1.2","5.5","8.9","6.0","0.0","0.0","0.0","64.4","44.1","52.9","3.5","1.4","3.3","0.0","0.0","0.0","5.8","6.2","1.9"
"20211207","울산","울주군","10.2","14.7","6.4","6.7","5.0","10.2","0.6","0.0","0.0","0.9","8.3","4.1","6.1","0.0","0.0","0.0","64.4","58.4","52.1","2.9","2.8","3.2","0.0","0.0","0.0","6.0","5.0","2.0"
"20211206","울산","울주군","9.0","15.3","2.7","6.4","5.2","10.3","0.8","0.0","0.0","1.2","5.6","9.0","6.1","0.0","0.0","0.0","72.4","52.1","52.4","4.4","0.4","3.3","0.0","0.0","0.0","3.5","5.7","2.0"
"20211205","울산","울주군","6.5","13.3","0.5","4.6","5.5","10.6","1.1","0.0","0.0","1.4","8.2","9.1","6.0","0.0","0.0","0.0","66.5","52.6","52.2","1.3","0.5","3.3","0.0","0.0","0.0","3.6","6.3","2.1"
"20211204","울산","울주군","4.7","9.2","1.3","3.4","5.8","11.1","1.4","0.0","0.0","1.5","8.9","8.5","6.1","0.0","0.0","0.0","45.4","38.0","53.1","0.0","1.1","3.3","0.0","0.0","0.0","7.6","6.0","2.1"
"20211203","울산","울주군","6.7","11.0","2.1","5.4","6.3","11.7","1.8","0.0","0.0","1.2","7.3","9.0","6.1","0.0","0.0","0.0","47.1","37.6","54.4","2.8","2.1","3.4","0.0","0.0","0.0","8.0","6.9","2.1"
"20211202","울산","울주군","3.1","8.6","-2.1","6.3","6.8","12.1","2.4","0.0","0.0","1.5","9.0","7.8","5.9","0.0","0.0","0.0","43.8","42.1","56.3","0.0","2.8","3.5","0.0","0.0","0.0","6.3","5.7","1.9"
"20211201","울산","울주군","2.8","6.2","-1.3","4.8","7.2","12.5","2.8","0.0","0.0","1.4","9.0","8.9","5.7","0.0","0.0","0.0","35.3","49.9","57.8","1.0","2.6","3.6","0.0","0.0","0.0","8.5","5.3","1.9"
"20211130","울산","울주군","9.5","13.0","6.0","4.3","7.4","12.8","3.0","22.0","0.0","1.4","0.0","9.1","5.6","0.0","0.0","0.0","75.4","42.4","58.9","7.0","0.0","3.6","0.0","0.0","0.0","9.2","6.7","1.9"
"20211129","울산","울주군","9.6","17.8","2.4","3.9","7.6","12.9","3.2","0.0","0.0","1.4","8.9","9.1","5.6","0.0","0.0","0.0","47.6","52.1","58.5","3.1","1.6","3.7","0.0","0.0","0.0","4.1","6.9","1.9"
"20211128","울산","울주군","7.6","14.5","1.4","4.2","7.8","13.1","3.4","0.0","0.0","1.3","8.3","8.0","5.5","0.0","0.0","0.0","58.6","41.9","58.8","3.3","4.0","3.8","0.0","0.0","0.0","4.1","8.5","1.9"
"20211127","울산","울주군","6.6","12.0","3.4","9.1","8.0","13.5","3.5","0.0","0.0","1.8","9.0","4.5","5.8","0.0","0.0","0.0","49.8","57.8","58.7","0.0","5.6","3.7","0.0","0.0","0.0","5.8","7.0","2.0"
"20211126","울산","울주군","8.2","12.5","5.6","9.2","8.1","13.7","3.5","0.0","0.0","1.8","9.1","2.5","5.8","0.0","0.0","0.0","35.1","66.1","58.6","0.0","7.0","3.7","0.0","0.0","0.0","7.3","5.6","1.9"
"20211125","울산","울주군","10.8","16.5","4.2","9.1","8.2","13.9","3.6","0.0","0.0","1.5","9.0","8.7","5.9","0.0","0.0","0.0","49.6","41.5","58.8","1.0","2.0","3.6","0.0","0.0","0.0","5.9","6.0","1.9"
"20211124","울산","울주군","8.0","13.1","3.6","7.8","8.4","14.1","3.6","0.0","0.0","1.5","8.9","5.8","6.0","0.0","0.0","0.0","51.5","57.5","58.7","2.4","5.1","3.6","0.0","0.0","0.0","5.9","5.6","1.9"
"20211123","울산","울주군","5.2","9.5","1.4","6.6","8.4","14.2","3.4","0.0","0.0","1.6","8.8","9.1","6.2","0.0","0.0","0.0","48.3","48.8","57.5","2.8","0.0","3.4","0.0","0.0","0.0","7.1","6.2","1.9"
"20211122","울산","울주군","9.0","16.0","2.6","9.8","8.4","14.2","3.5","0.0","1.1","1.0","2.9","0.0","6.3","0.0","0.0","0.0","51.4","80.6","56.2","6.4","8.1","3.3","0.0","0.0","0.0","8.3","8.0","1.8"
"20211121","울산","울주군","14.0","19.1","9.1","8.7","8.5","14.2","3.6","0.0","0.0","1.3","1.8","0.1","6.3","0.0","0.0","0.0","76.9","75.8","55.8","8.4","6.6","3.3","0.0","0.0","0.0","4.8","6.5","1.9"
"20211120","울산","울주군","14.2","19.7","10.4","10.8","8.6","14.2","3.8","0.0","0.0","1.8","7.9","8.7","6.4","0.0","0.0","0.0","71.3","63.9","55.3","1.4","2.5","3.3","0.0","0.0","0.0","3.6","6.5","1.9"
"20211119","울산","울주군","12.6","19.3","5.8","19.6","8.9","14.5","4.1","0.0","30.5","1.8","9.1","0.3","6.4","0.0","0.0","0.0","62.5","88.6","55.7","0.4","7.1","3.3","0.0","0.0","0.0","4.3","8.7","1.9"
"20211118","울산","울주군","12.1","18.4","6.0","18.5","9.2","14.8","4.5","0.0","1.5","1.8","9.0","4.2","6.4","0.0","0.0","0.0","51.1","90.0","56.4","0.6","7.5","3.5","0.0","0.0","0.0","4.3","6.3","1.9"
"20211117","울산","울주군","10.6","17.0","5.7","16.1","9.6","15.1","4.9","0.0","0.0","1.5","9.1","4.3","6.3","0.0","0.0","0.0","46.8","84.6","56.8","2.8","7.1","3.5","0.0","0.0","0.0","4.5","3.6","1.9"
"20211116","울산","울주군","11.4","17.3","6.7","14.3","10.0","15.6","5.4","0.0","0.0","1.0","8.7","9.0","6.3","0.0","0.0","0.0","51.4","67.6","57.5","2.4","2.4","3.6","0.0","0.0","0.0","5.8","5.5","1.8"
"20211115","울산","울주군","10.9","17.9","5.4","14.2","10.5","16.1","5.8","0.0","0.0","0.7","8.9","9.2","6.1","0.0","0.0","0.0","63.8","66.0","58.7","1.1","3.1","3.8","0.0","0.0","0.0","5.1","4.8","1.8"
"20211114","울산","울주군","11.3","18.0","4.7","13.1","10.9","16.4","6.2","0.0","0.0","0.8","9.1","2.6","6.2","0.0","0.0","0.0","65.4","74.8","59.3","0.6","4.3","3.6","0.0","0.0","0.0","5.3","5.5","1.8"
"20211113","울산","울주군","9.7","15.8","3.7","13.9","11.3","16.7","6.7","0.0","0.0","1.3","9.3","9.4","6.1","0.0","0.0","0.0","58.0","58.1","61.0","0.0","0.0","3.7","0.0","0.0","0.0","5.2","4.9","1.9"
"20211112","울산","울주군","7.8","11.6","3.7","12.0","11.6","17.0","7.1","0.0","0.0","1.9","8.5","9.4","5.8","0.0","0.0","0.0","51.5","74.4","62.5","2.5","0.4","4.0","0.0","0.0","0.0","6.7","4.3","1.9"
"20211111","울산","울주군","8.9","13.8","5.0","10.6","11.8","17.1","7.3","0.0","0.0","1.9","6.2","9.2","5.8","0.0","0.0","0.0","57.4","57.1","62.5","3.4","0.0","4.0","0.0","0.0","0.0","5.5","4.4","2.0"
"20211110","울산","울주군","9.3","12.9","6.6","8.8","12.1","17.3","7.8","0.0","0.0","2.2","4.8","9.4","5.7","0.0","0.0","0.0","60.4","51.0","62.7","5.3","0.0","4.2","0.0","0.0","0.0","7.2","5.3","2.1"
"20211109","울산","울주군","9.1","13.8","4.3","8.1","12.5","17.7","8.1","0.0","0.0","2.2","6.7","9.4","5.5","0.0","0.0","0.0","59.5","30.3","63.9","4.3","0.0","4.5","0.0","0.0","0.0","6.6","8.0","2.0"
"20211108","울산","울주군","13.8","21.0","7.0","13.4","12.8","18.1","8.4","25.3","0.0","1.8","0.2","9.3","5.6","0.0","0.0","0.0","79.4","29.9","64.2","6.0","0.0","4.4","0.0","0.0","0.0","9.1","7.3","1.9"
"20211107","울산","울주군","16.8","19.9","13.1","17.0","13.1","18.6","8.4","2.2","0.0","1.6","6.3","6.5","5.8","0.0","0.0","0.0","70.9","59.3","65.0","4.9","3.9","4.3","0.0","0.0","0.0","7.0","4.8","1.8"
"20211106","울산","울주군","15.1","19.6","10.6","13.8","13.1","18.9","8.2","0.0","0.0","1.6","7.6","0.4","6.1","0.0","0.0","0.0","67.8","63.3","64.9","2.0","9.1","3.9","0.0","0.0","0.0","6.1","3.5","1.7"
"20211105","울산","울주군","14.3","19.8","7.4","10.8","13.0","19.1","8.0","0.2","0.0","1.0","5.9","8.5","6.6","0.0","0.0","0.0","68.1","39.8","63.8","4.3","5.1","3.3","0.0","0.0","0.0","5.0","6.0","1.7"
"20211104","울산","울주군","14.0","20.5","10.0","7.5","12.8","19.0","7.7","0.0","0.0","0.8","9.4","9.7","6.9","0.0","0.0","0.0","57.4","33.1","62.7","0.8","0.0","3.1","0.0","0.0","0.0","5.0","6.3","1.7"
"20211103","울산","울주군","13.5","19.7","8.6","7.9","12.7","18.7","7.6","0.0","0.0","1.1","8.5","9.7","6.9","0.0","0.0","0.0","72.0","42.6","62.0","2.5","0.0","3.0","0.0","0.0","0.0","5.4","7.8","1.7"
"20211102","울산","울주군","13.1","17.9","9.2","13.4","12.6","18.6","7.7","0.0","4.5","1.1","9.4","4.6","6.9","0.0","0.0","0.0","64.1","64.1","61.2","2.3","7.1","3.1","0.0","0.0","0.0","6.6","5.1","1.8"
"20211101","울산","울주군","15.1","21.0","10.3","13.3","12.8","18.6","8.0","0.0","0.1","1.0","9.1","0.0","6.8","0.0","0.0","0.0","60.4","82.0","61.1","3.1","9.8","3.3","0.0","0.0","0.0","5.1","4.0","1.8"
"20211031","울산","울주군","14.5","21.5","8.6","13.0","13.1","18.8","8.4","0.0","0.0","1.4","9.6","8.7","6.7","0.0","0.0","0.0","68.9","67.3","62.0","0.5","3.0","3.5","0.0","0.0","0.0","4.2","4.0","1.8"
"20211030","울산","울주군","14.1","19.2","10.1","13.3","13.5","19.2","8.7","0.0","0.0","1.6","3.5","9.6","6.5","0.0","0.0","0.0","70.4","68.0","62.5","5.5","3.5","3.7","0.0","0.0","0.0","4.1","6.6","1.8"
"20211029","울산","울주군","15.6","18.3","14.0","13.4","13.7","19.5","8.9","0.0","0.0","1.4","2.4","9.3","6.6","0.0","0.0","0.0","55.0","57.3","62.8","6.4","3.4","3.5","0.0","0.0","0.0","5.2","5.0","1.8"
"20211028","울산","울주군","14.9","20.5","8.9","15.9","13.9","19.7","9.1","0.0","0.0","1.1","8.2","4.1","6.8","0.0","0.0","0.0","52.9","53.1","63.1","2.1","5.5","3.4","0.0","0.0","0.0","6.9","4.7","1.8"
"20211027","울산","울주군","15.6","21.4","10.4","15.0","14.3","20.1","9.4","0.0","0.0","1.1","9.4","9.7","6.8","0.0","0.0","0.0","52.5","69.8","63.6","1.9","2.0","3.4","0.0","0.0","0.0","5.7","4.2","1.8"
"20211026","울산","울주군","13.8","19.9","9.5","14.4","14.6","20.3","9.7","0.0","0.0","0.9","9.8","9.8","6.7","0.0","0.0","0.0","55.4","60.4","64.6","2.6","1.1","3.5","0.0","0.0","0.0","4.6","4.8","1.8"
"20211025","울산","울주군","14.2","20.4","9.0","14.8","14.7","20.3","10.1","0.0","0.0","0.9","8.5","9.3","6.6","0.0","0.0","0.0","66.6","46.6","64.8","1.6","2.1","3.6","0.0","0.0","0.0","4.8","5.6","1.9"
"20211024","울산","울주군","13.3","20.4","7.6","11.7","15.0","20.3","10.6","0.0","0.0","1.2","9.1","10.0","6.2","0.0","0.0","0.0","71.4","38.3","65.5","6.5","0.0","4.0","0.0","0.0","0.0","3.9","6.7","1.9"
"20211023","울산","울주군","12.8","18.7","9.0","12.0","15.4","20.6","11.0","0.1","0.0","1.8","8.3","10.0","5.9","0.0","0.0","0.0","68.5","44.1","66.7","1.1","0.5","4.3","0.0","0.0","0.0","4.8","7.9","2.0"
"20211022","울산","울주군","12.0","17.3","8.3","14.9","15.5","20.6","11.3","0.0","11.1","2.2","9.8","0.0","5.7","0.0","0.0","0.0","72.5","83.1","67.8","3.5","9.4","4.6","0.0","0.0","0.0","6.0","6.1","2.0"
"20211021","울산","울주군","11.4","14.4","8.5","15.5","15.7","20.8","11.5","0.6","7.4","2.2","0.1","1.7","5.7","0.0","0.0","0.0","93.5","84.0","67.6","7.4","9.1","4.8","0.0","0.0","0.0","3.5","4.4","2.1"
"20211020","울산","울주군","11.3","17.1","6.6","15.3","15.9","21.1","11.6","0.0","0.0","2.2","8.3","10.1","5.8","0.0","0.0","0.0","72.5","76.1","67.7","2.9","1.3","4.6","0.0","0.0","0.0","5.5","5.6","2.0"
"20211019","울산","울주군","12.4","18.5","7.8","15.7","16.1","21.5","11.6","0.0","0.0","1.6","8.9","9.2","6.2","0.0","0.0","0.0","60.9","61.5","67.1","3.4","4.8","4.3","0.0","0.0","0.0","5.7","5.4","2.0"
"20211018","울산","울주군","11.2","18.3","5.4","14.6","16.1","21.6","11.5","0.0","0.0","1.6","10.2","10.2","6.5","0.0","0.0","0.0","50.8","63.6","66.1","2.0","4.4","4.1","0.0","0.0","0.0","5.6","5.0","2.0"
"20211017","울산","울주군","8.4","13.9","4.1","14.9","16.2","21.7","11.5","0.0","0.0","1.6","10.3","9.5","6.8","0.0","0.0","0.0","51.5","69.6","65.7","0.8","1.3","4.0","0.0","0.0","0.0","7.2","5.5","1.9"
"20211016","울산","울주군","14.1","18.4","9.3","15.6","16.4","22.0","11.8","6.5","0.0","1.8","0.0","1.5","6.8","0.0","0.0","0.0","77.4","78.5","65.9","9.5","8.4","3.9","0.0","0.0","0.0","6.1","4.3","1.8"
"20211015","울산","울주군","19.5","25.0","16.9","14.8","16.6","22.2","12.1","0.0","0.0","1.9","5.8","10.2","6.9","0.0","0.0","0.0","83.9","62.6","66.0","5.5","3.9","4.0","0.0","0.0","0.0","4.7","6.0","1.8"
"20211014","울산","울주군","20.0","25.1","15.3","15.2","16.9","22.4","12.5","0.0","0.0","2.6","10.2","6.9","6.7","0.0","0.0","0.0","83.0","51.4","66.6","1.4","3.8","4.2","0.0","0.0","0.0","4.1","5.3","1.8"
"20211013","울산","울주군","18.4","20.9","16.0","16.3","17.3","22.6","13.0","0.5","0.0","2.5","0.0","9.9","6.7","0.0","0.0","0.0","84.9","54.6","67.1","9.0","2.6","4.3","0.0","0.0","0.0","5.3","5.7","1.9"
"20211012","울산","울주군","16.9","17.8","16.0","17.2","17.7","23.0","13.3","7.6","0.0","2.3","0.0","7.4","6.6","0.0","0.0","0.0","91.1","75.8","68.1","10.0","4.4","4.4","0.0","0.0","0.0","5.5","5.5","1.9"
"20211011","울산","울주군","19.0","25.2","16.2","16.4","17.8","23.1","13.4","25.7","0.0","2.3","0.0","1.6","6.7","0.0","0.0","0.0","94.4","79.1","68.5","9.9","6.6","4.4","0.0","0.0","0.0","5.2","5.1","1.9"
"20211010","울산","울주군","24.5","29.6","18.3","17.3","17.9","23.1","13.6","0.0","0.0","2.8","10.0","2.2","6.5","0.0","0.0","0.0","80.4","73.0","69.1","3.3","6.1","4.5","0.0","0.0","0.0","6.2","6.3","1.9"
"20211009","울산","울주군","22.7","26.1","20.4","18.5","18.0","23.2","13.7","1.1","0.0","2.6","3.9","5.8","6.3","0.0","0.0","0.0","93.9","60.4","69.8","5.9","7.4","4.7","0.0","0.0","0.0","5.2","8.9","1.9"
"20211008","울산","울주군","20.8","22.1","20.1","17.9","18.0","23.1","13.7","6.9","0.0","3.0","0.0","7.4","6.2","0.0","0.0","0.0","96.3","59.0","70.0","9.4","4.9","4.7","0.0","0.0","0.0","4.9","8.9","2.0"
"20211007","울산","울주군","22.4","27.5","18.1","17.7","18.0","23.0","13.9","0.0","0.0","5.1","9.8","9.2","6.0","0.0","0.0","0.0","80.5","68.9","69.4","4.0","6.0","5.1","0.0","0.0","0.0","5.0","6.3","2.0"
"20211006","울산","울주군","21.5","25.3","19.1","15.8","18.2","23.1","14.2","0.0","0.0","4.8","6.0","9.8","5.8","0.0","0.0","0.0","90.6","62.5","69.4","5.1","3.4","5.3","0.0","0.0","0.0","6.3","5.9","2.0"
"20211005","울산","울주군","24.2","30.5","19.5","15.8","18.5","23.4","14.3","0.0","0.0","3.9","10.8","10.9","5.9","0.0","0.0","0.0","74.6","42.8","69.5","1.8","2.0","5.2","0.0","0.0","0.0","5.8","8.5","1.9"
"20211004","울산","울주군","24.5","29.1","18.5","21.1","18.7","23.8","14.5","0.0","0.4","5.1","10.0","2.6","6.1","0.0","0.0","0.0","76.0","74.4","69.3","3.8","8.6","5.1","0.0","0.0","0.0","6.3","5.8","1.9"
"20211003","울산","울주군","22.1","27.9","17.1","21.1","19.0","24.0","14.9","0.0","0.0","4.5","10.6","5.9","6.0","0.0","0.0","0.0","85.4","79.5","70.3","0.8","7.5","5.2","0.0","0.0","0.0","4.6","5.1","1.8"
"20211002","울산","울주군","22.1","28.2","17.4","20.0","19.2","24.2","15.2","0.0","0.0","3.9","10.5","10.9","5.8","0.0","0.0","0.0","78.0","80.3","71.5","0.0","3.9","5.3","0.0","0.0","0.0","4.5","5.6","1.8"
"20211001","울산","울주군","20.7","25.9","16.5","18.1","19.4","24.1","15.4","0.0","0.0","4.9","10.9","7.3","5.5","0.0","0.0","0.0","85.8","86.6","72.9","0.0","3.6","5.5","0.0","0.0","0.0","5.0","6.1","1.8"
"20210930","울산","울주군","21.3","25.4","18.6","18.5","19.4","24.0","15.6","23.2","0.0","5.0","5.5","9.9","5.0","0.0","0.0","0.0","90.0","79.3","73.8","6.4","4.3","5.8","0.0","0.0","0.0","5.1","7.5","1.8"
"20210929","울산","울주군","23.5","28.4","19.8","18.5","19.5","24.0","15.7","12.9","0.0","4.5","2.7","10.4","4.8","0.0","0.0","0.0","91.1","75.6","74.3","8.8","4.3","5.9","0.0","0.0","0.0","6.1","5.1","1.8"
"20210928","울산","울주군","21.4","25.0","18.3","17.5","19.6","24.1","15.8","0.0","0.0","4.1","2.1","10.5","5.1","0.0","0.0","0.0","84.8","80.0","74.0","8.5","3.5","5.7","0.0","0.0","0.0","4.8","6.0","1.8"
"20210927","울산","울주군","20.4","23.7","18.2","18.5","19.8","24.3","15.9","0.1","0.2","2.7","5.4","7.0","5.3","0.0","0.0","0.0","79.8","80.0","74.0","7.8","4.8","5.5","0.0","0.0","0.0","6.4","7.8","1.8"
"20210926","울산","울주군","21.2","24.5","19.8","19.6","20.0","24.6","16.1","0.0","0.0","3.6","4.4","9.4","5.7","0.0","0.0","0.0","72.8","72.4","73.8","8.5","6.4","5.2","0.0","0.0","0.0","5.8","7.9","1.9"
"20210925","울산","울주군","21.7","23.9","20.0","19.5","20.0","24.7","16.2","4.0","1.1","4.1","2.9","5.1","5.9","0.0","0.0","0.0","83.4","79.1","74.1","8.5","6.1","5.2","0.0","0.0","0.0","7.3","8.9","1.9"
"20210924","울산","울주군","20.2","24.2","16.5","20.1","20.1","24.6","16.4","0.0","0.0","4.4","5.4","2.4","5.7","0.0","0.0","0.0","83.8","77.5","74.5","4.3","8.1","5.4","0.0","0.0","0.0","5.8","8.0","1.9"
"20210923","울산","울주군","21.7","26.5","17.8","19.8","20.2","24.7","16.5","0.0","0.0","5.2","10.8","1.4","5.5","0.0","0.0","0.0","62.3","78.5","74.9","2.8","9.3","5.6","0.0","0.0","0.0","6.6","8.9","2.0"
"20210922","울산","울주군","23.3","27.7","18.6","18.7","20.3","24.8","16.7","0.0","0.0","5.7","10.5","3.6","5.4","0.0","0.0","0.0","73.1","74.5","74.4","0.0","7.1","5.7","0.0","0.0","0.0","6.8","8.0","2.0"
"20210921","울산","울주군","23.5","25.6","20.5","18.4","20.6","25.1","16.9","3.4","0.0","3.8","0.6","11.0","5.6","0.0","0.0","0.0","91.5","71.6","73.7","5.9","3.4","5.7","0.0","0.0","0.0","7.1","7.6","2.0"
"20210920","울산","울주군","21.5","25.6","18.9","20.1","20.9","25.4","17.2","0.0","0.0","3.4","3.7","11.5","5.7","0.0","0.0","0.0","87.3","55.1","73.6","5.4","0.0","5.6","0.0","0.0","0.0","5.1","8.1","2.0"
"20210919","울산","울주군","21.6","25.2","19.5","20.8","21.3","25.8","17.6","0.0","0.0","5.0","10.5","11.0","5.7","0.0","0.0","0.0","79.3","64.5","73.9","2.5","3.3","5.6","0.0","0.0","0.0","5.4","5.6","2.1"
"20210918","울산","울주군","21.9","25.7","18.7","19.8","21.6","26.0","17.9","0.0","0.9","6.4","9.8","2.3","5.7","0.0","0.0","0.0","78.4","84.3","74.2","4.8","7.6","5.6","0.0","0.0","0.0","5.3","4.4","2.1"
"20210917","울산","울주군","20.1","22.0","18.6","21.0","21.7","26.1","18.2","26.2","1.9","6.9","0.0","0.1","5.8","0.0","0.0","0.0","91.3","93.3","74.9","9.6","9.8","5.6","0.0","0.0","0.0","8.7","3.9","2.1"
"20210916","울산","울주군","22.6","24.8","20.0","21.5","21.8","26.0","18.4","0.0","4.8","7.8","2.3","0.0","5.5","0.0","0.0","0.0","78.0","95.1","76.2","8.4","8.5","5.8","0.0","0.0","0.0","6.1","4.6","2.1"
"20210915","울산","울주군","22.3","24.9","21.1","22.1","21.9","26.1","18.5","0.0","0.0","8.3","9.8","8.7","5.5","0.0","0.0","0.0","70.8","82.5","76.5","6.0","6.0","5.9","0.0","0.0","0.0","7.4","5.5","2.1"
"20210914","울산","울주군","21.9","22.6","20.5","21.2","22.0","26.1","18.6","9.4","0.0","6.5","0.0","8.8","5.1","0.0","0.0","0.0","85.5","84.9","76.8","9.9","5.3","6.2","0.0","0.0","0.0","7.0","5.1","2.0"
"20210913","울산","울주군","22.9","24.8","21.2","19.4","22.1","26.2","18.8","0.0","0.0","5.5","2.9","3.1","4.8","0.0","0.0","0.0","78.9","85.6","76.9","9.0","8.5","6.4","0.0","0.0","0.0","6.0","5.5","1.9"
"20210912","울산","울주군","23.5","28.5","19.3","20.1","22.3","26.4","18.9","0.0","4.6","5.7","9.5","0.2","4.9","0.0","0.0","0.0","79.5","91.8","77.2","6.9","10.0","6.4","0.0","0.0","0.0","5.3","8.1","1.8"
"20210911","울산","울주군","23.8","29.3","19.2","21.7","22.5","26.6","19.1","0.0","8.3","5.3","11.4","0.3","4.8","0.0","0.0","0.0","80.5","93.3","77.0","0.1","9.8","6.5","0.0","0.0","0.0","5.0","6.1","1.8"
"20210910","울산","울주군","22.5","26.1","20.3","23.6","22.6","26.8","19.2","0.2","0.0","5.1","1.4","6.7","4.9","0.0","0.0","0.0","86.1","79.1","77.0","7.9","7.3","6.4","0.0","0.0","0.0","3.8","5.4","1.7"
"20210909","울산","울주군","23.0","27.7","19.0","24.1","22.7","27.0","19.3","0.0","0.8","6.3","6.8","7.5","5.2","0.0","0.0","0.0","84.5","78.4","76.9","6.4","4.5","6.2","0.0","0.0","0.0","4.3","6.7","1.8"
"20210908","울산","울주군","23.4","27.1","21.3","24.9","22.8","26.9","19.4","0.0","0.0","8.4","3.9","10.2","5.0","0.0","0.0","0.0","84.9","73.0","77.7","7.0","2.1","6.2","0.0","0.0","0.0","4.8","8.8","1.9"
"20210907","울산","울주군","24.0","27.8","20.4","22.9","22.9","27.1","19.6","1.8","118.4","8.0","1.8","1.5","4.8","0.0","0.0","0.0","88.9","85.9","78.0","9.3","7.5","6.4","0.0","0.0","0.0","5.4","20.0","1.9"
"20210906","울산","울주군","22.6","25.3","20.5","19.9","23.1","27.3","19.7","0.8","15.4","7.4","2.2","0.0","5.1","0.0","0.0","0.0","83.1","96.5","77.7","9.6","10.0","6.2","0.0","0.0","0.0","6.9","12.9","2.0"
"20210905","울산","울주군","22.3","25.3","20.3","19.4","23.2","27.4","19.9","0.0","30.5","8.1","3.4","0.0","4.9","0.0","0.0","0.0","80.4","98.0","78.1","9.0","9.6","6.3","0.0","0.0","0.0","5.8","4.9","2.0"
"20210904","울산","울주군","21.9","25.2","19.0","24.1","23.5","27.6","20.2","0.0","0.0","6.9","6.4","12.0","5.0","0.0","0.0","0.0","81.0","68.0","78.2","8.1","1.3","6.3","0.0","0.0","0.0","5.2","8.7","2.0"
"20210903","울산","울주군","20.6","22.7","19.4","26.7","23.8","28.1","20.4","1.7","39.2","4.5","0.1","10.4","5.6","0.0","0.0","0.0","94.1","68.9","77.0","9.5","5.4","5.9","0.0","0.0","0.0","5.1","21.0","2.0"
"20210902","울산","울주군","21.1","23.7","19.5","27.0","24.0","28.1","20.6","5.3","16.9","5.6","0.0","0.2","5.6","0.0","0.0","0.0","92.4","92.0","76.5","10.0","9.8","5.9","0.0","0.0","0.0","4.8","15.0","2.1"
"20210901","울산","울주군","22.2","28.1","20.3","24.8","24.0","28.0","20.9","36.2","0.0","6.2","0.7","1.0","5.2","0.0","0.0","0.0","96.4","90.0","77.1","10.0","8.5","6.3","0.0","0.0","0.0","5.1","5.8","2.1"
"20210831","울산","울주군","23.9","28.4","21.8","24.5","24.3","28.2","21.0","1.0","13.5","5.8","1.0","2.4","5.4","0.0","0.0","0.0","87.5","87.8","76.8","9.6","7.3","6.3","0.0","0.0","0.0","4.0","7.1","2.1"
"20210830","울산","울주군","25.1","29.5","22.4","27.2","24.4","28.4","21.2","0.0","0.0","5.6","6.9","7.7","5.4","0.0","0.0","0.0","76.6","84.8","76.7","7.8","5.9","6.3","0.0","0.0","0.0","5.0","5.0","2.1"
"20210829","울산","울주군","24.7","28.7","22.7","28.5","24.6","28.5","21.3","0.2","0.0","5.5","2.8","10.5","5.2","0.0","0.0","0.0","87.0","80.1","77.1","7.4","5.9","6.4","0.0","0.0","0.0","3.8","6.3","2.0"
"20210828","울산","울주군","25.4","30.7","21.9","27.1","24.6","28.6","21.4","0.2","37.4","5.7","10.6","3.4","5.2","0.0","0.0","0.0","77.8","91.0","77.9","4.3","6.9","6.4","0.0","0.0","0.0","4.1","5.9","2.0"
"20210827","울산","울주군","25.5","31.5","21.5","27.4","24.7","28.9","21.5","0.3","7.2","6.6","7.0","1.7","5.2","0.0","0.0","0.0","84.1","90.1","78.0","6.3","9.1","6.3","0.0","0.0","0.0","6.9","8.2","1.9"
"20210826","울산","울주군","27.4","32.5","23.3","28.7","24.9","29.0","21.7","0.0","0.0","6.6","11.3","4.9","5.2","0.0","0.0","0.0","74.9","84.0","77.7","4.1","8.4","6.3","0.0","0.0","0.0","3.9","7.9","1.9"
"20210825","울산","울주군","25.2","26.6","23.7","28.4","25.0","29.1","21.8","5.5","0.0","9.8","0.2","12.1","5.2","0.0","0.0","0.0","95.1","82.1","77.7","8.8","1.9","6.4","0.0","0.0","0.0","4.8","5.4","1.9"
"20210824","울산","울주군","26.0","28.5","23.4","27.0","25.1","29.3","21.9","108.3","0.0","11.4","0.8","8.8","5.2","0.0","0.0","0.0","93.3","85.4","77.9","8.9","2.9","6.4","0.0","0.0","0.0","8.7","6.1","1.9"
"20210823","울산","울주군","23.6","26.5","21.5","26.2","25.4","29.5","22.2","35.1","2.3","10.7","0.0","6.0","5.2","0.0","0.0","0.0","95.1","83.6","77.6","10.0","6.8","6.4","0.0","0.0","0.0","6.1","4.8","2.0"
"20210822","울산","울주군","26.4","31.0","22.7","25.3","25.5","29.6","22.4","0.5","0.0","9.9","9.4","7.2","5.4","0.0","0.0","0.0","80.0","87.4","77.5","6.6","7.5","6.3","0.0","0.0","0.0","5.0","5.5","2.0"
"20210821","울산","울주군","23.5","24.8","21.2","25.7","25.6","29.6","22.4","122.4","0.0","10.5","0.0","7.0","5.3","0.0","0.0","0.0","97.9","86.1","78.0","9.8","5.3","6.4","0.0","0.0","0.0","8.4","6.2","2.0"
"20210820","울산","울주군","24.0","28.1","19.9","27.9","25.6","29.6","22.5","2.3","0.0","9.6","7.1","12.5","5.3","0.0","0.0","0.0","88.1","73.4","78.6","4.3","0.1","6.4","0.0","0.0","0.0","4.1","6.3","2.0"
"20210819","울산","울주군","23.4","26.0","21.5","29.5","25.7","29.7","22.6","0.0","0.0","8.3","4.1","12.5","5.4","0.0","0.0","0.0","86.0","72.0","78.5","8.0","0.0","6.4","0.0","0.0","0.0","5.7","4.8","2.0"
"20210818","울산","울주군","22.9","24.9","21.2","28.1","25.8","29.7","22.7","1.6","0.0","7.9","1.0","12.3","5.5","0.0","0.0","0.0","88.1","80.4","78.6","8.6","1.3","6.3","0.0","0.0","0.0","6.4","5.0","2.1"
"20210817","울산","울주군","22.4","23.6","21.2","28.3","25.9","29.9","22.9","32.9","0.0","8.6","0.4","11.7","5.5","0.0","0.0","0.0","92.9","81.1","78.9","8.5","4.4","6.4","0.0","0.0","0.0","6.1","4.8","2.1"
"20210816","울산","울주군","23.6","26.9","21.0","30.0","26.0","30.0","23.0","0.3","0.0","8.4","7.9","12.3","5.3","0.0","0.0","0.0","82.4","71.3","79.1","7.9","3.9","6.5","0.0","0.0","0.0","6.2","5.4","2.1"
"20210815","울산","울주군","23.0","25.9","21.6","30.5","26.2","30.2","23.2","4.5","0.0","7.1","5.0","12.5","5.4","0.0","0.0","0.0","92.4","73.9","78.5","8.3","4.3","6.4","0.0","0.0","0.0","5.2","6.1","2.1"
"20210814","울산","울주군","23.3","26.2","22.0","29.9","26.4","30.3","23.4","26.5","0.0","7.0","1.9","12.2","5.5","0.0","0.0","0.0","92.6","75.6","78.3","9.4","5.1","6.3","0.0","0.0","0.0","5.1","7.9","2.1"
"20210813","울산","울주군","24.7","27.2","23.0","29.3","26.6","30.5","23.5","3.5","0.0","7.1","0.9","10.8","5.5","0.0","0.0","0.0","90.5","78.5","78.3","9.8","3.8","6.2","0.0","0.0","0.0","5.2","7.2","1.9"
"20210812","울산","울주군","24.8","29.7","20.7","26.9","26.6","30.5","23.5","1.4","4.1","8.9","5.3","5.2","5.5","0.0","0.0","0.0","89.4","93.1","78.4","7.5","7.0","6.3","0.0","0.0","0.0","5.7","7.7","1.9"
"20210811","울산","울주군","24.9","30.2","22.2","27.5","26.7","30.7","23.6","0.0","1.6","9.2","8.7","7.2","5.6","0.0","0.0","0.0","88.3","86.1","78.1","3.9","7.4","6.3","0.0","0.0","0.0","4.8","7.5","2.0"
"20210810","울산","울주군","23.9","27.8","21.6","26.7","26.7","30.7","23.6","1.7","4.5","8.5","1.6","0.9","5.5","0.0","0.0","0.0","92.5","92.3","78.6","9.4","9.4","6.4","0.0","0.0","0.0","4.3","8.3","2.0"
"20210809","울산","울주군","24.8","30.1","21.9","27.1","26.7","30.7","23.6","19.8","0.3","8.2","7.1","10.2","5.5","0.0","0.0","0.0","85.9","86.6","78.7","8.3","8.0","6.4","0.0","0.0","0.0","7.6","10.0","2.0"
"20210808","울산","울주군","24.5","28.4","22.6","24.2","26.8","30.9","23.7","37.2","35.5","8.3","0.2","0.0","5.7","0.0","0.0","0.0","96.1","98.0","78.2","9.5","10.0","6.2","0.0","0.0","0.0","5.6","7.0","2.1"
"20210807","울산","울주군","29.0","33.7","25.6","25.3","27.0","31.2","23.7","1.1","30.1","5.5","9.2","0.5","6.2","0.0","0.0","0.0","82.3","95.3","77.2","6.4","10.0","5.8","0.0","0.0","0.0","4.5","6.7","2.1"
"20210806","울산","울주군","28.9","33.5","24.6","27.4","27.0","31.3","23.6","0.0","0.6","5.2","12.6","0.0","6.7","0.0","0.0","0.0","78.0","87.3","76.7","1.0","9.9","5.4","0.0","0.0","0.0","5.1","8.7","2.0"
"20210805","울산","울주군","29.1","33.5","24.2","28.1","27.1","31.4","23.6","0.0","0.0","5.1","12.7","8.5","6.8","0.0","0.0","0.0","73.3","81.0","76.2","0.6","7.0","5.3","0.0","0.0","0.0","4.2","9.0","2.1"
"20210804","울산","울주군","28.4","33.3","23.7","28.2","27.2","31.5","23.8","0.0","0.0","5.3","12.8","9.9","6.9","0.0","0.0","0.0","75.8","79.0","76.0","1.9","6.0","5.3","0.0","0.0","0.0","4.0","6.7","2.1"
"20210803","울산","울주군","26.8","31.4","23.8","28.3","27.2","31.5","23.8","0.7","0.0","5.1","4.3","4.1","6.9","0.0","0.0","0.0","86.3","77.6","76.2","5.9","7.6","5.3","0.0","0.0","0.0","4.0","7.7","2.1"
"20210802","울산","울주군","27.8","32.4","25.1","28.3","27.3","31.5","23.9","16.7","0.0","5.4","7.6","7.0","6.8","0.0","0.0","0.0","87.3","77.9","76.3","5.3","7.8","5.4","0.0","0.0","0.0","5.6","7.2","2.1"
"20210801","울산","울주군","27.8","33.2","24.8","28.2","27.2","31.5","23.9","20.2","0.0","4.7","5.9","8.2","6.6","0.0","0.0","0.0","89.6","79.1","76.5","7.5","8.3","5.5","0.0","0.0","0.0","5.0","6.2","2.1"
"20210731","울산","울주군","28.1","33.3","23.5","26.1","27.2","31.5","23.8","0.0","0.0","6.1","9.4","4.6","6.5","0.0","0.0","0.0","83.5","87.6","76.6","5.4","8.1","5.5","0.0","0.0","0.0","4.3","4.9","2.1"
"20210730","울산","울주군","28.6","34.2","23.8","22.7","27.1","31.4","23.7","0.0","20.1","5.8","11.4","0.6","6.3","0.0","0.0","0.0","72.9","96.9","76.5","6.3","8.8","5.7","0.0","0.0","0.0","4.7","9.3","2.0"
"20210729","울산","울주군","27.3","32.4","23.0","23.0","26.9","31.2","23.5","0.0","8.0","5.6","12.1","0.0","6.1","0.0","0.0","0.0","76.9","98.0","76.5","4.5","9.4","5.9","0.0","0.0","0.0","4.5","3.9","2.0"
"20210728","울산","울주군","26.8","31.3","23.2","21.9","26.7","30.8","23.3","0.0","33.5","6.6","11.3","0.0","6.1","0.0","0.0","0.0","82.1","97.8","76.7","2.6","10.0","6.0","0.0","0.0","0.0","6.1","4.5","2.0"
"20210727","울산","울주군","26.8","31.0","23.0","22.6","26.6","30.7","23.3","0.0","43.7","6.9","11.5","0.0","6.0","0.0","0.0","0.0","83.0","96.6","76.4","2.4","9.9","6.1","0.0","0.0","0.0","6.7","4.5","2.1"
"20210726","울산","울주군","27.4","31.9","23.8","24.1","26.5","30.7","23.3","0.0","0.0","5.2","12.8","10.5","6.1","0.0","0.0","0.0","77.4","87.4","76.1","1.9","5.1","6.1","0.0","0.0","0.0","5.2","6.4","2.1"
"20210725","울산","울주군","27.1","31.1","24.3","22.0","26.5","30.7","23.2","0.0","2.4","5.7","9.9","2.4","6.2","0.0","0.0","0.0","83.1","93.9","75.9","6.1","9.0","6.0","0.0","0.0","0.0","5.2","7.8","2.1"
"20210724","울산","울주군","26.8","30.5","23.7","22.5","26.5","30.7","23.3","0.0","10.5","5.9","9.7","2.2","6.2","0.0","0.0","0.0","83.9","89.4","76.0","7.5","8.1","5.9","0.0","0.0","0.0","5.0","7.1","2.1"
"20210723","울산","울주군","26.5","30.0","24.0","21.5","26.5","30.7","23.2","0.0","108.5","4.6","8.3","0.0","6.1","0.0","0.0","0.0","85.9","98.0","76.3","7.4","10.0","5.9","0.0","0.0","0.0","5.5","8.8","2.1"
"20210722","울산","울주군","26.8","30.1","25.0","22.2","26.4","30.6","23.1","0.0","64.4","5.3","9.8","0.0","6.1","0.0","0.0","0.0","84.4","98.0","76.7","7.1","10.0","5.9","0.0","0.0","0.0","5.5","3.9","2.0"
"20210721","울산","울주군","26.9","30.2","22.9","26.1","26.2","30.4","22.8","0.0","2.8","5.8","10.4","9.8","5.9","0.0","0.0","0.0","81.8","75.8","77.2","7.9","6.6","5.9","0.0","0.0","0.0","5.3","5.6","2.0"
"20210720","울산","울주군","27.8","32.1","24.8","27.8","25.9","30.0","22.5","0.0","0.0","5.7","12.7","4.5","5.9","0.0","0.0","0.0","76.5","82.0","77.5","5.9","8.0","5.9","0.0","0.0","0.0","5.1","10.0","2.0"
"20210719","울산","울주군","26.5","30.1","23.3","23.5","25.5","29.6","22.2","0.0","0.2","5.7","3.3","0.0","5.6","0.0","0.0","0.0","83.6","96.5","77.7","7.8","9.1","6.1","0.0","0.0","0.0","3.5","6.4","2.0"
"20210718","울산","울주군","26.2","30.1","23.1","21.2","25.3","29.3","22.0","0.0","0.0","6.7","8.3","2.6","5.5","0.0","0.0","0.0","84.4","87.0","78.0","6.4","7.9","6.3","0.0","0.0","0.0","4.8","6.4","2.0"
"20210717","울산","울주군","25.5","28.7","23.5","20.1","25.0","29.0","21.7","0.6","0.0","6.9","3.5","12.9","5.1","0.0","0.0","0.0","85.9","85.5","78.7","7.6","1.8","6.6","0.0","0.0","0.0","5.2","6.4","2.0"
"20210716","울산","울주군","26.0","29.4","22.9","20.0","24.9","28.8","21.7","0.3","0.0","6.6","10.0","11.9","4.9","0.0","0.0","0.0","87.1","84.8","78.8","6.1","3.5","6.8","0.0","0.0","0.0","5.6","5.6","2.0"
"20210715","울산","울주군","26.8","31.1","24.3","18.9","24.8","28.7","21.8","0.0","0.6","7.6","7.3","0.0","4.4","0.0","0.0","0.0","88.9","95.0","79.5","4.4","9.5","7.2","0.0","0.0","0.0","4.7","4.1","2.0"
"20210714","울산","울주군","28.3","32.6","24.1","19.5","24.8","28.6","21.7","0.0","1.6","8.1","12.5","0.0","4.2","0.0","0.0","0.0","82.9","93.8","80.1","4.4","10.0","7.4","0.0","0.0","0.0","4.2","5.2","2.0"
"20210713","울산","울주군","28.1","32.7","24.3","19.2","24.7","28.5","21.7","0.0","113.7","10.0","10.7","0.0","3.8","0.0","0.0","0.0","81.9","98.0","80.4","5.9","10.0","7.6","0.0","0.0","0.0","5.2","7.1","2.0"
"20210712","울산","울주군","27.6","32.7","23.3","19.7","24.6","28.3","21.7","0.0","26.5","10.2","10.9","0.0","3.7","0.0","0.0","0.0","83.1","97.5","80.4","5.6","10.0","7.7","0.0","0.0","0.0","4.0","5.7","2.0"
"20210711","울산","울주군","26.6","32.3","21.3","22.5","24.4","28.0","21.6","0.0","0.0","11.9","10.6","3.7","3.6","0.0","0.0","0.0","82.5","92.8","80.9","4.5","9.0","7.8","0.0","0.0","0.0","6.0","5.5","2.0"
"20210710","울산","울주군","25.0","30.2","21.3","22.5","24.2","27.8","21.3","0.2","56.7","10.3","10.2","0.9","3.7","0.0","0.0","0.0","86.6","98.0","80.7","6.9","8.4","7.7","0.0","0.0","0.0","6.6","7.3","2.0"
"20210709","울산","울주군","22.8","25.0","21.8","22.1","24.0","27.6","21.1","4.8","0.4","11.2","0.1","3.4","3.9","0.0","0.0","0.0","97.8","90.9","80.6","9.4","9.4","7.6","0.0","0.0","0.0","3.6","6.1","2.0"
"20210708","울산","울주군","23.2","27.1","21.8","24.3","23.8","27.5","20.9","17.2","0.0","8.4","0.8","10.3","4.3","0.0","0.0","0.0","96.1","80.8","80.1","9.8","4.9","7.5","0.0","0.0","0.0","4.4","5.7","2.0"
"20210707","울산","울주군","23.5","25.7","22.1","24.3","23.7","27.5","20.7","38.8","0.0","8.6","0.0","11.2","4.5","0.0","0.0","0.0","98.0","86.1","79.8","10.0","5.9","7.4","0.0","0.0","0.0","5.5","5.2","1.9"
"20210706","울산","울주군","23.7","24.7","22.1","22.4","23.6","27.5","20.6","60.4","0.0","7.6","0.1","0.4","4.4","0.0","0.0","0.0","97.8","94.4","79.8","10.0","9.1","7.4","0.0","0.0","0.0","5.9","3.7","1.9"
"20210705","울산","울주군","23.5","26.6","21.5","21.6","23.7","27.6","20.6","18.7","0.0","9.1","0.2","8.6","4.4","0.0","0.0","0.0","89.8","86.8","80.0","9.8","7.4","7.4","0.0","0.0","0.0","4.3","5.2","1.9"
"20210704","울산","울주군","26.5","31.4","21.7","19.8","23.9","27.8","20.8","24.9","0.0","8.6","7.5","0.3","4.4","0.0","0.0","0.0","82.9","90.6","80.0","9.0","8.9","7.4","0.0","0.0","0.0","7.2","5.3","1.9"
"20210703","울산","울주군","22.2","23.4","21.3","20.0","23.9","27.8","20.9","23.4","3.5","9.6","0.0","0.0","4.0","0.0","0.0","0.0","93.5","89.6","80.6","9.9","9.9","7.5","0.0","0.0","0.0","6.0","5.3","1.9"
"20210702","울산","울주군","22.5","24.9","19.8","21.7","23.8","27.8","20.8","0.0","0.0","8.7","0.4","7.0","3.7","0.0","0.0","0.0","86.1","74.5","80.5","7.5","7.4","7.7","0.0","0.0","0.0","5.3","4.9","1.9"
"20210701","울산","울주군","23.0","27.6","19.2","20.4","23.8","27.8","20.5","0.0","1.2","9.0","10.1","3.6","3.8","0.0","0.0","0.0","82.4","90.3","80.3","5.8","7.6","7.6","0.0","0.0","0.0","5.0","9.1","1.9"
"20210630","울산","울주군","22.7","27.0","20.1","23.9","23.5","27.5","20.3","0.0","44.4","8.5","5.4","9.7","3.9","0.0","0.0","0.0","82.1","77.5","80.1","6.6","6.3","7.4","0.0","0.0","0.0","5.3","9.0","1.9"
"20210629","울산","울주군","22.7","26.1","19.7","21.4","23.3","27.4","20.0","0.0","65.8","8.0","10.4","0.0","4.1","0.0","0.0","0.0","81.8","93.4","79.7","4.8","9.3","7.3","0.0","0.0","0.0","5.6","9.4","1.9"
"20210628","울산","울주군","23.0","26.4","20.7","24.2","23.1","27.1","19.7","0.0","0.0","9.7","10.4","10.4","4.1","0.0","0.0","0.0","81.4","79.6","79.3","6.0","2.8","7.3","0.0","0.0","0.0","6.6","5.8","1.9"
"20210627","울산","울주군","22.7","26.7","17.7","24.8","22.8","26.8","19.5","0.0","0.0","11.2","12.5","8.1","4.3","0.0","0.0","0.0","79.4","74.6","78.8","3.5","6.9","7.2","0.0","0.0","0.0","6.1","7.8","1.9"
"20210626","울산","울주군","22.4","27.8","19.8","24.8","22.6","26.6","19.2","0.2","0.0","11.0","2.8","11.2","4.5","0.0","0.0","0.0","82.6","75.0","78.3","7.1","5.3","7.2","0.0","0.0","0.0","4.5","6.1","1.9"
"20210625","울산","울주군","22.3","26.8","18.2","22.7","22.3","26.4","19.0","0.0","11.7","10.5","12.6","0.4","4.4","0.0","0.0","0.0","82.6","96.5","77.8","4.9","9.8","7.2","0.0","0.0","0.0","4.6","6.0","1.9"
"20210624","울산","울주군","21.0","25.4","17.7","22.6","22.1","26.1","18.8","0.0","9.9","10.2","6.4","2.5","4.4","0.0","0.0","0.0","81.8","85.4","77.5","7.5","9.3","7.2","0.0","0.0","0.0","3.9","7.4","1.9"
"20210623","울산","울주군","19.5","22.0","17.0","23.3","22.0","26.2","18.7","0.0","0.0","7.3","0.5","12.3","4.7","0.0","0.0","0.0","85.0","74.0","76.8","8.1","4.6","7.1","0.0","0.0","0.0","5.3","5.5","1.9"
"20210622","울산","울주군","19.7","23.2","16.7","22.3","22.1","26.4","18.7","0.1","0.0","5.0","2.4","13.5","5.0","0.0","0.0","0.0","82.3","76.8","76.4","7.8","0.0","6.9","0.0","0.0","0.0","4.7","8.8","1.9"
"20210621","울산","울주군","22.1","29.3","18.5","20.0","22.1","26.5","18.6","0.0","0.0","5.6","8.7","11.8","5.0","0.0","0.0","0.0","72.9","83.5","76.3","5.4","2.9","6.8","0.0","0.0","0.0","5.9","6.6","1.9"
"20210620","울산","울주군","23.1","28.4","17.4","20.9","22.1","26.4","18.6","0.0","0.0","6.4","13.2","10.6","5.1","0.0","0.0","0.0","77.0","81.5","76.1","4.1","4.8","6.8","0.0","0.0","0.0","4.8","5.4","1.9"
"20210619","울산","울주군","23.0","27.5","19.4","21.2","22.1","26.5","18.4","0.0","0.5","6.2","12.4","7.7","5.5","0.0","0.0","0.0","67.5","81.3","75.6","2.0","7.1","6.6","0.0","0.0","0.0","5.3","7.7","1.8"
"20210618","울산","울주군","21.1","25.8","17.9","18.6","21.9","26.5","18.1","2.9","23.1","6.0","2.7","0.0","5.8","0.0","0.0","0.0","91.5","95.1","74.8","8.4","10.0","6.4","0.0","0.0","0.0","3.9","6.8","1.8"
"20210617","울산","울주군","18.7","20.8","16.8","21.8","21.8","26.4","17.9","1.3","0.0","5.9","0.1","4.8","6.1","0.0","0.0","0.0","93.9","68.8","73.7","9.6","9.0","6.2","0.0","0.0","0.0","4.8","4.6","1.9"
"20210616","울산","울주군","19.0","20.0","18.0","22.7","21.6","26.2","17.7","16.2","0.0","3.9","0.0","13.2","6.2","0.0","0.0","0.0","97.9","59.9","73.1","10.0","4.9","6.1","0.0","0.0","0.0","6.7","8.6","1.9"
"20210615","울산","울주군","20.6","22.3","18.2","25.4","21.5","26.3","17.5","7.6","0.0","3.1","0.0","13.5","6.4","0.0","0.0","0.0","94.5","56.1","72.2","9.8","4.3","6.0","0.0","0.0","0.0","5.6","5.8","1.9"
"20210614","울산","울주군","21.8","25.6","19.8","24.8","21.4","26.2","17.4","0.0","9.2","2.5","5.6","3.4","6.4","0.0","0.0","0.0","90.9","86.1","71.4","7.4","8.6","5.8","0.0","0.0","0.0","5.9","6.5","1.9"
"20210613","울산","울주군","22.9","27.3","20.6","22.7","21.3","26.1","17.3","0.0","24.8","2.8","7.0","2.9","6.4","0.0","0.0","0.0","91.3","94.0","71.3","7.3","9.5","5.8","0.0","0.0","0.0","4.6","5.4","2.0"
"20210612","울산","울주군","21.2","22.7","20.3","23.7","21.2","25.8","17.3","7.8","0.1","2.9","0.0","4.4","6.2","0.0","0.0","0.0","98.0","90.4","71.9","10.0","8.6","6.1","0.0","0.0","0.0","3.1","5.3","1.9"
"20210611","울산","울주군","20.7","23.7","19.8","23.7","21.1","25.6","17.2","30.3","29.1","3.1","0.0","7.5","6.1","0.0","0.0","0.0","97.1","89.0","71.7","10.0","6.5","6.1","0.0","0.0","0.0","6.4","5.5","1.9"
"20210610","울산","울주군","22.3","27.6","16.9","24.2","21.0","25.5","17.2","0.0","0.0","2.9","6.8","11.5","6.1","0.0","0.0","0.0","76.8","78.5","71.5","7.8","5.1","6.2","0.0","0.0","0.0","4.2","6.7","1.9"
"20210609","울산","울주군","22.6","28.4","18.5","23.7","20.8","25.3","17.0","0.0","0.0","3.1","12.3","13.1","6.1","0.0","0.0","0.0","64.0","66.5","71.8","4.8","0.0","6.1","0.0","0.0","0.0","4.7","6.5","1.9"
"20210608","울산","울주군","24.2","29.0","20.3","23.1","20.7","25.3","16.7","0.0","0.0","2.7","11.8","13.1","6.1","0.0","0.0","0.0","58.4","46.3","71.8","4.6","0.0","6.1","0.0","0.0","0.0","5.7","5.5","1.8"
"20210607","울산","울주군","24.2","29.8","18.3","20.3","20.5","25.3","16.5","0.0","0.0","2.6","12.5","13.1","6.4","0.0","0.0","0.0","63.3","59.9","71.4","2.6","0.0","5.8","0.0","0.0","0.0","4.3","5.1","1.8"
"20210606","울산","울주군","23.2","28.2","17.2","19.7","20.5","25.6","16.2","0.0","0.0","2.1","13.1","5.3","6.8","0.0","0.0","0.0","67.3","76.3","70.3","3.5","7.1","5.6","0.0","0.0","0.0","5.0","6.4","1.8"
"20210605","울산","울주군","22.2","28.8","15.0","23.2","20.5","25.7","16.1","0.0","0.0","2.1","12.7","11.0","7.0","0.0","0.0","0.0","61.4","67.8","69.4","5.1","5.4","5.4","0.0","0.0","0.0","7.4","5.4","1.8"
"20210604","울산","울주군","21.1","26.2","16.5","24.7","20.4","25.6","16.0","4.7","0.0","2.4","10.4","12.9","7.1","0.0","0.0","0.0","66.1","70.4","68.7","6.4","3.1","5.4","0.0","0.0","0.0","4.8","5.8","1.9"
"20210603","울산","울주군","18.7","20.1","16.2","23.2","20.4","25.6","15.8","22.7","0.0","2.6","0.4","7.4","7.3","0.0","0.0","0.0","94.4","63.4","67.1","9.4","6.1","5.4","0.0","0.0","0.0","5.8","5.9","1.9"
"20210602","울산","울주군","20.9","26.3","17.5","21.5","20.3","25.7","15.5","0.0","0.0","2.5","8.0","10.4","7.5","0.0","0.0","0.0","76.9","44.1","65.8","7.0","5.5","5.1","0.0","0.0","0.0","3.7","6.3","1.9"
"20210601","울산","울주군","20.3","25.8","14.1","22.8","20.1","25.4","15.4","0.0","0.0","3.5","11.6","11.5","7.3","0.0","0.0","0.0","64.1","58.5","66.0","4.5","4.6","5.1","0.0","0.0","0.0","4.0","6.0","1.9"
"20210531","울산","울주군","19.0","25.1","15.2","20.1","20.0","25.4","15.2","0.6","0.0","3.0","7.5","7.0","7.4","0.0","0.0","0.0","77.0","72.1","66.1","4.9","7.3","5.0","0.0","0.0","0.0","4.3","6.4","1.9"
"20210530","울산","울주군","19.2","24.1","14.3","19.6","19.8","25.2","15.0","0.0","0.0","3.0","12.8","9.2","7.6","0.0","0.0","0.0","66.9","56.1","65.5","1.3","8.4","4.9","0.0","0.0","0.0","5.1","4.8","1.9"
"20210529","울산","울주군","19.3","25.9","12.1","18.9","19.5","24.9","14.9","0.0","0.0","3.2","11.7","11.6","7.6","0.0","0.0","0.0","63.5","55.8","65.6","3.4","2.8","4.9","0.0","0.0","0.0","6.3","6.7","1.9"
"20210528","울산","울주군","17.5","26.0","12.1","19.6","19.5","24.8","15.0","31.2","0.0","4.0","10.2","12.8","7.2","0.0","0.0","0.0","75.8","62.1","65.8","2.8","3.0","5.3","0.0","0.0","0.0","10.7","5.6","2.0"
"20210527","울산","울주군","19.1","24.4","14.9","19.2","19.5","24.8","14.9","0.0","0.0","4.0","7.5","11.8","7.3","0.0","0.0","0.0","68.8","56.4","65.4","5.1","5.9","5.2","0.0","0.0","0.0","6.5","6.9","2.0"
"20210526","울산","울주군","18.3","23.7","12.1","19.8","19.5","24.8","14.8","0.0","0.0","4.6","4.9","4.7","7.2","0.0","0.0","0.0","47.5","71.8","65.1","9.3","7.8","5.3","0.0","0.0","0.0","6.3","4.8","2.0"
"20210525","울산","울주군","19.0","24.3","13.9","20.1","19.6","24.9","14.8","0.3","0.0","4.1","9.1","5.3","7.1","0.0","0.0","0.0","41.8","70.8","64.9","4.4","8.0","5.2","0.0","0.0","0.0","9.0","5.0","1.9"
"20210524","울산","울주군","19.6","24.2","17.4","20.9","19.6","25.1","14.6","0.9","0.0","4.1","4.9","8.9","7.1","0.0","0.0","0.0","70.8","72.0","64.7","6.3","7.0","5.0","0.0","0.0","0.0","5.1","8.4","1.9"
"20210523","울산","울주군","23.7","30.5","16.3","16.6","19.5","25.2","14.3","0.0","0.0","3.7","9.4","8.9","7.5","0.0","0.0","0.0","55.8","82.1","64.3","4.9","4.0","4.7","0.0","0.0","0.0","4.9","5.3","1.9"
"20210522","울산","울주군","19.8","24.5","13.1","14.1","19.3","25.0","14.1","0.0","0.0","2.6","13.4","6.7","7.5","0.0","0.0","0.0","71.4","82.9","63.8","0.8","5.0","4.6","0.0","0.0","0.0","5.3","6.8","1.9"
"20210521","울산","울주군","17.4","22.1","14.6","14.0","19.1","24.8","14.0","0.3","0.0","2.9","5.1","1.8","7.5","0.0","0.0","0.0","81.8","77.0","63.5","8.5","8.4","4.6","0.0","0.0","0.0","5.3","5.6","1.9"
"20210520","울산","울주군","16.1","18.1","14.7","13.8","18.9","24.7","13.7","16.7","0.0","3.2","0.0","8.4","7.6","0.0","0.0","0.0","94.1","72.1","63.7","9.9","4.8","4.7","0.0","0.0","0.0","5.6","7.1","2.0"
"20210519","울산","울주군","20.3","26.5","14.6","16.3","18.7","24.4","13.6","0.0","4.1","2.8","10.6","7.7","7.4","0.0","0.0","0.0","70.4","73.3","63.9","5.8","4.4","4.9","0.0","0.0","0.0","4.6","8.7","2.0"
"20210518","울산","울주군","16.0","18.6","13.9","17.1","18.5","23.9","13.6","1.3","4.0","3.0","0.6","0.2","7.1","0.0","0.0","0.0","95.9","97.5","64.8","8.8","9.6","5.2","0.0","0.0","0.0","3.8","5.1","2.0"
"20210517","울산","울주군","14.4","16.2","13.2","18.1","18.3","23.6","13.4","3.5","0.0","3.3","0.0","8.2","6.7","0.0","0.0","0.0","97.0","91.8","65.6","10.0","8.1","5.6","0.0","0.0","0.0","3.4","5.2","2.0"
"20210516","울산","울주군","19.4","23.7","13.7","17.9","18.1","23.4","13.3","22.1","0.1","3.0","0.0","4.8","6.9","0.0","0.0","0.0","97.0","91.1","65.3","10.0","8.6","5.5","0.0","0.0","0.0","5.7","5.1","2.0"
"20210515","울산","울주군","18.9","21.3","17.0","16.2","17.9","23.3","13.2","15.7","11.8","2.8","0.1","0.0","6.9","0.0","0.0","0.0","95.4","85.8","65.3","9.3","9.9","5.4","0.0","0.0","0.0","2.6","6.2","2.0"
"20210514","울산","울주군","19.4","25.0","13.9","20.5","17.7","23.0","13.1","0.0","0.0","3.6","11.1","11.4","6.8","0.0","0.0","0.0","76.5","35.3","66.3","7.3","5.9","5.3","0.0","0.0","0.0","4.7","5.6","2.0"
"20210513","울산","울주군","18.3","25.6","12.7","18.6","17.5","22.7","12.7","0.0","0.0","3.8","12.5","13.1","7.0","0.0","0.0","0.0","71.0","37.9","65.6","3.3","0.0","5.2","0.0","0.0","0.0","4.4","7.8","2.1"
"20210512","울산","울주군","16.4","21.0","13.6","19.9","17.2","22.6","12.5","0.0","0.0","4.1","3.3","12.7","7.1","0.0","0.0","0.0","71.4","48.1","65.6","7.6","0.6","5.0","0.0","0.0","0.0","5.7","8.9","2.1"
"20210511","울산","울주군","15.3","18.7","13.4","21.6","17.1","22.6","12.3","0.0","0.0","4.1","0.5","12.8","6.9","0.0","0.0","0.0","71.5","48.1","65.4","9.5","1.9","5.1","0.0","0.0","0.0","5.5","9.3","2.1"
"20210510","울산","울주군","15.3","18.1","13.0","19.4","17.1","22.5","12.3","0.2","0.0","3.5","1.6","9.1","6.7","0.0","0.0","0.0","61.1","71.9","64.7","8.5","4.8","5.3","0.0","0.0","0.0","5.6","7.0","2.1"
"20210509","울산","울주군","18.9","24.8","13.1","16.8","17.2","22.6","12.3","0.0","24.2","4.2","12.9","0.0","6.7","0.0","0.0","0.0","31.6","96.4","63.9","0.4","9.4","5.3","0.0","0.0","0.0","6.7","8.2","2.1"
"20210508","울산","울주군","18.1","24.1","8.7","16.7","17.3","22.7","12.3","0.0","0.0","4.0","12.3","11.4","6.4","0.0","0.0","0.0","41.4","73.6","63.9","2.5","6.3","5.3","0.0","0.0","0.0","7.5","9.0","2.1"
"20210507","울산","울주군","18.9","23.7","14.8","14.5","17.4","23.0","12.3","0.0","0.0","3.3","8.9","12.3","6.8","0.0","0.0","0.0","48.6","64.5","62.4","5.9","5.5","5.1","0.0","0.0","0.0","8.6","7.6","2.1"
"20210506","울산","울주군","16.8","22.3","8.7","16.7","17.4","23.1","12.3","0.0","0.0","2.9","9.6","12.4","7.1","0.0","0.0","0.0","39.8","73.8","62.1","5.3","1.4","4.8","0.0","0.0","0.0","5.1","7.2","2.2"
"20210505","울산","울주군","18.7","24.2","13.1","15.4","17.3","22.8","12.3","3.5","0.0","4.0","10.8","3.0","7.2","0.0","0.0","0.0","46.3","83.1","62.8","4.0","8.0","4.8","0.0","0.0","0.0","7.4","4.9","2.2"
"20210504","울산","울주군","17.2","20.8","12.0","19.5","17.1","22.7","12.2","15.2","0.1","3.1","3.2","10.1","7.3","0.0","0.0","0.0","81.0","84.0","62.9","9.4","6.3","4.8","0.0","0.0","0.0","8.6","7.2","2.2"
"20210503","울산","울주군","15.5","23.4","7.2","16.8","17.0","22.6","12.2","0.0","7.2","2.9","12.3","0.0","7.5","0.0","0.0","0.0","58.9","96.6","63.3","2.4","10.0","4.7","0.0","0.0","0.0","6.2","6.8","2.2"
"20210502","울산","울주군","12.5","17.7","8.3","21.6","16.9","22.3","12.2","0.2","0.0","3.3","7.9","6.9","7.1","0.0","0.0","0.0","66.3","66.5","64.0","4.4","8.1","5.0","0.0","0.0","0.0","6.7","5.7","2.2"
"20210501","울산","울주군","12.2","15.2","9.7","21.9","16.7","22.0","12.0","8.7","0.0","3.7","4.3","12.3","6.6","0.0","0.0","0.0","73.6","69.6","64.7","6.8","0.3","5.2","0.0","0.0","0.0","5.9","7.5","2.2"
"20210430","울산","울주군","16.8","22.8","12.2","19.0","16.4","21.9","11.4","0.1","0.0","3.0","11.5","12.7","7.1","0.0","0.0","0.0","53.5","49.8","63.5","5.0","0.0","4.9","0.0","0.0","0.0","8.9","8.4","2.3"
"20210429","울산","울주군","15.7","20.3","12.7","16.7","16.1","21.7","10.9","0.0","0.0","2.6","7.0","12.5","7.1","0.0","0.0","0.0","57.3","42.5","62.3","6.0","0.0","4.7","0.0","0.0","0.0","5.7","5.6","2.2"
"20210428","울산","울주군","18.5","23.9","14.4","13.8","15.7","21.4","10.3","0.0","0.0","2.6","11.3","12.5","7.3","0.0","0.0","0.0","50.9","55.8","61.1","6.8","0.1","4.7","0.0","0.0","0.0","4.8","6.8","2.2"
"20210427","울산","울주군","14.9","19.5","7.6","12.7","15.3","21.2","9.8","0.0","0.0","2.6","7.6","10.0","7.7","0.0","0.0","0.0","67.5","63.8","59.1","7.4","4.1","4.4","0.0","0.0","0.0","5.6","6.9","2.2"
"20210426","울산","울주군","11.9","17.1","6.4","12.5","15.1","21.0","9.6","0.0","0.0","2.2","12.5","11.9","8.0","0.0","0.0","0.0","61.3","61.4","57.5","2.4","1.8","4.2","0.0","0.0","0.0","5.6","10.0","2.2"
"20210425","울산","울주군","13.4","17.0","10.4","15.9","15.0","20.7","9.7","0.0","0.0","3.0","7.7","12.1","7.7","0.0","0.0","0.0","67.5","45.6","57.8","4.8","0.0","4.4","0.0","0.0","0.0","6.9","11.6","2.2"
"20210424","울산","울주군","14.7","18.4","11.4","11.9","15.0","20.5","9.9","0.0","0.0","3.4","8.5","12.2","7.6","0.0","0.0","0.0","73.9","31.3","58.8","6.1","0.9","4.6","0.0","0.0","0.0","6.2","8.2","2.2"
"20210423","울산","울주군","15.4","18.5","13.0","9.9","15.0","20.5","10.1","0.0","0.0","4.2","0.3","12.3","7.3","0.0","0.0","0.0","62.0","37.4","59.5","8.8","1.8","4.8","0.0","0.0","0.0","6.8","9.5","2.3"
"20210422","울산","울주군","18.2","25.4","12.7","8.8","14.8","20.0","10.1","0.0","0.0","4.1","6.1","11.6","7.0","0.0","0.0","0.0","48.8","33.0","61.8","7.1","1.8","5.1","0.0","0.0","0.0","5.1","8.5","2.3"
"20210421","울산","울주군","17.3","25.7","10.3","12.1","14.6","19.8","9.9","0.0","0.0","4.7","11.3","10.8","6.8","0.0","0.0","0.0","55.1","31.4","63.1","3.9","4.9","5.2","0.0","0.0","0.0","3.9","8.1","2.3"
"20210420","울산","울주군","17.5","25.2","12.5","14.6","14.6","19.9","9.8","0.0","0.8","4.1","10.7","9.2","6.7","0.0","0.0","0.0","40.3","69.3","62.9","2.3","5.9","5.2","0.0","0.0","0.0","7.1","7.4","2.3"
"20210419","울산","울주군","17.1","23.6","9.5","11.4","14.4","19.9","9.6","0.0","26.0","5.0","12.4","0.7","6.8","0.0","0.0","0.0","27.6","90.0","62.2","0.0","9.5","5.1","0.0","0.0","0.0","6.4","6.9","2.3"
"20210418","울산","울주군","11.8","17.2","7.3","13.2","14.3","20.0","9.2","0.0","0.1","4.4","11.8","8.6","7.0","0.0","0.0","0.0","46.9","77.6","61.0","0.8","4.9","4.8","0.0","0.0","0.0","6.8","8.4","2.3"
"20210417","울산","울주군","13.9","19.3","9.2","11.4","14.3","20.2","9.0","0.0","26.4","3.9","5.8","0.0","7.2","0.0","0.0","0.0","52.5","92.3","59.4","4.9","7.9","4.6","0.0","0.0","0.0","7.7","3.9","2.2"
"20210416","울산","울주군","14.4","21.1","6.3","12.0","14.2","20.1","8.8","0.0","0.0","3.4","7.4","9.7","7.4","0.0","0.0","0.0","72.4","69.6","57.7","6.4","5.6","4.4","0.0","0.0","0.0","7.2","7.4","2.3"
"20210415","울산","울주군","11.3","16.6","5.7","14.8","13.9","19.7","8.4","0.0","0.0","3.2","9.2","9.1","7.4","0.0","0.0","0.0","48.9","41.6","56.5","3.9","7.5","4.3","0.0","0.0","0.0","5.3","5.7","2.3"
"20210414","울산","울주군","10.4","16.8","6.5","14.4","13.5","19.3","8.1","0.0","0.0","2.3","8.6","12.2","7.3","0.0","0.0","0.0","49.1","36.0","56.0","3.5","1.4","4.4","0.0","0.0","0.0","7.5","7.0","2.3"
"20210413","울산","울주군","16.9","21.0","10.1","9.8","13.1","18.7","8.0","2.8","0.1","2.4","10.5","6.2","6.9","0.0","0.0","0.0","66.1","48.0","56.9","6.3","5.4","4.7","0.0","0.0","0.0","7.0","11.4","2.3"
"20210412","울산","울주군","13.2","15.8","9.6","8.8","12.8","18.4","7.8","15.4","16.8","3.5","0.0","4.0","6.7","0.0","0.0","0.0","92.1","84.3","57.9","9.6","9.6","4.9","0.0","0.0","0.0","8.2","9.9","2.4"
"20210411","울산","울주군","12.1","18.8","4.8","10.2","12.6","18.0","7.7","0.0","2.2","3.8","12.1","3.6","6.4","0.0","0.0","0.0","63.0","72.6","58.8","0.6","8.5","5.1","0.0","0.0","0.0","4.6","6.6","2.4"
"20210410","울산","울주군","8.9","14.1","3.1","9.4","12.5","17.9","7.6","0.0","0.0","3.5","11.9","2.3","6.6","0.0","0.0","0.0","68.5","56.6","59.0","2.4","8.4","5.0","0.0","0.0","0.0","5.4","6.4","2.4"
"20210409","울산","울주군","9.0","13.8","6.6","10.1","12.4","17.8","7.5","5.1","0.0","3.3","2.1","11.9","6.6","0.0","0.0","0.0","79.9","54.5","59.6","4.6","1.3","4.9","0.0","0.0","0.0","5.9","6.4","2.4"
"20210408","울산","울주군","12.9","18.1","9.8","12.1","12.4","17.8","7.4","0.0","0.0","3.6","9.5","11.9","6.6","0.0","0.0","0.0","61.1","44.5","59.2","4.8","1.3","4.8","0.0","0.0","0.0","6.8","9.2","2.3"
"20210407","울산","울주군","14.7","19.2","11.4","14.6","12.3","17.9","7.2","0.0","0.0","2.8","11.8","10.4","7.0","0.0","0.0","0.0","46.5","37.6","58.4","1.9","1.9","4.5","0.0","0.0","0.0","6.1","6.9","2.2"
"20210406","울산","울주군","11.8","19.1","4.5","11.3","12.0","17.6","6.8","0.0","0.0","2.4","10.0","11.0","7.1","0.0","0.0","0.0","60.8","49.5","57.9","2.3","3.0","4.4","0.0","0.0","0.0","4.7","7.0","2.2"
"20210405","울산","울주군","10.1","14.7","5.2","8.7","11.8","17.4","6.6","0.0","0.0","2.6","11.7","11.9","7.2","0.0","0.0","0.0","55.3","49.3","57.6","0.4","0.0","4.4","0.0","0.0","0.0","7.5","7.1","2.3"
"20210404","울산","울주군","9.9","13.4","8.2","11.2","11.7","17.4","6.3","18.0","0.0","2.3","0.0","10.1","7.4","0.0","0.0","0.0","82.4","49.6","56.8","9.6","2.6","4.3","0.0","0.0","0.0","7.7","9.5","2.3"
"20210403","울산","울주군","14.7","19.8","10.6","13.6","11.4","17.3","6.0","32.5","0.0","2.2","0.5","10.8","7.5","0.0","0.0","0.0","92.6","37.6","56.5","9.5","2.9","4.1","0.0","0.0","0.0","4.5","6.0","2.3"
"20210402","울산","울주군","13.9","18.4","11.9","11.0","11.2","17.0","5.8","0.0","0.0","2.1","3.4","10.9","7.4","0.0","0.0","0.0","76.3","50.0","56.4","7.5","3.4","4.1","0.0","0.0","0.0","6.3","6.7","2.3"
"20210401","울산","울주군","13.4","16.8","10.2","11.8","11.1","16.9","5.9","0.0","0.8","2.1","8.3","4.3","7.3","0.0","0.0","0.0","66.0","76.1","57.0","6.0","8.9","4.2","0.0","0.0","0.0","8.0","6.9","2.3"
"20210331","울산","울주군","12.4","19.1","6.1","11.3","10.9","16.5","5.9","0.0","0.0","2.4","10.7","11.0","6.8","0.0","0.0","0.0","67.0","74.9","58.3","4.0","3.3","4.5","0.0","0.0","0.0","5.3","5.8","2.3"
"20210330","울산","울주군","13.1","20.5","9.2","10.6","10.8","16.3","5.8","0.0","0.0","2.3","7.4","10.7","6.5","0.0","0.0","0.0","43.3","68.0","58.0","4.3","5.3","4.6","0.0","0.0","0.0","5.4","5.7","2.3"
"20210329","울산","울주군","16.3","20.1","13.0","8.7","10.7","16.2","5.6","0.0","0.1","1.6","7.9","4.7","6.6","0.0","0.0","0.0","43.6","68.1","57.5","2.3","7.1","4.6","0.0","0.0","0.0","6.1","6.5","2.2"
"20210328","울산","울주군","17.4","21.9","13.6","8.5","10.4","15.9","5.4","11.2","0.0","1.8","10.1","1.4","6.5","0.0","0.0","0.0","67.3","71.5","56.8","3.5","8.8","4.6","0.0","0.0","0.0","8.0","8.3","2.2"
"20210327","울산","울주군","13.5","18.0","7.8","13.4","10.2","15.6","5.2","23.6","2.3","1.5","1.4","0.0","6.6","0.0","0.0","0.0","85.9","97.5","55.1","7.8","9.9","4.6","0.0","0.0","0.0","8.2","6.3","2.2"
"20210326","울산","울주군","14.6","20.8","9.8","13.2","9.9","15.3","4.9","0.0","13.8","1.3","7.5","0.0","6.8","0.0","0.0","0.0","52.0","87.6","53.7","4.1","9.5","4.5","0.0","0.0","0.0","6.0","5.6","2.2"
"20210325","울산","울주군","13.5","19.5","9.1","11.9","9.6","14.8","4.7","0.0","0.0","1.5","11.4","11.4","6.7","0.0","0.0","0.0","52.1","62.4","54.3","0.6","2.0","4.6","0.0","0.0","0.0","5.3","7.1","2.2"
"20210324","울산","울주군","13.2","18.5","7.1","10.1","9.3","14.3","4.6","0.0","0.0","1.8","7.6","10.0","6.4","0.0","0.0","0.0","49.6","57.4","54.6","6.4","1.5","4.7","0.0","0.0","0.0","6.2","6.4","2.3"
"20210323","울산","울주군","11.8","18.1","3.8","12.0","9.2","14.2","4.5","0.0","0.0","2.1","11.3","11.4","6.4","0.0","0.0","0.0","36.9","47.4","55.5","0.0","0.0","4.9","0.0","0.0","0.0","6.3","7.4","2.3"
"20210322","울산","울주군","7.7","12.9","3.6","13.1","9.1","14.1","4.4","0.0","0.0","2.3","11.3","9.1","6.0","0.0","0.0","0.0","36.4","63.4","57.0","1.8","4.6","5.1","0.0","0.0","0.0","8.9","8.0","2.4"
"20210321","울산","울주군","9.7","13.2","5.3","15.5","9.2","14.4","4.5","0.4","0.0","2.6","8.2","9.9","6.1","0.0","0.0","0.0","56.5","44.9","57.8","6.6","1.4","5.1","0.0","0.0","0.0","7.6","6.7","2.5"
"20210320","울산","울주군","10.3","11.8","9.0","11.6","9.3","14.6","4.5","4.1","0.0","3.3","0.0","11.3","6.2","0.0","0.0","0.0","93.5","31.0","58.2","9.4","0.0","5.0","0.0","0.0","0.0","5.8","8.7","2.4"
"20210319","울산","울주군","10.9","14.4","9.2","13.4","9.3","14.7","4.3","0.0","0.0","3.2","5.1","11.1","6.4","0.0","0.0","0.0","69.4","45.1","58.0","7.4","0.6","4.9","0.0","0.0","0.0","7.2","12.6","2.5"
"20210318","울산","울주군","9.8","13.8","5.4","12.2","9.2","14.6","4.2","0.0","0.0","3.2","8.4","11.4","6.3","0.0","0.0","0.0","74.4","42.1","58.1","4.4","0.0","4.9","0.0","0.0","0.0","6.8","6.3","2.4"
"20210317","울산","울주군","10.0","14.9","5.6","11.2","8.9","14.4","3.9","0.0","0.0","3.6","9.4","10.6","6.5","0.0","0.0","0.0","74.1","46.6","58.7","3.1","1.9","4.8","0.0","0.0","0.0","6.4","8.4","2.4"
"20210316","울산","울주군","15.3","21.6","8.5","5.9","8.6","14.0","3.5","0.5","0.0","3.4","10.2","11.3","6.4","0.0","0.0","0.0","60.8","45.9","58.1","4.0","0.9","4.7","0.0","0.0","0.0","5.9","7.8","2.3"
"20210315","울산","울주군","12.8","18.2","5.5","6.6","8.3","13.9","3.2","0.0","0.3","2.7","9.4","7.6","6.6","0.0","0.0","0.0","64.9","40.4","56.9","5.1","2.9","4.5","0.0","0.0","0.0","6.5","10.1","2.4"
"20210314","울산","울주군","10.5","17.0","4.9","7.0","8.1","13.7","2.9","0.0","0.0","2.5","7.6","10.5","6.8","0.0","0.0","0.0","72.9","25.8","55.2","2.3","2.5","4.3","0.0","0.0","0.0","5.0","9.5","2.4"
"20210313","울산","울주군","9.8","13.9","7.4","10.6","7.8","13.4","2.6","0.0","0.0","2.1","9.2","7.6","7.1","0.0","0.0","0.0","72.4","50.6","53.5","4.0","6.9","4.0","0.0","0.0","0.0","6.2","6.5","2.4"
"20210312","울산","울주군","9.4","11.3","8.1","9.3","7.7","13.3","2.6","29.4","0.0","1.9","0.0","11.0","7.2","0.0","0.0","0.0","95.8","28.8","52.1","9.8","1.0","4.0","0.0","0.0","0.0","7.0","5.6","2.4"
"20210311","울산","울주군","9.3","15.4","2.0","6.6","7.5","13.1","2.5","0.0","0.0","1.9","7.7","11.2","7.1","0.0","0.0","0.0","71.3","36.6","52.1","7.3","0.0","4.0","0.0","0.0","0.0","5.0","7.2","2.4"
"20210310","울산","울주군","8.6","12.5","4.3","9.9","7.2","12.6","2.3","0.0","19.3","1.9","9.2","0.0","7.1","0.0","0.0","0.0","55.8","87.3","52.3","1.5","8.8","3.9","0.0","0.0","0.0","7.3","7.6","2.4"
"20210309","울산","울주군","8.8","15.1","3.3","9.3","6.9","12.1","2.3","0.0","5.4","2.1","6.1","0.0","6.8","0.0","0.0","0.0","68.5","89.6","53.7","7.8","8.6","4.1","0.0","0.0","0.0","4.9","4.4","2.5"
"20210308","울산","울주군","6.2","12.0","0.8","8.7","6.9","12.0","2.3","0.0","0.0","2.3","7.1","10.5","6.5","0.0","0.0","0.0","74.3","76.3","55.5","3.6","1.8","4.2","0.0","0.0","0.0","6.6","6.9","2.5"
"20210307","울산","울주군","5.2","8.7","3.2","7.3","6.9","12.1","2.1","0.0","0.4","2.4","3.0","0.9","6.3","0.0","0.0","0.0","72.0","72.6","56.7","7.6","8.8","4.3","0.0","0.0","0.0","5.2","4.5","2.4"
"20210306","울산","울주군","6.9","12.3","3.6","6.8","6.7","11.8","2.1","1.4","0.0","2.8","0.3","11.0","6.3","0.0","0.0","0.0","80.4","48.5","57.6","8.5","1.6","4.5","0.0","0.0","0.0","8.5","6.2","2.4"
"20210305","울산","울주군","11.5","17.1","8.0","3.7","6.7","11.7","2.0","0.2","0.0","2.5","6.2","10.8","5.9","0.0","0.0","0.0","86.0","47.3","57.8","6.9","0.0","4.6","0.0","0.0","0.0","4.7","7.9","2.4"
"20210304","울산","울주군","8.3","13.7","2.7","6.6","6.6","11.8","1.9","1.4","0.0","2.1","1.3","8.2","5.9","0.0","0.0","0.0","79.8","47.8","57.2","9.0","4.1","4.6","0.0","0.0","0.0","4.3","7.2","2.3"
"20210303","울산","울주군","4.7","9.4","-0.8","7.1","6.4","11.6","1.8","0.0","0.0","2.0","9.2","3.7","5.9","0.0","0.0","0.0","69.9","74.6","56.9","5.8","7.6","4.6","0.0","0.0","0.0","4.6","5.4","2.2"
"20210302","울산","울주군","2.5","5.1","0.5","7.3","6.4","11.4","1.8","6.4","0.0","2.1","0.3","8.0","5.7","0.0","0.0","0.0","84.0","57.6","56.9","8.1","3.6","4.7","0.0","0.0","0.0","6.7","7.9","2.2"
"20210301","울산","울주군","11.3","16.0","4.1","9.4","6.3","11.4","1.7","60.3","0.0","1.6","0.0","1.7","5.8","0.0","0.0","0.0","94.6","77.0","56.4","9.6","8.1","4.6","0.0","0.0","0.0","8.0","5.0","2.2"
"20210228","울산","울주군","9.7","14.4","3.6","4.7","6.2","11.3","1.7","0.0","2.9","1.9","3.4","0.0","5.9","0.0","0.0","0.0","77.3","89.8","56.8","8.3","7.8","4.6","0.0","0.0","0.0","4.4","4.8","2.2"
"20210227","울산","울주군","7.0","8.3","5.7","5.5","6.2","11.3","1.8","0.0","0.0","2.3","1.0","2.7","5.6","0.0","0.0","0.0","62.5","68.0","57.8","8.6","6.3","4.8","0.0","0.0","0.0","7.5","6.6","2.1"
"20210226","울산","울주군","8.8","11.4","6.4","8.5","6.1","11.1","1.5","3.4","0.0","2.2","4.1","0.9","5.6","0.0","0.0","0.0","70.6","85.0","57.5","9.1","9.5","4.7","0.0","0.0","0.0","8.8","5.9","2.1"
"20210225","울산","울주군","7.1","11.4","2.4","7.9","5.7","10.9","1.2","3.8","29.9","1.7","2.4","0.0","6.1","0.0","0.0","0.0","80.0","96.4","55.7","8.5","10.0","4.3","0.0","0.0","0.0","4.4","6.7","2.2"
"20210224","울산","울주군","6.0","10.7","2.6","10.8","5.6","10.8","1.0","0.0","0.0","2.1","2.4","8.3","6.0","0.0","0.0","0.0","51.3","31.9","55.7","5.9","4.3","4.3","0.0","0.0","0.0","5.7","5.4","2.2"
"20210223","울산","울주군","6.2","12.6","1.7","5.6","5.3","10.5","0.6","0.0","0.0","2.0","9.7","10.4","6.2","0.0","0.0","0.0","32.0","38.5","54.5","2.6","0.0","4.1","0.0","0.0","0.0","6.7","6.9","2.2"
"20210222","울산","울주군","16.5","23.9","10.0","9.6","5.1","10.4","0.3","0.0","1.1","1.9","9.8","10.0","6.7","0.0","0.0","0.0","38.5","43.1","52.8","0.1","2.0","3.7","0.0","0.0","0.0","6.8","8.6","2.3"
"20210221","울산","울주군","16.6","23.4","10.1","9.6","5.0","10.3","0.1","0.0","0.2","1.9","10.0","9.9","6.8","0.0","0.0","0.0","40.1","65.9","52.0","0.0","5.4","3.7","0.0","0.0","0.0","8.1","7.0","2.3"
"20210220","울산","울주군","13.3","19.8","7.0","7.4","4.7","9.9","-0.1","0.0","0.0","1.9","9.8","9.9","6.5","0.0","0.0","0.0","49.0","50.9","51.3","0.0","1.8","3.9","0.0","0.0","0.0","7.6","5.3","2.3"
"20210219","울산","울주군","5.1","13.1","-4.1","5.2","4.4","9.5","-0.2","0.0","0.0","1.4","10.2","9.5","6.8","0.0","0.0","0.0","40.8","43.3","49.4","0.0","3.9","3.8","0.0","0.0","0.0","5.3","7.4","2.4"
"20210218","울산","울주군","-3.9","0.6","-7.9","0.4","4.3","9.4","-0.2","0.0","0.0","1.3","10.1","10.1","6.8","0.0","0.0","0.0","45.8","38.4","48.8","0.0","0.0","3.9","0.0","0.0","0.0","8.9","8.1","2.4"
"20210217","울산","울주군","-3.9","-0.8","-5.9","-0.3","4.3","9.4","-0.1","0.0","0.0","1.3","10.1","9.4","6.5","0.0","0.0","0.0","31.0","48.6","49.4","1.3","4.0","4.2","0.0","0.0","0.0","10.7","8.3","2.3"
"20210216","울산","울주군","1.1","6.9","-3.2","6.5","4.5","9.6","0.0","0.0","3.9","1.2","9.2","3.4","6.4","0.0","0.0","0.0","40.8","70.6","49.6","1.6","7.6","4.2","0.0","0.0","0.0","8.5","6.9","2.4"
"20210215","울산","울주군","8.0","14.1","0.6","11.9","4.7","9.9","0.1","0.5","0.0","1.4","9.5","6.2","6.6","0.0","0.0","0.0","56.0","83.3","50.1","3.5","8.1","4.0","0.0","0.0","0.0","8.8","5.3","2.3"
"20210214","울산","울주군","10.8","13.4","7.1","11.1","4.7","10.0","0.0","9.0","0.0","1.7","0.5","8.4","6.5","0.0","0.0","0.0","95.0","68.4","50.2","9.1","2.9","3.9","0.0","0.0","0.0","4.3","5.2","2.3"
"20210213","울산","울주군","10.6","18.7","3.6","12.0","4.5","9.9","-0.2","0.0","0.0","1.7","9.4","9.7","6.5","0.0","0.0","0.0","57.6","74.4","50.4","2.4","2.8","3.9","0.0","0.0","0.0","4.6","5.4","2.3"
"20210212","울산","울주군","9.3","16.0","4.0","10.6","4.2","9.5","-0.5","0.0","15.6","1.7","7.8","0.1","6.6","0.0","0.0","0.0","68.3","93.9","49.8","5.9","8.5","3.7","0.0","0.0","0.0","4.5","7.3","2.3"
"20210211","울산","울주군","6.9","11.8","2.9","8.0","3.7","8.9","-0.9","0.0","0.0","1.6","6.0","7.8","6.8","0.0","0.0","0.0","66.8","70.3","48.8","8.0","4.5","3.6","0.0","0.0","0.0","5.4","5.7","2.3"
"20210210","울산","울주군","6.2","12.4","-0.1","6.1","3.3","8.4","-1.2","0.0","0.0","1.6","9.7","9.5","6.6","0.0","0.0","0.0","37.1","52.6","48.8","1.1","0.6","3.7","0.0","0.0","0.0","6.4","6.9","2.4"
"20210209","울산","울주군","2.1","8.1","-3.8","3.3","3.3","8.5","-1.4","0.0","0.0","1.2","10.0","9.6","6.8","0.0","0.0","0.0","29.0","43.6","48.8","0.0","1.6","3.7","0.0","0.0","0.0","5.6","5.6","2.4"
"20210208","울산","울주군","1.5","7.1","-2.2","3.3","3.3","8.6","-1.3","0.0","0.0","0.9","9.9","9.7","6.9","0.0","0.0","0.0","26.3","44.5","48.5","0.3","0.6","3.6","0.0","0.0","0.0","7.7","7.6","2.4"
"20210207","울산","울주군","9.0","14.7","4.0","3.6","3.3","8.6","-1.4","0.0","0.0","0.6","8.6","8.5","6.9","0.0","0.0","0.0","55.1","55.8","47.6","2.0","6.4","3.5","0.0","0.0","0.0","5.5","6.9","2.4"
"20210206","울산","울주군","8.7","15.5","0.7","-0.7","3.2","8.6","-1.4","0.0","0.0","0.5","9.5","9.0","6.8","0.0","0.0","0.0","38.5","52.4","46.9","0.0","4.0","3.3","0.0","0.0","0.0","3.8","6.3","2.3"
"20210205","울산","울주군","5.3","11.0","-1.3","0.0","3.2","8.7","-1.5","0.0","0.0","0.4","6.3","9.6","6.9","0.0","0.0","0.0","28.3","29.0","46.1","7.4","0.5","3.2","0.0","0.0","0.0","5.6","7.2","2.3"
"20210204","울산","울주군","3.6","7.6","0.6","3.0","2.9","8.4","-1.8","0.0","0.0","0.3","9.6","9.1","6.9","0.0","0.0","0.0","32.1","34.8","45.0","2.1","0.0","2.9","0.0","0.0","0.0","6.7","6.2","2.2"
"20210203","울산","울주군","-0.2","5.1","-4.6","4.1","2.6","8.1","-2.0","0.0","0.0","0.5","9.6","7.7","6.9","0.0","0.0","0.0","34.4","41.9","44.8","0.1","1.9","2.9","0.0","0.0","0.0","5.7","6.8","2.3"
"20210202","울산","울주군","0.9","9.2","-3.5","5.3","2.5","7.9","-2.1","0.0","0.0","0.8","9.6","9.4","6.8","0.0","0.0","0.0","27.5","55.4","45.6","0.1","3.4","3.0","0.0","0.0","0.0","7.3","5.4","2.2"
"20210201","울산","울주군","10.6","13.1","9.0","4.1","2.5","7.8","-2.0","12.1","0.0","0.9","0.5","9.3","6.8","0.0","0.0","0.0","75.9","60.1","46.1","9.3","0.8","3.2","0.0","0.0","0.0","5.6","7.4","2.3"
"20210131","울산","울주군","6.9","11.7","-0.3","4.7","2.5","7.7","-2.0","0.0","0.0","0.9","9.5","3.0","6.7","0.0","0.0","0.0","41.4","62.9","46.9","2.4","5.9","3.2","0.0","0.0","0.0","5.7","5.3","2.3"
"20210130","울산","울주군","2.5","9.7","-6.4","5.6","2.5","7.6","-1.8","0.0","0.0","1.0","8.9","4.5","6.6","0.0","0.0","0.0","43.6","67.5","47.6","1.4","7.6","3.2","0.0","0.0","0.0","6.7","6.6","2.3"
"20210129","울산","울주군","-3.5","0.2","-7.0","7.0","2.5","7.6","-1.9","0.0","0.0","1.6","9.6","2.4","6.6","0.0","0.0","0.0","28.6","68.4","47.4","0.0","8.0","3.2","0.0","0.0","0.0","8.5","6.0","2.3"
"20210128","울산","울주군","3.1","11.9","-3.6","7.5","2.4","7.5","-2.0","0.1","5.0","1.6","6.7","2.1","6.7","0.0","0.0","0.0","53.9","82.4","47.1","4.5","8.1","3.0","0.0","0.0","0.0","10.0","8.4","2.3"
"20210127","울산","울주군","5.6","10.4","2.9","7.4","2.2","7.4","-2.2","0.0","113.6","1.6","9.0","0.0","6.6","0.0","0.0","0.0","59.4","90.4","47.1","3.4","10.0","2.9","0.0","0.0","0.0","6.9","11.6","2.3"
"20210126","울산","울주군","6.7","8.9","5.4","8.2","1.9","7.1","-2.4","11.1","0.4","1.6","0.0","1.3","6.8","0.0","0.0","0.0","90.6","78.0","46.5","7.9","9.3","2.8","0.0","0.0","0.0","5.7","9.5","2.4"
"20210125","울산","울주군","8.8","11.3","7.5","8.2","1.8","6.8","-2.5","0.0","0.1","1.6","4.6","0.0","6.5","0.0","0.0","0.0","70.4","71.1","47.3","7.9","10.0","3.0","0.0","0.0","0.0","5.9","5.8","2.5"
"20210124","울산","울주군","8.9","9.9","8.0","8.0","1.8","6.6","-2.4","0.0","1.7","1.1","0.1","6.9","6.1","0.0","0.0","0.0","71.6","78.4","48.5","9.3","7.5","3.3","0.0","0.0","0.0","7.0","5.9","2.4"
"20210123","울산","울주군","10.1","11.5","9.4","7.6","1.8","6.6","-2.3","6.3","6.7","1.3","0.0","0.0","5.9","0.0","0.0","0.0","82.3","97.4","49.3","10.0","9.6","3.5","0.0","0.0","0.0","8.0","5.5","2.4"
"20210122","울산","울주군","9.5","11.2","7.1","5.6","2.0","6.6","-2.0","2.3","9.8","1.4","0.0","0.0","5.8","0.0","0.0","0.0","94.6","79.5","50.2","10.0","9.8","3.7","0.0","0.0","0.0","4.5","4.7","2.3"
"20210121","울산","울주군","7.4","13.6","-1.3","3.2","2.2","7.0","-1.8","0.6","0.0","1.6","3.3","9.2","5.6","0.0","0.0","0.0","75.0","51.0","50.5","4.9","1.3","3.8","0.0","0.0","0.0","4.8","6.2","2.3"
"20210120","울산","울주군","3.6","10.1","-3.7","4.3","2.4","7.3","-1.6","0.0","0.0","1.5","9.1","8.8","5.7","0.0","0.0","0.0","54.0","48.5","50.5","1.1","1.1","3.8","0.0","0.0","0.0","3.9","5.4","2.2"
"20210119","울산","울주군","-1.9","3.7","-6.4","4.5","2.6","7.5","-1.5","0.0","0.0","1.4","9.2","4.5","5.8","0.0","0.0","0.0","37.3","47.5","50.7","0.0","3.5","3.7","0.0","0.0","0.0","6.4","5.8","2.2"
"20210118","울산","울주군","0.7","5.5","-4.1","3.8","2.7","7.6","-1.5","0.0","0.8","1.6","7.1","1.6","5.8","0.0","0.0","0.0","50.9","67.8","51.1","1.9","7.8","3.8","0.0","0.0","0.0","7.3","7.1","2.2"
"20210117","울산","울주군","-1.7","1.5","-4.1","4.5","2.6","7.7","-1.7","0.0","0.0","1.8","8.8","1.9","6.0","0.0","0.0","0.0","29.9","41.5","51.0","3.3","7.6","3.6","0.0","0.0","0.0","11.9","5.0","2.2"
"20210116","울산","울주군","3.5","13.3","-0.9","2.0","2.5","7.6","-1.7","0.0","0.0","1.9","8.9","6.2","5.8","0.0","0.0","0.0","42.1","37.0","51.7","3.9","6.3","3.7","0.0","0.0","0.0","6.9","5.9","2.2"
"20210115","울산","울주군","10.8","16.3","2.8","1.4","2.4","7.3","-1.7","0.0","0.0","2.0","7.2","9.2","5.7","0.0","0.0","0.0","67.3","43.3","52.2","5.6","0.0","3.7","0.0","0.0","0.0","9.0","5.8","2.2"
"20210114","울산","울주군","6.8","13.2","0.2","1.9","2.3","7.2","-1.8","0.0","0.0","1.9","9.1","3.6","5.8","0.0","0.0","0.0","57.4","37.3","51.3","0.5","6.4","3.6","0.0","0.0","0.0","4.8","6.4","2.3"
"20210113","울산","울주군","5.9","11.6","-3.3","2.6","2.3","7.2","-1.7","0.0","0.0","1.4","8.5","9.1","5.9","0.0","0.0","0.0","52.9","50.1","50.0","0.0","1.9","3.5","0.0","0.0","0.0","7.2","8.2","2.3"
"20210112","울산","울주군","0.1","5.8","-4.9","3.9","2.2","7.0","-1.7","0.0","0.0","0.9","9.0","8.7","6.0","0.0","0.0","0.0","49.1","44.0","49.0","0.6","3.1","3.4","0.0","0.0","0.0","5.0","7.4","2.3"
"20210111","울산","울주군","-1.1","3.0","-5.1","4.5","2.2","7.1","-1.8","0.0","0.0","0.6","2.7","9.1","6.3","0.0","0.0","0.0","54.1","46.1","48.1","8.0","2.9","3.2","0.0","0.0","0.0","5.6","5.7","2.4"
"20210110","울산","울주군","-3.2","1.9","-8.7","4.3","2.2","7.2","-1.8","0.0","0.0","0.7","9.1","8.4","6.4","0.0","0.0","0.0","44.1","52.8","47.8","0.0","2.6","3.1","0.0","0.0","0.0","6.5","6.3","2.4"
"20210109","울산","울주군","-6.4","-2.0","-10.6","3.7","2.3","7.3","-1.8","0.0","0.0","1.1","9.1","7.6","6.3","0.0","0.0","0.0","38.3","57.0","47.8","0.0","5.0","3.1","0.0","0.0","0.0","7.8","6.6","2.3"
"20210108","울산","울주군","-8.7","-4.5","-12.2","8.8","2.4","7.5","-1.7","0.0","0.0","1.3","9.1","5.4","6.3","0.0","0.0","0.0","35.5","66.1","48.3","0.0","3.1","3.1","0.0","0.0","0.0","8.6","11.3","2.3"
"20210107","울산","울주군","-7.2","-0.9","-10.9","12.4","2.5","7.6","-1.7","0.2","27.4","1.4","8.6","0.0","6.1","0.0","0.0","0.0","31.5","94.0","48.5","2.6","10.0","3.3","0.0","0.0","0.0","9.7","10.5","2.2"
"20210106","울산","울주군","-3.2","1.0","-7.6","5.9","2.6","7.8","-1.7","0.0","13.2","1.3","9.1","0.0","6.1","0.0","0.0","0.0","42.9","87.4","47.7","3.8","9.5","3.3","0.0","0.0","0.0","7.9","4.1","2.1"
"20210105","울산","울주군","0.8","5.8","-4.5","5.7","2.7","7.9","-1.6","0.0","0.0","1.2","3.7","9.0","6.2","0.0","0.0","0.0","44.0","51.5","46.4","6.1","1.5","3.3","0.0","0.0","0.0","6.2","5.5","2.1"
"20210104","울산","울주군","0.8","6.5","-4.3","4.4","2.8","8.2","-1.6","0.0","0.0","0.6","8.8","5.3","6.5","0.0","0.0","0.0","47.0","42.4","45.7","2.3","2.8","3.0","0.0","0.0","0.0","6.5","8.4","2.1"
"20210103","울산","울주군","-0.3","3.0","-2.9","5.4","2.7","8.2","-1.7","0.0","0.0","0.4","5.7","8.9","6.7","0.0","0.0","0.0","32.9","44.3","45.2","7.1","1.9","2.8","0.0","0.0","0.0","6.6","8.5","2.2"
"20210102","울산","울주군","-0.1","3.1","-2.9","4.0","2.7","8.2","-1.7","0.0","0.0","0.2","8.8","8.7","6.9","0.0","0.0","0.0","44.8","56.9","45.2","1.5","1.5","2.6","0.0","0.0","0.0","6.5","6.7","2.3"
"20210101","울산","울주군","-0.8","4.0","-7.2","1.3","2.7","8.2","-1.8","0.0","0.0","0.2","8.2","8.2","6.9","0.0","0.0","0.0","55.8","50.4","46.1","2.3","2.3","2.6","0.0","0.0","0.0","6.0","6.5","2.3"
