"조회일자","지역(시)","지역(군)","평균 기온(°C)","최고 기온(°C)","최저 기온(°C)","전년 기온(°C)","평년 기온(°C)","평년 최고 기온(°C)","평년 최저 기온(°C)","평균 강수량(mm)","전년 강수량(mm)","평년 강수량(mm)","평균 일조시간(hr)","전년 일조시간(hr)","평년 일조시간(hr)","평균 일사량(MJ/㎡)","전년 일사량(MJ/㎡)","평년 일사량(MJ/㎡)","평균 습도(%)","전년 습도(%)","평년 습도(%)","평균 운량(1/10)","전년 운량(1/10)","평년 운량(1/10)","평균 적설량(cm)","전년 적설량(cm)","평년 적설량(cm)","평균 순간최대풍속(m/s)","전년 순간최대풍속(m/s)","평년 순간최대풍속(m/s)"
"20241231","제주특별자치도","제주시","8.2","11.0","5.6","10.1","7.0","9.5","4.3","0.0","0.1","1.3","5.9","0.2","2.4","10.17","3.01","0.0","51.1","59.5","63.1","4.9","9.1","6.7","0.0","0.0","0.0","12.3","17.6","4.4"
"20241231","제주특별자치도","북제주군","7.7","10.6","6.2","9.7","7.1","9.6","4.5","0.0","0.0","0.7","6.4","1.3","3.3","12.21","4.26","0.0","59.9","66.0","65.8","3.8","8.1","0.0","0.0","0.0","0.0","21.1","27.8","10.1"
"20241231","제주특별자치도","서귀포시","8.8","13.7","5.3","9.8","7.8","11.6","4.5","0.0","0.1","1.0","8.9","4.2","5.4","12.7","0.0","0.0","51.4","61.8","62.0","0.0","5.3","5.1","0.0","0.0","0.0","10.4","11.3","2.5"
"20241230","제주특별자치도","제주시","10.1","14.5","6.1","11.2","6.8","9.3","4.2","0.0","0.0","1.7","5.7","5.6","2.4","8.6","9.85","0.0","52.1","68.4","63.8","5.9","6.4","6.8","0.0","0.0","0.0","11.0","9.2","4.4"
"20241230","제주특별자치도","북제주군","10.7","12.5","8.7","12.0","6.9","9.4","4.4","0.0","1.0","0.9","4.2","4.5","3.2","10.88","9.22","0.0","59.3","77.8","66.6","5.4","7.6","0.0","0.0","0.0","0.0","16.6","18.8","10.1"
"20241230","제주특별자치도","서귀포시","10.6","14.6","6.7","11.9","7.7","11.4","4.5","0.0","1.4","1.2","5.0","5.9","5.2","10.26","0.0","0.0","57.6","79.9","62.6","5.4","6.5","5.3","0.0","0.0","0.0","9.1","5.2","2.5"
"20241229","제주특별자치도","제주시","8.2","11.5","6.4","8.5","6.8","9.3","4.2","0.0","0.0","1.8","2.5","3.0","2.3","6.59","8.92","0.0","46.4","63.4","63.8","7.3","6.8","6.7","0.0","0.0","0.0","11.0","7.4","4.3"
"20241229","제주특별자치도","북제주군","8.0","10.5","5.8","7.8","6.9","9.4","4.4","0.0","0.0","1.2","2.5","3.8","3.2","7.79","8.43","0.0","54.3","71.4","66.7","7.3","5.1","0.0","0.0","0.0","0.0","18.1","14.3","10.0"
"20241229","제주특별자치도","서귀포시","7.3","12.2","3.5","10.3","7.9","11.6","4.7","0.0","0.0","1.9","7.4","6.3","5.2","11.96","0.0","0.0","51.1","72.0","62.7","4.9","6.8","5.3","0.0","0.0","0.0","8.7","4.8","2.5"
"20241228","제주특별자치도","제주시","5.7","6.9","3.8","9.7","6.9","9.4","4.4","0.1","0.0","1.7","0.9","3.3","2.3","3.53","8.07","0.0","52.6","63.9","63.9","8.5","6.0","6.7","0.0","0.0","0.0","20.2","8.7","4.1"
"20241228","제주특별자치도","북제주군","5.2","6.6","2.7","10.4","7.0","9.5","4.6","0.7","0.0","1.5","0.9","8.3","3.2","4.15","11.42","0.0","63.4","69.5","66.9","8.8","5.5","0.0","0.0","0.0","0.0","29.9","12.1","9.6"
"20241228","제주특별자치도","서귀포시","5.1","7.3","2.7","10.7","8.1","11.8","5.0","0.1","0.0","2.1","4.0","7.3","5.3","7.43","0.0","0.0","52.6","70.1","63.2","6.0","3.8","5.2","0.0","0.0","0.0","13.7","4.0","2.4"
"20241227","제주특별자치도","제주시","6.8","8.2","5.8","9.6","7.0","9.5","4.5","0.0","0.0","1.6","0.4","6.2","2.3","2.95","9.6","0.0","51.6","66.3","64.3","8.6","5.9","6.8","0.0","0.0","0.0","15.8","5.2","4.2"
"20241227","제주특별자치도","북제주군","6.5","7.9","5.2","9.6","7.2","9.6","4.8","0.0","0.0","1.5","1.8","5.3","3.3","6.97","9.83","0.0","59.9","69.9","66.7","8.1","6.5","0.0","0.0","0.0","0.0","24.3","9.7","9.7"
"20241227","제주특별자치도","서귀포시","7.1","12.1","5.2","9.9","8.3","11.9","5.2","0.0","0.0","2.0","9.1","7.2","5.4","12.38","0.0","0.0","54.1","70.3","62.8","2.4","5.4","5.1","0.0","0.0","0.0","10.7","3.9","2.5"
"20241226","제주특별자치도","제주시","8.7","11.3","6.1","8.3","7.2","9.7","4.7","0.1","0.0","1.6","3.7","0.6","2.4","7.12","3.53","0.0","53.1","62.1","64.5","7.1","8.1","6.8","0.0","0.0","0.0","13.4","6.3","4.2"
"20241226","제주특별자치도","북제주군","8.4","10.8","5.4","8.9","7.3","9.8","4.9","0.0","0.0","1.3","5.4","2.6","3.3","10.56","7.53","0.0","60.5","64.0","67.0","5.9","7.9","0.0","0.0","0.0","0.0","23.9","11.7","9.6"
"20241226","제주특별자치도","서귀포시","9.9","14.6","6.3","8.6","8.4","12.1","5.3","0.0","0.0","1.7","8.8","6.6","5.4","12.09","0.0","0.0","51.5","60.9","62.8","2.8","7.5","5.2","0.0","0.0","0.0","12.6","7.8","2.4"
"20241225","제주특별자치도","제주시","8.9","12.5","4.6","6.5","7.5","10.1","5.1","0.0","0.0","1.4","4.0","0.1","2.4","8.1","2.69","0.0","63.5","55.1","64.5","8.1","8.6","6.7","0.0","0.0","0.0","6.9","14.2","4.1"
"20241225","제주특별자치도","북제주군","8.8","11.0","5.1","6.2","7.7","10.3","5.3","0.0","0.3","1.1","4.1","0.0","3.5","8.25","2.7","0.0","70.3","63.1","66.7","7.4","9.0","0.0","0.0","0.0","0.0","10.0","18.1","9.5"
"20241225","제주특별자치도","서귀포시","9.3","13.7","5.2","6.1","8.7","12.4","5.5","0.0","0.0","1.5","5.2","2.9","5.7","8.6","0.0","0.0","63.1","55.0","62.6","6.5","7.4","5.0","0.0","0.0","0.0","8.5","8.6","2.4"
"20241224","제주특별자치도","제주시","8.1","11.3","4.7","5.4","7.8","10.5","5.3","0.0","9.2","1.1","3.2","0.0","2.5","8.07","0.49","0.0","54.1","69.4","64.3","4.8","9.6","6.7","0.0","1.3","0.0","11.4","12.3","4.2"
"20241224","제주특별자치도","북제주군","8.1","10.9","5.5","6.6","8.0","10.7","5.5","0.0","0.6","0.8","3.6","0.6","3.7","9.8","2.54","0.0","58.6","68.1","66.4","4.4","9.0","0.0","0.0","0.0","0.0","17.2","19.7","9.4"
"20241224","제주특별자치도","서귀포시","9.0","13.5","4.2","7.1","8.9","12.6","5.6","0.0","0.0","0.8","8.9","5.2","5.7","12.29","0.0","0.0","60.0","55.1","62.6","2.4","8.0","4.9","0.0","0.0","0.0","7.0","5.6","2.5"
"20241223","제주특별자치도","제주시","7.6","9.8","4.9","3.6","8.1","10.9","5.6","0.0","0.0","1.3","0.7","0.1","2.5","4.11","2.75","0.0","51.4","67.1","64.7","7.4","9.0","6.7","0.0","7.7","0.0","10.0","10.6","4.2"
"20241223","제주특별자치도","북제주군","7.5","8.8","4.6","3.5","8.3","11.0","5.7","0.0","0.8","0.8","1.3","0.1","3.6","5.76","4.5","0.0","59.6","75.0","66.4","6.3","9.4","0.0","0.0","0.0","0.0","16.1","13.1","9.3"
"20241223","제주특별자치도","서귀포시","7.1","13.1","3.7","3.9","9.1","12.8","5.8","0.0","0.0","0.9","7.7","0.9","5.4","11.62","0.0","0.0","59.3","65.6","62.7","4.4","7.9","5.0","0.0","0.0","0.0","7.0","3.3","2.5"
"20241222","제주특별자치도","제주시","5.4","5.9","4.8","1.6","8.3","11.0","5.8","0.0","8.2","1.4","0.0","0.0","2.5","1.24","1.39","0.0","55.6","72.8","64.8","8.3","7.1","6.7","0.0","12.2","0.0","16.6","19.4","4.0"
"20241222","제주특별자치도","북제주군","5.7","6.3","4.6","2.3","8.4","11.1","5.9","0.0","7.4","0.9","0.0","0.6","3.6","2.3","4.76","0.0","62.9","77.5","66.6","8.6","8.1","0.0","0.0","0.0","0.0","26.6","28.7","8.9"
"20241222","제주특별자치도","서귀포시","6.6","10.6","3.3","0.7","9.2","13.1","5.9","0.0","2.9","1.1","9.0","4.7","5.2","12.88","0.0","0.0","53.9","76.6","63.1","3.3","6.4","5.1","0.0","5.7","0.0","9.4","6.1","2.5"
"20241221","제주특별자치도","제주시","7.3","9.9","5.1","1.3","8.3","11.0","5.7","0.7","7.1","1.5","0.1","0.4","2.4","1.48","2.39","0.0","56.9","77.4","64.5","8.9","8.8","6.7","0.0","5.4","0.0","18.2","20.6","4.0"
"20241221","제주특별자치도","북제주군","7.3","9.6","4.8","0.7","8.5","11.0","5.9","0.0","8.0","1.1","0.2","0.8","3.5","2.61","3.87","0.0","61.0","87.6","66.5","9.3","9.3","0.0","0.0","0.0","0.0","27.3","31.5","8.9"
"20241221","제주특별자치도","서귀포시","7.1","10.0","4.6","0.2","9.2","12.9","5.9","0.0","4.1","1.2","1.8","4.3","5.1","5.89","0.0","0.0","55.3","77.5","63.5","7.8","7.8","5.2","0.0","2.5","0.0","11.1","7.5","2.5"
"20241220","제주특별자치도","제주시","7.1","9.6","3.9","4.7","8.1","10.8","5.5","0.6","0.0","1.4","0.4","0.0","2.3","3.33","1.88","0.0","67.1","58.8","63.9","8.1","9.1","6.7","0.0","0.0","0.0","5.8","17.1","4.0"
"20241220","제주특별자치도","북제주군","7.6","11.2","5.3","4.4","8.3","10.7","5.8","0.4","0.1","1.1","1.4","0.3","3.3","6.59","3.07","0.0","70.6","69.3","66.6","7.8","9.0","0.0","0.0","0.0","0.0","16.8","27.3","9.0"
"20241220","제주특별자치도","서귀포시","7.9","12.0","4.8","4.4","9.0","12.7","5.7","0.3","0.0","1.2","0.8","6.3","4.9","4.6","0.0","0.0","60.9","56.4","63.5","8.3","5.9","5.3","0.0","0.0","0.0","8.6","13.9","2.4"
"20241219","제주특별자치도","제주시","5.6","9.0","3.5","5.9","8.0","10.6","5.5","0.0","4.3","1.6","6.6","0.0","2.2","10.86","1.48","0.0","49.9","70.9","64.4","5.9","9.1","6.8","0.0","0.0","0.0","15.4","12.6","4.1"
"20241219","제주특별자치도","북제주군","5.5","6.6","4.3","6.1","8.1","10.5","5.7","0.0","0.8","1.2","8.0","0.0","3.1","13.74","2.03","0.0","55.4","73.8","67.1","5.3","9.4","0.0","0.0","0.0","0.0","26.5","21.4","9.4"
"20241219","제주특별자치도","서귀포시","6.4","11.6","2.7","6.5","9.0","12.6","5.7","0.0","0.0","1.5","8.9","0.0","4.8","12.78","0.0","0.0","45.8","70.0","63.7","3.9","8.1","5.5","0.0","0.0","0.0","9.7","5.9","2.4"
"20241218","제주특별자치도","제주시","6.4","8.9","4.9","3.7","7.9","10.5","5.3","2.2","2.9","1.5","0.1","0.1","2.2","1.87","2.39","0.0","59.4","67.1","64.2","9.1","10.0","6.8","0.0","0.0","0.0","18.0","8.7","4.1"
"20241218","제주특별자치도","북제주군","6.4","8.8","5.1","3.0","8.0","10.5","5.6","0.4","0.6","1.1","1.3","0.0","3.0","4.88","3.14","0.0","64.5","75.9","67.1","7.4","9.5","0.0","0.0","0.0","0.0","27.8","12.5","9.5"
"20241218","제주특별자치도","서귀포시","6.5","10.3","3.2","4.3","8.9","12.5","5.6","0.3","0.1","1.2","8.1","0.7","4.8","12.0","0.0","0.0","55.8","66.1","63.8","5.1","9.3","5.7","0.0","0.0","0.0","12.5","4.3","2.3"
"20241217","제주특별자치도","제주시","9.6","13.0","8.0","2.7","7.9","10.5","5.2","0.0","3.0","1.3","1.7","0.0","2.3","5.24","1.29","0.0","49.0","66.9","63.7","8.1","8.5","6.8","0.0","0.0","0.0","9.8","18.6","4.2"
"20241217","제주특별자치도","북제주군","9.5","10.6","8.4","2.9","8.0","10.5","5.5","0.0","6.2","0.9","2.1","0.3","3.0","5.59","2.87","0.0","55.6","73.9","66.9","6.6","9.4","0.0","0.0","0.0","0.0","15.2","31.0","9.7"
"20241217","제주특별자치도","서귀포시","9.4","14.5","6.2","2.8","8.8","12.4","5.6","0.0","0.6","1.2","6.9","5.6","4.8","9.74","0.0","0.0","48.0","59.1","63.3","4.8","7.1","5.6","0.0","0.5","0.0","6.9","8.7","2.3"
"20241216","제주특별자치도","제주시","9.3","10.7","7.7","5.8","7.9","10.5","5.3","0.4","1.8","1.2","0.1","0.0","2.3","2.95","1.22","0.0","55.8","69.0","63.6","7.8","9.5","6.8","0.0","0.0","0.0","14.1","21.0","4.2"
"20241216","제주특별자치도","북제주군","9.5","10.9","8.6","5.0","8.0","10.6","5.6","0.0","2.9","0.9","0.9","0.1","3.1","4.16","2.59","0.0","57.3","81.9","66.4","7.9","10.0","0.0","0.0","0.0","0.0","19.2","33.2","9.8"
"20241216","제주특별자치도","서귀포시","9.6","12.8","7.9","5.3","8.9","12.5","5.7","0.0","0.5","1.4","5.2","2.1","4.9","8.57","0.0","0.0","49.9","68.4","62.5","6.4","9.4","5.5","0.0","0.0","0.0","8.7","13.5","2.3"
"20241215","제주특별자치도","제주시","8.6","9.6","5.9","15.3","8.1","10.8","5.4","0.0","4.1","1.6","0.0","0.1","2.5","2.3","0.65","0.0","47.4","81.5","63.9","9.1","9.0","6.8","0.0","0.0","0.0","15.1","14.5","4.2"
"20241215","제주특별자치도","북제주군","8.1","9.0","6.1","14.7","8.2","10.9","5.7","0.5","1.0","1.2","0.0","0.1","3.1","1.97","1.56","0.0","59.0","90.6","66.3","9.0","8.5","0.0","0.0","0.0","0.0","25.4","22.5","9.8"
"20241215","제주특별자치도","서귀포시","8.0","10.8","5.1","16.7","9.1","12.7","5.9","0.0","0.3","1.9","1.0","2.6","4.9","4.55","0.0","0.0","52.5","82.0","62.9","7.3","9.6","5.6","0.0","0.0","0.0","9.4","11.5","2.3"
"20241214","제주특별자치도","제주시","6.9","8.3","5.8","16.5","8.2","10.9","5.5","0.0","5.4","1.6","0.2","0.0","2.6","2.1","0.76","0.0","55.6","83.3","63.4","8.8","9.0","6.7","0.0","0.0","0.0","17.4","8.8","4.0"
"20241214","제주특별자치도","북제주군","7.2","8.5","5.6","16.9","8.4","11.0","5.8","0.0","12.5","1.4","1.1","0.0","3.1","5.14","1.39","0.0","58.5","87.5","65.8","8.4","9.5","0.0","0.0","0.0","0.0","24.1","12.6","9.3"
"20241214","제주특별자치도","서귀포시","6.9","11.4","4.1","17.2","9.2","12.8","6.1","0.0","18.5","1.9","6.4","0.0","4.8","11.58","0.0","0.0","53.8","88.4","62.8","6.3","9.6","5.7","0.0","0.0","0.0","13.2","8.8","2.3"
"20241213","제주특별자치도","제주시","7.7","10.3","5.1","14.0","8.3","11.0","5.6","0.3","0.8","1.8","0.5","3.9","2.6","3.76","6.77","0.0","57.5","72.5","63.4","7.1","7.0","6.7","0.0","0.0","0.0","17.8","10.0","4.0"
"20241213","제주특별자치도","북제주군","8.0","9.6","6.3","14.0","8.5","11.0","6.0","0.1","0.0","1.4","0.6","3.8","3.2","4.13","8.84","0.0","62.0","72.8","65.6","7.0","6.4","0.0","0.0","0.0","0.0","26.0","13.6","9.4"
"20241213","제주특별자치도","서귀포시","7.8","11.8","5.5","14.7","9.4","12.9","6.3","0.4","0.0","1.8","2.8","3.2","5.0","5.96","0.0","0.0","57.8","71.4","62.4","5.0","6.1","5.5","0.0","0.0","0.0","11.2","7.0","2.3"
"20241212","제주특별자치도","제주시","8.6","11.5","7.0","11.3","8.6","11.2","5.9","0.0","0.1","2.3","5.1","0.0","2.5","10.08","0.86","0.0","55.3","78.0","63.8","5.5","10.0","6.7","0.0","0.0","0.0","9.0","12.0","4.0"
"20241212","제주특별자치도","북제주군","8.1","9.3","6.7","10.8","8.7","11.3","6.3","0.0","0.1","1.9","4.4","0.0","3.1","10.14","2.51","0.0","63.1","85.8","66.1","3.5","9.1","0.0","0.0","0.0","0.0","18.5","24.5","9.2"
"20241212","제주특별자치도","서귀포시","9.4","14.7","6.1","14.4","9.7","13.2","6.6","0.0","0.0","2.2","9.3","3.2","4.9","12.21","0.0","0.0","63.5","77.3","63.1","1.0","7.5","5.6","0.0","0.0","0.0","7.3","5.0","2.3"
"20241211","제주특별자치도","제주시","9.4","12.0","8.5","17.0","8.7","11.4","5.9","0.0","10.1","2.4","1.4","0.2","2.6","4.81","2.17","0.0","57.1","80.9","64.1","7.3","9.9","6.7","0.0","0.0","0.0","10.4","14.9","3.9"
"20241211","제주특별자치도","북제주군","9.3","10.0","8.5","15.8","8.9","11.4","6.3","0.0","13.5","1.8","1.7","0.0","3.1","6.84","2.45","0.0","62.6","92.8","66.4","6.3","8.6","0.0","0.0","0.0","0.0","17.3","23.7","8.9"
"20241211","제주특별자치도","서귀포시","10.5","13.7","7.9","16.3","9.8","13.3","6.7","0.0","42.9","2.1","0.7","0.0","4.8","4.9","0.0","0.0","66.5","92.5","63.7","6.9","8.4","5.7","0.0","0.0","0.0","5.1","8.8","2.3"
"20241210","제주특별자치도","제주시","9.8","13.1","8.3","17.0","8.8","11.5","5.9","0.0","13.8","2.3","3.0","3.6","2.5","7.36","7.57","0.0","51.9","71.5","63.7","7.0","6.4","6.7","0.0","0.0","0.0","10.0","10.3","4.0"
"20241210","제주특별자치도","북제주군","9.5","10.7","8.7","17.1","9.0","11.4","6.4","0.0","16.0","1.6","6.3","1.6","3.0","12.14","7.11","0.0","57.6","78.6","66.1","6.5","7.3","0.0","0.0","0.0","0.0","15.2","12.0","8.9"
"20241210","제주특별자치도","서귀포시","9.8","14.7","6.2","18.0","9.9","13.3","6.7","0.0","3.2","1.9","6.7","6.4","4.9","10.95","0.0","0.0","63.9","76.1","63.3","4.9","5.3","5.7","0.0","0.0","0.0","5.6","6.0","2.3"
"20241209","제주특별자치도","제주시","9.1","10.8","6.7","15.8","8.9","11.7","6.1","0.0","0.0","2.2","0.1","5.8","2.5","2.8","8.28","0.0","55.5","64.8","64.2","8.8","4.4","6.7","0.0","0.0","0.0","10.6","5.7","4.0"
"20241209","제주특별자치도","북제주군","9.5","10.5","7.9","17.8","9.2","11.7","6.6","0.0","0.0","1.4","0.3","3.9","3.2","4.19","8.97","0.0","58.9","79.6","66.4","8.5","5.3","0.0","0.0","0.0","0.0","16.4","11.2","8.9"
"20241209","제주특별자치도","서귀포시","8.5","13.9","4.8","18.2","10.0","13.6","6.7","0.0","0.0","1.7","6.5","4.9","5.0","10.55","0.0","0.0","61.5","75.5","63.3","5.3","5.4","5.6","0.0","0.0","0.0","8.3","6.8","2.3"
"20241208","제주특별자치도","제주시","7.7","8.5","5.7","13.9","8.9","11.7","6.1","0.6","0.0","2.3","0.0","8.6","2.7","0.97","12.38","0.0","54.5","53.6","64.6","8.5","0.3","6.6","0.0","0.0","0.0","20.0","5.4","3.9"
"20241208","제주특별자치도","북제주군","7.9","9.1","5.6","16.9","9.2","11.7","6.5","0.0","0.0","1.5","0.2","7.7","3.3","3.6","11.1","0.0","62.1","66.8","66.5","8.0","1.6","0.0","0.0","0.0","0.0","30.0","13.6","8.7"
"20241208","제주특별자치도","서귀포시","8.0","13.0","4.7","16.6","10.0","13.7","6.7","0.0","0.0","2.6","8.8","5.4","4.9","12.73","0.0","0.0","56.6","65.9","63.7","4.6","5.9","5.7","0.0","0.0","0.0","9.7","9.6","2.3"
"20241207","제주특별자치도","제주시","9.2","12.9","6.9","12.0","8.9","11.7","6.0","0.8","0.0","2.0","5.8","8.5","2.8","9.07","12.54","0.0","54.5","45.1","64.2","6.6","0.6","6.6","0.0","0.0","0.0","18.5","14.4","4.1"
"20241207","제주특별자치도","북제주군","8.9","12.1","6.4","12.9","9.1","11.7","6.4","1.1","0.0","1.1","6.2","8.8","3.4","11.08","11.58","0.0","61.6","49.6","66.2","6.8","0.5","0.0","0.0","0.0","0.0","27.6","23.5","9.2"
"20241207","제주특별자치도","서귀포시","8.8","13.6","5.0","11.9","10.0","13.7","6.7","0.4","0.0","2.3","7.0","9.0","5.0","10.73","0.0","0.0","55.9","51.5","63.4","5.8","0.4","5.7","0.0","0.0","0.0","9.4","9.9","2.4"
"20241206","제주특별자치도","제주시","11.2","13.2","8.7","13.6","9.1","11.9","6.2","0.0","0.1","2.5","0.7","3.0","2.8","5.08","4.94","0.0","47.3","61.4","64.4","8.0","5.4","6.6","0.0","0.0","0.0","12.0","16.0","4.1"
"20241206","제주특별자치도","북제주군","10.9","12.5","8.9","14.0","9.2","11.9","6.6","0.0","0.0","1.6","1.5","3.6","3.6","5.54","7.95","0.0","56.1","64.8","66.5","7.0","6.1","0.0","0.0","0.0","0.0","19.0","23.7","9.5"
"20241206","제주특별자치도","서귀포시","10.1","15.2","7.6","13.7","10.1","13.9","6.8","0.0","0.0","3.0","3.2","4.0","5.0","6.43","0.0","0.0","55.0","62.6","63.5","5.6","5.8","5.6","0.0","0.0","0.0","6.5","9.1","2.4"
"20241205","제주특별자치도","제주시","11.3","13.2","10.3","11.7","9.3","12.1","6.6","0.0","0.0","2.5","1.8","8.7","2.9","5.47","11.36","0.0","47.6","60.0","64.9","7.1","1.1","6.5","0.0","0.0","0.0","12.3","4.7","4.1"
"20241205","제주특별자치도","북제주군","11.2","13.3","10.1","11.4","9.4","12.1","6.8","0.0","0.0","1.8","4.2","9.1","3.8","9.47","12.75","0.0","56.5","65.1","67.1","6.4","2.3","0.0","0.0","0.0","0.0","18.1","9.6","9.5"
"20241205","제주특별자치도","서귀포시","10.7","14.5","8.8","12.6","10.4","14.2","7.2","0.0","0.0","3.2","6.3","9.0","5.0","9.84","0.0","0.0","53.3","64.9","63.7","4.1","2.4","5.5","0.0","0.0","0.0","10.3","4.5","2.4"
"20241204","제주특별자치도","제주시","9.3","12.5","5.7","8.5","9.6","12.5","6.8","0.0","0.0","2.4","2.8","6.4","3.1","6.9","10.41","0.0","50.5","68.5","64.9","6.0","4.0","6.3","0.0","0.0","0.0","8.4","5.1","4.1"
"20241204","제주특별자치도","북제주군","9.1","11.5","5.9","8.9","9.7","12.4","7.1","0.0","0.0","1.9","6.3","6.7","4.0","12.21","11.25","0.0","56.9","73.9","67.1","4.3","4.1","0.0","0.0","0.0","0.0","17.0","9.4","9.4"
"20241204","제주특별자치도","서귀포시","9.9","14.8","6.3","10.3","10.8","14.6","7.5","0.0","0.0","3.2","8.8","4.2","5.1","12.94","0.0","0.0","59.5","73.4","63.8","2.8","4.4","5.4","0.0","0.0","0.0","6.8","3.1","2.5"
"20241203","제주특별자치도","제주시","9.8","12.6","7.2","10.1","9.9","12.9","7.1","0.0","0.0","2.2","0.7","2.4","3.4","4.96","6.07","0.0","53.9","55.0","64.1","6.6","5.1","6.1","0.0","0.0","0.0","8.7","10.5","4.0"
"20241203","제주특별자치도","북제주군","9.7","12.5","7.5","10.0","10.1","12.8","7.5","0.0","0.0","1.8","5.1","5.0","4.3","10.86","9.8","0.0","64.3","59.8","66.7","5.3","4.4","0.0","0.0","0.0","0.0","16.1","14.7","9.2"
"20241203","제주특별자치도","서귀포시","12.2","16.6","8.9","10.1","11.1","15.1","7.9","0.0","0.0","2.3","5.9","8.3","5.3","9.7","0.0","0.0","67.8","56.6","63.2","3.1","2.1","5.1","0.0","0.0","0.0","6.2","5.1","2.5"
"20241202","제주특별자치도","제주시","15.3","19.8","12.0","9.1","10.3","13.3","7.5","0.0","0.0","2.2","7.8","0.0","3.5","10.42","2.53","0.0","58.3","52.9","64.5","2.5","8.1","5.9","0.0","0.0","0.0","11.0","10.3","3.7"
"20241202","제주특별자치도","북제주군","15.8","19.4","12.6","9.2","10.5","13.1","8.0","0.0","0.0","1.8","8.8","0.2","4.5","12.93","4.62","0.0","60.6","57.4","66.9","0.5","8.8","0.0","0.0","0.0","0.0","14.4","15.4","8.6"
"20241202","제주특별자치도","서귀포시","14.6","19.9","10.6","8.4","11.6","15.5","8.3","0.0","0.0","2.3","8.9","3.3","5.4","11.99","0.0","0.0","61.4","57.9","63.3","0.6","7.4","4.8","0.0","0.0","0.0","9.5","4.7","2.4"
"20241201","제주특별자치도","제주시","12.7","17.8","8.3","7.1","10.6","13.6","7.8","0.0","2.9","1.8","3.9","0.0","3.7","7.32","0.62","0.0","53.4","62.3","64.5","3.4","9.1","5.8","0.0","0.0","0.0","9.3","15.1","3.5"
"20241201","제주특별자치도","북제주군","13.5","16.7","10.1","7.3","10.8","13.4","8.3","0.6","2.2","1.5","3.5","0.1","4.6","7.55","2.46","0.0","58.4","69.8","66.8","3.3","9.0","0.0","0.0","0.0","0.0","11.8","23.5","8.4"
"20241201","제주특별자치도","서귀포시","12.3","18.2","7.9","6.3","12.0","15.9","8.6","0.0","0.1","1.6","3.1","0.1","5.5","6.13","0.0","0.0","59.6","65.0","63.4","3.6","8.9","4.8","0.0","0.0","0.0","7.3","6.5","2.3"
"20241130","제주특별자치도","제주시","12.1","15.3","9.0","6.6","10.8","13.8","7.9","0.0","0.0","1.8","8.2","0.0","3.8","12.03","0.82","0.0","50.8","63.6","64.8","2.1","9.4","5.7","0.0","0.0","0.0","12.2","15.8","3.4"
"20241130","제주특별자치도","북제주군","11.8","13.2","9.4","6.8","11.1","13.7","8.5","0.0","0.6","1.4","6.6","0.1","4.7","11.89","3.93","0.0","59.5","71.3","66.9","3.0","9.5","0.0","0.0","0.0","0.0","21.4","23.5","8.2"
"20241130","제주특별자치도","서귀포시","12.0","16.4","8.5","7.5","12.2","16.2","8.9","0.0","0.0","1.9","9.2","3.4","5.5","12.6","0.0","0.0","48.9","58.5","64.0","1.0","7.0","4.8","0.0","0.0","0.0","9.7","7.0","2.3"
"20241129","제주특별자치도","제주시","10.4","12.5","8.4","11.2","10.9","13.8","8.0","0.0","0.0","2.2","0.2","2.6","3.8","2.5","6.82","0.0","49.1","58.9","64.6","9.0","7.9","5.8","0.0","0.0","0.0","18.5","11.5","3.4"
"20241129","제주특별자치도","북제주군","10.1","12.4","6.7","11.1","11.1","13.7","8.6","1.6","0.0","1.6","0.0","4.1","4.6","2.49","8.83","0.0","61.1","63.3","66.9","8.5","8.0","0.0","0.0","0.0","0.0","30.1","17.2","8.4"
"20241129","제주특별자치도","서귀포시","9.4","12.0","6.2","12.1","12.3","16.3","9.0","1.0","0.0","2.0","1.3","5.4","5.5","3.96","0.0","0.0","55.9","60.8","64.0","7.8","7.0","4.8","0.0","0.0","0.0","11.6","4.5","2.3"
"20241128","제주특별자치도","제주시","9.7","10.8","7.3","10.7","11.1","14.1","8.3","5.6","0.0","2.6","1.6","2.0","3.4","3.68","4.8","0.0","60.5","55.5","65.5","7.6","5.9","6.0","0.0","0.0","0.0","20.7","12.1","3.5"
"20241128","제주특별자치도","북제주군","10.0","13.2","7.1","10.9","11.4","14.0","8.7","5.5","0.1","1.7","2.6","3.7","4.3","6.62","8.57","0.0","61.0","62.9","67.5","7.1","4.0","0.0","0.0","0.0","0.0","35.3","19.0","8.4"
"20241128","제주특별자치도","서귀포시","8.5","13.2","6.0","10.8","12.5","16.3","9.1","8.0","0.0","2.3","4.5","9.1","5.2","8.27","0.0","0.0","67.1","56.3","64.8","6.8","2.6","5.1","0.0","0.0","0.0","12.7","7.7","2.3"
"20241127","제주특별자치도","제주시","9.3","11.1","7.3","-99.0","11.3","14.2","8.4","2.8","0.0","3.1","0.6","0.0","3.4","2.99","0.0","0.0","58.1","0.0","65.6","9.1","0.0","6.1","0.0","0.0","0.0","20.5","12.9","3.5"
"20241127","제주특별자치도","북제주군","8.8","10.9","5.9","14.3","11.5","14.3","8.8","5.8","1.2","2.4","0.5","2.9","4.5","4.23","7.86","0.0","66.5","70.1","67.6","8.8","7.3","0.0","0.0","0.0","0.0","31.8","17.8","8.4"
"20241127","제주특별자치도","서귀포시","8.4","11.2","5.4","13.9","12.6","16.4","9.2","3.8","0.6","3.0","3.2","5.8","5.2","7.54","0.0","0.0","65.6","68.8","64.5","9.5","5.0","5.1","0.0","0.0","0.0","13.3","8.6","2.4"
"20241126","제주특별자치도","제주시","12.4","17.9","9.9","8.9","11.5","14.5","8.6","5.5","0.0","3.3","0.5","6.1","3.5","3.88","8.52","0.0","60.9","60.4","65.4","8.9","1.5","6.1","0.0","0.0","0.0","18.0","5.2","3.6"
"20241126","제주특별자치도","북제주군","11.8","17.3","9.6","9.5","11.7","14.7","8.9","7.0","0.0","2.7","1.0","9.5","4.6","5.69","12.68","0.0","71.5","65.5","67.5","9.0","3.4","0.0","0.0","0.0","0.0","27.6","8.1","8.2"
"20241126","제주특별자치도","서귀포시","12.5","17.9","9.1","10.9","12.7","16.6","9.3","7.4","0.0","3.4","4.4","9.3","5.4","9.39","0.0","0.0","62.0","67.9","64.5","7.8","2.1","5.0","0.0","0.0","0.0","15.2","5.1","2.4"
"20241125","제주특별자치도","제주시","15.7","17.9","13.0","6.3","11.7","14.7","8.7","2.3","0.0","3.3","2.9","5.0","3.6","6.94","9.03","0.0","65.8","53.0","65.3","7.9","5.5","5.9","0.0","0.0","0.0","12.9","11.9","3.6"
"20241125","제주특별자치도","북제주군","15.1","17.7","12.4","6.1","11.9","14.9","9.0","10.7","0.0","2.5","2.3","2.3","4.6","7.46","9.39","0.0","77.3","63.1","67.2","7.1","8.1","0.0","0.0","0.0","0.0","21.1","17.7","7.9"
"20241125","제주특별자치도","서귀포시","16.5","18.5","14.6","8.1","12.9","16.6","9.4","19.2","0.0","3.0","1.6","4.7","5.4","6.74","0.0","0.0","69.4","66.0","64.3","8.6","6.4","4.9","0.0","0.0","0.0","14.4","7.5","2.4"
"20241124","제주특별자치도","제주시","11.8","14.8","8.9","8.6","11.8","15.0","8.8","7.5","0.0","2.7","0.4","0.1","3.8","2.99","3.09","0.0","76.0","53.4","65.4","6.3","8.3","5.9","0.0","0.0","0.0","10.4","17.1","3.5"
"20241124","제주특별자치도","북제주군","12.3","15.2","9.3","8.6","12.1","15.3","9.1","0.0","0.0","2.2","8.0","0.3","4.8","14.6","4.75","0.0","74.0","60.0","67.2","4.6","8.1","0.0","0.0","0.0","0.0","10.3","24.3","7.4"
"20241124","제주특별자치도","서귀포시","14.3","18.4","9.5","9.1","13.0","16.8","9.5","0.0","0.0","2.7","6.6","8.5","5.6","11.55","0.0","0.0","67.6","54.5","64.3","6.3","0.5","4.8","0.0","0.0","0.0","7.5","9.5","2.4"
"20241123","제주특별자치도","제주시","11.3","12.6","9.9","17.3","11.8","15.0","8.7","0.0","0.0","2.2","0.0","5.9","4.1","3.41","9.09","0.0","55.4","69.5","64.6","9.3","5.5","5.7","0.0","0.0","0.0","9.0","15.1","3.4"
"20241123","제주특별자치도","북제주군","11.3","12.6","10.3","17.0","12.1","15.2","9.2","0.0","0.0","2.1","8.4","6.4","5.0","14.32","10.59","0.0","60.8","73.1","66.4","3.3","3.6","0.0","0.0","0.0","0.0","15.8","25.6","7.2"
"20241123","제주특별자치도","서귀포시","12.6","16.5","9.3","17.6","13.0","16.9","9.5","0.0","0.0","2.6","4.8","8.0","5.8","7.66","0.0","0.0","62.0","67.1","63.7","4.4","2.5","4.6","0.0","0.0","0.0","6.9","10.4","2.3"
"20241122","제주특별자치도","제주시","13.4","16.4","11.0","14.7","11.8","15.0","8.6","0.0","0.0","1.5","3.1","8.8","4.1","8.21","12.36","0.0","52.6","66.8","64.1","4.1","2.0","5.6","0.0","0.0","0.0","11.0","4.6","3.4"
"20241122","제주특별자치도","북제주군","13.0","15.1","11.0","17.1","12.1","15.1","9.2","0.0","0.0","1.3","4.4","6.2","4.9","11.17","11.9","0.0","58.8","69.4","66.0","4.1","4.4","0.0","0.0","0.0","0.0","19.6","11.5","7.3"
"20241122","제주특별자치도","서귀포시","13.4","19.0","9.7","16.6","13.0","16.9","9.6","0.0","0.0","1.8","9.2","8.2","5.8","13.29","0.0","0.0","61.8","69.5","63.8","1.4","4.8","4.5","0.0","0.0","0.0","7.5","5.7","2.2"
"20241121","제주특별자치도","제주시","14.6","18.2","12.1","12.5","11.8","14.9","8.8","0.0","0.0","1.5","6.8","5.5","4.0","11.77","10.9","0.0","53.5","67.4","64.4","4.5","2.5","5.8","0.0","0.0","0.0","9.5","5.2","3.4"
"20241121","제주특별자치도","북제주군","13.8","15.9","11.8","13.9","12.0","14.9","9.3","0.0","0.0","1.3","7.3","7.3","4.8","13.79","12.91","0.0","61.1","68.9","66.2","4.0","1.8","0.0","0.0","0.0","0.0","16.3","5.4","7.4"
"20241121","제주특별자치도","서귀포시","14.1","19.5","10.8","14.0","13.0","16.9","9.6","0.0","0.0","1.8","7.1","9.1","5.6","11.17","0.0","0.0","58.8","67.5","64.1","2.9","2.4","4.7","0.0","0.0","0.0","7.4","5.0","2.2"
"20241120","제주특별자치도","제주시","12.7","14.1","11.6","12.3","11.9","15.0","9.1","0.9","0.0","2.3","0.0","9.0","3.6","2.71","14.09","0.0","64.1","56.0","64.4","8.9","1.1","6.1","0.0","0.0","0.0","8.4","9.5","3.5"
"20241120","제주특별자치도","북제주군","12.4","13.4","11.2","12.1","12.1","14.9","9.4","0.8","0.0","1.7","0.0","10.0","4.4","4.29","14.83","0.0","71.1","63.8","66.9","7.9","1.0","0.0","0.0","0.0","0.0","14.4","14.7","7.8"
"20241120","제주특별자치도","서귀포시","13.9","15.6","11.7","13.7","13.1","16.9","9.8","1.2","0.0","2.9","0.0","9.4","5.4","2.49","0.0","0.0","78.8","62.8","64.2","8.5","0.3","4.8","0.0","0.0","0.0","4.0","5.2","2.3"
"20241119","제주특별자치도","제주시","12.8","16.0","7.5","13.6","12.2","15.3","9.4","2.6","0.0","2.6","1.1","6.1","3.4","5.65","11.66","0.0","68.6","56.8","64.1","9.0","4.9","6.1","0.0","0.0","0.0","9.3","11.6","3.7"
"20241119","제주특별자치도","북제주군","13.0","16.1","8.5","13.9","12.3","15.1","9.7","0.2","0.0","2.0","3.7","6.6","4.3","11.05","11.8","0.0","71.9","60.3","66.9","6.9","3.8","0.0","0.0","0.0","0.0","13.5","16.5","8.1"
"20241119","제주특별자치도","서귀포시","14.3","18.0","9.1","12.5","13.3","17.1","10.0","0.0","0.0","3.3","4.4","9.5","5.3","10.63","0.0","0.0","63.4","60.4","64.0","6.6","0.9","4.9","0.0","0.0","0.0","10.6","8.9","2.4"
"20241118","제주특별자치도","제주시","9.9","12.4","7.7","8.8","12.4","15.4","9.7","0.0","1.8","2.6","8.9","0.0","3.5","13.83","2.5","0.0","45.1","60.1","64.1","3.5","8.4","6.1","0.0","0.0","0.0","17.3","22.9","3.6"
"20241118","제주특별자치도","북제주군","9.6","11.9","8.2","8.8","12.6","15.3","10.0","0.0","0.6","2.1","9.8","0.3","4.3","16.81","3.61","0.0","52.4","66.1","67.4","2.5","8.4","0.0","0.0","0.0","0.0","24.5","34.5","8.1"
"20241118","제주특별자치도","서귀포시","13.1","17.3","9.8","8.0","13.6","17.3","10.4","0.0","5.4","3.3","9.5","6.8","5.2","14.18","0.0","0.0","50.8","61.8","64.8","1.4","4.1","5.0","0.0","0.0","0.0","7.9","10.9","2.4"
"20241117","제주특별자치도","제주시","15.8","19.3","11.9","10.0","12.7","15.6","10.0","0.0","12.6","2.3","6.5","1.0","3.7","12.01","3.74","0.0","55.5","64.0","63.8","6.0","9.0","5.9","0.0","0.0","0.0","12.8","21.8","3.6"
"20241117","제주특별자치도","북제주군","14.8","18.8","11.7","10.3","12.8","15.6","10.2","0.0","4.5","1.9","6.8","2.3","4.5","14.15","6.69","0.0","62.6","67.1","67.1","5.6","7.0","0.0","0.0","0.0","0.0","21.3","37.1","8.0"
"20241117","제주특별자치도","서귀포시","18.6","22.7","15.0","8.8","13.9","17.6","10.7","0.0","9.0","3.2","5.0","5.0","5.3","10.77","0.0","0.0","67.6","71.4","64.5","5.4","8.1","5.0","0.0","0.0","0.0","6.9","14.0","2.4"
"20241116","제주특별자치도","제주시","20.4","23.6","18.9","12.0","13.0","15.9","10.3","0.0","27.3","2.1","6.2","0.1","3.8","10.57","1.42","0.0","79.6","66.3","63.7","7.5","9.1","5.8","0.0","0.0","0.0","9.5","17.5","3.5"
"20241116","제주특별자치도","북제주군","20.0","23.1","18.1","12.3","13.1","15.9","10.6","13.2","6.0","1.5","6.1","0.1","4.6","12.18","2.18","0.0","87.5","75.3","66.9","6.6","8.4","0.0","0.0","0.0","0.0","12.1","26.3","8.0"
"20241116","제주특별자치도","서귀포시","20.5","23.8","18.4","12.8","14.2","18.0","11.0","10.4","6.7","2.6","3.3","0.5","5.4","7.87","0.0","0.0","83.6","64.3","64.3","6.9","9.0","4.9","0.0","0.0","0.0","6.9","11.8","2.4"
"20241115","제주특별자치도","제주시","18.2","20.2","16.8","12.9","13.3","16.3","10.5","16.1","0.0","1.9","0.0","7.6","4.1","3.5","12.55","0.0","84.9","54.0","63.9","10.0","4.4","5.6","0.0","0.0","0.0","7.9","8.0","3.3"
"20241115","제주특별자치도","북제주군","18.8","21.6","17.0","12.5","13.5","16.4","10.9","18.5","0.0","1.4","0.7","9.1","4.9","4.94","14.2","0.0","92.0","58.5","66.8","9.1","4.9","0.0","0.0","0.0","0.0","10.7","10.3","7.4"
"20241115","제주특별자치도","서귀포시","18.9","20.6","17.7","13.1","14.7","18.4","11.4","12.7","0.0","2.4","0.0","9.1","5.4","3.22","0.0","0.0","90.3","55.9","64.2","10.0","4.1","4.9","0.0","0.0","0.0","7.3","8.8","2.3"
"20241114","제주특별자치도","제주시","18.7","23.5","15.6","11.6","13.5","16.5","10.7","0.0","0.0","1.6","6.4","0.0","4.3","12.09","1.33","0.0","66.4","55.0","63.6","5.9","9.3","5.4","0.0","0.0","0.0","10.5","8.6","3.2"
"20241114","제주특별자치도","북제주군","18.0","22.6","14.3","11.7","13.7","16.6","11.1","0.0","0.0","1.1","4.6","2.4","5.2","12.14","7.7","0.0","73.4","56.8","66.7","6.8","9.3","0.0","0.0","0.0","0.0","8.2","15.4","7.3"
"20241114","제주특별자치도","서귀포시","19.4","23.3","16.6","12.0","14.9","18.6","11.6","0.0","0.0","2.0","5.0","4.8","5.7","11.09","0.0","0.0","66.9","56.1","64.1","7.0","6.3","4.5","0.0","0.0","0.0","8.0","4.5","2.4"
"20241113","제주특별자치도","제주시","17.5","22.9","12.9","9.5","13.9","16.8","11.1","0.0","1.7","2.0","8.1","1.9","4.2","12.59","5.96","0.0","67.3","59.1","64.3","0.9","8.0","5.5","0.0","0.0","0.0","12.0","18.0","3.4"
"20241113","제주특별자치도","북제주군","17.4","22.4","14.2","9.4","14.1","16.9","11.5","0.0","0.9","1.2","7.4","1.6","5.3","13.2","6.84","0.0","71.9","62.0","67.3","1.6","8.8","0.0","0.0","0.0","0.0","9.8","26.1","7.6"
"20241113","제주특별자치도","서귀포시","18.7","23.8","14.3","10.0","15.2","18.9","11.9","0.0","0.0","2.4","9.2","8.2","5.9","14.7","0.0","0.0","65.0","58.3","63.9","1.8","5.1","4.5","0.0","0.0","0.0","8.3","7.4","2.5"
"20241112","제주특별자치도","제주시","17.5","20.9","14.2","10.2","14.3","17.2","11.5","0.0","0.0","3.2","6.2","0.2","4.1","11.34","3.64","0.0","69.5","59.3","65.5","3.8","9.1","5.6","0.0","0.0","0.0","7.4","14.0","3.4"
"20241112","제주특별자치도","북제주군","17.0","18.4","15.4","10.0","14.5","17.3","11.9","0.0","0.3","2.4","8.5","1.1","5.1","14.96","5.64","0.0","73.1","66.4","68.5","1.3","9.1","0.0","0.0","0.0","0.0","12.5","23.8","7.5"
"20241112","제주특별자치도","서귀포시","18.1","23.4","14.2","11.1","15.4","19.1","12.2","0.0","0.0","3.6","9.6","6.9","5.6","14.29","0.0","0.0","69.6","55.4","65.2","0.3","7.1","4.6","0.0","0.0","0.0","4.9","7.8","2.6"
"20241111","제주특별자치도","제주시","17.3","21.1","14.2","11.0","14.5","17.4","11.6","0.0","0.0","3.5","9.3","5.5","4.1","13.83","11.45","0.0","69.1","51.9","65.4","1.8","6.8","5.6","0.0","0.0","0.0","7.3","11.4","3.5"
"20241111","제주특별자치도","북제주군","17.2","18.8","15.8","10.2","14.7","17.5","12.0","0.0","0.0","2.4","9.9","5.2","5.2","16.2","12.45","0.0","70.3","61.0","68.8","1.0","7.8","0.0","0.0","0.0","0.0","11.9","19.3","7.5"
"20241111","제주특별자치도","서귀포시","18.3","23.7","15.1","14.2","15.6","19.3","12.4","0.0","0.0","3.7","9.6","8.5","5.6","14.81","0.0","0.0","74.3","61.6","65.1","1.3","6.0","4.8","0.0","0.0","0.0","6.9","6.9","2.7"
"20241110","제주특별자치도","제주시","18.2","19.8","17.1","12.9","14.6","17.5","11.9","17.4","4.0","3.1","0.0","1.6","4.0","1.73","7.35","0.0","83.5","59.6","65.7","9.9","7.9","5.7","0.0","0.0","0.0","6.8","12.8","3.6"
"20241110","제주특별자치도","북제주군","17.8","19.7","16.1","12.3","14.8","17.6","12.1","9.2","3.4","2.7","0.0","3.5","5.1","2.94","9.71","0.0","87.5","67.9","69.5","9.3","8.3","0.0","0.0","0.0","0.0","10.2","23.6","7.8"
"20241110","제주특별자치도","서귀포시","18.4","20.0","17.5","17.9","15.8","19.5","12.5","6.0","4.2","3.6","0.0","3.5","5.6","3.24","0.0","0.0","85.8","75.1","65.7","9.0","8.0","4.9","0.0","0.0","0.0","10.0","7.0","2.7"
"20241109","제주특별자치도","제주시","18.1","20.3","15.7","18.5","15.0","18.0","12.2","0.0","2.8","3.4","1.7","1.7","4.1","7.79","5.86","0.0","68.3","66.3","66.9","8.1","7.6","5.8","0.0","0.0","0.0","9.0","4.5","3.5"
"20241109","제주특별자치도","북제주군","17.8","20.6","14.2","18.2","15.2","18.1","12.6","0.0","2.3","3.3","1.8","0.5","5.1","8.67","6.11","0.0","73.6","77.4","70.7","8.5","8.1","0.0","0.0","0.0","0.0","10.3","10.1","7.5"
"20241109","제주특별자치도","서귀포시","18.9","20.8","16.8","19.3","16.2","19.9","13.0","0.0","1.8","4.2","2.6","1.9","5.5","8.68","0.0","0.0","66.1","70.5","66.5","7.4","8.9","5.0","0.0","0.0","0.0","9.4","4.9","2.7"
"20241108","제주특별자치도","제주시","-99.0","21.6","13.9","15.6","15.4","18.5","12.5","0.1","0.0","3.0","0.0","8.6","4.4","0.0","15.19","0.0","0.0","65.3","67.0","0.0","4.3","5.5","0.0","0.0","0.0","8.7","6.7","3.4"
"20241108","제주특별자치도","북제주군","17.1","21.5","14.3","14.8","15.6","18.6","12.9","0.0","0.0","3.0","4.4","6.8","5.3","11.82","12.66","0.0","67.0","74.4","71.0","7.4","4.4","0.0","0.0","0.0","0.0","9.7","9.4","7.1"
"20241108","제주특별자치도","서귀포시","18.2","21.6","16.0","16.4","16.6","20.4","13.4","0.0","0.0","3.7","7.5","7.4","5.6","12.28","0.0","0.0","61.5","71.9","66.6","5.8","6.9","4.9","0.0","0.0","0.0","9.3","3.8","2.7"
"20241107","제주특별자치도","제주시","13.8","18.2","8.9","14.9","15.6","18.8","12.5","0.0","0.0","2.5","7.4","2.1","4.5","13.23","8.39","0.0","62.1","55.5","67.2","2.3","6.9","5.4","0.0","0.0","0.0","8.5","14.2","3.1"
"20241107","제주특별자치도","북제주군","13.8","16.7","10.0","14.2","15.8","18.9","13.1","0.0","0.0","2.3","7.8","5.3","5.3","15.44","12.41","0.0","64.3","62.4","71.3","2.8","6.1","0.0","0.0","0.0","0.0","10.3","22.2","6.6"
"20241107","제주특별자치도","서귀포시","15.8","21.5","10.6","15.0","16.9","20.7","13.6","0.0","0.0","3.6","8.8","9.5","5.6","14.98","0.0","0.0","60.9","57.8","66.9","2.0","1.6","4.9","0.0","0.0","0.0","8.0","8.1","2.5"
"20241106","제주특별자치도","제주시","14.2","17.0","12.2","19.0","15.7","19.0","12.5","0.0","18.3","2.1","5.5","0.0","5.0","11.66","2.85","0.0","52.8","63.5","66.9","3.5","8.8","5.1","0.0","0.0","0.0","14.5","18.0","2.9"
"20241106","제주특별자치도","북제주군","14.0","15.6","11.8","17.9","15.9","19.0","13.2","0.0","22.5","2.9","4.8","0.5","5.6","12.17","4.31","0.0","57.3","74.6","70.9","4.1","9.0","0.0","0.0","0.0","0.0","21.0","24.0","6.2"
"20241106","제주특별자치도","서귀포시","14.6","19.4","11.5","18.7","16.9","20.7","13.6","0.0","12.3","3.9","9.7","0.7","5.7","15.87","0.0","0.0","54.1","69.0","66.7","1.4","8.4","4.7","0.0","0.0","0.0","8.8","17.5","2.4"
"20241105","제주특별자치도","제주시","15.1","17.7","14.0","23.6","15.8","19.1","12.5","0.0","0.6","1.7","3.3","0.3","5.2","8.43","4.04","0.0","54.5","66.3","65.9","6.8","9.0","4.8","0.0","0.0","0.0","11.8","15.0","2.8"
"20241105","제주특별자치도","북제주군","14.7","16.0","13.9","22.6","16.0","19.0","13.3","0.0","2.2","2.3","5.3","2.4","5.9","13.27","8.12","0.0","61.3","87.1","69.9","4.8","8.6","0.0","0.0","0.0","0.0","22.6","19.8","6.0"
"20241105","제주특별자치도","서귀포시","16.8","21.8","12.9","23.1","16.9","20.8","13.5","0.0","5.2","3.4","6.7","0.6","6.0","14.07","0.0","0.0","66.1","85.8","65.7","3.4","10.0","4.4","0.0","0.0","0.0","6.1","9.3","2.4"
"20241104","제주특별자치도","제주시","18.3","23.6","14.8","22.3","15.5","18.8","12.3","0.0","0.0","1.4","5.5","5.9","5.2","9.43","12.65","0.0","63.4","74.0","64.8","2.8","8.0","4.8","0.0","0.0","0.0","13.3","8.8","2.9"
"20241104","제주특별자치도","북제주군","18.6","22.6","15.9","22.2","15.8","18.8","13.1","0.7","0.0","1.8","5.9","8.0","6.0","10.86","13.6","0.0","70.6","84.8","68.7","2.4","8.0","0.0","0.0","0.0","0.0","16.6","9.2","6.3"
"20241104","제주특별자치도","서귀포시","18.4","24.8","15.0","22.8","16.6","20.5","13.2","0.0","0.0","2.8","7.1","7.0","6.1","11.77","0.0","0.0","69.4","81.0","65.0","2.0","6.9","4.5","0.0","0.0","0.0","7.6","5.0","2.3"
"20241103","제주특별자치도","제주시","18.9","22.9","16.1","21.2","15.3","18.6","12.1","0.0","0.0","1.6","8.0","8.5","5.2","13.7","13.76","0.0","70.8","60.0","64.3","1.3","1.1","4.9","0.0","0.0","0.0","9.2","6.4","3.0"
"20241103","제주특별자치도","북제주군","19.1","23.5","15.9","21.9","15.5","18.4","12.8","0.0","0.0","1.9","7.8","9.5","6.0","16.11","15.6","0.0","70.9","82.4","67.9","0.5","1.5","0.0","0.0","0.0","0.0","9.0","11.2","6.6"
"20241103","제주특별자치도","서귀포시","19.3","23.6","15.1","22.7","16.4","20.3","12.9","0.0","0.0","2.8","9.3","8.8","6.2","14.77","0.0","0.0","68.9","76.3","64.2","1.3","2.3","4.5","0.0","0.0","0.0","8.3","5.7","2.2"
"20241102","제주특별자치도","제주시","19.3","20.9","17.8","19.8","15.2","18.5","12.1","36.5","0.0","1.7","0.9","10.0","5.2","3.63","15.35","0.0","81.8","58.1","63.6","7.3","0.5","4.9","0.0","0.0","0.0","13.8","5.7","3.2"
"20241102","제주특별자치도","북제주군","19.0","20.3","17.7","21.0","15.3","18.3","12.7","17.7","0.0","2.0","3.6","9.7","6.1","10.75","16.2","0.0","84.4","78.9","67.3","6.9","0.1","0.0","0.0","0.0","0.0","19.9","12.0","6.9"
"20241102","제주특별자치도","서귀포시","20.7","24.8","18.7","21.4","16.3","20.2","12.8","25.2","0.0","2.4","2.3","9.6","6.4","8.43","0.0","0.0","77.6","73.4","63.3","6.3","1.0","4.4","0.0","0.0","0.0","17.6","5.5","2.3"
"20241101","제주특별자치도","제주시","18.5","19.8","16.3","20.0","15.3","18.5","12.4","238.4","0.0","1.6","0.0","10.1","5.1","0.02","15.56","0.0","87.3","44.4","63.3","10.0","0.0","5.1","0.0","0.0","0.0","13.5","9.1","3.3"
"20241101","제주특별자치도","북제주군","17.9","19.2","16.1","20.7","15.4","18.2","12.9","138.4","0.0","1.3","0.0","8.6","6.2","0.74","15.36","0.0","94.3","77.0","67.1","10.0","0.1","0.0","0.0","0.0","0.0","20.0","10.6","7.2"
"20241101","제주특별자치도","서귀포시","19.1","20.1","18.3","20.6","16.4","20.4","13.0","126.0","0.0","1.8","0.0","9.2","6.6","0.63","0.0","0.0","89.0","73.5","62.7","10.0","1.0","4.4","0.0","0.0","0.0","16.0","7.9","2.3"
"20241031","제주특별자치도","제주시","20.3","23.2","18.1","17.7","15.5","18.6","12.7","0.6","0.0","1.7","1.1","10.1","5.1","7.43","15.81","0.0","67.6","54.9","63.3","9.6","0.0","5.2","0.0","0.0","0.0","10.9","4.9","3.3"
"20241031","제주특별자치도","북제주군","19.9","22.3","16.0","18.3","15.5","18.4","13.1","1.6","0.0","1.1","0.6","10.0","6.1","7.23","16.77","0.0","70.9","71.9","67.3","9.8","0.0","0.0","0.0","0.0","0.0","12.5","6.7","7.3"
"20241031","제주특별자치도","서귀포시","20.6","23.3","18.6","18.7","16.7","20.6","13.3","1.9","0.0","1.5","0.9","9.6","6.5","7.12","0.0","0.0","69.6","52.4","63.0","9.5","0.0","4.4","0.0","0.0","0.0","10.8","6.6","2.3"
"20241030","제주특별자치도","제주시","19.7","23.1","17.6","18.2","15.9","18.9","13.0","0.0","0.0","2.0","7.8","10.1","5.1","12.29","15.82","0.0","63.3","63.1","64.0","7.4","0.1","5.3","0.0","0.0","0.0","8.3","6.8","3.3"
"20241030","제주특별자치도","북제주군","18.6","21.2","16.0","18.7","15.8","18.6","13.4","0.0","0.0","1.3","7.1","9.9","6.0","13.69","16.75","0.0","65.9","68.1","68.1","6.5","0.5","0.0","0.0","0.0","0.0","13.3","5.3","7.3"
"20241030","제주특별자치도","서귀포시","19.6","23.7","16.6","18.9","17.1","20.9","13.7","0.0","0.0","1.9","6.1","9.5","6.5","12.86","0.0","0.0","63.6","63.9","63.4","7.4","1.5","4.5","0.0","0.0","0.0","10.1","4.4","2.4"
"20241029","제주특별자치도","제주시","19.3","22.7","15.9","17.9","16.1","19.2","13.3","3.9","0.0","2.2","4.6","9.2","5.2","12.01","15.89","0.0","74.3","62.1","64.2","8.8","1.6","5.2","0.0","0.0","0.0","12.0","6.5","3.2"
"20241029","제주특별자치도","북제주군","19.5","24.0","16.4","18.2","16.1","18.9","13.6","0.0","0.0","1.4","6.3","9.9","6.3","14.61","16.37","0.0","75.3","69.3","68.0","7.8","0.9","0.0","0.0","0.0","0.0","11.9","5.9","7.1"
"20241029","제주특별자치도","서귀포시","19.9","24.0","16.8","18.3","17.3","21.1","14.0","1.2","0.0","2.2","7.0","9.1","6.7","14.92","0.0","0.0","75.3","61.0","63.7","7.4","1.8","4.3","0.0","0.0","0.0","11.0","4.2","2.5"
"20241028","제주특별자치도","제주시","17.8","19.0","15.6","17.2","16.3","19.3","13.5","0.0","0.0","1.5","0.0","9.0","5.2","3.04","15.81","0.0","67.8","62.1","64.1","9.1","3.1","5.2","0.0","0.0","0.0","9.1","5.7","3.2"
"20241028","제주특별자치도","북제주군","17.8","18.7","16.6","16.7","16.2","19.0","13.8","0.0","0.0","1.0","1.3","9.9","6.4","6.84","16.7","0.0","69.5","69.6","67.8","8.6","0.3","0.0","0.0","0.0","0.0","15.5","10.6","7.3"
"20241028","제주특별자치도","서귀포시","18.7","22.8","16.5","18.2","17.5","21.4","14.2","0.0","0.0","1.8","1.9","9.7","6.8","8.97","0.0","0.0","74.1","53.1","63.8","7.8","0.9","4.3","0.0","0.0","0.0","5.3","4.9","2.4"
"20241027","제주특별자치도","제주시","19.3","21.4","18.0","18.3","16.6","19.7","13.7","15.9","0.0","1.8","0.0","8.9","5.3","1.79","15.87","0.0","81.1","58.3","64.8","10.0","3.6","5.1","0.0","0.0","0.0","9.0","10.8","3.2"
"20241027","제주특별자치도","북제주군","18.8","21.0","17.4","17.1","16.5","19.4","14.0","13.4","0.0","1.4","0.0","9.7","6.4","3.02","17.54","0.0","88.4","63.5","68.4","9.8","1.5","0.0","0.0","0.0","0.0","16.0","20.5","7.2"
"20241027","제주특별자치도","서귀포시","19.5","21.4","17.7","19.1","17.8","21.7","14.4","16.2","0.0","2.8","0.0","9.8","6.8","2.41","0.0","0.0","90.0","49.4","64.6","10.0","0.0","4.2","0.0","0.0","0.0","7.1","8.7","2.4"
"20241026","제주특별자치도","제주시","21.5","23.0","20.9","20.4","16.8","19.9","13.9","0.0","0.0","2.2","0.2","9.3","5.4","2.73","14.91","0.0","76.5","66.3","65.9","9.6","1.5","5.0","0.0","0.0","0.0","10.4","9.5","3.2"
"20241026","제주특별자치도","북제주군","21.5","25.0","19.4","20.6","16.8","19.8","14.2","0.0","0.0","1.8","1.3","8.6","6.6","8.39","15.54","0.0","81.0","75.3","68.9","8.6","1.4","0.0","0.0","0.0","0.0","6.7","11.1","7.0"
"20241026","제주특별자치도","서귀포시","21.7","23.2","20.8","20.0","18.0","21.9","14.7","0.5","0.0","3.2","0.0","9.4","7.0","5.39","0.0","0.0","82.4","64.6","65.1","10.0","1.3","4.1","0.0","0.0","0.0","9.0","9.2","2.5"
"20241025","제주특별자치도","제주시","21.5","25.0","16.4","19.8","17.0","20.1","14.2","0.0","0.0","2.1","6.4","10.1","5.4","14.12","16.42","0.0","69.9","61.9","66.1","5.4","1.4","4.9","0.0","0.0","0.0","15.0","5.5","3.2"
"20241025","제주특별자치도","북제주군","20.5","25.8","13.5","20.2","17.0","20.0","14.4","0.0","0.0","1.7","9.7","9.9","6.7","18.6","16.99","0.0","65.9","67.8","68.8","2.6","0.5","0.0","0.0","0.0","0.0","14.6","6.3","6.9"
"20241025","제주특별자치도","서귀포시","21.8","24.8","18.8","19.4","18.1","22.0","14.9","0.0","0.0","3.0","8.8","9.8","7.1","16.7","0.0","0.0","67.9","66.6","64.9","5.1","0.9","4.0","0.0","0.0","0.0","14.2","5.7","2.6"
"20241024","제주특별자치도","제주시","17.3","20.3","14.5","17.7","17.3","20.3","14.7","0.0","0.0","2.1","10.4","7.7","5.1","17.78","14.44","0.0","55.0","60.0","66.6","1.1","2.5","5.2","0.0","0.0","0.0","8.0","5.4","3.3"
"20241024","제주특별자치도","북제주군","16.6","18.2","14.4","18.5","17.3","20.3","14.7","0.0","0.0","1.8","9.9","9.0","6.2","20.08","15.61","0.0","56.6","61.8","69.6","0.0","3.0","0.0","0.0","0.0","0.0","16.2","5.9","6.9"
"20241024","제주특별자치도","서귀포시","18.8","24.2","14.2","18.4","18.5","22.3","15.3","0.0","0.0","3.4","10.1","8.2","6.7","17.91","0.0","0.0","55.4","64.1","65.2","0.0","2.8","4.3","0.0","0.0","0.0","10.1","3.7","2.6"
"20241023","제주특별자치도","제주시","17.7","20.9","14.7","17.2","17.7","20.8","14.9","0.0","0.0","2.9","3.0","10.0","5.3","9.22","16.5","0.0","58.9","59.6","67.3","5.8","1.4","5.2","0.0","0.0","0.0","17.0","5.3","3.2"
"20241023","제주특별자치도","북제주군","17.1","18.9","15.8","17.6","17.7","20.8","15.0","0.0","0.0","2.3","4.2","10.1","6.4","11.85","17.94","0.0","64.3","62.1","70.3","4.5","0.5","0.0","0.0","0.0","0.0","25.0","7.7","6.5"
"20241023","제주특별자치도","서귀포시","18.8","22.5","15.9","17.8","18.7","22.6","15.6","0.0","0.0","4.0","9.0","10.2","6.7","17.68","0.0","0.0","61.0","60.9","65.1","2.4","1.1","4.3","0.0","0.0","0.0","12.9","5.0","2.7"
"20241022","제주특별자치도","제주시","21.7","24.4","19.4","17.4","17.9","21.0","15.2","32.6","0.0","2.6","0.7","7.6","5.2","6.15","15.55","0.0","84.3","56.9","67.3","9.3","3.8","5.2","0.0","0.0","0.0","14.4","6.7","3.2"
"20241022","제주특별자치도","북제주군","21.6","24.7","18.7","17.3","17.9","21.0","15.2","40.9","0.0","2.0","4.3","8.4","6.3","12.45","17.35","0.0","88.8","61.3","70.5","8.8","3.0","0.0","0.0","0.0","0.0","22.2","10.6","6.4"
"20241022","제주특별자치도","서귀포시","24.2","28.3","20.2","17.8","18.9","22.7","15.8","18.7","0.0","3.1","7.0","8.9","6.6","14.91","0.0","0.0","82.8","57.5","64.6","7.0","3.6","4.5","0.0","0.0","0.0","11.7","4.7","2.8"
"20241021","제주특별자치도","제주시","21.1","22.9","19.1","17.4","18.1","21.2","15.3","16.0","0.0","2.2","0.8","9.6","5.2","4.25","18.21","0.0","79.5","50.0","67.0","9.9","3.6","5.3","0.0","0.0","0.0","10.2","12.4","3.1"
"20241021","제주특별자치도","북제주군","20.6","24.0","17.4","16.7","18.0","21.1","15.3","11.2","0.0","1.8","0.4","9.7","6.3","6.03","18.44","0.0","83.1","57.0","70.3","8.8","3.4","0.0","0.0","0.0","0.0","12.3","22.6","6.3"
"20241021","제주특별자치도","서귀포시","21.8","25.3","19.3","16.6","19.0","22.9","15.9","8.1","0.0","2.6","1.0","10.4","6.5","8.27","0.0","0.0","81.6","46.9","63.8","9.6","0.9","4.6","0.0","0.0","0.0","9.7","9.3","2.9"
"20241020","제주특별자치도","제주시","19.0","20.2","17.4","16.8","18.2","21.4","15.4","3.2","8.3","2.2","0.4","3.9","5.4","6.12","11.6","0.0","65.0","55.0","66.5","9.9","7.8","5.1","0.0","0.0","0.0","18.0","15.7","3.1"
"20241020","제주특별자치도","북제주군","18.6","20.6","17.3","16.1","18.2","21.2","15.4","0.0","0.1","1.8","2.1","4.5","6.6","9.79","13.23","0.0","71.0","58.6","69.8","6.5","6.4","0.0","0.0","0.0","0.0","19.5","22.9","6.2"
"20241020","제주특별자치도","서귀포시","18.1","19.3","16.4","17.4","19.1","23.1","15.9","3.3","4.0","3.0","0.0","4.1","6.7","4.08","0.0","0.0","75.8","58.0","63.2","9.9","5.3","4.4","0.0","0.0","0.0","12.4","8.5","2.8"
"20241019","제주특별자치도","제주시","21.7","26.2","18.1","21.4","18.2","21.4","15.2","8.8","0.0","1.7","0.0","8.8","5.9","2.72","16.14","0.0","77.4","62.3","65.6","9.9","5.8","4.7","0.0","0.0","0.0","15.3","7.8","3.0"
"20241019","제주특별자치도","북제주군","20.7","24.2","17.8","21.2","18.2","21.2","15.4","0.0","0.0","1.2","0.8","8.5","7.0","7.04","17.19","0.0","84.8","71.3","68.9","9.0","4.9","0.0","0.0","0.0","0.0","20.8","10.6","6.1"
"20241019","제주특별자치도","서귀포시","23.9","28.0","18.3","21.1","19.1","23.1","15.7","0.7","1.7","2.1","7.3","9.8","7.0","14.73","0.0","0.0","73.1","69.6","62.3","8.6","3.3","4.2","0.0","0.0","0.0","11.6","7.3","2.7"
"20241018","제주특별자치도","제주시","26.5","31.3","22.5","18.3","18.2","21.3","15.2","2.0","0.0","0.9","5.0","10.4","6.0","11.03","17.92","0.0","71.8","69.9","64.5","7.9","1.5","4.7","0.0","0.0","0.0","10.7","5.0","3.0"
"20241018","제주특별자치도","북제주군","24.4","26.5","22.8","19.1","18.1","21.1","15.4","13.9","0.0","0.7","3.6","9.8","7.0","12.24","18.36","0.0","93.5","71.3","67.8","7.4","0.8","0.0","0.0","0.0","0.0","14.5","7.3","6.3"
"20241018","제주특별자치도","서귀포시","25.3","27.7","23.7","19.3","19.1","23.1","15.7","13.1","0.0","1.4","1.3","9.9","7.0","6.72","0.0","0.0","90.6","73.1","62.0","9.8","0.9","4.0","0.0","0.0","0.0","9.6","5.3","2.7"
"20241017","제주특별자치도","제주시","23.1","24.2","21.9","18.3","18.2","21.4","15.3","0.0","0.0","1.2","0.3","10.4","6.1","4.8","18.2","0.0","77.5","58.8","64.2","6.8","1.1","4.6","0.0","0.0","0.0","10.0","7.1","3.1"
"20241017","제주특별자치도","북제주군","22.8","25.2","20.2","17.4","18.2","21.1","15.5","0.0","0.0","0.8","1.9","10.4","7.1","8.13","19.28","0.0","79.3","66.6","67.0","8.1","0.9","0.0","0.0","0.0","0.0","12.2","16.0","6.5"
"20241017","제주특별자치도","서귀포시","23.7","25.7","22.7","18.8","19.2","23.2","15.7","1.2","0.0","1.5","1.4","10.7","7.2","7.43","0.0","0.0","78.9","62.3","61.8","9.5","0.0","3.9","0.0","0.0","0.0","9.2","7.0","2.6"
"20241016","제주특별자치도","제주시","22.9","25.4","21.1","18.9","18.4","21.6","15.5","0.0","0.0","1.5","3.6","6.3","6.2","11.9","14.85","0.0","74.1","57.5","64.1","7.4","3.8","4.6","0.0","0.0","0.0","7.6","10.5","3.0"
"20241016","제주특별자치도","북제주군","22.1","25.0","20.7","18.9","18.3","21.2","15.7","0.0","0.0","1.1","5.7","7.0","7.1","15.98","15.39","0.0","79.9","62.4","67.2","7.6","1.6","0.0","0.0","0.0","0.0","12.9","17.6","6.7"
"20241016","제주특별자치도","서귀포시","23.9","28.1","21.1","19.4","19.5","23.5","16.0","0.0","0.0","1.8","5.4","10.7","7.1","13.85","0.0","0.0","71.8","52.4","61.9","8.0","0.1","3.9","0.0","0.0","0.0","8.2","8.4","2.5"
"20241015","제주특별자치도","제주시","23.3","26.1","21.8","20.1","18.6","21.7","15.7","0.4","0.0","1.7","0.9","6.5","6.1","7.17","15.02","0.0","78.0","57.3","64.5","8.6","4.0","4.7","0.0","0.0","0.0","7.3","10.6","2.9"
"20241015","제주특별자치도","북제주군","22.6","24.8","21.3","19.6","18.5","21.3","15.9","0.0","0.0","1.1","4.2","7.3","7.0","13.55","16.34","0.0","86.5","62.5","67.8","7.6","2.6","0.0","0.0","0.0","0.0","11.0","17.2","6.6"
"20241015","제주특별자치도","서귀포시","25.4","29.6","22.7","19.8","19.7","23.7","16.3","1.2","0.0","1.3","6.0","10.6","7.0","14.81","0.0","0.0","75.6","53.5","62.7","8.3","1.0","4.0","0.0","0.0","0.0","8.5","7.1","2.5"
"20241014","제주특별자치도","제주시","23.7","28.2","21.2","-99.0","18.8","21.9","16.0","0.7","5.2","2.0","0.2","0.0","6.0","5.03","0.0","0.0","68.6","0.0","65.1","9.6","0.0","4.7","0.0","0.0","0.0","7.7","15.7","2.9"
"20241014","제주특별자치도","북제주군","22.7","26.7","20.0","20.1","18.7","21.5","16.2","6.5","0.5","1.3","1.0","9.1","6.9","8.24","16.87","0.0","81.9","64.8","68.4","9.6","3.8","0.0","0.0","0.0","0.0","12.3","17.2","6.7"
"20241014","제주특별자치도","서귀포시","23.7","26.8","20.8","20.7","20.0","23.9","16.6","6.6","0.0","1.6","1.0","10.3","6.9","6.49","0.0","0.0","75.3","53.8","63.4","9.1","4.1","4.0","0.0","0.0","0.0","4.6","6.1","2.5"
"20241013","제주특별자치도","제주시","22.6","26.0","18.8","20.3","19.1","22.2","16.3","0.0","0.0","3.3","7.5","3.0","5.9","16.33","12.23","0.0","57.5","62.3","65.8","6.5","7.9","4.7","0.0","0.0","0.0","10.3","7.5","2.9"
"20241013","제주특별자치도","북제주군","21.2","26.1","16.7","19.5","19.0","21.8","16.5","0.0","0.0","1.5","7.5","2.2","6.9","17.32","12.87","0.0","62.5","66.6","69.0","5.6","8.8","0.0","0.0","0.0","0.0","9.1","9.8","6.6"
"20241013","제주특별자치도","서귀포시","22.7","26.3","19.3","20.8","20.3","24.2","17.1","0.0","0.0","2.3","8.5","3.8","7.0","17.26","0.0","0.0","59.1","57.9","63.9","5.8","8.3","4.0","0.0","0.0","0.0","10.5","5.9","2.5"
"20241012","제주특별자치도","제주시","21.1","25.4","17.2","20.1","19.5","22.5","16.6","0.0","0.0","2.8","0.0","10.4","5.9","0.0","18.37","0.0","65.6","55.6","66.7","4.8","1.8","4.8","0.0","0.0","0.0","8.4","8.7","2.9"
"20241012","제주특별자치도","북제주군","20.9","25.2","18.6","19.6","19.4","22.3","16.9","0.5","0.0","1.3","7.0","9.5","7.0","16.2","17.48","0.0","69.6","54.6","70.3","4.9","2.4","0.0","0.0","0.0","0.0","9.2","12.6","6.2"
"20241012","제주특별자치도","서귀포시","21.6","26.8","17.0","20.6","20.6","24.5","17.5","0.0","0.0","2.1","9.6","10.8","7.0","17.54","0.0","0.0","59.9","52.1","64.9","5.3","1.4","4.1","0.0","0.0","0.0","7.7","8.9","2.6"
"20241011","제주특별자치도","제주시","20.4","24.2","17.0","20.5","19.6","22.6","16.7","0.5","0.0","2.7","7.2","8.2","6.1","13.13","15.58","0.0","71.3","62.4","66.9","2.0","3.3","4.7","0.0","0.0","0.0","6.0","11.0","2.9"
"20241011","제주특별자치도","북제주군","20.3","22.2","18.0","20.5","19.5","22.5","16.9","0.0","0.0","1.1","10.4","9.1","7.3","20.87","18.37","0.0","72.1","63.5","70.4","1.1","4.1","0.0","0.0","0.0","0.0","11.8","10.9","5.8"
"20241011","제주특별자치도","서귀포시","21.6","26.7","17.9","21.2","20.7","24.6","17.5","0.0","0.0","2.0","8.9","9.8","7.3","17.99","0.0","0.0","62.8","60.0","65.3","3.0","3.0","4.0","0.0","0.0","0.0","5.6","9.5","2.7"
"20241010","제주특별자치도","제주시","20.3","23.9","18.1","20.5","19.7","22.8","16.8","4.1","0.0","3.4","2.3","7.6","6.0","10.45","18.12","0.0","70.1","59.8","67.1","9.0","6.1","4.7","0.0","0.0","0.0","7.6","10.6","3.0"
"20241010","제주특별자치도","북제주군","20.1","22.1","18.2","19.5","19.6","22.5","16.9","4.4","0.0","1.3","1.3","7.9","7.1","10.25","18.17","0.0","75.5","65.4","70.4","8.3","6.8","0.0","0.0","0.0","0.0","11.6","18.5","5.9"
"20241010","제주특별자치도","서귀포시","21.6","25.0","19.5","21.2","20.8","24.6","17.7","0.0","0.0","2.6","3.5","8.1","7.1","13.47","0.0","0.0","63.9","50.1","65.4","8.6","7.3","4.0","0.0","0.0","0.0","10.0","7.1","2.8"
"20241009","제주특별자치도","제주시","19.2","20.6","17.5","20.9","19.9","23.0","17.0","22.5","0.0","3.6","0.0","2.6","5.7","2.76","11.92","0.0","78.0","68.5","67.5","8.1","7.8","5.0","0.0","0.0","0.0","8.2","8.2","3.0"
"20241009","제주특별자치도","북제주군","19.4","22.6","17.7","20.0","19.8","22.8","17.1","5.9","0.0","1.3","2.2","5.2","6.8","9.68","14.71","0.0","80.9","73.6","70.6","6.9","8.3","0.0","0.0","0.0","0.0","9.9","14.0","5.7"
"20241009","제주특별자치도","서귀포시","19.4","23.7","17.1","21.7","20.9","24.6","18.0","43.2","0.0","2.6","0.3","5.5","6.6","5.93","0.0","0.0","78.6","66.9","66.0","7.8","7.1","4.5","0.0","0.0","0.0","8.1","6.6","2.8"
"20241008","제주특별자치도","제주시","21.3","24.3","17.7","20.1","19.9","23.0","17.1","0.0","10.8","2.7","5.2","1.2","5.8","12.93","6.5","0.0","63.8","73.5","67.7","6.3","8.9","5.1","0.0","0.0","0.0","7.8","13.4","2.9"
"20241008","제주특별자치도","북제주군","20.5","21.6","18.7","20.7","19.8","22.9","17.1","0.7","0.8","1.2","7.2","2.9","6.8","16.54","11.29","0.0","67.6","71.3","70.5","4.1","7.9","0.0","0.0","0.0","0.0","13.3","14.2","5.6"
"20241008","제주특별자치도","서귀포시","21.7","26.7","18.2","20.6","21.0","24.7","17.9","0.4","0.2","2.2","9.4","4.1","6.5","18.65","0.0","0.0","63.6","69.3","66.0","3.9","8.5","4.7","0.0","0.0","0.0","5.9","10.2","2.8"
"20241007","제주특별자치도","제주시","19.0","21.1","17.6","18.9","19.9","22.9","17.1","8.4","11.4","6.1","0.0","0.0","5.5","5.63","3.66","0.0","67.9","71.3","67.4","10.0","9.9","5.3","0.0","0.0","0.0","10.6","8.9","3.0"
"20241007","제주특별자치도","북제주군","18.5","19.5","16.8","18.2","19.7","22.7","17.1","4.5","1.4","2.1","0.0","0.0","6.6","6.11","4.6","0.0","74.9","72.6","69.9","9.8","10.0","0.0","0.0","0.0","0.0","17.0","11.8","5.9"
"20241007","제주특별자치도","서귀포시","20.2","21.8","18.7","19.8","20.9","24.6","17.9","1.3","0.0","5.3","0.0","0.0","6.3","2.44","0.0","0.0","82.4","64.1","65.9","9.6","10.0","4.9","0.0","0.0","0.0","4.3","9.6","2.8"
"20241006","제주특별자치도","제주시","21.1","24.5","17.4","19.1","20.0","23.0","17.4","10.7","0.0","6.0","0.2","2.2","5.1","6.81","11.81","0.0","70.5","51.4","67.8","9.6","9.0","5.6","0.0","0.0","0.0","10.1","6.9","3.0"
"20241006","제주특별자치도","북제주군","20.1","24.2","16.7","18.0","19.9","22.9","17.4","3.2","0.0","2.1","0.7","1.5","6.3","8.57","11.92","0.0","77.6","57.9","70.2","9.4","9.0","0.0","0.0","0.0","0.0","13.9","13.7","6.1"
"20241006","제주특별자치도","서귀포시","22.5","27.4","18.8","20.4","21.1","24.7","18.1","7.8","0.0","5.3","1.2","3.1","5.9","10.14","0.0","0.0","73.6","57.9","66.4","9.4","8.6","5.2","0.0","0.0","0.0","8.6","4.9","2.8"
"20241005","제주특별자치도","제주시","22.5","24.9","20.0","20.1","20.2","23.2","17.5","0.0","0.0","5.0","5.0","8.8","5.3","13.38","18.78","0.0","63.1","49.4","67.6","7.4","4.6","5.6","0.0","0.0","0.0","9.2","14.4","3.0"
"20241005","제주특별자치도","북제주군","21.1","24.0","16.1","18.6","20.1","23.1","17.6","0.0","0.0","1.9","8.6","8.0","6.5","19.04","18.92","0.0","69.0","57.1","70.6","5.3","5.0","0.0","0.0","0.0","0.0","11.1","19.5","6.1"
"20241005","제주특별자치도","서귀포시","22.9","26.5","19.7","21.3","21.2","25.0","18.2","0.0","0.0","4.8","10.0","7.4","6.2","19.94","0.0","0.0","63.0","46.4","66.3","5.0","4.5","5.2","0.0","0.0","0.0","9.7","8.7","2.7"
"20241004","제주특별자치도","제주시","21.1","24.2","16.9","22.2","20.4","23.5","17.6","0.0","0.0","6.3","6.5","9.7","5.7","14.24","19.06","0.0","61.9","65.6","67.8","5.5","4.8","5.4","0.0","0.0","0.0","9.4","7.0","3.0"
"20241004","제주특별자치도","북제주군","20.5","24.4","17.5","21.1","20.2","23.2","17.8","0.0","0.0","3.3","8.6","10.0","6.8","19.83","20.45","0.0","68.5","65.8","71.3","1.8","4.1","0.0","0.0","0.0","0.0","12.8","15.0","6.3"
"20241004","제주특별자치도","서귀포시","21.6","25.2","17.8","22.5","21.4","25.3","18.3","0.0","0.0","6.3","10.6","10.4","6.6","20.91","0.0","0.0","63.1","58.5","66.8","1.1","3.9","4.9","0.0","0.0","0.0","11.2","5.6","2.6"
"20241003","제주특별자치도","제주시","19.1","20.6","16.9","21.7","20.7","23.8","18.0","0.0","0.3","6.9","0.0","0.0","5.6","3.13","3.92","0.0","62.5","73.4","68.9","8.6","9.9","5.5","0.0","0.0","0.0","11.1","9.3","3.1"
"20241003","제주특별자치도","북제주군","18.9","19.8","17.5","21.1","20.5","23.5","18.1","0.0","0.0","4.1","5.7","0.0","6.7","17.6","4.53","0.0","63.6","70.4","72.8","6.5","9.5","0.0","0.0","0.0","0.0","16.6","10.4","6.4"
"20241003","제주특별자치도","서귀포시","21.1","24.9","18.8","22.5","21.7","25.5","18.7","0.0","0.0","7.7","1.1","0.1","6.6","9.28","0.0","0.0","62.8","66.3","68.3","8.5","9.6","4.9","0.0","0.0","0.0","4.7","7.8","2.6"
"20241002","제주특별자치도","제주시","20.3","22.7","18.8","21.8","20.9","24.0","18.3","0.0","0.0","5.4","4.2","9.0","5.4","13.34","20.19","0.0","51.0","43.3","70.7","8.3","6.8","5.7","0.0","0.0","0.0","13.4","9.4","3.0"
"20241002","제주특별자치도","북제주군","19.6","20.7","17.8","20.1","20.8","23.8","18.4","0.0","0.0","4.7","5.7","7.6","6.3","18.45","19.85","0.0","54.1","48.8","74.5","8.6","6.3","0.0","0.0","0.0","0.0","24.6","13.5","6.3"
"20241002","제주특별자치도","서귀포시","21.5","25.3","19.1","21.8","21.9","25.7","19.0","0.4","0.0","6.3","3.4","9.1","6.3","13.77","0.0","0.0","60.3","44.0","69.7","9.1","6.5","5.1","0.0","0.0","0.0","7.8","6.7","2.6"
"20241001","제주특별자치도","제주시","23.3","28.3","18.4","22.6","21.1","24.1","18.5","4.9","0.0","7.2","4.5","8.6","5.3","10.87","19.99","0.0","70.4","55.8","71.6","7.1","4.1","5.9","0.0","0.0","0.0","14.9","11.0","3.0"
"20241001","제주특별자치도","북제주군","23.3","27.9","18.0","21.2","21.0","24.0","18.6","3.7","0.0","6.1","4.1","8.8","6.0","13.23","19.81","0.0","79.8","61.4","75.4","7.9","3.0","0.0","0.0","0.0","0.0","23.0","14.5","6.0"
"20241001","제주특별자치도","서귀포시","25.8","30.0","23.0","21.9","22.1","25.7","19.2","0.2","0.0","8.6","5.4","9.4","6.0","14.65","0.0","0.0","77.1","63.8","71.1","7.4","2.8","5.5","0.0","0.0","0.0","6.1","7.0","2.7"
"20240930","제주특별자치도","제주시","24.4","26.9","22.2","20.9","21.4","24.3","18.8","0.0","4.7","7.9","0.0","2.0","4.9","17.26","6.45","0.0","75.9","70.5","72.6","2.5","8.1","6.1","0.0","0.0","0.0","12.5","9.7","3.0"
"20240930","제주특별자치도","북제주군","24.8","29.8","21.2","19.9","21.3","24.4","18.8","0.0","10.5","6.4","9.6","1.4","5.7","20.46","4.35","0.0","74.3","81.1","75.8","3.3","6.1","0.0","0.0","0.0","0.0","8.8","15.2","5.8"
"20240930","제주특별자치도","서귀포시","25.8","29.6","23.1","21.4","22.3","25.8","19.6","0.0","4.6","9.2","9.6","0.4","5.7","19.31","0.0","0.0","73.3","78.5","72.2","3.1","7.4","5.7","0.0","0.0","0.0","8.9","5.2","2.9"
"20240929","제주특별자치도","제주시","25.0","28.1","22.8","24.0","21.5","24.3","19.1","0.0","0.0","7.0","0.0","9.5","4.7","13.49","19.35","0.0","66.0","64.8","72.9","4.4","3.4","6.2","0.0","0.0","0.0","13.6","5.8","3.1"
"20240929","제주특별자치도","북제주군","24.8","28.7","21.1","22.6","21.5","24.7","18.9","0.0","0.0","5.6","10.3","11.0","5.7","19.48","20.79","0.0","66.5","74.6","75.5","1.4","3.4","0.0","0.0","0.0","0.0","13.4","9.5","5.5"
"20240929","제주특별자치도","서귀포시","25.2","28.0","23.6","24.3","22.4","25.9","19.7","0.0","0.0","8.0","7.9","10.9","5.7","15.9","0.0","0.0","69.4","74.1","72.0","2.3","1.4","5.7","0.0","0.0","0.0","12.5","5.6","3.0"
"20240928","제주특별자치도","제주시","25.3","27.9","23.1","25.3","21.6","24.4","19.2","1.8","0.2","6.0","0.0","7.0","4.9","13.17","15.61","0.0","73.4","70.8","72.2","4.8","5.3","6.0","0.0","0.0","0.0","11.6","6.5","3.0"
"20240928","제주특별자치도","북제주군","25.0","28.7","22.4","23.7","21.6","24.8","18.9","0.0","0.0","4.6","9.6","8.1","5.8","20.71","17.87","0.0","71.4","77.6","74.4","0.8","5.6","0.0","0.0","0.0","0.0","10.1","11.5","5.2"
"20240928","제주특별자치도","서귀포시","26.0","29.1","23.0","25.5","22.5","26.0","19.9","0.0","0.0","6.5","10.0","8.8","5.7","19.4","0.0","0.0","69.0","74.1","71.3","1.9","4.8","5.7","0.0","0.0","0.0","11.7","5.4","3.1"
"20240927","제주특별자치도","제주시","25.5","28.5","23.1","25.8","21.7","24.6","19.3","0.0","0.0","4.4","0.0","9.1","5.2","16.84","19.14","0.0","65.0","70.5","71.3","5.5","5.0","5.8","0.0","0.0","0.0","8.0","7.8","3.0"
"20240927","제주특별자치도","북제주군","24.1","25.2","22.5","24.0","21.7","25.0","18.9","0.0","0.0","3.4","9.1","9.2","6.2","20.39","19.32","0.0","72.3","81.1","73.3","5.5","6.1","0.0","0.0","0.0","0.0","13.2","9.7","5.0"
"20240927","제주특별자치도","서귀포시","26.0","29.8","23.2","25.5","22.7","26.2","20.0","0.0","0.0","5.4","9.0","10.6","6.1","18.14","0.0","0.0","64.8","76.6","70.2","5.6","4.9","5.5","0.0","0.0","0.0","6.3","4.6","3.0"
"20240926","제주특별자치도","제주시","25.6","28.8","22.7","26.0","21.9","24.7","19.4","0.0","0.0","2.8","0.0","8.9","5.5","18.0","17.23","0.0","73.4","72.1","70.7","5.8","2.8","5.5","0.0","0.0","0.0","8.3","8.2","3.0"
"20240926","제주특별자치도","북제주군","25.2","28.6","22.8","24.5","21.8","25.2","19.1","0.0","0.2","2.1","9.1","7.5","6.5","20.54","17.69","0.0","77.9","83.3","72.7","6.1","4.0","0.0","0.0","0.0","0.0","7.7","9.5","5.1"
"20240926","제주특별자치도","서귀포시","26.0","29.7","21.9","25.8","22.8","26.4","20.1","0.0","0.0","3.3","7.6","10.8","6.5","16.89","0.0","0.0","73.5","77.4","69.1","5.6","3.0","5.1","0.0","0.0","0.0","5.9","9.5","3.0"
"20240925","제주특별자치도","제주시","25.0","28.5","22.9","25.1","22.0","24.8","19.5","0.2","0.0","4.3","0.0","4.4","5.6","10.44","15.6","0.0","78.3","76.0","71.0","4.6","7.1","5.5","0.0","0.0","0.0","10.3","11.7","3.0"
"20240925","제주특별자치도","북제주군","24.8","29.1","21.5","24.2","21.9","25.1","19.3","0.0","0.0","2.5","5.9","4.2","6.6","15.92","14.87","0.0","78.1","78.8","73.0","4.8","7.1","0.0","0.0","0.0","0.0","10.7","7.1","5.2"
"20240925","제주특별자치도","서귀포시","25.8","29.0","24.1","25.2","22.8","26.3","20.1","0.0","0.0","4.4","2.7","7.1","6.3","11.06","0.0","0.0","74.4","75.8","69.4","6.3","7.6","5.1","0.0","0.0","0.0","8.6","6.8","2.9"
"20240924","제주특별자치도","제주시","23.8","26.2","21.1","24.2","22.0","24.9","19.6","0.0","0.0","5.0","0.0","3.2","5.5","13.43","12.82","0.0","72.1","69.9","71.0","6.6","7.8","5.7","0.0","0.0","0.0","10.5","15.3","3.0"
"20240924","제주특별자치도","북제주군","23.4","27.8","19.6","24.0","21.9","25.0","19.4","0.0","0.0","2.3","5.7","4.8","6.5","18.57","15.61","0.0","73.6","67.1","73.0","5.6","8.1","0.0","0.0","0.0","0.0","9.0","11.6","5.3"
"20240924","제주특별자치도","서귀포시","24.5","28.2","21.7","24.4","22.9","26.3","20.1","0.0","0.0","6.1","8.3","7.0","6.1","20.2","0.0","0.0","71.3","68.5","70.0","6.0","7.3","5.3","0.0","0.0","0.0","11.4","11.5","2.9"
"20240923","제주특별자치도","제주시","24.2","26.9","21.6","24.4","22.1","24.9","19.7","0.2","0.7","6.3","0.8","2.7","5.3","14.04","12.51","0.0","68.5","66.0","71.4","5.5","8.5","5.9","0.0","0.0","0.0","14.7","9.8","2.9"
"20240923","제주특별자치도","북제주군","24.3","28.6","20.8","23.4","22.0","24.9","19.6","0.0","0.0","2.8","10.3","4.6","6.3","23.22","14.73","0.0","72.0","72.5","73.5","3.9","8.0","0.0","0.0","0.0","0.0","10.4","12.2","5.4"
"20240923","제주특별자치도","서귀포시","24.2","27.2","22.1","24.0","23.0","26.4","20.3","0.0","0.0","6.8","9.1","5.7","5.9","19.74","0.0","0.0","72.0","67.5","70.3","3.0","8.4","5.6","0.0","0.0","0.0","13.8","8.6","2.8"
"20240922","제주특별자치도","제주시","23.7","25.4","23.0","23.9","22.4","25.2","19.8","16.3","0.2","6.6","0.0","0.7","5.3","2.33","7.57","0.0","86.5","73.8","71.4","10.0","9.4","5.9","0.0","0.0","0.0","10.7","7.0","3.0"
"20240922","제주특별자치도","북제주군","23.2","25.0","22.1","22.4","22.2","25.2","19.8","1.4","0.0","2.8","0.1","4.8","6.3","7.22","16.44","0.0","86.6","79.3","74.3","8.4","7.9","0.0","0.0","0.0","0.0","16.8","11.7","5.3"
"20240922","제주특별자치도","서귀포시","26.0","28.8","24.2","24.2","23.1","26.5","20.4","0.4","3.6","7.3","1.0","0.3","5.8","10.65","0.0","0.0","81.1","78.3","71.0","8.8","9.9","5.7","0.0","0.0","0.0","9.1","4.8","2.9"
"20240921","제주특별자치도","제주시","27.4","29.5","25.4","24.0","22.5","25.4","20.0","12.1","0.5","6.5","0.1","2.3","5.4","2.98","11.91","0.0","82.4","72.9","71.1","9.1","9.1","5.8","0.0","0.0","0.0","16.3","16.1","2.9"
"20240921","제주특별자치도","북제주군","27.0","27.9","24.8","23.3","22.4","25.4","19.9","2.9","0.0","2.5","0.0","7.4","6.6","3.27","19.89","0.0","90.4","77.0","74.2","9.1","7.6","0.0","0.0","0.0","0.0","20.6","20.9","5.3"
"20240921","제주특별자치도","서귀포시","27.7","28.5","26.3","25.2","23.3","26.6","20.6","8.4","0.0","7.0","0.1","8.3","5.9","2.84","0.0","0.0","90.9","68.5","71.3","8.0","7.3","5.7","0.0","0.0","0.0","16.7","8.9","2.9"
"20240920","제주특별자치도","제주시","28.4","32.1","26.5","27.5","22.8","25.6","20.2","18.6","0.0","4.9","0.8","0.4","5.6","7.13","9.89","0.0","78.0","68.0","71.1","9.0","9.4","5.7","0.0","0.0","0.0","15.2","15.6","2.9"
"20240920","제주특별자치도","북제주군","27.2","28.9","25.0","26.2","22.6","25.6","20.1","15.5","0.6","2.1","1.7","1.0","6.8","11.89","11.12","0.0","92.0","87.4","74.4","8.4","7.9","0.0","0.0","0.0","0.0","20.3","19.4","5.3"
"20240920","제주특별자치도","서귀포시","28.1","29.1","25.1","26.4","23.6","26.9","20.9","37.2","7.4","5.8","0.0","0.7","6.1","5.38","0.0","0.0","89.5","86.4","71.3","9.8","9.1","5.5","0.0","0.0","0.0","11.9","11.9","2.9"
"20240919","제주특별자치도","제주시","29.1","33.1","26.2","25.9","23.0","25.9","20.5","26.6","0.0","6.4","3.2","7.0","5.9","10.98","17.54","0.0","75.9","71.3","71.5","6.9","4.4","5.6","0.0","0.0","0.0","10.5","6.3","2.9"
"20240919","제주특별자치도","북제주군","28.1","32.5","25.0","25.5","22.8","25.8","20.3","11.8","0.0","2.5","8.0","9.9","7.0","19.73","20.82","0.0","81.4","79.3","75.7","6.1","4.6","0.0","0.0","0.0","0.0","19.1","5.4","5.4"
"20240919","제주특별자치도","서귀포시","29.3","33.0","25.9","25.7","23.8","27.2","21.1","24.1","0.0","5.1","6.6","10.2","6.4","16.2","0.0","0.0","80.3","71.3","71.6","6.8","3.6","5.3","0.0","0.0","0.0","10.5","4.5","2.9"
"20240918","제주특별자치도","제주시","30.0","35.0","26.9","25.7","23.1","26.0","20.6","0.0","0.0","10.7","10.2","7.8","5.8","19.87","19.37","0.0","73.0","75.0","72.4","0.6","2.4","5.5","0.0","0.0","0.0","9.6","6.0","3.0"
"20240918","제주특별자치도","북제주군","28.6","33.0","26.3","25.1","22.9","25.9","20.4","0.0","0.0","4.2","10.6","10.1","7.0","21.98","21.89","0.0","79.3","84.8","77.2","2.6","3.4","0.0","0.0","0.0","0.0","10.5","7.2","5.7"
"20240918","제주특별자치도","서귀포시","30.1","33.1","27.6","25.9","23.9","27.3","21.2","0.0","0.4","7.2","9.6","9.4","6.4","22.23","0.0","0.0","75.0","82.5","72.2","3.0","2.9","5.1","0.0","0.0","0.0","7.4","4.3","3.0"
"20240917","제주특별자치도","제주시","28.2","30.9","27.1","24.3","23.2","26.0","20.8","3.0","25.0","12.6","2.9","1.3","5.6","6.73","8.1","0.0","82.8","83.4","73.6","4.8","7.4","5.7","0.0","0.0","0.0","5.8","7.0","3.0"
"20240917","제주특별자치도","북제주군","27.4","32.0","26.0","25.3","22.9","25.8","20.5","7.5","4.9","6.4","4.9","3.8","6.7","10.59","14.77","0.0","87.8","87.6","77.8","5.1","7.5","0.0","0.0","0.0","0.0","6.7","8.5","5.8"
"20240917","제주특별자치도","서귀포시","29.0","31.8","26.6","25.5","24.0","27.4","21.3","6.9","17.7","8.1","5.4","4.2","6.1","12.91","0.0","0.0","81.1","88.9","73.0","7.0","9.1","5.1","0.0","0.0","0.0","6.3","7.3","3.0"
"20240916","제주특별자치도","제주시","28.8","31.6","27.4","25.6","23.2","26.0","20.9","23.7","43.0","13.5","1.7","1.5","5.2","8.41","6.51","0.0","82.1","82.5","75.1","7.9","9.0","5.9","0.0","0.0","0.0","9.9","11.3","3.0"
"20240916","제주특별자치도","북제주군","28.7","31.2","27.3","25.6","23.0","26.0","20.6","2.5","10.7","6.7","2.6","2.4","6.3","12.93","9.29","0.0","84.4","91.6","79.0","7.3","9.0","0.0","0.0","0.0","0.0","11.5","25.4","5.7"
"20240916","제주특별자치도","서귀포시","29.1","31.6","28.1","26.3","24.1","27.4","21.5","2.1","37.4","8.9","1.6","4.8","5.8","9.37","0.0","0.0","86.0","90.0","74.1","8.9","8.6","5.3","0.0","0.0","0.0","10.3","10.8","3.0"
"20240915","제주특별자치도","제주시","29.7","32.5","28.4","27.4","23.3","26.0","21.0","7.9","0.0","14.6","2.6","10.3","5.0","10.91","21.34","0.0","80.3","72.3","75.4","9.5","4.3","6.1","0.0","0.0","0.0","13.0","7.1","3.0"
"20240915","제주특별자치도","북제주군","29.7","33.3","27.2","26.9","23.1","26.1","20.7","0.0","0.2","7.2","3.9","9.4","6.1","15.5","21.63","0.0","73.4","85.6","79.4","7.8","3.4","0.0","0.0","0.0","0.0","12.8","8.0","5.6"
"20240915","제주특별자치도","서귀포시","30.8","34.0","29.3","27.5","24.1","27.4","21.5","0.0","0.6","10.3","6.4","11.3","5.6","16.33","0.0","0.0","73.6","81.8","74.5","8.9","5.5","5.6","0.0","0.0","0.0","11.7","4.7","3.1"
"20240914","제주특별자치도","제주시","29.3","32.3","26.3","24.3","23.4","26.0","21.2","0.0","0.4","13.8","10.8","0.2","4.5","21.43","5.56","0.0","71.3","79.0","75.9","1.3","9.8","6.4","0.0","0.0","0.0","8.5","8.7","2.9"
"20240914","제주특별자치도","북제주군","28.2","31.5","24.7","23.6","23.2","26.2","20.8","0.0","2.7","7.0","10.4","0.0","5.6","22.85","3.56","0.0","75.3","89.9","79.6","1.4","9.3","0.0","0.0","0.0","0.0","10.7","10.6","5.5"
"20240914","제주특별자치도","서귀포시","30.2","34.5","25.1","25.8","24.2","27.4","21.6","0.0","1.6","10.3","10.8","0.6","5.1","23.1","0.0","0.0","61.9","80.9","75.1","0.0","10.0","6.0","0.0","0.0","0.0","8.3","8.0","3.1"
"20240913","제주특별자치도","제주시","29.1","32.3","26.4","27.1","23.6","26.2","21.3","0.0","4.6","10.0","8.3","5.4","4.4","19.19","16.58","0.0","69.3","69.0","75.2","2.1","8.6","6.6","0.0","0.0","0.0","7.3","9.7","2.8"
"20240913","제주특별자치도","북제주군","28.0","31.6","24.6","26.1","23.4","26.5","21.0","0.0","15.5","5.2","11.5","3.5","5.4","24.11","16.28","0.0","79.0","82.6","79.1","1.8","8.4","0.0","0.0","0.0","0.0","6.5","11.3","5.1"
"20240913","제주특별자치도","서귀포시","29.1","32.6","25.5","26.9","24.3","27.6","21.8","0.0","0.0","8.8","10.6","4.2","5.0","22.98","0.0","0.0","72.0","77.6","74.9","1.4","8.8","6.3","0.0","0.0","0.0","4.4","3.8","3.0"
"20240912","제주특별자치도","제주시","30.4","35.1","26.8","25.8","23.7","26.4","21.3","0.0","1.6","8.0","9.8","4.7","4.7","21.28","16.43","0.0","68.9","69.6","74.7","4.3","7.4","6.4","0.0","0.0","0.0","7.2","9.0","2.7"
"20240912","제주특별자치도","북제주군","28.0","31.4","24.4","25.7","23.5","26.6","21.1","40.6","0.0","2.9","9.8","2.1","5.8","23.61","11.44","0.0","85.3","78.0","79.0","3.4","8.0","0.0","0.0","0.0","0.0","17.6","7.5","5.1"
"20240912","제주특별자치도","서귀포시","29.6","32.9","27.4","26.6","24.5","27.8","21.9","0.5","0.0","8.0","8.1","7.1","5.3","21.34","0.0","0.0","79.0","75.0","74.6","5.6","7.8","6.3","0.0","0.0","0.0","5.5","5.0","2.8"
"20240911","제주특별자치도","제주시","29.5","33.1","27.2","25.7","23.8","26.5","21.4","11.4","0.0","7.6","3.4","9.6","4.8","12.02","22.05","0.0","75.5","63.3","74.3","9.3","4.3","6.3","0.0","0.0","0.0","9.7","6.7","2.7"
"20240911","제주특별자치도","북제주군","27.8","30.9","25.9","25.7","23.5","26.6","21.2","4.6","0.0","3.6","6.7","10.6","5.9","18.0","23.26","0.0","90.0","70.9","79.4","8.8","4.9","0.0","0.0","0.0","0.0","16.1","7.2","5.0"
"20240911","제주특별자치도","서귀포시","28.8","31.5","26.6","26.0","24.7","28.0","22.0","12.8","0.0","7.8","3.2","9.8","5.5","12.62","0.0","0.0","85.8","70.4","74.4","9.1","5.4","6.3","0.0","0.0","0.0","9.1","4.6","2.7"
"20240910","제주특별자치도","제주시","28.8","30.5","27.3","24.9","24.0","26.7","21.5","0.7","0.0","6.5","2.4","5.8","5.1","10.91","16.64","0.0","79.5","63.1","74.3","8.0","6.3","6.1","0.0","0.0","0.0","11.3","9.1","2.6"
"20240910","제주특별자치도","북제주군","29.0","34.5","24.9","25.4","23.7","26.7","21.3","15.5","0.0","2.9","8.8","9.7","6.1","21.57","22.76","0.0","73.8","65.0","79.7","5.5","4.9","0.0","0.0","0.0","0.0","13.9","0.0","4.9"
"20240910","제주특별자치도","서귀포시","29.8","34.2","26.7","25.2","24.8","28.2","22.2","8.8","0.0","6.1","7.7","8.8","5.7","20.51","0.0","0.0","76.9","64.9","74.5","6.0","5.3","6.2","0.0","0.0","0.0","10.0","5.7","2.5"
"20240909","제주특별자치도","제주시","28.7","31.4","25.8","24.9","24.1","27.0","21.6","0.0","0.0","5.4","8.7","11.4","5.6","19.07","23.72","0.0","74.4","60.4","74.2","2.5","2.0","5.8","0.0","0.0","0.0","11.8","7.2","2.7"
"20240909","제주특별자치도","북제주군","28.3","31.6","25.5","24.6","23.8","26.8","21.4","0.0","0.0","2.8","9.7","6.2","6.6","20.52","16.46","0.0","75.0","69.3","80.0","1.9","3.0","0.0","0.0","0.0","0.0","8.5","9.1","5.1"
"20240909","제주특별자치도","서귀포시","29.3","33.1","26.2","25.2","25.0","28.4","22.3","0.0","0.0","5.1","10.0","7.6","6.2","21.91","0.0","0.0","71.1","63.9","74.5","1.3","3.5","5.8","0.0","0.0","0.0","9.2","5.8","2.5"
"20240908","제주특별자치도","제주시","28.4","32.1","26.4","25.1","24.2","26.9","21.8","0.0","0.0","6.3","4.8","11.2","5.5","13.04","23.35","0.0","74.4","60.0","75.1","3.8","1.8","5.9","0.0","0.0","0.0","6.8","8.9","2.7"
"20240908","제주특별자치도","북제주군","27.4","30.4","25.7","24.7","23.8","26.7","21.5","1.7","0.0","3.3","6.2","11.4","6.5","14.74","24.13","0.0","82.8","65.9","80.8","5.3","1.3","0.0","0.0","0.0","0.0","5.1","12.9","5.3"
"20240908","제주특별자치도","서귀포시","28.2","32.2","25.8","25.6","25.1","28.3","22.5","0.0","0.0","5.4","5.8","10.8","6.0","15.53","0.0","0.0","77.6","58.1","75.5","3.3","1.0","5.8","0.0","0.0","0.0","4.8","9.6","2.5"
"20240907","제주특별자치도","제주시","28.9","33.2","25.9","25.8","24.4","27.2","22.0","3.0","0.3","7.5","8.5","10.4","5.3","19.18","23.59","0.0","65.8","63.3","75.5","3.6","2.1","6.2","0.0","0.0","0.0","6.9","8.9","2.8"
"20240907","제주특별자치도","북제주군","27.8","30.6","24.3","26.2","24.0","26.8","21.6","0.0","0.0","4.6","10.9","11.7","6.2","24.37","24.56","0.0","78.4","65.4","81.3","4.5","1.3","0.0","0.0","0.0","0.0","8.4","9.7","5.2"
"20240907","제주특별자치도","서귀포시","28.6","33.5","25.3","26.3","25.2","28.4","22.6","15.5","0.0","6.3","7.2","11.2","5.7","18.49","0.0","0.0","74.5","65.1","76.3","3.0","1.5","6.0","0.0","0.0","0.0","5.7","9.3","2.6"
"20240906","제주특별자치도","제주시","29.3","33.0","25.4","26.9","24.6","27.3","22.2","0.0","0.0","7.7","9.0","11.7","5.5","19.64","23.67","0.0","61.0","65.5","75.5","2.8","2.8","6.1","0.0","0.0","0.0","6.5","8.3","2.8"
"20240906","제주특별자치도","북제주군","27.8","30.7","24.8","26.6","24.1","27.0","21.8","0.0","0.0","4.3","11.2","11.9","6.4","24.25","24.46","0.0","76.1","73.1","81.2","4.0","2.8","0.0","0.0","0.0","0.0","6.8","10.4","5.2"
"20240906","제주특별자치도","서귀포시","28.9","33.1","25.0","27.4","25.3","28.4","22.8","0.0","0.0","6.3","9.7","11.1","5.8","23.24","0.0","0.0","68.5","65.8","76.6","2.5","1.3","5.9","0.0","0.0","0.0","5.4","8.0","2.7"
"20240905","제주특별자치도","제주시","28.6","31.9","25.4","26.9","24.7","27.5","22.5","0.0","0.8","7.6","11.9","7.5","5.4","22.56","20.2","0.0","65.4","67.6","75.9","0.4","7.0","6.3","0.0","0.0","0.0","7.0","9.4","2.8"
"20240905","제주특별자치도","북제주군","27.3","30.5","23.7","26.6","24.3","27.1","22.0","0.0","0.0","4.3","11.6","7.6","6.2","24.71","20.33","0.0","75.4","70.4","81.6","2.0","6.0","0.0","0.0","0.0","0.0","7.9","10.5","5.3"
"20240905","제주특별자치도","서귀포시","28.5","31.9","25.8","27.4","25.4","28.5","23.0","0.0","0.0","6.1","10.5","9.6","5.6","23.57","0.0","0.0","74.8","65.9","77.1","2.0","6.4","5.9","0.0","0.0","0.0","4.8","10.7","2.7"
"20240904","제주특별자치도","제주시","27.8","30.4","25.5","26.7","24.9","27.8","22.7","0.0","0.0","8.1","8.9","9.8","5.4","19.98","21.68","0.0","71.3","78.9","76.1","3.1","4.5","6.3","0.0","0.0","0.0","13.4","10.6","2.8"
"20240904","제주특별자치도","북제주군","27.5","31.1","25.1","26.7","24.5","27.3","22.1","0.0","0.0","4.5","5.5","10.7","6.2","15.18","21.59","0.0","72.0","81.4","81.9","4.5","2.0","0.0","0.0","0.0","0.0","9.0","9.0","5.2"
"20240904","제주특별자치도","서귀포시","28.1","31.4","25.3","28.2","25.6","28.6","23.2","0.0","0.0","7.3","7.9","10.9","5.6","22.4","0.0","0.0","73.4","68.6","77.5","4.4","1.5","6.0","0.0","0.0","0.0","8.7","7.5","2.7"
"20240903","제주특별자치도","제주시","27.8","33.0","26.0","28.2","25.2","28.1","22.8","0.7","0.0","6.3","2.2","8.4","5.9","12.98","22.36","0.0","64.6","68.1","75.7","8.3","5.3","6.0","0.0","0.0","0.0","10.4","8.8","2.8"
"20240903","제주특별자치도","북제주군","27.5","31.2","24.9","26.8","24.7","27.6","22.2","0.0","19.9","3.9","4.1","8.9","6.5","15.87","22.24","0.0","69.9","84.8","81.7","7.8","4.8","0.0","0.0","0.0","0.0","9.2","14.7","5.0"
"20240903","제주특별자치도","서귀포시","27.9","31.9","24.9","27.4","25.7","28.8","23.3","2.8","21.8","7.0","3.6","8.3","5.9","14.88","0.0","0.0","71.9","81.8","77.4","8.6","5.6","5.9","0.0","0.0","0.0","6.6","4.5","2.7"
"20240902","제주특별자치도","제주시","28.2","31.5","23.9","27.4","25.3","28.1","22.9","0.0","0.1","6.7","10.3","7.3","6.1","21.97","19.31","0.0","61.0","72.6","75.5","5.8","6.6","5.9","0.0","0.0","0.0","6.6","7.5","3.0"
"20240902","제주특별자치도","북제주군","27.1","30.9","24.0","26.3","24.8","27.7","22.4","0.0","4.4","4.7","9.8","7.0","6.8","21.06","19.12","0.0","70.4","84.9","81.7","5.1","6.3","0.0","0.0","0.0","0.0","7.2","13.9","5.4"
"20240902","제주특별자치도","서귀포시","28.1","31.9","24.0","26.7","25.9","28.9","23.4","0.0","15.9","6.7","10.4","6.2","6.2","22.97","0.0","0.0","64.0","83.0","76.9","4.4","9.1","5.7","0.0","0.0","0.0","5.7","7.6","2.8"
"20240901","제주특별자치도","제주시","28.0","31.9","23.9","25.0","25.4","28.2","23.0","0.0","2.4","7.9","10.2","1.1","5.8","22.88","7.83","0.0","64.1","83.0","75.9","3.3","8.4","6.1","0.0","0.0","0.0","6.0","7.0","3.1"
"20240901","제주특별자치도","북제주군","26.9","31.4","23.8","25.3","24.8","27.7","22.5","0.0","6.5","6.1","10.4","2.5","6.6","24.72","12.87","0.0","73.9","88.0","82.0","1.6","7.3","0.0","0.0","0.0","0.0","6.8","12.0","5.6"
"20240901","제주특별자치도","서귀포시","28.2","32.1","25.0","26.2","26.0","29.0","23.4","0.0","15.4","7.8","10.1","1.0","6.1","25.27","0.0","0.0","69.5","83.4","77.3","3.4","9.9","5.9","0.0","0.0","0.0","5.4","8.9","2.9"
"20240831","제주특별자치도","제주시","28.2","32.0","25.2","24.6","25.5","28.3","23.1","0.0","1.5","8.6","11.3","7.6","5.8","23.91","20.45","0.0","63.0","71.4","75.8","3.0","6.5","6.1","0.0","0.0","0.0","7.6","7.4","3.1"
"20240831","제주특별자치도","북제주군","26.1","27.8","24.5","24.4","25.0","27.8","22.6","0.0","0.0","6.6","11.6","9.7","6.7","25.92","20.82","0.0","73.4","75.9","82.0","0.0","4.6","0.0","0.0","0.0","0.0","13.5","13.9","5.6"
"20240831","제주특별자치도","서귀포시","28.8","32.8","25.5","26.0","26.1","29.1","23.5","0.0","8.1","8.6","10.7","6.4","6.0","25.82","0.0","0.0","63.1","85.1","77.3","0.1","8.0","6.0","0.0","0.0","0.0","5.1","3.8","2.9"
"20240830","제주특별자치도","제주시","29.5","33.0","27.0","23.9","25.7","28.5","23.2","0.0","47.7","9.2","10.5","0.0","6.1","23.16","1.38","0.0","70.0","87.0","75.6","3.5","9.5","6.1","0.0","0.0","0.0","8.9","9.3","3.1"
"20240830","제주특별자치도","북제주군","27.6","29.4","26.0","24.3","25.1","28.0","22.7","0.0","80.9","7.5","10.8","0.2","7.1","24.45","6.65","0.0","80.6","88.3","81.9","0.0","7.6","0.0","0.0","0.0","0.0","15.9","15.6","5.5"
"20240830","제주특별자치도","서귀포시","30.3","34.7","26.9","25.5","26.1","29.3","23.6","0.0","75.6","9.6","10.6","0.8","6.3","25.17","0.0","0.0","64.1","92.3","77.4","0.0","9.5","6.0","0.0","0.0","0.0","8.0","8.9","2.9"
"20240829","제주특별자치도","제주시","29.4","33.3","26.9","28.0","25.8","28.7","23.3","0.0","6.3","11.1","5.6","3.5","6.1","17.08","13.64","0.0","72.8","82.3","75.6","5.1","9.1","6.0","0.0","0.0","0.0","9.7","9.8","3.0"
"20240829","제주특별자치도","북제주군","28.1","30.5","26.3","27.2","25.3","28.1","23.0","0.0","15.4","8.4","11.6","4.9","7.1","26.13","17.58","0.0","76.1","90.4","82.2","2.8","8.1","0.0","0.0","0.0","0.0","19.4","13.9","5.6"
"20240829","제주특별자치도","서귀포시","30.5","34.6","28.1","27.2","26.3","29.3","23.7","0.0","22.0","9.9","8.8","3.7","6.2","22.82","0.0","0.0","60.5","89.1","77.7","3.1","9.4","6.1","0.0","0.0","0.0","12.1","10.6","2.9"
"20240828","제주특별자치도","제주시","28.1","29.6","27.3","29.6","26.0","28.9","23.6","1.5","4.1","10.9","1.5","8.3","6.0","8.75","19.67","0.0","78.9","69.5","76.0","7.8","7.6","6.0","0.0","0.0","0.0","15.6","12.1","2.9"
"20240828","제주특별자치도","북제주군","27.3","29.5","24.7","27.1","25.5","28.3","23.1","12.7","7.1","7.7","6.6","7.5","6.9","17.9","18.79","0.0","83.1","86.0","82.5","5.5","7.1","0.0","0.0","0.0","0.0","17.5","19.7","5.5"
"20240828","제주특별자치도","서귀포시","-99.0","32.1","27.4","28.1","26.4","29.4","23.9","2.4","32.2","10.3","0.0","5.8","6.0","0.0","0.0","0.0","0.0","82.8","78.6","0.0","8.0","6.3","0.0","0.0","0.0","14.8","13.3","2.7"
"20240827","제주특별자치도","제주시","29.5","31.9","27.1","28.5","26.2","29.1","23.8","0.0","0.0","9.3","5.1","10.8","6.0","16.28","23.38","0.0","75.3","71.8","76.1","7.0","3.5","6.1","0.0","0.0","0.0","11.3","11.6","2.8"
"20240827","제주특별자치도","북제주군","28.1","32.1","25.3","26.9","25.7","28.5","23.3","0.3","0.0","6.6","7.0","11.6","6.7","19.29","25.02","0.0","77.8","75.5","82.8","6.3","1.9","0.0","0.0","0.0","0.0","8.2","8.8","5.3"
"20240827","제주특별자치도","서귀포시","30.1","34.0","26.5","27.7","26.5","29.4","24.1","0.0","0.0","10.0","8.4","11.4","5.7","21.26","0.0","0.0","72.8","73.1","79.4","5.8","2.9","6.4","0.0","0.0","0.0","8.9","5.2","2.6"
"20240826","제주특별자치도","제주시","29.3","32.1","26.2","27.2","26.4","29.3","24.0","0.0","0.0","9.7","9.9","11.0","6.0","21.57","24.68","0.0","69.3","67.0","76.1","3.4","1.5","6.1","0.0","0.0","0.0","8.5","6.3","2.9"
"20240826","제주특별자치도","북제주군","28.1","31.8","25.3","25.9","25.8","28.7","23.4","0.0","0.0","7.1","9.6","10.6","6.6","22.9","24.42","0.0","78.8","76.3","83.2","4.4","2.1","0.0","0.0","0.0","0.0","6.2","7.0","5.2"
"20240826","제주특별자치도","서귀포시","29.1","32.7","25.1","26.2","26.6","29.5","24.2","0.0","0.0","12.6","8.8","10.8","5.7","21.5","0.0","0.0","68.6","69.8","80.1","3.5","1.3","6.4","0.0","0.0","0.0","4.9","4.8","2.7"
"20240825","제주특별자치도","제주시","29.7","32.8","27.0","28.0","26.5","29.3","24.1","0.0","0.0","11.5","11.3","10.7","5.6","23.51","25.62","0.0","68.9","65.0","76.1","1.8","1.9","6.2","0.0","0.0","0.0","5.6","5.7","2.8"
"20240825","제주특별자치도","북제주군","27.9","30.2","26.1","26.5","25.9","28.7","23.6","0.0","0.0","7.5","11.4","11.7","6.1","24.08","24.84","0.0","78.3","75.1","83.4","1.4","1.3","0.0","0.0","0.0","0.0","8.9","7.9","5.2"
"20240825","제주특별자치도","서귀포시","28.9","32.7","26.2","26.7","26.7","29.6","24.3","0.0","0.0","12.8","7.4","11.1","5.4","17.65","0.0","0.0","73.0","72.8","80.2","1.6","1.1","6.6","0.0","0.0","0.0","4.7","4.4","2.6"
"20240824","제주특별자치도","제주시","29.7","32.3","26.7","27.0","26.6","29.5","24.3","0.0","18.5","11.5","11.1","2.0","5.5","22.55","9.54","0.0","67.6","81.4","76.6","1.3","7.3","6.3","0.0","0.0","0.0","6.4","9.5","2.8"
"20240824","제주특별자치도","북제주군","28.3","30.8","26.2","26.1","26.0","28.9","23.6","0.0","12.0","8.8","11.0","3.4","6.1","24.81","12.54","0.0","77.9","87.9","83.6","1.9","6.9","0.0","0.0","0.0","0.0","6.5","13.2","5.2"
"20240824","제주특별자치도","서귀포시","29.3","32.9","26.3","26.1","26.8","29.8","24.4","0.0","13.0","15.6","8.3","2.4","5.5","21.48","0.0","0.0","73.4","82.9","80.5","1.8","7.0","6.5","0.0","0.0","0.0","3.9","9.7","2.5"
"20240823","제주특별자치도","제주시","30.1","33.0","28.1","26.8","26.7","29.7","24.3","0.0","58.2","10.9","6.2","0.0","5.7","19.23","1.5","0.0","72.5","85.5","76.5","4.6","9.9","6.2","0.0","0.0","0.0","6.5","8.1","2.8"
"20240823","제주특별자치도","북제주군","28.9","31.7","26.7","26.1","26.1","29.0","23.7","0.0","49.6","9.0","11.1","0.0","6.4","24.06","3.87","0.0","81.4","93.5","83.6","2.5","8.4","0.0","0.0","0.0","0.0","6.6","20.9","5.0"
"20240823","제주특별자치도","서귀포시","29.4","32.7","25.8","27.1","26.9","29.9","24.4","0.0","29.5","16.7","7.7","0.9","5.7","20.79","0.0","0.0","76.4","89.6","80.6","4.0","9.1","6.4","0.0","0.0","0.0","6.6","11.0","2.5"
"20240822","제주특별자치도","제주시","30.7","34.3","29.1","29.5","26.8","29.8","24.4","0.0","7.5","12.6","6.5","5.6","5.9","17.23","17.25","0.0","70.5","71.4","76.3","6.1","6.1","6.1","0.0","0.0","0.0","17.2","7.0","2.7"
"20240822","제주특별자치도","북제주군","28.4","30.6","26.2","27.0","26.2","29.1","23.7","5.5","21.4","9.7","6.2","5.9","6.7","18.95","19.2","0.0","85.9","91.6","83.6","4.1","6.9","0.0","0.0","0.0","0.0","17.6","16.4","4.9"
"20240822","제주특별자치도","서귀포시","29.3","32.0","27.2","27.7","27.0","30.0","24.5","18.7","23.7","17.8","5.4","3.5","6.0","14.94","0.0","0.0","84.4","85.6","80.4","6.4","7.6","6.2","0.0","0.0","0.0","11.4","6.9","2.5"
"20240821","제주특별자치도","제주시","31.3","34.3","28.4","30.2","26.8","29.8","24.5","0.1","0.0","12.5","5.7","10.9","5.9","15.83","23.02","0.0","68.8","68.8","76.5","7.4","4.8","6.0","0.0","0.0","0.0","9.5","6.1","2.6"
"20240821","제주특별자치도","북제주군","29.3","31.2","28.0","28.1","26.2","29.2","23.8","0.6","0.0","10.0","8.8","10.0","6.9","22.56","23.09","0.0","85.5","83.5","83.6","6.4","4.3","0.0","0.0","0.0","0.0","12.4","12.1","4.9"
"20240821","제주특별자치도","서귀포시","30.3","33.4","28.2","28.6","27.1","30.1","24.6","1.1","0.0","16.0","3.5","7.6","6.2","13.95","0.0","0.0","82.6","80.4","80.3","7.9","7.1","6.1","0.0","0.0","0.0","9.4","5.8","2.4"
"20240820","제주특별자치도","제주시","30.4","32.8","28.0","29.6","27.0","30.0","24.7","4.6","0.0","9.9","1.7","8.6","6.0","9.64","22.09","0.0","72.5","73.0","76.4","8.3","2.4","5.9","0.0","0.0","0.0","11.5","8.0","2.6"
"20240820","제주특별자치도","북제주군","28.9","31.2","26.5","27.7","26.3","29.4","23.9","5.8","0.0","9.5","4.4","11.8","7.2","16.53","26.19","0.0","85.8","83.1","83.4","7.9","3.5","0.0","0.0","0.0","0.0","17.8","9.1","4.8"
"20240820","제주특별자치도","서귀포시","29.3","32.1","27.6","28.4","27.2","30.2","24.7","14.9","0.0","14.0","1.1","11.5","6.2","9.89","0.0","0.0","85.8","77.6","80.3","8.3","2.6","5.9","0.0","0.0","0.0","14.1","4.1","2.4"
"20240819","제주특별자치도","제주시","30.6","35.0","27.2","29.0","27.1","30.1","24.8","0.0","0.1","7.8","11.2","7.9","6.2","25.55","23.21","0.0","67.5","76.3","76.2","1.3","3.8","5.8","0.0","0.0","0.0","11.0","5.9","2.6"
"20240819","제주특별자치도","북제주군","29.0","32.7","25.4","27.8","26.4","29.5","24.0","0.0","0.0","7.4","9.4","12.2","7.5","23.75","25.55","0.0","76.0","82.1","83.3","2.4","2.5","0.0","0.0","0.0","0.0","10.0","7.3","4.6"
"20240819","제주특별자치도","서귀포시","30.2","33.5","26.9","28.1","27.3","30.4","24.9","0.0","0.0","10.7","10.7","10.3","6.5","25.15","0.0","0.0","73.6","79.3","80.2","1.8","4.4","5.8","0.0","0.0","0.0","7.6","4.6","2.5"
"20240818","제주특별자치도","제주시","29.5","32.9","27.6","28.3","27.1","30.0","24.9","0.0","34.7","7.9","8.1","9.7","6.2","22.89","22.61","0.0","74.3","77.5","76.5","7.1","5.1","5.8","0.0","0.0","0.0","10.8","9.2","2.6"
"20240818","제주특별자치도","북제주군","27.5","31.0","25.4","26.7","26.5","29.5","24.1","3.0","10.3","6.3","6.7","7.0","7.5","17.09","14.71","0.0","81.8","82.4","83.6","6.0","4.5","0.0","0.0","0.0","0.0","1.3","9.9","4.5"
"20240818","제주특별자치도","서귀포시","28.8","31.7","26.8","27.5","27.3","30.3","25.0","3.3","1.2","8.8","6.1","5.5","6.5","17.31","0.0","0.0","77.9","77.1","80.5","7.6","6.6","5.9","0.0","0.0","0.0","9.1","12.4","2.5"
"20240817","제주특별자치도","제주시","29.4","33.0","26.6","28.3","27.2","30.1","24.9","0.0","0.9","6.0","8.2","6.8","6.2","20.82","16.2","0.0","73.5","70.8","76.4","5.4","4.1","5.8","0.0","0.0","0.0","10.2","8.3","2.7"
"20240817","제주특별자치도","북제주군","27.8","31.7","25.7","27.0","26.5","29.5","24.2","9.8","0.0","5.3","7.4","9.2","7.5","18.83","23.47","0.0","80.4","80.9","83.8","6.3","4.4","0.0","0.0","0.0","0.0","11.4","11.0","4.6"
"20240817","제주특별자치도","서귀포시","28.9","32.8","26.0","27.0","27.4","30.3","25.1","25.6","0.0","6.8","5.5","6.1","6.4","14.82","0.0","0.0","74.4","76.4","80.5","5.8","5.1","6.1","0.0","0.0","0.0","8.8","5.3","2.5"
"20240816","제주특별자치도","제주시","28.3","32.1","25.4","29.6","27.3","30.1","25.0","2.4","0.0","5.9","6.4","8.1","6.1","18.02","21.85","0.0","77.3","67.9","76.6","6.5","5.6","5.9","0.0","0.0","0.0","8.5","6.2","2.8"
"20240816","제주특별자치도","북제주군","27.3","30.9","23.0","27.5","26.6","29.5","24.3","3.1","0.0","4.9","4.8","9.5","7.3","16.84","24.05","0.0","79.1","78.0","84.0","7.4","4.4","0.0","0.0","0.0","0.0","11.0","9.3","4.6"
"20240816","제주특별자치도","서귀포시","28.8","32.7","23.8","27.8","27.4","30.2","25.1","28.2","0.0","7.6","8.4","6.8","6.1","22.32","0.0","0.0","74.0","80.1","80.9","6.5","5.3","6.3","0.0","0.0","0.0","8.8","4.9","2.6"
"20240815","제주특별자치도","제주시","27.6","32.0","25.6","29.4","27.3","30.2","25.1","31.9","0.0","5.1","3.3","10.9","6.2","10.54","24.32","0.0","79.8","69.9","76.9","7.3","4.8","5.9","0.0","0.0","0.0","10.0","7.4","2.8"
"20240815","제주특별자치도","북제주군","27.4","31.0","25.0","27.4","26.6","29.4","24.4","5.2","0.0","3.5","3.9","8.1","7.1","12.19","19.93","0.0","79.5","81.4","84.3","7.1","4.9","0.0","0.0","0.0","0.0","11.4","9.8","4.7"
"20240815","제주특별자치도","서귀포시","29.9","33.6","26.5","27.6","27.4","30.2","25.2","0.0","0.0","7.5","7.2","8.8","6.0","19.37","0.0","0.0","70.6","76.8","81.3","7.6","4.8","6.4","0.0","0.0","0.0","10.6","5.9","2.6"
"20240814","제주특별자치도","제주시","28.7","31.1","25.9","28.9","27.4","30.3","25.2","6.5","0.0","6.3","3.7","12.1","6.2","10.41","24.67","0.0","76.0","69.9","76.9","6.3","1.0","6.1","0.0","0.0","0.0","9.0","12.4","2.8"
"20240814","제주특별자치도","북제주군","28.3","30.8","25.5","26.9","26.6","29.3","24.4","0.3","2.6","3.9","3.7","6.0","6.7","12.76","13.88","0.0","74.1","79.8","84.8","5.5","3.0","0.0","0.0","0.0","0.0","8.0","8.7","5.0"
"20240814","제주특별자치도","서귀포시","29.3","32.4","26.4","28.0","27.4","30.2","25.2","0.8","0.0","7.8","7.6","11.0","5.6","15.68","0.0","0.0","70.6","71.5","81.8","5.3","1.6","6.7","0.0","0.0","0.0","8.7","6.0","2.6"
"20240813","제주특별자치도","제주시","29.8","32.8","27.7","29.2","27.5","30.4","25.2","0.0","0.0","7.8","10.0","8.7","5.9","22.22","21.9","0.0","69.6","65.3","77.1","2.9","2.8","6.3","0.0","0.0","0.0","10.2","9.9","2.8"
"20240813","제주특별자치도","북제주군","28.6","32.2","24.6","27.2","26.6","29.3","24.5","0.0","0.0","5.2","7.8","11.3","6.4","19.53","25.1","0.0","68.3","80.9","85.3","2.9","3.5","0.0","0.0","0.0","0.0","10.7","7.9","5.2"
"20240813","제주특별자치도","서귀포시","29.8","33.9","27.5","27.2","27.4","30.2","25.2","0.0","0.0","10.6","8.9","7.9","5.4","20.19","0.0","0.0","66.4","75.8","82.1","3.1","3.8","6.8","0.0","0.0","0.0","9.8","4.2","2.6"
"20240812","제주특별자치도","제주시","30.1","33.3","27.6","29.7","27.5","30.3","25.3","0.0","0.0","9.4","12.4","9.1","5.7","25.76","22.69","0.0","63.5","66.6","77.3","2.0","5.6","6.3","0.0","0.0","0.0","11.1","7.5","2.9"
"20240812","제주특별자치도","북제주군","28.9","32.5","25.2","27.7","26.6","29.4","24.5","0.0","0.1","6.0","9.8","10.6","6.2","24.0","24.84","0.0","72.8","78.8","85.3","2.9","4.6","0.0","0.0","0.0","0.0","9.4","7.0","5.4"
"20240812","제주특별자치도","서귀포시","29.8","33.0","26.5","27.5","27.5","30.2","25.3","0.0","0.8","11.2","11.9","7.0","5.3","26.56","0.0","0.0","63.5","77.3","82.6","2.3","6.9","6.9","0.0","0.0","0.0","6.6","6.8","2.7"
"20240811","제주특별자치도","제주시","30.9","34.9","27.9","29.6","27.6","30.5","25.3","0.0","0.4","9.4","12.0","10.8","5.8","24.95","24.36","0.0","62.0","64.6","77.0","2.4","4.8","6.3","0.0","0.0","0.0","10.0","12.0","2.9"
"20240811","제주특별자치도","북제주군","28.9","31.8","26.0","27.3","26.7","29.6","24.6","0.0","0.0","5.5","10.3","9.7","6.4","22.65","24.74","0.0","78.0","76.5","84.8","3.6","4.9","0.0","0.0","0.0","0.0","9.8","11.0","5.5"
"20240811","제주특별자치도","서귀포시","30.1","33.6","27.3","27.7","27.6","30.3","25.4","0.0","0.0","9.2","6.3","12.0","5.3","18.34","0.0","0.0","72.5","72.9","82.5","3.9","2.9","6.8","0.0","0.0","0.0","4.4","7.8","2.8"
"20240810","제주특별자치도","제주시","30.9","34.4","28.0","27.8","27.7","30.7","25.4","0.0","0.9","9.8","12.1","6.3","5.8","24.58","17.2","0.0","66.4","76.5","76.8","2.5","7.1","6.3","0.0","0.0","0.0","9.1","16.5","3.0"
"20240810","제주특별자치도","북제주군","28.5","31.7","26.2","26.8","26.8","29.7","24.6","15.4","1.7","6.3","10.1","9.4","6.6","22.22","24.81","0.0","82.1","83.3","84.8","3.3","5.1","0.0","0.0","0.0","0.0","7.7","25.9","5.6"
"20240810","제주특별자치도","서귀포시","29.7","33.3","27.1","28.0","27.6","30.3","25.5","4.8","0.4","10.0","7.3","10.4","5.3","18.52","0.0","0.0","74.0","71.9","82.7","3.5","4.6","6.8","0.0","0.0","0.0","5.4","12.1","2.8"
"20240809","제주특별자치도","제주시","30.7","32.9","28.5","27.3","27.8","30.7","25.4","0.0","1.3","12.2","11.9","0.0","5.9","25.15","2.32","0.0","69.1","83.0","76.6","2.5","9.6","6.1","0.0","0.0","0.0","5.5","18.8","3.1"
"20240809","제주특별자치도","북제주군","30.3","33.9","27.7","26.9","26.9","29.8","24.6","0.0","0.0","7.3","11.8","0.0","6.8","26.39","5.16","0.0","75.1","84.0","84.5","3.8","9.1","0.0","0.0","0.0","0.0","6.5","21.1","5.7"
"20240809","제주특별자치도","서귀포시","30.3","34.3","27.7","27.4","27.7","30.4","25.5","0.0","8.6","10.7","10.3","0.0","5.6","26.36","0.0","0.0","72.6","80.9","82.5","4.9","9.6","6.7","0.0","0.0","0.0","6.1","12.7","2.9"
"20240808","제주특별자치도","제주시","30.6","33.5","28.0","29.7","27.8","30.8","25.5","0.0","0.0","10.6","11.6","3.4","6.3","24.31","15.02","0.0","71.6","74.9","76.4","3.8","6.6","5.9","0.0","0.0","0.0","5.7","10.4","3.0"
"20240808","제주특별자치도","북제주군","29.8","32.9","27.6","28.7","27.0","30.0","24.7","0.0","0.0","6.3","10.7","10.3","7.2","25.67","24.97","0.0","78.5","79.5","84.1","3.8","4.6","0.0","0.0","0.0","0.0","7.0","13.9","5.6"
"20240808","제주특별자치도","서귀포시","30.4","34.0","26.7","30.0","27.7","30.5","25.6","1.2","0.0","8.5","9.5","11.1","5.8","23.33","0.0","0.0","75.0","70.6","82.1","3.8","4.0","6.5","0.0","0.0","0.0","5.8","12.2","2.8"
"20240807","제주특별자치도","제주시","30.3","33.2","27.7","30.5","27.9","30.9","25.5","0.0","0.0","8.8","12.8","7.9","6.7","25.15","23.01","0.0","70.3","72.4","76.3","0.1","4.0","5.7","0.0","0.0","0.0","6.1","8.6","3.0"
"20240807","제주특별자치도","북제주군","29.5","32.1","26.7","28.5","27.1","30.2","24.7","0.0","0.0","5.7","12.0","12.6","7.9","26.5","27.29","0.0","76.9","82.6","84.0","1.0","2.6","0.0","0.0","0.0","0.0","8.2","14.3","5.4"
"20240807","제주특별자치도","서귀포시","30.2","33.3","27.3","30.6","27.8","30.6","25.7","0.0","0.0","7.8","9.2","12.5","6.4","22.8","0.0","0.0","73.3","69.6","81.7","1.9","1.6","6.2","0.0","0.0","0.0","4.6","10.0","2.8"
"20240806","제주특별자치도","제주시","30.3","32.3","28.3","30.0","27.9","31.0","25.5","0.0","0.0","7.8","11.8","7.4","7.1","22.38","20.62","0.0","72.1","74.4","76.1","3.4","3.4","5.4","0.0","0.0","0.0","9.2","8.9","2.9"
"20240806","제주특별자치도","북제주군","29.4","33.1","26.7","28.7","27.1","30.2","24.7","0.0","0.0","5.6","11.3","12.7","8.0","25.92","27.19","0.0","78.0","80.1","84.4","3.3","2.4","0.0","0.0","0.0","0.0","9.8","15.3","5.2"
"20240806","제주특별자치도","서귀포시","30.6","33.6","27.4","30.4","27.8","30.6","25.7","0.0","0.0","9.1","10.0","12.4","6.7","21.46","0.0","0.0","74.6","69.9","81.8","4.3","1.1","6.0","0.0","0.0","0.0","5.3","10.6","2.7"
"20240805","제주특별자치도","제주시","30.4","33.1","28.8","30.2","28.0","31.0","25.5","0.0","0.4","8.2","2.4","11.2","7.2","4.01","26.2","0.0","76.4","72.0","75.9","5.1","2.3","5.3","0.0","0.0","0.0","12.0","8.7","2.9"
"20240805","제주특별자치도","북제주군","29.7","32.3","27.5","28.7","27.1","30.1","24.7","0.0","0.0","5.3","9.4","8.6","7.9","22.39","17.94","0.0","78.3","79.8","84.7","4.5","3.8","0.0","0.0","0.0","0.0","8.7","11.9","5.2"
"20240805","제주특별자치도","서귀포시","30.1","33.6","27.7","30.0","27.8","30.6","25.7","0.3","1.6","8.5","6.5","11.2","6.7","16.92","0.0","0.0","77.8","71.6","81.9","4.9","2.8","6.0","0.0","0.0","0.0","4.7","8.5","2.7"
"20240804","제주특별자치도","제주시","31.1","34.5","29.1","30.7","28.0","31.1","25.6","0.0","0.0","5.2","12.1","10.7","7.5","25.18","24.58","0.0","74.8","69.4","75.6","2.4","3.8","5.1","0.0","0.0","0.0","5.9","9.8","2.9"
"20240804","제주특별자치도","북제주군","30.1","33.2","28.0","28.8","27.1","30.1","24.8","0.0","2.5","4.0","12.2","11.7","8.1","27.1","26.25","0.0","83.6","80.0","85.0","2.6","3.9","0.0","0.0","0.0","0.0","6.3","13.8","5.1"
"20240804","제주특별자치도","서귀포시","30.5","34.2","27.5","28.6","27.8","30.6","25.8","0.0","2.2","7.6","9.0","7.5","6.7","22.32","0.0","0.0","75.0","83.4","82.1","2.3","7.1","5.9","0.0","0.0","0.0","4.6","6.6","2.6"
"20240803","제주특별자치도","제주시","31.2","33.6","28.8","31.0","28.1","31.2","25.6","0.0","0.0","4.2","12.4","12.2","7.7","22.76","27.3","0.0","73.5","67.8","75.1","1.5","4.0","4.9","0.0","0.0","0.0","7.6","11.5","2.9"
"20240803","제주특별자치도","북제주군","29.9","33.1","27.7","29.4","27.1","30.1","24.8","0.0","0.0","3.6","12.2","12.8","8.1","26.89","27.74","0.0","85.0","74.0","85.1","2.1","3.3","0.0","0.0","0.0","0.0","6.2","14.5","5.2"
"20240803","제주특별자치도","서귀포시","30.6","33.3","28.2","29.4","27.9","30.6","25.8","23.2","0.0","6.5","10.4","10.1","6.8","20.4","0.0","0.0","81.3","77.5","82.3","2.3","5.9","5.9","0.0","0.0","0.0","6.0","6.2","2.6"
"20240802","제주특별자치도","제주시","31.0","34.7","28.0","30.2","28.2","31.3","25.7","0.0","0.0","4.2","11.9","10.2","8.0","24.75","24.57","0.0","73.3","71.8","74.9","1.0","2.1","4.8","0.0","0.0","0.0","6.0","13.5","2.9"
"20240802","제주특별자치도","북제주군","28.9","30.6","27.8","29.8","27.1","30.0","24.9","0.0","0.0","2.8","11.7","12.7","7.9","26.06","27.66","0.0","89.3","68.3","85.0","1.6","3.3","0.0","0.0","0.0","0.0","8.0","12.0","5.3"
"20240802","제주특별자치도","서귀포시","30.1","32.1","28.7","30.2","27.9","30.6","25.8","0.0","0.0","6.1","6.9","12.5","6.8","17.71","0.0","0.0","83.1","68.1","82.3","3.4","2.0","6.0","0.0","0.0","0.0","6.5","6.6","2.6"
"20240801","제주특별자치도","제주시","30.8","33.5","28.3","29.0","28.2","31.4","25.7","0.0","0.0","4.3","12.1","10.5","8.0","26.33","24.97","0.0","72.1","79.3","75.0","1.4","4.5","4.8","0.0","0.0","0.0","8.5","12.0","2.8"
"20240801","제주특별자치도","북제주군","28.7","30.6","27.8","28.3","27.1","29.9","24.9","0.0","0.0","2.5","7.3","11.6","7.9","21.72","25.96","0.0","86.6","80.1","85.1","2.3","5.3","0.0","0.0","0.0","0.0","9.6","7.7","5.2"
"20240801","제주특별자치도","서귀포시","30.2","32.4","28.3","29.6","27.9","30.6","25.8","0.0","0.0","4.6","9.7","11.9","6.7","24.56","0.0","0.0","80.4","67.9","82.3","4.0","4.8","6.0","0.0","0.0","0.0","7.1","6.8","2.5"
"20240731","제주특별자치도","제주시","30.2","32.7","27.0","29.7","28.1","31.4","25.6","0.0","0.0","2.9","11.8","10.5","8.2","24.65","23.7","0.0","70.8","67.8","75.6","2.3","5.4","4.8","0.0","0.0","0.0","7.3","10.8","2.7"
"20240731","제주특별자치도","북제주군","28.7","30.8","27.4","27.5","27.0","29.9","24.8","0.0","0.6","2.0","12.2","8.3","8.1","27.77","20.99","0.0","85.8","79.3","85.6","1.1","6.4","0.0","0.0","0.0","0.0","10.2","11.6","5.1"
"20240731","제주특별자치도","서귀포시","30.2","32.7","27.9","28.7","27.9","30.7","25.8","0.0","3.4","4.4","12.0","8.9","7.0","28.23","0.0","0.0","79.1","72.5","82.4","2.3","6.1","5.8","0.0","0.0","0.0","7.3","6.0","2.4"
"20240730","제주특별자치도","제주시","30.6","33.9","27.5","30.0","28.0","31.3","25.4","0.0","0.0","2.5","13.1","9.0","8.1","27.07","22.26","0.0","68.0","64.1","76.1","0.0","2.6","4.9","0.0","0.0","0.0","10.8","9.2","2.6"
"20240730","제주특별자치도","북제주군","28.2","29.9","26.8","27.8","26.9","29.7","24.7","0.0","0.0","2.0","11.5","11.1","7.9","27.81","26.03","0.0","86.9","83.8","86.0","0.4","2.8","0.0","0.0","0.0","0.0","7.2","11.1","5.0"
"20240730","제주특별자치도","서귀포시","29.4","32.4","27.4","27.9","27.8","30.6","25.7","0.0","1.3","4.0","12.3","10.5","6.9","28.23","0.0","0.0","79.3","82.5","82.5","1.1","3.4","5.8","0.0","0.0","0.0","9.1","4.5","2.4"
"20240729","제주특별자치도","제주시","30.0","33.3","26.6","30.5","27.8","31.0","25.2","0.0","0.0","3.8","12.1","7.0","7.7","25.22","21.34","0.0","71.0","62.0","76.7","0.8","6.3","5.2","0.0","0.0","0.0","10.5","11.1","2.6"
"20240729","제주특별자치도","북제주군","28.3","30.2","26.9","27.5","26.7","29.6","24.5","0.0","0.0","2.5","12.0","5.6","7.6","28.39","20.71","0.0","87.6","85.0","86.5","0.0","7.0","0.0","0.0","0.0","0.0","9.6","13.3","4.9"
"20240729","제주특별자치도","서귀포시","29.5","32.7","27.3","28.1","27.6","30.4","25.5","0.0","0.0","4.4","11.1","5.7","6.7","28.01","0.0","0.0","81.3","83.6","82.8","2.4","6.9","5.9","0.0","0.0","0.0","8.2","4.7","2.4"
"20240728","제주특별자치도","제주시","30.1","32.7","27.7","28.9","27.5","30.7","25.0","0.0","3.3","4.9","12.3","2.0","7.5","25.18","12.4","0.0","69.6","74.6","77.4","2.3","9.1","5.3","0.0","0.0","0.0","8.2","10.1","2.6"
"20240728","제주특별자치도","북제주군","28.3","30.0","26.9","26.4","26.6","29.3","24.4","0.0","16.9","3.0","10.6","1.2","7.6","27.0","8.97","0.0","89.0","92.3","86.9","0.0","8.9","0.0","0.0","0.0","0.0","14.3","16.0","4.8"
"20240728","제주특별자치도","서귀포시","29.7","32.5","28.0","26.9","27.4","30.2","25.3","0.6","30.6","5.3","6.7","1.0","6.5","22.28","0.0","0.0","83.8","89.1","83.1","6.4","9.5","6.0","0.0","0.0","0.0","7.4","7.3","2.4"
"20240727","제주특별자치도","제주시","30.5","34.6","27.1","30.0","27.3","30.5","24.8","6.2","0.0","4.6","2.9","9.6","7.6","12.2","24.72","0.0","68.9","68.6","77.5","8.4","6.4","5.3","0.0","0.0","0.0","9.2","10.9","2.7"
"20240727","제주특별자치도","북제주군","28.5","30.7","26.9","27.8","26.4","29.2","24.3","0.4","0.0","3.0","10.9","7.9","7.6","27.18","22.41","0.0","88.4","86.6","87.1","5.4","6.5","0.0","0.0","0.0","0.0","17.5","12.4","4.9"
"20240727","제주특별자치도","서귀포시","29.4","32.7","27.2","28.0","27.3","30.2","25.2","0.0","0.0","5.2","2.9","8.0","6.6","17.39","0.0","0.0","85.8","87.4","83.1","7.9","7.0","5.9","0.0","0.0","0.0","8.2","4.5","2.4"
"20240726","제주특별자치도","제주시","28.2","29.6","26.9","29.3","27.2","30.3","24.8","35.9","3.0","6.1","0.0","10.0","7.4","2.62","24.77","0.0","81.1","73.3","77.2","10.0","7.4","5.4","0.0","0.0","0.0","16.0","5.4","2.8"
"20240726","제주특별자치도","북제주군","27.7","30.3","25.8","27.3","26.3","29.0","24.2","5.6","3.0","3.9","3.8","7.3","7.2","15.87","22.04","0.0","90.3","87.9","87.3","7.8","6.9","0.0","0.0","0.0","0.0","17.6","10.7","4.9"
"20240726","제주특별자치도","서귀포시","27.8","30.5","25.6","27.9","27.2","30.0","25.0","44.1","16.7","6.3","0.1","10.4","6.2","6.77","0.0","0.0","91.1","87.1","83.3","9.8","7.5","6.1","0.0","0.0","0.0","13.7","7.1","2.4"
"20240725","제주특별자치도","제주시","30.6","34.5","28.1","27.4","27.2","30.2","24.7","2.0","0.1","6.6","6.4","0.1","7.3","17.64","9.41","0.0","67.8","77.1","76.8","6.6","9.4","5.4","0.0","0.0","0.0","13.2","4.3","2.9"
"20240725","제주특별자치도","북제주군","29.0","31.6","26.3","26.0","26.2","28.9","24.1","1.1","1.0","3.5","10.3","0.9","6.9","25.0","9.7","0.0","83.5","91.1","87.2","3.6","9.3","0.0","0.0","0.0","0.0","16.7","10.6","5.0"
"20240725","제주특별자치도","서귀포시","29.8","32.6","27.2","26.4","27.0","29.8","24.9","5.4","12.2","6.2","6.5","0.5","6.1","20.49","0.0","0.0","82.5","88.6","83.4","7.5","9.5","6.2","0.0","0.0","0.0","10.0","3.3","2.5"
"20240724","제주특별자치도","제주시","30.3","33.0","28.3","27.6","27.2","30.3","24.7","0.0","3.1","6.5","11.9","0.0","7.4","23.03","7.03","0.0","73.8","79.4","76.7","5.3","9.5","5.3","0.0","0.0","0.0","7.0","10.9","2.9"
"20240724","제주특별자치도","북제주군","28.9","31.2","27.0","25.4","26.1","28.7","24.1","0.0","4.9","2.7","11.6","0.0","7.0","25.53","6.09","0.0","87.0","95.8","87.4","4.5","9.9","0.0","0.0","0.0","0.0","12.2","13.8","5.1"
"20240724","제주특별자치도","서귀포시","30.3","32.7","28.1","25.7","27.0","29.8","24.9","0.8","21.5","5.5","9.9","0.0","6.0","23.78","0.0","0.0","82.6","92.0","83.7","8.0","8.9","6.3","0.0","0.0","0.0","4.5","8.6","2.4"
"20240723","제주특별자치도","제주시","29.9","32.7","27.8","29.3","27.3","30.5","24.7","0.0","0.0","5.5","10.6","0.2","7.4","25.66","10.76","0.0","71.9","68.6","76.2","5.3","9.3","5.2","0.0","0.0","0.0","8.3","12.0","2.9"
"20240723","제주특별자치도","북제주군","28.3","30.7","26.7","26.6","26.0","28.7","24.0","0.0","0.3","2.4","10.4","0.8","6.9","25.94","12.33","0.0","91.1","95.9","87.8","6.9","7.9","0.0","0.0","0.0","0.0","13.4","12.3","5.1"
"20240723","제주특별자치도","서귀포시","30.0","33.0","28.5","26.8","26.9","29.6","24.9","0.0","0.0","4.4","6.5","0.0","5.8","22.17","0.0","0.0","85.1","95.0","84.3","8.4","10.0","6.4","0.0","0.0","0.0","6.8","6.3","2.4"
"20240722","제주특별자치도","제주시","29.7","33.0","26.9","26.7","27.2","30.4","24.8","0.0","52.0","6.0","11.3","0.3","7.2","24.9","5.75","0.0","74.9","79.1","76.3","5.0","10.0","5.4","0.0","0.0","0.0","9.1","7.0","2.9"
"20240722","제주특별자치도","북제주군","28.0","30.0","26.3","25.8","25.9","28.5","24.0","0.0","9.5","2.7","9.8","0.0","6.6","25.69","7.81","0.0","93.1","94.9","88.2","3.0","9.4","0.0","0.0","0.0","0.0","12.4","16.1","5.1"
"20240722","제주특별자치도","서귀포시","29.4","32.3","27.6","25.8","26.8","29.5","24.8","0.0","112.1","5.4","6.4","0.0","5.5","22.05","0.0","0.0","86.4","94.8","84.8","7.9","9.8","6.6","0.0","0.0","0.0","7.1","11.6","2.4"
"20240721","제주특별자치도","제주시","30.4","35.1","26.2","27.6","27.2","30.5","24.6","0.0","0.0","5.7","4.7","1.2","7.5","16.01","11.31","0.0","70.9","70.3","76.3","5.9","8.3","5.3","0.0","0.0","0.0","12.4","8.9","2.8"
"20240721","제주특별자치도","북제주군","27.3","29.1","24.6","25.6","25.9","28.5","23.9","0.0","4.4","2.2","6.0","2.4","6.7","20.07","14.61","0.0","93.6","86.9","88.3","4.3","8.1","0.0","0.0","0.0","0.0","13.4","12.0","5.1"
"20240721","제주특별자치도","서귀포시","28.9","31.2","27.4","26.1","26.8","29.5","24.7","0.0","0.6","4.9","3.6","1.0","5.5","16.16","0.0","0.0","85.9","86.4","84.9","7.8","9.6","6.6","0.0","0.0","0.0","8.1","5.4","2.4"
"20240720","제주특별자치도","제주시","31.1","35.5","26.7","26.0","27.0","30.3","24.4","0.0","0.0","5.4","10.8","0.0","7.2","26.51","8.76","0.0","65.5","83.6","76.6","4.9","9.6","5.4","0.0","0.0","0.0","13.4","6.1","2.8"
"20240720","제주특별자치도","북제주군","27.3","29.0","25.8","24.7","25.8","28.5","23.8","0.0","0.0","2.6","4.2","0.1","6.7","18.91","8.6","0.0","94.9","90.9","88.4","4.8","8.8","0.0","0.0","0.0","0.0","13.0","5.8","5.0"
"20240720","제주특별자치도","서귀포시","28.5","30.8","27.3","25.6","26.6","29.2","24.6","0.0","0.0","5.5","1.0","0.0","5.3","11.82","0.0","0.0","89.6","84.6","85.2","8.5","9.6","6.6","0.0","0.0","0.0","7.6","3.1","2.4"
"20240719","제주특별자치도","제주시","28.0","34.2","23.9","25.4","26.9","30.1","24.3","32.3","0.3","4.9","3.0","1.4","7.0","11.59","10.61","0.0","80.1","85.1","76.5","8.3","9.5","5.5","0.0","0.0","0.0","13.8","10.5","2.8"
"20240719","제주특별자치도","북제주군","26.0","27.7","22.8","24.0","25.6","28.3","23.6","24.1","0.0","2.8","1.2","1.5","6.6","12.99","14.53","0.0","95.0","93.3","88.3","8.8","6.5","0.0","0.0","0.0","0.0","19.9","12.7","4.9"
"20240719","제주특별자치도","서귀포시","26.7","27.8","23.7","25.9","26.4","29.0","24.5","27.8","0.0","5.6","0.1","5.3","5.2","5.47","0.0","0.0","90.0","86.0","85.3","9.0","7.8","6.7","0.0","0.0","0.0","10.9","6.6","2.3"
"20240718","제주특별자치도","제주시","30.1","34.2","27.6","27.5","26.6","29.8","24.2","2.0","38.2","5.0","4.0","1.6","6.8","15.31","10.32","0.0","69.8","83.5","76.6","8.6","8.0","5.7","0.0","0.0","0.0","15.5","11.1","2.8"
"20240718","제주특별자치도","북제주군","26.6","28.0","25.9","25.5","25.3","28.1","23.4","0.6","15.3","3.4","2.1","1.1","6.3","14.4","12.84","0.0","95.6","97.1","88.5","9.1","6.9","0.0","0.0","0.0","0.0","14.3","17.4","4.9"
"20240718","제주특별자치도","서귀포시","27.4","28.2","26.2","25.9","26.2","28.8","24.2","0.5","11.3","6.4","0.0","0.1","5.3","3.42","0.0","0.0","93.1","95.5","85.5","9.3","9.6","6.8","0.0","0.0","0.0","10.8","10.2","2.3"
"20240717","제주특별자치도","제주시","30.1","35.2","26.6","27.8","26.5","29.6","23.9","0.0","20.2","4.9","10.1","1.7","6.7","24.73","11.24","0.0","65.4","82.4","76.7","7.6","7.4","5.9","0.0","0.0","0.0","11.8","6.9","2.8"
"20240717","제주특별자치도","북제주군","27.0","29.0","25.7","26.4","25.1","27.9","23.2","0.0","15.2","3.4","8.0","0.3","6.1","24.83","14.73","0.0","93.9","93.4","88.8","7.5","8.1","0.0","0.0","0.0","0.0","13.5","12.4","5.0"
"20240717","제주특별자치도","서귀포시","28.1","30.9","26.9","26.6","26.0","28.5","24.0","0.0","5.0","6.8","2.3","1.7","5.0","15.98","0.0","0.0","90.1","92.3","86.3","8.3","9.5","7.0","0.0","0.0","0.0","7.8","5.9","2.2"
"20240716","제주특별자치도","제주시","29.8","33.3","25.7","28.2","26.2","29.3","23.8","0.0","11.8","4.2","4.0","5.2","6.2","18.95","16.32","0.0","67.8","81.6","77.0","8.5","6.9","6.2","0.0","0.0","0.0","12.8","12.2","2.8"
"20240716","제주특별자치도","북제주군","26.3","28.0","24.6","26.7","24.9","27.6","22.9","0.0","0.4","3.3","3.3","4.8","6.0","18.09","18.17","0.0","96.1","95.8","89.2","7.3","4.9","0.0","0.0","0.0","0.0","12.5","11.2","5.1"
"20240716","제주특별자치도","서귀포시","27.8","30.0","25.3","26.7","25.7","28.3","23.9","0.0","17.6","6.1","2.1","0.2","4.7","15.66","0.0","0.0","90.9","96.0","86.8","8.9","9.6","7.3","0.0","0.0","0.0","9.5","6.9","2.2"
"20240715","제주특별자치도","제주시","25.7","28.1","24.2","30.8","26.1","29.2","23.7","6.2","0.4","5.4","0.5","6.9","5.9","7.42","22.59","0.0","87.0","65.1","77.7","9.9","7.4","6.5","0.0","0.0","0.0","5.5","18.3","2.8"
"20240715","제주특별자치도","북제주군","24.9","26.4","24.4","26.6","24.6","27.2","22.8","3.2","0.0","4.4","0.0","3.1","5.7","7.41","19.62","0.0","97.5","94.6","90.0","9.4","6.8","0.0","0.0","0.0","0.0","10.7","15.6","5.2"
"20240715","제주특별자치도","서귀포시","25.4","27.1","24.4","26.4","25.6","28.2","23.7","30.7","0.0","8.7","0.0","0.0","4.5","5.14","0.0","0.0","94.9","95.3","87.5","10.0","10.0","7.6","0.0","0.0","0.0","8.6","7.2","2.3"
"20240714","제주특별자치도","제주시","26.2","29.7","24.6","30.4","26.0","29.1","23.5","0.0","0.0","5.4","0.1","3.3","5.7","5.21","18.06","0.0","80.8","61.3","78.4","10.0","8.8","6.7","0.0","0.0","0.0","15.4","19.5","2.8"
"20240714","제주특별자치도","북제주군","24.8","26.6","23.7","26.3","24.5","27.1","22.7","4.7","0.0","5.2","0.5","3.5","5.2","10.93","19.83","0.0","95.3","93.1","90.7","9.1","8.3","0.0","0.0","0.0","0.0","9.9","16.4","5.4"
"20240714","제주특별자치도","서귀포시","25.4","27.8","24.0","26.2","25.4","28.0","23.6","36.4","0.0","9.9","0.1","0.0","4.1","5.39","0.0","0.0","94.1","94.1","88.3","10.0","10.0","7.9","0.0","0.0","0.0","5.8","6.5","2.3"
"20240713","제주특별자치도","제주시","25.2","27.5","23.2","29.7","25.8","28.9","23.4","1.2","0.0","6.6","0.1","0.1","5.1","4.09","12.01","0.0","82.1","66.9","79.1","9.4","9.4","7.0","0.0","0.0","0.0","7.6","14.8","2.9"
"20240713","제주특별자치도","북제주군","23.7","24.9","22.4","25.9","24.4","26.8","22.6","7.5","0.0","5.8","0.0","0.0","4.8","4.48","7.21","0.0","94.5","95.0","91.1","8.8","9.8","0.0","0.0","0.0","0.0","14.7","16.1","5.5"
"20240713","제주특별자치도","서귀포시","25.0","26.0","24.2","26.5","25.3","27.7","23.5","17.7","0.0","11.3","0.0","0.0","3.4","3.55","0.0","0.0","89.6","92.8","88.9","9.9","9.3","8.1","0.0","0.0","0.0","4.7","6.9","2.3"
"20240712","제주특별자치도","제주시","24.7","27.1","22.6","30.2","25.6","28.6","23.2","0.0","0.0","8.9","4.9","12.0","4.7","15.99","27.61","0.0","78.6","67.4","79.8","6.6","6.6","7.2","0.0","0.0","0.0","5.4","16.7","3.0"
"20240712","제주특별자치도","북제주군","23.6","26.2","21.6","25.8","24.2","26.6","22.3","0.0","0.0","6.7","7.6","0.0","4.4","20.71","6.95","0.0","87.8","95.3","91.1","4.9","7.4","0.0","0.0","0.0","0.0","6.4","13.5","5.6"
"20240712","제주특별자치도","서귀포시","24.7","28.3","20.8","26.2","25.1","27.5","23.3","0.0","0.8","13.0","10.8","0.3","3.4","27.2","0.0","0.0","81.6","94.1","88.8","6.1","9.4","8.1","0.0","0.0","0.0","4.4","5.1","2.4"
"20240711","제주특별자치도","제주시","24.0","25.5","22.9","30.2","25.4","28.4","23.0","0.2","0.0","9.4","0.0","8.3","4.6","4.96","25.59","0.0","84.5","65.6","80.2","9.8","7.4","7.2","0.0","0.0","0.0","8.4","16.1","3.1"
"20240711","제주특별자치도","북제주군","22.4","23.3","21.6","25.5","24.1","26.5","22.1","3.5","0.1","7.6","0.0","0.1","4.3","4.87","10.29","0.0","97.1","96.4","90.7","9.9","8.1","0.0","0.0","0.0","0.0","9.6","12.6","5.6"
"20240711","제주특별자치도","서귀포시","22.7","24.4","21.8","26.2","25.0","27.3","23.2","11.7","1.3","14.4","0.0","0.7","3.4","3.95","0.0","0.0","94.0","94.1","88.7","9.6","9.4","8.1","0.0","0.0","0.0","6.4","5.6","2.5"
"20240710","제주특별자치도","제주시","26.2","29.7","23.5","29.1","25.2","28.2","22.8","61.7","0.0","8.7","0.0","7.9","4.8","2.85","23.95","0.0","84.3","73.5","80.3","9.8","6.8","7.2","0.0","0.0","0.0","18.9","13.5","3.0"
"20240710","제주특별자치도","북제주군","24.2","25.3","22.3","25.3","23.9","26.4","21.9","11.5","0.0","7.9","0.0","1.5","4.1","3.9","12.67","0.0","97.8","95.9","90.4","9.8","6.3","0.0","0.0","0.0","0.0","16.4","14.8","5.4"
"20240710","제주특별자치도","서귀포시","25.4","26.6","23.7","26.0","24.8","27.1","22.9","6.7","0.7","12.0","0.0","0.1","3.3","3.21","0.0","0.0","93.4","93.4","88.5","9.9","9.9","8.0","0.0","0.0","0.0","11.8","5.6","2.5"
"20240709","제주특별자치도","제주시","31.0","34.1","28.7","29.5","24.9","27.9","22.4","0.0","15.2","9.0","5.6","0.4","4.7","20.0","11.31","0.0","58.3","72.0","80.5","7.3","8.4","7.2","0.0","0.0","0.0","18.7","12.9","3.1"
"20240709","제주특별자치도","북제주군","25.7","27.4","24.5","25.0","23.7","26.2","21.6","0.0","0.6","8.2","0.2","0.3","4.1","10.02","9.97","0.0","95.0","96.8","90.2","8.9","8.4","0.0","0.0","0.0","0.0","12.7","9.9","5.2"
"20240709","제주특별자치도","서귀포시","27.4","29.0","26.3","26.1","24.5","26.8","22.7","0.0","0.6","13.6","0.0","0.1","3.4","7.63","0.0","0.0","87.8","91.0","88.3","9.4","9.6","8.0","0.0","0.0","0.0","9.4","5.2","2.5"
"20240708","제주특별자치도","제주시","31.3","35.1","27.7","-99.0","24.6","27.6","22.1","0.0","43.5","10.0","8.6","0.1","4.9","21.46","4.48","0.0","61.0","0.0","80.9","8.4","0.0","7.2","0.0","0.0","0.0","17.6","11.9","3.0"
"20240708","제주특별자치도","북제주군","25.4","26.2","24.6","24.3","23.4","25.9","21.3","0.0","56.2","9.5","0.0","0.0","4.1","6.28","3.21","0.0","97.3","100.0","90.1","8.4","9.5","0.0","0.0","0.0","0.0","11.8","16.6","5.1"
"20240708","제주특별자치도","서귀포시","26.9","27.7","26.2","24.8","24.3","26.7","22.4","0.0","85.2","15.3","0.0","0.1","3.5","2.94","0.0","0.0","91.1","98.4","88.0","9.6","10.0","8.0","0.0","0.0","0.0","8.9","6.4","2.5"
"20240707","제주특별자치도","제주시","30.7","34.5","27.7","27.1","24.5","27.5","22.0","0.0","0.7","9.2","3.4","0.0","5.1","17.09","9.38","0.0","65.5","78.0","80.6","7.5","9.4","7.1","0.0","0.0","0.0","16.9","10.0","3.0"
"20240707","제주특별자치도","북제주군","25.4","26.4","24.7","24.9","23.2","25.8","21.2","0.0","1.4","9.0","0.0","0.0","4.2","6.76","5.35","0.0","97.0","98.8","90.2","8.1","10.0","0.0","0.0","0.0","0.0","12.3","11.1","4.9"
"20240707","제주특별자치도","서귀포시","26.6","27.8","26.1","25.4","24.1","26.6","22.2","1.5","2.8","13.4","0.0","0.0","3.6","2.57","0.0","0.0","93.3","97.0","87.3","9.8","10.0","7.9","0.0","0.0","0.0","7.1","5.5","2.5"
"20240706","제주특별자치도","제주시","30.6","34.8","25.3","24.9","24.4","27.4","21.9","0.0","0.0","9.6","11.2","11.4","4.9","24.24","27.59","0.0","59.3","75.3","80.7","6.8","5.5","7.3","0.0","0.0","0.0","16.9","6.7","3.0"
"20240706","제주특별자치도","북제주군","25.3","26.2","24.2","24.3","23.1","25.5","21.1","0.0","0.0","9.4","0.0","8.4","3.9","8.76","25.45","0.0","96.4","89.3","90.8","7.8","6.8","0.0","0.0","0.0","0.0","14.3","9.5","4.9"
"20240706","제주특별자치도","서귀포시","27.1","28.5","25.9","24.8","24.0","26.5","22.0","0.0","0.0","13.1","0.1","10.0","3.4","6.97","0.0","0.0","88.0","91.3","87.4","8.9","5.3","8.1","0.0","0.0","0.0","7.6","4.2","2.4"
"20240705","제주특별자치도","제주시","28.7","34.0","25.4","26.6","24.4","27.5","22.0","8.3","34.5","8.8","8.8","7.4","4.6","23.39","21.15","0.0","77.5","75.1","80.7","4.3","4.8","7.4","0.0","0.0","0.0","14.4","13.9","3.0"
"20240705","제주특별자치도","북제주군","25.0","27.0","23.9","24.5","23.0","25.4","21.2","1.6","26.4","8.0","5.4","8.3","3.7","21.59","24.98","0.0","96.9","92.4","91.2","2.4","4.6","0.0","0.0","0.0","0.0","9.5","14.8","5.0"
"20240705","제주특별자치도","서귀포시","25.9","28.8","24.9","26.3","24.0","26.6","22.0","2.7","32.4","12.2","5.2","8.3","3.3","20.2","0.0","0.0","93.3","89.1","87.4","8.4","5.1","8.1","0.0","0.0","0.0","7.8","8.6","2.4"
"20240704","제주특별자치도","제주시","27.2","30.0","24.5","27.1","24.5","27.7","22.1","0.0","0.0","9.0","12.5","0.4","4.5","27.39","14.48","0.0","80.5","81.9","80.4","1.4","9.8","7.5","0.0","0.0","0.0","7.9","4.9","2.9"
"20240704","제주특별자치도","북제주군","24.4","25.7","23.3","25.2","23.0","25.3","21.2","0.1","0.0","8.6","0.0","1.5","3.4","10.51","14.93","0.0","98.9","96.4","91.5","3.0","9.6","0.0","0.0","0.0","0.0","10.2","11.2","5.1"
"20240704","제주특별자치도","서귀포시","26.0","28.7","24.4","24.8","24.0","26.6","22.0","0.0","0.5","12.7","2.2","0.0","3.0","16.18","0.0","0.0","92.5","99.0","87.6","9.4","10.0","8.3","0.0","0.0","0.0","7.3","3.3","2.3"
"20240703","제주특별자치도","제주시","29.1","31.8","25.9","25.1","24.6","27.8","22.2","0.0","40.5","9.7","9.2","0.0","4.4","23.06","4.01","0.0","74.4","89.9","80.0","4.9","9.6","7.6","0.0","0.0","0.0","18.0","8.3","2.9"
"20240703","제주특별자치도","북제주군","24.0","24.9","23.4","23.9","22.9","25.2","21.3","0.0","10.9","9.3","0.0","0.0","3.3","10.06","4.56","0.0","99.0","99.5","91.9","4.5","9.5","0.0","0.0","0.0","0.0","14.0","8.9","5.1"
"20240703","제주특별자치도","서귀포시","24.9","25.6","24.2","24.7","23.9","26.5","22.0","1.5","11.7","12.0","0.0","0.0","2.9","3.32","0.0","0.0","97.6","99.0","87.9","10.0","9.9","8.4","0.0","0.0","0.0","10.5","6.8","2.3"
"20240702","제주특별자치도","제주시","29.7","33.2","24.0","26.0","24.6","27.8","22.1","0.0","5.6","10.4","8.5","4.6","4.1","25.23","20.62","0.0","65.6","83.3","80.6","6.5","8.4","7.7","0.0","0.0","0.0","23.5","8.2","2.8"
"20240702","제주특별자치도","북제주군","24.3","25.3","23.3","25.1","22.9","25.2","21.2","0.0","0.4","11.0","0.1","2.7","3.0","10.43","16.17","0.0","97.4","93.5","92.2","7.3","8.1","0.0","0.0","0.0","0.0","17.2","9.0","5.1"
"20240702","제주특별자치도","서귀포시","25.3","26.4","23.9","25.0","23.8","26.2","22.0","0.0","4.4","14.8","0.0","3.2","2.7","3.97","0.0","0.0","95.0","98.8","88.8","10.0","9.5","8.6","0.0","0.0","0.0","9.6","4.5","2.2"
"20240701","제주특별자치도","제주시","25.6","28.0","24.5","25.4","24.4","27.6","21.9","0.0","0.8","10.6","2.5","2.0","4.0","11.14","13.96","0.0","83.6","82.5","80.7","8.9","8.5","7.7","0.0","0.0","0.0","8.0","8.1","2.8"
"20240701","제주특별자치도","북제주군","23.5","25.2","22.8","23.8","22.7","25.0","21.0","2.8","3.3","11.3","0.0","3.8","3.0","7.04","19.04","0.0","98.6","94.0","92.2","9.4","7.6","0.0","0.0","0.0","0.0","12.9","6.6","5.1"
"20240701","제주특별자치도","서귀포시","24.5","28.0","23.3","23.9","23.6","25.9","21.8","5.6","6.1","15.5","0.6","2.5","2.6","8.3","0.0","0.0","94.5","99.0","88.9","9.4","9.3","8.5","0.0","0.0","0.0","6.5","5.1","2.2"
"20240630","제주특별자치도","제주시","26.8","28.0","25.1","25.8","24.2","27.3","21.6","5.4","68.8","12.0","0.0","0.0","4.1","6.85","1.5","0.0","81.0","86.5","80.8","9.9","10.0","7.6","0.0","0.0","0.0","23.8","14.3","2.8"
"20240630","제주특별자치도","북제주군","23.4","24.2","22.7","23.2","22.5","24.8","20.8","5.3","65.7","12.3","0.0","0.0","3.2","3.74","3.28","0.0","98.1","99.8","92.0","9.8","9.9","0.0","0.0","0.0","0.0","19.9","15.2","5.1"
"20240630","제주특별자치도","서귀포시","23.9","24.9","23.2","24.2","23.4","25.6","21.6","48.7","67.2","17.6","0.0","0.0","2.6","1.25","0.0","0.0","97.1","99.0","88.5","10.0","10.0","8.5","0.0","0.0","0.0","16.3","7.9","2.3"
"20240629","제주특별자치도","제주시","25.5","28.5","22.4","28.1","23.9","26.9","21.3","36.6","0.9","11.4","0.0","3.5","4.1","2.57","18.06","0.0","81.5","74.6","81.2","9.9","8.5","7.7","0.0","0.0","0.0","18.5","18.7","2.9"
"20240629","제주특별자치도","북제주군","23.0","24.1","21.8","23.7","22.3","24.6","20.5","47.5","0.1","11.1","0.0","0.0","3.3","2.52","9.18","0.0","99.0","98.9","91.6","9.8","8.5","0.0","0.0","0.0","0.0","17.4","19.3","5.0"
"20240629","제주특별자치도","서귀포시","23.8","24.6","22.3","24.5","23.2","25.5","21.4","136.8","0.5","15.2","0.0","0.0","2.8","0.95","0.0","0.0","96.3","99.0","88.1","10.0","10.0","8.4","0.0","0.0","0.0","11.2","9.1","2.4"
"20240628","제주특별자치도","제주시","24.1","27.7","20.3","28.6","23.6","26.6","21.1","0.7","0.0","9.8","2.4","7.7","4.0","15.98","25.08","0.0","81.6","72.6","81.3","8.9","5.6","7.7","0.0","0.0","0.0","6.3","15.2","2.9"
"20240628","제주특별자치도","북제주군","22.5","24.7","21.1","23.5","22.1","24.5","20.3","1.0","0.1","9.5","0.8","0.0","3.2","13.62","10.92","0.0","95.8","99.6","91.0","8.0","6.8","0.0","0.0","0.0","0.0","7.9","11.8","4.9"
"20240628","제주특별자치도","서귀포시","22.8","25.5","21.0","24.4","23.0","25.3","21.2","1.3","0.8","13.9","0.7","0.0","2.9","9.45","0.0","0.0","93.6","99.0","87.4","9.6","10.0","8.4","0.0","0.0","0.0","4.5","7.3","2.4"
"20240627","제주특별자치도","제주시","22.0","23.7","20.4","27.3","23.3","26.3","20.8","74.7","13.1","8.7","0.0","1.0","4.0","1.39","8.93","0.0","88.3","79.0","81.1","10.0","8.6","7.7","0.0","0.0","0.0","7.9","14.8","2.9"
"20240627","제주특별자치도","북제주군","21.4","22.2","19.9","23.0","21.9","24.4","20.1","85.1","6.2","8.1","0.0","0.0","3.3","1.88","4.61","0.0","98.3","100.0","90.3","9.9","9.4","0.0","0.0","0.0","0.0","12.2","12.2","4.8"
"20240627","제주특별자치도","서귀포시","22.2","22.9","21.3","23.7","22.9","25.2","21.0","80.7","6.2","12.2","0.0","0.0","2.8","1.9","0.0","0.0","94.5","99.0","86.6","10.0","10.0","8.4","0.0","0.0","0.0","7.6","8.9","2.5"
"20240626","제주특별자치도","제주시","23.1","26.4","21.0","28.5","23.1","26.0","20.6","0.0","0.0","8.8","1.9","1.6","4.1","14.04","15.89","0.0","66.8","68.6","81.1","8.1","8.4","7.7","0.0","0.0","0.0","9.6","15.7","2.9"
"20240626","제주특별자치도","북제주군","20.9","23.3","19.0","23.0","21.8","24.4","19.9","0.0","0.2","8.1","1.3","0.0","3.4","12.53","7.47","0.0","83.0","99.8","89.8","9.3","9.0","0.0","0.0","0.0","0.0","5.7","13.0","4.7"
"20240626","제주특별자치도","서귀포시","22.1","25.3","20.1","23.9","22.7","25.2","20.7","0.0","0.6","13.0","1.3","0.0","3.0","12.05","0.0","0.0","76.0","99.0","86.0","9.6","10.0","8.3","0.0","0.0","0.0","4.2","7.0","2.5"
"20240625","제주특별자치도","제주시","22.6","23.8","21.5","23.0","22.9","25.8","20.5","0.0","80.9","8.1","0.0","0.0","4.1","5.8","2.42","0.0","74.4","87.1","80.8","9.6","10.0","7.8","0.0","0.0","0.0","4.5","10.9","2.9"
"20240625","제주특별자치도","북제주군","21.0","22.4","19.3","21.8","21.7","24.3","19.8","0.0","61.8","7.6","0.0","0.0","3.5","7.17","3.18","0.0","84.4","97.8","89.3","10.0","10.0","0.0","0.0","0.0","0.0","8.8","19.6","4.6"
"20240625","제주특별자치도","서귀포시","22.3","24.3","20.4","22.4","22.6","25.1","20.5","0.1","146.1","11.8","0.0","0.0","3.1","3.92","0.0","0.0","81.3","99.0","85.5","9.8","10.0","8.2","0.0","0.0","0.0","6.7","6.8","2.4"
"20240624","제주특별자치도","제주시","25.6","29.8","23.8","25.3","22.6","25.6","20.3","0.0","0.0","8.7","5.0","5.3","4.0","19.5","19.71","0.0","75.6","65.9","80.7","7.8","9.3","7.7","0.0","0.0","0.0","11.9","11.9","2.8"
"20240624","제주특별자치도","북제주군","22.6","24.4","21.3","23.4","21.6","24.2","19.6","0.0","0.0","8.2","3.5","5.4","3.6","18.08","20.23","0.0","96.1","81.0","89.0","8.8","9.4","0.0","0.0","0.0","0.0","8.1","13.8","4.5"
"20240624","제주특별자치도","서귀포시","23.9","27.4","22.3","23.9","22.4","25.0","20.4","0.0","0.0","13.1","3.9","6.3","3.2","17.15","0.0","0.0","88.1","73.6","85.2","8.9","9.0","8.2","0.0","0.0","0.0","9.0","6.8","2.4"
"20240623","제주특별자치도","제주시","24.6","27.4","21.8","23.5","22.5","25.5","20.1","27.0","0.0","7.9","0.8","10.3","4.2","10.54","26.94","0.0","80.1","72.1","80.8","9.4","7.1","7.6","0.0","0.0","0.0","13.2","8.1","2.8"
"20240623","제주특별자치도","북제주군","22.3","23.5","21.0","21.5","21.6","24.3","19.5","44.8","0.0","7.2","1.2","10.3","4.1","12.55","27.3","0.0","96.4","87.6","88.6","9.5","7.1","0.0","0.0","0.0","0.0","11.4","7.8","4.4"
"20240623","제주특별자치도","서귀포시","23.4","25.2","22.3","23.4","22.4","25.1","20.3","36.3","0.0","12.8","0.3","10.8","3.4","8.24","0.0","0.0","93.3","76.6","84.7","9.8","7.0","8.0","0.0","0.0","0.0","8.4","4.0","2.4"
"20240622","제주특별자치도","제주시","25.9","29.4","23.3","23.3","22.4","25.4","19.9","24.4","0.0","7.0","0.0","8.0","4.7","5.58","23.24","0.0","82.5","71.0","80.6","10.0","7.8","7.4","0.0","0.0","0.0","16.6","8.7","2.7"
"20240622","제주특별자치도","북제주군","22.8","23.4","22.4","21.5","21.5","24.3","19.3","21.5","0.0","6.7","0.0","5.0","4.6","2.94","21.04","0.0","99.0","88.9","88.5","10.0","8.4","0.0","0.0","0.0","0.0","17.9","11.0","4.2"
"20240622","제주특별자치도","서귀포시","23.7","24.3","23.4","23.1","22.4","25.2","20.1","21.4","0.0","11.5","0.0","6.9","4.0","1.88","0.0","0.0","96.1","79.0","84.2","10.0","7.6","7.7","0.0","0.0","0.0","9.4","7.3","2.3"
"20240621","제주특별자치도","제주시","24.9","28.5","21.7","22.3","22.2","25.2","19.8","0.0","0.2","7.5","5.2","0.0","4.8","18.44","4.6","0.0","78.3","86.6","80.8","8.3","9.0","7.2","0.0","0.0","0.0","6.7","10.8","2.6"
"20240621","제주특별자치도","북제주군","23.1","25.5","20.6","21.2","21.3","24.1","19.2","8.9","0.0","6.0","4.4","0.0","4.8","20.71","7.36","0.0","93.0","94.6","88.7","6.5","7.0","0.0","0.0","0.0","0.0","10.5","12.7","4.3"
"20240621","제주특별자치도","서귀포시","23.4","25.6","21.4","23.5","22.3","25.2","20.1","0.1","0.0","10.2","0.6","5.0","4.3","12.43","0.0","0.0","89.9","89.0","83.9","9.6","7.3","7.5","0.0","0.0","0.0","3.9","6.5","2.2"
"20240620","제주특별자치도","제주시","22.6","24.5","21.7","24.8","22.1","25.1","19.7","92.9","3.9","8.9","0.0","3.1","4.8","0.84","10.75","0.0","82.4","77.3","81.0","9.9","8.3","7.2","0.0","0.0","0.0","15.0","12.3","2.5"
"20240620","제주특별자치도","북제주군","20.8","21.8","19.4","23.1","21.2","24.0","19.0","127.0","6.9","6.7","0.0","1.9","4.8","2.0","8.49","0.0","96.8","89.0","88.9","8.8","8.0","0.0","0.0","0.0","0.0","16.8","13.5","4.4"
"20240620","제주특별자치도","서귀포시","21.6","22.9","20.4","23.1","22.3","25.1","20.0","223.0","41.0","11.4","0.0","0.1","4.4","1.08","0.0","0.0","93.6","95.6","83.7","9.9","8.9","7.5","0.0","0.0","0.0","8.2","6.4","2.2"
"20240619","제주특별자치도","제주시","24.9","29.0","22.1","24.4","21.9","25.0","19.5","0.0","0.0","8.6","6.4","10.6","5.1","17.83","25.38","0.0","58.0","65.8","80.7","8.1","5.3","7.0","0.0","0.0","0.0","8.9","13.4","2.5"
"20240619","제주특별자치도","북제주군","22.3","27.5","20.2","22.6","21.0","24.0","18.8","0.0","0.0","6.4","4.5","9.8","5.1","15.65","25.54","0.0","75.4","78.3","88.4","8.4","5.8","0.0","0.0","0.0","0.0","13.9","12.3","4.3"
"20240619","제주특별자치도","서귀포시","23.9","28.9","21.6","23.5","22.2","25.1","19.8","0.0","0.0","11.0","5.6","11.4","4.6","16.7","0.0","0.0","64.5","77.1","82.9","8.8","5.6","7.4","0.0","0.0","0.0","4.9","6.5","2.2"
"20240618","제주특별자치도","제주시","25.0","31.2","19.2","23.4","21.8","24.9","19.3","0.0","0.0","7.7","13.5","0.4","5.3","29.36","12.37","0.0","49.4","65.4","79.8","1.4","8.3","6.8","0.0","0.0","0.0","7.7","4.9","2.5"
"20240618","제주특별자치도","북제주군","22.1","24.5","19.0","21.5","20.9","24.0","18.6","0.0","2.0","5.8","13.2","0.0","5.3","30.17","10.9","0.0","78.8","79.6","87.5","1.8","8.8","0.0","0.0","0.0","0.0","9.8","5.7","4.3"
"20240618","제주특별자치도","서귀포시","24.4","30.1","16.9","22.9","22.1","25.0","19.7","0.0","2.3","9.6","12.8","1.5","4.7","30.27","0.0","0.0","54.1","84.6","81.2","1.9","8.9","7.2","0.0","0.0","0.0","3.7","3.9","2.2"
"20240617","제주특별자치도","제주시","22.5","24.6","20.4","23.0","21.7","24.7","19.2","0.3","0.0","7.5","1.2","9.4","5.4","5.7","26.25","0.0","73.3","69.8","78.9","7.4","5.4","6.8","0.0","0.0","0.0","7.2","8.7","2.6"
"20240617","제주특별자치도","북제주군","20.8","22.1","19.7","22.4","20.8","23.9","18.5","1.5","0.0","5.6","1.4","8.5","5.6","6.65","26.27","0.0","85.4","74.9","86.7","7.5","6.4","0.0","0.0","0.0","0.0","8.7","10.7","4.3"
"20240617","제주특별자치도","서귀포시","21.2","23.2","18.4","22.9","21.9","24.9","19.5","3.8","0.0","9.1","0.5","9.2","5.0","5.25","0.0","0.0","77.4","78.5","79.9","7.1","6.5","7.2","0.0","0.0","0.0","4.4","4.8","2.3"
"20240616","제주특별자치도","제주시","25.0","28.8","22.3","22.3","21.5","24.6","19.0","0.0","0.0","6.1","9.3","10.7","5.5","24.2","24.77","0.0","70.9","60.1","77.9","5.5","4.0","6.7","0.0","0.0","0.0","6.3","6.0","2.6"
"20240616","제주특별자치도","북제주군","23.1","25.9","21.1","20.6","20.7","23.8","18.3","0.0","0.0","5.4","9.8","8.8","5.7","25.48","24.38","0.0","86.3","78.1","85.6","4.4","5.6","0.0","0.0","0.0","0.0","8.1","6.6","4.1"
"20240616","제주특별자치도","서귀포시","25.2","29.7","21.2","22.1","21.8","24.8","19.3","0.0","0.0","8.7","11.1","9.0","4.9","25.37","0.0","0.0","73.9","74.3","79.0","5.1","4.9","7.2","0.0","0.0","0.0","4.0","4.0","2.4"
"20240615","제주특별자치도","제주시","24.9","27.5","22.0","22.3","21.4","24.5","18.8","0.0","0.0","4.5","10.3","12.0","5.8","25.83","27.35","0.0","75.0","68.8","77.1","5.1","1.6","6.5","0.0","0.0","0.0","6.6","6.8","2.6"
"20240615","제주특별자치도","북제주군","23.6","26.1","21.9","20.6","20.6","23.8","18.1","4.0","0.0","5.0","4.0","12.7","6.1","17.66","28.38","0.0","87.5","80.6","84.8","3.4","1.3","0.0","0.0","0.0","0.0","7.1","8.1","4.0"
"20240615","제주특별자치도","서귀포시","25.0","27.6","22.7","22.6","21.8","24.8","19.2","0.0","0.0","7.4","6.3","11.5","5.2","22.92","0.0","0.0","80.9","75.0","78.0","5.6","1.8","7.0","0.0","0.0","0.0","4.2","6.6","2.3"
"20240614","제주특별자치도","제주시","25.4","31.4","21.5","22.7","21.4","24.5","18.8","0.0","0.0","4.0","9.4","8.9","6.1","23.34","5.91","0.0","69.4","70.5","76.6","5.8","5.1","6.4","0.0","0.0","0.0","8.3","5.4","2.7"
"20240614","제주특별자치도","북제주군","23.6","27.6","20.7","21.0","20.5","23.7","18.1","0.0","0.0","4.6","4.2","9.5","6.3","18.52","25.44","0.0","80.9","81.9","84.8","5.6","4.9","0.0","0.0","0.0","0.0","10.0","8.8","4.2"
"20240614","제주특별자치도","서귀포시","24.6","27.9","21.9","22.9","21.8","24.9","19.2","0.5","0.0","6.2","4.1","8.7","5.5","18.31","0.0","0.0","75.5","78.4","78.0","6.5","6.1","6.7","0.0","0.0","0.0","4.7","4.4","2.3"
"20240613","제주특별자치도","제주시","23.7","28.8","20.2","21.5","21.4","24.6","18.8","0.0","0.0","4.5","13.1","2.7","6.0","27.53","11.58","0.0","70.1","85.5","76.8","1.4","9.4","6.5","0.0","0.0","0.0","6.2","5.5","2.7"
"20240613","제주특별자치도","북제주군","22.3","25.6","19.6","20.0","20.4","23.5","18.1","0.0","0.0","4.9","12.6","2.5","6.0","29.14","16.48","0.0","82.1","92.5","85.3","1.0","7.9","0.0","0.0","0.0","0.0","7.2","7.5","4.2"
"20240613","제주특별자치도","서귀포시","24.5","28.0","20.7","22.5","21.7","24.8","19.2","0.0","0.0","6.8","12.4","4.3","5.4","29.33","0.0","0.0","70.5","89.8","79.1","2.4","9.6","6.7","0.0","0.0","0.0","5.9","4.0","2.3"
"20240612","제주특별자치도","제주시","22.1","26.1","19.0","22.2","21.4","24.8","18.8","0.0","0.0","4.4","9.5","5.8","5.7","20.12","19.45","0.0","78.6","90.4","77.0","3.5","7.9","6.6","0.0","0.0","0.0","7.6","7.3","2.7"
"20240612","제주특별자치도","북제주군","21.3","25.4","18.2","20.8","20.4","23.5","18.1","0.0","0.0","5.0","5.5","5.6","5.4","16.12","19.67","0.0","83.1","92.0","85.5","3.9","6.1","0.0","0.0","0.0","0.0","7.8","8.9","4.3"
"20240612","제주특별자치도","서귀포시","23.6","27.0","20.0","23.0","21.6","24.6","19.3","0.0","0.0","7.6","9.1","5.4","4.9","22.28","0.0","0.0","73.0","91.0","80.1","5.3","7.8","7.0","0.0","0.0","0.0","4.3","4.4","2.3"
"20240611","제주특별자치도","제주시","21.7","24.8","19.2","21.9","21.4","24.8","18.7","0.0","0.0","3.8","6.2","5.0","5.9","19.78","18.74","0.0","75.4","89.9","77.0","6.1","7.6","6.5","0.0","0.0","0.0","4.7","6.0","2.7"
"20240611","제주특별자치도","북제주군","20.5","22.7","18.5","21.6","20.4","23.5","18.0","0.0","0.0","4.1","6.8","3.9","5.5","21.09","18.19","0.0","88.9","90.1","85.5","6.5","6.0","0.0","0.0","0.0","0.0","4.8","8.9","4.4"
"20240611","제주특별자치도","서귀포시","21.7","25.5","17.4","22.8","21.6","24.5","19.2","0.0","0.0","6.4","6.9","6.7","4.9","21.55","0.0","0.0","74.8","90.8","80.3","8.1","8.4","6.9","0.0","0.0","0.0","5.0","4.0","2.3"
"20240610","제주특별자치도","제주시","23.6","29.2","18.9","23.8","21.2","24.6","18.6","0.0","0.0","3.6","11.7","9.6","5.7","26.2","26.26","0.0","58.5","80.5","77.3","2.9","6.3","6.7","0.0","0.0","0.0","7.6","10.6","2.7"
"20240610","제주특별자치도","북제주군","20.6","22.9","18.7","22.1","20.3","23.5","17.9","0.0","0.0","3.2","11.2","11.7","5.4","28.13","29.11","0.0","90.5","83.3","85.2","5.5","4.6","0.0","0.0","0.0","0.0","7.8","17.1","4.3"
"20240610","제주특별자치도","서귀포시","21.8","26.1","18.0","22.6","21.4","24.3","19.2","0.0","0.0","5.8","11.7","11.0","4.7","28.87","0.0","0.0","79.1","83.1","80.5","5.0","5.0","6.9","0.0","0.0","0.0","6.8","5.6","2.4"
"20240609","제주특별자치도","제주시","21.5","26.1","19.1","22.3","21.0","24.5","18.3","0.8","0.0","3.0","5.5","10.3","5.6","14.05","25.64","0.0","81.3","80.5","76.9","7.1","3.5","6.7","0.0","0.0","0.0","7.9","7.9","2.7"
"20240609","제주특별자치도","북제주군","19.5","22.4","18.4","20.2","20.2","23.5","17.7","0.2","0.0","2.5","6.1","9.0","5.4","18.46","25.01","0.0","93.5","91.4","84.3","5.5","4.1","0.0","0.0","0.0","0.0","15.5","10.3","4.2"
"20240609","제주특별자치도","서귀포시","21.8","24.8","19.7","21.4","21.3","24.2","18.9","0.3","0.0","5.2","4.8","9.7","4.8","15.63","0.0","0.0","86.5","86.9","79.6","5.8","4.4","6.9","0.0","0.0","0.0","6.0","5.2","2.3"
"20240608","제주특별자치도","제주시","21.3","23.4","19.7","21.2","20.8","24.4","18.1","7.9","0.2","2.5","0.8","4.0","5.9","8.6","17.48","0.0","85.4","84.6","76.7","9.0","6.8","6.4","0.0","0.0","0.0","4.5","9.8","2.7"
"20240608","제주특별자치도","북제주군","20.3","22.6","18.6","20.0","20.1","23.4","17.5","25.0","0.3","2.4","1.9","7.3","5.8","10.55","20.48","0.0","95.9","90.0","83.8","8.9","6.0","0.0","0.0","0.0","0.0","10.7","9.3","4.2"
"20240608","제주특별자치도","서귀포시","21.7","23.6","20.2","20.5","21.2","24.2","18.7","57.2","0.1","5.5","0.0","0.8","5.0","6.8","0.0","0.0","92.8","92.3","78.8","9.9","7.4","6.7","0.0","0.0","0.0","5.2","3.6","2.3"
"20240607","제주특별자치도","제주시","22.6","25.4","19.0","-99.0","20.6","24.1","17.9","0.0","0.0","2.3","2.6","9.9","6.4","16.89","24.87","0.0","65.4","0.0","76.4","8.9","0.0","6.1","0.0","0.0","0.0","10.6","7.0","2.7"
"20240607","제주특별자치도","북제주군","20.8","24.4","17.0","18.3","19.8","23.3","17.2","0.0","0.0","2.0","2.0","6.1","6.5","16.62","23.05","0.0","79.3","89.3","83.0","9.1","6.6","0.0","0.0","0.0","0.0","12.6","9.1","4.0"
"20240607","제주특별자치도","서귀포시","21.3","23.9","19.0","19.7","21.1","24.2","18.5","0.0","0.0","4.4","0.3","10.5","5.6","10.2","0.0","0.0","75.8","85.3","77.1","9.5","7.0","6.2","0.0","0.0","0.0","6.2","6.2","2.2"
"20240606","제주특별자치도","제주시","20.2","22.5","19.2","18.5","20.4","23.9","17.7","1.1","22.8","1.9","0.0","4.1","6.5","5.56","10.54","0.0","76.4","91.5","75.7","9.5","6.8","6.1","0.0","0.0","0.0","8.6","8.8","2.6"
"20240606","제주특별자치도","북제주군","18.7","21.1","17.0","17.4","19.6","23.0","16.9","3.5","38.6","1.7","0.0","4.8","6.6","6.19","15.91","0.0","85.4","93.4","82.3","9.6","6.5","0.0","0.0","0.0","0.0","9.2","11.1","4.0"
"20240606","제주특별자치도","서귀포시","20.1","23.2","18.3","18.7","21.0","24.2","18.3","5.4","40.7","4.2","0.0","0.6","5.8","8.27","0.0","0.0","78.8","94.1","75.9","9.6","6.9","6.1","0.0","0.0","0.0","6.2","6.5","2.2"
"20240605","제주특별자치도","제주시","19.9","22.5","16.8","20.1","20.3","23.8","17.6","0.0","1.3","1.2","3.2","0.0","6.7","16.71","4.92","0.0","67.9","66.0","74.5","7.5","10.0","5.9","0.0","0.0","0.0","12.1","5.8","2.6"
"20240605","제주특별자치도","북제주군","19.0","21.9","15.6","18.0","19.4","22.9","16.8","0.0","24.4","1.4","3.3","0.0","6.9","14.08","4.51","0.0","73.3","72.9","82.0","8.3","9.9","0.0","0.0","0.0","0.0","8.9","11.8","4.1"
"20240605","제주특별자치도","서귀포시","20.0","23.5","16.2","20.3","20.9","24.3","18.2","0.0","17.3","3.9","4.0","0.0","6.2","16.64","0.0","0.0","67.3","68.4","74.5","7.3","10.0","5.9","0.0","0.0","0.0","12.1","5.8","2.2"
"20240604","제주특별자치도","제주시","20.2","23.8","17.3","23.1","20.3","23.7","17.5","0.0","0.0","1.6","12.9","4.5","6.6","28.19","20.39","0.0","63.8","49.4","73.6","3.3","8.3","5.9","0.0","0.0","0.0","10.9","6.0","2.7"
"20240604","제주특별자치도","북제주군","19.2","25.1","16.3","19.8","19.3","22.6","16.7","0.0","0.0","1.7","11.1","1.2","6.9","27.72","15.92","0.0","80.1","67.4","81.8","4.0","9.3","0.0","0.0","0.0","0.0","8.4","8.0","4.3"
"20240604","제주특별자치도","서귀포시","20.5","23.8","17.8","22.7","20.9","24.2","18.1","0.0","0.0","5.4","12.0","2.5","6.2","28.67","0.0","0.0","64.3","57.6","73.6","3.8","8.8","6.0","0.0","0.0","0.0","10.1","3.0","2.3"
"20240603","제주특별자치도","제주시","21.5","24.4","17.8","21.3","20.2","23.7","17.3","0.0","0.0","1.8","9.0","11.9","6.6","22.84","29.05","0.0","56.0","71.0","72.1","4.9","1.8","5.8","0.0","0.0","0.0","9.3","7.0","2.7"
"20240603","제주특별자치도","북제주군","19.5","22.2","17.3","18.4","19.1","22.5","16.5","0.0","0.0","1.9","9.9","10.9","6.8","25.74","28.92","0.0","75.6","83.0","81.2","5.0","2.4","0.0","0.0","0.0","0.0","9.6","14.7","4.4"
"20240603","제주특별자치도","서귀포시","21.5","25.5","19.1","21.8","20.8","24.1","17.9","0.0","0.0","4.9","9.2","12.6","6.2","24.22","0.0","0.0","60.0","65.3","72.7","5.6","0.3","6.1","0.0","0.0","0.0","6.6","5.6","2.3"
"20240602","제주특별자치도","제주시","20.2","23.7","17.4","-99.0","20.0","23.6","17.0","0.0","4.5","1.7","6.8","0.0","6.7","20.54","0.0","0.0","62.9","0.0","70.9","8.3","0.0","5.7","0.0","0.0","0.0","7.8","8.7","2.6"
"20240602","제주특별자치도","북제주군","18.6","21.3","17.1","19.0","19.0","22.3","16.3","0.0","0.4","1.9","5.8","8.0","6.8","20.25","24.46","0.0","80.6","93.9","81.1","8.4","4.0","0.0","0.0","0.0","0.0","15.0","14.3","4.5"
"20240602","제주특별자치도","서귀포시","21.9","27.2","18.2","23.6","20.6","23.9","17.7","0.0","0.1","4.9","6.5","9.0","6.4","20.93","0.0","0.0","44.6","82.5","72.2","7.9","5.3","6.1","0.0","0.0","0.0","9.4","5.3","2.2"
"20240601","제주특별자치도","제주시","19.8","22.8","17.7","20.7","19.8","23.4","16.8","0.0","16.4","3.2","8.3","2.8","6.5","22.63","10.37","0.0","69.0","94.3","70.8","5.1","8.6","5.7","0.0","0.0","0.0","8.4","8.4","2.6"
"20240601","제주특별자치도","북제주군","18.0","19.6","17.2","21.4","18.7","22.1","16.1","0.0","65.6","3.2","9.2","0.7","6.6","26.46","5.95","0.0","82.5","92.5","81.6","4.8","7.8","0.0","0.0","0.0","0.0","14.6","7.5","4.5"
"20240601","제주특별자치도","서귀포시","20.8","24.5","16.5","21.7","20.4","23.7","17.5","0.0","95.6","6.3","9.1","0.2","6.3","25.57","0.0","0.0","65.9","97.1","72.6","4.1","9.8","6.1","0.0","0.0","0.0","5.6","5.5","2.3"
"20240531","제주특별자치도","제주시","19.4","22.8","16.8","20.5","19.7","23.4","16.7","1.5","10.2","3.3","4.6","6.5","6.8","15.68","20.27","0.0","72.1","86.1","70.4","8.3","6.9","5.5","0.0","0.0","0.0","7.0","13.7","2.6"
"20240531","제주특별자치도","북제주군","17.8","21.0","15.8","20.3","18.6","22.0","16.0","6.6","17.6","3.3","3.3","4.4","6.7","15.06","18.61","0.0","90.5","84.8","81.6","8.3","6.6","0.0","0.0","0.0","0.0","7.8","10.2","4.5"
"20240531","제주특별자치도","서귀포시","18.7","22.7","16.1","20.5","20.3","23.7","17.3","2.0","18.2","5.8","1.8","5.2","6.4","11.12","0.0","0.0","80.8","84.9","72.3","7.4","8.1","6.0","0.0","0.0","0.0","6.1","9.9","2.3"
"20240530","제주특별자치도","제주시","20.0","23.6","16.3","21.0","19.5","23.2","16.5","2.4","32.8","3.6","3.3","0.0","6.9","17.77","4.81","0.0","69.4","96.9","69.8","8.3","10.0","5.5","0.0","0.0","0.0","5.9","10.0","2.7"
"20240530","제주특별자치도","북제주군","19.4","23.1","16.2","20.4","18.5","21.8","15.8","1.4","31.7","3.5","3.1","0.0","6.8","17.51","5.02","0.0","73.6","98.1","81.1","9.3","9.4","0.0","0.0","0.0","0.0","9.5","7.3","4.5"
"20240530","제주특별자치도","서귀포시","21.0","25.0","18.2","20.8","20.2","23.7","17.2","0.4","50.2","4.7","4.9","0.0","6.6","19.25","0.0","0.0","65.1","98.4","71.6","8.1","10.0","5.8","0.0","0.0","0.0","4.5","7.4","2.3"
"20240529","제주특별자치도","제주시","19.8","24.0","16.3","24.3","19.4","23.1","16.4","0.0","6.4","3.4","13.0","3.0","6.8","28.31","15.85","0.0","68.1","86.1","69.0","2.4","8.5","5.6","0.0","0.0","0.0","7.0","11.5","2.7"
"20240529","제주특별자치도","북제주군","18.7","22.2","15.2","20.8","18.4","21.8","15.7","0.0","7.0","3.7","12.7","0.0","6.8","28.21","12.61","0.0","77.1","99.0","80.3","3.3","8.9","0.0","0.0","0.0","0.0","9.8","10.7","4.6"
"20240529","제주특별자치도","서귀포시","20.1","24.0","16.1","22.0","20.1","23.6","17.1","0.0","4.9","5.1","12.4","0.0","6.6","29.35","0.0","0.0","64.3","99.0","70.9","2.4","10.0","5.8","0.0","0.0","0.0","5.5","7.8","2.4"
"20240528","제주특별자치도","제주시","19.9","23.7","16.8","24.2","19.5","23.0","16.5","0.0","0.0","3.5","12.1","7.8","6.4","29.36","23.79","0.0","63.8","79.1","69.1","2.3","6.8","5.9","0.0","0.0","0.0","7.6","7.7","2.8"
"20240528","제주특별자치도","북제주군","17.6","19.6","16.0","21.4","18.3","21.7","15.7","0.0","0.4","3.9","12.2","2.1","6.5","30.29","18.33","0.0","77.1","95.1","80.3","2.3","7.5","0.0","0.0","0.0","0.0","15.5","13.6","4.8"
"20240528","제주특별자치도","서귀포시","20.6","25.3","16.9","21.8","20.1","23.6","17.2","0.0","5.8","5.8","11.7","0.0","6.3","30.29","0.0","0.0","55.9","98.5","71.1","2.4","10.0","6.0","0.0","0.0","0.0","9.8","5.1","2.4"
"20240527","제주특별자치도","제주시","20.5","23.9","18.4","23.4","19.5","23.1","16.5","0.6","0.0","2.3","4.3","0.3","6.7","16.89","10.05","0.0","62.4","71.3","68.8","9.0","9.0","5.7","0.0","0.0","0.0","7.9","13.6","2.8"
"20240527","제주특별자치도","북제주군","18.0","21.5","16.7","21.2","18.4","21.7","15.7","0.2","0.0","3.1","2.4","0.0","6.7","14.26","11.06","0.0","79.4","85.8","80.0","9.0","8.8","0.0","0.0","0.0","0.0","14.8","16.4","4.9"
"20240527","제주특별자치도","서귀포시","20.9","23.9","18.4","21.9","20.1","23.6","17.2","0.1","0.5","5.9","0.5","0.0","6.5","9.92","0.0","0.0","75.6","89.9","70.6","9.8","9.9","6.0","0.0","0.0","0.0","9.4","7.2","2.3"
"20240526","제주특별자치도","제주시","22.2","26.6","17.7","22.1","19.4","22.9","16.4","3.3","0.0","2.4","5.8","5.7","6.6","14.82","21.96","0.0","73.9","75.0","68.5","6.0","5.9","5.8","0.0","0.0","0.0","11.7","6.3","2.8"
"20240526","제주특별자치도","북제주군","20.5","22.4","19.0","21.6","18.3","21.5","15.7","13.3","0.0","3.4","0.4","5.2","6.5","5.95","21.26","0.0","90.1","81.8","79.7","6.6","7.0","0.0","0.0","0.0","0.0","12.4","13.0","5.2"
"20240526","제주특별자치도","서귀포시","20.9","22.7","18.2","21.7","20.0","23.5","17.1","30.4","0.0","6.8","0.1","3.8","6.5","2.33","0.0","0.0","89.5","85.8","70.2","9.5","7.9","5.9","0.0","0.0","0.0","7.9","4.2","2.3"
"20240525","제주특별자치도","제주시","21.2","25.7","18.3","21.4","19.4","23.0","16.4","0.0","0.0","2.1","11.9","10.6","6.8","27.13","26.49","0.0","65.3","57.6","68.8","1.9","4.8","5.7","0.0","0.0","0.0","14.9","8.6","2.7"
"20240525","제주특별자치도","북제주군","19.9","23.1","15.3","19.8","18.2","21.5","15.7","0.0","0.0","3.2","12.7","11.8","6.7","28.63","28.18","0.0","74.0","60.5","80.2","0.3","4.4","0.0","0.0","0.0","0.0","11.3","11.5","5.1"
"20240525","제주특별자치도","서귀포시","21.4","25.5","19.1","20.5","20.0","23.4","17.1","0.0","0.0","6.9","11.4","10.7","6.6","28.56","0.0","0.0","66.8","64.1","70.6","2.6","5.6","5.8","0.0","0.0","0.0","10.3","4.5","2.2"
"20240524","제주특별자치도","제주시","20.0","23.6","17.7","18.2","19.3","23.0","16.3","0.0","0.0","2.2","12.0","4.6","7.0","27.13","13.91","0.0","68.5","77.0","69.7","0.9","8.1","5.5","0.0","0.0","0.0","7.4","5.8","2.6"
"20240524","제주특별자치도","북제주군","17.6","18.6","16.4","17.7","18.1","21.4","15.6","0.0","0.0","2.6","12.5","2.4","6.8","28.54","13.0","0.0","86.6","74.4","80.6","0.6","8.5","0.0","0.0","0.0","0.0","10.8","7.1","5.1"
"20240524","제주특별자치도","서귀포시","22.6","27.5","18.2","19.2","19.9","23.3","17.0","0.0","0.0","6.0","12.5","4.3","6.8","28.73","0.0","0.0","61.6","61.1","71.1","1.4","7.4","5.6","0.0","0.0","0.0","7.0","3.2","2.1"
"20240523","제주특별자치도","제주시","20.4","24.6","17.3","18.7","19.2","23.0","16.1","0.0","0.0","2.3","10.4","12.5","7.2","24.69","27.91","0.0","73.1","64.6","69.2","7.6","0.5","5.3","0.0","0.0","0.0","6.3","7.3","2.7"
"20240523","제주특별자치도","북제주군","18.4","20.3","17.1","16.4","18.0","21.4","15.3","0.0","0.0","2.6","9.7","12.5","6.9","25.24","29.08","0.0","85.4","79.8","80.2","8.4","0.6","0.0","0.0","0.0","0.0","7.2","11.8","5.1"
"20240523","제주특별자치도","서귀포시","22.0","25.9","18.3","18.6","19.8","23.2","16.8","0.0","0.0","6.1","9.8","12.3","6.9","24.33","0.0","0.0","65.4","72.8","70.4","7.6","0.4","5.4","0.0","0.0","0.0","5.1","4.5","2.2"
"20240522","제주특별자치도","제주시","19.9","23.0","17.8","17.1","19.0","22.8","15.8","0.0","0.3","2.6","2.1","0.8","7.2","17.31","7.41","0.0","75.0","80.1","69.1","8.5","6.0","5.2","0.0","0.0","0.0","11.8","9.3","2.7"
"20240522","제주특별자치도","북제주군","18.6","21.3","16.3","16.0","17.9","21.3","15.1","0.0","0.8","3.7","1.6","0.7","7.0","15.29","8.39","0.0","86.0","83.4","80.2","9.1","7.9","0.0","0.0","0.0","0.0","4.9","13.8","5.1"
"20240522","제주특별자치도","서귀포시","20.5","24.0","18.3","18.2","19.6","23.1","16.5","0.0","0.4","7.0","0.5","0.7","7.1","13.78","0.0","0.0","73.5","75.3","69.9","8.8","6.9","5.2","0.0","0.0","0.0","9.2","7.1","2.2"
"20240521","제주특별자치도","제주시","19.9","23.5","16.8","17.7","18.7","22.5","15.6","0.0","0.0","3.3","11.1","5.2","7.1","28.13","18.64","0.0","64.0","85.4","69.5","4.6","7.8","5.3","0.0","0.0","0.0","13.0","8.5","2.7"
"20240521","제주특별자치도","북제주군","19.1","24.8","16.9","16.2","17.7","21.1","15.0","0.0","0.0","4.4","10.7","0.8","7.0","26.97","14.44","0.0","79.9","89.6","80.4","4.9","8.0","0.0","0.0","0.0","0.0","8.8","10.2","5.2"
"20240521","제주특별자치도","서귀포시","20.4","24.4","16.7","18.0","19.4","22.9","16.3","0.0","0.0","7.0","11.0","10.6","7.0","28.08","0.0","0.0","65.1","87.0","70.2","4.9","4.6","5.4","0.0","0.0","0.0","9.3","9.0","2.2"
"20240520","제주특별자치도","제주시","21.6","25.5","17.6","19.3","18.6","22.5","15.3","0.0","0.0","3.5","11.4","7.4","7.1","26.14","24.73","0.0","47.5","82.1","69.3","5.5","7.0","5.3","0.0","0.0","0.0","7.0","7.2","2.8"
"20240520","제주특별자치도","북제주군","19.7","22.9","17.7","17.6","17.5","21.0","14.7","0.0","0.0","5.4","11.0","4.5","6.9","23.81","19.52","0.0","61.4","89.4","80.5","5.6","6.9","0.0","0.0","0.0","0.0","9.3","8.0","5.3"
"20240520","제주특별자치도","서귀포시","20.9","24.2","16.5","18.9","19.2","22.8","16.0","0.0","0.0","8.4","9.6","9.3","6.9","22.52","0.0","0.0","55.4","81.8","69.9","7.1","5.4","5.5","0.0","0.0","0.0","5.1","5.4","2.2"
"20240519","제주특별자치도","제주시","20.1","23.5","15.8","19.0","18.5","22.4","15.2","0.0","10.4","3.5","13.2","5.0","6.9","31.18","16.54","0.0","53.9","86.3","68.4","0.6","7.9","5.5","0.0","0.0","0.0","6.2","11.6","2.8"
"20240519","제주특별자치도","북제주군","19.9","25.6","15.5","17.7","17.3","20.8","14.6","0.0","0.1","5.7","12.9","7.8","6.8","30.52","23.24","0.0","56.4","89.0","80.7","0.8","4.9","0.0","0.0","0.0","0.0","7.2","17.1","5.4"
"20240519","제주특별자치도","서귀포시","21.4","26.7","16.3","20.4","19.1","22.8","15.8","0.0","0.0","9.2","12.6","5.1","6.8","30.6","0.0","0.0","43.8","77.4","69.5","1.0","7.5","5.7","0.0","0.0","0.0","4.2","9.9","2.3"
"20240518","제주특별자치도","제주시","20.3","26.7","16.2","18.6","18.4","22.2","15.0","0.0","27.4","3.3","12.9","0.2","6.8","30.33","6.76","0.0","59.3","91.9","68.6","1.5","9.9","5.6","0.0","0.0","0.0","6.7","17.0","2.8"
"20240518","제주특별자치도","북제주군","19.7","24.5","15.8","18.6","17.2","20.5","14.5","0.0","41.8","5.6","12.9","0.9","6.7","29.99","13.27","0.0","68.3","90.0","81.4","0.9","7.4","0.0","0.0","0.0","0.0","10.0","18.9","5.3"
"20240518","제주특별자치도","서귀포시","20.2","23.7","16.7","18.1","18.9","22.6","15.8","0.0","94.4","8.5","12.5","0.0","6.7","30.1","0.0","0.0","63.3","94.9","70.2","2.4","10.0","5.8","0.0","0.0","0.0","4.3","10.1","2.3"
"20240517","제주특별자치도","제주시","19.9","27.0","15.6","21.0","18.3","22.2","15.0","0.0","0.0","3.7","12.8","8.5","6.5","31.12","22.59","0.0","41.8","74.9","69.3","2.3","7.4","6.0","0.0","0.0","0.0","12.1","6.1","2.8"
"20240517","제주특별자치도","북제주군","17.6","19.8","13.4","20.8","17.1","20.5","14.5","0.0","0.2","4.4","12.6","5.4","6.3","30.31","20.17","0.0","72.9","85.1","82.0","1.0","8.5","0.0","0.0","0.0","0.0","13.8","15.5","5.1"
"20240517","제주특별자치도","서귀포시","19.8","23.4","16.5","21.8","18.9","22.3","15.8","0.0","0.1","6.9","12.5","3.0","6.3","30.31","0.0","0.0","51.9","84.6","71.2","3.3","8.8","6.1","0.0","0.0","0.0","8.3","4.0","2.3"
"20240516","제주특별자치도","제주시","19.0","22.7","15.1","20.7","18.3","22.3","14.9","0.0","0.0","2.9","12.9","12.7","6.5","30.38","28.03","0.0","38.3","72.4","68.9","0.0","1.3","6.1","0.0","0.0","0.0","17.2","5.6","2.8"
"20240516","제주특별자치도","북제주군","17.3","20.0","14.4","19.1","17.1","20.5","14.3","0.0","0.0","3.5","12.9","8.0","6.3","30.15","25.36","0.0","60.6","87.6","81.5","0.5","3.8","0.0","0.0","0.0","0.0","24.4","10.4","4.9"
"20240516","제주특별자치도","서귀포시","18.6","23.2","13.8","19.7","18.8","22.3","15.7","0.0","0.0","7.2","12.6","11.5","6.2","30.17","0.0","0.0","38.3","89.4","71.2","0.0","3.6","6.2","0.0","0.0","0.0","11.7","6.7","2.3"
"20240515","제주특별자치도","제주시","17.5","23.5","14.2","18.7","18.1","22.0","14.8","0.0","4.8","2.9","9.4","6.7","6.6","24.94","12.45","0.0","48.5","75.3","68.9","2.5","4.1","5.9","0.0","0.0","0.0","13.9","13.7","2.8"
"20240515","제주특별자치도","북제주군","16.6","22.0","13.1","18.1","16.8","20.2","14.1","0.0","1.8","2.7","9.5","8.6","6.3","24.93","20.29","0.0","60.4","88.0","81.2","1.9","6.3","0.0","0.0","0.0","0.0","22.6","32.0","5.0"
"20240515","제주특별자치도","서귀포시","18.0","24.0","13.6","18.6","18.6","22.1","15.6","0.0","4.6","5.9","12.1","7.4","6.4","29.92","0.0","0.0","48.3","84.5","71.4","1.0","6.8","6.1","0.0","0.0","0.0","12.9","6.7","2.3"
"20240514","제주특별자치도","제주시","18.0","22.8","13.7","17.2","18.0","21.8","14.6","0.0","0.0","3.3","13.1","7.8","6.7","28.63","22.09","0.0","51.8","81.5","69.8","0.0","3.9","5.8","0.0","0.0","0.0","5.3","6.0","2.9"
"20240514","제주특별자치도","북제주군","17.4","19.9","13.4","16.1","16.7","20.0","13.9","0.0","0.0","2.9","12.9","5.8","6.3","30.4","20.18","0.0","66.1","88.3","81.6","0.0","3.6","0.0","0.0","0.0","0.0","6.2","9.2","5.1"
"20240514","제주특별자치도","서귀포시","18.7","23.1","14.0","17.1","18.5","21.8","15.5","0.0","0.0","5.7","12.6","7.8","6.4","30.03","0.0","0.0","55.3","85.1","72.4","0.0","3.4","5.9","0.0","0.0","0.0","5.6","5.1","2.3"
"20240513","제주특별자치도","제주시","17.8","22.0","13.3","15.7","17.8","21.7","14.4","0.0","6.6","3.8","12.8","2.1","7.0","27.98","8.83","0.0","57.8","92.4","69.1","1.4","7.4","5.5","0.0","0.0","0.0","5.4","7.7","3.0"
"20240513","제주특별자치도","북제주군","16.1","17.7","14.1","15.3","16.5","19.8","13.7","0.0","3.7","3.9","12.8","3.7","6.6","29.76","13.39","0.0","71.6","90.9","80.8","1.0","6.4","0.0","0.0","0.0","0.0","13.3","10.0","5.3"
"20240513","제주특별자치도","서귀포시","19.0","24.0","12.9","16.1","18.2","21.6","15.2","0.0","3.1","7.8","12.6","0.0","6.6","29.44","0.0","0.0","52.0","92.5","71.8","1.5","8.1","5.7","0.0","0.0","0.0","11.8","5.5","2.4"
"20240512","제주특별자치도","제주시","17.5","19.9","14.6","17.5","17.6","21.4","14.2","3.2","3.4","3.3","0.6","0.0","7.1","8.41","9.04","0.0","63.0","81.4","68.3","8.0","9.9","5.2","0.0","0.0","0.0","9.7","5.7","3.1"
"20240512","제주특별자치도","북제주군","15.9","17.2","15.1","16.3","16.3","19.6","13.4","4.4","0.4","3.9","0.2","0.0","6.8","8.09","8.5","0.0","76.1","79.8","79.9","8.6","8.6","0.0","0.0","0.0","0.0","15.8","9.3","5.7"
"20240512","제주특별자치도","서귀포시","17.7","19.1","14.4","17.0","18.1","21.7","14.9","16.4","2.3","7.7","0.0","0.1","6.8","4.17","0.0","0.0","85.4","75.3","70.8","8.5","9.8","5.5","0.0","0.0","0.0","7.7","4.7","2.5"
"20240511","제주특별자치도","제주시","20.1","25.9","15.4","18.2","17.5","21.3","14.1","7.0","0.0","3.3","2.0","10.4","6.9","10.25","23.39","0.0","64.0","73.6","67.7","8.3","5.5","5.2","0.0","0.0","0.0","12.5","11.5","3.1"
"20240511","제주특별자치도","북제주군","18.4","20.8","16.8","17.7","16.1","19.4","13.3","25.9","0.0","4.0","1.1","9.5","6.6","9.13","24.08","0.0","91.6","74.0","79.6","7.9","7.5","0.0","0.0","0.0","0.0","13.8","8.2","5.9"
"20240511","제주특별자치도","서귀포시","19.6","22.6","17.8","18.8","17.9","21.5","14.7","59.3","0.0","7.3","0.5","10.5","6.7","9.01","0.0","0.0","84.0","62.0","70.6","9.0","6.4","5.4","0.0","0.0","0.0","5.4","5.6","2.5"
"20240510","제주특별자치도","제주시","17.3","20.6","12.7","19.0","17.4","21.1","14.1","0.0","0.0","2.9","12.9","12.2","6.6","27.55","27.52","0.0","61.8","50.5","66.9","0.0","4.5","5.4","0.0","0.0","0.0","7.4","7.4","3.1"
"20240510","제주특별자치도","북제주군","16.6","19.1","12.5","16.5","16.1","19.4","13.3","0.0","0.0","3.7","12.7","11.9","6.4","29.36","28.35","0.0","80.0","66.6","78.9","0.0","3.9","0.0","0.0","0.0","0.0","11.1","9.6","5.8"
"20240510","제주특별자치도","서귀포시","18.2","22.4","12.5","19.0","17.8","21.4","14.7","0.0","0.0","6.6","12.7","12.3","6.3","29.42","0.0","0.0","61.0","61.4","70.3","0.1","4.6","5.5","0.0","0.0","0.0","5.8","3.7","2.5"
"20240509","제주특별자치도","제주시","16.7","21.1","12.4","16.7","17.5","21.2","14.1","0.0","0.0","2.9","12.7","12.8","6.7","27.92","28.43","0.0","61.6","56.0","65.9","0.4","1.9","5.4","0.0","0.0","0.0","6.9","6.0","3.1"
"20240509","제주특별자치도","북제주군","15.6","19.7","12.1","15.0","16.1","19.4","13.3","0.0","0.0","3.6","12.6","12.7","6.5","29.33","28.98","0.0","73.3","70.0","78.1","0.4","1.4","0.0","0.0","0.0","0.0","8.0","10.4","5.8"
"20240509","제주특별자치도","서귀포시","16.7","21.2","11.6","17.1","17.9","21.5","14.7","0.0","0.0","6.7","12.7","12.5","6.4","29.08","0.0","0.0","60.1","58.6","69.7","1.6","1.9","5.5","0.0","0.0","0.0","9.1","5.4","2.5"
"20240508","제주특별자치도","제주시","14.9","17.0","13.8","14.8","17.5","21.3","14.2","3.3","0.0","3.2","1.3","10.2","6.3","6.07","23.82","0.0","73.8","65.0","66.3","8.0","6.3","5.6","0.0","0.0","0.0","13.5","8.6","3.2"
"20240508","제주특별자치도","북제주군","14.9","17.3","12.4","13.8","16.1","19.3","13.4","0.2","0.0","4.1","5.1","10.6","6.1","18.75","23.94","0.0","78.6","71.6","78.6","4.3","6.3","0.0","0.0","0.0","0.0","16.8","12.3","5.8"
"20240508","제주특별자치도","서귀포시","15.0","17.9","13.6","16.2","17.9","21.4","14.8","1.4","0.0","9.6","3.7","11.1","6.1","15.72","0.0","0.0","73.5","55.4","70.5","6.1","6.4","5.7","0.0","0.0","0.0","10.9","9.5","2.5"
"20240507","제주특별자치도","제주시","17.7","21.2","15.5","14.0","17.6","21.4","14.1","0.0","18.6","2.9","11.9","0.0","6.6","24.88","0.69","0.0","69.5","92.8","65.2","3.1","10.0","5.5","0.0","0.0","0.0","13.2","12.7","3.1"
"20240507","제주특별자치도","북제주군","16.7","20.3","14.5","14.3","16.2","19.4","13.5","0.0","8.5","3.9","12.1","0.1","6.2","26.31","5.06","0.0","81.5","88.5","78.4","0.3","7.9","0.0","0.0","0.0","0.0","16.4","15.8","5.9"
"20240507","제주특별자치도","서귀포시","18.4","23.5","14.6","14.3","17.9","21.3","14.9","0.0","12.0","9.2","12.4","0.0","6.0","27.33","0.0","0.0","61.5","90.3","70.2","0.5","9.8","5.6","0.0","0.0","0.0","11.2","11.0","2.5"
"20240506","제주특별자치도","제주시","18.1","21.4","15.8","18.3","17.5","21.4","14.0","0.0","0.1","2.7","7.3","3.3","6.9","20.79","17.01","0.0","73.5","88.0","65.1","8.3","8.6","5.2","0.0","0.0","0.0","10.2","12.1","3.1"
"20240506","제주특별자치도","북제주군","16.2","20.0","14.3","15.0","16.1","19.3","13.4","0.0","0.0","3.6","5.8","0.0","6.5","20.31","7.6","0.0","90.6","96.8","78.2","5.4","8.5","0.0","0.0","0.0","0.0","12.4","13.0","6.0"
"20240506","제주특별자치도","서귀포시","17.9","22.3","16.1","16.8","17.9","21.3","14.9","0.0","1.5","8.7","6.7","6.1","6.3","21.97","0.0","0.0","82.6","95.9","69.4","6.1","8.6","5.5","0.0","0.0","0.0","11.6","8.8","2.5"
"20240505","제주특별자치도","제주시","21.9","25.9","17.7","23.4","17.5","21.5","13.9","21.6","23.6","3.2","0.0","0.0","7.2","1.39","2.31","0.0","78.3","84.1","65.8","10.0","10.0","4.9","0.0","0.0","0.0","15.3","17.0","3.1"
"20240505","제주특별자치도","북제주군","18.4","19.9","16.4","18.3","16.1","19.3","13.3","83.3","26.7","4.4","0.0","0.0","6.9","1.81","2.33","0.0","99.4","100.0","78.8","9.9","9.4","0.0","0.0","0.0","0.0","19.6","19.1","6.2"
"20240505","제주특별자치도","서귀포시","19.5","20.3","17.8","19.7","17.9","21.3","14.9","98.1","36.1","10.5","0.0","0.0","6.7","0.86","0.0","0.0","96.6","99.0","69.2","10.0","10.0","5.3","0.0","0.0","0.0","15.2","15.4","2.5"
"20240504","제주특별자치도","제주시","20.8","24.6","13.9","18.6","17.3","21.4","13.7","0.0","74.0","3.2","3.7","0.0","7.1","13.53","0.54","0.0","65.3","93.0","66.8","7.0","10.0","5.0","0.0","0.0","0.0","12.7","15.1","3.1"
"20240504","제주특별자치도","북제주군","20.0","24.3","14.8","17.5","16.1","19.4","13.3","0.0","116.4","4.6","2.0","0.0","6.7","17.52","2.07","0.0","74.3","98.3","79.3","9.1","9.3","0.0","0.0","0.0","0.0","16.3","21.2","6.3"
"20240504","제주특별자치도","서귀포시","20.4","22.5","17.2","17.8","17.9","21.2","14.8","0.1","287.8","11.3","0.3","0.0","6.5","9.41","0.0","0.0","75.8","98.5","69.4","9.1","10.0","5.3","0.0","0.0","0.0","8.8","14.1","2.4"
"20240503","제주특별자치도","제주시","17.0","20.3","13.3","17.4","17.1","21.1","13.7","0.0","50.7","2.8","12.6","0.2","7.1","27.28","2.91","0.0","62.4","72.5","67.5","1.1","9.0","4.9","0.0","0.0","0.0","8.3","11.8","3.0"
"20240503","제주특별자치도","북제주군","16.1","20.1","14.0","17.0","16.0","19.3","13.2","0.0","41.8","3.3","12.5","0.0","6.8","27.77","2.91","0.0","80.4","84.8","79.5","0.8","9.0","0.0","0.0","0.0","0.0","10.8","17.7","6.3"
"20240503","제주특별자치도","서귀포시","17.7","22.4","13.0","17.6","17.8","21.2","14.7","0.0","52.4","6.5","12.2","0.0","6.6","28.77","0.0","0.0","59.9","86.5","69.5","1.4","9.5","5.2","0.0","0.0","0.0","7.3","6.1","2.4"
"20240502","제주특별자치도","제주시","16.1","19.3","12.8","18.4","17.0","20.9","13.7","0.0","0.0","3.1","9.4","11.4","6.7","23.81","26.59","0.0","60.0","54.0","68.6","7.1","4.9","5.0","0.0","0.0","0.0","8.8","8.4","3.1"
"20240502","제주특별자치도","북제주군","15.9","20.0","11.6","17.5","15.9","19.1","13.1","0.0","0.0","3.6","8.7","11.6","6.4","24.74","27.69","0.0","65.8","57.9","80.3","6.9","5.0","0.0","0.0","0.0","0.0","13.7","12.4","6.1"
"20240502","제주특별자치도","서귀포시","16.7","22.0","13.6","18.4","17.6","21.1","14.6","0.0","0.0","7.5","8.6","11.7","6.3","24.52","0.0","0.0","58.3","52.3","70.5","7.8","5.1","5.5","0.0","0.0","0.0","11.3","4.5","2.4"
"20240501","제주특별자치도","제주시","15.4","18.1","14.0","17.4","17.0","20.9","13.7","0.0","0.0","3.5","2.4","12.4","6.6","8.03","27.82","0.0","70.8","49.5","69.2","6.1","0.0","5.2","0.0","0.0","0.0","11.0","10.0","3.1"
"20240501","제주특별자치도","북제주군","15.2","18.2","13.2","16.1","15.9","19.1","13.2","0.0","0.0","4.0","1.3","12.4","6.1","10.71","28.07","0.0","81.8","66.8","80.9","7.5","0.0","0.0","0.0","0.0","0.0","10.9","10.7","6.1"
"20240501","제주특별자치도","서귀포시","16.1","17.9","14.1","16.8","17.5","20.8","14.4","6.1","0.0","9.3","0.6","12.1","6.0","9.64","0.0","0.0","77.9","65.0","71.8","7.8","0.3","5.7","0.0","0.0","0.0","10.6","9.1","2.4"
"20240430","제주특별자치도","제주시","16.5","20.1","14.3","15.7","16.8","20.6","13.4","0.3","0.0","3.0","2.5","12.5","6.7","14.52","28.08","0.0","80.4","51.8","68.7","9.5","1.4","5.2","0.0","0.0","0.0","7.5","10.1","3.1"
"20240430","제주특별자치도","북제주군","14.7","17.2","13.3","14.4","15.7","18.9","12.9","0.4","0.0","3.2","3.7","12.5","6.0","18.89","28.54","0.0","89.8","63.5","80.8","7.9","0.6","0.0","0.0","0.0","0.0","14.2","17.7","6.1"
"20240430","제주특별자치도","서귀포시","18.2","21.6","16.6","15.8","17.2","20.5","14.0","0.0","0.0","8.7","2.3","12.0","5.9","14.28","0.0","0.0","85.1","56.0","71.7","8.8","2.4","5.8","0.0","0.0","0.0","5.0","10.5","2.5"
"20240429","제주특별자치도","제주시","18.0","20.6","15.5","16.1","16.4","20.2","13.0","35.8","6.1","2.6","0.0","0.0","6.8","4.79","2.34","0.0","89.5","87.4","67.5","10.0","8.5","5.1","0.0","0.0","0.0","11.7","10.9","3.2"
"20240429","제주특별자치도","북제주군","17.6","19.6","15.2","14.5","15.3","18.6","12.6","51.9","6.7","2.7","0.0","0.0","6.1","4.75","2.96","0.0","97.9","92.5","79.4","9.3","8.8","0.0","0.0","0.0","0.0","13.0","19.6","6.0"
"20240429","제주특별자치도","서귀포시","18.9","20.7","17.2","16.8","16.8","20.2","13.6","53.6","4.0","7.5","0.0","0.0","6.2","4.42","0.0","0.0","90.8","87.9","69.3","9.0","9.8","5.7","0.0","0.0","0.0","10.4","8.5","2.5"
"20240428","제주특별자치도","제주시","19.2","22.6","15.0","18.1","16.1","20.0","12.7","11.1","0.0","2.1","5.5","4.0","7.0","17.71","15.13","0.0","60.4","65.8","65.2","8.5","7.6","5.0","0.0","0.0","0.0","7.8","7.5","3.1"
"20240428","제주특별자치도","북제주군","18.8","22.6","14.0","17.1","15.1","18.3","12.3","10.0","2.4","2.8","5.2","1.5","6.5","18.5","13.91","0.0","74.9","79.5","77.5","8.3","7.3","0.0","0.0","0.0","0.0","11.1","13.5","6.1"
"20240428","제주특별자치도","서귀포시","19.9","24.4","15.3","17.0","16.6","20.0","13.3","6.2","3.4","8.0","7.2","1.5","6.5","20.06","0.0","0.0","66.3","80.1","67.0","8.4","8.6","5.5","0.0","0.0","0.0","7.7","4.7","2.5"
"20240427","제주특별자치도","제주시","18.6","22.5","15.5","12.9","15.7","19.7","12.2","0.0","0.0","1.7","12.6","12.4","7.4","26.95","27.58","0.0","64.8","69.1","63.7","1.9","2.9","4.8","0.0","0.0","0.0","6.3","7.6","3.1"
"20240427","제주특별자치도","북제주군","16.9","20.0","15.1","12.9","14.7","18.1","11.8","0.0","0.0","2.3","12.5","12.3","7.0","28.1","27.07","0.0","80.9","72.3","75.4","2.0","4.3","0.0","0.0","0.0","0.0","10.3","10.2","6.2"
"20240427","제주특별자치도","서귀포시","19.0","22.4","16.7","14.1","16.3","19.8","12.8","0.0","0.0","6.8","10.6","11.8","7.1","27.3","0.0","0.0","71.9","65.6","64.8","2.3","5.3","5.0","0.0","0.0","0.0","5.1","5.5","2.5"
"20240426","제주특별자치도","제주시","16.7","19.4","15.1","12.9","15.4","19.3","11.9","0.4","0.0","1.8","3.5","11.8","7.4","11.4","25.81","0.0","74.8","69.5","62.8","7.4","1.3","4.7","0.0","0.0","0.0","6.8","10.4","3.1"
"20240426","제주특별자치도","북제주군","16.0","19.0","13.6","12.5","14.4","17.8","11.4","1.9","0.0","2.1","2.9","11.8","7.1","15.68","26.52","0.0","81.4","70.0","73.9","9.0","0.6","0.0","0.0","0.0","0.0","6.7","15.7","6.2"
"20240426","제주특별자치도","서귀포시","17.6","21.2","15.0","15.0","16.1","19.9","12.6","1.4","0.0","4.9","3.0","12.1","7.4","15.39","0.0","0.0","70.1","54.3","63.3","9.0","0.0","4.8","0.0","0.0","0.0","4.3","9.8","2.4"
"20240425","제주특별자치도","제주시","16.0","20.6","11.8","12.5","15.2","19.1","11.7","0.0","8.9","2.2","11.8","0.0","7.3","26.91","1.08","0.0","67.5","92.0","63.1","5.1","9.6","4.8","0.0","0.0","0.0","7.4","8.8","3.1"
"20240425","제주특별자치도","북제주군","15.1","19.0","12.4","12.2","14.2","17.6","11.3","0.0","2.6","2.7","11.7","0.0","7.2","26.84","3.68","0.0","76.5","90.9","73.4","3.6","9.3","0.0","0.0","0.0","0.0","9.7","12.9","6.4"
"20240425","제주특별자치도","서귀포시","16.3","20.5","11.7","12.9","16.0","19.8","12.6","0.0","4.4","5.0","11.2","0.0","7.5","27.28","0.0","0.0","72.1","93.6","62.9","4.0","9.6","4.8","0.0","0.0","0.0","6.3","5.8","2.4"
"20240424","제주특별자치도","제주시","15.9","19.1","12.7","14.0","15.2","19.2","11.8","0.0","4.1","2.6","8.5","0.0","7.1","22.62","3.44","0.0","72.4","73.8","64.2","5.3","10.0","4.9","0.0","0.0","0.0","11.2","9.7","3.1"
"20240424","제주특별자치도","북제주군","15.4","18.7","12.6","13.2","14.2","17.7","11.3","0.0","2.7","3.1","9.1","0.0","6.9","25.04","4.44","0.0","81.1","69.4","74.3","3.9","10.0","0.0","0.0","0.0","0.0","14.6","15.5","6.4"
"20240424","제주특별자치도","서귀포시","17.0","21.8","13.5","13.8","16.1","19.8","12.7","0.0","2.2","5.7","10.8","0.0","7.1","27.6","0.0","0.0","67.3","68.8","64.9","2.6","10.0","5.1","0.0","0.0","0.0","12.3","9.3","2.4"
"20240423","제주특별자치도","제주시","15.3","16.5","14.7","15.3","15.2","19.1","11.8","4.1","0.0","4.1","0.0","1.8","6.7","2.88","14.81","0.0","83.8","64.1","66.2","10.0","8.1","5.2","0.0","0.0","0.0","10.7","14.8","3.1"
"20240423","제주특별자치도","북제주군","15.7","19.5","14.0","15.5","14.2","17.7","11.3","2.8","0.0","4.3","2.3","1.7","6.5","11.16","15.49","0.0","87.1","45.0","75.5","8.5","8.9","0.0","0.0","0.0","0.0","8.0","14.8","6.5"
"20240423","제주특별자치도","서귀포시","15.8","17.9","15.0","15.3","16.0","19.7","12.8","2.7","0.0","8.3","0.7","2.5","6.6","9.22","0.0","0.0","85.4","58.6","66.6","9.6","7.3","5.4","0.0","0.0","0.0","10.3","11.1","2.5"
"20240422","제주특별자치도","제주시","16.4","18.3","15.6","15.9","15.1","18.9","11.8","0.9","0.0","4.6","0.2","10.2","6.6","5.06","23.0","0.0","82.6","57.9","67.6","10.0","3.5","5.3","0.0","0.0","0.0","9.7","15.1","3.2"
"20240422","제주특별자치도","북제주군","16.1","19.7","14.7","16.5","14.2","17.7","11.3","0.5","0.0","5.1","0.1","9.2","6.3","7.21","23.89","0.0","90.5","52.6","76.2","8.6","3.3","0.0","0.0","0.0","0.0","9.1","19.0","6.5"
"20240422","제주특별자치도","서귀포시","16.0","17.1","15.4","15.8","15.9","19.5","12.7","0.9","0.0","9.3","0.0","9.2","6.2","4.63","0.0","0.0","90.5","55.0","68.0","9.9","1.9","5.6","0.0","0.0","0.0","7.7","11.0","2.6"
"20240421","제주특별자치도","제주시","15.5","16.1","14.4","16.6","15.1","18.9","11.8","0.2","0.0","4.5","0.0","6.8","6.6","2.22","19.04","0.0","85.5","80.6","68.2","10.0","3.8","5.4","0.0","0.0","0.0","6.8","11.0","3.3"
"20240421","제주특별자치도","북제주군","14.2","15.1","12.8","14.3","14.2","17.5","11.3","0.2","0.0","5.4","0.0","6.0","6.4","4.23","19.54","0.0","96.6","90.1","76.7","9.0","3.5","0.0","0.0","0.0","0.0","9.1","17.8","6.5"
"20240421","제주특별자치도","서귀포시","14.9","16.6","13.4","19.4","15.7","19.2","12.6","0.2","0.0","10.4","0.0","10.7","6.2","4.69","0.0","0.0","91.8","65.8","68.6","10.0","2.9","5.6","0.0","0.0","0.0","5.9","12.1","2.7"
"20240420","제주특별자치도","제주시","18.0","21.9","14.7","18.5","15.0","18.9","11.7","2.4","0.0","4.4","0.7","11.5","6.2","4.44","24.04","0.0","70.3","81.6","68.0","9.6","2.5","5.6","0.0","0.0","0.0","16.8","6.7","3.3"
"20240420","제주특별자치도","북제주군","15.5","17.9","13.1","17.2","14.1","17.6","11.2","14.6","0.0","5.4","0.0","11.3","6.1","3.6","25.08","0.0","91.5","84.0","77.2","8.4","3.3","0.0","0.0","0.0","0.0","22.9","12.3","6.5"
"20240420","제주특별자치도","서귀포시","16.5","19.5","14.1","19.8","15.6","19.1","12.5","51.5","0.0","10.3","0.0","11.0","5.9","1.99","0.0","0.0","87.0","72.9","69.3","10.0","3.9","5.8","0.0","0.0","0.0","7.9","4.2","2.8"
"20240419","제주특별자치도","제주시","17.7","21.8","13.4","19.1","15.0","18.8","11.6","0.0","0.0","4.2","8.8","1.0","6.3","19.81","12.53","0.0","51.8","89.9","67.4","6.1","8.1","5.6","0.0","0.0","0.0","5.0","8.0","3.3"
"20240419","제주특별자치도","북제주군","17.1","22.2","13.3","17.7","14.1","17.5","11.1","0.0","0.1","5.1","8.3","1.0","6.5","20.74","11.02","0.0","62.9","93.9","76.9","6.5","6.6","0.0","0.0","0.0","0.0","10.0","9.7","6.5"
"20240419","제주특별자치도","서귀포시","18.4","23.1","13.6","19.0","15.6","19.0","12.4","0.0","0.0","9.8","8.5","0.2","6.2","21.05","0.0","0.0","52.8","92.1","68.5","6.1","7.5","5.6","0.0","0.0","0.0","5.8","6.4","2.8"
"20240418","제주특별자치도","제주시","16.3","21.1","11.9","23.3","14.8","18.8","11.3","0.0","0.0","2.8","11.8","10.8","6.5","25.03","23.78","0.0","57.4","63.3","65.9","0.6","6.1","5.4","0.0","0.0","0.0","7.6","26.1","3.2"
"20240418","제주특별자치도","북제주군","14.4","15.9","13.0","17.7","13.9","17.4","10.8","0.0","0.4","3.6","11.9","0.4","6.8","26.85","3.93","0.0","74.4","94.5","75.8","0.9","6.5","0.0","0.0","0.0","0.0","14.0","18.8","6.3"
"20240418","제주특별자치도","서귀포시","17.1","22.1","12.1","19.2","15.4","18.9","12.1","0.0","0.9","6.5","10.9","0.5","6.5","26.61","0.0","0.0","58.9","94.0","67.4","0.6","9.5","5.3","0.0","0.0","0.0","5.0","6.8","2.6"
"20240417","제주특별자치도","제주시","14.7","17.2","11.6","15.9","14.7","18.7","11.1","0.0","0.0","2.2","1.8","11.5","6.6","10.63","24.53","0.0","64.5","55.1","64.4","8.0","1.4","5.4","0.0","0.0","0.0","4.2","8.8","3.1"
"20240417","제주특별자치도","북제주군","13.9","16.1","12.3","15.5","13.7","17.1","10.6","0.0","0.0","2.6","0.6","11.6","6.8","10.64","25.73","0.0","83.3","63.1","74.6","8.6","2.5","0.0","0.0","0.0","0.0","8.4","17.0","6.1"
"20240417","제주특별자치도","서귀포시","16.1","19.0","13.2","16.1","15.3","18.9","11.9","0.0","0.0","5.1","0.6","11.2","6.6","11.37","0.0","0.0","74.4","61.9","66.2","8.4","2.8","5.3","0.0","0.0","0.0","3.5","4.3","2.5"
"20240416","제주특별자치도","제주시","16.0","20.3","13.3","14.0","14.4","18.4","10.8","0.0","0.0","1.9","6.9","8.0","6.5","19.99","21.83","0.0","70.3","72.0","63.2","6.5","4.0","5.2","0.0","0.0","0.0","8.6","17.5","3.0"
"20240416","제주특별자치도","북제주군","14.6","18.4","12.6","13.6","13.5","16.9","10.4","0.0","0.0","2.0","3.7","9.0","6.7","18.19","23.58","0.0","89.5","73.8","73.9","6.4","3.9","0.0","0.0","0.0","0.0","11.1","31.1","6.1"
"20240416","제주특별자치도","서귀포시","17.9","23.3","15.2","14.5","15.1","18.8","11.7","0.0","0.0","4.0","7.6","10.2","6.6","16.87","0.0","0.0","80.5","63.6","65.0","5.8","2.9","5.2","0.0","0.0","0.0","6.9","15.7","2.5"
"20240415","제주특별자치도","제주시","18.0","23.6","14.2","14.7","14.1","17.9","10.4","0.4","5.8","1.9","0.3","2.2","6.7","6.36","11.61","0.0","76.1","89.1","62.5","7.8","8.8","5.1","0.0","0.0","0.0","14.5","10.3","3.1"
"20240415","제주특별자치도","북제주군","15.8","20.3","13.4","13.6","13.1","16.5","10.1","3.4","0.0","1.7","1.0","5.5","6.9","10.72","19.48","0.0","93.3","89.0","72.9","5.6","6.8","0.0","0.0","0.0","0.0","20.4","17.2","6.3"
"20240415","제주특별자치도","서귀포시","18.5","23.4","16.7","16.1","14.9","18.7","11.3","61.9","0.3","3.1","4.4","4.7","6.9","16.0","0.0","0.0","89.3","83.0","63.7","7.5","7.0","4.9","0.0","0.0","0.0","6.6","7.0","2.5"
"20240414","제주특별자치도","제주시","19.5","22.8","14.5","15.5","13.7","17.6","10.2","0.0","19.8","2.3","5.4","0.0","6.6","15.93","1.48","0.0","65.9","87.5","62.2","6.6","10.0","5.0","0.0","0.0","0.0","19.3","15.3","3.2"
"20240414","제주특별자치도","북제주군","18.7","21.5","13.8","15.7","12.8","16.2","9.9","0.0","19.0","2.0","6.1","0.0","6.7","16.62","3.58","0.0","76.4","86.4","72.0","6.8","8.8","0.0","0.0","0.0","0.0","20.3","20.5","6.4"
"20240414","제주특별자치도","서귀포시","19.1","21.0","16.6","15.8","14.5","18.5","11.0","0.0","30.7","3.3","0.9","0.0","6.8","10.86","0.0","0.0","73.4","90.9","63.4","8.0","10.0","4.9","0.0","0.0","0.0","8.4","8.1","2.5"
"20240413","제주특별자치도","제주시","18.0","22.1","15.2","15.3","13.4","17.3","10.1","0.0","0.0","2.8","11.0","11.0","6.5","23.77","23.87","0.0","75.4","50.3","63.3","2.1","4.3","5.2","0.0","0.0","0.0","10.7","7.7","3.3"
"20240413","제주특별자치도","북제주군","16.7","20.2","14.4","15.0","12.7","16.1","9.9","2.4","0.0","2.3","10.1","10.9","6.5","23.81","25.83","0.0","81.4","53.8","72.2","2.9","4.3","0.0","0.0","0.0","0.0","6.6","10.7","6.5"
"20240413","제주특별자치도","서귀포시","18.5","22.3","15.2","15.1","14.4","18.4","10.9","3.2","0.0","4.1","9.3","10.9","6.7","25.12","0.0","0.0","67.6","58.3","63.4","2.8","5.3","5.1","0.0","0.0","0.0","5.6","3.8","2.6"
"20240411","제주특별자치도","제주시","16.2","21.0","13.4","18.9","13.3","17.0","10.2","1.8","0.0","3.8","0.0","8.8","6.1","5.9","22.59","0.0","66.6","66.5","65.2","8.8","6.6","5.6","0.0","0.0","0.0","5.7","19.8","3.5"
"20240411","제주특별자치도","북제주군","16.0","19.1","12.8","16.5","12.6","16.0","9.9","0.0","0.0","3.6","0.2","1.0","6.2","11.38","9.06","0.0","74.1","83.4","73.2","8.8","7.3","0.0","0.0","0.0","0.0","11.9","15.4","6.8"
"20240411","제주특별자치도","서귀포시","16.5","19.2","13.7","17.6","14.3","18.2","11.0","0.6","0.5","6.9","0.0","0.9","6.3","5.5","0.0","0.0","70.6","84.6","64.5","9.1","8.9","5.4","0.0","0.0","0.0","5.1","6.2","2.7"
"20240410","제주특별자치도","제주시","14.8","19.1","11.8","14.1","13.3","17.0","10.2","0.0","0.0","3.2","11.3","11.4","6.2","22.24","22.66","0.0","61.4","62.1","65.2","3.5","4.0","5.6","0.0","0.0","0.0","13.7","7.3","3.4"
"20240410","제주특별자치도","북제주군","14.2","18.6","10.2","14.3","12.7","16.0","9.9","0.0","0.0","3.1","11.3","11.3","6.3","23.83","23.4","0.0","68.8","69.8","73.1","4.5","3.9","0.0","0.0","0.0","0.0","9.5","13.3","6.6"
"20240410","제주특별자치도","서귀포시","14.8","18.0","12.1","14.4","14.3","18.1","11.1","0.0","0.0","6.3","9.8","11.0","6.4","23.42","0.0","0.0","63.5","68.6","64.9","4.5","4.0","5.4","0.0","0.0","0.0","8.8","6.1","2.7"
"20240409","제주특별자치도","제주시","15.4","20.3","12.2","13.2","13.2","16.8","10.1","0.0","0.0","2.7","10.3","12.1","6.2","21.42","25.54","0.0","61.4","39.5","65.5","2.4","0.3","5.6","0.0","0.0","0.0","9.4","8.5","3.4"
"20240409","제주특별자치도","북제주군","14.3","18.5","12.1","12.5","12.5","15.8","9.8","0.0","0.0","3.0","8.8","12.0","6.3","21.74","26.75","0.0","75.8","48.5","73.7","0.8","0.0","0.0","0.0","0.0","0.0","13.6","10.0","6.6"
"20240409","제주특별자치도","서귀포시","15.3","18.9","11.8","12.6","14.3","18.0","11.1","0.0","0.0","6.0","8.3","11.1","6.4","0.0","0.0","0.0","69.1","42.0","65.4","4.3","0.0","5.3","0.0","0.0","0.0","8.0","8.4","2.7"
"20240408","제주특별자치도","제주시","16.3","19.1","14.6","11.5","13.2","16.8","9.9","0.9","0.0","3.3","0.0","12.2","6.0","4.01","25.66","0.0","62.6","54.1","65.3","9.1","0.4","5.7","0.0","0.0","0.0","10.4","12.9","3.4"
"20240408","제주특별자치도","북제주군","15.0","17.6","13.8","10.8","12.5","15.7","9.6","1.9","0.0","3.7","0.0","12.2","6.1","4.67","26.56","0.0","78.5","56.0","74.1","8.5","0.0","0.0","0.0","0.0","0.0","15.1","20.2","6.6"
"20240408","제주특별자치도","서귀포시","16.4","19.1","14.2","11.7","14.2","17.9","10.9","2.1","0.0","6.9","0.0","11.3","6.2","0.0","0.0","0.0","56.3","37.4","65.9","9.1","0.6","5.2","0.0","0.0","0.0","5.7","7.0","2.6"
"20240407","제주특별자치도","제주시","15.5","19.3","10.3","11.3","13.2","16.8","9.8","0.0","0.6","3.0","10.1","2.4","6.2","20.41","14.13","0.0","67.0","75.8","64.9","6.4","6.5","5.5","0.0","0.0","0.0","9.3","11.9","3.3"
"20240407","제주특별자치도","북제주군","15.4","18.4","12.1","10.5","12.5","15.8","9.6","0.0","0.3","3.4","10.4","7.0","6.3","21.17","19.12","0.0","73.9","75.6","73.9","6.0","0.0","0.0","0.0","0.0","0.0","7.3","20.1","6.5"
"20240407","제주특별자치도","서귀포시","15.9","20.1","11.8","13.4","14.1","17.8","10.9","0.0","1.3","6.0","9.7","10.4","6.4","0.0","0.0","0.0","59.9","64.4","66.0","6.1","2.8","4.9","0.0","0.0","0.0","4.4","10.2","2.6"
"20240406","제주특별자치도","제주시","14.0","17.2","11.4","11.8","12.9","16.6","9.5","0.0","6.8","2.7","1.5","0.0","6.2","9.8","4.23","0.0","68.1","84.8","64.3","6.8","9.3","5.4","0.0","0.0","0.0","6.3","9.4","3.3"
"20240406","제주특별자치도","북제주군","13.5","16.2","11.5","10.8","12.3","15.6","9.3","0.0","4.1","2.6","1.9","0.0","6.4","11.07","5.11","0.0","80.5","84.9","73.2","7.0","9.4","0.0","0.0","0.0","0.0","10.3","14.9","6.4"
"20240406","제주특별자치도","서귀포시","14.5","17.3","11.7","12.5","13.8","17.6","10.5","0.0","8.1","4.4","2.8","4.7","6.4","0.0","0.0","0.0","69.5","84.3","65.2","7.1","8.5","4.8","0.0","0.0","0.0","4.0","8.2","2.6"
"20240405","제주특별자치도","제주시","14.7","17.1","12.6","16.2","12.6","16.3","9.2","0.0","8.4","2.9","9.6","0.0","6.2","21.1","1.92","0.0","68.6","84.4","64.3","6.3","9.8","5.3","0.0","0.0","0.0","10.2","18.1","3.3"
"20240405","제주특별자치도","북제주군","14.4","17.8","11.7","13.8","12.0","15.4","9.1","0.0","54.9","2.8","8.2","0.0","6.4","20.76","2.33","0.0","82.6","94.6","72.5","5.6","9.9","0.0","0.0","0.0","0.0","8.1","22.9","6.6"
"20240405","제주특별자치도","서귀포시","14.8","18.2","12.5","15.0","13.5","17.3","10.2","0.0","130.4","4.7","8.4","0.0","6.5","0.0","0.0","0.0","68.4","96.0","63.7","6.5","8.1","4.8","0.0","0.0","0.0","9.1","12.9","2.7"
"20240404","제주특별자치도","제주시","14.4","15.5","12.7","18.3","12.5","16.2","9.0","2.6","1.6","2.8","0.0","0.0","6.2","3.05","3.16","0.0","86.3","71.8","63.7","9.3","9.3","5.3","0.0","0.0","0.0","6.6","16.2","3.3"
"20240404","제주특별자치도","북제주군","12.6","13.5","11.0","16.9","11.9","15.3","9.0","0.4","9.5","2.3","0.0","0.0","6.5","4.38","5.57","0.0","98.1","79.9","71.5","9.1","10.0","0.0","0.0","0.0","0.0","12.1","20.3","6.8"
"20240404","제주특별자치도","서귀포시","14.2","15.1","13.5","17.2","13.4","17.3","9.9","1.4","4.9","4.1","0.0","0.0","6.5","0.0","0.0","0.0","91.5","87.1","62.1","10.0","9.8","4.9","0.0","0.0","0.0","4.2","8.7","2.7"
"20240403","제주특별자치도","제주시","16.1","18.4","14.2","16.1","12.2","16.0","8.8","8.5","0.0","3.0","0.0","9.6","6.6","1.84","22.48","0.0","90.3","67.0","62.9","10.0","4.9","5.0","0.0","0.0","0.0","8.8","14.3","3.3"
"20240403","제주특별자치도","북제주군","14.5","17.2","12.3","16.4","11.7","15.1","8.8","7.3","0.0","2.2","0.0","11.3","6.9","1.89","25.38","0.0","99.6","55.4","70.3","9.9","4.6","0.0","0.0","0.0","0.0","16.9","12.9","6.8"
"20240403","제주특별자치도","서귀포시","15.9","17.9","14.8","15.8","13.2","17.0","9.7","6.5","0.0","3.7","0.0","11.1","6.8","0.0","0.0","0.0","97.0","69.5","61.0","9.9","5.0","4.7","0.0","0.0","0.0","7.8","12.4","2.7"
"20240402","제주특별자치도","제주시","16.4","19.2","13.1","16.4","11.9","15.7","8.7","10.8","0.0","3.0","0.0","11.4","6.6","3.61","23.81","0.0","71.5","56.6","62.5","9.5","0.4","4.9","0.0","0.0","0.0","13.0","13.7","3.3"
"20240402","제주특별자치도","북제주군","16.1","18.1","12.9","16.7","11.5","14.7","8.5","21.0","0.0","2.3","0.0","11.7","7.0","5.01","24.64","0.0","93.4","41.8","69.6","9.9","0.0","0.0","0.0","0.0","0.0","19.9","16.3","7.2"
"20240402","제주특별자치도","서귀포시","16.6","18.2","13.6","17.0","13.0","16.8","9.5","79.1","0.0","4.1","0.0","11.4","6.9","0.0","0.0","0.0","85.3","47.6","60.3","9.8","0.3","4.7","0.0","0.0","0.0","6.2","11.7","2.7"
"20240401","제주특별자치도","제주시","15.2","19.9","10.3","16.4","11.8","15.6","8.5","0.0","0.0","3.1","11.3","9.7","6.5","24.15","19.68","0.0","58.4","73.4","63.0","1.6","5.8","5.0","0.0","0.0","0.0","4.8","11.8","3.4"
"20240401","제주특별자치도","북제주군","14.5","18.6","11.4","16.5","11.3","14.5","8.4","0.0","0.0","2.3","11.5","9.6","6.9","25.05","20.56","0.0","70.4","63.4","70.1","1.5","4.3","0.0","0.0","0.0","0.0","8.7","10.3","7.5"
"20240401","제주특별자치도","서귀포시","15.9","20.3","11.7","18.4","13.0","16.8","9.5","0.0","0.0","4.0","10.9","10.0","7.0","0.0","0.0","0.0","64.9","50.6","60.9","1.6","4.9","4.8","0.0","0.0","0.0","3.9","7.7","2.7"
"20240331","제주특별자치도","제주시","14.3","16.9","11.5","16.5","11.8","15.4","8.5","0.0","0.0","3.0","1.8","10.8","6.3","7.97","22.58","0.0","73.5","59.4","63.4","6.3","4.3","5.2","0.0","0.0","0.0","8.8","5.1","3.4"
"20240331","제주특별자치도","북제주군","13.7","16.2","11.3","14.9","11.2","14.3","8.4","0.0","0.0","2.6","0.3","10.5","6.5","7.9","22.66","0.0","81.4","62.5","70.8","4.5","4.1","0.0","0.0","0.0","0.0","9.4","13.5","7.6"
"20240331","제주특별자치도","서귀포시","14.7","19.3","12.9","18.3","12.9","16.6","9.5","0.0","1.3","4.7","0.2","10.2","6.6","0.0","0.0","0.0","77.1","41.6","62.5","6.9","4.4","5.0","0.0","0.0","0.0","4.1","7.6","2.6"
"20240330","제주특별자치도","제주시","17.4","26.7","11.8","14.6","11.5","15.2","8.3","0.0","0.0","2.9","9.8","3.8","6.0","18.49","15.51","0.0","64.5","60.3","63.5","6.0","7.3","5.4","0.0","0.0","0.0","12.9","11.5","3.3"
"20240330","제주특별자치도","북제주군","14.7","17.8","11.0","14.5","11.0","14.2","8.2","0.0","0.0","2.6","9.4","1.3","6.3","19.01","12.91","0.0","87.0","64.4","70.9","5.5","8.9","0.0","0.0","0.0","0.0","15.2","8.0","7.5"
"20240330","제주특별자치도","서귀포시","15.4","19.0","11.7","15.3","12.8","16.4","9.3","0.0","0.4","4.7","9.4","2.1","6.6","0.0","0.0","0.0","81.1","57.1","63.0","6.4","8.5","5.2","0.0","0.0","0.0","7.7","6.2","2.6"
"20240329","제주특별자치도","제주시","15.2","22.3","8.9","13.4","11.5","15.1","8.2","0.0","0.0","1.8","10.0","10.9","5.8","21.84","22.69","0.0","64.4","62.1","63.2","2.0","3.1","5.4","0.0","0.0","0.0","18.3","5.6","3.3"
"20240329","제주특별자치도","북제주군","12.6","14.3","9.9","12.7","10.9","14.0","8.1","0.0","0.0","1.8","2.1","10.6","6.1","14.45","22.28","0.0","88.4","67.5","71.0","3.1","4.0","0.0","0.0","0.0","0.0","15.0","7.4","7.3"
"20240329","제주특별자치도","서귀포시","13.0","15.3","9.0","14.2","12.7","16.4","9.2","0.0","0.0","3.4","2.8","10.4","6.5","0.0","0.0","0.0","85.0","67.3","63.1","6.5","5.3","5.3","0.0","0.0","0.0","7.4","4.5","2.5"
"20240328","제주특별자치도","제주시","13.2","15.2","11.7","12.3","11.3","14.8","8.0","9.3","0.0","1.9","0.0","10.5","5.7","1.29","21.96","0.0","81.3","50.0","63.0","9.9","0.4","5.5","0.0","0.0","0.0","12.2","5.0","3.3"
"20240328","제주특별자치도","북제주군","12.8","15.2","10.9","11.9","10.8","13.9","7.9","26.0","0.0","2.0","0.0","10.6","6.0","1.62","21.82","0.0","93.5","53.5","70.6","9.4","1.6","0.0","0.0","0.0","0.0","19.7","10.7","7.1"
"20240328","제주특별자치도","서귀포시","13.6","15.9","11.8","13.9","12.5","16.2","8.9","79.8","0.0","3.4","0.0","11.2","6.3","0.0","0.0","0.0","89.3","54.8","62.7","8.6","2.0","5.5","0.0","0.0","0.0","9.9","5.0","2.6"
"20240327","제주특별자치도","제주시","13.4","19.5","8.0","10.7","11.0","14.4","7.8","0.0","0.0","1.6","6.4","10.8","5.5","17.7","24.49","0.0","64.0","42.9","62.5","6.3","2.4","5.6","0.0","0.0","0.0","10.1","7.5","3.3"
"20240327","제주특별자치도","북제주군","12.3","17.1","8.3","9.4","10.4","13.5","7.6","0.0","0.0","2.0","7.3","10.8","5.9","19.2","24.83","0.0","73.9","44.6","69.9","6.4","3.0","0.0","0.0","0.0","0.0","13.2","19.2","7.1"
"20240327","제주특별자치도","서귀포시","12.7","16.4","8.7","13.0","12.1","15.8","8.6","0.1","0.0","3.4","7.6","10.2","6.0","0.0","0.0","0.0","67.4","49.4","62.1","6.9","3.6","5.6","0.0","0.0","0.0","5.7","6.1","2.5"
"20240326","제주특별자치도","제주시","10.6","14.2","9.3","11.9","10.7","14.1","7.5","15.0","0.2","2.0","0.0","8.2","5.6","3.06","19.2","0.0","77.1","62.4","62.1","9.9","5.0","5.5","0.0","0.0","0.0","14.8","10.2","3.4"
"20240326","제주특별자치도","북제주군","10.2","14.1","8.2","10.5","10.2","13.3","7.4","2.1","0.0","1.8","0.3","7.5","6.0","8.0","19.82","0.0","85.6","62.9","69.2","8.1","4.5","0.0","0.0","0.0","0.0","27.0","20.5","7.1"
"20240326","제주특별자치도","서귀포시","12.8","16.5","9.9","13.8","11.8","15.5","8.3","5.0","0.2","3.0","9.4","7.6","6.3","0.0","0.0","0.0","74.9","67.1","61.2","6.1","5.0","5.6","0.0","0.0","0.0","11.0","7.2","2.6"
"20240325","제주특별자치도","제주시","14.3","15.7","13.0","12.9","10.5","13.8","7.4","19.7","0.6","2.4","0.4","0.0","5.8","4.98","3.13","0.0","84.1","84.4","62.4","9.8","10.0","5.5","0.0","0.0","0.0","14.5","9.3","3.4"
"20240325","제주특별자치도","북제주군","15.2","16.8","13.4","12.6","10.0","13.1","7.2","7.4","1.3","2.1","0.2","0.0","6.1","5.16","5.95","0.0","85.9","84.1","68.9","8.6","9.6","0.0","0.0","0.0","0.0","28.0","12.7","7.2"
"20240325","제주특별자치도","서귀포시","13.7","14.2","13.1","13.3","11.6","15.3","8.1","6.8","2.3","3.6","0.0","0.0","6.1","0.0","0.0","0.0","92.6","83.0","60.8","10.0","10.0","5.6","0.0","0.0","0.0","9.4","7.9","2.6"
"20240324","제주특별자치도","제주시","14.4","15.9","12.8","11.5","10.2","13.5","7.2","9.9","8.3","3.0","0.0","0.0","5.6","2.57","2.86","0.0","86.6","84.5","63.5","10.0","10.0","5.6","0.0","0.0","0.0","13.7","6.8","3.5"
"20240324","제주특별자치도","북제주군","15.6","17.4","14.2","10.4","9.7","12.8","7.0","8.3","5.7","2.7","0.0","0.0","5.9","4.01","5.95","0.0","87.3","84.0","69.4","9.0","9.4","0.0","0.0","0.0","0.0","13.3","16.0","7.5"
"20240324","제주특별자치도","서귀포시","14.6","16.4","13.4","14.7","11.5","15.2","8.0","16.1","11.4","4.5","0.0","0.0","6.1","0.0","0.0","0.0","90.8","94.3","61.3","10.0","10.0","5.7","0.0","0.0","0.0","8.8","7.2","2.6"
"20240323","제주특별자치도","제주시","16.9","18.8","14.9","13.9","10.2","13.6","7.2","2.3","6.3","3.3","6.6","0.0","5.4","15.97","2.98","0.0","75.9","91.0","64.3","7.4","10.0","5.8","0.0","0.0","0.0","16.1","8.0","3.6"
"20240323","제주특별자치도","북제주군","15.2","17.9","13.9","12.9","9.7","12.8","6.9","1.5","5.2","2.7","4.2","0.0","5.8","14.65","6.88","0.0","89.4","90.8","70.3","9.0","8.5","0.0","0.0","0.0","0.0","12.2","17.4","7.7"
"20240323","제주특별자치도","서귀포시","16.5","18.3","15.5","17.4","11.5","15.1","8.1","0.8","1.9","4.6","5.0","0.6","5.9","0.0","0.0","0.0","87.6","96.6","62.3","9.1","9.5","5.9","0.0","0.0","0.0","5.9","5.1","2.7"
"20240322","제주특별자치도","제주시","15.2","21.3","6.5","17.8","10.4","13.9","7.3","0.0","0.0","3.6","7.7","0.8","5.5","19.28","9.1","0.0","45.5","90.4","64.5","4.4","8.3","5.7","0.0","0.0","0.0","17.1","10.4","3.6"
"20240322","제주특별자치도","북제주군","13.1","16.3","6.0","16.6","9.8","13.1","6.9","0.1","0.2","2.7","6.9","0.0","5.7","16.77","5.67","0.0","75.1","90.6","71.2","4.4","8.0","0.0","0.0","0.0","0.0","20.7","10.4","7.6"
"20240322","제주특별자치도","서귀포시","13.7","17.5","7.4","17.2","11.6","15.2","8.3","0.3","3.7","5.0","6.3","0.0","5.8","0.0","0.0","0.0","71.0","95.9","63.6","5.8","9.9","5.9","0.0","0.0","0.0","13.1","6.4","2.8"
"20240321","제주특별자치도","제주시","8.4","12.2","5.8","15.1","10.6","14.2","7.3","0.0","1.4","3.3","11.0","0.0","5.4","24.56","2.54","0.0","46.3","90.3","64.7","2.0","9.3","5.7","0.0","0.0","0.0","7.8","9.2","3.5"
"20240321","제주특별자치도","북제주군","7.4","9.9","4.7","14.9","9.9","13.2","7.0","0.0","6.2","2.6","11.3","2.9","5.6","24.14","9.82","0.0","57.1","86.0","72.1","1.1","8.0","0.0","0.0","0.0","0.0","14.5","7.6","7.5"
"20240321","제주특별자치도","서귀포시","8.6","12.1","4.2","16.0","11.8","15.5","8.4","0.0","6.2","5.0","11.5","0.1","5.7","0.0","0.0","0.0","56.9","89.4","64.5","1.1","9.6","5.8","0.0","0.0","0.0","7.1","9.5","2.7"
"20240320","제주특별자치도","제주시","8.2","10.8","6.6","12.5","10.7","14.4","7.3","0.0","0.0","3.8","5.8","0.8","5.1","18.46","8.92","0.0","46.5","67.4","65.0","4.8","8.8","5.7","0.0","0.0","0.0","17.5","5.1","3.5"
"20240320","제주특별자치도","북제주군","8.0","10.1","6.2","12.2","10.1","13.3","7.0","0.0","0.0","3.4","6.9","0.0","5.4","19.85","7.43","0.0","53.0","71.6","72.8","3.1","8.1","0.0","0.0","0.0","0.0","22.2","7.3","7.5"
"20240320","제주특별자치도","서귀포시","8.3","11.5","5.6","13.3","11.9","15.6","8.5","0.0","0.0","6.4","10.6","0.4","5.6","0.0","0.0","0.0","44.3","64.3","65.9","0.9","8.1","5.6","0.0","0.0","0.0","10.5","3.8","2.7"
"20240319","제주특별자치도","제주시","11.8","15.7","8.3","10.2","10.8","14.6","7.2","0.1","0.0","3.4","5.7","7.7","5.3","17.03","19.44","0.0","54.5","66.4","64.3","5.3","4.5","5.6","0.0","0.0","0.0","16.2","5.4","3.4"
"20240319","제주특별자치도","북제주군","11.3","16.2","8.0","9.2","10.1","13.4","7.0","0.0","0.0","3.1","7.5","9.9","5.5","20.07","21.72","0.0","62.9","69.9","72.5","3.8","4.4","0.0","0.0","0.0","0.0","25.8","15.8","7.4"
"20240319","제주특별자치도","서귀포시","12.0","16.4","7.5","12.5","11.9","15.6","8.3","0.0","0.0","5.9","8.3","9.8","5.7","0.0","0.0","0.0","49.3","63.0","65.8","4.8","5.1","5.5","0.0","0.0","0.0","9.7","5.6","2.7"
"20240318","제주특별자치도","제주시","11.0","14.6","5.7","11.3","10.7","14.4","7.2","0.0","0.0","3.3","9.7","9.2","5.3","20.31","22.6","0.0","59.5","60.9","64.0","4.3","3.6","5.7","0.0","0.0","0.0","10.3","9.8","3.3"
"20240318","제주특별자치도","북제주군","10.7","14.4","6.8","9.7","10.1","13.4","7.0","0.0","0.0","3.2","9.4","10.9","5.6","20.95","22.34","0.0","65.5","60.5","72.3","4.3","2.8","0.0","0.0","0.0","0.0","18.2","15.1","7.4"
"20240318","제주특별자치도","서귀포시","12.4","14.6","9.6","12.9","11.7","15.5","8.2","0.0","0.0","5.9","9.7","8.9","5.7","0.0","0.0","0.0","51.5","57.0","65.4","3.9","4.5","5.4","0.0","0.0","0.0","5.5","7.6","2.7"
"20240317","제주특별자치도","제주시","11.5","14.2","7.6","11.5","10.5","14.2","7.0","3.0","19.2","4.0","2.2","0.1","5.3","6.63","3.36","0.0","73.3","79.1","64.4","8.0","9.5","5.7","0.0","0.0","0.0","8.6","11.3","3.4"
"20240317","제주특별자치도","북제주군","10.7","13.5","7.6","10.6","10.0","13.1","6.8","1.5","12.2","3.8","3.3","0.0","5.6","11.01","3.65","0.0","83.5","81.3","72.2","7.0","9.8","0.0","0.0","0.0","0.0","20.7","15.7","7.5"
"20240317","제주특별자치도","서귀포시","15.0","18.4","11.9","12.1","11.6","15.3","7.9","2.5","13.4","6.8","3.1","0.0","5.9","0.0","0.0","0.0","70.4","78.4","64.8","8.3","10.0","5.3","0.0","0.0","0.0","6.9","8.6","2.7"
"20240316","제주특별자치도","제주시","13.4","17.9","8.4","11.0","10.3","14.0","6.9","0.0","0.0","4.1","5.6","10.0","5.1","15.83","20.56","0.0","57.9","57.1","64.2","5.8","4.0","5.6","0.0","0.0","0.0","5.5","7.9","3.5"
"20240316","제주특별자치도","북제주군","13.8","17.0","10.3","9.5","9.9","13.0","6.7","1.0","0.0","4.1","4.5","9.9","5.6","12.71","20.55","0.0","66.1","57.4","71.4","6.3","3.8","0.0","0.0","0.0","0.0","10.3","19.8","7.6"
"20240316","제주특별자치도","서귀포시","13.4","17.4","8.7","14.2","11.4","15.1","7.7","1.9","0.0","7.1","6.4","10.4","5.9","0.0","0.0","0.0","68.4","67.6","63.8","6.3","3.4","5.4","0.0","0.0","0.0","4.1","5.3","2.7"
"20240315","제주특별자치도","제주시","11.5","16.3","6.6","15.0","10.0","13.8","6.5","0.0","0.0","3.4","10.9","9.2","5.4","21.69","20.64","0.0","51.1","69.9","63.1","0.0","5.5","5.5","0.0","0.0","0.0","5.5","7.2","3.5"
"20240315","제주특별자치도","북제주군","11.8","15.4","7.8","15.7","9.7","13.0","6.6","0.0","0.0","3.2","11.3","8.2","5.9","22.28","18.18","0.0","62.1","70.9","70.2","0.0","4.5","0.0","0.0","0.0","0.0","6.4","16.9","7.5"
"20240315","제주특별자치도","서귀포시","11.9","16.6","6.7","16.3","11.1","14.9","7.4","0.0","0.0","5.9","11.3","8.0","6.1","0.0","0.0","0.0","52.5","68.4","62.5","0.0","4.9","5.3","0.0","0.0","0.0","5.2","4.6","2.8"
"20240314","제주특별자치도","제주시","10.6","14.7","6.7","10.7","9.8","13.4","6.3","0.0","0.0","3.3","8.0","11.0","5.5","16.62","23.09","0.0","55.4","57.6","62.2","4.1","0.0","5.4","0.0","0.0","0.0","5.4","6.3","3.6"
"20240314","제주특별자치도","북제주군","10.5","13.9","7.5","10.8","9.5","12.7","6.3","0.0","0.0","3.3","7.5","11.2","6.0","16.6","22.59","0.0","65.1","65.5","69.1","5.0","0.0","0.0","0.0","0.0","0.0","8.5","15.6","7.7"
"20240314","제주특별자치도","서귀포시","10.7","14.5","7.1","11.5","10.8","14.5","7.1","0.0","0.0","5.9","8.0","10.9","6.1","0.0","0.0","0.0","55.0","64.0","61.4","4.0","1.1","5.3","0.0","0.0","0.0","4.4","4.8","2.8"
"20240313","제주특별자치도","제주시","9.6","13.2","6.1","6.7","9.4","13.0","5.9","0.0","0.0","2.9","10.1","10.7","5.8","21.11","22.64","0.0","49.1","47.5","61.2","5.1","1.4","5.2","0.0","0.0","0.0","8.4","16.1","3.6"
"20240313","제주특별자치도","북제주군","8.9","11.6","7.0","5.6","9.1","12.4","6.0","0.0","0.0","2.9","10.0","10.9","6.1","21.86","22.61","0.0","57.3","49.4","67.6","3.0","1.9","0.0","0.0","0.0","0.0","18.8","27.3","7.7"
"20240313","제주특별자치도","서귀포시","9.7","14.0","4.7","7.8","10.5","14.3","6.8","0.0","0.0","4.9","10.4","10.6","6.3","0.0","0.0","0.0","52.5","52.0","60.2","3.1","2.0","5.2","0.0","0.0","0.0","6.6","8.8","2.7"
"20240312","제주특별자치도","제주시","9.7","13.6","6.9","11.1","9.2","12.7","5.7","0.0","9.6","2.3","1.7","1.8","5.9","7.8","3.31","0.0","69.0","69.5","60.7","7.1","8.9","5.1","0.0","0.0","0.0","13.8","15.5","3.6"
"20240312","제주특별자치도","북제주군","9.7","12.8","7.0","10.3","8.9","12.2","5.8","0.0","4.9","2.3","3.7","0.2","6.2","13.99","4.04","0.0","72.5","81.3","67.0","3.0","9.0","0.0","0.0","0.0","0.0","23.0","27.9","8.0"
"20240312","제주특별자치도","서귀포시","10.4","15.8","6.7","14.1","10.3","14.2","6.7","0.0","2.6","3.7","8.3","0.6","6.4","0.0","0.0","0.0","64.1","75.4","59.3","2.6","9.4","5.0","0.0","0.0","0.0","7.2","13.7","2.7"
"20240311","제주특별자치도","제주시","9.4","13.7","5.3","14.1","9.0","12.5","5.6","9.7","0.0","2.5","1.3","8.8","5.7","7.09","16.7","0.0","66.4","74.4","60.5","5.9","5.4","5.2","0.0","0.0","0.0","8.9","4.5","3.7"
"20240311","제주특별자치도","북제주군","9.7","13.8","5.5","15.1","8.6","11.9","5.6","13.6","0.0","2.2","0.8","8.5","6.0","6.66","18.98","0.0","80.9","83.1","67.1","5.6","5.3","0.0","0.0","0.0","0.0","18.5","9.6","8.2"
"20240311","제주특별자치도","서귀포시","10.0","15.0","6.5","15.6","10.1","14.0","6.5","17.8","0.0","3.7","1.6","7.9","6.3","0.0","0.0","0.0","78.9","74.8","59.8","8.1","4.4","5.1","0.0","0.0","0.0","9.7","3.2","2.7"
"20240310","제주특별자치도","제주시","7.7","12.0","2.9","13.2","8.8","12.2","5.5","0.0","0.0","2.7","10.8","9.9","5.6","22.8","18.39","0.0","44.1","84.5","60.5","1.0","0.0","5.3","0.0","0.0","0.0","5.5","5.3","3.8"
"20240310","제주특별자치도","북제주군","7.6","11.4","3.9","12.1","8.4","11.6","5.5","0.0","0.0","2.2","11.0","5.1","5.8","22.44","15.67","0.0","51.9","84.5","66.9","1.5","3.5","0.0","0.0","0.0","0.0","12.2","7.7","8.2"
"20240310","제주특별자치도","서귀포시","9.0","13.1","5.0","14.1","9.9","13.7","6.3","0.0","0.0","3.2","11.1","10.2","6.2","0.0","0.0","0.0","59.9","67.6","60.0","1.4","0.0","5.1","0.0","0.0","0.0","7.3","4.5","2.7"
"20240309","제주특별자치도","제주시","6.9","9.9","5.3","14.5","8.6","12.0","5.5","0.0","0.0","2.8","7.9","7.9","5.4","19.34","15.4","0.0","49.0","79.4","61.8","3.5","3.3","5.4","0.0","0.0","0.0","12.9","11.7","3.8"
"20240309","제주특별자치도","북제주군","6.0","7.5","5.0","13.2","8.2","11.3","5.5","0.0","0.0","1.9","8.0","3.9","5.6","19.28","13.52","0.0","58.0","87.4","68.0","3.3","6.8","0.0","0.0","0.0","0.0","20.6","10.5","8.4"
"20240309","제주특별자치도","서귀포시","6.9","11.4","2.4","15.8","9.8","13.5","6.4","0.0","0.0","2.8","10.9","8.2","6.2","0.0","0.0","0.0","55.4","81.9","60.6","0.6","3.5","5.0","0.0","0.0","0.0","7.6","7.7","2.7"
"20240308","제주특별자치도","제주시","7.9","11.1","6.0","14.8","8.7","12.0","5.6","0.0","0.0","3.5","6.6","9.4","5.0","16.79","16.16","0.0","47.0","56.8","63.0","5.1","4.5","5.6","0.0","0.0","0.0","13.8","8.0","3.9"
"20240308","제주특별자치도","북제주군","7.2","9.5","6.2","14.5","8.3","11.3","5.6","0.0","0.0","2.1","8.0","6.9","5.3","19.02","16.26","0.0","55.4","75.5","69.6","4.1","4.8","0.0","0.0","0.0","0.0","20.1","11.1","8.6"
"20240308","제주특별자치도","서귀포시","7.8","11.3","5.6","15.3","9.9","13.5","6.5","0.0","0.0","3.1","10.4","6.6","5.9","0.0","0.0","0.0","42.6","67.6","61.8","2.1","6.3","5.1","0.0","0.0","0.0","10.1","6.6","2.8"
"20240307","제주특별자치도","제주시","8.0","10.9","6.0","14.6","8.7","12.0","5.6","0.0","0.0","3.8","6.9","10.2","4.9","16.02","17.95","0.0","56.1","49.6","63.6","5.5","1.8","5.8","0.0","0.0","0.0","11.3","11.4","3.8"
"20240307","제주특별자치도","북제주군","7.4","9.4","6.0","13.4","8.4","11.3","5.6","0.0","0.0","2.5","8.7","9.9","5.1","18.73","18.92","0.0","62.9","73.1","70.2","2.5","0.6","0.0","0.0","0.0","0.0","20.7","9.5","8.4"
"20240307","제주특별자치도","서귀포시","9.3","14.2","5.6","13.7","9.9","13.5","6.4","0.0","0.0","3.7","9.4","10.2","5.8","0.0","0.0","0.0","52.3","64.3","63.0","2.9","0.8","5.2","0.0","0.0","0.0","7.7","8.2","2.8"
"20240306","제주특별자치도","제주시","10.4","12.1","8.5","12.3","8.7","11.9","5.5","0.0","0.0","3.8","0.3","10.5","4.8","4.44","19.66","0.0","67.3","57.1","64.2","8.3","0.0","5.8","0.0","0.0","0.0","12.6","11.2","3.9"
"20240306","제주특별자치도","북제주군","9.7","11.1","8.6","12.6","8.4","11.3","5.6","0.0","0.0","2.5","0.4","10.3","5.0","6.19","19.87","0.0","75.8","63.4","70.2","7.6","0.0","0.0","0.0","0.0","0.0","15.5","8.6","8.4"
"20240306","제주특별자치도","서귀포시","10.0","12.3","7.5","11.6","9.7","13.3","6.3","0.0","0.0","3.3","0.5","10.3","5.7","0.0","0.0","0.0","71.0","65.8","63.4","8.1","0.3","5.2","0.0","0.0","0.0","9.8","8.4","2.8"
"20240305","제주특별자치도","제주시","10.9","11.5","9.7","11.0","8.6","11.9","5.5","19.4","0.0","3.6","0.0","9.6","4.4","0.52","17.75","0.0","87.5","59.0","64.8","9.8","1.3","5.9","0.0","0.0","0.0","13.7","8.9","3.8"
"20240305","제주특별자치도","북제주군","11.5","13.2","9.6","11.9","8.3","11.2","5.6","5.1","0.0","2.3","0.0","10.1","4.8","2.5","18.81","0.0","87.5","56.3","70.3","9.8","1.0","0.0","0.0","0.0","0.0","11.1","7.1","8.4"
"20240305","제주특별자치도","서귀포시","11.0","12.3","9.3","10.7","9.7","13.2","6.4","7.8","1.2","3.6","0.0","4.8","5.5","0.0","0.0","0.0","89.6","66.1","63.4","10.0","3.5","5.4","0.0","0.0","0.0","10.3","6.0","2.8"
"20240304","제주특별자치도","제주시","10.2","14.9","6.1","9.7","8.5","11.8","5.4","9.7","0.0","3.2","2.9","8.9","4.7","8.52","17.25","0.0","62.9","55.4","64.0","7.6","4.0","5.8","0.0","0.0","0.0","11.2","6.0","3.7"
"20240304","제주특별자치도","북제주군","9.6","13.9","7.0","9.7","8.3","11.2","5.5","8.2","0.0","2.1","2.1","9.3","5.0","7.54","18.52","0.0","73.6","55.3","69.2","9.3","3.0","0.0","0.0","0.0","0.0","14.1","10.4","8.2"
"20240304","제주특별자치도","서귀포시","9.6","13.8","5.6","11.1","9.7","13.2","6.3","16.6","0.0","3.2","2.7","9.8","5.5","0.0","0.0","0.0","70.8","53.1","62.7","8.4","4.0","5.5","0.0","0.0","0.0","9.6","4.7","2.8"
"20240303","제주특별자치도","제주시","8.6","12.5","5.1","7.6","8.3","11.6","5.3","0.0","0.0","2.9","2.5","8.9","4.7","8.8","17.37","0.0","50.5","52.9","63.8","7.1","5.8","5.9","0.0","0.0","0.0","10.9","5.9","3.7"
"20240303","제주특별자치도","북제주군","8.6","11.2","5.4","7.2","8.0","10.9","5.4","0.0","0.0","2.1","0.6","8.1","5.1","5.3","18.33","0.0","56.3","52.0","68.5","7.9","5.0","0.0","0.0","0.0","0.0","16.7","15.6","8.4"
"20240303","제주특별자치도","서귀포시","7.5","11.0","4.1","8.9","9.6","13.1","6.2","0.0","0.0","3.1","1.5","8.4","5.5","0.0","0.0","0.0","57.5","55.1","62.2","7.6","4.8","5.6","0.0","0.0","0.0","5.7","6.1","2.7"
"20240302","제주특별자치도","제주시","4.7","8.6","1.3","6.7","8.3","11.6","5.3","0.0","0.0","2.9","6.8","10.3","4.4","17.62","20.2","0.0","52.5","49.4","64.0","7.4","2.5","6.1","0.0","0.0","0.0","13.5","15.0","3.7"
"20240302","제주특별자치도","북제주군","4.4","6.5","1.7","5.5","8.0","10.9","5.3","0.0","0.0","2.2","3.8","10.2","4.9","13.34","19.7","0.0","54.8","49.8","68.9","8.0","2.3","0.0","0.0","0.0","0.0","21.2","24.1","8.4"
"20240302","제주특별자치도","서귀포시","4.3","8.7","0.7","7.2","9.6","13.1","6.3","0.0","0.0","2.8","9.2","10.8","5.2","0.0","0.0","0.0","52.6","47.1","62.8","5.9","1.4","5.8","0.0","0.0","0.0","9.4","13.3","2.7"
"20240301","제주특별자치도","제주시","3.3","7.6","1.3","10.9","8.3","11.6","5.3","0.0","4.0","2.5","0.4","0.4","4.6","4.29","4.07","0.0","59.3","72.4","63.9","8.9","7.6","6.0","0.0","0.0","0.0","16.9","13.0","3.6"
"20240301","제주특별자치도","북제주군","3.2","7.9","1.2","10.4","8.0","10.9","5.3","0.0","7.0","2.0","1.7","1.6","5.2","8.88","6.61","0.0","63.6","76.0","69.0","8.0","7.5","0.0","0.0","0.0","0.0","26.4","21.7","8.3"
"20240301","제주특별자치도","서귀포시","5.0","9.1","0.7","12.0","9.7","13.2","6.4","0.0","11.5","2.8","7.9","3.3","5.4","0.0","0.0","0.0","56.6","70.4","62.8","5.5","8.4","5.7","0.0","0.0","0.0","10.3","9.0","2.6"
"20240229","제주특별자치도","제주시","8.2","10.9","7.4","11.4","8.3","11.6","5.3","18.0","0.0","2.8","0.0","10.8","4.7","0.0","20.28","0.0","80.8","66.4","64.2","10.0","2.5","6.0","0.0","0.0","0.0","13.6","6.8","3.6"
"20240229","제주특별자치도","북제주군","7.8","10.9","6.7","11.2","8.0","10.9","5.3","6.0","0.0","2.2","0.0","9.7","5.2","3.19","20.0","0.0","85.5","66.3","69.4","9.9","2.9","0.0","0.0","0.0","0.0","18.7","8.7","8.3"
"20240229","제주특별자치도","서귀포시","8.8","10.5","7.7","11.9","9.7","13.2","6.4","13.0","0.0","2.9","0.0","9.5","5.4","0.0","0.0","0.0","82.8","63.5","63.1","10.0","2.6","5.8","0.0","0.0","0.0","10.1","6.7","2.6"
"20240228","제주특별자치도","제주시","10.2","13.0","7.3","11.4","8.2","11.5","5.3","0.0","0.0","3.0","1.1","10.8","4.7","8.89","20.28","0.0","58.9","66.4","64.4","8.5","2.5","6.0","0.0","0.0","0.0","11.7","6.8","3.5"
"20240228","제주특별자치도","북제주군","9.3","13.2","5.1","11.2","7.9","10.8","5.2","0.0","0.0","2.4","0.0","9.7","5.2","8.18","20.0","0.0","63.3","66.3","69.7","8.9","2.9","0.0","0.0","0.0","0.0","10.7","8.7","8.2"
"20240228","제주특별자치도","서귀포시","10.0","11.8","8.0","11.9","9.7","13.2","6.4","0.1","0.0","2.9","0.0","9.5","5.4","0.0","0.0","0.0","63.9","63.5","63.4","8.5","2.6","5.8","0.0","0.0","0.0","11.4","6.7","2.6"
"20240227","제주특별자치도","제주시","9.4","12.8","6.3","7.8","8.4","11.7","5.5","0.0","0.0","3.1","7.3","9.9","4.4","16.04","20.46","0.0","60.0","63.1","64.9","4.4","0.5","6.2","0.0","0.0","0.0","14.5","4.8","3.5"
"20240227","제주특별자치도","북제주군","8.8","13.3","6.3","8.4","8.0","10.9","5.3","0.0","0.0","2.5","6.0","10.2","4.9","14.54","19.95","0.0","67.6","66.9","70.5","4.9","0.6","0.0","0.0","0.0","0.0","11.8","8.4","8.1"
"20240227","제주특별자치도","서귀포시","9.0","12.1","7.5","8.7","9.8","13.2","6.5","0.1","0.0","3.2","8.3","10.8","5.1","0.0","0.0","0.0","63.3","63.5","64.5","4.9","0.5","5.9","0.0","0.0","0.0","11.0","5.2","2.5"
"20240226","제주특별자치도","제주시","7.5","10.5","6.0","5.9","8.3","11.6","5.3","0.0","0.0","2.7","6.6","9.5","4.4","15.58","20.06","0.0","61.5","54.9","64.4","6.0","2.1","6.1","0.0","0.0","0.0","9.2","10.0","3.4"
"20240226","제주특별자치도","북제주군","6.8","8.1","5.7","5.2","8.1","11.1","5.2","0.0","0.0","2.3","6.8","10.5","5.0","17.43","20.37","0.0","67.9","53.3","70.0","5.9","0.9","0.0","0.0","0.0","0.0","15.2","18.2","7.7"
"20240226","제주특별자치도","서귀포시","8.7","12.0","5.7","6.9","9.7","13.2","6.4","0.0","0.0","3.0","6.5","10.8","5.1","0.0","0.0","0.0","63.4","56.1","64.3","6.9","0.0","5.8","0.0","0.0","0.0","5.4","5.6","2.5"
"20240225","제주특별자치도","제주시","7.9","8.9","6.5","4.8","8.1","11.3","5.0","11.2","0.0","2.1","0.0","3.7","4.8","2.87","9.57","0.0","77.4","60.0","63.7","9.5","6.3","5.9","0.0","0.0","0.0","12.5","12.1","3.4"
"20240225","제주특별자치도","북제주군","7.7","8.8","6.7","4.4","7.8","10.8","5.1","3.7","0.0","1.6","0.9","3.0","5.5","5.42","11.33","0.0","81.0","62.3","69.0","9.1","6.4","0.0","0.0","0.0","0.0","16.6","23.0","7.8"
"20240225","제주특별자치도","서귀포시","9.8","12.4","7.6","7.0","9.4","13.0","6.1","0.2","0.0","2.3","0.6","10.4","5.7","0.0","0.0","0.0","72.0","53.4","62.8","8.3","0.1","5.5","0.0","0.0","0.0","8.4","8.9","2.5"
"20240224","제주특별자치도","제주시","7.7","9.1","6.6","8.5","7.9","11.2","4.8","13.4","2.0","2.4","0.0","5.9","4.5","2.33","13.07","0.0","83.4","62.8","64.0","10.0","5.1","6.0","0.0","0.0","0.0","10.1","11.4","3.5"
"20240224","제주특별자치도","북제주군","8.4","10.1","6.5","7.9","7.7","10.8","4.8","1.1","1.1","2.1","0.1","5.0","5.1","4.1","12.81","0.0","79.9","61.8","69.1","9.8","5.4","0.0","0.0","0.0","0.0","8.5","19.6","7.8"
"20240224","제주특별자치도","서귀포시","7.6","8.8","6.5","10.5","9.3","13.0","5.9","4.8","3.6","2.8","0.0","7.2","5.5","0.0","0.0","0.0","85.6","64.1","63.2","10.0","5.6","5.5","0.0","0.0","0.0","9.5","7.5","2.5"
"20240223","제주특별자치도","제주시","7.6","8.1","7.2","7.3","7.8","11.1","4.6","19.6","3.0","2.1","0.0","0.1","4.7","0.95","4.78","0.0","86.1","81.0","63.0","10.0","9.8","5.9","0.0","0.0","0.0","11.1","8.8","3.6"
"20240223","제주특별자치도","북제주군","7.7","8.3","7.0","7.0","7.6","10.6","4.7","1.3","1.5","2.1","0.0","2.4","5.3","3.9","10.66","0.0","85.4","79.3","68.2","9.9","9.3","0.0","0.0","0.0","0.0","13.9","12.9","8.0"
"20240223","제주특별자치도","서귀포시","8.3","9.2","7.3","10.1","9.1","12.7","5.7","0.5","4.9","3.4","0.0","2.2","5.7","0.0","0.0","0.0","78.9","83.6","62.6","10.0","9.6","5.3","0.0","0.0","0.0","10.2","4.4","2.6"
"20240222","제주특별자치도","제주시","9.0","11.8","8.0","7.3","7.5","10.9","4.3","28.3","0.5","1.9","0.0","3.1","5.0","0.37","8.14","0.0","89.6","77.6","62.5","10.0","7.1","5.6","0.0","0.0","0.0","14.9","7.2","3.7"
"20240222","제주특별자치도","북제주군","9.4","12.8","8.2","7.1","7.3","10.4","4.4","3.9","1.0","2.0","0.0","2.5","5.7","1.84","10.25","0.0","90.3","74.3","67.3","9.5","7.4","0.0","0.0","0.0","0.0","15.1","11.5","8.4"
"20240222","제주특별자치도","서귀포시","9.9","12.4","8.8","8.9","8.8","12.6","5.3","0.9","2.2","3.5","0.0","3.9","6.2","0.0","0.0","0.0","86.3","69.9","61.6","10.0","6.5","4.9","0.0","0.0","0.0","11.5","4.7","2.6"
"20240221","제주특별자치도","제주시","12.4","14.4","11.8","3.5","7.3","10.7","4.2","22.1","0.0","2.4","0.0","8.6","4.8","2.09","16.65","0.0","89.3","54.9","62.6","10.0","3.4","5.7","0.0","0.0","0.0","14.1","14.0","3.8"
"20240221","제주특별자치도","북제주군","13.7","15.6","12.6","2.7","7.1","10.1","4.3","11.5","0.0","2.4","0.0","7.9","5.5","2.43","16.91","0.0","90.4","54.4","67.3","9.6","6.1","0.0","0.0","0.0","0.0","13.3","21.0","8.6"
"20240221","제주특별자치도","서귀포시","12.7","13.7","12.0","4.4","8.6","12.4","5.2","15.6","0.0","4.6","0.0","10.5","6.1","0.0","0.0","0.0","92.8","50.9","61.7","10.0","1.0","4.9","0.0","0.0","0.0","9.0","5.9","2.6"
"20240220","제주특별자치도","제주시","11.0","13.9","8.7","5.9","7.1","10.4","4.1","4.7","0.0","2.3","0.0","7.1","4.4","0.62","14.89","0.0","86.3","56.1","62.2","10.0","4.5","5.9","0.0","0.0","0.0","11.8","15.1","3.8"
"20240220","제주특별자치도","북제주군","10.7","13.6","8.1","5.9","6.9","9.9","4.1","8.0","0.0","2.3","0.0","7.3","5.1","1.76","16.29","0.0","94.8","56.6","66.7","9.3","4.6","0.0","0.0","0.0","0.0","16.6","22.8","8.6"
"20240220","제주특별자치도","서귀포시","13.4","14.6","11.5","6.5","8.4","12.1","5.0","9.2","0.0","4.6","0.0","10.1","5.8","0.0","0.0","0.0","93.6","52.4","61.8","9.9","1.0","5.1","0.0","0.0","0.0","9.8","11.2","2.7"
"20240219","제주특별자치도","제주시","15.1","20.7","10.4","8.0","6.8","9.9","4.0","1.4","3.9","2.1","0.8","0.4","4.5","3.29","4.48","0.0","83.0","76.1","62.0","8.6","8.8","5.9","0.0","0.0","0.0","22.3","13.6","3.9"
"20240219","제주특별자치도","북제주군","13.5","17.0","9.4","7.5","6.6","9.5","4.0","2.8","1.7","1.6","0.2","1.0","5.3","4.32","7.49","0.0","95.0","78.0","66.2","8.5","6.6","0.0","0.0","0.0","0.0","20.7","22.6","8.9"
"20240219","제주특별자치도","서귀포시","16.4","18.4","14.1","10.3","8.2","11.9","4.9","12.6","2.1","3.9","6.5","7.6","6.1","0.0","0.0","0.0","89.1","68.1","61.1","6.4","6.6","5.2","0.0","0.0","0.0","13.5","8.5","2.7"
"20240218","제주특별자치도","제주시","15.3","20.6","8.2","13.5","6.6","9.7","3.8","2.8","2.3","1.9","0.3","0.0","4.0","3.06","3.06","0.0","66.4","88.1","62.4","8.4","9.5","6.2","0.0","0.0","0.0","19.4","9.2","4.0"
"20240218","제주특별자치도","북제주군","14.6","16.6","9.9","13.2","6.4","9.3","3.9","9.5","1.8","1.5","0.0","0.0","4.9","2.81","2.61","0.0","91.4","89.5","66.6","9.4","9.1","0.0","0.0","0.0","0.0","18.4","8.9","9.2"
"20240218","제주특별자치도","서귀포시","14.6","16.8","9.6","14.4","8.2","11.9","4.8","33.0","3.2","3.3","0.0","0.1","5.9","0.0","0.0","0.0","90.0","89.1","61.2","9.8","9.8","5.5","0.0","0.0","0.0","12.6","8.4","2.7"
"20240217","제주특별자치도","제주시","9.7","16.8","4.1","9.6","6.6","9.6","3.9","0.0","0.0","2.5","10.4","0.6","3.7","17.02","5.54","0.0","61.4","87.5","63.2","0.1","9.3","6.4","0.0","0.0","0.0","7.3","8.2","3.9"
"20240217","제주특별자치도","북제주군","9.9","14.3","5.8","10.1","6.4","9.2","3.9","0.0","1.2","1.8","7.5","0.1","4.5","16.32","3.46","0.0","72.4","86.6","66.9","1.5","0.0","0.0","0.0","0.0","0.0","10.8","10.2","9.2"
"20240217","제주특별자치도","서귀포시","9.9","13.6","6.2","11.1","8.2","11.8","5.0","0.0","1.0","3.8","8.3","0.0","5.4","0.0","0.0","0.0","65.3","83.6","62.4","2.0","9.0","5.8","0.0","0.0","0.0","4.6","2.8","2.6"
"20240216","제주특별자치도","제주시","6.7","9.8","3.4","7.0","6.7","9.8","3.9","0.0","0.9","2.3","4.4","0.0","3.7","9.08","0.6","0.0","63.8","87.8","63.4","4.8","9.3","6.5","0.0","0.0","0.0","9.3","6.5","3.9"
"20240216","제주특별자치도","북제주군","6.9","9.2","4.0","6.9","6.6","9.4","3.9","0.0","0.0","1.6","9.6","0.5","4.5","17.9","6.48","0.0","70.4","82.0","67.4","1.8","5.6","0.0","0.0","0.0","0.0","17.3","11.8","9.1"
"20240216","제주특별자치도","서귀포시","8.9","12.6","4.4","8.9","8.3","11.9","5.1","0.0","0.4","3.0","8.9","2.5","5.3","0.0","0.0","0.0","59.0","74.5","62.7","3.6","5.8","6.0","0.0","0.0","0.0","4.9","4.8","2.6"
"20240215","제주특별자치도","제주시","9.4","15.9","5.2","5.4","6.9","10.0","4.0","0.0","6.6","2.2","0.8","0.0","4.0","1.33","1.32","0.0","72.9","84.3","63.1","6.0","9.8","6.3","0.0","0.0","0.0","14.8","7.0","3.9"
"20240215","제주특별자치도","북제주군","10.0","15.6","5.3","5.6","6.7","9.4","4.1","0.0","0.1","1.7","0.1","3.1","4.7","3.47","8.47","0.0","80.9","73.9","67.8","6.1","7.3","0.0","0.0","0.0","0.0","26.1","14.6","9.1"
"20240215","제주특별자치도","서귀포시","13.5","19.1","8.6","8.1","8.5","12.1","5.1","0.0","0.0","3.0","7.9","4.0","5.6","0.0","0.0","0.0","72.0","66.5","63.1","7.4","6.0","5.8","0.0","0.0","0.0","9.2","5.6","2.6"
"20240214","제주특별자치도","제주시","15.7","18.2","12.9","6.4","7.0","10.2","4.0","0.3","0.0","2.3","0.0","6.4","4.2","3.28","13.68","0.0","71.1","67.3","62.7","6.8","6.3","6.0","0.0","0.0","0.0","7.7","9.4","3.9"
"20240214","제주특별자치도","북제주군","14.6","15.4","13.8","5.3","6.8","9.5","4.1","4.5","0.0","2.2","0.1","7.7","4.8","5.18","15.65","0.0","93.6","67.5","67.7","6.8","5.1","0.0","0.0","0.0","0.0","15.1","18.7","9.2"
"20240214","제주특별자치도","서귀포시","15.0","15.7","13.9","8.4","8.5","12.1","5.0","12.1","0.0","3.7","0.0","9.0","5.6","0.0","0.0","0.0","91.3","71.9","62.7","9.4","4.1","5.5","0.0","0.0","0.0","6.2","6.4","2.5"
"20240213","제주특별자치도","제주시","12.8","19.7","6.2","9.0","7.0","10.1","4.0","0.0","8.3","2.5","10.1","0.1","4.4","15.63","3.79","0.0","53.1","85.0","62.7","2.4","10.0","5.9","0.0","0.0","0.0","12.6","10.3","3.9"
"20240213","제주특별자치도","북제주군","13.8","16.3","11.2","8.2","6.9","9.6","4.2","0.0","2.3","2.2","8.3","0.0","4.9","15.37","4.94","0.0","72.4","84.0","67.8","3.0","9.0","0.0","0.0","0.0","0.0","13.4","18.1","9.1"
"20240213","제주특별자치도","서귀포시","13.8","17.0","9.1","10.0","8.4","12.0","4.9","0.0","6.7","3.6","7.5","0.0","5.6","0.0","0.0","0.0","70.5","85.8","62.9","6.4","8.9","5.4","0.0","0.0","0.0","7.1","11.1","2.6"
"20240212","제주특별자치도","제주시","8.9","14.6","4.3","10.9","6.8","9.9","3.8","0.0","28.1","2.2","9.8","1.3","4.2","15.19","3.18","0.0","53.8","84.1","62.4","0.0","8.5","6.0","0.0","0.0","0.0","7.7","13.2","3.8"
"20240212","제주특별자치도","북제주군","10.1","12.8","4.9","10.3","6.6","9.4","4.0","0.0","20.6","1.8","10.0","0.0","4.9","16.65","2.69","0.0","59.0","83.6","67.8","0.0","6.5","0.0","0.0","0.0","0.0","15.9","16.4","9.1"
"20240212","제주특별자치도","서귀포시","9.2","13.0","4.6","11.5","8.1","11.8","4.6","0.0","16.0","2.8","9.7","1.0","5.8","0.0","0.0","0.0","56.0","80.1","62.2","0.8","8.8","5.3","0.0","0.0","0.0","4.2","12.8","2.6"
"20240211","제주특별자치도","제주시","8.7","11.8","6.1","9.2","6.4","9.4","3.5","0.0","0.0","1.7","5.7","0.0","4.0","10.05","4.94","0.0","48.8","82.5","62.4","2.1","8.5","6.0","0.0","0.0","0.0","15.3","10.1","4.0"
"20240211","제주특별자치도","북제주군","9.2","12.3","7.7","9.1","6.3","8.9","3.7","0.0","0.3","1.6","6.3","0.0","4.7","12.06","3.97","0.0","52.8","74.4","67.7","2.8","8.6","0.0","0.0","0.0","0.0","22.6","11.9","9.4"
"20240211","제주특별자치도","서귀포시","8.5","12.1","5.6","10.4","7.7","11.4","4.2","0.0","0.0","2.8","7.8","0.0","5.9","0.0","0.0","0.0","48.3","74.1","61.7","2.9","8.6","5.2","0.0","0.0","0.0","8.8","5.1","2.5"
"20240210","제주특별자치도","제주시","7.9","10.3","6.4","8.4","6.1","9.0","3.4","0.3","16.9","1.9","0.9","0.8","3.4","4.75","5.99","0.0","58.8","83.3","63.5","6.1","7.8","6.4","0.0","0.0","0.0","11.7","16.1","4.1"
"20240210","제주특별자치도","북제주군","8.0","10.0","6.9","8.0","6.0","8.7","3.6","1.0","7.7","1.7","2.1","1.0","4.2","5.97","7.64","0.0","66.4","80.5","68.4","4.9","6.1","0.0","0.0","0.0","0.0","17.4","18.5","9.8"
"20240210","제주특별자치도","서귀포시","7.2","11.2","4.0","11.0","7.4","11.1","4.1","0.0","5.1","2.9","4.4","6.9","5.4","0.0","0.0","0.0","60.8","74.4","61.8","5.1","5.0","5.5","0.0","0.0","0.0","6.5","11.1","2.5"
"20240209","제주특별자치도","제주시","6.4","8.0","5.6","9.6","6.0","8.9","3.3","0.0","11.8","1.6","0.4","0.0","3.2","3.76","4.56","0.0","53.6","72.3","63.8","8.0","9.8","6.7","0.0","0.0","0.0","10.2","11.8","4.1"
"20240209","제주특별자치도","북제주군","6.6","7.8","5.6","9.2","6.0","8.8","3.5","0.0","12.2","0.9","0.8","0.4","3.9","7.21","4.42","0.0","59.5","69.3","68.3","8.5","9.5","0.0","0.0","0.0","0.0","17.5","14.8","9.6"
"20240209","제주특별자치도","서귀포시","6.4","10.7","3.3","10.2","7.4","11.1","4.0","0.0","11.4","1.7","8.1","0.1","5.3","0.0","0.0","0.0","58.1","69.5","62.0","3.4","9.5","5.7","0.0","0.0","0.0","6.8","10.3","2.5"
"20240208","제주특별자치도","제주시","5.4","6.9","4.3","8.6","6.0","8.8","3.4","0.0","0.0","1.5","0.5","9.4","3.1","4.76","14.65","0.0","58.0","57.5","63.8","8.4","3.4","6.7","0.0","0.0","0.0","9.6","8.1","4.0"
"20240208","제주특별자치도","북제주군","5.3","6.1","4.4","8.3","5.9","8.6","3.6","0.0","0.0","0.9","0.4","8.9","3.9","6.41","15.83","0.0","63.0","51.0","68.4","8.5","4.5","0.0","0.0","0.0","0.0","15.3","15.5","9.4"
"20240208","제주특별자치도","서귀포시","7.1","10.1","4.2","10.8","7.3","11.0","4.1","0.0","0.0","1.5","8.6","9.3","5.2","0.0","0.0","0.0","64.4","48.0","62.2","6.0","3.0","5.6","0.0","0.0","0.0","5.7","6.5","2.5"
"20240207","제주특별자치도","제주시","5.7","7.4","4.4","10.1","6.0","8.8","3.4","0.0","0.0","1.5","0.8","6.1","3.1","5.32","12.28","0.0","57.8","68.4","63.6","8.0","4.5","6.7","0.0","0.0","0.0","8.9","8.7","4.0"
"20240207","제주특별자치도","북제주군","5.5","7.3","4.7","9.7","6.0","8.6","3.6","0.0","0.0","1.0","2.2","5.1","4.0","8.97","11.36","0.0","63.5","64.8","68.2","7.9","7.0","0.0","0.0","0.0","0.0","18.2","13.2","9.5"
"20240207","제주특별자치도","서귀포시","7.5","10.8","4.7","11.3","7.3","10.9","4.0","0.0","0.3","1.6","6.8","5.0","5.2","0.0","0.0","0.0","64.4","69.8","62.6","5.5","7.0","5.6","0.0","0.0","0.0","6.4","7.0","2.5"
"20240206","제주특별자치도","제주시","7.3","8.1","6.8","8.2","6.1","8.8","3.5","2.3","5.3","1.4","0.0","0.0","3.1","0.85","2.27","0.0","67.6","70.8","63.1","9.8","9.8","6.7","0.0","0.0","0.0","9.4","6.8","3.9"
"20240206","제주특별자치도","북제주군","7.5","8.5","7.0","8.0","6.0","8.7","3.7","0.0","3.9","1.0","2.5","0.0","4.0","10.65","3.26","0.0","68.5","67.5","67.4","7.5","9.6","0.0","0.0","0.0","0.0","16.4","12.3","9.2"
"20240206","제주특별자치도","서귀포시","9.8","12.5","7.6","8.9","7.3","10.9","4.1","0.0","2.7","1.2","2.2","0.0","5.3","0.0","0.0","0.0","68.0","66.9","62.4","8.4","10.0","5.5","0.0","0.0","0.0","5.2","10.3","2.5"
"20240205","제주특별자치도","제주시","9.9","13.2","8.1","5.9","6.0","8.8","3.3","17.6","0.0","1.3","0.4","9.5","3.2","2.04","14.37","0.0","79.8","55.4","62.5","9.5","2.8","6.6","0.0","0.0","0.0","14.8","6.0","3.9"
"20240205","제주특별자치도","북제주군","9.7","12.2","7.4","6.4","5.9","8.6","3.6","8.0","0.0","0.9","0.1","8.8","4.1","4.26","15.16","0.0","86.9","56.1","66.4","8.0","3.5","0.0","0.0","0.0","0.0","31.5","0.0","9.2"
"20240205","제주특별자치도","서귀포시","10.9","16.1","8.4","7.7","7.2","10.9","3.9","9.5","0.0","1.1","4.0","7.5","5.6","0.0","0.0","0.0","77.9","64.0","61.5","8.0","4.4","5.3","0.0","0.0","0.0","8.4","5.6","2.5"
"20240204","제주특별자치도","제주시","10.9","12.3","9.3","5.8","5.7","8.4","3.2","20.1","0.0","1.2","0.0","8.4","3.2","2.14","13.61","0.0","83.3","60.5","62.1","9.8","3.6","6.5","0.0","0.0","0.0","9.5","7.8","3.9"
"20240204","제주특별자치도","북제주군","11.0","15.1","9.1","5.2","5.6","8.0","3.5","11.3","0.0","0.9","0.7","9.5","4.1","6.65","15.2","0.0","85.6","59.0","66.0","9.5","1.6","0.0","0.0","0.0","0.0","14.5","0.0","9.4"
"20240204","제주특별자치도","서귀포시","11.4","14.1","9.9","7.4","7.0","10.7","3.7","13.6","0.0","1.1","2.2","9.0","5.8","0.0","0.0","0.0","82.5","65.0","61.0","9.8","2.0","5.2","0.0","0.0","0.0","10.2","7.8","2.4"
"20240203","제주특별자치도","제주시","9.7","10.3","9.1","4.8","5.5","8.2","3.0","13.0","0.0","1.0","0.0","1.3","3.1","0.73","6.37","0.0","85.8","63.3","62.5","10.0","7.9","6.7","0.0","0.0","0.0","10.2","8.7","4.0"
"20240203","제주특별자치도","북제주군","9.8","10.8","9.0","4.4","5.4","7.8","3.2","7.2","0.0","0.8","0.0","2.4","4.0","2.5","9.39","0.0","91.3","63.5","66.0","10.0","8.1","0.0","0.0","0.0","0.0","12.8","0.0","9.8"
"20240203","제주특별자치도","서귀포시","10.0","11.4","9.6","7.9","6.9","10.5","3.5","12.6","0.0","1.1","0.0","7.2","5.9","0.0","0.0","0.0","87.5","66.5","61.0","10.0","6.8","5.2","0.0","0.0","0.0","7.3","7.6","2.4"
"20240202","제주특별자치도","제주시","8.8","9.3","8.3","5.0","5.5","8.2","3.0","9.3","0.0","1.2","0.0","8.0","2.9","0.27","13.42","0.0","88.5","57.6","63.0","9.8","5.8","6.8","0.0","0.0","0.0","10.9","10.4","4.0"
"20240202","제주특별자치도","북제주군","8.8","9.4","8.0","4.3","5.4","7.8","3.1","0.0","0.0","0.9","0.0","7.7","3.7","3.56","14.52","0.0","90.0","56.0","66.4","9.9","5.6","0.0","0.0","0.0","0.0","13.0","0.0","9.8"
"20240202","제주특별자치도","서귀포시","10.7","11.4","10.0","8.0","6.8","10.5","3.5","0.0","0.0","1.3","0.0","7.9","5.6","0.0","0.0","0.0","74.3","63.0","61.6","9.6","5.8","5.3","0.0","0.0","0.0","7.5","8.2","2.3"
"20240201","제주특별자치도","제주시","9.7","11.9","8.4","8.8","5.5","8.1","3.0","21.0","0.0","1.4","0.0","6.2","2.7","0.03","10.66","0.0","89.4","68.5","63.4","10.0","5.5","6.9","0.0","0.0","0.0","10.0","11.2","4.0"
"20240201","제주특별자치도","북제주군","9.2","11.5","8.2","8.9","5.4","7.7","3.1","15.1","0.0","0.9","0.0","7.7","3.5","1.74","13.04","0.0","95.6","70.6","66.7","10.0","5.3","0.0","0.0","0.0","0.0","14.6","0.0","9.9"
"20240201","제주특별자치도","서귀포시","11.1","12.5","9.8","12.2","6.8","10.5","3.5","9.9","0.0","1.4","0.0","8.5","5.5","0.0","0.0","0.0","86.4","61.3","62.0","10.0","5.8","5.4","0.0","0.0","0.0","8.3","8.3","2.3"
"20240131","제주특별자치도","제주시","12.2","15.8","9.5","7.2","5.6","8.2","3.3","2.3","0.0","1.9","2.8","9.1","2.6","8.14","14.29","0.0","84.3","55.9","64.0","8.4","0.9","6.9","0.0","0.0","0.0","10.5","7.8","4.0"
"20240131","제주특별자치도","북제주군","13.2","17.2","10.3","8.7","5.5","7.9","3.3","4.3","0.0","1.0","4.4","8.1","3.4","10.57","14.31","0.0","85.9","61.3","67.1","6.3","2.3","0.0","0.0","0.0","0.0","12.3","8.8","9.8"
"20240131","제주특별자치도","서귀포시","12.6","16.2","10.0","8.2","6.9","10.5","3.7","1.9","0.0","1.5","3.2","8.8","5.4","0.0","0.0","0.0","87.9","65.0","62.4","9.5","4.1","5.5","0.0","0.0","0.0","5.6","6.4","2.3"
"20240130","제주특별자치도","제주시","7.7","10.6","3.0","6.2","5.8","8.5","3.3","0.5","0.0","2.1","0.0","8.0","2.6","2.16","13.82","0.0","74.8","52.3","63.8","9.3","2.6","6.9","0.0","0.0","0.0","10.5","12.9","4.1"
"20240130","제주특별자치도","북제주군","7.8","10.3","4.4","5.6","5.7","8.2","3.3","2.2","0.0","1.2","0.0","9.2","3.5","3.36","15.0","0.0","79.5","51.0","67.0","8.3","2.4","0.0","0.0","0.0","0.0","13.0","0.0","9.6"
"20240130","제주특별자치도","서귀포시","8.5","10.0","5.3","5.8","7.0","10.6","3.7","3.1","0.0","1.7","0.0","9.6","5.3","0.0","0.0","0.0","82.4","50.1","62.6","9.6","0.3","5.4","0.0","0.0","0.0","6.7","7.3","2.4"
"20240129","제주특별자치도","제주시","5.7","9.9","3.2","6.7","5.8","8.4","3.3","0.0","0.0","2.4","5.4","0.1","2.7","9.33","3.19","0.0","62.1","57.0","62.9","5.5","8.0","6.7","0.0","0.0","0.0","6.3","13.1","4.0"
"20240129","제주특별자치도","북제주군","6.0","8.6","3.9","6.6","5.7","8.2","3.3","0.0","0.0","1.2","6.6","0.1","3.6","12.48","3.39","0.0","66.0","54.3","66.1","4.0","0.0","0.0","0.0","0.0","0.0","10.4","0.0","9.4"
"20240129","제주특별자치도","서귀포시","6.3","10.9","2.1","5.6","6.9","10.6","3.7","0.0","0.0","1.9","9.5","0.3","5.4","0.0","0.0","0.0","65.5","58.6","62.1","2.0","7.0","5.3","0.0","0.0","0.0","6.6","6.4","2.4"
"20240128","제주특별자치도","제주시","6.1","7.9","4.2","2.4","5.7","8.2","3.3","0.0","0.8","2.7","1.1","0.7","2.7","5.27","4.17","0.0","55.0","68.8","62.7","7.6","8.8","6.6","0.0","1.5","0.0","11.6","16.9","4.1"
"20240128","제주특별자치도","북제주군","6.0","7.1","4.9","2.7","5.7","8.1","3.3","0.1","0.9","1.2","4.6","0.5","3.6","11.27","4.15","0.0","60.5","63.4","65.5","5.5","8.0","0.0","0.0","0.0","0.0","21.6","22.7","9.6"
"20240128","제주특별자치도","서귀포시","6.8","10.6","4.4","2.2","6.9","10.5","3.7","0.0","0.0","2.2","9.4","6.2","5.5","0.0","0.0","0.0","52.3","63.1","61.0","2.9","7.5","5.3","0.0","0.2","0.0","8.6","6.8","2.5"
"20240127","제주특별자치도","제주시","7.1","9.6","5.6","2.3","5.7","8.1","3.2","0.0","4.8","2.7","2.5","0.3","2.7","6.37","2.44","0.0","53.9","82.6","62.9","8.0","9.3","6.7","0.0","3.7","0.0","8.7","19.6","4.2"
"20240127","제주특별자치도","북제주군","6.8","8.7","5.6","2.8","5.7","8.0","3.2","0.0","0.2","1.5","5.2","1.5","3.5","11.65","6.38","0.0","60.9","73.4","65.8","7.3","8.6","0.0","0.0","0.0","0.0","14.7","29.7","9.7"
"20240127","제주특별자치도","서귀포시","6.8","10.8","3.0","2.3","6.8","10.4","3.5","0.0","1.4","2.3","6.3","3.6","5.3","0.0","0.0","0.0","55.8","70.1","61.1","4.4","8.1","5.2","0.0","0.5","0.0","7.4","8.9","2.5"
"20240126","제주특별자치도","제주시","5.8","6.7","4.2","5.8","5.4","7.9","3.0","0.0","0.5","2.2","0.0","1.8","2.7","1.69","6.61","0.0","57.6","69.4","62.9","9.1","9.4","6.7","0.0","0.0","0.0","10.3","10.5","4.3"
"20240126","제주특별자치도","북제주군","5.8","7.2","4.9","6.1","5.4","7.7","2.9","0.0","0.2","1.4","3.2","1.7","3.5","9.24","7.99","0.0","60.1","62.4","65.9","6.5","9.3","0.0","0.0","0.0","0.0","17.7","13.4","9.9"
"20240126","제주특별자치도","서귀포시","6.0","10.9","4.0","6.1","6.6","10.2","3.3","0.0","0.0","2.2","5.5","4.9","5.4","0.0","0.0","0.0","62.5","62.8","61.5","6.0","8.3","5.3","0.0","0.0","0.0","6.0","7.1","2.5"
"20240125","제주특별자치도","제주시","4.0","4.8","2.9","-0.7","5.3","7.7","3.0","0.0","0.1","2.6","0.0","3.4","2.4","1.19","8.1","0.0","61.0","68.4","63.7","9.3","8.5","7.0","0.0","0.1","0.0","12.1","20.4","4.4"
"20240125","제주특별자치도","북제주군","4.2","5.0","3.2","-1.5","5.3","7.6","2.9","0.0","3.6","1.6","0.0","2.5","3.2","1.84","9.26","0.0","67.0","76.1","66.5","9.3","0.0","0.0","0.0","0.0","0.0","22.9","24.6","10.3"
"20240125","제주특별자치도","서귀포시","5.0","8.6","2.8","-0.4","6.5","10.1","3.3","0.0","0.0","2.4","2.9","8.9","5.3","0.0","0.0","0.0","66.0","64.6","61.5","7.6","5.8","5.5","0.0","0.0","0.0","4.4","5.9","2.5"
"20240124","제주특별자치도","제주시","2.9","4.2","-0.1","-1.3","5.4","7.8","3.1","2.0","2.3","2.8","0.1","0.4","2.1","1.62","2.78","0.0","67.0","75.8","64.9","8.8","8.8","7.3","3.7","1.6","0.0","20.2","24.3","4.3"
"20240124","제주특별자치도","북제주군","3.3","4.4","0.7","-1.5","5.4","7.7","3.0","0.4","1.1","2.0","0.0","0.1","2.9","2.48","3.05","0.0","70.9","73.6","67.5","8.8","9.4","0.0","0.0","0.0","0.0","30.5","34.7","10.3"
"20240124","제주특별자치도","서귀포시","3.3","6.5","-1.0","-2.1","6.6","10.1","3.4","0.4","3.9","2.8","5.9","4.1","5.1","0.0","0.0","0.0","61.4","67.6","62.5","7.3","8.3","5.7","1.6","3.5","0.0","10.1","11.7","2.5"
"20240123","제주특별자치도","제주시","0.6","2.0","-1.0","7.8","5.4","7.9","3.1","5.7","0.1","3.1","0.5","3.0","2.0","3.22","8.39","0.0","71.1","70.3","65.6","8.3","8.1","7.5","3.3","0.0","0.0","20.7","16.6","4.3"
"20240123","제주특별자치도","북제주군","0.8","2.1","-0.8","7.3","5.4","7.8","3.0","1.8","0.0","2.2","1.6","3.2","2.8","5.56","9.68","0.0","73.3","67.3","68.4","9.1","7.5","0.0","0.0","0.0","0.0","34.3","21.8","10.2"
"20240123","제주특별자치도","서귀포시","0.1","2.5","-1.8","9.1","6.7","10.2","3.5","2.0","0.0","2.8","5.5","6.5","5.0","0.0","0.0","0.0","63.8","62.1","63.4","8.0","7.0","5.8","1.3","0.0","0.0","11.8","9.5","2.5"
"20240122","제주특별자치도","제주시","2.0","6.1","-0.1","7.0","5.6","8.1","3.3","0.7","5.8","3.3","0.0","0.0","2.0","0.92","1.3","0.0","67.8","78.9","65.8","9.5","9.3","7.5","0.8","0.0","0.0","18.9","10.0","4.3"
"20240122","제주특별자치도","북제주군","1.8","6.4","-0.8","6.5","5.5","8.0","3.3","0.5","2.3","2.2","0.1","0.0","2.9","2.61","2.4","0.0","71.5","74.5","68.6","10.0","9.8","0.0","0.0","0.0","0.0","28.9","12.7","10.2"
"20240122","제주특별자치도","서귀포시","3.3","8.9","-0.3","7.3","6.8","10.3","3.8","0.0","2.3","3.1","6.8","0.0","5.0","0.0","0.0","0.0","58.9","76.0","63.8","6.9","9.6","6.1","0.0","0.0","0.0","13.8","8.6","2.5"
"20240121","제주특별자치도","제주시","8.2","10.1","5.9","2.8","5.8","8.3","3.6","8.3","0.0","3.2","0.0","0.6","2.0","0.65","3.1","0.0","82.4","67.1","65.4","10.0","6.3","7.6","0.0","0.0","0.0","12.9","9.0","4.2"
"20240121","제주특별자치도","북제주군","8.1","9.5","5.9","2.9","5.8","8.2","3.5","2.6","0.0","2.2","0.0","5.9","2.9","2.04","11.37","0.0","82.3","65.6","68.2","8.1","6.4","0.0","0.0","0.0","0.0","23.4","11.4","10.0"
"20240121","제주특별자치도","서귀포시","10.4","11.9","8.4","3.9","7.1","10.5","4.0","1.7","0.0","3.1","0.2","0.7","4.9","0.0","0.0","0.0","80.0","69.5","63.8","9.3","5.9","6.2","0.0","0.0","0.0","9.6","5.2","2.5"
"20240120","제주특별자치도","제주시","11.1","11.9","9.0","6.2","6.0","8.4","3.6","41.1","0.0","2.7","0.0","1.7","2.0","0.24","6.02","0.0","88.1","58.3","64.9","10.0","7.5","7.5","0.0","0.0","0.0","13.6","14.5","4.1"
"20240120","제주특별자치도","북제주군","11.6","13.2","9.0","5.6","5.9","8.3","3.7","11.0","0.0","1.9","0.0","4.9","2.9","1.64","10.4","0.0","89.5","57.3","67.8","9.5","7.4","0.0","0.0","0.0","0.0","15.8","20.5","9.8"
"20240120","제주특별자치도","서귀포시","11.6","12.2","10.0","6.1","7.2","10.6","4.1","28.2","0.0","2.6","0.0","8.1","4.8","0.0","0.0","0.0","90.1","53.9","64.1","10.0","2.1","6.1","0.0","0.0","0.0","10.6","11.4","2.5"
"20240119","제주특별자치도","제주시","10.9","11.8","10.4","7.1","6.0","8.5","3.6","19.1","0.0","2.4","0.0","0.8","2.1","0.6","4.5","0.0","88.3","57.6","64.9","10.0","8.6","7.4","0.0","0.0","0.0","10.8","11.3","4.1"
"20240119","제주특별자치도","북제주군","12.1","13.8","9.8","7.1","6.0","8.3","3.7","7.3","0.0","1.5","0.1","1.6","3.0","4.46","5.86","0.0","84.6","55.1","67.8","9.0","8.6","0.0","0.0","0.0","0.0","14.3","15.7","9.6"
"20240119","제주특별자치도","서귀포시","11.3","12.7","10.7","6.8","7.3","10.7","4.2","12.1","0.0","2.1","0.0","2.9","4.9","0.0","0.0","0.0","91.0","55.5","63.8","10.0","7.0","6.0","0.0","0.0","0.0","9.8","8.2","2.5"
"20240118","제주특별자치도","제주시","13.2","17.2","10.5","6.1","6.1","8.5","3.8","3.6","0.0","2.2","0.1","0.5","2.0","1.76","3.16","0.0","79.1","60.4","64.9","9.9","8.9","7.4","0.0","0.0","0.0","10.0","10.4","4.0"
"20240118","제주특별자치도","북제주군","12.2","15.9","9.5","5.8","6.1","8.3","3.9","5.5","0.0","1.6","0.0","0.0","2.8","3.31","3.47","0.0","90.6","62.1","67.6","9.6","9.3","0.0","0.0","0.0","0.0","12.9","15.4","9.5"
"20240118","제주특별자치도","서귀포시","15.2","17.5","12.6","6.1","7.3","10.7","4.3","4.9","0.0","2.3","0.5","4.5","4.7","0.0","0.0","0.0","82.9","57.0","64.1","9.3","7.4","6.0","0.0","0.0","0.0","5.7","6.6","2.4"
"20240117","제주특별자치도","제주시","14.0","18.7","8.1","4.3","6.0","8.4","3.7","0.0","0.0","1.9","3.0","0.0","2.1","8.41","1.26","0.0","48.1","67.8","64.4","7.4","9.6","7.3","0.0","0.0","0.0","10.5","11.1","3.9"
"20240117","제주특별자치도","북제주군","14.0","16.5","8.2","4.4","6.0","8.2","3.8","0.0","0.0","1.3","3.4","0.0","3.0","9.35","1.36","0.0","72.6","64.8","66.9","6.8","9.6","0.0","0.0","0.0","0.0","11.7","18.3","9.4"
"20240117","제주특별자치도","서귀포시","14.0","17.2","9.2","5.9","7.2","10.7","4.2","0.0","0.0","1.8","4.8","2.9","4.8","0.0","0.0","0.0","70.0","63.9","63.4","5.4","7.6","5.9","0.0","0.0","0.0","5.0","5.6","2.4"
"20240116","제주특별자치도","제주시","7.5","12.0","2.2","3.4","6.0","8.4","3.7","0.0","0.0","2.3","7.3","0.0","2.0","12.62","2.08","0.0","55.0","67.3","64.8","3.1","9.3","7.2","0.0","0.0","0.0","8.9","14.1","3.9"
"20240116","제주특별자치도","북제주군","7.2","10.9","3.5","3.4","6.0","8.1","3.8","0.0","0.0","1.3","8.1","0.1","2.9","13.38","2.66","0.0","61.6","67.6","67.4","3.8","9.4","0.0","0.0","0.0","0.0","14.5","23.7","9.5"
"20240116","제주특별자치도","서귀포시","8.9","12.4","5.0","5.9","7.3","10.8","4.2","0.0","0.0","2.0","8.2","7.7","4.7","0.0","0.0","0.0","53.3","66.8","63.8","2.6","6.5","5.9","0.0","0.0","0.0","4.2","6.9","2.3"
"20240115","제주특별자치도","제주시","6.1","8.7","4.5","5.8","6.1","8.4","3.8","0.0","3.6","2.5","6.3","0.0","1.9","11.18","0.72","0.0","53.4","78.3","65.4","3.0","10.0","7.4","0.0","0.0","0.0","9.9","13.0","4.0"
"20240115","제주특별자치도","북제주군","5.5","7.8","4.0","5.5","6.0","8.2","3.8","0.0","1.5","1.6","8.1","0.0","2.8","13.76","1.63","0.0","63.0","77.9","67.8","3.1","9.0","0.0","0.0","0.0","0.0","22.0","25.5","9.5"
"20240115","제주특별자치도","서귀포시","9.1","12.1","5.9","9.6","7.2","10.7","4.2","0.0","2.0","2.5","9.4","0.0","4.5","0.0","0.0","0.0","50.1","85.0","64.4","0.8","10.0","6.1","0.0","0.0","0.0","7.9","4.2","2.3"
"20240114","제주특별자치도","제주시","10.4","18.4","4.2","10.9","6.2","8.4","3.9","0.3","2.2","2.1","8.5","0.0","1.9","13.26","0.61","0.0","56.9","94.4","64.8","3.4","9.9","7.5","0.0","0.0","0.0","12.7","9.4","4.1"
"20240114","제주특별자치도","북제주군","11.2","15.0","5.0","10.2","6.1","8.2","3.9","0.0","0.5","1.3","7.2","0.0","2.8","12.16","2.4","0.0","73.6","94.1","67.3","3.3","8.0","0.0","0.0","0.0","0.0","19.7","14.5","9.6"
"20240114","제주특별자치도","서귀포시","11.9","15.8","6.0","15.1","7.2","10.6","4.2","0.0","3.8","2.3","6.3","0.2","4.6","0.0","0.0","0.0","68.5","93.9","64.1","3.9","10.0","6.2","0.0","0.0","0.0","7.8","4.8","2.4"
"20240113","제주특별자치도","제주시","6.6","11.0","3.8","17.3","6.2","8.4","3.9","0.0","17.7","1.8","8.9","0.0","2.1","12.82","1.5","0.0","52.6","91.8","64.1","0.0","10.0","7.3","0.0","0.0","0.0","5.6","17.6","4.1"
"20240113","제주특별자치도","북제주군","6.9","8.8","5.2","16.0","6.1","8.3","4.0","0.0","34.1","0.9","9.7","0.0","3.0","13.6","1.16","0.0","55.4","98.1","67.0","0.0","9.5","0.0","0.0","0.0","0.0","14.1","18.0","9.6"
"20240113","제주특별자치도","서귀포시","9.1","14.4","5.0","16.6","7.2","10.8","4.2","0.0","45.7","1.7","9.3","0.0","4.6","0.0","0.0","0.0","58.6","99.0","63.4","0.0","10.0","6.0","0.0","0.0","0.0","6.9","13.7","2.4"
"20240112","제주특별자치도","제주시","10.3","12.6","7.6","13.1","6.2","8.4","4.0","0.0","2.5","1.7","0.3","1.5","2.0","4.28","3.57","0.0","59.3","70.9","64.0","6.4","5.6","7.3","0.0","0.0","0.0","8.9","7.2","4.1"
"20240112","제주특별자치도","북제주군","10.1","12.4","8.2","14.3","6.1","8.2","4.1","0.0","11.5","0.9","1.4","1.2","2.9","6.45","2.8","0.0","66.0","88.8","67.2","5.4","4.9","0.0","0.0","0.0","0.0","15.3","15.6","9.7"
"20240112","제주특별자치도","서귀포시","10.1","14.1","6.6","14.4","7.2","10.8","4.2","0.0","12.1","1.7","8.1","0.9","4.6","0.0","0.0","0.0","61.1","90.3","63.8","2.4","6.9","5.9","0.0","0.0","0.0","8.6","9.6","2.4"
"20240111","제주특별자치도","제주시","7.4","10.3","4.9","10.9","6.2","8.4","4.0","0.0","0.0","1.4","2.7","8.7","2.0","7.23","11.42","0.0","56.8","65.0","63.8","6.0","0.3","7.3","0.0","0.0","0.0","8.2","4.9","4.2"
"20240111","제주특별자치도","북제주군","7.5","10.7","5.5","10.6","6.2","8.4","4.1","0.0","0.0","0.9","3.9","9.6","2.8","9.18","12.19","0.0","64.6","63.4","66.8","5.8","1.1","0.0","0.0","0.0","0.0","15.8","6.8","9.7"
"20240111","제주특별자치도","서귀포시","6.9","11.6","2.7","10.7","7.2","10.8","4.1","0.0","0.0","1.4","8.5","9.3","4.8","0.0","0.0","0.0","63.4","68.1","63.3","0.5","0.9","5.7","0.0","0.0","0.0","7.4","4.2","2.4"
"20240110","제주특별자치도","제주시","6.9","10.6","5.1","8.8","6.2","8.5","4.0","0.1","0.0","1.9","2.2","7.8","1.9","5.56","11.49","0.0","64.3","71.9","63.7","7.5","1.8","7.3","0.0","0.0","0.0","14.1","10.7","4.2"
"20240110","제주특별자치도","북제주군","6.8","10.3","5.5","9.2","6.2","8.4","4.1","1.6","0.0","1.0","3.4","8.3","2.7","8.41","11.9","0.0","66.9","60.9","66.7","7.4","2.0","0.0","0.0","0.0","0.0","21.3","12.9","9.8"
"20240110","제주특별자치도","서귀포시","7.7","10.8","4.0","10.2","7.2","10.9","4.2","0.1","0.0","1.3","7.3","9.2","4.8","0.0","0.0","0.0","59.4","64.0","63.0","3.9","2.5","5.6","0.0","0.0","0.0","6.6","7.2","2.4"
"20240109","제주특별자치도","제주시","8.8","11.7","3.2","9.9","6.3","8.6","4.1","5.4","0.0","2.0","0.0","2.6","1.8","1.78","5.91","0.0","67.4","67.4","64.1","8.4","3.9","7.3","0.0","0.0","0.0","8.6","9.4","4.3"
"20240109","제주특별자치도","북제주군","8.8","12.3","3.4","11.4","6.3","8.6","4.2","1.3","0.0","1.2","0.1","3.8","2.6","1.65","6.33","0.0","78.9","67.6","67.2","8.5","4.5","0.0","0.0","0.0","0.0","19.7","15.4","10.1"
"20240109","제주특별자치도","서귀포시","8.3","10.8","3.2","11.8","7.3","11.0","4.3","2.4","0.0","1.8","0.0","6.2","4.6","0.0","0.0","0.0","76.1","71.5","63.5","8.4","1.8","5.6","0.0","0.0","0.0","6.6","8.5","2.4"
"20240108","제주특별자치도","제주시","4.6","7.4","2.8","8.6","6.5","8.9","4.2","0.0","0.0","1.9","2.8","8.4","1.9","8.53","11.01","0.0","59.9","62.1","64.1","6.4","0.0","7.4","0.0","0.0","0.0","9.8","4.8","4.3"
"20240108","제주특별자치도","북제주군","4.5","6.5","3.0","9.9","6.5","8.8","4.2","0.0","0.0","1.2","5.4","9.2","2.8","10.68","11.07","0.0","67.4","59.4","67.1","7.3","0.0","0.0","0.0","0.0","0.0","16.1","8.4","10.1"
"20240108","제주특별자치도","서귀포시","5.4","7.2","3.6","8.9","7.5","11.2","4.4","0.0","0.0","1.9","0.1","8.9","4.9","0.0","0.0","0.0","65.6","64.5","63.4","8.3","0.0","5.5","0.0","0.0","0.0","4.8","4.7","2.5"
"20240107","제주특별자치도","제주시","6.1","8.1","4.5","8.5","6.6","9.1","4.1","0.0","0.0","2.1","0.2","6.8","2.0","3.49","9.91","0.0","53.6","57.1","64.3","8.4","4.0","7.2","0.0","0.0","0.0","16.4","18.2","4.4"
"20240107","제주특별자치도","북제주군","6.2","7.9","4.9","8.7","6.6","9.0","4.2","0.0","0.0","1.4","1.4","8.6","2.8","5.7","11.09","0.0","59.3","54.3","67.1","8.4","2.0","0.0","0.0","0.0","0.0","22.6","26.6","10.0"
"20240107","제주특별자치도","서귀포시","6.3","9.7","4.4","8.4","7.6","11.3","4.5","0.0","0.0","2.1","8.8","9.1","4.8","0.0","0.0","0.0","51.0","51.4","63.4","4.5","0.8","5.6","0.0","0.0","0.0","9.3","12.0","2.5"
"20240106","제주특별자치도","제주시","9.4","11.9","7.5","9.2","6.6","9.3","4.0","0.0","1.7","2.0","7.8","1.0","2.4","11.47","5.01","0.0","54.6","69.6","63.8","4.0","8.0","6.8","0.0","0.0","0.0","10.1","14.8","4.3"
"20240106","제주특별자치도","북제주군","8.8","11.6","7.4","9.6","6.6","9.1","4.3","0.0","0.2","1.1","8.5","0.5","3.1","12.62","2.93","0.0","63.1","64.9","67.0","3.3","7.9","0.0","0.0","0.0","0.0","15.4","21.1","9.9"
"20240106","제주특별자치도","서귀포시","9.8","13.7","5.7","9.1","7.8","11.4","4.7","0.0","0.0","2.0","9.2","1.2","4.7","0.0","0.0","0.0","53.6","68.1","63.5","1.5","7.8","5.5","0.0","0.0","0.0","7.8","6.4","2.6"
"20240105","제주특별자치도","제주시","10.5","15.5","4.1","8.0","6.8","9.5","4.2","0.0","0.0","1.8","2.4","5.1","2.7","7.15","8.02","0.0","57.0","65.1","63.1","5.5","3.1","6.6","0.0","0.0","0.0","10.1","7.8","4.1"
"20240105","제주특별자치도","북제주군","11.9","13.8","9.3","8.6","6.8","9.3","4.4","0.0","0.0","1.0","1.0","5.6","3.4","5.77","8.1","0.0","61.9","62.9","66.7","6.6","3.1","0.0","0.0","0.0","0.0","12.5","9.8","9.5"
"20240105","제주특별자치도","서귀포시","11.4","14.8","7.6","7.9","8.0","11.6","4.9","0.0","0.0","1.7","2.1","8.8","4.9","0.0","0.0","0.0","64.9","62.4","63.3","4.9","1.1","5.4","0.0","0.0","0.0","7.0","7.7","2.5"
"20240104","제주특별자치도","제주시","8.2","11.7","5.6","6.2","6.9","9.6","4.2","0.0","0.0","1.5","7.4","7.6","2.9","11.38","10.91","0.0","54.8","63.4","62.5","2.4","2.4","6.3","0.0","0.0","0.0","10.1","8.9","4.0"
"20240104","제주특별자치도","북제주군","8.8","11.0","6.7","6.1","6.9","9.5","4.5","0.0","0.0","0.7","5.9","9.5","3.6","10.17","11.92","0.0","58.4","64.8","65.7","2.1","2.0","0.0","0.0","0.0","0.0","17.6","15.3","9.2"
"20240104","제주특별자치도","서귀포시","7.8","12.0","4.1","6.9","8.0","11.7","4.8","0.0","0.0","1.0","9.2","9.2","5.1","0.0","0.0","0.0","61.9","64.0","62.3","0.1","0.1","5.2","0.0","0.0","0.0","7.9","5.2","2.4"
"20240103","제주특별자치도","제주시","8.4","9.9","7.2","6.2","6.9","9.5","4.2","3.9","0.0","1.5","0.1","1.9","2.9","2.75","5.7","0.0","58.8","60.1","62.5","7.5","7.8","6.3","0.0","0.0","0.0","15.7","10.9","4.1"
"20240103","제주특별자치도","북제주군","8.2","9.8","7.1","6.0","6.9","9.4","4.5","1.5","0.0","0.7","2.2","5.7","3.4","7.21","8.57","0.0","65.6","58.9","65.6","7.4","10.0","0.0","0.0","0.0","0.0","23.8","19.1","9.4"
"20240103","제주특별자치도","서귀포시","9.1","12.3","6.4","6.1","7.9","11.6","4.7","0.0","0.0","0.9","5.9","7.5","5.1","0.0","0.0","0.0","53.1","64.3","62.2","4.8","2.5","5.1","0.0","0.0","0.0","8.6","5.5","2.4"
"20240102","제주특별자치도","제주시","-99.0","13.9","6.9","5.2","6.9","9.5","4.3","0.0","0.0","1.6","0.0","3.2","2.8","0.0","6.42","0.0","0.0","61.5","62.6","0.0","7.5","6.4","0.0","0.0","0.0","6.5","11.5","4.2"
"20240102","제주특별자치도","북제주군","-99.0","11.6","7.4","5.2","6.9","9.5","4.5","0.0","0.0","0.5","0.0","4.3","3.5","0.0","6.17","0.0","0.0","63.0","65.8","0.0","8.0","0.0","0.0","0.0","0.0","10.0","17.0","9.8"
"20240102","제주특별자치도","서귀포시","-99.0","14.0","6.1","7.5","7.8","11.5","4.5","0.0","0.0","0.8","0.0","8.0","5.3","0.0","0.0","0.0","0.0","68.1","62.0","0.0","5.6","5.1","0.0","0.0","0.0","6.8","5.7","2.4"
"20240101","제주특별자치도","제주시","8.5","11.3","6.4","8.1","7.0","9.6","4.4","0.4","0.0","1.7","1.2","1.7","2.5","4.92","5.02","0.0","68.5","61.4","62.8","8.3","7.3","6.7","0.0","0.0","0.0","9.4","9.7","4.3"
"20240101","제주특별자치도","북제주군","8.5","10.3","6.2","8.4","7.0","9.6","4.5","0.0","0.0","0.6","3.4","4.2","3.3","9.16","6.09","0.0","69.1","58.5","65.9","8.0","7.0","0.0","0.0","0.0","0.0","15.2","15.1","10.0"
"20240101","제주특별자치도","서귀포시","9.3","12.3","6.6","8.2","7.8","11.6","4.5","0.0","0.0","0.8","2.2","7.7","5.2","0.0","0.0","0.0","63.5","61.0","62.2","7.5","4.3","5.2","0.0","0.0","0.0","5.6","5.6","2.4"
"20231231","제주특별자치도","제주시","10.1","14.4","8.4","7.0","7.0","9.5","4.3","0.1","0.0","1.3","0.2","5.6","2.4","3.01","8.77","0.0","59.5","58.0","63.1","9.1","6.0","6.7","0.0","0.0","0.0","17.6","10.9","4.4"
"20231231","제주특별자치도","북제주군","9.7","13.8","8.1","6.9","7.1","9.6","4.5","0.0","0.0","0.7","1.3","9.4","3.3","4.26","11.32","0.0","66.0","57.0","65.8","8.1","3.1","0.0","0.0","0.0","0.0","27.8","17.1","10.1"
"20231231","제주특별자치도","서귀포시","9.8","13.8","7.4","6.3","7.8","11.6","4.5","0.1","0.0","1.0","4.2","8.7","5.4","0.0","0.0","0.0","61.8","57.1","62.0","5.3","0.6","5.1","0.0","0.0","0.0","11.3","6.5","2.5"
"20231230","제주특별자치도","제주시","11.2","16.5","5.5","7.0","6.8","9.3","4.2","0.0","0.0","1.7","5.6","0.7","2.4","9.85","4.04","0.0","68.4","55.1","63.8","6.4","7.5","6.8","0.0","0.0","0.0","9.2","9.3","4.4"
"20231230","제주특별자치도","북제주군","12.0","15.4","7.2","6.9","6.9","9.4","4.4","1.0","0.0","0.9","4.5","5.7","3.2","9.22","7.49","0.0","77.8","55.1","66.6","7.6","7.8","0.0","0.0","0.0","0.0","18.8","16.1","10.1"
"20231230","제주특별자치도","서귀포시","11.9","16.2","7.8","5.9","7.7","11.4","4.5","1.4","0.0","1.2","5.9","3.9","5.2","0.0","0.0","0.0","79.9","61.1","62.6","6.5","6.1","5.3","0.0","0.0","0.0","5.2","5.4","2.5"
"20231229","제주특별자치도","제주시","8.5","10.9","7.2","6.0","6.8","9.3","4.2","0.0","0.0","1.8","3.0","0.3","2.3","8.92","3.09","0.0","63.4","63.9","63.8","6.8","8.0","6.7","0.0","0.0","0.0","7.4","11.8","4.3"
"20231229","제주특별자치도","북제주군","7.8","9.0","6.6","6.5","6.9","9.4","4.4","0.0","0.0","1.2","3.8","4.4","3.2","8.43","6.77","0.0","71.4","58.4","66.7","5.1","7.5","0.0","0.0","0.0","0.0","14.3","16.2","10.0"
"20231229","제주특별자치도","서귀포시","10.3","13.9","7.3","5.9","7.9","11.6","4.7","0.0","0.0","1.9","6.3","3.7","5.2","0.0","0.0","0.0","72.0","67.3","62.7","6.8","6.9","5.3","0.0","0.0","0.0","4.8","6.4","2.5"
"20231228","제주특별자치도","제주시","9.7","13.9","7.0","6.8","6.9","9.4","4.4","0.0","0.0","1.7","3.3","0.7","2.3","8.07","3.62","0.0","63.9","63.9","63.9","6.0","7.9","6.7","0.0","0.0","0.0","8.7","10.9","4.1"
"20231228","제주특별자치도","북제주군","10.4","13.6","8.2","6.9","7.0","9.5","4.6","0.0","0.0","1.5","8.3","2.1","3.2","11.42","4.69","0.0","69.5","57.3","66.9","5.5","7.8","0.0","0.0","0.0","0.0","12.1","16.2","9.6"
"20231228","제주특별자치도","서귀포시","10.7","15.4","8.2","6.7","8.1","11.8","5.0","0.0","0.0","2.1","7.3","2.4","5.3","0.0","0.0","0.0","70.1","61.5","63.2","3.8","5.9","5.2","0.0","0.0","0.0","4.0","6.8","2.4"
"20231227","제주특별자치도","제주시","9.6","13.5","7.1","6.5","7.0","9.5","4.5","0.0","0.0","1.6","6.2","0.6","2.3","9.6","3.75","0.0","66.3","65.8","64.3","5.9","6.9","6.8","0.0","0.0","0.0","5.2","10.7","4.2"
"20231227","제주특별자치도","북제주군","9.6","13.0","7.0","7.0","7.2","9.6","4.8","0.0","0.0","1.5","5.3","2.0","3.3","9.83","3.71","0.0","69.9","65.5","66.7","6.5","7.8","0.0","0.0","0.0","0.0","9.7","15.4","9.7"
"20231227","제주특별자치도","서귀포시","9.9","14.0","6.8","7.5","8.3","11.9","5.2","0.0","0.0","2.0","7.2","3.4","5.4","0.0","0.0","0.0","70.3","72.1","62.8","5.4","5.3","5.1","0.0","0.0","0.0","3.9","5.2","2.5"
"20231226","제주특별자치도","제주시","8.3","10.8","5.2","6.8","7.2","9.7","4.7","0.0","0.0","1.6","0.6","0.1","2.4","3.53","3.33","0.0","62.1","68.4","64.5","8.1","8.0","6.8","0.0","0.0","0.0","6.3","9.8","4.2"
"20231226","제주특별자치도","북제주군","8.9","12.1","5.4","7.2","7.3","9.8","4.9","0.0","0.0","1.3","2.6","0.1","3.3","7.53","3.68","0.0","64.0","63.1","67.0","7.9","8.9","0.0","0.0","0.0","0.0","11.7","15.9","9.6"
"20231226","제주특별자치도","서귀포시","8.6","13.1","5.0","6.8","8.4","12.1","5.3","0.0","0.0","1.7","6.6","4.9","5.4","0.0","0.0","0.0","60.9","72.3","62.8","7.5","4.3","5.2","0.0","0.0","0.0","7.8","4.6","2.4"
"20231225","제주특별자치도","제주시","6.5","7.5","5.3","5.7","7.5","10.1","5.1","0.0","0.0","1.4","0.1","0.1","2.4","2.69","2.8","0.0","55.1","69.4","64.5","8.6","6.5","6.7","0.0","0.0","0.0","14.2","13.5","4.1"
"20231225","제주특별자치도","북제주군","6.2","7.1","5.2","6.5","7.7","10.3","5.3","0.3","0.0","1.1","0.0","1.5","3.5","2.7","3.74","0.0","63.1","67.5","66.7","9.0","7.1","0.0","0.0","0.0","0.0","18.1","20.6","9.5"
"20231225","제주특별자치도","서귀포시","6.1","8.5","3.3","6.1","8.7","12.4","5.5","0.0","0.0","1.5","2.9","9.1","5.7","0.0","0.0","0.0","55.0","72.1","62.6","7.4","1.6","5.0","0.0","0.0","0.0","8.6","5.0","2.4"
"20231224","제주특별자치도","제주시","5.4","7.1","3.3","3.5","7.8","10.5","5.3","9.2","3.3","1.1","0.0","0.0","2.5","0.49","0.31","0.0","69.4","78.0","64.3","9.6","9.0","6.7","1.3","0.3","0.0","12.3","17.8","4.2"
"20231224","제주특별자치도","북제주군","6.6","8.3","4.2","4.3","8.0","10.7","5.5","0.6","1.9","0.8","0.6","0.2","3.7","2.54","2.21","0.0","68.1","74.8","66.4","9.0","9.1","0.0","0.0","0.0","0.0","19.7","27.9","9.4"
"20231224","제주특별자치도","서귀포시","7.1","10.2","5.2","3.6","8.9","12.6","5.6","0.0","0.6","0.8","5.2","6.4","5.7","0.0","0.0","0.0","55.1","70.0","62.6","8.0","6.4","4.9","0.0","0.9","0.0","5.6","10.0","2.5"
"20231223","제주특별자치도","제주시","3.6","4.8","2.4","1.7","8.1","10.9","5.6","0.0","3.5","1.3","0.1","0.3","2.5","2.75","2.41","0.0","67.1","78.0","64.7","9.0","8.6","6.7","7.7","2.5","0.0","10.6","22.9","4.2"
"20231223","제주특별자치도","북제주군","3.5","5.2","1.3","2.0","8.3","11.0","5.7","0.8","3.0","0.8","0.1","2.2","3.6","4.5","4.34","0.0","75.0","76.9","66.4","9.4","8.0","0.0","0.0","0.0","0.0","13.1","31.1","9.3"
"20231223","제주특별자치도","서귀포시","3.9","6.0","-0.6","0.8","9.1","12.8","5.8","0.0","3.9","0.9","0.9","4.3","5.4","0.0","0.0","0.0","65.6","71.1","62.7","7.9","7.8","5.0","0.0","2.0","0.0","3.3","9.5","2.5"
"20231222","제주특별자치도","제주시","1.6","2.5","-0.6","3.4","8.3","11.0","5.8","8.2","4.5","1.4","0.0","0.0","2.5","1.39","0.32","0.0","72.8","72.0","64.8","7.1","9.3","6.7","12.2","0.2","0.0","19.4","22.2","4.0"
"20231222","제주특별자치도","북제주군","2.3","4.8","-0.2","3.1","8.4","11.1","5.9","7.4","2.7","0.9","0.6","0.8","3.6","4.76","2.77","0.0","77.5","82.4","66.6","8.1","8.0","0.0","0.0","0.0","0.0","28.7","32.4","8.9"
"20231222","제주특별자치도","서귀포시","0.7","3.7","-1.5","2.9","9.2","13.1","5.9","2.9","2.6","1.1","4.7","5.7","5.2","0.0","0.0","0.0","76.6","68.9","63.1","6.4","8.0","5.1","5.7","2.4","0.0","6.1","8.9","2.5"
"20231221","제주특별자치도","제주시","1.3","3.4","-0.4","9.3","8.3","11.0","5.7","7.1","17.7","1.5","0.4","0.0","2.4","2.39","0.97","0.0","77.4","79.9","64.5","8.8","9.5","6.7","5.4","0.0","0.0","20.6","15.7","4.0"
"20231221","제주특별자치도","북제주군","0.7","2.4","-0.6","9.9","8.5","11.0","5.9","8.0","7.5","1.1","0.8","1.3","3.5","3.87","3.09","0.0","87.6","72.1","66.5","9.3","10.0","0.0","0.0","0.0","0.0","31.5","21.5","8.9"
"20231221","제주특별자치도","서귀포시","0.2","3.4","-1.5","9.3","9.2","12.9","5.9","4.1","3.7","1.2","4.3","2.7","5.1","0.0","0.0","0.0","77.5","72.9","63.5","7.8","8.3","5.2","2.5","0.0","0.0","7.5","7.9","2.5"
"20231220","제주특별자치도","제주시","4.7","7.6","2.0","8.3","8.1","10.8","5.5","0.0","0.0","1.4","0.0","8.0","2.3","1.88","9.85","0.0","58.8","70.0","63.9","9.1","3.6","6.7","0.0","0.0","0.0","17.1","8.5","4.0"
"20231220","제주특별자치도","북제주군","4.4","7.6","1.6","10.0","8.3","10.7","5.8","0.1","0.0","1.1","0.3","8.6","3.3","3.07","11.24","0.0","69.3","56.9","66.6","9.0","6.3","0.0","0.0","0.0","0.0","27.3","10.7","9.0"
"20231220","제주특별자치도","서귀포시","4.4","7.6","1.1","8.5","9.0","12.7","5.7","0.0","0.0","1.2","6.3","8.2","4.9","0.0","0.0","0.0","56.4","63.1","63.5","5.9","3.5","5.3","0.0","0.0","0.0","13.9","3.7","2.4"
"20231219","제주특별자치도","제주시","5.9","7.5","3.0","6.3","8.0","10.6","5.5","4.3","0.3","1.6","0.0","0.8","2.2","1.48","3.8","0.0","70.9","59.4","64.4","9.1","8.0","6.8","0.0","0.0","0.0","12.6","14.7","4.1"
"20231219","제주특별자치도","북제주군","6.1","7.8","2.9","6.8","8.1","10.5","5.7","0.8","0.8","1.2","0.0","5.0","3.1","2.03","7.32","0.0","73.8","56.3","67.1","9.4","8.0","0.0","0.0","0.0","0.0","21.4","21.8","9.4"
"20231219","제주특별자치도","서귀포시","6.5","8.9","4.2","5.3","9.0","12.6","5.7","0.0","0.0","1.5","0.0","6.3","4.8","0.0","0.0","0.0","70.0","59.4","63.7","8.1","5.3","5.5","0.0","0.0","0.0","5.9","6.9","2.4"
"20231218","제주특별자치도","제주시","3.7","5.0","2.3","2.5","7.9","10.5","5.3","2.9","1.0","1.5","0.1","0.9","2.2","2.39","3.71","0.0","67.1","70.5","64.2","10.0","8.5","6.8","0.0","1.2","0.0","8.7","22.3","4.1"
"20231218","제주특별자치도","북제주군","3.0","4.4","1.0","2.7","8.0","10.5","5.6","0.6","2.3","1.1","0.0","3.0","3.0","3.14","5.11","0.0","75.9","71.6","67.1","9.5","8.4","0.0","0.0","0.0","0.0","12.5","31.2","9.5"
"20231218","제주특별자치도","서귀포시","4.3","6.4","1.3","0.7","8.9","12.5","5.6","0.1","7.5","1.2","0.7","3.6","4.8","0.0","0.0","0.0","66.1","73.1","63.8","9.3","8.6","5.7","0.0","4.6","0.0","4.3","10.7","2.3"
"20231217","제주특별자치도","제주시","2.7","3.9","1.6","3.4","7.9","10.5","5.2","3.0","1.2","1.3","0.0","0.5","2.3","1.29","2.54","0.0","66.9","76.9","63.7","8.5","9.1","6.8","0.0","0.4","0.0","18.6","20.5","4.2"
"20231217","제주특별자치도","북제주군","2.9","5.2","0.9","3.6","8.0","10.5","5.5","6.2","0.9","0.9","0.3","1.2","3.0","2.87","2.99","0.0","73.9","76.0","66.9","9.4","9.3","0.0","0.0","0.0","0.0","31.0","29.2","9.7"
"20231217","제주특별자치도","서귀포시","2.8","6.3","0.6","3.6","8.8","12.4","5.6","0.6","4.3","1.2","5.6","2.6","4.8","0.0","0.0","0.0","59.1","69.8","63.3","7.1","9.1","5.6","0.5","3.4","0.0","8.7","9.9","2.3"
"20231216","제주특별자치도","제주시","5.8","10.0","2.4","5.7","7.9","10.5","5.3","1.8","0.0","1.2","0.0","0.0","2.3","1.22","1.02","0.0","69.0","68.3","63.6","9.5","9.9","6.8","0.0","0.0","0.0","21.0","15.7","4.2"
"20231216","제주특별자치도","북제주군","5.0","9.7","2.0","6.0","8.0","10.6","5.6","2.9","0.6","0.9","0.1","0.0","3.1","2.59","1.45","0.0","81.9","69.4","66.4","10.0","9.5","0.0","0.0","0.0","0.0","33.2","13.8","9.8"
"20231216","제주특별자치도","서귀포시","5.3","12.2","1.1","9.2","8.9","12.5","5.7","0.5","0.0","1.4","2.1","0.2","4.9","0.0","0.0","0.0","68.4","63.6","62.5","9.4","9.4","5.5","0.0","0.0","0.0","13.5","5.2","2.3"
"20231215","제주특별자치도","제주시","15.3","20.8","10.1","7.0","8.1","10.8","5.4","4.1","0.0","1.6","0.1","4.5","2.5","0.65","8.88","0.0","81.5","60.9","63.9","9.0","4.1","6.8","0.0","0.0","0.0","14.5","8.3","4.2"
"20231215","제주특별자치도","북제주군","14.7","19.0","9.6","7.0","8.2","10.9","5.7","1.0","0.0","1.2","0.1","5.7","3.1","1.56","8.01","0.0","90.6","55.6","66.3","8.5","6.6","0.0","0.0","0.0","0.0","22.5","13.7","9.8"
"20231215","제주특별자치도","서귀포시","16.7","20.6","11.2","6.4","9.1","12.7","5.9","0.3","0.0","1.9","2.6","8.1","4.9","0.0","0.0","0.0","82.0","58.4","62.9","9.6","4.3","5.6","0.0","0.0","0.0","11.5","5.6","2.3"
"20231214","제주특별자치도","제주시","16.5","17.6","14.3","4.2","8.2","10.9","5.5","5.4","2.1","1.6","0.0","1.1","2.6","0.76","4.05","0.0","83.3","70.9","63.4","9.0","7.8","6.7","0.0","0.0","0.0","8.8","18.2","4.0"
"20231214","제주특별자치도","북제주군","16.9","18.4","14.6","4.8","8.4","11.0","5.8","12.5","0.2","1.4","0.0","4.4","3.1","1.39","7.0","0.0","87.5","64.6","65.8","9.5","8.8","0.0","0.0","0.0","0.0","12.6","27.4","9.3"
"20231214","제주특별자치도","서귀포시","17.2","19.4","14.8","4.5","9.2","12.8","6.1","18.5","0.0","1.9","0.0","6.6","4.8","0.0","0.0","0.0","88.4","58.6","62.8","9.6","6.8","5.7","0.0","0.0","0.0","8.8","9.8","2.3"
"20231213","제주특별자치도","제주시","14.0","18.7","10.9","9.6","8.3","11.0","5.6","0.8","0.0","1.8","3.9","2.3","2.6","6.77","5.68","0.0","72.5","53.6","63.4","7.0","7.0","6.7","0.0","0.0","0.0","10.0","18.1","4.0"
"20231213","제주특별자치도","북제주군","14.0","19.0","10.4","9.5","8.5","11.0","6.0","0.0","0.0","1.4","3.8","4.7","3.2","8.84","6.28","0.0","72.8","55.8","65.6","6.4","7.9","0.0","0.0","0.0","0.0","13.6","25.2","9.4"
"20231213","제주특별자치도","서귀포시","14.7","17.8","12.2","9.2","9.4","12.9","6.3","0.0","0.0","1.8","3.2","8.2","5.0","0.0","0.0","0.0","71.4","55.1","62.4","6.1","1.5","5.5","0.0","0.0","0.0","7.0","11.5","2.3"
"20231212","제주특별자치도","제주시","11.3","14.8","10.6","8.4","8.6","11.2","5.9","0.1","0.0","2.3","0.0","0.6","2.5","0.86","1.64","0.0","78.0","67.8","63.8","10.0","7.4","6.7","0.0","0.0","0.0","12.0","13.1","4.0"
"20231212","제주특별자치도","북제주군","10.8","13.7","9.9","8.9","8.7","11.3","6.3","0.1","0.0","1.9","0.0","1.1","3.1","2.51","4.21","0.0","85.8","64.3","66.1","9.1","7.6","0.0","0.0","0.0","0.0","24.5","18.1","9.2"
"20231212","제주특별자치도","서귀포시","14.4","16.3","13.4","9.8","9.7","13.2","6.6","0.0","0.0","2.2","3.2","2.3","4.9","0.0","0.0","0.0","77.3","61.0","63.1","7.5","7.4","5.6","0.0","0.0","0.0","5.0","10.2","2.3"
"20231211","제주특별자치도","제주시","17.0","21.2","14.8","9.1","8.7","11.4","5.9","10.1","0.0","2.4","0.2","3.6","2.6","2.17","6.46","0.0","80.9","62.1","64.1","9.9","5.3","6.7","0.0","0.0","0.0","14.9","18.7","3.9"
"20231211","제주특별자치도","북제주군","15.8","18.8","13.7","8.8","8.9","11.4","6.3","13.5","0.0","1.8","0.0","4.2","3.1","2.45","5.45","0.0","92.8","62.6","66.4","8.6","5.9","0.0","0.0","0.0","0.0","23.7","18.7","8.9"
"20231211","제주특별자치도","서귀포시","16.3","19.1","14.1","9.5","9.8","13.3","6.7","42.9","0.0","2.1","0.0","8.8","4.8","0.0","0.0","0.0","92.5","54.9","63.7","8.4","2.6","5.7","0.0","0.0","0.0","8.8","11.3","2.3"
"20231210","제주특별자치도","제주시","17.0","23.1","13.3","11.1","8.8","11.5","5.9","13.8","0.0","2.3","3.6","0.8","2.5","7.57","5.83","0.0","71.5","69.0","63.7","6.4","8.9","6.7","0.0","0.0","0.0","10.3","8.0","4.0"
"20231210","제주특별자치도","북제주군","17.1","22.0","14.3","11.4","9.0","11.4","6.4","16.0","0.0","1.6","1.6","1.9","3.0","7.11","6.99","0.0","78.6","68.8","66.1","7.3","8.3","0.0","0.0","0.0","0.0","12.0","13.0","8.9"
"20231210","제주특별자치도","서귀포시","18.0","22.4","15.1","12.5","9.9","13.3","6.7","3.2","0.4","1.9","6.4","2.1","4.9","0.0","0.0","0.0","76.1","70.0","63.3","5.3","8.0","5.7","0.0","0.0","0.0","6.0","5.5","2.3"
"20231209","제주특별자치도","제주시","15.8","21.4","11.4","11.2","8.9","11.7","6.1","0.0","0.0","2.2","5.8","0.7","2.5","8.28","4.25","0.0","64.8","59.4","64.2","4.4","8.0","6.7","0.0","0.0","0.0","5.7","6.3","4.0"
"20231209","제주특별자치도","북제주군","17.8","20.9","15.2","12.0","9.2","11.7","6.6","0.0","0.0","1.4","3.9","0.8","3.2","8.97","5.09","0.0","79.6","55.4","66.4","5.3","8.0","0.0","0.0","0.0","0.0","11.2","8.9","8.9"
"20231209","제주특별자치도","서귀포시","18.2","21.2","16.0","11.0","10.0","13.6","6.7","0.0","0.0","1.7","4.9","1.0","5.0","0.0","0.0","0.0","75.5","54.3","63.3","5.4","7.4","5.6","0.0","0.0","0.0","6.8","3.8","2.3"
"20231208","제주특별자치도","제주시","13.9","22.2","8.2","9.0","8.9","11.7","6.1","0.0","0.0","2.3","8.6","0.8","2.7","12.38","6.03","0.0","53.6","61.5","64.6","0.3","7.3","6.6","0.0","0.0","0.0","5.4","5.7","3.9"
"20231208","제주특별자치도","북제주군","16.9","19.0","13.9","10.4","9.2","11.7","6.5","0.0","0.0","1.5","7.7","2.8","3.3","11.1","7.01","0.0","66.8","52.9","66.5","1.6","6.8","0.0","0.0","0.0","0.0","13.6","9.6","8.7"
"20231208","제주특별자치도","서귀포시","16.6","19.8","11.3","10.7","10.0","13.7","6.7","0.0","0.0","2.6","5.4","1.2","4.9","0.0","0.0","0.0","65.9","61.3","63.7","5.9","8.1","5.7","0.0","0.0","0.0","9.6","3.3","2.3"
"20231207","제주특별자치도","제주시","12.0","17.1","8.5","10.2","8.9","11.7","6.0","0.0","0.0","2.0","8.5","5.9","2.8","12.54","8.55","0.0","45.1","57.5","64.2","0.6","4.3","6.6","0.0","0.0","0.0","14.4","9.2","4.1"
"20231207","제주특별자치도","북제주군","12.9","15.3","10.2","10.5","9.1","11.7","6.4","0.0","0.0","1.1","8.8","6.7","3.4","11.58","8.93","0.0","49.6","55.1","66.2","0.5","4.6","0.0","0.0","0.0","0.0","23.5","14.8","9.2"
"20231207","제주특별자치도","서귀포시","11.9","15.4","8.3","10.8","10.0","13.7","6.7","0.0","0.0","2.3","9.0","7.2","5.0","0.0","0.0","0.0","51.5","56.6","63.4","0.4","3.5","5.7","0.0","0.0","0.0","9.9","7.2","2.4"
"20231206","제주특별자치도","제주시","13.6","21.0","8.9","8.6","9.1","11.9","6.2","0.1","0.0","2.5","3.0","3.8","2.8","4.94","7.77","0.0","61.4","55.4","64.4","5.4","6.1","6.6","0.0","0.0","0.0","16.0","13.3","4.1"
"20231206","제주특별자치도","북제주군","14.0","16.6","10.2","9.0","9.2","11.9","6.6","0.0","0.0","1.6","3.6","7.5","3.6","7.95","9.75","0.0","64.8","55.8","66.5","6.1","4.6","0.0","0.0","0.0","0.0","23.7","19.0","9.5"
"20231206","제주특별자치도","서귀포시","13.7","17.8","10.0","8.0","10.1","13.9","6.8","0.0","0.0","3.0","4.0","9.1","5.0","0.0","0.0","0.0","62.6","57.6","63.5","5.8","2.6","5.6","0.0","0.0","0.0","9.1","9.5","2.4"
"20231205","제주특별자치도","제주시","11.7","18.6","7.6","5.8","9.3","12.1","6.6","0.0","0.0","2.5","8.7","1.7","2.9","11.36","5.33","0.0","60.0","61.0","64.9","1.1","7.1","6.5","0.0","0.0","0.0","4.7","12.7","4.1"
"20231205","제주특별자치도","북제주군","11.4","14.3","9.4","5.8","9.4","12.1","6.8","0.0","0.0","1.8","9.1","2.5","3.8","12.75","5.6","0.0","65.1","63.6","67.1","2.3","6.8","0.0","0.0","0.0","0.0","9.6","17.8","9.5"
"20231205","제주특별자치도","서귀포시","12.6","16.7","9.3","10.0","10.4","14.2","7.2","0.0","0.0","3.2","9.0","2.4","5.0","0.0","0.0","0.0","64.9","70.4","63.7","2.4","6.0","5.5","0.0","0.0","0.0","4.5","7.9","2.4"
"20231204","제주특별자치도","제주시","8.5","13.1","4.5","8.1","9.6","12.5","6.8","0.0","0.3","2.4","6.4","0.4","3.1","10.41","5.57","0.0","68.5","63.9","64.9","4.0","9.3","6.3","0.0","0.0","0.0","5.1","14.8","4.1"
"20231204","제주특별자치도","북제주군","8.9","10.8","6.4","7.7","9.7","12.4","7.1","0.0","0.6","1.9","6.7","1.0","4.0","11.25","5.27","0.0","73.9","65.6","67.1","4.1","7.9","0.0","0.0","0.0","0.0","9.4","18.0","9.4"
"20231204","제주특별자치도","서귀포시","10.3","14.0","6.7","12.0","10.8","14.6","7.5","0.0","0.2","3.2","4.2","0.0","5.1","0.0","0.0","0.0","73.4","72.8","63.8","4.4","9.9","5.4","0.0","0.0","0.0","3.1","4.1","2.5"
"20231203","제주특별자치도","제주시","10.1","12.9","6.3","10.4","9.9","12.9","7.1","0.0","1.3","2.2","2.4","0.0","3.4","6.07","1.64","0.0","55.0","85.4","64.1","5.1","10.0","6.1","0.0","0.0","0.0","10.5","7.3","4.0"
"20231203","제주특별자치도","북제주군","10.0","11.9","8.2","11.1","10.1","12.8","7.5","0.0","1.6","1.8","5.0","1.5","4.3","9.8","4.3","0.0","59.8","78.4","66.7","4.4","7.6","0.0","0.0","0.0","0.0","14.7","11.0","9.2"
"20231203","제주특별자치도","서귀포시","10.1","14.4","6.9","11.5","11.1","15.1","7.9","0.0","1.1","2.3","8.3","0.0","5.3","0.0","0.0","0.0","56.6","85.5","63.2","2.1","9.8","5.1","0.0","0.0","0.0","5.1","6.1","2.5"
"20231202","제주특별자치도","제주시","9.1","10.8","7.0","7.1","10.3","13.3","7.5","0.0","0.1","2.2","0.0","3.2","3.5","2.53","7.33","0.0","52.9","66.0","64.5","8.1","6.6","5.9","0.0","0.0","0.0","10.3","10.4","3.7"
"20231202","제주특별자치도","북제주군","9.2","10.6","7.0","7.1","10.5","13.1","8.0","0.0","0.0","1.8","0.2","6.3","4.5","4.62","9.87","0.0","57.4","62.4","66.9","8.8","7.0","0.0","0.0","0.0","0.0","15.4","15.7","8.6"
"20231202","제주특별자치도","서귀포시","8.4","11.9","4.3","7.3","11.6","15.5","8.3","0.0","0.0","2.3","3.3","8.9","5.4","0.0","0.0","0.0","57.9","63.5","63.3","7.4","6.0","4.8","0.0","0.0","0.0","4.7","7.0","2.4"
"20231201","제주특별자치도","제주시","7.1","8.5","5.3","5.5","10.6","13.6","7.8","2.9","0.0","1.8","0.0","0.7","3.7","0.62","3.68","0.0","62.3","63.9","64.5","9.1","7.6","5.8","0.0","0.0","0.0","15.1","13.1","3.5"
"20231201","제주특별자치도","북제주군","7.3","8.5","5.4","5.3","10.8","13.4","8.3","2.2","0.8","1.5","0.1","1.6","4.6","2.46","4.06","0.0","69.8","66.8","66.8","9.0","9.1","0.0","0.0","0.0","0.0","23.5","14.3","8.4"
"20231201","제주특별자치도","서귀포시","6.3","8.3","4.4","6.0","12.0","15.9","8.6","0.1","0.0","1.6","0.1","6.1","5.5","0.0","0.0","0.0","65.0","59.1","63.4","8.9","8.1","4.8","0.0","0.0","0.0","6.5","5.2","2.3"
"20231130","제주특별자치도","제주시","6.6","9.1","5.5","5.7","10.8","13.8","7.9","0.0","0.0","1.8","0.0","0.0","3.8","0.82","1.04","0.0","63.6","68.5","64.8","9.4","9.4","5.7","0.0","0.0","0.0","15.8","17.6","3.4"
"20231130","제주특별자치도","북제주군","6.8","9.0","4.8","5.8","11.1","13.7","8.5","0.6","0.0","1.4","0.1","0.0","4.7","3.93","2.1","0.0","71.3","69.9","66.9","9.5","10.0","0.0","0.0","0.0","0.0","23.5","22.9","8.2"
"20231130","제주특별자치도","서귀포시","7.5","11.9","6.1","8.3","12.2","16.2","8.9","0.0","0.0","1.9","3.4","0.0","5.5","0.0","0.0","0.0","58.5","66.0","64.0","7.0","9.9","4.8","0.0","0.0","0.0","7.0","7.7","2.3"
"20231129","제주특별자치도","제주시","11.2","13.9","8.0","14.1","10.9","13.8","8.0","0.0","18.6","2.2","2.6","0.0","3.8","6.82","0.99","0.0","58.9","80.5","64.6","7.9","10.0","5.8","0.0","0.0","0.0","11.5","13.7","3.4"
"20231129","제주특별자치도","북제주군","11.1","13.2","8.5","13.4","11.1","13.7","8.6","0.0","4.6","1.6","4.1","0.5","4.6","8.83","2.76","0.0","63.3","80.6","66.9","8.0","8.6","0.0","0.0","0.0","0.0","17.2","21.8","8.4"
"20231129","제주특별자치도","서귀포시","12.1","15.4","8.5","18.0","12.3","16.3","9.0","0.0","8.3","2.0","5.4","0.7","5.5","0.0","0.0","0.0","60.8","88.4","64.0","7.0","9.9","4.8","0.0","0.0","0.0","4.5","11.3","2.3"
"20231128","제주특별자치도","제주시","10.7","13.4","7.3","21.9","11.1","14.1","8.3","0.0","19.4","2.6","2.0","4.6","3.4","4.8","8.95","0.0","55.5","72.9","65.5","5.9","8.9","6.0","0.0","0.0","0.0","12.1","12.3","3.5"
"20231128","제주특별자치도","북제주군","10.9","13.5","7.8","20.6","11.4","14.0","8.7","0.1","46.4","1.7","3.7","4.0","4.3","8.57","6.65","0.0","62.9","82.6","67.5","4.0","9.0","0.0","0.0","0.0","0.0","19.0","15.8","8.4"
"20231128","제주특별자치도","서귀포시","10.8","14.2","7.0","20.7","12.5","16.3","9.1","0.0","41.1","2.3","9.1","0.7","5.2","0.0","0.0","0.0","56.3","87.9","64.8","2.6","9.8","5.1","0.0","0.0","0.0","7.7","13.0","2.3"
"20231127","제주특별자치도","제주시","-99.0","16.3","8.2","14.3","11.3","14.2","8.4","0.0","0.0","3.1","0.0","6.5","3.4","0.0","9.7","0.0","0.0","60.1","65.6","0.0","5.8","6.1","0.0","0.0","0.0","12.9","9.7","3.5"
"20231127","제주특별자치도","북제주군","14.3","16.6","9.9","15.7","11.5","14.3","8.8","1.2","0.0","2.4","2.9","6.7","4.5","7.86","9.22","0.0","70.1","61.0","67.6","7.3","5.5","0.0","0.0","0.0","0.0","17.8","10.1","8.4"
"20231127","제주특별자치도","서귀포시","13.9","17.5","11.8","15.8","12.6","16.4","9.2","0.6","0.0","3.0","5.8","6.5","5.2","0.0","0.0","0.0","68.8","66.4","64.5","5.0","5.9","5.1","0.0","0.0","0.0","8.6","4.0","2.4"
"20231126","제주특별자치도","제주시","8.9","13.8","4.6","14.6","11.5","14.5","8.6","0.0","0.0","3.3","6.1","5.1","3.5","8.52","7.95","0.0","60.4","68.5","65.4","1.5","3.6","6.1","0.0","0.0","0.0","5.2","10.6","3.6"
"20231126","제주특별자치도","북제주군","9.5","12.6","6.0","15.0","11.7","14.7","8.9","0.0","0.0","2.7","9.5","9.1","4.6","12.68","10.73","0.0","65.5","64.8","67.5","3.4","1.3","0.0","0.0","0.0","0.0","8.1","12.1","8.2"
"20231126","제주특별자치도","서귀포시","10.9","14.1","7.0","16.3","12.7","16.6","9.3","0.0","0.0","3.4","9.3","9.4","5.4","0.0","0.0","0.0","67.9","62.6","64.5","2.1","1.8","5.0","0.0","0.0","0.0","5.1","4.5","2.4"
"20231125","제주특별자치도","제주시","6.3","9.7","4.9","15.1","11.7","14.7","8.7","0.0","0.0","3.3","5.0","8.4","3.6","9.03","11.88","0.0","53.0","55.3","65.3","5.5","4.4","5.9","0.0","0.0","0.0","11.9","5.3","3.6"
"20231125","제주특별자치도","북제주군","6.1","6.9","5.3","16.6","11.9","14.9","9.0","0.0","0.0","2.5","2.3","8.3","4.6","9.39","10.92","0.0","63.1","61.1","67.2","8.1","4.0","0.0","0.0","0.0","0.0","17.7","8.7","7.9"
"20231125","제주특별자치도","서귀포시","8.1","11.8","4.7","15.9","12.9","16.6","9.4","0.0","0.0","3.0","4.7","7.3","5.4","0.0","0.0","0.0","66.0","61.0","64.3","6.4","4.4","4.9","0.0","0.0","0.0","7.5","4.0","2.4"
"20231124","제주특별자치도","제주시","8.6","12.1","6.2","12.8","11.8","15.0","8.8","0.0","0.0","2.7","0.1","7.3","3.8","3.09","10.78","0.0","53.4","68.0","65.4","8.3","2.9","5.9","0.0","0.0","0.0","17.1","6.6","3.5"
"20231124","제주특별자치도","북제주군","8.6","11.5","6.6","13.9","12.1","15.3","9.1","0.0","0.0","2.2","0.3","9.6","4.8","4.75","11.7","0.0","60.0","67.3","67.2","8.1","2.3","0.0","0.0","0.0","0.0","24.3","12.4","7.4"
"20231124","제주특별자치도","서귀포시","9.1","12.0","5.3","15.4","13.0","16.8","9.5","0.0","0.0","2.7","8.5","9.5","5.6","0.0","0.0","0.0","54.5","53.5","64.3","0.5","1.6","4.8","0.0","0.0","0.0","9.5","5.6","2.4"
"20231123","제주특별자치도","제주시","17.3","22.2","12.1","14.2","11.8","15.0","8.7","0.0","6.9","2.2","5.9","0.7","4.1","9.09","4.82","0.0","69.5","76.8","64.6","5.5","6.1","5.7","0.0","0.0","0.0","15.1","10.7","3.4"
"20231123","제주특별자치도","북제주군","17.0","21.7","11.0","14.6","12.1","15.2","9.2","0.0","2.1","2.1","6.4","7.2","5.0","10.59","8.52","0.0","73.1","70.8","66.4","3.6","6.4","0.0","0.0","0.0","0.0","25.6","14.7","7.2"
"20231123","제주특별자치도","서귀포시","17.6","21.3","11.8","16.5","13.0","16.9","9.5","0.0","0.0","2.6","8.0","6.1","5.8","0.0","0.0","0.0","67.1","72.1","63.7","2.5","6.5","4.6","0.0","0.0","0.0","10.4","6.8","2.3"
"20231122","제주특별자치도","제주시","14.7","20.2","9.6","15.7","11.8","15.0","8.6","0.0","9.8","1.5","8.8","0.0","4.1","12.36","1.92","0.0","66.8","81.5","64.1","2.0","9.6","5.6","0.0","0.0","0.0","4.6","11.8","3.4"
"20231122","제주특별자치도","북제주군","17.1","19.1","11.6","16.2","12.1","15.1","9.2","0.0","0.6","1.3","6.2","0.0","4.9","11.9","2.08","0.0","69.4","69.0","66.0","4.4","9.5","0.0","0.0","0.0","0.0","11.5","8.5","7.3"
"20231122","제주특별자치도","서귀포시","16.6","19.9","12.7","16.3","13.0","16.9","9.6","0.0","0.5","1.8","8.2","0.0","5.8","0.0","0.0","0.0","69.5","72.1","63.8","4.8","9.9","4.5","0.0","0.0","0.0","5.7","7.5","2.2"
"20231121","제주특별자치도","제주시","12.5","18.1","8.0","16.2","11.8","14.9","8.8","0.0","0.0","1.5","5.5","8.1","4.0","10.9","12.22","0.0","67.4","78.3","64.4","2.5","4.5","5.8","0.0","0.0","0.0","5.2","7.3","3.4"
"20231121","제주특별자치도","북제주군","13.9","17.7","10.7","16.8","12.0","14.9","9.3","0.0","0.0","1.3","7.3","9.5","4.8","12.91","12.29","0.0","68.9","71.3","66.2","1.8","4.6","0.0","0.0","0.0","0.0","5.4","7.8","7.4"
"20231121","제주특별자치도","서귀포시","14.0","18.5","9.9","16.3","13.0","16.9","9.6","0.0","0.0","1.8","9.1","8.1","5.6","0.0","0.0","0.0","67.5","73.5","64.1","2.4","4.9","4.7","0.0","0.0","0.0","5.0","4.7","2.2"
"20231120","제주특별자치도","제주시","12.3","15.7","8.8","15.7","11.9","15.0","9.1","0.0","23.3","2.3","9.0","0.0","3.6","14.09","0.52","0.0","56.0","91.0","64.4","1.1","7.4","6.1","0.0","0.0","0.0","9.5","9.4","3.5"
"20231120","제주특별자치도","북제주군","12.1","15.0","10.4","15.4","12.1","14.9","9.4","0.0","6.9","1.7","10.0","0.0","4.4","14.83","1.21","0.0","63.8","87.6","66.9","1.0","8.1","0.0","0.0","0.0","0.0","14.7","7.8","7.8"
"20231120","제주특별자치도","서귀포시","13.7","17.6","10.0","16.2","13.1","16.9","9.8","0.0","6.7","2.9","9.4","0.0","5.4","0.0","0.0","0.0","62.8","87.3","64.2","0.3","7.6","4.8","0.0","0.0","0.0","5.2","7.7","2.3"
"20231119","제주특별자치도","제주시","13.6","17.0","9.9","17.1","12.2","15.3","9.4","0.0","0.0","2.6","6.1","3.4","3.4","11.66","7.18","0.0","56.8","76.9","64.1","4.9","6.6","6.1","0.0","0.0","0.0","11.6","11.8","3.7"
"20231119","제주특별자치도","북제주군","13.9","16.9","10.3","18.0","12.3","15.1","9.7","0.0","0.0","2.0","6.6","8.1","4.3","11.8","9.37","0.0","60.3","65.5","66.9","3.8","4.6","0.0","0.0","0.0","0.0","16.5","7.3","8.1"
"20231119","제주특별자치도","서귀포시","12.5","16.6","5.9","18.2","13.3","17.1","10.0","0.0","0.0","3.3","9.5","7.1","5.3","0.0","0.0","0.0","60.4","72.8","64.0","0.9","4.1","4.9","0.0","0.0","0.0","8.9","9.5","2.4"
"20231118","제주특별자치도","제주시","8.8","10.7","5.8","16.0","12.4","15.4","9.7","1.8","0.0","2.6","0.0","5.9","3.5","2.5","10.58","0.0","60.1","78.0","64.1","8.4","4.9","6.1","0.0","0.0","0.0","22.9","11.9","3.6"
"20231118","제주특별자치도","북제주군","8.8","10.6","6.3","17.1","12.6","15.3","10.0","0.6","0.0","2.1","0.3","8.4","4.3","3.61","11.63","0.0","66.1","63.1","67.4","8.4","4.0","0.0","0.0","0.0","0.0","34.5","7.5","8.1"
"20231118","제주특별자치도","서귀포시","8.0","11.2","4.7","17.2","13.6","17.3","10.4","5.4","0.0","3.3","6.8","8.0","5.2","0.0","0.0","0.0","61.8","70.9","64.8","4.1","5.0","5.0","0.0","0.0","0.0","10.9","9.8","2.4"
"20231117","제주특별자치도","제주시","10.0","13.4","7.6","14.2","12.7","15.6","10.0","12.6","0.0","2.3","1.0","0.9","3.7","3.74","5.13","0.0","64.0","73.6","63.8","9.0","8.4","5.9","0.0","0.0","0.0","21.8","8.5","3.6"
"20231117","제주특별자치도","북제주군","10.3","13.9","7.5","14.7","12.8","15.6","10.2","4.5","0.0","1.9","2.3","1.3","4.5","6.69","5.47","0.0","67.1","62.5","67.1","7.0","8.8","0.0","0.0","0.0","0.0","37.1","7.1","8.0"
"20231117","제주특별자치도","서귀포시","8.8","14.3","6.1","15.5","13.9","17.6","10.7","9.0","0.0","3.2","5.0","1.3","5.3","0.0","0.0","0.0","71.4","70.0","64.5","8.1","9.4","5.0","0.0","0.0","0.0","14.0","5.3","2.4"
"20231116","제주특별자치도","제주시","12.0","17.2","9.3","13.5","13.0","15.9","10.3","27.3","0.0","2.1","0.1","6.5","3.8","1.42","10.54","0.0","66.3","69.0","63.7","9.1","3.0","5.8","0.0","0.0","0.0","17.5","7.1","3.5"
"20231116","제주특별자치도","북제주군","12.3","17.3","10.4","14.6","13.1","15.9","10.6","6.0","0.0","1.5","0.1","9.1","4.6","2.18","11.47","0.0","75.3","61.3","66.9","8.4","2.9","0.0","0.0","0.0","0.0","26.3","9.5","8.0"
"20231116","제주특별자치도","서귀포시","12.8","18.3","10.4","14.4","14.2","18.0","11.0","6.7","0.0","2.6","0.5","9.6","5.4","0.0","0.0","0.0","64.3","65.4","64.3","9.0","2.1","4.9","0.0","0.0","0.0","11.8","7.3","2.4"
"20231115","제주특별자치도","제주시","12.9","16.6","9.7","13.1","13.3","16.3","10.5","0.0","0.0","1.9","7.6","6.6","4.1","12.55","12.56","0.0","54.0","61.4","63.9","4.4","3.9","5.6","0.0","0.0","0.0","8.0","9.1","3.3"
"20231115","제주특별자치도","북제주군","12.5","14.6","10.6","12.8","13.5","16.4","10.9","0.0","0.0","1.4","9.1","8.6","4.9","14.2","11.33","0.0","58.5","61.9","66.8","4.9","3.4","0.0","0.0","0.0","0.0","10.3","14.9","7.4"
"20231115","제주특별자치도","서귀포시","13.1","17.7","9.8","13.6","14.7","18.4","11.4","0.0","0.0","2.4","9.1","8.1","5.4","0.0","0.0","0.0","55.9","70.6","64.2","4.1","3.1","4.9","0.0","0.0","0.0","8.8","5.5","2.3"
"20231114","제주특별자치도","제주시","11.6","12.8","9.8","13.7","13.5","16.5","10.7","0.0","0.0","1.6","0.0","2.1","4.3","1.33","7.18","0.0","55.0","68.6","63.6","9.3","7.9","5.4","0.0","0.0","0.0","8.6","9.7","3.2"
"20231114","제주특별자치도","북제주군","11.7","14.0","9.8","13.4","13.7","16.6","11.1","0.0","0.0","1.1","2.4","8.8","5.2","7.7","12.0","0.0","56.8","65.9","66.7","9.3","6.5","0.0","0.0","0.0","0.0","15.4","16.2","7.3"
"20231114","제주특별자치도","서귀포시","12.0","15.9","8.2","15.1","14.9","18.6","11.6","0.0","0.0","2.0","4.8","7.3","5.7","0.0","0.0","0.0","56.1","65.3","64.1","6.3","6.3","4.5","0.0","0.0","0.0","4.5","4.0","2.4"
"20231113","제주특별자치도","제주시","9.5","10.7","7.1","14.9","13.9","16.8","11.1","1.7","0.6","2.0","1.9","0.0","4.2","5.96","1.12","0.0","59.1","79.6","64.3","8.0","9.9","5.5","0.0","0.0","0.0","18.0","13.2","3.4"
"20231113","제주특별자치도","북제주군","9.4","10.4","6.4","14.5","14.1","16.9","11.5","0.9","1.6","1.2","1.6","0.7","5.3","6.84","4.52","0.0","62.0","77.8","67.3","8.8","9.5","0.0","0.0","0.0","0.0","26.1","20.7","7.6"
"20231113","제주특별자치도","서귀포시","10.0","13.3","6.6","17.8","15.2","18.9","11.9","0.0","2.5","2.4","8.2","8.3","5.9","0.0","0.0","0.0","58.3","76.3","63.9","5.1","5.0","4.5","0.0","0.0","0.0","7.4","7.1","2.5"
"20231112","제주특별자치도","제주시","10.2","11.4","8.6","20.2","14.3","17.2","11.5","0.0","3.5","3.2","0.2","1.7","4.1","3.64","4.01","0.0","59.3","84.8","65.5","9.1","6.1","5.6","0.0","0.0","0.0","14.0","8.0","3.4"
"20231112","제주특별자치도","북제주군","10.0","11.7","7.6","21.3","14.5","17.3","11.9","0.3","1.2","2.4","1.1","4.3","5.1","5.64","8.72","0.0","66.4","86.4","68.5","9.1","6.1","0.0","0.0","0.0","0.0","23.8","10.7","7.5"
"20231112","제주특별자치도","서귀포시","11.1","14.6","8.2","21.1","15.4","19.1","12.2","0.0","18.9","3.6","6.9","0.4","5.6","0.0","0.0","0.0","55.4","95.1","65.2","7.1","9.6","4.6","0.0","0.0","0.0","7.8","6.9","2.6"
"20231111","제주특별자치도","제주시","11.0","13.4","9.3","20.4","14.5","17.4","11.6","0.0","0.0","3.5","5.5","8.8","4.1","11.45","12.9","0.0","51.9","77.3","65.4","6.8","3.3","5.6","0.0","0.0","0.0","11.4","11.5","3.5"
"20231111","제주특별자치도","북제주군","10.2","11.2","8.6","20.3","14.7","17.5","12.0","0.0","0.0","2.4","5.2","7.7","5.2","12.45","11.61","0.0","61.0","72.4","68.8","7.8","3.5","0.0","0.0","0.0","0.0","19.3","9.6","7.5"
"20231111","제주특별자치도","서귀포시","14.2","16.7","12.0","20.6","15.6","19.3","12.4","0.0","0.0","3.7","8.5","7.5","5.6","0.0","0.0","0.0","61.6","78.1","65.1","6.0","6.4","4.8","0.0","0.0","0.0","6.9","5.8","2.7"
"20231110","제주특별자치도","제주시","12.9","17.7","10.3","18.7","14.6","17.5","11.9","4.0","5.7","3.1","1.6","3.2","4.0","7.35","8.16","0.0","59.6","81.0","65.7","7.9","6.5","5.7","0.0","0.0","0.0","12.8","9.5","3.6"
"20231110","제주특별자치도","북제주군","12.3","17.0","10.1","18.9","14.8","17.6","12.1","3.4","5.0","2.7","3.5","3.6","5.1","9.71","7.78","0.0","67.9","73.6","69.5","8.3","7.5","0.0","0.0","0.0","0.0","23.6","7.9","7.8"
"20231110","제주특별자치도","서귀포시","17.9","20.8","15.9","19.3","15.8","19.5","12.5","4.2","1.9","3.6","3.5","4.1","5.6","0.0","0.0","0.0","75.1","78.4","65.7","8.0","9.4","4.9","0.0","0.0","0.0","7.0","5.7","2.7"
"20231109","제주특별자치도","제주시","18.5","21.8","14.0","16.5","15.0","18.0","12.2","2.8","0.0","3.4","1.7","9.1","4.1","5.86","13.08","0.0","66.3","66.0","66.9","7.6","2.1","5.8","0.0","0.0","0.0","4.5","7.5","3.5"
"20231109","제주특별자치도","북제주군","18.2","21.6","14.4","18.0","15.2","18.1","12.6","2.3","0.0","3.3","0.5","9.8","5.1","6.11","13.46","0.0","77.4","56.6","70.7","8.1","2.6","0.0","0.0","0.0","0.0","10.1","6.5","7.5"
"20231109","제주특별자치도","서귀포시","19.3","22.1","15.9","17.1","16.2","19.9","13.0","1.8","0.0","4.2","1.9","9.6","5.5","0.0","0.0","0.0","70.5","63.4","66.5","8.9","1.9","5.0","0.0","0.0","0.0","4.9","3.7","2.7"
"20231108","제주특별자치도","제주시","15.6","21.0","10.4","15.0","15.4","18.5","12.5","0.0","0.0","3.0","8.6","9.5","4.4","15.19","14.17","0.0","65.3","58.5","67.0","4.3","0.0","5.5","0.0","0.0","0.0","6.7","5.5","3.4"
"20231108","제주특별자치도","북제주군","14.8","19.6","11.1","15.7","15.6","18.6","12.9","0.0","0.0","3.0","6.8","9.9","5.3","12.66","13.3","0.0","74.4","55.9","71.0","4.4","0.1","0.0","0.0","0.0","0.0","9.4","7.8","7.1"
"20231108","제주특별자치도","서귀포시","16.4","19.0","12.6","16.0","16.6","20.4","13.4","0.0","0.0","3.7","7.4","9.6","5.6","0.0","0.0","0.0","71.9","50.9","66.6","6.9","0.0","4.9","0.0","0.0","0.0","3.8","4.1","2.7"
"20231107","제주특별자치도","제주시","14.9","17.7","13.7","13.7","15.6","18.8","12.5","0.0","0.0","2.5","2.1","9.4","4.5","8.39","13.92","0.0","55.5","66.1","67.2","6.9","0.6","5.4","0.0","0.0","0.0","14.2","6.0","3.1"
"20231107","제주특별자치도","북제주군","14.2","16.2","12.6","14.4","15.8","18.9","13.1","0.0","0.0","2.3","5.3","9.8","5.3","12.41","14.04","0.0","62.4","63.0","71.3","6.1","1.4","0.0","0.0","0.0","0.0","22.2","6.5","6.6"
"20231107","제주특별자치도","서귀포시","15.0","18.7","12.6","14.1","16.9","20.7","13.6","0.0","0.0","3.6","9.5","9.6","5.6","0.0","0.0","0.0","57.8","67.1","66.9","1.6","0.4","4.9","0.0","0.0","0.0","8.1","3.8","2.5"
"20231106","제주특별자치도","제주시","19.0","25.8","15.7","12.6","15.7","19.0","12.5","18.3","0.0","2.1","0.0","9.0","5.0","2.85","13.42","0.0","63.5","58.9","66.9","8.8","1.8","5.1","0.0","0.0","0.0","18.0","8.9","2.9"
"20231106","제주특별자치도","북제주군","17.9","22.9","14.8","12.6","15.9","19.0","13.2","22.5","0.0","2.9","0.5","10.0","5.6","4.31","14.07","0.0","74.6","59.0","70.9","9.0","1.5","0.0","0.0","0.0","0.0","24.0","10.2","6.2"
"20231106","제주특별자치도","서귀포시","18.7","23.9","14.6","13.7","16.9","20.7","13.6","12.3","0.0","3.9","0.7","9.6","5.7","0.0","0.0","0.0","69.0","67.3","66.7","8.4","3.6","4.7","0.0","0.0","0.0","17.5","5.5","2.4"
"20231105","제주특별자치도","제주시","23.6","26.0","21.9","12.7","15.8","19.1","12.5","0.6","0.0","1.7","0.3","4.9","5.2","4.04","11.07","0.0","66.3","59.3","65.9","9.0","5.5","4.8","0.0","0.0","0.0","15.0","11.9","2.8"
"20231105","제주특별자치도","북제주군","22.6","24.1","20.5","12.5","16.0","19.0","13.3","2.2","0.0","2.3","2.4","9.3","5.9","8.12","14.16","0.0","87.1","59.0","69.9","8.6","3.8","0.0","0.0","0.0","0.0","19.8","15.3","6.0"
"20231105","제주특별자치도","서귀포시","23.1","24.0","20.8","13.7","16.9","20.8","13.5","5.2","0.0","3.4","0.6","9.4","6.0","0.0","0.0","0.0","85.8","65.4","65.7","10.0","1.8","4.4","0.0","0.0","0.0","9.3","6.3","2.4"
"20231104","제주특별자치도","제주시","22.3","25.4","19.1","12.4","15.5","18.8","12.3","0.0","0.0","1.4","5.9","5.2","5.2","12.65","10.47","0.0","74.0","59.8","64.8","8.0","5.4","4.8","0.0","0.0","0.0","8.8","10.8","2.9"
"20231104","제주특별자치도","북제주군","22.2","25.5","19.4","12.0","15.8","18.8","13.1","0.0","0.0","1.8","8.0","9.3","6.0","13.6","12.72","0.0","84.8","64.0","68.7","8.0","4.4","0.0","0.0","0.0","0.0","9.2","19.1","6.3"
"20231104","제주특별자치도","서귀포시","22.8","25.4","21.2","15.7","16.6","20.5","13.2","0.0","0.0","2.8","7.0","9.7","6.1","0.0","0.0","0.0","81.0","65.4","65.0","6.9","1.8","4.5","0.0","0.0","0.0","5.0","8.9","2.3"
"20231103","제주특별자치도","제주시","21.2","26.4","16.6","15.9","15.3","18.6","12.1","0.0","0.0","1.6","8.5","9.1","5.2","13.76","15.69","0.0","60.0","60.6","64.3","1.1","3.0","4.9","0.0","0.0","0.0","6.4","13.1","3.0"
"20231103","제주특별자치도","북제주군","21.9","25.1","18.5","16.1","15.5","18.4","12.8","0.0","0.0","1.9","9.5","9.3","6.0","15.6","15.84","0.0","82.4","62.9","67.9","1.5","3.3","0.0","0.0","0.0","0.0","11.2","14.6","6.6"
"20231103","제주특별자치도","서귀포시","22.7","25.7","19.6","16.9","16.4","20.3","12.9","0.0","0.0","2.8","8.8","9.5","6.2","0.0","0.0","0.0","76.3","55.6","64.2","2.3","2.9","4.5","0.0","0.0","0.0","5.7","4.8","2.2"
"20231102","제주특별자치도","제주시","19.8","24.4","15.5","16.2","15.2","18.5","12.1","0.0","0.0","1.7","10.0","9.5","5.2","15.35","14.43","0.0","58.1","72.4","63.6","0.5","2.3","4.9","0.0","0.0","0.0","5.7","6.5","3.2"
"20231102","제주특별자치도","북제주군","21.0","23.4","18.8","16.2","15.3","18.3","12.7","0.0","0.0","2.0","9.7","10.1","6.1","16.2","15.62","0.0","78.9","72.4","67.3","0.1","0.4","0.0","0.0","0.0","0.0","12.0","11.2","6.9"
"20231102","제주특별자치도","서귀포시","21.4","24.2","18.9","17.3","16.3","20.2","12.8","0.0","0.0","2.4","9.6","7.0","6.4","0.0","0.0","0.0","73.4","61.9","63.3","1.0","1.3","4.4","0.0","0.0","0.0","5.5","5.1","2.3"
"20231101","제주특별자치도","제주시","20.0","28.4","14.2","17.5","15.3","18.5","12.4","0.0","0.0","1.6","10.1","9.1","5.1","15.56","14.88","0.0","44.4","74.9","63.3","0.0","2.9","5.1","0.0","0.0","0.0","9.1","7.9","3.3"
"20231101","제주특별자치도","북제주군","20.7","23.0","16.2","16.9","15.4","18.2","12.9","0.0","0.0","1.3","8.6","9.4","6.2","15.36","15.12","0.0","77.0","73.0","67.1","0.1","2.5","0.0","0.0","0.0","0.0","10.6","12.3","7.2"
"20231101","제주특별자치도","서귀포시","20.6","23.6","17.4","18.0","16.4","20.4","13.0","0.0","0.0","1.8","9.2","9.3","6.6","0.0","0.0","0.0","73.5","56.8","62.7","1.0","1.6","4.4","0.0","0.0","0.0","7.9","5.8","2.3"
"20231031","제주특별자치도","제주시","17.7","23.5","13.4","17.2","15.5","18.6","12.7","0.0","0.0","1.7","10.1","4.4","5.1","15.81","10.28","0.0","54.9","71.8","63.3","0.0","5.0","5.2","0.0","0.0","0.0","4.9","11.3","3.3"
"20231031","제주특별자치도","북제주군","18.3","22.8","15.5","17.5","15.5","18.4","13.1","0.0","0.0","1.1","10.0","9.1","6.1","16.77","14.22","0.0","71.9","66.5","67.3","0.0","2.6","0.0","0.0","0.0","0.0","6.7","11.2","7.3"
"20231031","제주특별자치도","서귀포시","18.7","23.1","14.2","17.8","16.7","20.6","13.3","0.0","0.0","1.5","9.6","9.1","6.5","0.0","0.0","0.0","52.4","66.5","63.0","0.0","2.3","4.4","0.0","0.0","0.0","6.6","9.4","2.3"
"20231030","제주특별자치도","제주시","18.2","22.7","14.6","17.6","15.9","18.9","13.0","0.0","0.0","2.0","10.1","5.6","5.1","15.82","12.08","0.0","63.1","73.0","64.0","0.1","4.3","5.3","0.0","0.0","0.0","6.8","10.5","3.3"
"20231030","제주특별자치도","북제주군","18.7","22.7","15.9","17.7","15.8","18.6","13.4","0.0","0.0","1.3","9.9","9.7","6.0","16.75","14.63","0.0","68.1","66.3","68.1","0.5","1.6","0.0","0.0","0.0","0.0","5.3","9.8","7.3"
"20231030","제주특별자치도","서귀포시","18.9","23.0","14.9","18.1","17.1","20.9","13.7","0.0","0.0","1.9","9.5","9.5","6.5","0.0","0.0","0.0","63.9","66.9","63.4","1.5","3.9","4.5","0.0","0.0","0.0","4.4","9.5","2.4"
"20231029","제주특별자치도","제주시","17.9","22.5","14.2","18.0","16.1","19.2","13.3","0.0","0.0","2.2","9.2","6.3","5.2","15.89","11.74","0.0","62.1","76.0","64.2","1.6","4.4","5.2","0.0","0.0","0.0","6.5","12.2","3.2"
"20231029","제주특별자치도","북제주군","18.2","22.2","14.9","18.1","16.1","18.9","13.6","0.0","0.0","1.4","9.9","7.9","6.3","16.37","11.75","0.0","69.3","69.9","68.0","0.9","1.9","0.0","0.0","0.0","0.0","5.9","10.3","7.1"
"20231029","제주특별자치도","서귀포시","18.3","22.4","14.4","18.7","17.3","21.1","14.0","0.0","0.0","2.2","9.1","8.0","6.7","0.0","0.0","0.0","61.0","68.5","63.7","1.8","2.3","4.3","0.0","0.0","0.0","4.2","9.9","2.5"
"20231028","제주특별자치도","제주시","17.2","21.7","13.8","16.5","16.3","19.3","13.5","0.0","0.0","1.5","9.0","9.2","5.2","15.81","14.91","0.0","62.1","73.3","64.1","3.1","4.4","5.2","0.0","0.0","0.0","5.7","6.5","3.2"
"20231028","제주특별자치도","북제주군","16.7","18.5","13.9","16.4","16.2","19.0","13.8","0.0","0.0","1.0","9.9","9.6","6.4","16.7","14.77","0.0","69.6","75.3","67.8","0.3","3.6","0.0","0.0","0.0","0.0","10.6","10.3","7.3"
"20231028","제주특별자치도","서귀포시","18.2","22.7","14.4","17.8","17.5","21.4","14.2","0.0","0.0","1.8","9.7","9.0","6.8","0.0","0.0","0.0","53.1","54.9","63.8","0.9","3.1","4.3","0.0","0.0","0.0","4.9","6.9","2.4"
"20231027","제주특별자치도","제주시","18.3","21.1","14.8","16.9","16.6","19.7","13.7","0.0","0.0","1.8","8.9","4.1","5.3","15.87","9.43","0.0","58.3","63.6","64.8","3.6","5.1","5.1","0.0","0.0","0.0","10.8","5.3","3.2"
"20231027","제주특별자치도","북제주군","17.1","19.8","14.7","16.7","16.5","19.4","14.0","0.0","0.0","1.4","9.7","4.6","6.4","17.54","9.92","0.0","63.5","63.9","68.4","1.5","7.0","0.0","0.0","0.0","0.0","20.5","9.5","7.2"
"20231027","제주특별자치도","서귀포시","19.1","24.6","15.3","17.5","17.8","21.7","14.4","0.0","0.0","2.8","9.8","3.5","6.8","0.0","0.0","0.0","49.4","59.8","64.6","0.0","5.6","4.2","0.0","0.0","0.0","8.7","5.4","2.4"
"20231026","제주특별자치도","제주시","20.4","24.8","16.5","17.6","16.8","19.9","13.9","0.0","0.0","2.2","9.3","6.9","5.4","14.91","14.23","0.0","66.3","65.1","65.9","1.5","7.4","5.0","0.0","0.0","0.0","9.5","12.3","3.2"
"20231026","제주특별자치도","북제주군","20.6","25.7","17.5","17.9","16.8","19.8","14.2","0.0","0.0","1.8","8.6","4.8","6.6","15.54","9.56","0.0","75.3","56.3","68.9","1.4","6.1","0.0","0.0","0.0","0.0","11.1","8.2","7.0"
"20231026","제주특별자치도","서귀포시","20.0","24.1","15.7","17.5","18.0","21.9","14.7","0.0","0.0","3.2","9.4","1.2","7.0","0.0","0.0","0.0","64.6","63.5","65.1","1.3","7.6","4.1","0.0","0.0","0.0","9.2","7.4","2.5"
"20231025","제주특별자치도","제주시","19.8","25.1","16.1","14.8","17.0","20.1","14.2","0.0","0.0","2.1","10.1","8.2","5.4","16.42","15.03","0.0","61.9","55.8","66.1","1.4","2.6","4.9","0.0","0.0","0.0","5.5","12.8","3.2"
"20231025","제주특별자치도","북제주군","20.2","24.7","17.5","14.1","17.0","20.0","14.4","0.0","0.0","1.7","9.9","10.2","6.7","16.99","16.44","0.0","67.8","54.3","68.8","0.5","0.6","0.0","0.0","0.0","0.0","6.3","13.4","6.9"
"20231025","제주특별자치도","서귀포시","19.4","23.4","15.6","14.9","18.1","22.0","14.9","0.0","0.0","3.0","9.8","10.0","7.1","0.0","0.0","0.0","66.6","52.3","64.9","0.9","0.5","4.0","0.0","0.0","0.0","5.7","8.8","2.6"
"20231024","제주특별자치도","제주시","17.7","22.1","13.3","15.4","17.3","20.3","14.7","0.0","0.0","2.1","7.7","8.4","5.1","14.44","15.52","0.0","60.0","54.9","66.6","2.5","2.6","5.2","0.0","0.0","0.0","5.4","14.7","3.3"
"20231024","제주특별자치도","북제주군","18.5","23.0","15.6","14.8","17.3","20.3","14.7","0.0","0.0","1.8","9.0","10.1","6.2","15.61","17.19","0.0","61.8","57.0","69.6","3.0","0.5","0.0","0.0","0.0","0.0","5.9","21.8","6.9"
"20231024","제주특별자치도","서귀포시","18.4","22.1","15.5","15.9","18.5","22.3","15.3","0.0","0.0","3.4","8.2","10.2","6.7","0.0","0.0","0.0","64.1","41.8","65.2","2.8","0.3","4.3","0.0","0.0","0.0","3.7","8.6","2.6"
"20231023","제주특별자치도","제주시","17.2","21.9","13.7","17.5","17.7","20.8","14.9","0.0","0.0","2.9","10.0","5.9","5.3","16.5","13.86","0.0","59.6","67.6","67.3","1.4","3.6","5.2","0.0","0.0","0.0","5.3","15.4","3.2"
"20231023","제주특별자치도","북제주군","17.6","21.9","14.8","16.7","17.7","20.8","15.0","0.0","0.0","2.3","10.1","10.0","6.4","17.94","15.91","0.0","62.1","69.9","70.3","0.5","2.5","0.0","0.0","0.0","0.0","7.7","16.5","6.5"
"20231023","제주특별자치도","서귀포시","17.8","22.0","14.0","19.3","18.7","22.6","15.6","0.0","0.0","4.0","10.2","10.3","6.7","0.0","0.0","0.0","60.9","60.1","65.1","1.1","0.3","4.3","0.0","0.0","0.0","5.0","5.0","2.7"
"20231022","제주특별자치도","제주시","17.4","21.8","13.4","20.0","17.9","21.0","15.2","0.0","0.0","2.6","7.6","2.2","5.2","15.55","9.43","0.0","56.9","75.8","67.3","3.8","6.1","5.2","0.0","0.0","0.0","6.7","7.1","3.2"
"20231022","제주특별자치도","북제주군","17.3","21.4","14.3","19.8","17.9","21.0","15.2","0.0","0.0","2.0","8.4","2.9","6.3","17.35","8.22","0.0","61.3","75.4","70.5","3.0","6.1","0.0","0.0","0.0","0.0","10.6","10.8","6.4"
"20231022","제주특별자치도","서귀포시","17.8","21.8","13.6","21.7","18.9","22.7","15.8","0.0","0.0","3.1","8.9","2.6","6.6","0.0","0.0","0.0","57.5","74.4","64.6","3.6","5.9","4.5","0.0","0.0","0.0","4.7","4.2","2.8"
"20231021","제주특별자치도","제주시","17.4","20.2","15.0","18.5","18.1","21.2","15.3","0.0","0.0","2.2","9.6","5.9","5.2","18.21","13.3","0.0","50.0","78.0","67.0","3.6","6.3","5.3","0.0","0.0","0.0","12.4","9.4","3.1"
"20231021","제주특별자치도","북제주군","16.7","19.4","14.7","19.8","18.0","21.1","15.3","0.0","0.0","1.8","9.7","6.5","6.3","18.44","12.19","0.0","57.0","73.3","70.3","3.4","7.8","0.0","0.0","0.0","0.0","22.6","7.1","6.3"
"20231021","제주특별자치도","서귀포시","16.6","21.1","13.6","20.1","19.0","22.9","15.9","0.0","0.0","2.6","10.4","5.7","6.5","0.0","0.0","0.0","46.9","75.8","63.8","0.9","6.6","4.6","0.0","0.0","0.0","9.3","4.5","2.9"
"20231020","제주특별자치도","제주시","16.8","20.8","15.1","15.9","18.2","21.4","15.4","8.3","0.0","2.2","3.9","10.5","5.4","11.6","17.62","0.0","55.0","67.1","66.5","7.8","0.1","5.1","0.0","0.0","0.0","15.7","8.3","3.1"
"20231020","제주특별자치도","북제주군","16.1","20.9","14.7","16.1","18.2","21.2","15.4","0.1","0.0","1.8","4.5","10.5","6.6","13.23","17.78","0.0","58.6","63.8","69.8","6.4","1.8","0.0","0.0","0.0","0.0","22.9","7.9","6.2"
"20231020","제주특별자치도","서귀포시","17.4","20.7","14.0","17.5","19.1","23.1","15.9","4.0","0.0","3.0","4.1","10.6","6.7","0.0","0.0","0.0","58.0","61.1","63.2","5.3","0.6","4.4","0.0","0.0","0.0","8.5","8.5","2.8"
"20231019","제주특별자치도","제주시","21.4","26.1","16.4","15.1","18.2","21.4","15.2","0.0","0.0","1.7","8.8","9.7","5.9","16.14","17.37","0.0","62.3","58.4","65.6","5.8","1.6","4.7","0.0","0.0","0.0","7.8","9.5","3.0"
"20231019","제주특별자치도","북제주군","21.2","23.7","17.4","14.6","18.2","21.2","15.4","0.0","0.0","1.2","8.5","10.5","7.0","17.19","18.33","0.0","71.3","57.1","68.9","4.9","0.6","0.0","0.0","0.0","0.0","10.6","14.2","6.1"
"20231019","제주특별자치도","서귀포시","21.1","24.5","17.5","15.8","19.1","23.1","15.7","1.7","0.0","2.1","9.8","10.6","7.0","0.0","0.0","0.0","69.6","56.9","62.3","3.3","0.0","4.2","0.0","0.0","0.0","7.3","6.0","2.7"
"20231018","제주특별자치도","제주시","18.3","22.4","13.7","14.7","18.2","21.3","15.2","0.0","0.0","0.9","10.4","9.0","6.0","17.92","16.69","0.0","69.9","54.1","64.5","1.5","2.9","4.7","0.0","0.0","0.0","5.0","15.2","3.0"
"20231018","제주특별자치도","북제주군","19.1","22.6","15.3","14.2","18.1","21.1","15.4","0.0","0.0","0.7","9.8","10.5","7.0","18.36","18.34","0.0","71.3","55.9","67.8","0.8","2.4","0.0","0.0","0.0","0.0","7.3","20.0","6.3"
"20231018","제주특별자치도","서귀포시","19.3","23.3","16.2","15.4","19.1","23.1","15.7","0.0","0.0","1.4","9.9","10.6","7.0","0.0","0.0","0.0","73.1","57.6","62.0","0.9","0.1","4.0","0.0","0.0","0.0","5.3","9.0","2.7"
"20231017","제주특별자치도","제주시","18.3","22.7","15.1","16.9","18.2","21.4","15.3","0.0","0.0","1.2","10.4","7.2","6.1","18.2","15.43","0.0","58.8","60.1","64.2","1.1","5.1","4.6","0.0","0.0","0.0","7.1","15.2","3.1"
"20231017","제주특별자치도","북제주군","17.4","18.9","15.8","16.1","18.2","21.1","15.5","0.0","0.0","0.8","10.4","8.4","7.1","19.28","14.46","0.0","66.6","62.0","67.0","0.9","5.8","0.0","0.0","0.0","0.0","16.0","21.4","6.5"
"20231017","제주특별자치도","서귀포시","18.8","23.0","14.8","19.0","19.2","23.2","15.7","0.0","0.0","1.5","10.7","7.0","7.2","0.0","0.0","0.0","62.3","67.0","61.8","0.0","3.0","3.9","0.0","0.0","0.0","7.0","6.4","2.6"
"20231016","제주특별자치도","제주시","18.9","22.9","16.5","20.4","18.4","21.6","15.5","0.0","0.0","1.5","6.3","3.8","6.2","14.85","11.46","0.0","57.5","78.1","64.1","3.8","5.3","4.6","0.0","0.0","0.0","10.5","7.9","3.0"
"20231016","제주특별자치도","북제주군","18.9","21.7","16.6","20.0","18.3","21.2","15.7","0.0","0.0","1.1","7.0","4.9","7.1","15.39","11.04","0.0","62.4","76.5","67.2","1.6","6.1","0.0","0.0","0.0","0.0","17.6","10.0","6.7"
"20231016","제주특별자치도","서귀포시","19.4","24.5","15.4","21.1","19.5","23.5","16.0","0.0","0.0","1.8","10.7","1.2","7.1","0.0","0.0","0.0","52.4","77.4","61.9","0.1","6.5","3.9","0.0","0.0","0.0","8.4","6.2","2.5"
"20231015","제주특별자치도","제주시","20.1","23.4","17.6","20.4","18.6","21.7","15.7","0.0","0.0","1.7","6.5","8.7","6.1","15.02","17.14","0.0","57.3","75.5","64.5","4.0","4.8","4.7","0.0","0.0","0.0","10.6","8.5","2.9"
"20231015","제주특별자치도","북제주군","19.6","22.7","18.1","19.8","18.5","21.3","15.9","0.0","0.0","1.1","7.3","9.8","7.0","16.34","16.56","0.0","62.5","74.3","67.8","2.6","3.3","0.0","0.0","0.0","0.0","17.2","11.0","6.6"
"20231015","제주특별자치도","서귀포시","19.8","24.1","16.7","20.5","19.7","23.7","16.3","0.0","0.0","1.3","10.6","9.3","7.0","0.0","0.0","0.0","53.5","68.4","62.7","1.0","1.3","4.0","0.0","0.0","0.0","7.1","7.7","2.5"
"20231014","제주특별자치도","제주시","-99.0","24.4","17.5","19.5","18.8","21.9","16.0","5.2","0.0","2.0","0.0","6.3","6.0","0.0","14.34","0.0","0.0","76.3","65.1","0.0","3.8","4.7","0.0","0.0","0.0","15.7","9.4","2.9"
"20231014","제주특별자치도","북제주군","20.1","23.7","16.9","18.6","18.7","21.5","16.2","0.5","0.0","1.3","9.1","10.6","6.9","16.87","17.53","0.0","64.8","73.4","68.4","3.8","2.5","0.0","0.0","0.0","0.0","17.2","12.4","6.7"
"20231014","제주특별자치도","서귀포시","20.7","25.0","17.7","20.2","20.0","23.9","16.6","0.0","0.0","1.6","10.3","10.6","6.9","0.0","0.0","0.0","53.8","67.4","63.4","4.1","1.1","4.0","0.0","0.0","0.0","6.1","8.0","2.5"
"20231013","제주특별자치도","제주시","20.3","23.0","18.2","19.4","19.1","22.2","16.3","0.0","0.0","3.3","3.0","3.1","5.9","12.23","10.31","0.0","62.3","72.0","65.8","7.9","6.1","4.7","0.0","0.0","0.0","7.5","11.7","2.9"
"20231013","제주특별자치도","북제주군","19.5","22.2","17.5","18.9","19.0","21.8","16.5","0.0","0.0","1.5","2.2","10.9","6.9","12.87","17.7","0.0","66.6","69.3","69.0","8.8","1.6","0.0","0.0","0.0","0.0","9.8","12.9","6.6"
"20231013","제주특별자치도","서귀포시","20.8","24.7","18.8","19.9","20.3","24.2","17.1","0.0","0.0","2.3","3.8","10.5","7.0","0.0","0.0","0.0","57.9","68.1","63.9","8.3","2.4","4.0","0.0","0.0","0.0","5.9","10.5","2.5"
"20231012","제주특별자치도","제주시","20.1","23.8","16.9","18.2","19.5","22.5","16.6","0.0","0.0","2.8","10.4","9.2","5.9","18.37","18.48","0.0","55.6","70.4","66.7","1.8","2.3","4.8","0.0","0.0","0.0","8.7","10.8","2.9"
"20231012","제주특별자치도","북제주군","19.6","22.7","16.2","17.4","19.4","22.3","16.9","0.0","0.0","1.3","9.5","10.8","7.0","17.48","18.32","0.0","54.6","66.4","70.3","2.4","0.5","0.0","0.0","0.0","0.0","12.6","10.4","6.2"
"20231012","제주특별자치도","서귀포시","20.6","24.5","18.4","17.9","20.6","24.5","17.5","0.0","0.0","2.1","10.8","10.8","7.0","0.0","0.0","0.0","52.1","59.5","64.9","1.4","0.8","4.1","0.0","0.0","0.0","8.9","9.1","2.6"
"20231011","제주특별자치도","제주시","20.5","23.3","17.9","17.1","19.6","22.6","16.7","0.0","0.0","2.7","8.2","4.9","6.1","15.58","14.11","0.0","62.4","64.0","66.9","3.3","7.3","4.7","0.0","0.0","0.0","11.0","13.8","2.9"
"20231011","제주특별자치도","북제주군","20.5","24.2","17.8","16.2","19.5","22.5","16.9","0.0","0.0","1.1","9.1","7.8","7.3","18.37","14.84","0.0","63.5","63.8","70.4","4.1","5.5","0.0","0.0","0.0","0.0","10.9","23.8","5.8"
"20231011","제주특별자치도","서귀포시","21.2","24.5","19.6","16.8","20.7","24.6","17.5","0.0","0.0","2.0","9.8","8.9","7.3","0.0","0.0","0.0","60.0","62.5","65.3","3.0","2.9","4.0","0.0","0.0","0.0","9.5","12.1","2.7"
"20231010","제주특별자치도","제주시","20.5","23.4","18.8","16.2","19.7","22.8","16.8","0.0","1.9","3.4","7.6","2.9","6.0","18.12","9.82","0.0","59.8","63.8","67.1","6.1","7.1","4.7","0.0","0.0","0.0","10.6","15.0","3.0"
"20231010","제주특별자치도","북제주군","19.5","20.3","18.4","16.3","19.6","22.5","16.9","0.0","0.2","1.3","7.9","7.8","7.1","18.17","14.25","0.0","65.4","60.5","70.4","6.8","7.6","0.0","0.0","0.0","0.0","18.5","23.0","5.9"
"20231010","제주특별자치도","서귀포시","21.2","24.3","18.2","15.9","20.8","24.6","17.7","0.0","0.0","2.6","8.1","8.6","7.1","0.0","0.0","0.0","50.1","59.3","65.4","7.3","5.5","4.0","0.0","0.0","0.0","7.1","11.4","2.8"
"20231009","제주특별자치도","제주시","20.9","23.6","18.6","18.6","19.9","23.0","17.0","0.0","12.1","3.6","2.6","0.4","5.7","11.92","4.91","0.0","68.5","84.1","67.5","7.8","9.8","5.0","0.0","0.0","0.0","8.2","19.5","3.0"
"20231009","제주특별자치도","북제주군","20.0","22.4","17.0","17.8","19.8","22.8","17.1","0.0","5.9","1.3","5.2","0.1","6.8","14.71","5.03","0.0","73.6","80.3","70.6","8.3","9.9","0.0","0.0","0.0","0.0","14.0","23.7","5.7"
"20231009","제주특별자치도","서귀포시","21.7","25.3","19.6","18.6","20.9","24.6","18.0","0.0","7.1","2.6","5.5","0.0","6.6","0.0","0.0","0.0","66.9","78.8","66.0","7.1","9.9","4.5","0.0","0.0","0.0","6.6","12.2","2.8"
"20231008","제주특별자치도","제주시","20.1","22.9","17.9","18.0","19.9","23.0","17.1","10.8","5.4","2.7","1.2","0.3","5.8","6.5","5.15","0.0","73.5","80.3","67.7","8.9","9.8","5.1","0.0","0.0","0.0","13.4","13.1","2.9"
"20231008","제주특별자치도","북제주군","20.7","24.5","17.1","18.5","19.8","22.9","17.1","0.8","0.2","1.2","2.9","1.0","6.8","11.29","7.29","0.0","71.3","71.1","70.5","7.9","9.1","0.0","0.0","0.0","0.0","14.2","10.8","5.6"
"20231008","제주특별자치도","서귀포시","20.6","23.0","18.1","18.1","21.0","24.7","17.9","0.2","2.7","2.2","4.1","0.9","6.5","0.0","0.0","0.0","69.3","77.3","66.0","8.5","9.6","4.7","0.0","0.0","0.0","10.2","8.6","2.8"
"20231007","제주특별자치도","제주시","18.9","21.0","17.7","17.8","19.9","22.9","17.1","11.4","0.0","6.1","0.0","4.5","5.5","3.66","12.66","0.0","71.3","63.3","67.4","9.9","8.3","5.3","0.0","0.0","0.0","8.9","12.7","3.0"
"20231007","제주특별자치도","북제주군","18.2","19.4","16.0","17.1","19.7","22.7","17.1","1.4","0.1","2.1","0.0","4.8","6.6","4.6","13.82","0.0","72.6","60.4","69.9","10.0","8.3","0.0","0.0","0.0","0.0","11.8","17.9","5.9"
"20231007","제주특별자치도","서귀포시","19.8","22.5","17.7","17.9","20.9","24.6","17.9","0.0","0.7","5.3","0.0","4.9","6.3","0.0","0.0","0.0","64.1","68.4","65.9","10.0","8.4","4.9","0.0","0.0","0.0","9.6","6.1","2.8"
"20231006","제주특별자치도","제주시","19.1","21.8","16.9","18.7","20.0","23.0","17.4","0.0","0.9","6.0","2.2","1.0","5.1","11.81","8.76","0.0","51.4","70.6","67.8","9.0","9.4","5.6","0.0","0.0","0.0","6.9","7.9","3.0"
"20231006","제주특별자치도","북제주군","18.0","19.5","15.8","18.0","19.9","22.9","17.4","0.0","0.6","2.1","1.5","2.2","6.3","11.92","8.42","0.0","57.9","67.5","70.2","9.0","9.8","0.0","0.0","0.0","0.0","13.7","13.5","6.1"
"20231006","제주특별자치도","서귀포시","20.4","24.1","17.3","18.8","21.1","24.7","18.1","0.0","0.8","5.3","3.1","1.1","5.9","0.0","0.0","0.0","57.9","74.5","66.4","8.6","9.6","5.2","0.0","0.0","0.0","4.9","4.7","2.8"
"20231005","제주특별자치도","제주시","20.1","22.8","17.4","19.4","20.2","23.2","17.5","0.0","0.1","5.0","8.8","6.5","5.3","18.78","16.29","0.0","49.4","66.4","67.6","4.6","7.8","5.6","0.0","0.0","0.0","14.4","7.2","3.0"
"20231005","제주특별자치도","북제주군","18.6","21.9","16.4","17.9","20.1","23.1","17.6","0.0","0.6","1.9","8.0","9.6","6.5","18.92","18.65","0.0","57.1","70.3","70.6","5.0","7.6","0.0","0.0","0.0","0.0","19.5","15.4","6.1"
"20231005","제주특별자치도","서귀포시","21.3","24.1","18.0","21.3","21.2","25.0","18.2","0.0","0.1","4.8","7.4","8.6","6.2","0.0","0.0","0.0","46.4","72.8","66.3","4.5","8.0","5.2","0.0","0.0","0.0","8.7","5.1","2.7"
"20231004","제주특별자치도","제주시","22.2","25.5","19.2","21.3","20.4","23.5","17.6","0.0","1.7","6.3","9.7","0.5","5.7","19.06","3.02","0.0","65.6","81.8","67.8","4.8","7.1","5.4","0.0","0.0","0.0","7.0","15.9","3.0"
"20231004","제주특별자치도","북제주군","21.1","22.5","19.0","20.6","20.2","23.2","17.8","0.0","0.8","3.3","10.0","0.1","6.8","20.45","4.26","0.0","65.8","84.9","71.3","4.1","7.9","0.0","0.0","0.0","0.0","15.0","22.4","6.3"
"20231004","제주특별자치도","서귀포시","22.5","26.3","18.8","24.2","21.4","25.3","18.3","0.0","0.4","6.3","10.4","1.0","6.6","0.0","0.0","0.0","58.5","86.5","66.8","3.9","9.3","4.9","0.0","0.0","0.0","5.6","7.5","2.6"
"20231003","제주특별자치도","제주시","21.7","23.4","20.4","26.1","20.7","23.8","18.0","0.3","0.0","6.9","0.0","10.6","5.6","3.92","18.09","0.0","73.4","76.5","68.9","9.9","1.9","5.5","0.0","0.0","0.0","9.3","5.6","3.1"
"20231003","제주특별자치도","북제주군","21.1","22.9","19.4","25.3","20.5","23.5","18.1","0.0","0.0","4.1","0.0","10.9","6.7","4.53","18.12","0.0","70.4","88.4","72.8","9.5","2.3","0.0","0.0","0.0","0.0","10.4","11.6","6.4"
"20231003","제주특별자치도","서귀포시","22.5","24.0","21.3","25.6","21.7","25.5","18.7","0.0","0.0","7.7","0.1","6.9","6.6","0.0","0.0","0.0","66.3","89.5","68.3","9.6","7.9","4.9","0.0","0.0","0.0","7.8","4.8","2.6"
"20231002","제주특별자치도","제주시","21.8","24.9","19.0","24.9","20.9","24.0","18.3","0.0","0.0","5.4","9.0","10.8","5.4","20.19","19.0","0.0","43.3","64.0","70.7","6.8","1.1","5.7","0.0","0.0","0.0","9.4","4.8","3.0"
"20231002","제주특별자치도","북제주군","20.1","23.2","18.5","24.0","20.8","23.8","18.4","0.0","0.0","4.7","7.6","9.7","6.3","19.85","16.01","0.0","48.8","78.9","74.5","6.3","3.4","0.0","0.0","0.0","0.0","13.5","11.2","6.3"
"20231002","제주특별자치도","서귀포시","21.8","25.2","17.3","23.4","21.9","25.7","19.0","0.0","0.0","6.3","9.1","2.3","6.3","0.0","0.0","0.0","44.0","83.1","69.7","6.5","6.9","5.1","0.0","0.0","0.0","6.7","3.5","2.6"
"20231001","제주특별자치도","제주시","22.6","26.0","19.9","22.8","21.1","24.1","18.5","0.0","0.0","7.2","8.6","10.0","5.3","19.99","20.04","0.0","55.8","56.9","71.6","4.1","1.0","5.9","0.0","0.0","0.0","11.0","6.5","3.0"
"20231001","제주특별자치도","북제주군","21.2","22.3","19.9","22.5","21.0","24.0","18.6","0.0","0.0","6.1","8.8","11.3","6.0","19.81","18.81","0.0","61.4","68.8","75.4","3.0","2.3","0.0","0.0","0.0","0.0","14.5","8.1","6.0"
"20231001","제주특별자치도","서귀포시","21.9","26.1","18.9","22.0","22.1","25.7","19.2","0.0","0.0","8.6","9.4","11.3","6.0","0.0","0.0","0.0","63.8","62.9","71.1","2.8","0.3","5.5","0.0","0.0","0.0","7.0","3.8","2.7"
"20230930","제주특별자치도","제주시","20.9","23.5","18.2","21.7","21.4","24.3","18.8","4.7","0.0","7.9","2.0","10.9","4.9","6.45","20.57","0.0","70.5","66.6","72.6","8.1","0.8","6.1","0.0","0.0","0.0","9.7","5.9","3.0"
"20230930","제주특별자치도","북제주군","19.9","22.5","16.2","22.2","21.3","24.4","18.8","10.5","0.0","6.4","1.4","11.3","5.7","4.35","20.01","0.0","81.1","72.8","75.8","6.1","0.9","0.0","0.0","0.0","0.0","15.2","5.1","5.8"
"20230930","제주특별자치도","서귀포시","21.4","23.4","18.9","22.1","22.3","25.8","19.6","4.6","0.0","9.2","0.4","11.3","5.7","0.0","0.0","0.0","78.5","67.8","72.2","7.4","0.0","5.7","0.0","0.0","0.0","5.2","3.9","2.9"
"20230929","제주특별자치도","제주시","24.0","27.6","21.1","22.4","21.5","24.3","19.1","0.0","0.0","7.0","9.5","7.6","4.7","19.35","16.71","0.0","64.8","69.5","72.9","3.4","4.6","6.2","0.0","0.0","0.0","5.8","6.0","3.1"
"20230929","제주특별자치도","북제주군","22.6","24.9","21.1","22.0","21.5","24.7","18.9","0.0","0.3","5.6","11.0","7.6","5.7","20.79","15.08","0.0","74.6","72.8","75.5","3.4","4.8","0.0","0.0","0.0","0.0","9.5","8.2","5.5"
"20230929","제주특별자치도","서귀포시","24.3","27.2","22.3","22.7","22.4","25.9","19.7","0.0","0.0","8.0","10.9","6.5","5.7","0.0","0.0","0.0","74.1","69.5","72.0","1.4","4.9","5.7","0.0","0.0","0.0","5.6","5.4","3.0"
"20230928","제주특별자치도","제주시","25.3","28.5","23.3","23.2","21.6","24.4","19.2","0.2","0.0","6.0","7.0","0.5","4.9","15.61","8.29","0.0","70.8","79.1","72.2","5.3","9.3","6.0","0.0","0.0","0.0","6.5","8.7","3.0"
"20230928","제주특별자치도","북제주군","23.7","25.7","22.6","23.0","21.6","24.8","18.9","0.0","0.3","4.6","8.1","0.1","5.8","17.87","7.09","0.0","77.6","74.5","74.4","5.6","8.9","0.0","0.0","0.0","0.0","11.5","6.4","5.2"
"20230928","제주특별자치도","서귀포시","25.5","28.1","23.8","22.9","22.5","26.0","19.9","0.0","0.0","6.5","8.8","0.8","5.7","0.0","0.0","0.0","74.1","80.1","71.3","4.8","9.4","5.7","0.0","0.0","0.0","5.4","5.1","3.1"
"20230927","제주특별자치도","제주시","25.8","28.6","23.5","22.7","21.7","24.6","19.3","0.0","0.7","4.4","9.1","10.0","5.2","19.14","19.21","0.0","70.5","71.3","71.3","5.0","5.4","5.8","0.0","0.0","0.0","7.8","6.8","3.0"
"20230927","제주특별자치도","북제주군","24.0","27.0","22.3","21.8","21.7","25.0","18.9","0.0","1.0","3.4","9.2","10.1","6.2","19.32","17.45","0.0","81.1","69.0","73.3","6.1","5.1","0.0","0.0","0.0","0.0","9.7","8.7","5.0"
"20230927","제주특별자치도","서귀포시","25.5","29.3","22.8","23.0","22.7","26.2","20.0","0.0","0.0","5.4","10.6","9.6","6.1","0.0","0.0","0.0","76.6","64.5","70.2","4.9","5.6","5.5","0.0","0.0","0.0","4.6","5.0","3.0"
"20230926","제주특별자치도","제주시","26.0","29.3","23.0","22.7","21.9","24.7","19.4","0.0","0.0","2.8","8.9","3.3","5.5","17.23","14.15","0.0","72.1","69.0","70.7","2.8","8.5","5.5","0.0","0.0","0.0","8.2","6.7","3.0"
"20230926","제주특별자치도","북제주군","24.5","28.4","22.4","22.2","21.8","25.2","19.1","0.2","0.0","2.1","7.5","5.7","6.5","17.69","14.62","0.0","83.3","65.1","72.7","4.0","8.9","0.0","0.0","0.0","0.0","9.5","8.8","5.1"
"20230926","제주특별자치도","서귀포시","25.8","29.0","23.4","22.7","22.8","26.4","20.1","0.0","0.0","3.3","10.8","6.3","6.5","0.0","0.0","0.0","77.4","67.6","69.1","3.0","8.3","5.1","0.0","0.0","0.0","9.5","4.0","3.0"
"20230925","제주특별자치도","제주시","25.1","27.5","22.9","22.4","22.0","24.8","19.5","0.0","0.0","4.3","4.4","1.4","5.6","15.6","12.48","0.0","76.0","72.0","71.0","7.1","8.3","5.5","0.0","0.0","0.0","11.7","9.1","3.0"
"20230925","제주특별자치도","북제주군","24.2","28.0","20.8","22.4","21.9","25.1","19.3","0.0","0.0","2.5","4.2","3.6","6.6","14.87","11.15","0.0","78.8","65.0","73.0","7.1","9.3","0.0","0.0","0.0","0.0","7.1","8.0","5.2"
"20230925","제주특별자치도","서귀포시","25.2","28.1","23.2","22.1","22.8","26.3","20.1","0.0","0.0","4.4","7.1","4.6","6.3","0.0","0.0","0.0","75.8","66.1","69.4","7.6","8.4","5.1","0.0","0.0","0.0","6.8","6.5","2.9"
"20230924","제주특별자치도","제주시","24.2","26.2","23.0","21.4","22.0","24.9","19.6","0.0","0.0","5.0","3.2","6.4","5.5","12.82","18.93","0.0","69.9","56.6","71.0","7.8","6.6","5.7","0.0","0.0","0.0","15.3","8.6","3.0"
"20230924","제주특별자치도","북제주군","24.0","28.0","20.7","20.3","21.9","25.0","19.4","0.0","0.0","2.3","4.8","7.5","6.5","15.61","18.91","0.0","67.1","60.3","73.0","8.1","8.8","0.0","0.0","0.0","0.0","11.6","14.6","5.3"
"20230924","제주특별자치도","서귀포시","24.4","27.1","22.7","21.3","22.9","26.3","20.1","0.0","0.0","6.1","7.0","7.7","6.1","0.0","0.0","0.0","68.5","64.6","70.0","7.3","7.3","5.3","0.0","0.0","0.0","11.5","5.7","2.9"
"20230923","제주특별자치도","제주시","24.4","26.7","22.8","22.4","22.1","24.9","19.7","0.7","0.0","6.3","2.7","6.3","5.3","12.51","16.94","0.0","66.0","72.3","71.4","8.5","6.3","5.9","0.0","0.0","0.0","9.8","9.5","2.9"
"20230923","제주특별자치도","북제주군","23.4","26.0","21.9","21.4","22.0","24.9","19.6","0.0","0.0","2.8","4.6","7.2","6.3","14.73","16.69","0.0","72.5","71.3","73.5","8.0","6.8","0.0","0.0","0.0","0.0","12.2","14.1","5.4"
"20230923","제주특별자치도","서귀포시","24.0","27.3","22.3","22.7","23.0","26.4","20.3","0.0","0.0","6.8","5.7","6.1","5.9","0.0","0.0","0.0","67.5","68.1","70.3","8.4","7.0","5.6","0.0","0.0","0.0","8.6","5.5","2.8"
"20230922","제주특별자치도","제주시","23.9","25.5","22.6","22.2","22.4","25.2","19.8","0.2","0.0","6.6","0.7","3.2","5.3","7.57","13.12","0.0","73.8","77.0","71.4","9.4","6.4","5.9","0.0","0.0","0.0","7.0","9.8","3.0"
"20230922","제주특별자치도","북제주군","22.4","23.7","21.7","21.7","22.2","25.2","19.8","0.0","0.0","2.8","4.8","7.5","6.3","16.44","14.46","0.0","79.3","66.4","74.3","7.9","5.4","0.0","0.0","0.0","0.0","11.7","7.3","5.3"
"20230922","제주특별자치도","서귀포시","24.2","26.3","22.0","22.3","23.1","26.5","20.4","3.6","0.0","7.3","0.3","7.2","5.8","0.0","0.0","0.0","78.3","72.3","71.0","9.9","5.4","5.7","0.0","0.0","0.0","4.8","8.7","2.9"
"20230921","제주특별자치도","제주시","24.0","26.2","22.8","22.0","22.5","25.4","20.0","0.5","0.0","6.5","2.3","4.7","5.4","11.91","16.26","0.0","72.9","64.4","71.1","9.1","6.6","5.8","0.0","0.0","0.0","16.1","11.0","2.9"
"20230921","제주특별자치도","북제주군","23.3","25.0","22.2","21.3","22.4","25.4","19.9","0.0","0.0","2.5","7.4","7.1","6.6","19.89","15.64","0.0","77.0","58.1","74.2","7.6","6.5","0.0","0.0","0.0","0.0","20.9","8.6","5.3"
"20230921","제주특별자치도","서귀포시","25.2","29.1","23.3","21.1","23.3","26.6","20.6","0.0","0.0","7.0","8.3","6.7","5.9","0.0","0.0","0.0","68.5","66.0","71.3","7.3","7.3","5.7","0.0","0.0","0.0","8.9","9.7","2.9"
"20230920","제주특별자치도","제주시","27.5","31.7","24.0","22.9","22.8","25.6","20.2","0.0","0.0","4.9","0.4","4.1","5.6","9.89","14.91","0.0","68.0","65.3","71.1","9.4","7.1","5.7","0.0","0.0","0.0","15.6","12.7","2.9"
"20230920","제주특별자치도","북제주군","26.2","28.8","23.1","22.4","22.6","25.6","20.1","0.6","0.0","2.1","1.0","6.5","6.8","11.12","15.8","0.0","87.4","65.5","74.4","7.9","6.3","0.0","0.0","0.0","0.0","19.4","15.2","5.3"
"20230920","제주특별자치도","서귀포시","26.4","30.1","24.1","22.3","23.6","26.9","20.9","7.4","0.0","5.8","0.7","4.9","6.1","0.0","0.0","0.0","86.4","65.3","71.3","9.1","7.3","5.5","0.0","0.0","0.0","11.9","10.0","2.9"
"20230919","제주특별자치도","제주시","25.9","29.4","22.6","25.1","23.0","25.9","20.5","0.0","0.0","6.4","7.0","5.7","5.9","17.54","15.72","0.0","71.3","77.0","71.5","4.4","6.8","5.6","0.0","0.0","0.0","6.3","14.1","2.9"
"20230919","제주특별자치도","북제주군","25.5","28.9","23.0","23.1","22.8","25.8","20.3","0.0","0.0","2.5","9.9","9.6","7.0","20.82","19.89","0.0","79.3","79.1","75.7","4.6","6.0","0.0","0.0","0.0","0.0","5.4","25.8","5.4"
"20230919","제주특별자치도","서귀포시","25.7","29.1","22.8","28.7","23.8","27.2","21.1","0.0","0.0","5.1","10.2","11.3","6.4","0.0","0.0","0.0","71.3","53.8","71.6","3.6","2.6","5.3","0.0","0.0","0.0","4.5","16.7","2.9"
"20230918","제주특별자치도","제주시","25.7","29.2","22.6","27.1","23.1","26.0","20.6","0.0","0.0","10.7","7.8","5.1","5.8","19.37","17.18","0.0","75.0","84.1","72.4","2.4","8.4","5.5","0.0","0.0","0.0","6.0","11.6","3.0"
"20230918","제주특별자치도","북제주군","25.1","28.0","23.2","24.9","22.9","25.9","20.4","0.0","0.0","4.2","10.1","6.3","7.0","21.89","16.37","0.0","84.8","87.5","77.2","3.4","8.5","0.0","0.0","0.0","0.0","7.2","21.8","5.7"
"20230918","제주특별자치도","서귀포시","25.9","29.7","23.1","29.5","23.9","27.3","21.2","0.4","0.0","7.2","9.4","7.4","6.4","0.0","0.0","0.0","82.5","64.3","72.2","2.9","8.1","5.1","0.0","0.0","0.0","4.3","13.6","3.0"
"20230917","제주특별자치도","제주시","24.3","26.9","22.2","26.4","23.2","26.0","20.8","25.0","0.0","12.6","1.3","3.2","5.6","8.1","13.8","0.0","83.4","83.1","73.6","7.4","8.9","5.7","0.0","0.0","0.0","7.0","8.7","3.0"
"20230917","제주특별자치도","북제주군","25.3","28.6","23.4","26.5","22.9","25.8","20.5","4.9","0.0","6.4","3.8","8.1","6.7","14.77","18.03","0.0","87.6","76.1","77.8","7.5","6.3","0.0","0.0","0.0","0.0","8.5","11.5","5.8"
"20230917","제주특별자치도","서귀포시","25.5","27.8","23.6","26.8","24.0","27.4","21.3","17.7","0.0","8.1","4.2","5.2","6.1","0.0","0.0","0.0","88.9","74.9","73.0","9.1","7.5","5.1","0.0","0.0","0.0","7.3","9.6","3.0"
"20230916","제주특별자치도","제주시","25.6","27.3","23.6","28.7","23.2","26.0","20.9","43.0","0.3","13.5","1.5","7.0","5.2","6.51","15.71","0.0","82.5","76.3","75.1","9.0","5.0","5.9","0.0","0.0","0.0","11.3","10.1","3.0"
"20230916","제주특별자치도","북제주군","25.6","28.5","23.7","27.5","23.0","26.0","20.6","10.7","0.6","6.7","2.4","10.8","6.3","9.29","18.85","0.0","91.6","79.6","79.0","9.0","5.1","0.0","0.0","0.0","0.0","25.4","12.8","5.7"
"20230916","제주특별자치도","서귀포시","26.3","29.0","24.2","26.9","24.1","27.4","21.5","37.4","0.0","8.9","4.8","7.8","5.8","0.0","0.0","0.0","90.0","87.6","74.1","8.6","7.8","5.3","0.0","0.0","0.0","10.8","5.5","3.0"
"20230915","제주특별자치도","제주시","27.4","30.5","23.3","25.3","23.3","26.0","21.0","0.0","2.1","14.6","10.3","0.0","5.0","21.34","1.16","0.0","72.3","95.3","75.4","4.3","10.0","6.1","0.0","0.0","0.0","7.1","13.6","3.0"
"20230915","제주특별자치도","북제주군","26.9","29.1","24.7","27.0","23.1","26.1","20.7","0.2","0.4","7.2","9.4","1.4","6.1","21.63","5.46","0.0","85.6","87.9","79.4","3.4","8.4","0.0","0.0","0.0","0.0","8.0","15.7","5.6"
"20230915","제주특별자치도","서귀포시","27.5","30.2","24.6","25.7","24.1","27.4","21.5","0.6","0.0","10.3","11.3","1.1","5.6","0.0","0.0","0.0","81.8","94.8","74.5","5.5","9.8","5.6","0.0","0.0","0.0","4.7","10.2","3.1"
"20230914","제주특별자치도","제주시","24.3","26.0","23.3","24.8","23.4","26.0","21.2","0.4","0.5","13.8","0.2","0.0","4.5","5.56","1.03","0.0","79.0","92.9","75.9","9.8","10.0","6.4","0.0","0.0","0.0","8.7","13.8","2.9"
"20230914","제주특별자치도","북제주군","23.6","24.8","23.0","26.9","23.2","26.2","20.8","2.7","5.5","7.0","0.0","10.8","5.6","3.56","21.29","0.0","89.9","87.0","79.6","9.3","6.1","0.0","0.0","0.0","0.0","10.6","13.0","5.5"
"20230914","제주특별자치도","서귀포시","25.8","28.0","23.5","25.3","24.2","27.4","21.6","1.6","1.0","10.3","0.6","0.7","5.1","0.0","0.0","0.0","80.9","92.1","75.1","10.0","9.6","6.0","0.0","0.0","0.0","8.0","12.0","3.1"
"20230913","제주특별자치도","제주시","27.1","32.4","23.5","24.4","23.6","26.2","21.3","4.6","16.3","10.0","5.4","0.0","4.4","16.58","0.41","0.0","69.0","93.9","75.2","8.6","10.0","6.6","0.0","0.0","0.0","9.7","14.5","2.8"
"20230913","제주특별자치도","북제주군","26.1","29.8","23.1","24.3","23.4","26.5","21.0","15.5","35.9","5.2","3.5","0.0","5.4","16.28","2.67","0.0","82.6","97.8","79.1","8.4","9.8","0.0","0.0","0.0","0.0","11.3","11.6","5.1"
"20230913","제주특별자치도","서귀포시","26.9","29.1","25.2","24.5","24.3","27.6","21.8","0.0","27.7","8.8","4.2","0.0","5.0","0.0","0.0","0.0","77.6","93.6","74.9","8.8","9.5","6.3","0.0","0.0","0.0","3.8","10.7","3.0"
"20230912","제주특별자치도","제주시","25.8","29.5","22.8","24.5","23.7","26.4","21.3","1.6","2.4","8.0","4.7","0.0","4.7","16.43","2.24","0.0","69.6","91.3","74.7","7.4","10.0","6.4","0.0","0.0","0.0","9.0","8.5","2.7"
"20230912","제주특별자치도","북제주군","25.7","28.3","23.1","24.5","23.5","26.6","21.1","0.0","9.3","2.9","2.1","0.0","5.8","11.44","5.52","0.0","78.0","96.1","79.0","8.0","9.5","0.0","0.0","0.0","0.0","7.5","9.3","5.1"
"20230912","제주특별자치도","서귀포시","26.6","29.5","23.8","25.1","24.5","27.8","21.9","0.0","0.0","8.0","7.1","0.0","5.3","0.0","0.0","0.0","75.0","87.1","74.6","7.8","10.0","6.3","0.0","0.0","0.0","5.0","9.9","2.8"
"20230911","제주특별자치도","제주시","25.7","29.3","21.9","24.7","23.8","26.5","21.4","0.0","0.0","7.6","9.6","1.4","4.8","22.05","10.28","0.0","63.3","90.3","74.3","4.3","8.6","6.3","0.0","0.0","0.0","6.7","12.1","2.7"
"20230911","제주특별자치도","북제주군","25.7","28.9","22.8","25.6","23.5","26.6","21.2","0.0","0.0","3.6","10.6","4.7","5.9","23.26","12.57","0.0","70.9","87.3","79.4","4.9","7.5","0.0","0.0","0.0","0.0","7.2","7.1","5.0"
"20230911","제주특별자치도","서귀포시","26.0","29.3","23.1","24.9","24.7","28.0","22.0","0.0","0.3","7.8","9.8","4.7","5.5","0.0","0.0","0.0","70.4","87.8","74.4","5.4","9.0","6.3","0.0","0.0","0.0","4.6","7.0","2.7"
"20230910","제주특별자치도","제주시","24.9","28.2","21.5","23.9","24.0","26.7","21.5","0.0","0.5","6.5","5.8","1.2","5.1","16.64","9.31","0.0","63.1","86.1","74.3","6.3","9.4","6.1","0.0","0.0","0.0","9.1","12.2","2.6"
"20230910","제주특별자치도","북제주군","25.4","28.8","21.8","24.7","23.7","26.7","21.3","0.0","0.0","2.9","9.7","6.8","6.1","22.76","16.52","0.0","65.0","80.6","79.7","4.9","6.9","0.0","0.0","0.0","0.0","0.0","8.9","4.9"
"20230910","제주특별자치도","서귀포시","25.2","28.5","21.9","24.2","24.8","28.2","22.2","0.0","0.0","6.1","8.8","6.0","5.7","0.0","0.0","0.0","64.9","83.9","74.5","5.3","7.4","6.2","0.0","0.0","0.0","5.7","8.7","2.5"
"20230909","제주특별자치도","제주시","24.9","28.2","21.6","24.4","24.1","27.0","21.6","0.0","0.0","5.4","11.4","8.1","5.6","23.72","20.11","0.0","60.4","75.1","74.2","2.0","5.5","5.8","0.0","0.0","0.0","7.2","10.0","2.7"
"20230909","제주특별자치도","북제주군","24.6","26.8","22.1","23.6","23.8","26.8","21.4","0.0","0.0","2.8","6.2","9.3","6.6","16.46","16.62","0.0","69.3","77.0","80.0","3.0","5.8","0.0","0.0","0.0","0.0","9.1","9.3","5.1"
"20230909","제주특별자치도","서귀포시","25.2","28.2","22.5","23.9","25.0","28.4","22.3","0.0","0.0","5.1","7.6","8.4","6.2","0.0","0.0","0.0","63.9","70.5","74.5","3.5","5.9","5.8","0.0","0.0","0.0","5.8","9.3","2.5"
"20230908","제주특별자치도","제주시","25.1","28.0","22.8","24.3","24.2","26.9","21.8","0.0","0.0","6.3","11.2","11.3","5.5","23.35","22.81","0.0","60.0","70.1","75.1","1.8","5.4","5.9","0.0","0.0","0.0","8.9","6.9","2.7"
"20230908","제주특별자치도","북제주군","24.7","27.2","22.3","23.6","23.8","26.7","21.5","0.0","0.0","3.3","11.4","11.5","6.5","24.13","21.01","0.0","65.9","76.1","80.8","1.3","4.9","0.0","0.0","0.0","0.0","12.9","9.8","5.3"
"20230908","제주특별자치도","서귀포시","25.6","29.8","23.0","24.5","25.1","28.3","22.5","0.0","0.0","5.4","10.8","10.8","6.0","0.0","0.0","0.0","58.1","59.6","75.5","1.0","5.1","5.8","0.0","0.0","0.0","9.6","8.9","2.5"
"20230907","제주특별자치도","제주시","25.8","28.4","23.8","24.2","24.4","27.2","22.0","0.3","0.0","7.5","10.4","10.9","5.3","23.59","23.56","0.0","63.3","61.5","75.5","2.1","2.1","6.2","0.0","0.0","0.0","8.9","5.2","2.8"
"20230907","제주특별자치도","북제주군","26.2","30.1","23.3","23.3","24.0","26.8","21.6","0.0","0.0","4.6","11.7","11.3","6.2","24.56","21.64","0.0","65.4","78.4","81.3","1.3","3.3","0.0","0.0","0.0","0.0","9.7","7.5","5.2"
"20230907","제주특별자치도","서귀포시","26.3","29.5","24.4","24.6","25.2","28.4","22.6","0.0","0.0","6.3","11.2","11.3","5.7","0.0","0.0","0.0","65.1","63.3","76.3","1.5","1.5","6.0","0.0","0.0","0.0","9.3","6.3","2.6"
"20230906","제주특별자치도","제주시","26.9","29.9","24.2","23.4","24.6","27.3","22.2","0.0","2.9","7.7","11.7","3.4","5.5","23.67","12.22","0.0","65.5","81.1","75.5","2.8","6.3","6.1","0.0","0.0","0.0","8.3","27.8","2.8"
"20230906","제주특별자치도","북제주군","26.6","29.4","24.4","22.5","24.1","27.0","21.8","0.0","0.2","4.3","11.9","7.7","6.4","24.46","14.68","0.0","73.1","88.8","81.2","2.8","5.0","0.0","0.0","0.0","0.0","10.4","42.5","5.2"
"20230906","제주특별자치도","서귀포시","27.4","31.2","24.1","25.0","25.3","28.4","22.8","0.0","1.2","6.3","11.1","11.0","5.8","0.0","0.0","0.0","65.8","67.1","76.6","1.3","2.9","5.9","0.0","0.0","0.0","8.0","16.5","2.7"
"20230905","제주특별자치도","제주시","26.9","28.9","25.1","26.5","24.7","27.5","22.5","0.8","174.0","7.6","7.5","0.0","5.4","20.2","1.87","0.0","67.6","96.3","75.9","7.0","10.0","6.3","0.0","0.0","0.0","9.4","22.8","2.8"
"20230905","제주특별자치도","북제주군","26.6","29.5","24.8","26.1","24.3","27.1","22.0","0.0","83.0","4.3","7.6","0.3","6.2","20.33","5.38","0.0","70.4","98.4","81.6","6.0","10.0","0.0","0.0","0.0","0.0","10.5","41.0","5.3"
"20230905","제주특별자치도","서귀포시","27.4","30.4","25.6","26.2","25.4","28.5","23.0","0.0","108.1","6.1","9.6","0.0","5.6","0.0","0.0","0.0","65.9","95.5","77.1","6.4","10.0","5.9","0.0","0.0","0.0","10.7","20.3","2.7"
"20230904","제주특별자치도","제주시","26.7","28.7","24.8","26.4","24.9","27.8","22.7","0.0","10.4","8.1","9.8","2.2","5.4","21.68","6.73","0.0","78.9","91.8","76.1","4.5","9.8","6.3","0.0","0.0","0.0","10.6","10.8","2.8"
"20230904","제주특별자치도","북제주군","26.7","30.5","24.1","25.6","24.5","27.3","22.1","0.0","183.1","4.5","10.7","1.9","6.2","21.59","4.32","0.0","81.4","97.6","81.9","2.0","9.0","0.0","0.0","0.0","0.0","9.0","14.9","5.2"
"20230904","제주특별자치도","서귀포시","28.2","31.7","25.6","25.8","25.6","28.6","23.2","0.0","48.6","7.3","10.9","1.2","5.6","0.0","0.0","0.0","68.6","94.3","77.5","1.5","9.8","6.0","0.0","0.0","0.0","7.5","11.1","2.7"
"20230903","제주특별자치도","제주시","28.2","33.3","24.8","25.9","25.2","28.1","22.8","0.0","6.4","6.3","8.4","1.4","5.9","22.36","10.46","0.0","68.1","93.4","75.7","5.3","9.6","6.0","0.0","0.0","0.0","8.8","12.7","2.8"
"20230903","제주특별자치도","북제주군","26.8","29.9","23.2","26.5","24.7","27.6","22.2","19.9","0.5","3.9","8.9","4.2","6.5","22.24","11.65","0.0","84.8","90.8","81.7","4.8","7.1","0.0","0.0","0.0","0.0","14.7","11.7","5.0"
"20230903","제주특별자치도","서귀포시","27.4","30.4","24.8","25.1","25.7","28.8","23.3","21.8","18.2","7.0","8.3","1.0","5.9","0.0","0.0","0.0","81.8","96.9","77.4","5.6","9.9","5.9","0.0","0.0","0.0","4.5","8.8","2.7"
"20230902","제주특별자치도","제주시","27.4","31.0","24.6","23.2","25.3","28.1","22.9","0.1","49.3","6.7","7.3","0.0","6.1","19.31","1.44","0.0","72.6","95.4","75.5","6.6","10.0","5.9","0.0","0.0","0.0","7.5","12.2","3.0"
"20230902","제주특별자치도","북제주군","26.3","29.7","23.7","23.2","24.8","27.7","22.4","4.4","41.8","4.7","7.0","0.0","6.8","19.12","3.05","0.0","84.9","97.1","81.7","6.3","9.9","0.0","0.0","0.0","0.0","13.9","9.4","5.4"
"20230902","제주특별자치도","서귀포시","26.7","30.3","23.8","22.7","25.9","28.9","23.4","15.9","121.0","6.7","6.2","0.0","6.2","0.0","0.0","0.0","83.0","96.5","76.9","9.1","10.0","5.7","0.0","0.0","0.0","7.6","11.0","2.8"
"20230901","제주특별자치도","제주시","25.0","26.9","23.0","24.8","25.4","28.2","23.0","2.4","0.0","7.9","1.1","0.0","5.8","7.83","4.73","0.0","83.0","82.8","75.9","8.4","9.9","6.1","0.0","0.0","0.0","7.0","9.7","3.1"
"20230901","제주특별자치도","북제주군","25.3","27.1","23.1","24.4","24.8","27.7","22.5","6.5","0.0","6.1","2.5","0.6","6.6","12.87","7.74","0.0","88.0","85.4","82.0","7.3","9.6","0.0","0.0","0.0","0.0","12.0","13.0","5.6"
"20230901","제주특별자치도","서귀포시","26.2","29.4","24.4","25.3","26.0","29.0","23.4","15.4","0.0","7.8","1.0","1.2","6.1","0.0","0.0","0.0","83.4","76.1","77.3","9.9","9.5","5.9","0.0","0.0","0.0","8.9","10.6","2.9"
"20230831","제주특별자치도","제주시","24.6","27.8","21.6","25.9","25.5","28.3","23.1","1.5","1.2","8.6","7.6","3.0","5.8","20.45","14.68","0.0","71.4","80.8","75.8","6.5","8.8","6.1","0.0","0.0","0.0","7.4","7.8","3.1"
"20230831","제주특별자치도","북제주군","24.4","25.7","22.3","24.7","25.0","27.8","22.6","0.0","0.0","6.6","9.7","6.0","6.7","20.82","17.12","0.0","75.9","85.9","82.0","4.6","8.8","0.0","0.0","0.0","0.0","13.9","11.7","5.6"
"20230831","제주특별자치도","서귀포시","26.0","28.3","23.7","26.9","26.1","29.1","23.5","8.1","0.0","8.6","6.4","3.0","6.0","0.0","0.0","0.0","85.1","82.8","77.3","8.0","9.3","6.0","0.0","0.0","0.0","3.8","5.1","2.9"
"20230830","제주특별자치도","제주시","23.9","26.0","22.1","28.2","25.7","28.5","23.2","47.7","0.0","9.2","0.0","7.6","6.1","1.38","18.14","0.0","87.0","69.0","75.6","9.5","5.4","6.1","0.0","0.0","0.0","9.3","7.6","3.1"
"20230830","제주특별자치도","북제주군","24.3","27.0","22.5","28.2","25.1","28.0","22.7","80.9","0.0","7.5","0.2","7.5","7.1","6.65","16.86","0.0","88.3","85.9","81.9","7.6","5.8","0.0","0.0","0.0","0.0","15.6","7.0","5.5"
"20230830","제주특별자치도","서귀포시","25.5","27.7","24.4","27.9","26.1","29.3","23.6","75.6","0.4","9.6","0.8","8.1","6.3","0.0","0.0","0.0","92.3","79.9","77.4","9.5","6.5","6.0","0.0","0.0","0.0","8.9","6.5","2.9"
"20230829","제주특별자치도","제주시","28.0","32.7","25.9","25.9","25.8","28.7","23.3","6.3","0.0","11.1","3.5","7.1","6.1","13.64","19.01","0.0","82.3","76.4","75.6","9.1","6.1","6.0","0.0","0.0","0.0","9.8","11.4","3.0"
"20230829","제주특별자치도","북제주군","27.2","29.8","24.9","25.3","25.3","28.1","23.0","15.4","0.0","8.4","4.9","7.9","7.1","17.58","15.92","0.0","90.4","79.8","82.2","8.1","6.8","0.0","0.0","0.0","0.0","13.9","7.7","5.6"
"20230829","제주특별자치도","서귀포시","27.2","30.7","25.2","26.1","26.3","29.3","23.7","22.0","0.0","9.9","3.7","8.2","6.2","0.0","0.0","0.0","89.1","75.6","77.7","9.4","7.0","6.1","0.0","0.0","0.0","10.6","5.9","2.9"
"20230828","제주특별자치도","제주시","29.6","33.7","26.4","24.4","26.0","28.9","23.6","4.1","0.0","10.9","8.3","6.3","6.0","19.67","16.82","0.0","69.5","70.8","76.0","7.6","5.0","6.0","0.0","0.0","0.0","12.1","12.9","2.9"
"20230828","제주특별자치도","북제주군","27.1","30.2","25.0","24.3","25.5","28.3","23.1","7.1","0.0","7.7","7.5","9.1","6.9","18.79","15.22","0.0","86.0","73.3","82.5","7.1","3.6","0.0","0.0","0.0","0.0","19.7","13.4","5.5"
"20230828","제주특별자치도","서귀포시","28.1","31.0","24.7","25.0","26.4","29.4","23.9","32.2","0.0","10.3","5.8","10.4","6.0","0.0","0.0","0.0","82.8","67.3","78.6","8.0","4.6","6.3","0.0","0.0","0.0","13.3","8.2","2.7"
"20230827","제주특별자치도","제주시","28.5","32.6","24.4","26.1","26.2","29.1","23.8","0.0","0.0","9.3","10.8","6.3","6.0","23.38","19.31","0.0","71.8","66.4","76.1","3.5","5.8","6.1","0.0","0.0","0.0","11.6","7.9","2.8"
"20230827","제주특별자치도","북제주군","26.9","30.2","23.2","24.7","25.7","28.5","23.3","0.0","0.0","6.6","11.6","7.5","6.7","25.02","18.79","0.0","75.5","75.6","82.8","1.9","5.4","0.0","0.0","0.0","0.0","8.8","12.8","5.3"
"20230827","제주특별자치도","서귀포시","27.7","30.4","24.3","25.4","26.5","29.4","24.1","0.0","0.0","10.0","11.4","6.1","5.7","0.0","0.0","0.0","73.1","70.9","79.4","2.9","5.4","6.4","0.0","0.0","0.0","5.2","4.4","2.6"
"20230826","제주특별자치도","제주시","27.2","30.2","23.7","26.3","26.4","29.3","24.0","0.0","0.0","9.7","11.0","3.1","6.0","24.68","11.2","0.0","67.0","70.3","76.1","1.5","7.4","6.1","0.0","0.0","0.0","6.3","6.7","2.9"
"20230826","제주특별자치도","북제주군","25.9","28.9","23.4","25.1","25.8","28.7","23.4","0.0","0.0","7.1","10.6","4.0","6.6","24.42","11.24","0.0","76.3","76.4","83.2","2.1","6.1","0.0","0.0","0.0","0.0","7.0","10.3","5.2"
"20230826","제주특별자치도","서귀포시","26.2","29.4","23.3","24.9","26.6","29.5","24.2","0.0","0.0","12.6","10.8","2.0","5.7","0.0","0.0","0.0","69.8","76.0","80.1","1.3","6.5","6.4","0.0","0.0","0.0","4.8","4.7","2.7"
"20230825","제주특별자치도","제주시","28.0","31.8","24.6","26.8","26.5","29.3","24.1","0.0","0.0","11.5","10.7","10.1","5.6","25.62","23.44","0.0","65.0","67.9","76.1","1.9","4.5","6.2","0.0","0.0","0.0","5.7","7.6","2.8"
"20230825","제주특별자치도","북제주군","26.5","28.9","24.3","26.0","25.9","28.7","23.6","0.0","0.0","7.5","11.7","11.7","6.1","24.84","22.75","0.0","75.1","75.9","83.4","1.3","4.6","0.0","0.0","0.0","0.0","7.9","9.6","5.2"
"20230825","제주특별자치도","서귀포시","26.7","29.6","23.6","25.8","26.7","29.6","24.3","0.0","0.0","12.8","11.1","11.1","5.4","0.0","0.0","0.0","72.8","70.8","80.2","1.1","5.1","6.6","0.0","0.0","0.0","4.4","7.5","2.6"
"20230824","제주특별자치도","제주시","27.0","29.9","25.5","27.1","26.6","29.5","24.3","18.5","0.0","11.5","2.0","6.7","5.5","9.54","18.87","0.0","81.4","72.4","76.6","7.3","5.9","6.3","0.0","0.0","0.0","9.5","6.8","2.8"
"20230824","제주특별자치도","북제주군","26.1","29.3","24.6","25.6","26.0","28.9","23.6","12.0","0.0","8.8","3.4","7.4","6.1","12.54","18.31","0.0","87.9","81.5","83.6","6.9","7.1","0.0","0.0","0.0","0.0","13.2","10.7","5.2"
"20230824","제주특별자치도","서귀포시","26.1","28.8","24.3","27.4","26.8","29.8","24.4","13.0","7.2","15.6","2.4","4.6","5.5","0.0","0.0","0.0","82.9","79.8","80.5","7.0","7.0","6.5","0.0","0.0","0.0","9.7","5.7","2.5"
"20230823","제주특별자치도","제주시","26.8","28.8","25.2","29.8","26.7","29.7","24.3","58.2","0.0","10.9","0.0","6.7","5.7","1.5","19.39","0.0","85.5","73.1","76.5","9.9","8.0","6.2","0.0","0.0","0.0","8.1","5.4","2.8"
"20230823","제주특별자치도","북제주군","26.1","27.5","23.5","28.9","26.1","29.0","23.7","49.6","0.0","9.0","0.0","7.8","6.4","3.87","17.79","0.0","93.5","93.0","83.6","8.4","7.3","0.0","0.0","0.0","0.0","20.9","7.4","5.0"
"20230823","제주특별자치도","서귀포시","27.1","29.5","25.2","28.4","26.9","29.9","24.4","29.5","0.0","16.7","0.9","7.9","5.7","0.0","0.0","0.0","89.6","87.0","80.6","9.1","7.1","6.4","0.0","0.0","0.0","11.0","5.6","2.5"
"20230822","제주특별자치도","제주시","29.5","33.2","26.5","28.3","26.8","29.8","24.4","7.5","0.0","12.6","5.6","10.7","5.9","17.25","22.31","0.0","71.4","77.0","76.3","6.1","5.3","6.1","0.0","0.0","0.0","7.0","7.5","2.7"
"20230822","제주특별자치도","북제주군","27.0","29.5","24.5","27.7","26.2","29.1","23.7","21.4","0.0","9.7","5.9","11.9","6.7","19.2","23.38","0.0","91.6","87.8","83.6","6.9","5.4","0.0","0.0","0.0","0.0","16.4","6.9","4.9"
"20230822","제주특별자치도","서귀포시","27.7","30.1","25.0","27.4","27.0","30.0","24.5","23.7","0.0","17.8","3.5","10.6","6.0","0.0","0.0","0.0","85.6","79.3","80.4","7.6","6.1","6.2","0.0","0.0","0.0","6.9","4.5","2.5"
"20230821","제주특별자치도","제주시","30.2","33.4","27.0","27.9","26.8","29.8","24.5","0.0","0.0","12.5","10.9","8.7","5.9","23.02","21.88","0.0","68.8","80.5","76.5","4.8","5.3","6.0","0.0","0.0","0.0","6.1","9.7","2.6"
"20230821","제주특별자치도","북제주군","28.1","30.9","25.7","26.7","26.2","29.2","23.8","0.0","0.0","10.0","10.0","11.5","6.9","23.09","21.8","0.0","83.5","87.9","83.6","4.3","5.0","0.0","0.0","0.0","0.0","12.1","8.7","4.9"
"20230821","제주특별자치도","서귀포시","28.6","31.3","26.9","27.3","27.1","30.1","24.6","0.0","0.0","16.0","7.6","10.1","6.2","0.0","0.0","0.0","80.4","82.5","80.3","7.1","5.6","6.1","0.0","0.0","0.0","5.8","7.3","2.4"
"20230820","제주특별자치도","제주시","29.6","33.1","26.7","29.3","27.0","30.0","24.7","0.0","0.0","9.9","8.6","0.5","6.0","22.09","5.21","0.0","73.0","80.5","76.4","2.4","8.4","5.9","0.0","0.0","0.0","8.0","9.7","2.6"
"20230820","제주특별자치도","북제주군","27.7","30.2","25.0","27.9","26.3","29.4","23.9","0.0","0.9","9.5","11.8","0.2","7.2","26.19","5.95","0.0","83.1","96.6","83.4","3.5","7.3","0.0","0.0","0.0","0.0","9.1","11.4","4.8"
"20230820","제주특별자치도","서귀포시","28.4","30.9","26.4","27.8","27.2","30.2","24.7","0.0","0.0","14.0","11.5","0.5","6.2","0.0","0.0","0.0","77.6","92.3","80.3","2.6","8.1","5.9","0.0","0.0","0.0","4.1","7.6","2.4"
"20230819","제주특별자치도","제주시","29.0","32.1","27.0","30.9","27.1","30.1","24.8","0.1","0.0","7.8","7.9","11.6","6.2","23.21","24.37","0.0","76.3","71.0","76.2","3.8","5.9","5.8","0.0","0.0","0.0","5.9","14.1","2.6"
"20230819","제주특별자치도","북제주군","27.8","30.6","25.4","28.9","26.4","29.5","24.0","0.0","0.0","7.4","12.2","10.3","7.5","25.55","20.37","0.0","82.1","93.1","83.3","2.5","6.3","0.0","0.0","0.0","0.0","7.3","8.1","4.6"
"20230819","제주특별자치도","서귀포시","28.1","30.7","25.9","28.5","27.3","30.4","24.9","0.0","0.0","10.7","10.3","7.2","6.5","0.0","0.0","0.0","79.3","91.1","80.2","4.4","7.5","5.8","0.0","0.0","0.0","4.6","7.2","2.5"
"20230818","제주특별자치도","제주시","28.3","31.2","26.1","27.5","27.1","30.0","24.9","34.7","0.0","7.9","9.7","11.0","6.2","22.61","24.46","0.0","77.5","75.0","76.5","5.1","6.0","5.8","0.0","0.0","0.0","9.2","6.0","2.6"
"20230818","제주특별자치도","북제주군","26.7","29.5","23.9","26.7","26.5","29.5","24.1","10.3","0.0","6.3","7.0","8.2","7.5","14.71","19.4","0.0","82.4","82.6","83.6","4.5","6.9","0.0","0.0","0.0","0.0","9.9","9.5","4.5"
"20230818","제주특별자치도","서귀포시","27.5","30.7","25.0","26.4","27.3","30.3","25.0","1.2","0.0","8.8","5.5","8.9","6.5","0.0","0.0","0.0","77.1","82.6","80.5","6.6","6.6","5.9","0.0","0.0","0.0","12.4","4.3","2.5"
"20230817","제주특별자치도","제주시","28.3","31.5","26.1","26.8","27.2","30.1","24.9","0.9","94.3","6.0","6.8","0.1","6.2","16.2","2.09","0.0","70.8","94.1","76.4","4.1","9.4","5.8","0.0","0.0","0.0","8.3","12.0","2.7"
"20230817","제주특별자치도","북제주군","27.0","29.7","24.4","26.1","26.5","29.5","24.2","0.0","61.1","5.3","9.2","0.3","7.5","23.47","2.99","0.0","80.9","88.9","83.8","4.4","7.9","0.0","0.0","0.0","0.0","11.0","19.2","4.6"
"20230817","제주특별자치도","서귀포시","27.0","30.3","24.9","25.2","27.4","30.3","25.1","0.0","212.5","6.8","6.1","0.0","6.4","0.0","0.0","0.0","76.4","97.6","80.5","5.1","8.5","6.1","0.0","0.0","0.0","5.3","13.2","2.5"
"20230816","제주특별자치도","제주시","29.6","33.0","27.8","31.0","27.3","30.1","25.0","0.0","13.9","5.9","8.1","4.6","6.1","21.85","16.49","0.0","67.9","74.8","76.6","5.6","8.5","5.9","0.0","0.0","0.0","6.2","15.3","2.8"
"20230816","제주특별자치도","북제주군","27.5","29.7","26.3","28.6","26.6","29.5","24.3","0.0","4.6","4.9","9.5","0.5","7.3","24.05","5.81","0.0","78.0","91.1","84.0","4.4","9.0","0.0","0.0","0.0","0.0","9.3","15.3","4.6"
"20230816","제주특별자치도","서귀포시","27.8","30.9","26.1","28.0","27.4","30.2","25.1","0.0","10.9","7.6","6.8","2.3","6.1","0.0","0.0","0.0","80.1","94.9","80.9","5.3","9.6","6.3","0.0","0.0","0.0","4.9","9.4","2.6"
"20230815","제주특별자치도","제주시","29.4","32.0","27.0","32.2","27.3","30.2","25.1","0.0","0.0","5.1","10.9","11.7","6.2","24.32","23.58","0.0","69.9","63.8","76.9","4.8","5.9","5.9","0.0","0.0","0.0","7.4","17.5","2.8"
"20230815","제주특별자치도","북제주군","27.4","29.9","24.4","29.2","26.6","29.4","24.4","0.0","0.0","3.5","8.1","8.6","7.1","19.93","17.7","0.0","81.4","96.6","84.3","4.9","6.5","0.0","0.0","0.0","0.0","9.8","11.6","4.7"
"20230815","제주특별자치도","서귀포시","27.6","30.1","26.1","28.9","27.4","30.2","25.2","0.0","2.0","7.5","8.8","7.7","6.0","0.0","0.0","0.0","76.8","88.4","81.3","4.8","8.4","6.4","0.0","0.0","0.0","5.9","7.8","2.6"
"20230814","제주특별자치도","제주시","28.9","32.3","26.4","31.1","27.4","30.3","25.2","0.0","0.0","6.3","12.1","9.3","6.2","24.67","22.38","0.0","69.9","72.5","76.9","1.0","4.8","6.1","0.0","0.0","0.0","12.4","10.8","2.8"
"20230814","제주특별자치도","북제주군","26.9","31.3","24.6","29.2","26.6","29.3","24.4","2.6","0.0","3.9","6.0","10.0","6.7","13.88","19.2","0.0","79.8","96.1","84.8","3.0","5.6","0.0","0.0","0.0","0.0","8.7","10.5","5.0"
"20230814","제주특별자치도","서귀포시","28.0","30.5","25.2","29.1","27.4","30.2","25.2","0.0","0.0","7.8","11.0","9.5","5.6","0.0","0.0","0.0","71.5","87.6","81.8","1.6","6.8","6.7","0.0","0.0","0.0","6.0","7.9","2.6"
"20230813","제주특별자치도","제주시","29.2","32.6","26.3","31.1","27.5","30.4","25.2","0.0","0.0","7.8","8.7","10.1","5.9","21.9","22.39","0.0","65.3","75.1","77.1","2.8","5.3","6.3","0.0","0.0","0.0","9.9","7.3","2.8"
"20230813","제주특별자치도","북제주군","27.2","29.7","24.9","29.2","26.6","29.3","24.5","0.0","0.0","5.2","11.3","10.7","6.4","25.1","20.12","0.0","80.9","95.5","85.3","3.5","5.6","0.0","0.0","0.0","0.0","7.9","8.3","5.2"
"20230813","제주특별자치도","서귀포시","27.2","29.9","24.8","29.0","27.4","30.2","25.2","0.0","0.0","10.6","7.9","6.2","5.4","0.0","0.0","0.0","75.8","86.5","82.1","3.8","5.4","6.8","0.0","0.0","0.0","4.2","8.1","2.6"
"20230812","제주특별자치도","제주시","29.7","33.3","27.2","30.2","27.5","30.3","25.3","0.0","4.2","9.4","9.1","5.4","5.7","22.69","13.65","0.0","66.6","78.5","77.3","5.6","7.3","6.3","0.0","0.0","0.0","7.5","10.4","2.9"
"20230812","제주특별자치도","북제주군","27.7","30.0","25.7","28.6","26.6","29.4","24.5","0.1","0.0","6.0","10.6","5.3","6.2","24.84","13.28","0.0","78.8","96.9","85.3","4.6","7.5","0.0","0.0","0.0","0.0","7.0","11.0","5.4"
"20230812","제주특별자치도","서귀포시","27.5","30.2","25.7","28.6","27.5","30.2","25.3","0.8","0.0","11.2","7.0","6.0","5.3","0.0","0.0","0.0","77.3","89.0","82.6","6.9","7.1","6.9","0.0","0.0","0.0","6.8","8.4","2.7"
"20230811","제주특별자치도","제주시","29.6","34.1","26.6","31.6","27.6","30.5","25.3","0.4","0.0","9.4","10.8","3.8","5.8","24.36","16.69","0.0","64.6","67.3","77.0","4.8","8.8","6.3","0.0","0.0","0.0","12.0","12.8","2.9"
"20230811","제주특별자치도","북제주군","27.3","29.1","26.0","29.0","26.7","29.6","24.6","0.0","0.0","5.5","9.7","2.2","6.4","24.74","12.96","0.0","76.5","95.6","84.8","4.9","9.3","0.0","0.0","0.0","0.0","11.0","9.8","5.5"
"20230811","제주특별자치도","서귀포시","27.7","30.6","24.8","28.6","27.6","30.3","25.4","0.0","1.1","9.2","12.0","3.6","5.3","0.0","0.0","0.0","72.9","90.0","82.5","2.9","9.0","6.8","0.0","0.0","0.0","7.8","7.2","2.8"
"20230810","제주특별자치도","제주시","27.8","31.0","25.9","31.5","27.7","30.7","25.4","0.9","0.0","9.8","6.3","7.2","5.8","17.2","20.51","0.0","76.5","66.8","76.8","7.1","8.0","6.3","0.0","0.0","0.0","16.5","10.7","3.0"
"20230810","제주특별자치도","북제주군","26.8","29.0","25.0","29.3","26.8","29.7","24.6","1.7","0.0","6.3","9.4","9.0","6.6","24.81","21.02","0.0","83.3","92.9","84.8","5.1","7.4","0.0","0.0","0.0","0.0","25.9","10.7","5.6"
"20230810","제주특별자치도","서귀포시","28.0","32.8","25.3","29.0","27.6","30.3","25.5","0.4","0.1","10.0","10.4","7.0","5.3","0.0","0.0","0.0","71.9","86.5","82.7","4.6","8.5","6.8","0.0","0.0","0.0","12.1","7.4","2.8"
"20230809","제주특별자치도","제주시","27.3","29.0","26.3","31.1","27.8","30.7","25.4","1.3","0.0","12.2","0.0","7.4","5.9","2.32","22.17","0.0","83.0","65.1","76.6","9.6","7.4","6.1","0.0","0.0","0.0","18.8","13.6","3.1"
"20230809","제주특별자치도","북제주군","26.9","28.1","25.3","29.2","26.9","29.8","24.6","0.0","0.0","7.3","0.0","9.9","6.8","5.16","23.11","0.0","84.0","90.9","84.5","9.1","6.5","0.0","0.0","0.0","0.0","21.1","10.7","5.7"
"20230809","제주특별자치도","서귀포시","27.4","29.0","25.9","28.9","27.7","30.4","25.5","8.6","0.2","10.7","0.0","8.7","5.6","0.0","0.0","0.0","80.9","84.1","82.5","9.6","7.8","6.7","0.0","0.0","0.0","12.7","7.8","2.9"
"20230808","제주특별자치도","제주시","29.7","32.5","27.9","31.7","27.8","30.8","25.5","0.0","0.0","10.6","3.4","12.0","6.3","15.02","25.21","0.0","74.9","65.6","76.4","6.6","5.1","5.9","0.0","0.0","0.0","10.4","11.5","3.0"
"20230808","제주특별자치도","북제주군","28.7","31.6","26.9","29.4","27.0","30.0","24.7","0.0","0.0","6.3","10.3","12.0","7.2","24.97","22.45","0.0","79.5","90.9","84.1","4.6","4.3","0.0","0.0","0.0","0.0","13.9","10.7","5.6"
"20230808","제주특별자치도","서귀포시","30.0","32.8","28.0","29.1","27.7","30.5","25.6","0.0","0.0","8.5","11.1","10.4","5.8","0.0","0.0","0.0","70.6","82.9","82.1","4.0","5.3","6.5","0.0","0.0","0.0","12.2","6.6","2.8"
"20230807","제주특별자치도","제주시","30.5","33.1","28.6","31.4","27.9","30.9","25.5","0.0","0.0","8.8","7.9","11.0","6.7","23.01","23.75","0.0","72.4","74.5","76.3","4.0","3.9","5.7","0.0","0.0","0.0","8.6","14.0","3.0"
"20230807","제주특별자치도","북제주군","28.5","31.4","26.9","29.4","27.1","30.2","24.7","0.0","0.0","5.7","12.6","11.5","7.9","27.29","20.51","0.0","82.6","96.1","84.0","2.6","4.3","0.0","0.0","0.0","0.0","14.3","10.0","5.4"
"20230807","제주특별자치도","서귀포시","30.6","34.0","28.1","29.2","27.8","30.6","25.7","0.0","0.0","7.8","12.5","9.3","6.4","0.0","0.0","0.0","69.6","87.6","81.7","1.6","5.6","6.2","0.0","0.0","0.0","10.0","6.2","2.8"
"20230806","제주특별자치도","제주시","30.0","32.8","28.0","30.9","27.9","31.0","25.5","0.0","0.0","7.8","7.4","8.4","7.1","20.62","17.93","0.0","74.4","79.5","76.1","3.4","4.1","5.4","0.0","0.0","0.0","8.9","9.6","2.9"
"20230806","제주특별자치도","북제주군","28.7","31.8","26.4","29.2","27.1","30.2","24.7","0.0","0.0","5.6","12.7","12.4","8.0","27.19","23.79","0.0","80.1","96.4","84.4","2.4","3.3","0.0","0.0","0.0","0.0","15.3","8.9","5.2"
"20230806","제주특별자치도","서귀포시","30.4","34.1","27.2","29.2","27.8","30.6","25.7","0.0","0.0","9.1","12.4","12.0","6.7","0.0","0.0","0.0","69.9","86.1","81.8","1.1","4.3","6.0","0.0","0.0","0.0","10.6","6.6","2.7"
"20230805","제주특별자치도","제주시","30.2","33.3","27.6","31.3","28.0","31.0","25.5","0.4","0.0","8.2","11.2","12.1","7.2","26.2","25.67","0.0","72.0","71.9","75.9","2.3","2.0","5.3","0.0","0.0","0.0","8.7","12.4","2.9"
"20230805","제주특별자치도","북제주군","28.7","30.8","27.1","29.0","27.1","30.1","24.7","0.0","0.0","5.3","8.6","11.3","7.9","17.94","21.25","0.0","79.8","96.9","84.7","3.8","2.5","0.0","0.0","0.0","0.0","11.9","10.3","5.2"
"20230805","제주특별자치도","서귀포시","30.0","33.8","27.0","28.8","27.8","30.6","25.7","1.6","0.0","8.5","11.2","10.4","6.7","0.0","0.0","0.0","71.6","89.5","81.9","2.8","4.9","6.0","0.0","0.0","0.0","8.5","8.4","2.7"
"20230804","제주특별자치도","제주시","30.7","34.2","28.4","30.6","28.0","31.1","25.6","0.0","0.0","5.2","10.7","12.3","7.5","24.58","26.47","0.0","69.4","75.9","75.6","3.8","2.3","5.1","0.0","0.0","0.0","9.8","11.2","2.9"
"20230804","제주특별자치도","북제주군","28.8","31.9","25.9","29.0","27.1","30.1","24.8","2.5","0.0","4.0","11.7","12.3","8.1","26.25","24.28","0.0","80.0","96.0","85.0","3.9","3.1","0.0","0.0","0.0","0.0","13.8","7.1","5.1"
"20230804","제주특별자치도","서귀포시","28.6","30.8","27.0","28.8","27.8","30.6","25.8","2.2","0.7","7.6","7.5","12.2","6.7","0.0","0.0","0.0","83.4","88.4","82.1","7.1","3.3","5.9","0.0","0.0","0.0","6.6","7.3","2.6"
"20230803","제주특별자치도","제주시","31.0","34.8","27.9","29.8","28.1","31.2","25.6","0.0","0.0","4.2","12.2","9.1","7.7","27.3","24.56","0.0","67.8","83.8","75.1","4.0","5.6","4.9","0.0","0.0","0.0","11.5","7.9","2.9"
"20230803","제주특별자치도","북제주군","29.4","32.8","26.8","28.3","27.1","30.1","24.8","0.0","5.0","3.6","12.8","11.3","8.1","27.74","25.3","0.0","74.0","97.5","85.1","3.3","4.3","0.0","0.0","0.0","0.0","14.5","9.7","5.2"
"20230803","제주특별자치도","서귀포시","29.4","31.3","27.9","28.4","27.9","30.6","25.8","0.0","0.0","6.5","10.1","9.6","6.8","0.0","0.0","0.0","77.5","91.9","82.3","5.9","6.5","5.9","0.0","0.0","0.0","6.2","5.5","2.6"
"20230802","제주특별자치도","제주시","30.2","33.8","27.6","29.7","28.2","31.3","25.7","0.0","3.7","4.2","10.2","5.9","8.0","24.57","20.91","0.0","71.8","85.8","74.9","2.1","7.1","4.8","0.0","0.0","0.0","13.5","9.3","2.9"
"20230802","제주특별자치도","북제주군","29.8","33.5","26.1","27.5","27.1","30.0","24.9","0.0","51.7","2.8","12.7","5.9","7.9","27.66","12.93","0.0","68.3","98.0","85.0","3.3","7.0","0.0","0.0","0.0","0.0","12.0","14.2","5.3"
"20230802","제주특별자치도","서귀포시","30.2","32.3","27.9","28.1","27.9","30.6","25.8","0.0","17.2","6.1","12.5","5.0","6.8","0.0","0.0","0.0","68.1","95.0","82.3","2.0","8.5","6.0","0.0","0.0","0.0","6.6","10.3","2.6"
"20230801","제주특별자치도","제주시","29.0","31.1","27.2","29.3","28.2","31.4","25.7","0.0","7.0","4.3","10.5","2.6","8.0","24.97","14.51","0.0","79.3","83.0","75.0","4.5","9.5","4.8","0.0","0.0","0.0","12.0","13.8","2.8"
"20230801","제주특별자치도","북제주군","28.3","31.8","25.4","27.6","27.1","29.9","24.9","0.0","19.9","2.5","11.6","1.9","7.9","25.96","8.64","0.0","80.1","98.0","85.1","5.3","7.9","0.0","0.0","0.0","0.0","7.7","17.4","5.2"
"20230801","제주특별자치도","서귀포시","29.6","32.8","26.7","27.2","27.9","30.6","25.8","0.0","10.8","4.6","11.9","0.4","6.7","0.0","0.0","0.0","67.9","96.5","82.3","4.8","9.8","6.0","0.0","0.0","0.0","6.8","9.5","2.5"
"20230731","제주특별자치도","제주시","29.7","32.7","27.0","28.0","28.1","31.4","25.6","0.0","47.3","2.9","10.5","0.3","8.2","23.7","5.39","0.0","67.8","89.9","75.6","5.4","10.0","4.8","0.0","0.0","0.0","10.8","19.3","2.7"
"20230731","제주특별자치도","북제주군","27.5","31.6","24.2","27.2","27.0","29.9","24.8","0.6","25.4","2.0","8.3","4.1","8.1","20.99","13.75","0.0","79.3","97.9","85.6","6.4","8.4","0.0","0.0","0.0","0.0","11.6","18.3","5.1"
"20230731","제주특별자치도","서귀포시","28.7","31.6","25.7","26.9","27.9","30.7","25.8","3.4","70.3","4.4","8.9","0.0","7.0","0.0","0.0","0.0","72.5","97.6","82.4","6.1","10.0","5.8","0.0","0.0","0.0","6.0","15.1","2.4"
"20230730","제주특별자치도","제주시","30.0","34.1","26.5","27.2","28.0","31.3","25.4","0.0","48.3","2.5","9.0","0.0","8.1","22.26","2.42","0.0","64.1","94.5","76.1","2.6","9.8","4.9","0.0","0.0","0.0","9.2","11.3","2.6"
"20230730","제주특별자치도","북제주군","27.8","30.9","24.8","27.2","26.9","29.7","24.7","0.0","93.2","2.0","11.1","1.4","7.9","26.03","6.73","0.0","83.8","96.5","86.0","2.8","7.9","0.0","0.0","0.0","0.0","11.1","12.4","5.0"
"20230730","제주특별자치도","서귀포시","27.9","30.4","25.0","26.9","27.8","30.6","25.7","1.3","46.5","4.0","10.5","0.0","6.9","0.0","0.0","0.0","82.5","94.5","82.5","3.4","9.4","5.8","0.0","0.0","0.0","4.5","11.1","2.4"
"20230729","제주특별자치도","제주시","30.5","34.9","28.0","28.9","27.8","31.0","25.2","0.0","0.0","3.8","7.0","9.5","7.7","21.34","23.56","0.0","62.0","84.8","76.7","6.3","5.8","5.2","0.0","0.0","0.0","11.1","13.1","2.6"
"20230729","제주특별자치도","북제주군","27.5","30.6","25.5","29.5","26.7","29.6","24.5","0.0","0.0","2.5","5.6","12.7","7.6","20.71","24.99","0.0","85.0","83.1","86.5","7.0","5.0","0.0","0.0","0.0","0.0","13.3","8.0","4.9"
"20230729","제주특별자치도","서귀포시","28.1","30.8","26.8","29.2","27.6","30.4","25.5","0.0","0.0","4.4","5.7","11.9","6.7","0.0","0.0","0.0","83.6","80.9","82.8","6.9","3.3","5.9","0.0","0.0","0.0","4.7","10.1","2.4"
"20230728","제주특별자치도","제주시","28.9","32.1","26.9","30.3","27.5","30.7","25.0","3.3","0.0","4.9","2.0","9.7","7.5","12.4","24.18","0.0","74.6","72.6","77.4","9.1","3.5","5.3","0.0","0.0","0.0","10.1","10.7","2.6"
"20230728","제주특별자치도","북제주군","26.4","29.1","24.0","28.7","26.6","29.3","24.4","16.9","0.0","3.0","1.2","12.8","7.6","8.97","24.91","0.0","92.3","85.5","86.9","8.9","5.1","0.0","0.0","0.0","0.0","16.0","11.1","4.8"
"20230728","제주특별자치도","서귀포시","26.9","29.1","24.0","28.1","27.4","30.2","25.3","30.6","0.1","5.3","1.0","8.4","6.5","0.0","0.0","0.0","89.1","85.0","83.1","9.5","5.9","6.0","0.0","0.0","0.0","7.3","5.6","2.4"
"20230727","제주특별자치도","제주시","30.0","34.0","26.4","28.9","27.3","30.5","24.8","0.0","0.0","4.6","9.6","12.6","7.6","24.72","26.03","0.0","68.6","75.6","77.5","6.4","3.0","5.3","0.0","0.0","0.0","10.9","10.9","2.7"
"20230727","제주특별자치도","북제주군","27.8","30.4","23.4","27.6","26.4","29.2","24.3","0.0","0.0","3.0","7.9","12.8","7.6","22.41","24.77","0.0","86.6","85.1","87.1","6.5","3.6","0.0","0.0","0.0","0.0","12.4","10.0","4.9"
"20230727","제주특별자치도","서귀포시","28.0","30.4","26.1","26.8","27.3","30.2","25.2","0.0","0.0","5.2","8.0","5.4","6.6","0.0","0.0","0.0","87.4","85.0","83.1","7.0","5.3","5.9","0.0","0.0","0.0","4.5","5.3","2.4"
"20230726","제주특별자치도","제주시","29.3","33.0","26.4","27.6","27.2","30.3","24.8","3.0","0.0","6.1","10.0","12.5","7.4","24.77","27.43","0.0","73.3","75.5","77.2","7.4","0.5","5.4","0.0","0.0","0.0","5.4","10.5","2.8"
"20230726","제주특별자치도","북제주군","27.3","30.3","23.4","26.2","26.3","29.0","24.2","3.0","0.0","3.9","7.3","12.8","7.2","22.04","25.79","0.0","87.9","88.6","87.3","6.9","2.3","0.0","0.0","0.0","0.0","10.7","9.3","4.9"
"20230726","제주특별자치도","서귀포시","27.9","30.4","24.4","26.0","27.2","30.0","25.0","16.7","0.0","6.3","10.4","11.3","6.2","0.0","0.0","0.0","87.1","82.0","83.3","7.5","4.0","6.1","0.0","0.0","0.0","7.1","4.8","2.4"
"20230725","제주특별자치도","제주시","27.4","29.5","25.7","26.9","27.2","30.2","24.7","0.1","0.0","6.6","0.1","11.5","7.3","9.41","27.7","0.0","77.1","75.9","76.8","9.4","3.3","5.4","0.0","0.0","0.0","4.3","6.3","2.9"
"20230725","제주특별자치도","북제주군","26.0","27.9","24.0","25.4","26.2","28.9","24.1","1.0","0.0","3.5","0.9","12.6","6.9","9.7","26.45","0.0","91.1","89.8","87.2","9.3","2.4","0.0","0.0","0.0","0.0","10.6","7.8","5.0"
"20230725","제주특별자치도","서귀포시","26.4","28.5","23.9","25.9","27.0","29.8","24.9","12.2","0.0","6.2","0.5","9.5","6.1","0.0","0.0","0.0","88.6","83.0","83.4","9.5","5.1","6.2","0.0","0.0","0.0","3.3","4.2","2.5"
"20230724","제주특별자치도","제주시","27.6","30.4","26.1","27.4","27.2","30.3","24.7","3.1","10.7","6.5","0.0","6.0","7.4","7.03","19.62","0.0","79.4","82.4","76.7","9.5","7.4","5.3","0.0","0.0","0.0","10.9","11.1","2.9"
"20230724","제주특별자치도","북제주군","25.4","26.6","24.2","26.4","26.1","28.7","24.1","4.9","6.0","2.7","0.0","10.2","7.0","6.09","21.92","0.0","95.8","92.0","87.4","9.9","5.5","0.0","0.0","0.0","0.0","13.8","13.2","5.1"
"20230724","제주특별자치도","서귀포시","25.7","27.2","24.3","27.4","27.0","29.8","24.9","21.5","13.0","5.5","0.0","9.2","6.0","0.0","0.0","0.0","92.0","82.6","83.7","8.9","6.1","6.3","0.0","0.0","0.0","8.6","9.1","2.4"
"20230723","제주특별자치도","제주시","29.3","31.8","27.3","28.3","27.3","30.5","24.7","0.0","0.0","5.5","0.2","7.0","7.4","10.76","20.87","0.0","68.6","75.6","76.2","9.3","8.0","5.2","0.0","0.0","0.0","12.0","7.7","2.9"
"20230723","제주특별자치도","북제주군","26.6","28.4","25.7","27.0","26.0","28.7","24.0","0.3","3.5","2.4","0.8","6.5","6.9","12.33","18.83","0.0","95.9","93.5","87.8","7.9","6.5","0.0","0.0","0.0","0.0","12.3","11.5","5.1"
"20230723","제주특별자치도","서귀포시","26.8","27.9","26.3","26.6","26.9","29.6","24.9","0.0","0.0","4.4","0.0","6.9","5.8","0.0","0.0","0.0","95.0","86.1","84.3","10.0","6.3","6.4","0.0","0.0","0.0","6.3","4.4","2.4"
"20230722","제주특별자치도","제주시","26.7","29.6","23.9","27.2","27.2","30.4","24.8","52.0","0.0","6.0","0.3","9.9","7.2","5.75","25.63","0.0","79.1","75.4","76.3","10.0","4.4","5.4","0.0","0.0","0.0","7.0","7.9","2.9"
"20230722","제주특별자치도","북제주군","25.8","27.3","22.2","26.1","25.9","28.5","24.0","9.5","0.0","2.7","0.0","10.9","6.6","7.81","24.06","0.0","94.9","90.9","88.2","9.4","4.5","0.0","0.0","0.0","0.0","16.1","9.4","5.1"
"20230722","제주특별자치도","서귀포시","25.8","27.7","21.2","26.2","26.8","29.5","24.8","112.1","0.0","5.4","0.0","12.6","5.5","0.0","0.0","0.0","94.8","76.3","84.8","9.8","1.6","6.6","0.0","0.0","0.0","11.6","3.4","2.4"
"20230721","제주특별자치도","제주시","27.6","30.5","24.8","27.7","27.2","30.5","24.6","0.0","0.0","5.7","1.2","3.4","7.5","11.31","16.98","0.0","70.3","77.6","76.3","8.3","7.0","5.3","0.0","0.0","0.0","8.9","15.6","2.8"
"20230721","제주특별자치도","북제주군","25.6","28.4","23.4","26.4","25.9","28.5","23.9","4.4","0.4","2.2","2.4","8.6","6.7","14.61","18.95","0.0","86.9","92.4","88.3","8.1","7.1","0.0","0.0","0.0","0.0","12.0","16.9","5.1"
"20230721","제주특별자치도","서귀포시","26.1","28.6","24.6","27.4","26.8","29.5","24.7","0.6","0.0","4.9","1.0","10.8","5.5","0.0","0.0","0.0","86.4","78.4","84.9","9.6","4.8","6.6","0.0","0.0","0.0","5.4","10.4","2.4"
"20230720","제주특별자치도","제주시","26.0","27.6","25.0","27.4","27.0","30.3","24.4","0.0","0.0","5.4","0.0","7.1","7.2","8.76","21.56","0.0","83.6","75.6","76.6","9.6","7.1","5.4","0.0","0.0","0.0","6.1","6.5","2.8"
"20230720","제주특별자치도","북제주군","24.7","26.6","23.7","26.6","25.8","28.5","23.8","0.0","0.0","2.6","0.1","7.9","6.7","8.6","19.99","0.0","90.9","91.9","88.4","8.8","7.4","0.0","0.0","0.0","0.0","5.8","8.8","5.0"
"20230720","제주특별자치도","서귀포시","25.6","26.5","24.2","26.3","26.6","29.2","24.6","0.0","0.0","5.5","0.0","6.3","5.3","0.0","0.0","0.0","84.6","86.3","85.2","9.6","8.8","6.6","0.0","0.0","0.0","3.1","3.7","2.4"
"20230719","제주특별자치도","제주시","25.4","27.8","24.0","27.8","26.9","30.1","24.3","0.3","3.3","4.9","1.4","10.2","7.0","10.61","26.26","0.0","85.1","79.4","76.5","9.5","4.6","5.5","0.0","0.0","0.0","10.5","10.6","2.8"
"20230719","제주특별자치도","북제주군","24.0","25.5","23.1","26.1","25.6","28.3","23.6","0.0","0.4","2.8","1.5","11.7","6.6","14.53","25.49","0.0","93.3","92.5","88.3","6.5","4.3","0.0","0.0","0.0","0.0","12.7","13.7","4.9"
"20230719","제주특별자치도","서귀포시","25.9","28.6","23.5","26.5","26.4","29.0","24.5","0.0","2.6","5.6","5.3","11.0","5.2","0.0","0.0","0.0","86.0","85.6","85.3","7.8","4.5","6.7","0.0","0.0","0.0","6.6","6.7","2.3"
"20230718","제주특별자치도","제주시","27.5","30.9","25.7","29.1","26.6","29.8","24.2","38.2","4.1","5.0","1.6","1.2","6.8","10.32","10.38","0.0","83.5","81.9","76.6","8.0","9.6","5.7","0.0","0.0","0.0","11.1","13.5","2.8"
"20230718","제주특별자치도","북제주군","25.5","27.8","23.5","27.2","25.3","28.1","23.4","15.3","11.1","3.4","1.1","0.4","6.3","12.84","7.24","0.0","97.1","98.0","88.5","6.9","9.1","0.0","0.0","0.0","0.0","17.4","18.4","4.9"
"20230718","제주특별자치도","서귀포시","25.9","27.6","24.4","27.0","26.2","28.8","24.2","11.3","10.6","6.4","0.1","0.1","5.3","0.0","0.0","0.0","95.5","98.1","85.5","9.6","10.0","6.8","0.0","0.0","0.0","10.2","10.5","2.3"
"20230717","제주특별자치도","제주시","27.8","31.4","26.0","28.0","26.5","29.6","23.9","20.2","0.2","4.9","1.7","1.5","6.7","11.24","11.08","0.0","82.4","75.0","76.7","7.4","9.8","5.9","0.0","0.0","0.0","6.9","6.4","2.8"
"20230717","제주특별자치도","북제주군","26.4","29.3","24.5","27.0","25.1","27.9","23.2","15.2","0.1","3.4","0.3","2.2","6.1","14.73","12.81","0.0","93.4","94.3","88.8","8.1","9.6","0.0","0.0","0.0","0.0","12.4","11.3","5.0"
"20230717","제주특별자치도","서귀포시","26.6","29.5","24.7","26.7","26.0","28.5","24.0","5.0","6.2","6.8","1.7","1.5","5.0","0.0","0.0","0.0","92.3","81.8","86.3","9.5","9.4","7.0","0.0","0.0","0.0","5.9","5.0","2.2"
"20230716","제주특별자치도","제주시","28.2","32.1","26.4","27.2","26.2","29.3","23.8","11.8","0.0","4.2","5.2","7.1","6.2","16.32","21.72","0.0","81.6","83.0","77.0","6.9","7.3","6.2","0.0","0.0","0.0","12.2","8.3","2.8"
"20230716","제주특별자치도","북제주군","26.7","28.6","25.8","25.8","24.9","27.6","22.9","0.4","0.0","3.3","4.8","10.1","6.0","18.17","21.55","0.0","95.8","95.9","89.2","4.9","7.0","0.0","0.0","0.0","0.0","11.2","10.1","5.1"
"20230716","제주특별자치도","서귀포시","26.7","27.9","24.9","27.0","25.7","28.3","23.9","17.6","0.0","6.1","0.2","9.6","4.7","0.0","0.0","0.0","96.0","77.6","86.8","9.6","6.9","7.3","0.0","0.0","0.0","6.9","5.5","2.2"
"20230715","제주특별자치도","제주시","30.8","33.5","28.4","26.8","26.1","29.2","23.7","0.4","14.4","5.4","6.9","0.6","5.9","22.59","6.99","0.0","65.1","89.5","77.7","7.4","8.8","6.5","0.0","0.0","0.0","18.3","7.2","2.8"
"20230715","제주특별자치도","북제주군","26.6","28.2","25.7","25.2","24.6","27.2","22.8","0.0","48.4","4.4","3.1","1.1","5.7","19.62","3.79","0.0","94.6","97.6","90.0","6.8","8.0","0.0","0.0","0.0","0.0","15.6","10.5","5.2"
"20230715","제주특별자치도","서귀포시","26.4","27.8","25.0","25.7","25.6","28.2","23.7","0.0","31.4","8.7","0.0","0.3","4.5","0.0","0.0","0.0","95.3","93.4","87.5","10.0","8.1","7.6","0.0","0.0","0.0","7.2","4.1","2.3"
"20230714","제주특별자치도","제주시","30.4","32.9","29.1","28.8","26.0","29.1","23.5","0.0","6.2","5.4","3.3","2.4","5.7","18.06","13.65","0.0","61.3","82.5","78.4","8.8","6.9","6.7","0.0","0.0","0.0","19.5","11.5","2.8"
"20230714","제주특별자치도","북제주군","26.3","27.4","25.8","27.5","24.5","27.1","22.7","0.0","0.0","5.2","3.5","1.4","5.2","19.83","8.78","0.0","93.1","97.5","90.7","8.3","7.1","0.0","0.0","0.0","0.0","16.4","10.1","5.4"
"20230714","제주특별자치도","서귀포시","26.2","26.8","25.6","27.6","25.4","28.0","23.6","0.0","0.0","9.9","0.0","0.3","4.1","0.0","0.0","0.0","94.1","92.9","88.3","10.0","8.6","7.9","0.0","0.0","0.0","6.5","8.3","2.3"
"20230713","제주특별자치도","제주시","29.7","32.5","26.3","29.4","25.8","28.9","23.4","0.0","0.0","6.6","0.1","4.7","5.1","12.01","16.39","0.0","66.9","79.5","79.1","9.4","7.4","7.0","0.0","0.0","0.0","14.8","8.0","2.9"
"20230713","제주특별자치도","북제주군","25.9","27.0","25.0","27.6","24.4","26.8","22.6","0.0","0.0","5.8","0.0","3.2","4.8","7.21","13.44","0.0","95.0","97.8","91.1","9.8","7.6","0.0","0.0","0.0","0.0","16.1","9.5","5.5"
"20230713","제주특별자치도","서귀포시","26.5","27.3","26.0","27.7","25.3","27.7","23.5","0.0","0.1","11.3","0.0","1.4","3.4","0.0","0.0","0.0","92.8","91.9","88.9","9.3","9.0","8.1","0.0","0.0","0.0","6.9","5.5","2.3"
"20230712","제주특별자치도","제주시","30.2","35.1","27.0","29.3","25.6","28.6","23.2","0.0","0.0","8.9","12.0","8.0","4.7","27.61","22.68","0.0","67.4","80.8","79.8","6.6","7.3","7.2","0.0","0.0","0.0","16.7","8.8","3.0"
"20230712","제주특별자치도","북제주군","25.8","26.6","25.2","27.6","24.2","26.6","22.3","0.0","0.0","6.7","0.0","8.9","4.4","6.95","19.77","0.0","95.3","95.8","91.1","7.4","6.8","0.0","0.0","0.0","0.0","13.5","9.9","5.6"
"20230712","제주특별자치도","서귀포시","26.2","28.1","25.7","27.0","25.1","27.5","23.3","0.8","0.0","13.0","0.3","4.0","3.4","0.0","0.0","0.0","94.1","91.8","88.8","9.4","8.9","8.1","0.0","0.0","0.0","5.1","4.5","2.4"
"20230711","제주특별자치도","제주시","30.2","33.6","25.5","27.9","25.4","28.4","23.0","0.0","13.8","9.4","8.3","2.1","4.6","25.59","11.45","0.0","65.6","86.4","80.2","7.4","8.9","7.2","0.0","0.0","0.0","16.1","9.5","3.1"
"20230711","제주특별자치도","북제주군","25.5","26.9","24.3","25.9","24.1","26.5","22.1","0.1","69.9","7.6","0.1","3.3","4.3","10.29","9.85","0.0","96.4","97.9","90.7","8.1","8.5","0.0","0.0","0.0","0.0","12.6","15.9","5.6"
"20230711","제주특별자치도","서귀포시","26.2","27.8","25.1","25.9","25.0","27.3","23.2","1.3","85.2","14.4","0.7","1.5","3.4","0.0","0.0","0.0","94.1","94.1","88.7","9.4","9.4","8.1","0.0","0.0","0.0","5.6","6.3","2.5"
"20230710","제주특별자치도","제주시","29.1","37.3","25.7","28.6","25.2","28.2","22.8","0.0","0.0","8.7","7.9","8.5","4.8","23.95","18.59","0.0","73.5","79.6","80.3","6.8","5.3","7.2","0.0","0.0","0.0","13.5","5.5","3.0"
"20230710","제주특별자치도","북제주군","25.3","27.1","24.1","27.2","23.9","26.4","21.9","0.0","0.0","7.9","1.5","11.9","4.1","12.67","25.03","0.0","95.9","89.5","90.4","6.3","4.9","0.0","0.0","0.0","0.0","14.8","9.4","5.4"
"20230710","제주특별자치도","서귀포시","26.0","27.8","25.1","27.7","24.8","27.1","22.9","0.7","0.0","12.0","0.1","12.2","3.3","0.0","0.0","0.0","93.4","79.3","88.5","9.9","4.4","8.0","0.0","0.0","0.0","5.6","4.1","2.5"
"20230709","제주특별자치도","제주시","29.5","33.0","25.4","28.7","24.9","27.9","22.4","15.2","0.0","9.0","0.4","12.9","4.7","11.31","28.23","0.0","72.0","74.9","80.5","8.4","1.4","7.2","0.0","0.0","0.0","12.9","6.5","3.1"
"20230709","제주특별자치도","북제주군","25.0","26.7","23.8","26.6","23.7","26.2","21.6","0.6","0.0","8.2","0.3","13.1","4.1","9.97","27.17","0.0","96.8","88.8","90.2","8.4","0.9","0.0","0.0","0.0","0.0","9.9","9.4","5.2"
"20230709","제주특별자치도","서귀포시","26.1","28.1","24.9","27.4","24.5","26.8","22.7","0.6","0.0","13.6","0.1","12.6","3.4","0.0","0.0","0.0","91.0","78.4","88.3","9.6","0.4","8.0","0.0","0.0","0.0","5.2","5.9","2.5"
"20230708","제주특별자치도","제주시","-99.0","29.5","24.9","29.5","24.6","27.6","22.1","43.5","0.0","10.0","0.1","6.3","4.9","4.48","18.69","0.0","0.0","81.5","80.9","0.0","5.1","7.2","0.0","0.0","0.0","11.9","11.8","3.0"
"20230708","제주특별자치도","북제주군","24.3","24.9","23.7","27.6","23.4","25.9","21.3","56.2","0.0","9.5","0.0","4.6","4.1","3.21","16.19","0.0","100.0","97.5","90.1","9.5","5.6","0.0","0.0","0.0","0.0","16.6","9.0","5.1"
"20230708","제주특별자치도","서귀포시","24.8","26.1","23.9","27.6","24.3","26.7","22.4","85.2","0.5","15.3","0.1","8.7","3.5","0.0","0.0","0.0","98.4","92.9","88.0","10.0","6.0","8.0","0.0","0.0","0.0","6.4","8.7","2.5"
"20230707","제주특별자치도","제주시","27.1","31.5","24.0","31.8","24.5","27.5","22.0","0.7","0.0","9.2","0.0","13.3","5.1","9.38","27.81","0.0","78.0","68.9","80.6","9.4","4.3","7.1","0.0","0.0","0.0","10.0","16.3","3.0"
"20230707","제주특별자치도","북제주군","24.9","25.6","23.4","27.8","23.2","25.8","21.2","1.4","0.0","9.0","0.0","3.5","4.2","5.35","11.64","0.0","98.8","98.0","90.2","10.0","6.3","0.0","0.0","0.0","0.0","11.1","11.7","4.9"
"20230707","제주특별자치도","서귀포시","25.4","26.2","24.6","27.6","24.1","26.6","22.2","2.8","0.4","13.4","0.0","1.1","3.6","0.0","0.0","0.0","97.0","95.8","87.3","10.0","9.0","7.9","0.0","0.0","0.0","5.5","8.0","2.5"
"20230706","제주특별자치도","제주시","24.9","27.5","21.8","30.3","24.4","27.4","21.9","0.0","0.0","9.6","11.4","11.4","4.9","27.59","25.45","0.0","75.3","75.4","80.7","5.5","6.5","7.3","0.0","0.0","0.0","6.7","7.2","3.0"
"20230706","제주특별자치도","북제주군","24.3","26.7","21.6","28.1","23.1","25.5","21.1","0.0","0.0","9.4","8.4","11.6","3.9","25.45","23.81","0.0","89.3","95.3","90.8","6.8","6.0","0.0","0.0","0.0","0.0","9.5","11.8","4.9"
"20230706","제주특별자치도","서귀포시","24.8","27.6","21.1","27.7","24.0","26.5","22.0","0.0","0.0","13.1","10.0","4.8","3.4","0.0","0.0","0.0","91.3","94.5","87.4","5.3","9.0","8.1","0.0","0.0","0.0","4.2","4.0","2.4"
"20230705","제주특별자치도","제주시","26.6","30.4","23.6","28.2","24.4","27.5","22.0","34.5","0.7","8.8","7.4","8.0","4.6","21.15","22.16","0.0","75.1","81.6","80.7","4.8","5.9","7.4","0.0","0.0","0.0","13.9","5.4","3.0"
"20230705","제주특별자치도","북제주군","24.5","27.2","22.8","27.1","23.0","25.4","21.2","26.4","0.0","8.0","8.3","11.4","3.7","24.98","25.22","0.0","92.4","95.3","91.2","4.6","4.5","0.0","0.0","0.0","0.0","14.8","7.8","5.0"
"20230705","제주특별자치도","서귀포시","26.3","31.0","23.1","27.2","24.0","26.6","22.0","32.4","0.0","12.2","8.3","9.4","3.3","0.0","0.0","0.0","89.1","89.9","87.4","5.1","7.0","8.1","0.0","0.0","0.0","8.6","5.6","2.4"
"20230704","제주특별자치도","제주시","27.1","31.9","23.9","28.0","24.5","27.7","22.1","0.0","0.0","9.0","0.4","10.3","4.5","14.48","23.42","0.0","81.9","81.3","80.4","9.8","6.1","7.5","0.0","0.0","0.0","4.9","10.6","2.9"
"20230704","제주특별자치도","북제주군","25.2","27.8","23.1","26.8","23.0","25.3","21.2","0.0","0.0","8.6","1.5","8.9","3.4","14.93","17.91","0.0","96.4","94.5","91.5","9.6","5.3","0.0","0.0","0.0","0.0","11.2","8.5","5.1"
"20230704","제주특별자치도","서귀포시","24.8","26.0","23.6","26.5","24.0","26.6","22.0","0.5","3.7","12.7","0.0","6.5","3.0","0.0","0.0","0.0","99.0","90.3","87.6","10.0","7.6","8.3","0.0","0.0","0.0","3.3","8.1","2.3"
"20230703","제주특별자치도","제주시","25.1","26.7","24.0","28.6","24.6","27.8","22.2","40.5","0.0","9.7","0.0","6.9","4.4","4.01","21.53","0.0","89.9","76.0","80.0","9.6","7.3","7.6","0.0","0.0","0.0","8.3","10.9","2.9"
"20230703","제주특별자치도","북제주군","23.9","24.4","23.5","27.6","22.9","25.2","21.3","10.9","0.0","9.3","0.0","11.7","3.3","4.56","25.0","0.0","99.5","86.8","91.9","9.5","5.6","0.0","0.0","0.0","0.0","8.9","10.4","5.1"
"20230703","제주특별자치도","서귀포시","24.7","25.9","23.6","27.3","23.9","26.5","22.0","11.7","1.4","12.0","0.0","3.4","2.9","0.0","0.0","0.0","99.0","83.9","87.9","9.9","8.6","8.4","0.0","0.0","0.0","6.8","6.4","2.3"
"20230702","제주특별자치도","제주시","26.0","28.7","24.2","27.6","24.6","27.8","22.1","5.6","0.0","10.4","4.6","12.2","4.1","20.62","25.55","0.0","83.3","77.1","80.6","8.4","3.4","7.7","0.0","0.0","0.0","8.2","11.7","2.8"
"20230702","제주특별자치도","북제주군","25.1","28.2","22.7","26.4","22.9","25.2","21.2","0.4","0.0","11.0","2.7","12.0","3.0","16.17","23.99","0.0","93.5","87.6","92.2","8.1","4.1","0.0","0.0","0.0","0.0","9.0","7.4","5.1"
"20230702","제주특별자치도","서귀포시","25.0","27.1","23.7","27.0","23.8","26.2","22.0","4.4","0.0","14.8","3.2","12.5","2.7","0.0","0.0","0.0","98.8","78.3","88.8","9.5","3.8","8.6","0.0","0.0","0.0","4.5","4.2","2.2"
"20230701","제주특별자치도","제주시","25.4","28.4","23.5","28.3","24.4","27.6","21.9","0.8","0.0","10.6","2.0","13.5","4.0","13.96","29.15","0.0","82.5","81.6","80.7","8.5","1.4","7.7","0.0","0.0","0.0","8.1","7.6","2.8"
"20230701","제주특별자치도","북제주군","23.8","26.3","22.1","26.7","22.7","25.0","21.0","3.3","0.0","11.3","3.8","12.5","3.0","19.04","23.92","0.0","94.0","93.1","92.2","7.6","1.0","0.0","0.0","0.0","0.0","6.6","11.7","5.1"
"20230701","제주특별자치도","서귀포시","23.9","27.5","22.1","26.3","23.6","25.9","21.8","6.1","0.0","15.5","2.5","9.5","2.6","0.0","0.0","0.0","99.0","90.8","88.9","9.3","4.5","8.5","0.0","0.0","0.0","5.1","3.4","2.2"
"20230630","제주특별자치도","제주시","25.8","28.0","24.2","28.7","24.2","27.3","21.6","68.8","0.0","12.0","0.0","13.1","4.1","1.5","28.86","0.0","86.5","76.9","80.8","10.0","4.3","7.6","0.0","0.0","0.0","14.3","9.0","2.8"
"20230630","제주특별자치도","북제주군","23.2","23.8","22.4","26.3","22.5","24.8","20.8","65.7","0.0","12.3","0.0","11.4","3.2","3.28","22.26","0.0","99.8","97.9","92.0","9.9","6.1","0.0","0.0","0.0","0.0","15.2","12.3","5.1"
"20230630","제주특별자치도","서귀포시","24.2","25.1","23.2","26.5","23.4","25.6","21.6","67.2","0.0","17.6","0.0","5.3","2.6","0.0","0.0","0.0","99.0","95.0","88.5","10.0","9.1","8.5","0.0","0.0","0.0","7.9","5.5","2.3"
"20230629","제주특별자치도","제주시","28.1","31.4","25.2","30.2","23.9","26.9","21.3","0.9","0.0","11.4","3.5","9.4","4.1","18.06","25.4","0.0","74.6","70.9","81.2","8.5","6.9","7.7","0.0","0.0","0.0","18.7","16.4","2.9"
"20230629","제주특별자치도","북제주군","23.7","24.5","23.1","25.7","22.3","24.6","20.5","0.1","0.2","11.1","0.0","4.3","3.3","9.18","15.31","0.0","98.9","98.0","91.6","8.5","6.3","0.0","0.0","0.0","0.0","19.3","11.7","5.0"
"20230629","제주특별자치도","서귀포시","24.5","25.1","24.2","25.4","23.2","25.5","21.4","0.5","0.1","15.2","0.0","0.0","2.8","0.0","0.0","0.0","99.0","98.4","88.1","10.0","9.4","8.4","0.0","0.0","0.0","9.1","5.2","2.4"
"20230628","제주특별자치도","제주시","28.6","31.2","27.0","30.5","23.6","26.6","21.1","0.0","0.0","9.8","7.7","4.5","4.0","25.08","18.45","0.0","72.6","64.6","81.3","5.6","7.8","7.7","0.0","0.0","0.0","15.2","16.2","2.9"
"20230628","제주특별자치도","북제주군","23.5","24.0","22.9","25.3","22.1","24.5","20.3","0.1","0.6","9.5","0.0","0.3","3.2","10.92","10.04","0.0","99.6","98.0","91.0","6.8","8.6","0.0","0.0","0.0","0.0","11.8","13.4","4.9"
"20230628","제주특별자치도","서귀포시","24.4","25.3","23.5","25.0","23.0","25.3","21.2","0.8","0.1","13.9","0.0","0.0","2.9","0.0","0.0","0.0","99.0","98.9","87.4","10.0","10.0","8.4","0.0","0.0","0.0","7.3","6.4","2.4"
"20230627","제주특별자치도","제주시","27.3","29.3","25.8","30.5","23.3","26.3","20.8","13.1","0.0","8.7","1.0","2.0","4.0","8.93","16.37","0.0","79.0","66.1","81.1","8.6","8.6","7.7","0.0","0.0","0.0","14.8","16.2","2.9"
"20230627","제주특별자치도","북제주군","23.0","23.2","22.8","24.8","21.9","24.4","20.1","6.2","0.7","8.1","0.0","0.4","3.3","4.61","9.45","0.0","100.0","98.0","90.3","9.4","7.8","0.0","0.0","0.0","0.0","12.2","14.8","4.8"
"20230627","제주특별자치도","서귀포시","23.7","24.0","23.3","25.0","22.9","25.2","21.0","6.2","0.2","12.2","0.0","0.0","2.8","0.0","0.0","0.0","99.0","98.8","86.6","10.0","9.9","8.4","0.0","0.0","0.0","8.9","5.6","2.5"
"20230626","제주특별자치도","제주시","28.5","31.0","21.9","30.0","23.1","26.0","20.6","0.0","0.0","8.8","1.6","10.9","4.1","15.89","24.37","0.0","68.6","68.0","81.1","8.4","5.9","7.7","0.0","0.0","0.0","15.7","17.6","2.9"
"20230626","제주특별자치도","북제주군","23.0","23.5","22.7","24.6","21.8","24.4","19.9","0.2","0.8","8.1","0.0","2.4","3.4","7.47","11.18","0.0","99.8","98.0","89.8","9.0","5.3","0.0","0.0","0.0","0.0","13.0","12.0","4.7"
"20230626","제주특별자치도","서귀포시","23.9","24.3","23.5","24.9","22.7","25.2","20.7","0.6","1.0","13.0","0.0","0.3","3.0","0.0","0.0","0.0","99.0","99.0","86.0","10.0","10.0","8.3","0.0","0.0","0.0","7.0","5.4","2.5"
"20230625","제주특별자치도","제주시","23.0","25.4","21.4","27.4","22.9","25.8","20.5","80.9","0.0","8.1","0.0","10.5","4.1","2.42","23.71","0.0","87.1","77.6","80.8","10.0","5.6","7.8","0.0","0.0","0.0","10.9","10.6","2.9"
"20230625","제주특별자치도","북제주군","21.8","23.4","20.0","24.1","21.7","24.3","19.8","61.8","3.9","7.6","0.0","8.7","3.5","3.18","20.41","0.0","97.8","98.0","89.3","10.0","6.6","0.0","0.0","0.0","0.0","19.6","11.8","4.6"
"20230625","제주특별자치도","서귀포시","22.4","24.1","20.3","24.4","22.6","25.1","20.5","146.1","16.5","11.8","0.0","4.8","3.1","0.0","0.0","0.0","99.0","95.0","85.5","10.0","9.5","8.2","0.0","0.0","0.0","6.8","8.7","2.4"
"20230624","제주특별자치도","제주시","25.3","29.8","22.3","26.1","22.6","25.6","20.3","0.0","71.4","8.7","5.3","4.1","4.0","19.71","11.46","0.0","65.9","87.8","80.7","9.3","7.1","7.7","0.0","0.0","0.0","11.9","22.3","2.8"
"20230624","제주특별자치도","북제주군","23.4","27.8","20.2","23.3","21.6","24.2","19.6","0.0","83.7","8.2","5.4","1.6","3.6","20.23","7.75","0.0","81.0","98.0","89.0","9.4","8.5","0.0","0.0","0.0","0.0","13.8","20.8","4.5"
"20230624","제주특별자치도","서귀포시","23.9","26.6","22.1","23.6","22.4","25.0","20.4","0.0","105.9","13.1","6.3","1.3","3.2","0.0","0.0","0.0","73.6","98.3","85.2","9.0","9.4","8.2","0.0","0.0","0.0","6.8","9.7","2.4"
"20230623","제주특별자치도","제주시","23.5","26.0","20.8","28.7","22.5","25.5","20.1","0.0","0.0","7.9","10.3","10.1","4.2","26.94","26.11","0.0","72.1","72.6","80.8","7.1","6.4","7.6","0.0","0.0","0.0","8.1","17.5","2.8"
"20230623","제주특별자치도","북제주군","21.5","24.6","19.4","23.8","21.6","24.3","19.5","0.0","0.0","7.2","10.3","3.8","4.1","27.3","14.94","0.0","87.6","98.0","88.6","7.1","7.3","0.0","0.0","0.0","0.0","7.8","12.4","4.4"
"20230623","제주특별자치도","서귀포시","23.4","26.2","20.1","24.1","22.4","25.1","20.3","0.0","1.6","12.8","10.8","0.0","3.4","0.0","0.0","0.0","76.6","98.6","84.7","7.0","10.0","8.0","0.0","0.0","0.0","4.0","8.3","2.4"
"20230622","제주특별자치도","제주시","23.3","27.3","20.7","23.7","22.4","25.4","19.9","0.0","0.0","7.0","8.0","10.9","4.7","23.24","27.39","0.0","71.0","89.1","80.6","7.8","2.0","7.4","0.0","0.0","0.0","8.7","9.3","2.7"
"20230622","제주특별자치도","북제주군","21.5","25.0","19.4","23.7","21.5","24.3","19.3","0.0","0.0","6.7","5.0","5.5","4.6","21.04","19.94","0.0","88.9","93.9","88.5","8.4","2.9","0.0","0.0","0.0","0.0","11.0","10.0","4.2"
"20230622","제주특별자치도","서귀포시","23.1","27.7","20.3","23.9","22.4","25.2","20.1","0.0","0.3","11.5","6.9","5.0","4.0","0.0","0.0","0.0","79.0","93.0","84.2","7.6","7.3","7.7","0.0","0.0","0.0","7.3","5.6","2.3"
"20230621","제주특별자치도","제주시","22.3","23.8","21.5","24.0","22.2","25.2","19.8","0.2","0.1","7.5","0.0","7.5","4.8","4.6","22.57","0.0","86.6","89.5","80.8","9.0","6.1","7.2","0.0","0.0","0.0","10.8","8.4","2.6"
"20230621","제주특별자치도","북제주군","21.2","22.9","20.0","21.8","21.3","24.1","19.2","0.0","0.0","6.0","0.0","10.3","4.8","7.36","24.33","0.0","94.6","97.5","88.7","7.0","3.4","0.0","0.0","0.0","0.0","12.7","11.8","4.3"
"20230621","제주특별자치도","서귀포시","23.5","27.3","21.0","24.8","22.3","25.2","20.1","0.0","2.7","10.2","5.0","8.8","4.3","0.0","0.0","0.0","89.0","87.4","83.9","7.3","4.1","7.5","0.0","0.0","0.0","6.5","9.0","2.2"
"20230620","제주특별자치도","제주시","24.8","27.4","22.3","23.7","22.1","25.1","19.7","3.9","0.0","8.9","3.1","1.5","4.8","10.75","14.29","0.0","77.3","88.3","81.0","8.3","8.3","7.2","0.0","0.0","0.0","12.3","8.3","2.5"
"20230620","제주특별자치도","북제주군","23.1","25.4","21.2","22.5","21.2","24.0","19.0","6.9","0.0","6.7","1.9","1.6","4.8","8.49","10.18","0.0","89.0","96.9","88.9","8.0","7.9","0.0","0.0","0.0","0.0","13.5","7.5","4.4"
"20230620","제주특별자치도","서귀포시","23.1","24.3","21.8","22.9","22.3","25.1","20.0","41.0","0.0","11.4","0.1","0.4","4.4","0.0","0.0","0.0","95.6","93.5","83.7","8.9","9.4","7.5","0.0","0.0","0.0","6.4","6.0","2.2"
"20230619","제주특별자치도","제주시","24.4","29.9","19.4","25.1","21.9","25.0","19.5","0.0","0.0","8.6","10.6","8.6","5.1","25.38","24.47","0.0","65.8","83.3","80.7","5.3","7.3","7.0","0.0","0.0","0.0","13.4","6.2","2.5"
"20230619","제주특별자치도","북제주군","22.6","27.5","18.7","23.4","21.0","24.0","18.8","0.0","0.0","6.4","9.8","6.2","5.1","25.54","18.23","0.0","78.3","96.5","88.4","5.8","6.1","0.0","0.0","0.0","0.0","12.3","9.5","4.3"
"20230619","제주특별자치도","서귀포시","23.5","27.2","19.6","23.9","22.2","25.1","19.8","0.0","1.0","11.0","11.4","6.7","4.6","0.0","0.0","0.0","77.1","93.0","82.9","5.6","8.6","7.4","0.0","0.0","0.0","6.5","4.5","2.2"
"20230618","제주특별자치도","제주시","23.4","26.4","21.9","23.9","21.8","24.9","19.3","0.0","0.0","7.7","0.4","11.8","5.3","12.37","27.19","0.0","65.4","85.4","79.8","8.3","3.0","6.8","0.0","0.0","0.0","4.9","8.0","2.5"
"20230618","제주특별자치도","북제주군","21.5","24.1","19.6","22.8","20.9","24.0","18.6","2.0","0.0","5.8","0.0","12.3","5.3","10.9","26.28","0.0","79.6","95.4","87.5","8.8","1.8","0.0","0.0","0.0","0.0","5.7","9.3","4.3"
"20230618","제주특별자치도","서귀포시","22.9","25.9","20.8","23.4","22.1","25.0","19.7","2.3","0.0","9.6","1.5","11.4","4.7","0.0","0.0","0.0","84.6","90.0","81.2","8.9","4.6","7.2","0.0","0.0","0.0","3.9","5.4","2.2"
"20230617","제주특별자치도","제주시","23.0","27.1","19.3","22.5","21.7","24.7","19.2","0.0","0.0","7.5","9.4","7.4","5.4","26.25","23.19","0.0","69.8","89.1","78.9","5.4","4.9","6.8","0.0","0.0","0.0","8.7","10.3","2.6"
"20230617","제주특별자치도","북제주군","22.4","26.7","18.3","22.4","20.8","23.9","18.5","0.0","0.1","5.6","8.5","1.8","5.6","26.27","13.93","0.0","74.9","95.1","86.7","6.4","4.4","0.0","0.0","0.0","0.0","10.7","10.9","4.3"
"20230617","제주특별자치도","서귀포시","22.9","26.6","19.1","22.7","21.9","24.9","19.5","0.0","0.0","9.1","9.2","1.2","5.0","0.0","0.0","0.0","78.5","92.1","79.9","6.5","8.4","7.2","0.0","0.0","0.0","4.8","4.1","2.3"
"20230616","제주특별자치도","제주시","22.3","26.0","18.7","22.3","21.5","24.6","19.0","0.0","0.0","6.1","10.7","7.4","5.5","24.77","21.94","0.0","60.1","85.8","77.9","4.0","4.8","6.7","0.0","0.0","0.0","6.0","8.4","2.6"
"20230616","제주특별자치도","북제주군","20.6","24.1","18.4","21.0","20.7","23.8","18.3","0.0","0.0","5.4","8.8","3.1","5.7","24.38","16.2","0.0","78.1","96.5","85.6","5.6","7.8","0.0","0.0","0.0","0.0","6.6","9.4","4.1"
"20230616","제주특별자치도","서귀포시","22.1","25.3","19.1","21.4","21.8","24.8","19.3","0.0","0.0","8.7","9.0","8.6","4.9","0.0","0.0","0.0","74.3","92.3","79.0","4.9","5.9","7.2","0.0","0.0","0.0","4.0","8.5","2.4"
"20230615","제주특별자치도","제주시","22.3","26.1","19.2","23.0","21.4","24.5","18.8","0.0","0.0","4.5","12.0","10.5","5.8","27.35","24.44","0.0","68.8","81.1","77.1","1.6","4.1","6.5","0.0","0.0","0.0","6.8","9.8","2.6"
"20230615","제주특별자치도","북제주군","20.6","22.9","18.4","21.1","20.6","23.8","18.1","0.0","0.0","5.0","12.7","4.3","6.1","28.38","16.48","0.0","80.6","98.0","84.8","1.3","5.3","0.0","0.0","0.0","0.0","8.1","8.8","4.0"
"20230615","제주특별자치도","서귀포시","22.6","25.6","20.0","21.1","21.8","24.8","19.2","0.0","0.0","7.4","11.5","3.2","5.2","0.0","0.0","0.0","75.0","96.3","78.0","1.8","8.4","7.0","0.0","0.0","0.0","6.6","5.5","2.3"
"20230614","제주특별자치도","제주시","22.7","26.5","19.9","19.0","21.4","24.5","18.8","0.0","13.6","4.0","8.9","0.0","6.1","5.91","2.65","0.0","70.5","98.3","76.6","5.1","9.9","6.4","0.0","0.0","0.0","5.4","12.7","2.7"
"20230614","제주특별자치도","북제주군","21.0","24.4","19.0","20.8","20.5","23.7","18.1","0.0","0.0","4.6","9.5","3.4","6.3","25.44","15.21","0.0","81.9","95.1","84.8","4.9","8.4","0.0","0.0","0.0","0.0","8.8","6.8","4.2"
"20230614","제주특별자치도","서귀포시","22.9","26.0","21.0","20.5","21.8","24.9","19.2","0.0","0.6","6.2","8.7","0.9","5.5","0.0","0.0","0.0","78.4","91.4","78.0","6.1","9.9","6.7","0.0","0.0","0.0","4.4","10.7","2.3"
"20230613","제주특별자치도","제주시","21.5","25.0","19.9","20.6","21.4","24.6","18.8","0.0","11.6","4.5","2.7","0.0","6.0","11.58","4.66","0.0","85.5","88.9","76.8","9.4","9.9","6.5","0.0","0.0","0.0","5.5","10.8","2.7"
"20230613","제주특별자치도","북제주군","20.0","22.6","18.8","20.0","20.4","23.5","18.1","0.0","11.2","4.9","2.5","0.0","6.0","16.48","6.75","0.0","92.5","94.1","85.3","7.9","9.6","0.0","0.0","0.0","0.0","7.5","13.0","4.2"
"20230613","제주특별자치도","서귀포시","22.5","24.7","21.4","20.1","21.7","24.8","19.2","0.0","12.9","6.8","4.3","0.0","5.4","0.0","0.0","0.0","89.8","92.6","79.1","9.6","10.0","6.7","0.0","0.0","0.0","4.0","11.2","2.3"
"20230612","제주특별자치도","제주시","22.2","25.2","20.0","22.0","21.4","24.8","18.8","0.0","0.0","4.4","5.8","8.2","5.7","19.45","20.56","0.0","90.4","77.4","77.0","7.9","7.5","6.6","0.0","0.0","0.0","7.3","11.0","2.7"
"20230612","제주특별자치도","북제주군","20.8","24.1","19.6","20.9","20.4","23.5","18.1","0.0","0.0","5.0","5.6","7.2","5.4","19.67","16.95","0.0","92.0","88.8","85.5","6.1","8.0","0.0","0.0","0.0","0.0","8.9","8.7","4.3"
"20230612","제주특별자치도","서귀포시","23.0","25.0","21.3","21.5","21.6","24.6","19.3","0.0","0.0","7.6","5.4","6.4","4.9","0.0","0.0","0.0","91.0","80.8","80.1","7.8","8.5","7.0","0.0","0.0","0.0","4.4","9.6","2.3"
"20230611","제주특별자치도","제주시","21.9","25.3","19.5","21.6","21.4","24.8","18.7","0.0","0.4","3.8","5.0","4.8","5.9","18.74","19.92","0.0","89.9","83.5","77.0","7.6","6.5","6.5","0.0","0.0","0.0","6.0","9.4","2.7"
"20230611","제주특별자치도","북제주군","21.6","24.3","20.1","20.4","20.4","23.5","18.0","0.0","7.5","4.1","3.9","9.3","5.5","18.19","22.59","0.0","90.1","91.8","85.5","6.0","5.1","0.0","0.0","0.0","0.0","8.9","11.4","4.4"
"20230611","제주특별자치도","서귀포시","22.8","25.4","20.5","22.5","21.6","24.5","19.2","0.0","5.6","6.4","6.7","8.9","4.9","0.0","0.0","0.0","90.8","74.4","80.3","8.4","5.4","6.9","0.0","0.0","0.0","4.0","10.3","2.3"
"20230610","제주특별자치도","제주시","23.8","30.0","19.8","23.0","21.2","24.6","18.6","0.0","0.0","3.6","9.6","2.5","5.7","26.26","13.25","0.0","80.5","72.8","77.3","6.3","8.8","6.7","0.0","0.0","0.0","10.6","7.7","2.7"
"20230610","제주특별자치도","북제주군","22.1","26.4","18.6","21.5","20.3","23.5","17.9","0.0","1.2","3.2","11.7","1.2","5.4","29.11","10.31","0.0","83.3","88.9","85.2","4.6","8.9","0.0","0.0","0.0","0.0","17.1","10.3","4.3"
"20230610","제주특별자치도","서귀포시","22.6","26.4","18.9","21.3","21.4","24.3","19.2","0.0","0.9","5.8","11.0","0.7","4.7","0.0","0.0","0.0","83.1","89.9","80.5","5.0","9.6","6.9","0.0","0.0","0.0","5.6","6.6","2.4"
"20230609","제주특별자치도","제주시","22.3","26.5","18.6","21.4","21.0","24.5","18.3","0.0","0.0","3.0","10.3","11.9","5.6","25.64","27.04","0.0","80.5","77.3","76.9","3.5","4.5","6.7","0.0","0.0","0.0","7.9","12.0","2.7"
"20230609","제주특별자치도","북제주군","20.2","22.7","18.1","20.5","20.2","23.5","17.7","0.0","0.0","2.5","9.0","12.3","5.4","25.01","25.63","0.0","91.4","87.5","84.3","4.1","4.4","0.0","0.0","0.0","0.0","10.3","7.3","4.2"
"20230609","제주특별자치도","서귀포시","21.4","23.6","18.6","20.5","21.3","24.2","18.9","0.0","0.0","5.2","9.7","10.8","4.8","0.0","0.0","0.0","86.9","81.5","79.6","4.4","5.5","6.9","0.0","0.0","0.0","5.2","7.0","2.3"
"20230608","제주특별자치도","제주시","21.2","26.2","19.1","21.4","20.8","24.4","18.1","0.2","0.0","2.5","4.0","10.5","5.9","17.48","27.2","0.0","84.6","76.3","76.7","6.8","4.0","6.4","0.0","0.0","0.0","9.8","11.1","2.7"
"20230608","제주특별자치도","북제주군","20.0","23.2","18.3","20.0","20.1","23.4","17.5","0.3","0.0","2.4","7.3","9.5","5.8","20.48","20.33","0.0","90.0","89.6","83.8","6.0","3.6","0.0","0.0","0.0","0.0","9.3","8.8","4.2"
"20230608","제주특별자치도","서귀포시","20.5","23.5","19.1","20.1","21.2","24.2","18.7","0.1","0.2","5.5","0.8","9.5","5.0","0.0","0.0","0.0","92.3","83.8","78.8","7.4","5.8","6.7","0.0","0.0","0.0","3.6","7.9","2.3"
"20230607","제주특별자치도","제주시","-99.0","23.4","15.8","20.7","20.6","24.1","17.9","0.0","0.7","2.3","9.9","2.3","6.4","24.87","13.03","0.0","0.0","84.5","76.4","0.0","7.1","6.1","0.0","0.0","0.0","7.0","8.0","2.7"
"20230607","제주특별자치도","북제주군","18.3","20.5","16.2","20.3","19.8","23.3","17.2","0.0","0.0","2.0","6.1","5.6","6.5","23.05","19.2","0.0","89.3","93.9","83.0","6.6","6.0","0.0","0.0","0.0","0.0","9.1","7.3","4.0"
"20230607","제주특별자치도","서귀포시","19.7","22.6","15.7","20.2","21.1","24.2","18.5","0.0","8.8","4.4","10.5","0.3","5.6","0.0","0.0","0.0","85.3","91.3","77.1","7.0","8.0","6.2","0.0","0.0","0.0","6.2","3.8","2.2"
"20230606","제주특별자치도","제주시","18.5","22.3","16.7","20.3","20.4","23.9","17.7","22.8","0.8","1.9","4.1","7.2","6.5","10.54","21.81","0.0","91.5","86.5","75.7","6.8","6.5","6.1","0.0","0.0","0.0","8.8","8.1","2.6"
"20230606","제주특별자치도","북제주군","17.4","19.4","15.3","19.4","19.6","23.0","16.9","38.6","0.0","1.7","4.8","10.5","6.6","15.91","23.71","0.0","93.4","95.6","82.3","6.5","4.9","0.0","0.0","0.0","0.0","11.1","14.1","4.0"
"20230606","제주특별자치도","서귀포시","18.7","21.5","16.1","21.9","21.0","24.2","18.3","40.7","0.0","4.2","0.6","12.1","5.8","0.0","0.0","0.0","94.1","77.4","75.9","6.9","3.6","6.1","0.0","0.0","0.0","6.5","4.4","2.2"
"20230605","제주특별자치도","제주시","20.1","22.5","17.2","19.1","20.3","23.8","17.6","1.3","45.0","1.2","0.0","0.0","6.7","4.92","3.61","0.0","66.0","94.5","74.5","10.0","10.0","5.9","0.0","0.0","0.0","5.8","15.7","2.6"
"20230605","제주특별자치도","북제주군","18.0","20.0","15.0","19.5","19.4","22.9","16.8","24.4","60.7","1.4","0.0","0.0","6.9","4.51","5.61","0.0","72.9","97.9","82.0","9.9","8.9","0.0","0.0","0.0","0.0","11.8","17.2","4.1"
"20230605","제주특별자치도","서귀포시","20.3","22.9","16.1","19.7","20.9","24.3","18.2","17.3","110.8","3.9","0.0","0.0","6.2","0.0","0.0","0.0","68.4","94.1","74.5","10.0","10.0","5.9","0.0","0.0","0.0","5.8","11.4","2.2"
"20230604","제주특별자치도","제주시","23.1","28.0","18.7","23.5","20.3","23.7","17.5","0.0","0.0","1.6","4.5","7.1","6.6","20.39","20.8","0.0","49.4","70.3","73.6","8.3","6.8","5.9","0.0","0.0","0.0","6.0","14.5","2.7"
"20230604","제주특별자치도","북제주군","19.8","23.0","17.7","22.3","19.3","22.6","16.7","0.0","2.2","1.7","1.2","7.5","6.9","15.92","18.11","0.0","67.4","81.6","81.8","9.3","7.4","0.0","0.0","0.0","0.0","8.0","11.5","4.3"
"20230604","제주특별자치도","서귀포시","22.7","25.9","19.8","22.1","20.9","24.2","18.1","0.0","0.5","5.4","2.5","4.3","6.2","0.0","0.0","0.0","57.6","84.6","73.6","8.8","8.4","6.0","0.0","0.0","0.0","3.0","7.9","2.3"
"20230603","제주특별자치도","제주시","21.3","24.6","17.7","21.2","20.2","23.7","17.3","0.0","0.0","1.8","11.9","11.7","6.6","29.05","27.24","0.0","71.0","83.4","72.1","1.8","3.4","5.8","0.0","0.0","0.0","7.0","7.2","2.7"
"20230603","제주특별자치도","북제주군","18.4","19.9","17.0","21.0","19.1","22.5","16.5","0.0","0.0","1.9","10.9","11.1","6.8","28.92","25.59","0.0","83.0","91.8","81.2","2.4","3.3","0.0","0.0","0.0","0.0","14.7","6.6","4.4"
"20230603","제주특별자치도","서귀포시","21.8","25.3","18.7","21.1","20.8","24.1","17.9","0.0","0.0","4.9","12.6","12.3","6.2","0.0","0.0","0.0","65.3","84.6","72.7","0.3","3.6","6.1","0.0","0.0","0.0","5.6","4.1","2.3"
"20230602","제주특별자치도","제주시","-99.0","25.4","19.2","21.7","20.0","23.6","17.0","4.5","0.0","1.7","0.0","9.3","6.7","0.0","25.92","0.0","0.0","77.8","70.9","0.0","5.1","5.7","0.0","0.0","0.0","8.7","6.2","2.6"
"20230602","제주특별자치도","북제주군","19.0","22.3","17.8","19.9","19.0","22.3","16.3","0.4","0.0","1.9","8.0","10.2","6.8","24.46","26.06","0.0","93.9","95.1","81.1","4.0","5.5","0.0","0.0","0.0","0.0","14.3","5.5","4.5"
"20230602","제주특별자치도","서귀포시","23.6","26.6","21.1","20.6","20.6","23.9","17.7","0.1","0.0","4.9","9.0","6.4","6.4","0.0","0.0","0.0","82.5","88.4","72.2","5.3","5.1","6.1","0.0","0.0","0.0","5.3","5.4","2.2"
"20230601","제주특별자치도","제주시","20.7","25.0","19.6","21.0","19.8","23.4","16.8","16.4","0.0","3.2","2.8","7.2","6.5","10.37","23.5","0.0","94.3","69.0","70.8","8.6","6.8","5.7","0.0","0.0","0.0","8.4","5.5","2.6"
"20230601","제주특별자치도","북제주군","21.4","23.2","19.2","19.7","18.7","22.1","16.1","65.6","0.0","3.2","0.7","7.5","6.6","5.95","22.69","0.0","92.5","85.5","81.6","7.8","7.9","0.0","0.0","0.0","0.0","7.5","8.5","4.5"
"20230601","제주특별자치도","서귀포시","21.7","23.0","20.4","20.0","20.4","23.7","17.5","95.6","0.0","6.3","0.2","6.9","6.3","0.0","0.0","0.0","97.1","74.6","72.6","9.8","7.1","6.1","0.0","0.0","0.0","5.5","4.5","2.3"
"20230531","제주특별자치도","제주시","20.5","24.4","18.4","20.9","19.7","23.4","16.7","10.2","0.0","3.3","6.5","11.7","6.8","20.27","26.78","0.0","86.1","59.9","70.4","6.9","6.9","5.5","0.0","0.0","0.0","13.7","6.9","2.6"
"20230531","제주특별자치도","북제주군","20.3","23.7","17.7","19.5","18.6","22.0","16.0","17.6","0.0","3.3","4.4","10.5","6.7","18.61","24.32","0.0","84.8","72.9","81.6","6.6","6.9","0.0","0.0","0.0","0.0","10.2","10.9","4.5"
"20230531","제주특별자치도","서귀포시","20.5","24.6","18.1","21.6","20.3","23.7","17.3","18.2","0.0","5.8","5.2","10.5","6.4","0.0","0.0","0.0","84.9","59.6","72.3","8.1","7.0","6.0","0.0","0.0","0.0","9.9","4.6","2.3"
"20230530","제주특별자치도","제주시","21.0","23.6","19.6","20.3","19.5","23.2","16.5","32.8","0.0","3.6","0.0","2.5","6.9","4.81","12.47","0.0","96.9","88.5","69.8","10.0","9.1","5.5","0.0","0.0","0.0","10.0","7.5","2.7"
"20230530","제주특별자치도","북제주군","20.4","22.3","19.1","19.6","18.5","21.8","15.8","31.7","0.0","3.5","0.0","3.7","6.8","5.02","14.77","0.0","98.1","96.6","81.1","9.4","8.4","0.0","0.0","0.0","0.0","7.3","12.9","4.5"
"20230530","제주특별자치도","서귀포시","20.8","23.6","19.0","20.1","20.2","23.7","17.2","50.2","0.0","4.7","0.0","0.7","6.6","0.0","0.0","0.0","98.4","97.0","71.6","10.0","9.1","5.8","0.0","0.0","0.0","7.4","6.9","2.3"
"20230529","제주특별자치도","제주시","24.3","29.9","21.0","21.1","19.4","23.1","16.4","6.4","0.0","3.4","3.0","2.6","6.8","15.85","12.27","0.0","86.1","76.0","69.0","8.5","8.1","5.6","0.0","0.0","0.0","11.5","11.5","2.7"
"20230529","제주특별자치도","북제주군","20.8","22.4","19.9","19.9","18.4","21.8","15.7","7.0","0.1","3.7","0.0","1.1","6.8","12.61","9.74","0.0","99.0","93.4","80.3","8.9","9.1","0.0","0.0","0.0","0.0","10.7","13.1","4.6"
"20230529","제주특별자치도","서귀포시","22.0","24.3","20.7","19.5","20.1","23.6","17.1","4.9","21.8","5.1","0.0","0.6","6.6","0.0","0.0","0.0","99.0","91.5","70.9","10.0","9.6","5.8","0.0","0.0","0.0","7.8","6.0","2.4"
"20230528","제주특별자치도","제주시","24.2","26.9","21.3","21.9","19.5","23.0","16.5","0.0","0.0","3.5","7.8","5.2","6.4","23.79","19.06","0.0","79.1","60.8","69.1","6.8","7.8","5.9","0.0","0.0","0.0","7.7","8.3","2.8"
"20230528","제주특별자치도","북제주군","21.4","23.2","20.3","19.5","18.3","21.7","15.7","0.4","0.0","3.9","2.1","5.6","6.5","18.33","17.54","0.0","95.1","95.4","80.3","7.5","8.3","0.0","0.0","0.0","0.0","13.6","7.8","4.8"
"20230528","제주특별자치도","서귀포시","21.8","23.6","20.9","21.1","20.1","23.6","17.2","5.8","0.0","5.8","0.0","7.4","6.3","0.0","0.0","0.0","98.5","64.9","71.1","10.0","8.3","6.0","0.0","0.0","0.0","5.1","7.4","2.4"
"20230527","제주특별자치도","제주시","23.4","26.4","20.7","23.2","19.5","23.1","16.5","0.0","0.0","2.3","0.3","13.4","6.7","10.05","28.75","0.0","71.3","37.6","68.8","9.0","1.5","5.7","0.0","0.0","0.0","13.6","10.6","2.8"
"20230527","제주특별자치도","북제주군","21.2","23.1","20.7","19.6","18.4","21.7","15.7","0.0","0.0","3.1","0.0","13.1","6.7","11.06","27.93","0.0","85.8","89.4","80.0","8.8","1.8","0.0","0.0","0.0","0.0","16.4","6.1","4.9"
"20230527","제주특별자치도","서귀포시","21.9","22.8","20.7","23.1","20.1","23.6","17.2","0.5","0.0","5.9","0.0","12.6","6.5","0.0","0.0","0.0","89.9","44.1","70.6","9.9","1.8","6.0","0.0","0.0","0.0","7.2","9.9","2.3"
"20230526","제주특별자치도","제주시","22.1","26.7","18.0","19.5","19.4","22.9","16.4","0.0","0.0","2.4","5.7","5.3","6.6","21.96","17.79","0.0","75.0","67.8","68.5","5.9","6.3","5.8","0.0","0.0","0.0","6.3","8.4","2.8"
"20230526","제주특별자치도","북제주군","21.6","25.5","18.4","17.6","18.3","21.5","15.7","0.0","0.0","3.4","5.2","5.2","6.5","21.26","16.82","0.0","81.8","87.5","79.7","7.0","6.8","0.0","0.0","0.0","0.0","13.0","9.4","5.2"
"20230526","제주특별자치도","서귀포시","21.7","24.4","19.8","19.9","20.0","23.5","17.1","0.0","0.0","6.8","3.8","3.8","6.5","0.0","0.0","0.0","85.8","72.6","70.2","7.9","7.0","5.9","0.0","0.0","0.0","4.2","4.6","2.3"
"20230525","제주특별자치도","제주시","21.4","26.3","17.5","21.2","19.4","23.0","16.4","0.0","0.0","2.1","10.6","12.3","6.8","26.49","25.71","0.0","57.6","71.4","68.8","4.8","3.8","5.7","0.0","0.0","0.0","8.6","6.2","2.7"
"20230525","제주특별자치도","북제주군","19.8","23.5","16.5","19.9","18.2","21.5","15.7","0.0","0.0","3.2","11.8","12.9","6.7","28.18","25.91","0.0","60.5","81.5","80.2","4.4","4.3","0.0","0.0","0.0","0.0","11.5","6.5","5.1"
"20230525","제주특별자치도","서귀포시","20.5","24.1","17.8","21.5","20.0","23.4","17.1","0.0","0.0","6.9","10.7","12.5","6.6","0.0","0.0","0.0","64.1","66.4","70.6","5.6","3.3","5.8","0.0","0.0","0.0","4.5","5.7","2.2"
"20230524","제주특별자치도","제주시","18.2","21.1","15.2","21.5","19.3","23.0","16.3","0.0","0.0","2.2","4.6","11.8","7.0","13.91","26.5","0.0","77.0","61.6","69.7","8.1","3.4","5.5","0.0","0.0","0.0","5.8","6.0","2.6"
"20230524","제주특별자치도","북제주군","17.7","20.1","14.2","19.8","18.1","21.4","15.6","0.0","0.0","2.6","2.4","10.5","6.8","13.0","24.49","0.0","74.4","74.3","80.6","8.5","5.9","0.0","0.0","0.0","0.0","7.1","7.6","5.1"
"20230524","제주특별자치도","서귀포시","19.2","22.7","15.0","21.8","19.9","23.3","17.0","0.0","0.0","6.0","4.3","9.9","6.8","0.0","0.0","0.0","61.1","58.4","71.1","7.4","5.4","5.6","0.0","0.0","0.0","3.2","4.5","2.1"
"20230523","제주특별자치도","제주시","18.7","23.3","14.1","22.4","19.2","23.0","16.1","0.0","0.0","2.3","12.5","7.5","7.2","27.91","21.35","0.0","64.6","50.0","69.2","0.5","7.8","5.3","0.0","0.0","0.0","7.3","8.4","2.7"
"20230523","제주특별자치도","북제주군","16.4","19.3","14.5","20.2","18.0","21.4","15.3","0.0","0.0","2.6","12.5","8.0","6.9","29.08","21.13","0.0","79.8","75.4","80.2","0.6","7.4","0.0","0.0","0.0","0.0","11.8","6.5","5.1"
"20230523","제주특별자치도","서귀포시","18.6","22.0","14.4","21.1","19.8","23.2","16.8","0.0","0.0","6.1","12.3","7.6","6.9","0.0","0.0","0.0","72.8","63.0","70.4","0.4","7.6","5.4","0.0","0.0","0.0","4.5","7.4","2.2"
"20230522","제주특별자치도","제주시","17.1","21.1","15.0","21.4","19.0","22.8","15.8","0.3","0.0","2.6","0.8","13.0","7.2","7.41","28.5","0.0","80.1","60.0","69.1","6.0","1.9","5.2","0.0","0.0","0.0","9.3","8.7","2.7"
"20230522","제주특별자치도","북제주군","16.0","19.2","14.8","18.2","17.9","21.3","15.1","0.8","0.0","3.7","0.7","12.6","7.0","8.39","27.21","0.0","83.4","90.3","80.2","7.9","2.3","0.0","0.0","0.0","0.0","13.8","8.0","5.1"
"20230522","제주특별자치도","서귀포시","18.2","22.2","16.0","21.4","19.6","23.1","16.5","0.4","0.0","7.0","0.7","12.5","7.1","0.0","0.0","0.0","75.3","62.1","69.9","6.9","3.0","5.2","0.0","0.0","0.0","7.1","3.9","2.2"
"20230521","제주특별자치도","제주시","17.7","21.2","15.9","20.4","18.7","22.5","15.6","0.0","0.0","3.3","5.2","13.1","7.1","18.64","27.89","0.0","85.4","70.0","69.5","7.8","0.1","5.3","0.0","0.0","0.0","8.5","7.4","2.7"
"20230521","제주특별자치도","북제주군","16.2","19.3","14.7","17.7","17.7","21.1","15.0","0.0","0.0","4.4","0.8","13.1","7.0","14.44","27.43","0.0","89.6","90.5","80.4","8.0","2.5","0.0","0.0","0.0","0.0","10.2","9.7","5.2"
"20230521","제주특별자치도","서귀포시","18.0","21.8","14.7","20.7","19.4","22.9","16.3","0.0","0.0","7.0","10.6","11.8","7.0","0.0","0.0","0.0","87.0","63.6","70.2","4.6","1.5","5.4","0.0","0.0","0.0","9.0","4.8","2.2"
"20230520","제주특별자치도","제주시","19.3","23.2","17.0","20.9","18.6","22.5","15.3","0.0","0.0","3.5","7.4","0.6","7.1","24.73","11.8","0.0","82.1","71.9","69.3","7.0","8.3","5.3","0.0","0.0","0.0","7.2","8.4","2.8"
"20230520","제주특별자치도","북제주군","17.6","20.7","15.4","20.2","17.5","21.0","14.7","0.0","0.0","5.4","4.5","1.2","6.9","19.52","11.95","0.0","89.4","77.0","80.5","6.9","9.1","0.0","0.0","0.0","0.0","8.0","9.9","5.3"
"20230520","제주특별자치도","서귀포시","18.9","21.0","16.8","20.8","19.2","22.8","16.0","0.0","0.0","8.4","9.3","2.9","6.9","0.0","0.0","0.0","81.8","75.4","69.9","5.4","9.0","5.5","0.0","0.0","0.0","5.4","7.1","2.2"
"20230519","제주특별자치도","제주시","19.0","23.9","16.7","20.6","18.5","22.4","15.2","10.4","0.0","3.5","5.0","2.0","6.9","16.54","14.63","0.0","86.3","48.6","68.4","7.9","8.9","5.5","0.0","0.0","0.0","11.6","6.1","2.8"
"20230519","제주특별자치도","북제주군","17.7","21.5","16.2","19.3","17.3","20.8","14.6","0.1","0.0","5.7","7.8","1.2","6.8","23.24","12.15","0.0","89.0","61.0","80.7","4.9","9.8","0.0","0.0","0.0","0.0","17.1","7.1","5.4"
"20230519","제주특별자치도","서귀포시","20.4","24.1","18.0","20.3","19.1","22.8","15.8","0.0","0.0","9.2","5.1","1.4","6.8","0.0","0.0","0.0","77.4","50.8","69.5","7.5","9.0","5.7","0.0","0.0","0.0","9.9","3.2","2.3"
"20230518","제주특별자치도","제주시","18.6","21.7","17.1","21.6","18.4","22.2","15.0","27.4","0.0","3.3","0.2","12.8","6.8","6.76","27.28","0.0","91.9","38.3","68.6","9.9","1.8","5.6","0.0","0.0","0.0","17.0","8.1","2.8"
"20230518","제주특별자치도","북제주군","18.6","22.5","15.7","18.7","17.2","20.5","14.5","41.8","0.0","5.6","0.9","12.9","6.7","13.27","26.81","0.0","90.0","78.1","81.4","7.4","1.8","0.0","0.0","0.0","0.0","18.9","6.4","5.3"
"20230518","제주특별자치도","서귀포시","18.1","21.1","16.5","20.5","18.9","22.6","15.8","94.4","0.0","8.5","0.0","12.5","6.7","0.0","0.0","0.0","94.9","49.8","70.2","10.0","2.4","5.8","0.0","0.0","0.0","10.1","6.4","2.3"
"20230517","제주특별자치도","제주시","21.0","25.5","15.5","21.0","18.3","22.2","15.0","0.0","0.0","3.7","8.5","12.9","6.5","22.59","27.67","0.0","74.9","44.0","69.3","7.4","0.3","6.0","0.0","0.0","0.0","6.1","9.6","2.8"
"20230517","제주특별자치도","북제주군","20.8","24.3","17.2","17.8","17.1","20.5","14.5","0.2","0.0","4.4","5.4","12.9","6.3","20.17","26.01","0.0","85.1","81.5","82.0","8.5","0.1","0.0","0.0","0.0","0.0","15.5","6.1","5.1"
"20230517","제주특별자치도","서귀포시","21.8","24.0","18.3","19.3","18.9","22.3","15.8","0.1","0.0","6.9","3.0","12.5","6.3","0.0","0.0","0.0","84.6","61.8","71.2","8.8","0.1","6.1","0.0","0.0","0.0","4.0","7.5","2.3"
"20230516","제주특별자치도","제주시","20.7","26.2","15.2","18.0","18.3","22.3","14.9","0.0","0.0","2.9","12.7","11.3","6.5","28.03","24.96","0.0","72.4","47.4","68.9","1.3","6.0","6.1","0.0","0.0","0.0","5.6","7.0","2.8"
"20230516","제주특별자치도","북제주군","19.1","22.4","15.5","16.8","17.1","20.5","14.3","0.0","0.0","3.5","8.0","12.2","6.3","25.36","24.39","0.0","87.6","64.5","81.5","3.8","6.1","0.0","0.0","0.0","0.0","10.4","8.4","4.9"
"20230516","제주특별자치도","서귀포시","19.7","22.6","14.7","17.6","18.8","22.3","15.7","0.0","0.0","7.2","11.5","11.2","6.2","0.0","0.0","0.0","89.4","53.5","71.2","3.6","6.4","6.2","0.0","0.0","0.0","6.7","6.6","2.3"
"20230515","제주특별자치도","제주시","18.7","26.1","14.4","16.3","18.1","22.0","14.8","4.8","0.0","2.9","6.7","6.7","6.6","12.45","20.5","0.0","75.3","55.5","68.9","4.1","8.9","5.9","0.0","0.0","0.0","13.7","9.2","2.8"
"20230515","제주특별자치도","북제주군","18.1","24.6","14.5","15.0","16.8","20.2","14.1","1.8","0.0","2.7","8.6","8.5","6.3","20.29","18.76","0.0","88.0","61.8","81.2","6.3","8.6","0.0","0.0","0.0","0.0","32.0","14.1","5.0"
"20230515","제주특별자치도","서귀포시","18.6","23.6","14.9","17.8","18.6","22.1","15.6","4.6","0.0","5.9","7.4","6.9","6.4","0.0","0.0","0.0","84.5","46.4","71.4","6.8","8.5","6.1","0.0","0.0","0.0","6.7","6.9","2.3"
"20230514","제주특별자치도","제주시","17.2","21.4","13.2","16.6","18.0","21.8","14.6","0.0","0.0","3.3","7.8","10.2","6.7","22.09","25.95","0.0","81.5","61.6","69.8","3.9","4.5","5.8","0.0","0.0","0.0","6.0","8.5","2.9"
"20230514","제주특별자치도","북제주군","16.1","18.8","12.9","15.6","16.7","20.0","13.9","0.0","0.0","2.9","5.8","10.8","6.3","20.18","24.91","0.0","88.3","67.3","81.6","3.6","5.5","0.0","0.0","0.0","0.0","9.2","15.1","5.1"
"20230514","제주특별자치도","서귀포시","17.1","20.7","13.4","18.8","18.5","21.8","15.5","0.0","0.0","5.7","7.8","10.7","6.4","0.0","0.0","0.0","85.1","58.9","72.4","3.4","4.1","5.9","0.0","0.0","0.0","5.1","7.8","2.3"
"20230513","제주특별자치도","제주시","15.7","18.4","14.0","16.9","17.8","21.7","14.4","6.6","8.9","3.8","2.1","0.0","7.0","8.83","2.41","0.0","92.4","95.5","69.1","7.4","8.5","5.5","0.0","0.0","0.0","7.7","13.7","3.0"
"20230513","제주특별자치도","북제주군","15.3","18.1","12.9","16.8","16.5","19.8","13.7","3.7","6.5","3.9","3.7","0.0","6.6","13.39","3.37","0.0","90.9","95.5","80.8","6.4","7.9","0.0","0.0","0.0","0.0","10.0","15.1","5.3"
"20230513","제주특별자치도","서귀포시","16.1","18.3","13.8","19.1","18.2","21.6","15.2","3.1","4.0","7.8","0.0","0.0","6.6","0.0","0.0","0.0","92.5","95.4","71.8","8.1","9.8","5.7","0.0","0.0","0.0","5.5","5.6","2.4"
"20230512","제주특별자치도","제주시","17.5","20.5","14.5","19.1","17.6","21.4","14.2","3.4","0.0","3.3","0.0","1.8","7.1","9.04","11.63","0.0","81.4","89.6","68.3","9.9","9.0","5.2","0.0","0.0","0.0","5.7","8.3","3.1"
"20230512","제주특별자치도","북제주군","16.3","19.4","13.4","18.8","16.3","19.6","13.4","0.4","0.0","3.9","0.0","6.8","6.8","8.5","19.45","0.0","79.8","91.9","79.9","8.6","8.4","0.0","0.0","0.0","0.0","9.3","9.7","5.7"
"20230512","제주특별자치도","서귀포시","17.0","20.0","13.0","20.7","18.1","21.7","14.9","2.3","0.3","7.7","0.1","3.2","6.8","0.0","0.0","0.0","75.3","90.6","70.8","9.8","9.1","5.5","0.0","0.0","0.0","4.7","7.7","2.5"
"20230511","제주특별자치도","제주시","18.2","21.4","15.3","18.7","17.5","21.3","14.1","0.0","0.0","3.3","10.4","0.0","6.9","23.39","5.87","0.0","73.6","92.5","67.7","5.5","9.4","5.2","0.0","0.0","0.0","11.5","10.1","3.1"
"20230511","제주특별자치도","북제주군","17.7","22.6","14.1","19.1","16.1","19.4","13.3","0.0","0.0","4.0","9.5","1.3","6.6","24.08","9.26","0.0","74.0","94.1","79.6","7.5","6.5","0.0","0.0","0.0","0.0","8.2","5.7","5.9"
"20230511","제주특별자치도","서귀포시","18.8","22.5","15.6","19.1","17.9","21.5","14.7","0.0","5.5","7.3","10.5","0.0","6.7","0.0","0.0","0.0","62.0","95.9","70.6","6.4","9.1","5.4","0.0","0.0","0.0","5.6","6.4","2.5"
"20230510","제주특별자치도","제주시","19.0","23.0","13.9","17.8","17.4","21.1","14.1","0.0","0.2","2.9","12.2","2.5","6.6","27.52","13.78","0.0","50.5","81.0","66.9","4.5","9.1","5.4","0.0","0.0","0.0","7.4","12.3","3.1"
"20230510","제주특별자치도","북제주군","16.5","19.7","13.9","17.7","16.1","19.4","13.3","0.0","0.5","3.7","11.9","4.8","6.4","28.35","16.29","0.0","66.6","81.3","78.9","3.9","9.3","0.0","0.0","0.0","0.0","9.6","6.2","5.8"
"20230510","제주특별자치도","서귀포시","19.0","23.8","14.2","18.2","17.8","21.4","14.7","0.0","0.0","6.6","12.3","2.8","6.3","0.0","0.0","0.0","61.4","79.4","70.3","4.6","9.1","5.5","0.0","0.0","0.0","3.7","8.5","2.5"
"20230509","제주특별자치도","제주시","16.7","21.1","11.9","17.6","17.5","21.2","14.1","0.0","0.0","2.9","12.8","8.1","6.7","28.43","21.45","0.0","56.0","71.9","65.9","1.9","6.8","5.4","0.0","0.0","0.0","6.0","11.8","3.1"
"20230509","제주특별자치도","북제주군","15.0","17.3","11.1","17.5","16.1","19.4","13.3","0.0","0.0","3.6","12.7","9.2","6.5","28.98","21.46","0.0","70.0","78.9","78.1","1.4","7.0","0.0","0.0","0.0","0.0","10.4","7.5","5.8"
"20230509","제주특별자치도","서귀포시","17.1","21.4","11.8","17.7","17.9","21.5","14.7","0.0","0.0","6.7","12.5","3.8","6.4","0.0","0.0","0.0","58.6","70.6","69.7","1.9","7.8","5.5","0.0","0.0","0.0","5.4","8.7","2.5"
"20230508","제주특별자치도","제주시","14.8","17.9","11.4","18.5","17.5","21.3","14.2","0.0","0.0","3.2","10.2","5.5","6.3","23.82","20.02","0.0","65.0","76.3","66.3","6.3","6.3","5.6","0.0","0.0","0.0","8.6","10.7","3.2"
"20230508","제주특별자치도","북제주군","13.8","16.3","11.6","17.9","16.1","19.3","13.4","0.0","0.0","4.1","10.6","9.2","6.1","23.94","19.9","0.0","71.6","76.4","78.6","6.3","5.0","0.0","0.0","0.0","0.0","12.3","10.3","5.8"
"20230508","제주특별자치도","서귀포시","16.2","19.6","12.8","18.3","17.9","21.4","14.8","0.0","0.2","9.6","11.1","2.8","6.1","0.0","0.0","0.0","55.4","83.6","70.5","6.4","6.3","5.7","0.0","0.0","0.0","9.5","6.9","2.5"
"20230507","제주특별자치도","제주시","14.0","15.8","12.5","19.3","17.6","21.4","14.1","18.6","0.0","2.9","0.0","8.4","6.6","0.69","20.43","0.0","92.8","73.9","65.2","10.0","2.5","5.5","0.0","0.0","0.0","12.7","6.7","3.1"
"20230507","제주특별자치도","북제주군","14.3","16.5","12.3","18.4","16.2","19.4","13.5","8.5","0.0","3.9","0.1","10.3","6.2","5.06","23.38","0.0","88.5","79.6","78.4","7.9","3.5","0.0","0.0","0.0","0.0","15.8","10.4","5.9"
"20230507","제주특별자치도","서귀포시","14.3","16.0","12.6","20.7","17.9","21.3","14.9","12.0","0.0","9.2","0.0","11.3","6.0","0.0","0.0","0.0","90.3","79.3","70.2","9.8","3.1","5.6","0.0","0.0","0.0","11.0","4.0","2.5"
"20230506","제주특별자치도","제주시","18.3","22.7","15.7","20.5","17.5","21.4","14.0","0.1","0.0","2.7","3.3","11.2","6.9","17.01","25.21","0.0","88.0","74.8","65.1","8.6","1.0","5.2","0.0","0.0","0.0","12.1","12.0","3.1"
"20230506","제주특별자치도","북제주군","15.0","17.2","14.4","20.1","16.1","19.3","13.4","0.0","0.0","3.6","0.0","12.6","6.5","7.6","25.03","0.0","96.8","79.3","78.2","8.5","0.8","0.0","0.0","0.0","0.0","13.0","6.3","6.0"
"20230506","제주특별자치도","서귀포시","16.8","19.1","15.2","21.2","17.9","21.3","14.9","1.5","0.0","8.7","6.1","11.3","6.3","0.0","0.0","0.0","95.9","72.0","69.4","8.6","3.5","5.5","0.0","0.0","0.0","8.8","4.9","2.5"
"20230505","제주특별자치도","제주시","23.4","26.2","21.8","20.7","17.5","21.5","13.9","23.6","0.0","3.2","0.0","12.3","7.2","2.31","26.66","0.0","84.1","60.3","65.8","10.0","0.6","4.9","0.0","0.0","0.0","17.0","11.3","3.1"
"20230505","제주특별자치도","북제주군","18.3","18.9","17.2","19.3","16.1","19.3","13.3","26.7","0.0","4.4","0.0","12.5","6.9","2.33","26.06","0.0","100.0","71.9","78.8","9.4","0.9","0.0","0.0","0.0","0.0","19.1","9.9","6.2"
"20230505","제주특별자치도","서귀포시","19.7","20.5","18.7","19.4","17.9","21.3","14.9","36.1","0.0","10.5","0.0","9.3","6.7","0.0","0.0","0.0","99.0","76.3","69.2","10.0","1.8","5.3","0.0","0.0","0.0","15.4","5.3","2.5"
"20230504","제주특별자치도","제주시","18.6","23.4","15.9","16.6","17.3","21.4","13.7","74.0","0.0","3.2","0.0","12.7","7.1","0.54","27.61","0.0","93.0","62.1","66.8","10.0","0.0","5.0","0.0","0.0","0.0","15.1","7.1","3.1"
"20230504","제주특별자치도","북제주군","17.5","18.7","15.0","15.3","16.1","19.4","13.3","116.4","0.0","4.6","0.0","12.8","6.7","2.07","27.08","0.0","98.3","74.6","79.3","9.3","0.0","0.0","0.0","0.0","0.0","21.2","8.6","6.3"
"20230504","제주특별자치도","서귀포시","17.8","19.6","15.4","16.1","17.9","21.2","14.8","287.8","0.0","11.3","0.0","12.6","6.5","0.0","0.0","0.0","98.5","65.8","69.4","10.0","0.0","5.3","0.0","0.0","0.0","14.1","4.6","2.4"
"20230503","제주특별자치도","제주시","17.4","20.7","15.2","14.8","17.1","21.1","13.7","50.7","0.0","2.8","0.2","12.7","7.1","2.91","27.25","0.0","72.5","56.9","67.5","9.0","0.0","4.9","0.0","0.0","0.0","11.8","6.4","3.0"
"20230503","제주특별자치도","북제주군","17.0","19.8","14.3","14.8","16.0","19.3","13.2","41.8","0.0","3.3","0.0","12.8","6.8","2.91","27.46","0.0","84.8","57.8","79.5","9.0","0.3","0.0","0.0","0.0","0.0","17.7","10.2","6.3"
"20230503","제주특별자치도","서귀포시","17.6","20.0","15.4","15.5","17.8","21.2","14.7","52.4","0.0","6.5","0.0","12.6","6.6","0.0","0.0","0.0","86.5","54.9","69.5","9.5","0.0","5.2","0.0","0.0","0.0","6.1","7.4","2.4"
"20230502","제주특별자치도","제주시","18.4","24.5","13.6","16.7","17.0","20.9","13.7","0.0","0.0","3.1","11.4","11.9","6.7","26.59","24.36","0.0","54.0","52.0","68.6","4.9","1.6","5.0","0.0","0.0","0.0","8.4","12.7","3.1"
"20230502","제주특별자치도","북제주군","17.5","23.2","12.1","15.9","15.9","19.1","13.1","0.0","0.0","3.6","11.6","12.2","6.4","27.69","23.66","0.0","57.9","64.6","80.3","5.0","2.5","0.0","0.0","0.0","0.0","12.4","13.5","6.1"
"20230502","제주특별자치도","서귀포시","18.4","22.1","13.0","17.0","17.6","21.1","14.6","0.0","0.0","7.5","11.7","12.2","6.3","0.0","0.0","0.0","52.3","46.0","70.5","5.1","3.4","5.5","0.0","0.0","0.0","4.5","10.4","2.4"
"20230501","제주특별자치도","제주시","17.4","21.2","14.9","14.8","17.0","20.9","13.7","0.0","0.0","3.5","12.4","11.2","6.6","27.82","26.95","0.0","49.5","59.9","69.2","0.0","7.3","5.2","0.0","0.0","0.0","10.0","8.1","3.1"
"20230501","제주특별자치도","북제주군","16.1","19.4","13.0","13.4","15.9","19.1","13.2","0.0","0.0","4.0","12.4","11.4","6.1","28.07","26.13","0.0","66.8","65.6","80.9","0.0","6.8","0.0","0.0","0.0","0.0","10.7","12.6","6.1"
"20230501","제주특별자치도","서귀포시","16.8","21.9","14.0","15.8","17.5","20.8","14.4","0.0","0.0","9.3","12.1","11.1","6.0","0.0","0.0","0.0","65.0","50.4","71.8","0.3","7.3","5.7","0.0","0.0","0.0","9.1","9.3","2.4"
"20230430","제주특별자치도","제주시","15.7","21.2","10.0","15.1","16.8","20.6","13.4","0.0","0.0","3.0","12.5","6.0","6.7","28.08","22.93","0.0","51.8","72.9","68.7","1.4","7.9","5.2","0.0","0.0","0.0","10.1","9.0","3.1"
"20230430","제주특별자치도","북제주군","14.4","19.3","10.8","14.9","15.7","18.9","12.9","0.0","0.0","3.2","12.5","5.7","6.0","28.54","17.36","0.0","63.5","75.6","80.8","0.6","8.5","0.0","0.0","0.0","0.0","17.7","11.7","6.1"
"20230430","제주특별자치도","서귀포시","15.8","20.8","11.1","15.2","17.2","20.5","14.0","0.0","0.0","8.7","12.0","3.2","5.9","0.0","0.0","0.0","56.0","72.9","71.7","2.4","8.5","5.8","0.0","0.0","0.0","10.5","6.6","2.5"
"20230429","제주특별자치도","제주시","16.1","21.1","11.8","13.6","16.4","20.2","13.0","6.1","26.0","2.6","0.0","0.0","6.8","2.34","6.23","0.0","87.4","88.6","67.5","8.5","9.4","5.1","0.0","0.0","0.0","10.9","14.8","3.2"
"20230429","제주특별자치도","북제주군","14.5","17.8","11.6","12.9","15.3","18.6","12.6","6.7","17.6","2.7","0.0","2.3","6.1","2.96","10.94","0.0","92.5","93.9","79.4","8.8","8.4","0.0","0.0","0.0","0.0","19.6","18.1","6.0"
"20230429","제주특별자치도","서귀포시","16.8","19.1","13.4","15.1","16.8","20.2","13.6","4.0","23.8","7.5","0.0","3.0","6.2","0.0","0.0","0.0","87.9","84.3","69.3","9.8","9.0","5.7","0.0","0.0","0.0","8.5","13.2","2.5"
"20230428","제주특별자치도","제주시","18.1","23.6","10.7","17.5","16.1","20.0","12.7","0.0","0.0","2.1","4.0","8.7","7.0","15.13","22.5","0.0","65.8","78.9","65.2","7.6","6.0","5.0","0.0","0.0","0.0","7.5","14.6","3.1"
"20230428","제주특별자치도","북제주군","17.1","21.5","10.9","17.9","15.1","18.3","12.3","2.4","0.0","2.8","1.5","8.8","6.5","13.91","21.01","0.0","79.5","76.9","77.5","7.3","8.0","0.0","0.0","0.0","0.0","13.5","7.2","6.1"
"20230428","제주특별자치도","서귀포시","17.0","20.3","11.6","18.8","16.6","20.0","13.3","3.4","0.0","8.0","1.5","9.3","6.5","0.0","0.0","0.0","80.1","66.3","67.0","8.6","6.0","5.5","0.0","0.0","0.0","4.7","8.8","2.5"
"20230427","제주특별자치도","제주시","12.9","17.1","7.4","17.1","15.7","19.7","12.2","0.0","0.0","1.7","12.4","10.1","7.4","27.58","24.54","0.0","69.1","71.9","63.7","2.9","6.0","4.8","0.0","0.0","0.0","7.6","10.5","3.1"
"20230427","제주특별자치도","북제주군","12.9","16.8","8.4","15.5","14.7","18.1","11.8","0.0","0.0","2.3","12.3","10.5","7.0","27.07","23.83","0.0","72.3","80.8","75.4","4.3","6.8","0.0","0.0","0.0","0.0","10.2","15.0","6.2"
"20230427","제주특별자치도","서귀포시","14.1","17.8","10.6","19.3","16.3","19.8","12.8","0.0","0.0","6.8","11.8","10.0","7.1","0.0","0.0","0.0","65.6","73.9","64.8","5.3","6.4","5.0","0.0","0.0","0.0","5.5","6.9","2.5"
"20230426","제주특별자치도","제주시","12.9","17.6","9.6","19.3","15.4","19.3","11.9","0.0","25.8","1.8","11.8","0.0","7.4","25.81","1.55","0.0","69.5","92.1","62.8","1.3","9.6","4.7","0.0","0.0","0.0","10.4","20.1","3.1"
"20230426","제주특별자치도","북제주군","12.5","17.8","9.6","16.5","14.4","17.8","11.4","0.0","35.9","2.1","11.8","0.0","7.1","26.52","1.39","0.0","70.0","98.0","73.9","0.6","9.5","0.0","0.0","0.0","0.0","15.7","15.1","6.2"
"20230426","제주특별자치도","서귀포시","15.0","20.2","10.1","18.1","16.1","19.9","12.6","0.0","62.1","4.9","12.1","0.0","7.4","0.0","0.0","0.0","54.3","99.0","63.3","0.0","10.0","4.8","0.0","0.0","0.0","9.8","10.6","2.4"
"20230425","제주특별자치도","제주시","12.5","14.1","11.7","21.2","15.2","19.1","11.7","8.9","14.8","2.2","0.0","7.6","7.3","1.08","20.21","0.0","92.0","81.9","63.1","9.6","7.1","4.8","0.0","0.0","0.0","8.8","19.5","3.1"
"20230425","제주특별자치도","북제주군","12.2","13.6","11.3","19.8","14.2","17.6","11.3","2.6","8.6","2.7","0.0","7.2","7.2","3.68","18.52","0.0","90.9","90.9","73.4","9.3","8.0","0.0","0.0","0.0","0.0","12.9","15.7","6.4"
"20230425","제주특별자치도","서귀포시","12.9","13.9","11.8","20.1","16.0","19.8","12.6","4.4","8.5","5.0","0.0","3.8","7.5","0.0","0.0","0.0","93.6","90.3","62.9","9.6","8.3","4.8","0.0","0.0","0.0","5.8","10.7","2.4"
"20230424","제주특별자치도","제주시","14.0","14.9","13.0","17.7","15.2","19.2","11.8","4.1","0.0","2.6","0.0","6.9","7.1","3.44","20.71","0.0","73.8","92.1","64.2","10.0","5.5","4.9","0.0","0.0","0.0","9.7","7.8","3.1"
"20230424","제주특별자치도","북제주군","13.2","16.0","11.4","17.5","14.2","17.7","11.3","2.7","0.0","3.1","0.0","10.2","6.9","4.44","23.12","0.0","69.4","95.4","74.3","10.0","3.5","0.0","0.0","0.0","0.0","15.5","8.1","6.4"
"20230424","제주특별자치도","서귀포시","13.8","15.4","12.0","18.8","16.1","19.8","12.7","2.2","0.0","5.7","0.0","11.4","7.1","0.0","0.0","0.0","68.8","91.1","64.9","10.0","3.4","5.1","0.0","0.0","0.0","9.3","3.8","2.4"
"20230423","제주특별자치도","제주시","15.3","17.5","13.6","18.0","15.2","19.1","11.8","0.0","0.0","4.1","1.8","0.2","6.7","14.81","9.71","0.0","64.1","90.5","66.2","8.1","9.8","5.2","0.0","0.0","0.0","14.8","11.2","3.1"
"20230423","제주특별자치도","북제주군","15.5","19.7","12.0","17.6","14.2","17.7","11.3","0.0","1.4","4.3","1.7","0.2","6.5","15.49","7.36","0.0","45.0","96.6","75.5","8.9","9.8","0.0","0.0","0.0","0.0","14.8","7.4","6.5"
"20230423","제주특별자치도","서귀포시","15.3","18.8","13.1","18.4","16.0","19.7","12.8","0.0","1.7","8.3","2.5","0.0","6.6","0.0","0.0","0.0","58.6","95.5","66.6","7.3","9.9","5.4","0.0","0.0","0.0","11.1","4.2","2.5"
"20230422","제주특별자치도","제주시","15.9","18.2","14.2","17.2","15.1","18.9","11.8","0.0","0.0","4.6","10.2","10.9","6.6","23.0","24.79","0.0","57.9","70.9","67.6","3.5","3.6","5.3","0.0","0.0","0.0","15.1","7.3","3.2"
"20230422","제주특별자치도","북제주군","16.5","20.4","11.9","15.9","14.2","17.7","11.3","0.0","0.0","5.1","9.2","10.7","6.3","23.89","23.01","0.0","52.6","89.5","76.2","3.3","4.0","0.0","0.0","0.0","0.0","19.0","10.0","6.5"
"20230422","제주특별자치도","서귀포시","15.8","19.1","13.8","17.7","15.9","19.5","12.7","0.0","0.0","9.3","9.2","11.1","6.2","0.0","0.0","0.0","55.0","75.9","68.0","1.9","4.3","5.6","0.0","0.0","0.0","11.0","6.8","2.6"
"20230421","제주특별자치도","제주시","16.6","22.7","14.4","14.7","15.1","18.9","11.8","0.0","2.7","4.5","6.8","5.2","6.6","19.04","12.84","0.0","80.6","69.6","68.2","3.8","4.9","5.4","0.0","0.0","0.0","11.0","8.3","3.3"
"20230421","제주특별자치도","북제주군","14.3","16.2","12.4","14.0","14.2","17.5","11.3","0.0","2.7","5.4","6.0","6.3","6.4","19.54","14.18","0.0","90.1","83.8","76.7","3.5","4.9","0.0","0.0","0.0","0.0","17.8","10.2","6.5"
"20230421","제주특별자치도","서귀포시","19.4","25.6","15.3","14.4","15.7","19.2","12.6","0.0","6.9","10.4","10.7","3.8","6.2","0.0","0.0","0.0","65.8","77.5","68.6","2.9","7.0","5.6","0.0","0.0","0.0","12.1","4.2","2.7"
"20230420","제주특별자치도","제주시","18.5","22.1","15.3","15.7","15.0","18.9","11.7","0.0","0.0","4.4","11.5","11.2","6.2","24.04","25.5","0.0","81.6","41.8","68.0","2.5","3.0","5.6","0.0","0.0","0.0","6.7","5.8","3.3"
"20230420","제주특별자치도","북제주군","17.2","22.4","14.7","15.3","14.1","17.6","11.2","0.0","0.0","5.4","11.3","12.1","6.1","25.08","24.02","0.0","84.0","55.5","77.2","3.3","2.9","0.0","0.0","0.0","0.0","12.3","6.8","6.5"
"20230420","제주특별자치도","서귀포시","19.8","23.5","16.0","17.2","15.6","19.1","12.5","0.0","0.0","10.3","11.0","11.0","5.9","0.0","0.0","0.0","72.9","54.4","69.3","3.9","2.4","5.8","0.0","0.0","0.0","4.2","4.9","2.8"
"20230419","제주특별자치도","제주시","19.1","22.7","17.0","15.6","15.0","18.8","11.6","0.0","0.0","4.2","1.0","11.2","6.3","12.53","24.28","0.0","89.9","46.8","67.4","8.1","4.1","5.6","0.0","0.0","0.0","8.0","5.5","3.3"
"20230419","제주특별자치도","북제주군","17.7","21.8","15.7","14.3","14.1","17.5","11.1","0.1","0.0","5.1","1.0","11.8","6.5","11.02","23.68","0.0","93.9","54.8","76.9","6.6","2.9","0.0","0.0","0.0","0.0","9.7","9.7","6.5"
"20230419","제주특별자치도","서귀포시","19.0","20.7","17.3","17.1","15.6","19.0","12.4","0.0","0.0","9.8","0.2","10.9","6.2","0.0","0.0","0.0","92.1","50.9","68.5","7.5","3.6","5.6","0.0","0.0","0.0","6.4","4.5","2.8"
"20230418","제주특별자치도","제주시","23.3","28.6","15.8","15.1","14.8","18.8","11.3","0.0","0.0","2.8","10.8","3.9","6.5","23.78","16.92","0.0","63.3","54.0","65.9","6.1","6.9","5.4","0.0","0.0","0.0","26.1","4.7","3.2"
"20230418","제주특별자치도","북제주군","17.7","19.0","17.1","14.1","13.9","17.4","10.8","0.4","0.0","3.6","0.4","3.9","6.8","3.93","15.72","0.0","94.5","70.3","75.8","6.5","8.3","0.0","0.0","0.0","0.0","18.8","7.6","6.3"
"20230418","제주특별자치도","서귀포시","19.2","20.6","18.1","16.2","15.4","18.9","12.1","0.9","0.0","6.5","0.5","3.1","6.5","0.0","0.0","0.0","94.0","52.4","67.4","9.5","6.1","5.3","0.0","0.0","0.0","6.8","3.5","2.6"
"20230417","제주특별자치도","제주시","15.9","22.4","9.0","14.3","14.7","18.7","11.1","0.0","0.0","2.2","11.5","11.3","6.6","24.53","26.98","0.0","55.1","49.0","64.4","1.4","2.4","5.4","0.0","0.0","0.0","8.8","6.5","3.1"
"20230417","제주특별자치도","북제주군","15.5","19.3","9.3","12.9","13.7","17.1","10.6","0.0","0.0","2.6","11.6","11.8","6.8","25.73","26.35","0.0","63.1","65.4","74.6","2.5","3.1","0.0","0.0","0.0","0.0","17.0","10.2","6.1"
"20230417","제주특별자치도","서귀포시","16.1","19.2","11.1","15.6","15.3","18.9","11.9","0.0","0.0","5.1","11.2","11.4","6.6","0.0","0.0","0.0","61.9","55.3","66.2","2.8","2.4","5.3","0.0","0.0","0.0","4.3","6.5","2.5"
"20230416","제주특별자치도","제주시","14.0","17.4","11.0","13.6","14.4","18.4","10.8","0.0","0.0","1.9","8.0","10.6","6.5","21.83","25.54","0.0","72.0","63.5","63.2","4.0","5.8","5.2","0.0","0.0","0.0","17.5","7.3","3.0"
"20230416","제주특별자치도","북제주군","13.6","16.9","10.2","12.3","13.5","16.9","10.4","0.0","0.0","2.0","9.0","11.1","6.7","23.58","24.69","0.0","73.8","72.5","73.9","3.9","5.0","0.0","0.0","0.0","0.0","31.1","12.4","6.1"
"20230416","제주특별자치도","서귀포시","14.5","18.6","12.1","14.4","15.1","18.8","11.7","0.0","0.0","4.0","10.2","11.0","6.6","0.0","0.0","0.0","63.6","61.3","65.0","2.9","4.6","5.2","0.0","0.0","0.0","15.7","9.7","2.5"
"20230415","제주특별자치도","제주시","14.7","18.6","12.9","14.0","14.1","17.9","10.4","5.8","0.0","1.9","2.2","4.5","6.7","11.61","17.65","0.0","89.1","72.8","62.5","8.8","7.9","5.1","0.0","0.0","0.0","10.3","10.3","3.1"
"20230415","제주특별자치도","북제주군","13.6","15.5","11.6","13.0","13.1","16.5","10.1","0.0","0.0","1.7","5.5","6.5","6.9","19.48","19.43","0.0","89.0","76.9","72.9","6.8","7.9","0.0","0.0","0.0","0.0","17.2","18.6","6.3"
"20230415","제주특별자치도","서귀포시","16.1","20.0","13.6","15.5","14.9","18.7","11.3","0.3","0.0","3.1","4.7","6.5","6.9","0.0","0.0","0.0","83.0","64.0","63.7","7.0","7.0","4.9","0.0","0.0","0.0","7.0","9.3","2.5"
"20230414","제주특별자치도","제주시","15.5","16.8","14.1","14.1","13.7","17.6","10.2","19.8","9.0","2.3","0.0","0.0","6.6","1.48","1.58","0.0","87.5","88.9","62.2","10.0","9.5","5.0","0.0","0.0","0.0","15.3","17.1","3.2"
"20230414","제주특별자치도","북제주군","15.7","17.2","14.6","15.3","12.8","16.2","9.9","19.0","5.8","2.0","0.0","3.6","6.7","3.58","13.46","0.0","86.4","87.3","72.0","8.8","8.5","0.0","0.0","0.0","0.0","20.5","14.4","6.4"
"20230414","제주특별자치도","서귀포시","15.8","18.0","14.2","14.1","14.5","18.5","11.0","30.7","5.9","3.3","0.0","0.2","6.8","0.0","0.0","0.0","90.9","89.9","63.4","10.0","9.4","4.9","0.0","0.0","0.0","8.1","13.2","2.5"
"20230413","제주특별자치도","제주시","15.3","19.9","9.4","17.9","13.4","17.3","10.1","0.0","5.7","2.8","11.0","4.4","6.5","23.87","15.72","0.0","50.3","89.5","63.3","4.3","8.8","5.2","0.0","0.0","0.0","7.7","11.5","3.3"
"20230413","제주특별자치도","북제주군","15.0","18.8","9.3","18.2","12.7","16.1","9.9","0.0","5.6","2.3","10.9","5.1","6.5","25.83","14.87","0.0","53.8","94.5","72.2","4.3","7.5","0.0","0.0","0.0","0.0","10.7","11.5","6.5"
"20230413","제주특별자치도","서귀포시","15.1","18.9","11.1","18.1","14.4","18.4","10.9","0.0","16.3","4.1","10.9","6.2","6.7","0.0","0.0","0.0","58.3","93.3","63.4","5.3","8.8","5.1","0.0","0.0","0.0","3.8","11.0","2.6"
"20230412","제주특별자치도","제주시","14.5","19.4","10.6","18.8","13.3","17.1","10.0","0.0","0.0","3.1","11.0","10.3","6.2","25.07","24.82","0.0","38.3","87.1","64.3","0.5","2.8","5.4","0.0","0.0","0.0","8.1","7.0","3.4"
"20230412","제주특별자치도","북제주군","12.9","15.7","10.5","18.3","12.6","16.0","9.8","0.0","0.0","2.7","11.2","4.5","6.3","26.89","17.79","0.0","43.5","97.5","73.1","1.3","4.4","0.0","0.0","0.0","0.0","19.7","8.5","6.7"
"20230412","제주특별자치도","서귀포시","16.4","20.1","12.6","18.5","14.3","18.3","10.9","0.0","0.0","5.4","10.4","2.7","6.5","0.0","0.0","0.0","57.9","95.9","63.8","1.3","9.6","5.2","0.0","0.0","0.0","6.0","5.8","2.7"
"20230411","제주특별자치도","제주시","18.9","25.2","12.2","19.8","13.3","17.0","10.2","0.0","0.0","3.8","8.8","10.6","6.1","22.59","24.67","0.0","66.5","76.1","65.2","6.6","3.8","5.6","0.0","0.0","0.0","19.8","5.3","3.5"
"20230411","제주특별자치도","북제주군","16.5","18.8","13.9","19.9","12.6","16.0","9.9","0.0","0.1","3.6","1.0","7.8","6.2","9.06","20.14","0.0","83.4","94.8","73.2","7.3","5.5","0.0","0.0","0.0","0.0","15.4","9.9","6.8"
"20230411","제주특별자치도","서귀포시","17.6","20.5","15.2","19.9","14.3","18.2","11.0","0.5","0.2","6.9","0.9","3.7","6.3","0.0","0.0","0.0","84.6","94.4","64.5","8.9","7.9","5.4","0.0","0.0","0.0","6.2","4.2","2.7"
"20230410","제주특별자치도","제주시","14.1","17.9","9.1","17.4","13.3","17.0","10.2","0.0","0.0","3.2","11.4","8.4","6.2","22.66","19.87","0.0","62.1","59.0","65.2","4.0","6.4","5.6","0.0","0.0","0.0","7.3","5.4","3.4"
"20230410","제주특별자치도","북제주군","14.3","16.4","12.2","18.5","12.7","16.0","9.9","0.0","0.0","3.1","11.3","8.6","6.3","23.4","18.66","0.0","69.8","67.9","73.1","3.9","6.9","0.0","0.0","0.0","0.0","13.3","11.2","6.6"
"20230410","제주특별자치도","서귀포시","14.4","17.1","10.6","19.2","14.3","18.1","11.1","0.0","0.0","6.3","11.0","6.6","6.4","0.0","0.0","0.0","68.6","65.3","64.9","4.0","7.1","5.4","0.0","0.0","0.0","6.1","4.2","2.7"
"20230409","제주특별자치도","제주시","13.2","18.2","8.4","17.2","13.2","16.8","10.1","0.0","0.0","2.7","12.1","12.0","6.2","25.54","25.48","0.0","39.5","52.8","65.5","0.3","0.0","5.6","0.0","0.0","0.0","8.5","7.6","3.4"
"20230409","제주특별자치도","북제주군","12.5","17.1","8.1","15.8","12.5","15.8","9.8","0.0","0.0","3.0","12.0","12.0","6.3","26.75","25.31","0.0","48.5","77.4","73.7","0.0","0.0","0.0","0.0","0.0","0.0","10.0","9.1","6.6"
"20230409","제주특별자치도","서귀포시","12.6","17.1","7.3","17.4","14.3","18.0","11.1","0.0","0.0","6.0","11.1","11.1","6.4","0.0","0.0","0.0","42.0","56.1","65.4","0.0","0.0","5.3","0.0","0.0","0.0","8.4","5.3","2.7"
"20230408","제주특별자치도","제주시","11.5","15.4","7.7","15.1","13.2","16.8","9.9","0.0","0.0","3.3","12.2","12.1","6.0","25.66","25.28","0.0","54.1","51.1","65.3","0.4","0.0","5.7","0.0","0.0","0.0","12.9","6.3","3.4"
"20230408","제주특별자치도","북제주군","10.8","14.6","7.7","14.9","12.5","15.7","9.6","0.0","0.0","3.7","12.2","12.1","6.1","26.56","25.14","0.0","56.0","66.0","74.1","0.0","0.0","0.0","0.0","0.0","0.0","20.2","6.2","6.6"
"20230408","제주특별자치도","서귀포시","11.7","15.9","6.7","15.8","14.2","17.9","10.9","0.0","0.0","6.9","11.3","11.1","6.2","0.0","0.0","0.0","37.4","57.0","65.9","0.6","0.0","5.2","0.0","0.0","0.0","7.0","5.2","2.6"
"20230407","제주특별자치도","제주시","11.3","15.0","9.1","13.1","13.2","16.8","9.8","0.6","0.0","3.0","2.4","9.9","6.2","14.13","21.75","0.0","75.8","79.4","64.9","6.5","2.1","5.5","0.0","0.0","0.0","11.9","9.4","3.3"
"20230407","제주특별자치도","북제주군","10.5","14.2","8.3","11.9","12.5","15.8","9.6","0.3","0.0","3.4","7.0","9.1","6.3","19.12","19.74","0.0","75.6","90.4","73.9","0.0","2.8","0.0","0.0","0.0","0.0","20.1","10.8","6.5"
"20230407","제주특별자치도","서귀포시","13.4","17.6","10.7","15.6","14.1","17.8","10.9","1.3","0.0","6.0","10.4","10.3","6.4","0.0","0.0","0.0","64.4","62.9","66.0","2.8","2.0","4.9","0.0","0.0","0.0","10.2","4.5","2.6"
"20230406","제주특별자치도","제주시","11.8","13.9","9.5","13.7","12.9","16.6","9.5","6.8","0.0","2.7","0.0","11.6","6.2","4.23","24.33","0.0","84.8","72.4","64.3","9.3","0.5","5.4","0.0","0.0","0.0","9.4","5.8","3.3"
"20230406","제주특별자치도","북제주군","10.8","13.6","8.0","12.9","12.3","15.6","9.3","4.1","0.0","2.6","0.0","11.6","6.4","5.11","23.81","0.0","84.9","82.0","73.2","9.4","0.3","0.0","0.0","0.0","0.0","14.9","7.7","6.4"
"20230406","제주특별자치도","서귀포시","12.5","15.8","10.6","14.4","13.8","17.6","10.5","8.1","0.0","4.4","4.7","10.9","6.4","0.0","0.0","0.0","84.3","63.8","65.2","8.5","0.5","4.8","0.0","0.0","0.0","8.2","6.6","2.6"
"20230405","제주특별자치도","제주시","16.2","21.5","12.4","13.0","12.6","16.3","9.2","8.4","0.0","2.9","0.0","7.1","6.2","1.92","17.99","0.0","84.4","52.3","64.3","9.8","5.5","5.3","0.0","0.0","0.0","18.1","8.4","3.3"
"20230405","제주특별자치도","북제주군","13.8","16.3","10.9","12.3","12.0","15.4","9.1","54.9","0.0","2.8","0.0","5.4","6.4","2.33","14.86","0.0","94.6","64.4","72.5","9.9","6.4","0.0","0.0","0.0","0.0","22.9","8.5","6.6"
"20230405","제주특별자치도","서귀포시","15.0","17.0","11.6","12.9","13.5","17.3","10.2","130.4","0.0","4.7","0.0","5.8","6.5","0.0","0.0","0.0","96.0","51.9","63.7","8.1","6.3","4.8","0.0","0.0","0.0","12.9","6.7","2.7"
"20230404","제주특별자치도","제주시","18.3","20.4","15.0","11.9","12.5","16.2","9.0","1.6","0.0","2.8","0.0","11.7","6.2","3.16","24.66","0.0","71.8","59.5","63.7","9.3","0.9","5.3","0.0","0.0","0.0","16.2","5.1","3.3"
"20230404","제주특별자치도","북제주군","16.9","18.6","14.6","11.5","11.9","15.3","9.0","9.5","0.0","2.3","0.0","11.8","6.5","5.57","24.98","0.0","79.9","66.9","71.5","10.0","1.1","0.0","0.0","0.0","0.0","20.3","6.7","6.8"
"20230404","제주특별자치도","서귀포시","17.2","19.0","14.8","12.6","13.4","17.3","9.9","4.9","0.0","4.1","0.0","11.3","6.5","0.0","0.0","0.0","87.1","49.3","62.1","9.8","1.0","4.9","0.0","0.0","0.0","8.7","5.1","2.7"
"20230403","제주특별자치도","제주시","16.1","20.2","13.2","10.4","12.2","16.0","8.8","0.0","0.0","3.0","9.6","11.7","6.6","22.48","24.92","0.0","67.0","60.0","62.9","4.9","0.0","5.0","0.0","0.0","0.0","14.3","6.0","3.3"
"20230403","제주특별자치도","북제주군","16.4","21.4","12.3","9.2","11.7","15.1","8.8","0.0","0.0","2.2","11.3","11.9","6.9","25.38","24.92","0.0","55.4","64.9","70.3","4.6","0.0","0.0","0.0","0.0","0.0","12.9","9.8","6.8"
"20230403","제주특별자치도","서귀포시","15.8","19.1","13.3","11.6","13.2","17.0","9.7","0.0","0.0","3.7","11.1","11.3","6.8","0.0","0.0","0.0","69.5","58.3","61.0","5.0","0.0","4.7","0.0","0.0","0.0","12.4","4.8","2.7"
"20230402","제주특별자치도","제주시","16.4","19.2","13.3","10.8","11.9","15.7","8.7","0.0","0.0","3.0","11.4","10.4","6.6","23.81","23.5","0.0","56.6","59.1","62.5","0.4","3.8","4.9","0.0","0.0","0.0","13.7","7.0","3.3"
"20230402","제주특별자치도","북제주군","16.7","21.4","12.3","9.5","11.5","14.7","8.5","0.0","0.0","2.3","11.7","10.5","7.0","24.64","23.75","0.0","41.8","64.0","69.6","0.0","2.3","0.0","0.0","0.0","0.0","16.3","10.8","7.2"
"20230402","제주특별자치도","서귀포시","17.0","20.6","14.5","11.4","13.0","16.8","9.5","0.0","0.0","4.1","11.4","9.3","6.9","0.0","0.0","0.0","47.6","50.1","60.3","0.3","3.9","4.7","0.0","0.0","0.0","11.7","4.7","2.7"
"20230401","제주특별자치도","제주시","16.4","19.9","12.9","11.9","11.8","15.6","8.5","0.0","0.0","3.1","9.7","8.1","6.5","19.68","21.82","0.0","73.4","67.9","63.0","5.8","5.6","5.0","0.0","0.0","0.0","11.8","10.4","3.4"
"20230401","제주특별자치도","북제주군","16.5","20.5","13.6","10.8","11.3","14.5","8.4","0.0","0.0","2.3","9.6","9.7","6.9","20.56","23.01","0.0","63.4","76.3","70.1","4.3","6.1","0.0","0.0","0.0","0.0","10.3","13.8","7.5"
"20230401","제주특별자치도","서귀포시","18.4","21.8","16.5","12.1","13.0","16.8","9.5","0.0","0.0","4.0","10.0","9.5","7.0","0.0","0.0","0.0","50.6","61.0","60.9","4.9","5.0","4.8","0.0","0.0","0.0","7.7","9.0","2.7"
"20230331","제주특별자치도","제주시","16.5","20.4","13.7","11.5","11.8","15.4","8.5","0.0","0.9","3.0","10.8","0.1","6.3","22.58","7.51","0.0","59.4","85.8","63.4","4.3","9.3","5.2","0.0","0.0","0.0","5.1","7.8","3.4"
"20230331","제주특별자치도","북제주군","14.9","16.5","12.9","9.9","11.2","14.3","8.4","0.0","0.0","2.6","10.5","0.6","6.5","22.66","7.77","0.0","62.5","94.0","70.8","4.1","9.1","0.0","0.0","0.0","0.0","13.5","15.1","7.6"
"20230331","제주특별자치도","서귀포시","18.3","22.9","13.0","15.5","12.9","16.6","9.5","1.3","0.0","4.7","10.2","1.1","6.6","0.0","0.0","0.0","41.6","77.9","62.5","4.4","9.1","5.0","0.0","0.0","0.0","7.6","5.6","2.6"
"20230330","제주특별자치도","제주시","14.6","17.9","9.6","15.4","11.5","15.2","8.3","0.0","0.0","2.9","3.8","3.7","6.0","15.51","14.14","0.0","60.3","85.3","63.5","7.3","8.4","5.4","0.0","0.0","0.0","11.5","6.8","3.3"
"20230330","제주특별자치도","북제주군","14.5","17.4","10.9","16.6","11.0","14.2","8.2","0.0","0.0","2.6","1.3","3.5","6.3","12.91","12.97","0.0","64.4","93.9","70.9","8.9","7.3","0.0","0.0","0.0","0.0","8.0","12.7","7.5"
"20230330","제주특별자치도","서귀포시","15.3","18.4","10.6","17.3","12.8","16.4","9.3","0.4","0.5","4.7","2.1","1.0","6.6","0.0","0.0","0.0","57.1","93.1","63.0","8.5","8.9","5.2","0.0","0.0","0.0","6.2","3.7","2.6"
"20230329","제주특별자치도","제주시","13.4","16.2","10.3","13.1","11.5","15.1","8.2","0.0","0.0","1.8","10.9","11.0","5.8","22.69","23.63","0.0","62.1","71.5","63.2","3.1","1.3","5.4","0.0","0.0","0.0","5.6","15.1","3.3"
"20230329","제주특별자치도","북제주군","12.7","15.2","10.4","12.8","10.9","14.0","8.1","0.0","0.0","1.8","10.6","11.3","6.1","22.28","23.25","0.0","67.5","69.4","71.0","4.0","2.0","0.0","0.0","0.0","0.0","7.4","7.6","7.3"
"20230329","제주특별자치도","서귀포시","14.2","18.1","11.0","13.5","12.7","16.4","9.2","0.0","0.0","3.4","10.4","9.9","6.5","0.0","0.0","0.0","67.3","68.3","63.1","5.3","2.9","5.3","0.0","0.0","0.0","4.5","6.2","2.5"
"20230328","제주특별자치도","제주시","12.3","16.6","7.1","10.8","11.3","14.8","8.0","0.0","0.0","1.9","10.5","2.8","5.7","21.96","14.6","0.0","50.0","56.4","63.0","0.4","7.5","5.5","0.0","0.0","0.0","5.0","10.4","3.3"
"20230328","제주특별자치도","북제주군","11.9","14.3","7.5","10.1","10.8","13.9","7.9","0.0","0.0","2.0","10.6","1.9","6.0","21.82","6.59","0.0","53.5","60.4","70.6","1.6","7.7","0.0","0.0","0.0","0.0","10.7","14.0","7.1"
"20230328","제주특별자치도","서귀포시","13.9","18.2","9.4","12.3","12.5","16.2","8.9","0.0","0.0","3.4","11.2","4.6","6.3","0.0","0.0","0.0","54.8","58.1","62.7","2.0","8.3","5.5","0.0","0.0","0.0","5.0","8.4","2.6"
"20230327","제주특별자치도","제주시","10.7","14.3","8.0","12.7","11.0","14.4","7.8","0.0","0.0","1.6","10.8","8.9","5.5","24.49","22.41","0.0","42.9","46.1","62.5","2.4","6.3","5.6","0.0","0.0","0.0","7.5","13.3","3.3"
"20230327","제주특별자치도","북제주군","9.4","10.8","8.1","11.4","10.4","13.5","7.6","0.0","0.0","2.0","10.8","8.8","5.9","24.83","21.39","0.0","44.6","63.9","69.9","3.0","6.9","0.0","0.0","0.0","0.0","19.2","14.8","7.1"
"20230327","제주특별자치도","서귀포시","13.0","16.9","10.1","14.8","12.1","15.8","8.6","0.0","0.0","3.4","10.2","9.6","6.0","0.0","0.0","0.0","49.4","54.5","62.1","3.6","6.6","5.6","0.0","0.0","0.0","6.1","8.3","2.5"
"20230326","제주특별자치도","제주시","11.9","14.9","9.0","12.1","10.7","14.1","7.5","0.2","4.4","2.0","8.2","0.0","5.6","19.2","2.14","0.0","62.4","85.6","62.1","5.0","9.5","5.5","0.0","0.0","0.0","10.2","18.3","3.4"
"20230326","제주특별자치도","북제주군","10.5","12.2","8.9","11.0","10.2","13.3","7.4","0.0","8.6","1.8","7.5","0.2","6.0","19.82","3.05","0.0","62.9","91.0","69.2","4.5","9.3","0.0","0.0","0.0","0.0","20.5","23.1","7.1"
"20230326","제주특별자치도","서귀포시","13.8","17.6","10.9","14.9","11.8","15.5","8.3","0.2","16.3","3.0","7.6","6.3","6.3","0.0","0.0","0.0","67.1","80.5","61.2","5.0","8.4","5.6","0.0","0.0","0.0","7.2","18.0","2.6"
"20230325","제주특별자치도","제주시","12.9","14.0","12.0","16.4","10.5","13.8","7.4","0.6","1.7","2.4","0.0","0.0","5.8","3.13","7.46","0.0","84.4","67.9","62.4","10.0","8.5","5.5","0.0","0.0","0.0","9.3","21.0","3.4"
"20230325","제주특별자치도","북제주군","12.6","14.6","11.3","16.1","10.0","13.1","7.2","1.3","15.9","2.1","0.0","0.0","6.1","5.95","7.25","0.0","84.1","88.1","68.9","9.6","7.5","0.0","0.0","0.0","0.0","12.7","19.5","7.2"
"20230325","제주특별자치도","서귀포시","13.3","14.9","12.3","16.0","11.6","15.3","8.1","2.3","13.2","3.6","0.0","0.0","6.1","0.0","0.0","0.0","83.0","87.8","60.8","10.0","9.0","5.6","0.0","0.0","0.0","7.9","16.1","2.6"
"20230324","제주특별자치도","제주시","11.5","12.6","10.8","11.2","10.2","13.5","7.2","8.3","0.0","3.0","0.0","10.7","5.6","2.86","22.09","0.0","84.5","60.0","63.5","10.0","0.0","5.6","0.0","0.0","0.0","6.8","8.2","3.5"
"20230324","제주특별자치도","북제주군","10.4","12.3","9.4","11.7","9.7","12.8","7.0","5.7","0.0","2.7","0.0","8.8","5.9","5.95","19.03","0.0","84.0","67.1","69.4","9.4","0.3","0.0","0.0","0.0","0.0","16.0","8.7","7.5"
"20230324","제주특별자치도","서귀포시","14.7","16.8","12.6","11.6","11.5","15.2","8.0","11.4","0.0","4.5","0.0","9.7","6.1","0.0","0.0","0.0","94.3","68.0","61.3","10.0","1.1","5.7","0.0","0.0","0.0","7.2","5.2","2.6"
"20230323","제주특별자치도","제주시","13.9","16.4","11.7","9.0","10.2","13.6","7.2","6.3","2.0","3.3","0.0","3.1","5.4","2.98","10.88","0.0","91.0","77.9","64.3","10.0","5.8","5.8","0.0","0.0","0.0","8.0","8.8","3.6"
"20230323","제주특별자치도","북제주군","12.9","17.1","10.3","8.8","9.7","12.8","6.9","5.2","0.1","2.7","0.0","5.9","5.8","6.88","13.65","0.0","90.8","79.1","70.3","8.5","5.3","0.0","0.0","0.0","0.0","17.4","11.0","7.7"
"20230323","제주특별자치도","서귀포시","17.4","19.3","16.5","10.8","11.5","15.1","8.1","1.9","0.7","4.6","0.6","4.0","5.9","0.0","0.0","0.0","96.6","72.9","62.3","9.5","6.3","5.9","0.0","0.0","0.0","5.1","5.4","2.7"
"20230322","제주특별자치도","제주시","17.8","21.7","15.4","9.4","10.4","13.9","7.3","0.0","4.4","3.6","0.8","6.8","5.5","9.1","16.89","0.0","90.4","64.3","64.5","8.3","7.5","5.7","0.0","0.0","0.0","10.4","7.3","3.6"
"20230322","제주특별자치도","북제주군","16.6","18.8","13.6","8.2","9.8","13.1","6.9","0.2","2.0","2.7","0.0","7.0","5.7","5.67","16.24","0.0","90.6","71.9","71.2","8.0","7.5","0.0","0.0","0.0","0.0","10.4","14.2","7.6"
"20230322","제주특별자치도","서귀포시","17.2","18.7","15.9","11.0","11.6","15.2","8.3","3.7","3.3","5.0","0.0","6.7","5.8","0.0","0.0","0.0","95.9","62.4","63.6","9.9","7.1","5.9","0.0","0.0","0.0","6.4","7.4","2.8"
"20230321","제주특별자치도","제주시","15.1","16.8","13.3","9.3","10.6","14.2","7.3","1.4","11.8","3.3","0.0","1.6","5.4","2.54","7.79","0.0","90.3","72.9","64.7","9.3","9.0","5.7","0.0","0.0","0.0","9.2","10.1","3.5"
"20230321","제주특별자치도","북제주군","14.9","18.8","11.6","8.5","9.9","13.2","7.0","6.2","15.5","2.6","2.9","0.7","5.6","9.82","5.65","0.0","86.0","75.8","72.1","8.0","10.0","0.0","0.0","0.0","0.0","7.6","11.3","7.5"
"20230321","제주특별자치도","서귀포시","16.0","17.9","13.9","9.9","11.8","15.5","8.4","6.2","19.0","5.0","0.1","0.1","5.7","0.0","0.0","0.0","89.4","73.3","64.5","9.6","9.4","5.8","0.0","0.0","0.0","9.5","8.8","2.7"
"20230320","제주특별자치도","제주시","12.5","15.6","7.3","7.9","10.7","14.4","7.3","0.0","0.0","3.8","0.8","0.0","5.1","8.92","5.84","0.0","67.4","72.4","65.0","8.8","9.3","5.7","0.0","0.0","0.0","5.1","7.4","3.5"
"20230320","제주특별자치도","북제주군","12.2","14.9","8.1","7.2","10.1","13.3","7.0","0.0","0.0","3.4","0.0","1.7","5.4","7.43","9.43","0.0","71.6","76.3","72.8","8.1","9.8","0.0","0.0","0.0","0.0","7.3","13.2","7.5"
"20230320","제주특별자치도","서귀포시","13.3","15.6","9.2","9.3","11.9","15.6","8.5","0.0","0.0","6.4","0.4","1.9","5.6","0.0","0.0","0.0","64.3","73.1","65.9","8.1","9.1","5.6","0.0","0.0","0.0","3.8","6.6","2.7"
"20230319","제주특별자치도","제주시","10.2","13.8","7.5","7.7","10.8","14.6","7.2","0.0","3.3","3.4","7.7","0.4","5.3","19.44","4.23","0.0","66.4","79.3","64.3","4.5","9.3","5.6","0.0","0.0","0.0","5.4","15.3","3.4"
"20230319","제주특별자치도","북제주군","9.2","10.8","7.8","7.2","10.1","13.4","7.0","0.0","0.4","3.1","9.9","0.6","5.5","21.72","4.62","0.0","69.9","84.0","72.5","4.4","9.5","0.0","0.0","0.0","0.0","15.8","22.4","7.4"
"20230319","제주특별자치도","서귀포시","12.5","16.3","9.1","8.5","11.9","15.6","8.3","0.0","0.0","5.9","9.8","4.8","5.7","0.0","0.0","0.0","63.0","75.9","65.8","5.1","8.1","5.5","0.0","0.0","0.0","5.6","12.9","2.7"
"20230318","제주특별자치도","제주시","11.3","14.7","8.6","10.3","10.7","14.4","7.2","0.0","32.1","3.3","9.2","0.0","5.3","22.6","1.75","0.0","60.9","94.0","64.0","3.6","9.8","5.7","0.0","0.0","0.0","9.8","16.2","3.3"
"20230318","제주특별자치도","북제주군","9.7","10.9","8.6","10.0","10.1","13.4","7.0","0.0","17.7","3.2","10.9","2.4","5.6","22.34","8.84","0.0","60.5","96.5","72.3","2.8","9.3","0.0","0.0","0.0","0.0","15.1","18.0","7.4"
"20230318","제주특별자치도","서귀포시","12.9","16.7","10.2","11.9","11.7","15.5","8.2","0.0","14.6","5.9","8.9","1.1","5.7","0.0","0.0","0.0","57.0","87.4","65.4","4.5","9.9","5.4","0.0","0.0","0.0","7.6","13.7","2.7"
"20230317","제주특별자치도","제주시","11.5","14.7","9.6","13.4","10.5","14.2","7.0","19.2","25.9","4.0","0.1","0.0","5.3","3.36","3.29","0.0","79.1","79.6","64.4","9.5","9.5","5.7","0.0","0.0","0.0","11.3","12.9","3.4"
"20230317","제주특별자치도","북제주군","10.6","13.9","8.9","13.4","10.0","13.1","6.8","12.2","31.3","3.8","0.0","0.0","5.6","3.65","4.15","0.0","81.3","88.6","72.2","9.8","9.3","0.0","0.0","0.0","0.0","15.7","13.4","7.5"
"20230317","제주특별자치도","서귀포시","12.1","14.6","9.6","13.8","11.6","15.3","7.9","13.4","26.2","6.8","0.0","0.0","5.9","0.0","0.0","0.0","78.4","83.8","64.8","10.0","9.5","5.3","0.0","0.0","0.0","8.6","12.3","2.7"
"20230316","제주특별자치도","제주시","11.0","14.6","7.9","13.7","10.3","14.0","6.9","0.0","0.0","4.1","10.0","9.4","5.1","20.56","20.37","0.0","57.1","74.8","64.2","4.0","2.3","5.6","0.0","0.0","0.0","7.9","5.6","3.5"
"20230316","제주특별자치도","북제주군","9.5","11.2","7.5","13.5","9.9","13.0","6.7","0.0","0.0","4.1","9.9","9.4","5.6","20.55","19.81","0.0","57.4","92.0","71.4","3.8","2.6","0.0","0.0","0.0","0.0","19.8","6.4","7.6"
"20230316","제주특별자치도","서귀포시","14.2","17.1","12.4","14.5","11.4","15.1","7.7","0.0","0.0","7.1","10.4","10.1","5.9","0.0","0.0","0.0","67.6","81.5","63.8","3.4","1.4","5.4","0.0","0.0","0.0","5.3","4.5","2.7"
"20230315","제주특별자치도","제주시","15.0","20.6","8.7","10.4","10.0","13.8","6.5","0.0","0.0","3.4","9.2","10.6","5.4","20.64","22.58","0.0","69.9","79.8","63.1","5.5","2.8","5.5","0.0","0.0","0.0","7.2","6.1","3.5"
"20230315","제주특별자치도","북제주군","15.7","19.5","10.5","9.2","9.7","13.0","6.6","0.0","0.0","3.2","8.2","11.1","5.9","18.18","21.89","0.0","70.9","90.3","70.2","4.5","1.4","0.0","0.0","0.0","0.0","16.9","13.0","7.5"
"20230315","제주특별자치도","서귀포시","16.3","20.4","11.8","14.0","11.1","14.9","7.4","0.0","0.0","5.9","8.0","10.8","6.1","0.0","0.0","0.0","68.4","73.0","62.5","4.9","1.3","5.3","0.0","0.0","0.0","4.6","5.0","2.8"
"20230314","제주특별자치도","제주시","10.7","15.9","3.9","13.8","9.8","13.4","6.3","0.0","0.0","3.3","11.0","0.6","5.5","23.09","5.12","0.0","57.6","94.9","62.2","0.0","9.5","5.4","0.0","0.0","0.0","6.3","11.7","3.6"
"20230314","제주특별자치도","북제주군","10.8","14.9","3.7","12.7","9.5","12.7","6.3","0.0","0.0","3.3","11.2","0.0","6.0","22.59","4.86","0.0","65.5","98.0","69.1","0.0","7.5","0.0","0.0","0.0","0.0","15.6","13.3","7.7"
"20230314","제주특별자치도","서귀포시","11.5","15.4","6.0","14.4","10.8","14.5","7.1","0.0","0.1","5.9","10.9","0.1","6.1","0.0","0.0","0.0","64.0","97.4","61.4","1.1","8.9","5.3","0.0","0.0","0.0","4.8","9.0","2.8"
"20230313","제주특별자치도","제주시","6.7","10.4","4.1","17.7","9.4","13.0","5.9","0.0","5.8","2.9","10.7","0.2","5.8","22.64","3.12","0.0","47.5","79.3","61.2","1.4","9.0","5.2","0.0","0.0","0.0","16.1","20.6","3.6"
"20230313","제주특별자치도","북제주군","5.6","8.2","4.0","14.6","9.1","12.4","6.0","0.0","8.1","2.9","10.9","0.1","6.1","22.61","2.33","0.0","49.4","96.8","67.6","1.9","9.1","0.0","0.0","0.0","0.0","27.3","12.8","7.7"
"20230313","제주특별자치도","서귀포시","7.8","12.2","4.6","15.7","10.5","14.3","6.8","0.0","9.4","4.9","10.6","0.0","6.3","0.0","0.0","0.0","52.0","94.4","60.2","2.0","9.6","5.2","0.0","0.0","0.0","8.8","5.9","2.7"
"20230312","제주특별자치도","제주시","11.1","21.6","5.6","17.0","9.2","12.7","5.7","9.6","0.0","2.3","1.8","10.0","5.9","3.31","20.24","0.0","69.5","72.9","60.7","8.9","2.6","5.1","0.0","0.0","0.0","15.5","6.9","3.6"
"20230312","제주특별자치도","북제주군","10.3","16.7","4.7","16.6","8.9","12.2","5.8","4.9","0.0","2.3","0.2","10.4","6.2","4.04","19.78","0.0","81.3","85.0","67.0","9.0","3.3","0.0","0.0","0.0","0.0","27.9","9.8","8.0"
"20230312","제주특별자치도","서귀포시","14.1","18.5","7.2","17.8","10.3","14.2","6.7","2.6","0.0","3.7","0.6","9.6","6.4","0.0","0.0","0.0","75.4","77.4","59.3","9.4","4.3","5.0","0.0","0.0","0.0","13.7","5.3","2.7"
"20230311","제주특별자치도","제주시","14.1","20.6","10.0","16.5","9.0","12.5","5.6","0.0","0.0","2.5","8.8","2.1","5.7","16.7","8.83","0.0","74.4","65.6","60.5","5.4","6.3","5.2","0.0","0.0","0.0","4.5","9.4","3.7"
"20230311","제주특별자치도","북제주군","15.1","19.9","10.5","15.7","8.6","11.9","5.6","0.0","0.0","2.2","8.5","1.1","6.0","18.98","6.66","0.0","83.1","79.1","67.1","5.3","8.0","0.0","0.0","0.0","0.0","9.6","9.6","8.2"
"20230311","제주특별자치도","서귀포시","15.6","19.0","11.3","16.5","10.1","14.0","6.5","0.0","0.0","3.7","7.9","0.0","6.3","0.0","0.0","0.0","74.8","73.6","59.8","4.4","8.8","5.1","0.0","0.0","0.0","3.2","3.0","2.7"
"20230310","제주특별자치도","제주시","13.2","17.5","8.0","12.5","8.8","12.2","5.5","0.0","0.0","2.7","9.9","10.2","5.6","18.39","20.29","0.0","84.5","55.0","60.5","0.0","5.6","5.3","0.0","0.0","0.0","5.3","5.7","3.8"
"20230310","제주특별자치도","북제주군","12.1","15.1","8.7","12.7","8.4","11.6","5.5","0.0","0.0","2.2","5.1","10.1","5.8","15.67","19.45","0.0","84.5","71.1","66.9","3.5","4.4","0.0","0.0","0.0","0.0","7.7","10.5","8.2"
"20230310","제주특별자치도","서귀포시","14.1","18.4","10.1","13.1","9.9","13.7","6.3","0.0","0.0","3.2","10.2","10.0","6.2","0.0","0.0","0.0","67.6","67.4","60.0","0.0","4.4","5.1","0.0","0.0","0.0","4.5","3.8","2.7"
"20230309","제주특별자치도","제주시","14.5","20.8","10.1","11.0","8.6","12.0","5.5","0.0","0.0","2.8","7.9","10.4","5.4","15.4","19.82","0.0","79.4","73.8","61.8","3.3","0.1","5.4","0.0","0.0","0.0","11.7","5.7","3.8"
"20230309","제주특별자치도","북제주군","13.2","17.3","9.1","9.8","8.2","11.3","5.5","0.0","0.0","1.9","3.9","10.5","5.6","13.52","19.73","0.0","87.4","90.5","68.0","6.8","0.8","0.0","0.0","0.0","0.0","10.5","9.7","8.4"
"20230309","제주특별자치도","서귀포시","15.8","18.0","13.6","11.8","9.8","13.5","6.4","0.0","0.0","2.8","8.2","10.8","6.2","0.0","0.0","0.0","81.9","67.8","60.6","3.5","0.0","5.0","0.0","0.0","0.0","7.7","4.2","2.7"
"20230308","제주특별자치도","제주시","14.8","20.5","9.7","9.5","8.7","12.0","5.6","0.0","0.0","3.5","9.4","10.4","5.0","16.16","19.6","0.0","56.8","55.3","63.0","4.5","0.0","5.6","0.0","0.0","0.0","8.0","6.9","3.9"
"20230308","제주특별자치도","북제주군","14.5","17.7","9.7","9.7","8.3","11.3","5.6","0.0","0.0","2.1","6.9","10.6","5.3","16.26","19.61","0.0","75.5","65.4","69.6","4.8","0.0","0.0","0.0","0.0","0.0","11.1","7.3","8.6"
"20230308","제주특별자치도","서귀포시","15.3","18.6","11.2","10.4","9.9","13.5","6.5","0.0","0.0","3.1","6.6","10.5","5.9","0.0","0.0","0.0","67.6","58.9","61.8","6.3","0.3","5.1","0.0","0.0","0.0","6.6","7.7","2.8"
"20230307","제주특별자치도","제주시","14.6","22.4","8.8","7.5","8.7","12.0","5.6","0.0","0.0","3.8","10.2","9.5","4.9","17.95","16.93","0.0","49.6","58.0","63.6","1.8","5.4","5.8","0.0","0.0","0.0","11.4","6.5","3.8"
"20230307","제주특별자치도","북제주군","13.4","16.2","10.0","6.4","8.4","11.3","5.6","0.0","0.0","2.5","9.9","9.3","5.1","18.92","16.54","0.0","73.1","62.3","70.2","0.6","4.4","0.0","0.0","0.0","0.0","9.5","12.1","8.4"
"20230307","제주특별자치도","서귀포시","13.7","16.9","10.0","8.9","9.9","13.5","6.4","0.0","0.0","3.7","10.2","7.7","5.8","0.0","0.0","0.0","64.3","62.6","63.0","0.8","5.6","5.2","0.0","0.0","0.0","8.2","4.2","2.8"
"20230306","제주특별자치도","제주시","12.3","17.3","7.2","6.4","8.7","11.9","5.5","0.0","0.0","3.8","10.5","9.8","4.8","19.66","20.19","0.0","57.1","53.5","64.2","0.0","5.1","5.8","0.0","0.0","0.0","11.2","11.1","3.9"
"20230306","제주특별자치도","북제주군","12.6","15.4","9.4","4.9","8.4","11.3","5.6","0.0","0.0","2.5","10.3","10.1","5.0","19.87","20.69","0.0","63.4","61.4","70.2","0.0","6.0","0.0","0.0","0.0","0.0","8.6","20.3","8.4"
"20230306","제주특별자치도","서귀포시","11.6","16.2","7.2","7.5","9.7","13.3","6.3","0.0","0.0","3.3","10.3","10.4","5.7","0.0","0.0","0.0","65.8","53.1","63.4","0.3","4.8","5.2","0.0","0.0","0.0","8.4","8.9","2.8"
"20230305","제주특별자치도","제주시","11.0","16.0","6.2","8.9","8.6","11.9","5.5","0.0","0.0","3.6","9.6","9.4","4.4","17.75","18.57","0.0","59.0","61.5","64.8","1.3","4.3","5.9","0.0","0.0","0.0","8.9","13.9","3.8"
"20230305","제주특별자치도","북제주군","11.9","16.4","8.4","7.5","8.3","11.2","5.6","0.0","0.0","2.3","10.1","10.4","4.8","18.81","19.34","0.0","56.3","68.8","70.3","1.0","3.4","0.0","0.0","0.0","0.0","7.1","20.4","8.4"
"20230305","제주특별자치도","서귀포시","10.7","15.6","7.4","11.1","9.7","13.2","6.4","1.2","0.0","3.6","4.8","10.2","5.5","0.0","0.0","0.0","66.1","55.9","63.4","3.5","2.9","5.4","0.0","0.0","0.0","6.0","10.9","2.8"
"20230304","제주특별자치도","제주시","9.7","14.7","5.8","12.6","8.5","11.8","5.4","0.0","0.0","3.2","8.9","6.0","4.7","17.25","13.44","0.0","55.4","54.6","64.0","4.0","4.6","5.8","0.0","0.0","0.0","6.0","12.7","3.7"
"20230304","제주특별자치도","북제주군","9.7","12.0","7.1","11.3","8.3","11.2","5.5","0.0","0.0","2.1","9.3","6.4","5.0","18.52","13.74","0.0","55.3","73.5","69.2","3.0","4.3","0.0","0.0","0.0","0.0","10.4","13.0","8.2"
"20230304","제주특별자치도","서귀포시","11.1","15.7","7.2","11.2","9.7","13.2","6.3","0.0","0.0","3.2","9.8","5.1","5.5","0.0","0.0","0.0","53.1","68.1","62.7","4.0","4.9","5.5","0.0","0.0","0.0","4.7","7.5","2.8"
"20230303","제주특별자치도","제주시","7.6","11.7","2.4","10.0","8.3","11.6","5.3","0.0","0.0","2.9","8.9","10.0","4.7","17.37","17.83","0.0","52.9","53.8","63.8","5.8","0.4","5.9","0.0","0.0","0.0","5.9","8.8","3.7"
"20230303","제주특별자치도","북제주군","7.2","9.6","3.4","10.0","8.0","10.9","5.4","0.0","0.0","2.1","8.1","9.7","5.1","18.33","16.65","0.0","52.0","64.3","68.5","5.0","1.1","0.0","0.0","0.0","0.0","15.6","12.2","8.4"
"20230303","제주특별자치도","서귀포시","8.9","12.8","3.8","9.2","9.6","13.1","6.2","0.0","0.0","3.1","8.4","8.4","5.5","0.0","0.0","0.0","55.1","60.1","62.2","4.8","1.0","5.6","0.0","0.0","0.0","6.1","9.3","2.7"
"20230302","제주특별자치도","제주시","6.7","9.0","4.7","6.4","8.3","11.6","5.3","0.0","0.0","2.9","10.3","5.6","4.4","20.2","13.6","0.0","49.4","58.6","64.0","2.5","3.9","6.1","0.0","0.0","0.0","15.0","11.0","3.7"
"20230302","제주특별자치도","북제주군","5.5","7.9","4.7","6.4","8.0","10.9","5.3","0.0","0.0","2.2","10.2","10.0","4.9","19.7","18.1","0.0","49.8","61.9","68.9","2.3","3.5","0.0","0.0","0.0","0.0","24.1","16.8","8.4"
"20230302","제주특별자치도","서귀포시","7.2","10.5","4.9","8.2","9.6","13.1","6.3","0.0","0.0","2.8","10.8","10.2","5.2","0.0","0.0","0.0","47.1","55.5","62.8","1.4","2.6","5.8","0.0","0.0","0.0","13.3","7.6","2.7"
"20230301","제주특별자치도","제주시","10.9","13.7","7.5","10.1","8.3","11.6","5.3","4.0","3.8","2.5","0.4","0.5","4.6","4.07","4.01","0.0","72.4","86.8","63.9","7.6","9.8","6.0","0.0","0.0","0.0","13.0","8.9","3.6"
"20230301","제주특별자치도","북제주군","10.4","13.9","7.6","9.8","8.0","10.9","5.3","7.0","1.0","2.0","1.6","0.2","5.2","6.61","4.46","0.0","76.0","91.3","69.0","7.5","9.0","0.0","0.0","0.0","0.0","21.7","17.4","8.3"
"20230301","제주특별자치도","서귀포시","12.0","14.5","9.1","13.4","9.7","13.2","6.4","11.5","1.5","2.8","3.3","5.2","5.4","0.0","0.0","0.0","70.4","74.9","62.8","8.4","7.1","5.7","0.0","0.0","0.0","9.0","9.3","2.6"
"20230228","제주특별자치도","제주시","11.4","16.4","5.5","8.7","8.2","11.5","5.3","0.0","0.0","3.0","10.8","1.5","4.7","20.28","7.34","0.0","66.4","57.0","64.4","2.5","6.4","6.0","0.0","0.0","0.0","6.8","4.5","3.5"
"20230228","제주특별자치도","북제주군","11.2","14.3","5.3","10.3","7.9","10.8","5.2","0.0","0.0","2.4","9.7","1.6","5.2","20.0","6.38","0.0","66.3","63.5","69.7","2.9","7.6","0.0","0.0","0.0","0.0","8.7","9.2","8.2"
"20230228","제주특별자치도","서귀포시","11.9","15.2","7.2","10.4","9.7","13.2","6.4","0.0","0.0","2.9","9.5","2.4","5.4","0.0","0.0","0.0","63.5","62.9","63.4","2.6","6.8","5.8","0.0","0.0","0.0","6.7","3.4","2.6"
"20230227","제주특별자치도","제주시","7.8","13.7","2.2","7.4","8.4","11.7","5.5","0.0","0.0","3.1","9.9","10.9","4.4","20.46","20.32","0.0","63.1","49.9","64.9","0.5","0.1","6.2","0.0","0.0","0.0","4.8","15.1","3.5"
"20230227","제주특별자치도","북제주군","8.4","12.8","4.3","6.4","8.0","10.9","5.3","0.0","0.0","2.5","10.2","10.9","4.9","19.95","20.45","0.0","66.9","56.1","70.5","0.6","0.0","0.0","0.0","0.0","0.0","8.4","21.0","8.1"
"20230227","제주특별자치도","서귀포시","8.7","13.2","4.0","9.1","9.8","13.2","6.5","0.0","0.0","3.2","10.8","10.8","5.1","0.0","0.0","0.0","63.5","47.3","64.5","0.5","0.0","5.9","0.0","0.0","0.0","5.2","8.7","2.5"
"20230226","제주특별자치도","제주시","5.9","10.1","3.4","9.8","8.3","11.6","5.3","0.0","0.0","2.7","9.5","10.5","4.4","20.06","19.04","0.0","54.9","51.8","64.4","2.1","1.8","6.1","0.0","0.0","0.0","10.0","13.6","3.4"
"20230226","제주특별자치도","북제주군","5.2","7.3","3.2","9.4","8.1","11.1","5.2","0.0","0.0","2.3","10.5","9.9","5.0","20.37","18.43","0.0","53.3","67.5","70.0","0.9","1.6","0.0","0.0","0.0","0.0","18.2","21.4","7.7"
"20230226","제주특별자치도","서귀포시","6.9","11.0","2.3","8.8","9.7","13.2","6.4","0.0","0.0","3.0","10.8","10.0","5.1","0.0","0.0","0.0","56.1","62.9","64.3","0.0","0.6","5.8","0.0","0.0","0.0","5.6","8.6","2.5"
"20230225","제주특별자치도","제주시","4.8","7.2","3.4","6.6","8.1","11.3","5.0","0.0","0.0","2.1","3.7","10.4","4.8","9.57","19.56","0.0","60.0","54.6","63.7","6.3","1.4","5.9","0.0","0.0","0.0","12.1","6.8","3.4"
"20230225","제주특별자치도","북제주군","4.4","6.6","3.6","6.5","7.8","10.8","5.1","0.0","0.0","1.6","3.0","10.5","5.5","11.33","18.43","0.0","62.3","55.5","69.0","6.4","0.8","0.0","0.0","0.0","0.0","23.0","15.1","7.8"
"20230225","제주특별자치도","서귀포시","7.0","10.5","3.9","6.9","9.4","13.0","6.1","0.0","0.0","2.3","10.4","9.7","5.7","0.0","0.0","0.0","53.4","63.4","62.8","0.1","2.6","5.5","0.0","0.0","0.0","8.9","6.9","2.5"
"20230224","제주특별자치도","제주시","8.5","12.3","6.4","3.4","7.9","11.2","4.8","2.0","0.0","2.4","5.9","0.2","4.5","13.07","3.91","0.0","62.8","59.4","64.0","5.1","6.4","6.0","0.0","0.0","0.0","11.4","10.0","3.5"
"20230224","제주특별자치도","북제주군","7.9","9.4","6.4","3.4","7.7","10.8","4.8","1.1","0.0","2.1","5.0","3.6","5.1","12.81","9.22","0.0","61.8","61.1","69.1","5.4","6.9","0.0","0.0","0.0","0.0","19.6","18.3","7.8"
"20230224","제주특별자치도","서귀포시","10.5","14.8","7.3","4.6","9.3","13.0","5.9","3.6","0.0","2.8","7.2","7.4","5.5","0.0","0.0","0.0","64.1","67.4","63.2","5.6","3.6","5.5","0.0","0.0","0.0","7.5","5.5","2.5"
"20230223","제주특별자치도","제주시","7.3","8.7","6.5","1.9","7.8","11.1","4.6","3.0","0.0","2.1","0.1","1.0","4.7","4.78","6.13","0.0","81.0","61.6","63.0","9.8","7.8","5.9","0.0","0.0","0.0","8.8","12.3","3.6"
"20230223","제주특별자치도","북제주군","7.0","7.6","6.1","1.6","7.6","10.6","4.7","1.5","0.0","2.1","2.4","2.2","5.3","10.66","5.72","0.0","79.3","65.9","68.2","9.3","8.4","0.0","0.0","0.0","0.0","12.9","17.3","8.0"
"20230223","제주특별자치도","서귀포시","10.1","12.5","8.2","4.5","9.1","12.7","5.7","4.9","0.0","3.4","2.2","5.8","5.7","0.0","0.0","0.0","83.6","64.6","62.6","9.6","5.9","5.3","0.0","0.0","0.0","4.4","6.8","2.6"
"20230222","제주특별자치도","제주시","7.3","10.7","2.4","4.4","7.5","10.9","4.3","0.5","0.0","1.9","3.1","4.3","5.0","8.14","11.93","0.0","77.6","57.6","62.5","7.1","7.3","5.6","0.0","0.0","0.0","7.2","11.0","3.7"
"20230222","제주특별자치도","북제주군","7.1","9.5","2.6","4.1","7.3","10.4","4.4","1.0","0.0","2.0","2.5","7.9","5.7","10.25","12.98","0.0","74.3","60.3","67.3","7.4","7.6","0.0","0.0","0.0","0.0","11.5","16.5","8.4"
"20230222","제주특별자치도","서귀포시","8.9","11.7","5.0","4.6","8.8","12.6","5.3","2.2","0.0","3.5","3.9","9.3","6.2","0.0","0.0","0.0","69.9","52.1","61.6","6.5","5.0","4.9","0.0","0.0","0.0","4.7","7.6","2.6"
"20230221","제주특별자치도","제주시","3.5","6.6","1.1","5.0","7.3","10.7","4.2","0.0","0.0","2.4","8.6","2.6","4.8","16.65","9.18","0.0","54.9","57.5","62.6","3.4","6.5","5.7","0.0","0.0","0.0","14.0","12.5","3.8"
"20230221","제주특별자치도","북제주군","2.7","4.3","1.4","5.0","7.1","10.1","4.3","0.0","0.0","2.4","7.9","5.2","5.5","16.91","9.82","0.0","54.4","55.8","67.3","6.1","7.8","0.0","0.0","0.0","0.0","21.0","18.3","8.6"
"20230221","제주특별자치도","서귀포시","4.4","8.4","1.0","4.2","8.6","12.4","5.2","0.0","0.0","4.6","10.5","8.2","6.1","0.0","0.0","0.0","50.9","53.9","61.7","1.0","4.6","4.9","0.0","0.0","0.0","5.9","6.9","2.6"
"20230220","제주특별자치도","제주시","5.9","10.1","2.9","1.8","7.1","10.4","4.1","0.0","0.1","2.3","7.1","2.6","4.4","14.89","9.18","0.0","56.1","68.4","62.2","4.5","7.9","5.9","0.0","0.3","0.0","15.1","20.0","3.8"
"20230220","제주특별자치도","북제주군","5.9","9.2","2.9","1.7","6.9","9.9","4.1","0.0","0.0","2.3","7.3","7.3","5.1","16.29","11.66","0.0","56.6","65.6","66.7","4.6","8.4","0.0","0.0","0.0","0.0","22.8","27.6","8.6"
"20230220","제주특별자치도","서귀포시","6.5","12.5","2.3","1.9","8.4","12.1","5.0","0.0","0.0","4.6","10.1","9.5","5.8","0.0","0.0","0.0","52.4","53.3","61.8","1.0","6.0","5.1","0.0","0.0","0.0","11.2","9.9","2.7"
"20230219","제주특별자치도","제주시","8.0","13.6","4.2","5.2","6.8","9.9","4.0","3.9","11.3","2.1","0.4","0.1","4.5","4.48","2.0","0.0","76.1","80.5","62.0","8.8","9.6","5.9","0.0","0.0","0.0","13.6","17.9","3.9"
"20230219","제주특별자치도","북제주군","7.5","12.8","4.6","4.7","6.6","9.5","4.0","1.7","1.3","1.6","1.0","1.0","5.3","7.49","5.61","0.0","78.0","82.5","66.2","6.6","8.6","0.0","0.0","0.0","0.0","22.6","24.6","8.9"
"20230219","제주특별자치도","서귀포시","10.3","14.4","6.0","6.4","8.2","11.9","4.9","2.1","3.7","3.9","7.6","2.9","6.1","0.0","0.0","0.0","68.1","76.1","61.1","6.6","8.8","5.2","0.0","0.0","0.0","8.5","8.3","2.7"
"20230218","제주특별자치도","제주시","13.5","16.2","11.5","6.0","6.6","9.7","3.8","2.3","2.6","1.9","0.0","1.1","4.0","3.06","7.73","0.0","88.1","71.3","62.4","9.5","8.8","6.2","0.0","0.0","0.0","9.2","11.8","4.0"
"20230218","제주특별자치도","북제주군","13.2","14.7","12.2","5.8","6.4","9.3","3.9","1.8","0.1","1.5","0.0","3.1","4.9","2.61","8.37","0.0","89.5","66.1","66.6","9.1","7.9","0.0","0.0","0.0","0.0","8.9","9.1","9.2"
"20230218","제주특별자치도","서귀포시","14.4","16.1","13.0","5.8","8.2","11.9","4.8","3.2","2.8","3.3","0.1","0.6","5.9","0.0","0.0","0.0","89.1","72.4","61.2","9.8","9.3","5.5","0.0","0.0","0.0","8.4","6.7","2.7"
"20230217","제주특별자치도","제주시","9.6","12.8","4.5","1.1","6.6","9.6","3.9","0.0","0.0","2.5","0.6","1.8","3.7","5.54","6.97","0.0","87.5","60.9","63.2","9.3","8.3","6.4","0.0","0.0","0.0","8.2","13.6","3.9"
"20230217","제주특별자치도","북제주군","10.1","14.7","6.0","0.6","6.4","9.2","3.9","1.2","0.0","1.8","0.1","3.0","4.5","3.46","7.5","0.0","86.6","64.3","66.9","0.0","8.6","0.0","0.0","0.0","0.0","10.2","23.6","9.2"
"20230217","제주특별자치도","서귀포시","11.1","14.7","6.6","1.9","8.2","11.8","5.0","1.0","0.0","3.8","0.0","3.6","5.4","0.0","0.0","0.0","83.6","59.3","62.4","9.0","7.4","5.8","0.0","0.0","0.0","2.8","7.0","2.6"
"20230216","제주특별자치도","제주시","7.0","8.2","5.3","2.3","6.7","9.8","3.9","0.9","0.0","2.3","0.0","1.0","3.7","0.6","5.8","0.0","87.8","65.3","63.4","9.3","8.0","6.5","0.0","0.0","0.0","6.5","14.6","3.9"
"20230216","제주특별자치도","북제주군","6.9","8.6","5.4","1.9","6.6","9.4","3.9","0.0","0.0","1.6","0.5","4.4","4.5","6.48","8.22","0.0","82.0","69.0","67.4","5.6","7.8","0.0","0.0","0.0","0.0","11.8","22.4","9.1"
"20230216","제주특별자치도","서귀포시","8.9","12.3","6.8","2.0","8.3","11.9","5.1","0.4","0.0","3.0","2.5","9.5","5.3","0.0","0.0","0.0","74.5","58.0","62.7","5.8","3.8","6.0","0.0","0.0","0.0","4.8","9.0","2.6"
"20230215","제주특별자치도","제주시","5.4","6.9","3.5","3.9","6.9","10.0","4.0","6.6","0.0","2.2","0.0","2.3","4.0","1.32","8.17","0.0","84.3","62.6","63.1","9.8","8.3","6.3","0.0","0.0","0.0","7.0","12.5","3.9"
"20230215","제주특별자치도","북제주군","5.6","7.1","3.7","3.4","6.7","9.4","4.1","0.1","0.0","1.7","3.1","7.3","4.7","8.47","10.59","0.0","73.9","66.6","67.8","7.3","7.8","0.0","0.0","0.0","0.0","14.6","21.3","9.1"
"20230215","제주특별자치도","서귀포시","8.1","11.3","4.7","5.4","8.5","12.1","5.1","0.0","0.0","3.0","4.0","9.0","5.6","0.0","0.0","0.0","66.5","57.1","63.1","6.0","2.8","5.8","0.0","0.0","0.0","5.6","12.0","2.6"
"20230214","제주특별자치도","제주시","6.4","9.2","4.2","9.3","7.0","10.2","4.0","0.0","0.0","2.3","6.4","2.0","4.2","13.68","7.54","0.0","67.3","70.9","62.7","6.3","6.6","6.0","0.0","0.0","0.0","9.4","9.3","3.9"
"20230214","제주특별자치도","북제주군","5.3","6.6","4.2","9.0","6.8","9.5","4.1","0.0","0.0","2.2","7.7","9.8","4.8","15.65","14.71","0.0","67.5","71.3","67.7","5.1","3.3","0.0","0.0","0.0","0.0","18.7","16.8","9.2"
"20230214","제주특별자치도","서귀포시","8.4","11.9","5.9","9.8","8.5","12.1","5.0","0.0","0.0","3.7","9.0","4.9","5.6","0.0","0.0","0.0","71.9","64.4","62.7","4.1","4.9","5.5","0.0","0.0","0.0","6.4","6.2","2.5"
"20230213","제주특별자치도","제주시","9.0","10.5","7.2","10.1","7.0","10.1","4.0","8.3","0.0","2.5","0.1","0.0","4.4","3.79","3.55","0.0","85.0","69.6","62.7","10.0","9.9","5.9","0.0","0.0","0.0","10.3","11.7","3.9"
"20230213","제주특별자치도","북제주군","8.2","11.2","6.4","9.6","6.9","9.6","4.2","2.3","0.0","2.2","0.0","0.0","4.9","4.94","2.22","0.0","84.0","71.3","67.8","9.0","9.8","0.0","0.0","0.0","0.0","18.1","10.3","9.1"
"20230213","제주특별자치도","서귀포시","10.0","11.8","7.2","10.0","8.4","12.0","4.9","6.7","0.2","3.6","0.0","0.0","5.6","0.0","0.0","0.0","85.8","71.0","62.9","8.9","10.0","5.4","0.0","0.0","0.0","11.1","7.0","2.6"
"20230212","제주특별자치도","제주시","10.9","13.7","9.7","10.0","6.8","9.9","3.8","28.1","0.0","2.2","1.3","0.0","4.2","3.18","6.37","0.0","84.1","54.5","62.4","8.5","9.5","6.0","0.0","0.0","0.0","13.2","9.6","3.8"
"20230212","제주특별자치도","북제주군","10.3","13.2","8.5","9.6","6.6","9.4","4.0","20.6","0.0","1.8","0.0","0.3","4.9","2.69","5.43","0.0","83.6","51.6","67.8","6.5","9.4","0.0","0.0","0.0","0.0","16.4","8.8","9.1"
"20230212","제주특별자치도","서귀포시","11.5","13.2","10.3","10.0","8.1","11.8","4.6","16.0","0.0","2.8","1.0","0.2","5.8","0.0","0.0","0.0","80.1","53.4","62.2","8.8","9.8","5.3","0.0","0.0","0.0","12.8","6.3","2.6"
"20230211","제주특별자치도","제주시","9.2","13.0","4.8","7.5","6.4","9.4","3.5","0.0","0.0","1.7","0.0","9.9","4.0","4.94","15.62","0.0","82.5","50.4","62.4","8.5","2.4","6.0","0.0","0.0","0.0","10.1","7.5","4.0"
"20230211","제주특별자치도","북제주군","9.1","12.1","4.6","7.5","6.3","8.9","3.7","0.3","0.0","1.6","0.0","10.0","4.7","3.97","15.39","0.0","74.4","47.8","67.7","8.6","4.3","0.0","0.0","0.0","0.0","11.9","11.0","9.4"
"20230211","제주특별자치도","서귀포시","10.4","12.6","5.6","7.9","7.7","11.4","4.2","0.0","0.0","2.8","0.0","9.6","5.9","0.0","0.0","0.0","74.1","53.3","61.7","8.6","3.4","5.2","0.0","0.0","0.0","5.1","6.3","2.5"
"20230210","제주특별자치도","제주시","8.4","10.6","5.8","6.9","6.1","9.0","3.4","16.9","7.2","1.9","0.8","6.4","3.4","5.99","13.77","0.0","83.3","61.8","63.5","7.8","4.9","6.4","0.0","0.0","0.0","16.1","9.4","4.1"
"20230210","제주특별자치도","북제주군","8.0","10.5","5.6","5.9","6.0","8.7","3.6","7.7","1.5","1.7","1.0","9.8","4.2","7.64","15.43","0.0","80.5","63.5","68.4","6.1","3.5","0.0","0.0","0.0","0.0","18.5","15.7","9.8"
"20230210","제주특별자치도","서귀포시","11.0","15.0","7.8","6.8","7.4","11.1","4.1","5.1","2.8","2.9","6.9","4.2","5.4","0.0","0.0","0.0","74.4","79.1","61.8","5.0","6.3","5.5","0.0","0.0","0.0","11.1","4.6","2.5"
"20230209","제주특별자치도","제주시","9.6","13.5","6.8","5.9","6.0","8.9","3.3","11.8","3.7","1.6","0.0","3.1","3.2","4.56","6.94","0.0","72.3","73.4","63.8","9.8","5.9","6.7","0.0","0.0","0.0","11.8","7.4","4.1"
"20230209","제주특별자치도","북제주군","9.2","12.7","6.8","6.1","6.0","8.8","3.5","12.2","1.1","0.9","0.4","5.3","3.9","4.42","10.67","0.0","69.3","70.9","68.3","9.5","6.6","0.0","0.0","0.0","0.0","14.8","10.3","9.6"
"20230209","제주특별자치도","서귀포시","10.2","13.4","8.3","6.8","7.4","11.1","4.0","11.4","5.2","1.7","0.1","4.5","5.3","0.0","0.0","0.0","69.5","75.1","62.0","9.5","6.3","5.7","0.0","0.0","0.0","10.3","4.3","2.5"
"20230208","제주특별자치도","제주시","8.6","12.8","4.6","5.4","6.0","8.8","3.4","0.0","0.0","1.5","9.4","8.2","3.1","14.65","14.06","0.0","57.5","56.5","63.8","3.4","4.4","6.7","0.0","0.0","0.0","8.1","9.6","4.0"
"20230208","제주특별자치도","북제주군","8.3","10.3","6.4","4.6","5.9","8.6","3.6","0.0","0.0","0.9","8.9","9.9","3.9","15.83","15.45","0.0","51.0","58.6","68.4","4.5","4.3","0.0","0.0","0.0","0.0","15.5","15.5","9.4"
"20230208","제주특별자치도","서귀포시","10.8","16.1","6.5","5.7","7.3","11.0","4.1","0.0","0.0","1.5","9.3","8.1","5.2","0.0","0.0","0.0","48.0","74.1","62.2","3.0","5.3","5.6","0.0","0.0","0.0","6.5","7.3","2.5"
"20230207","제주특별자치도","제주시","10.1","14.7","6.7","4.4","6.0","8.8","3.4","0.0","0.0","1.5","6.1","1.0","3.1","12.28","6.45","0.0","68.4","60.6","63.6","4.5","8.5","6.7","0.0","0.0","0.0","8.7","9.2","4.0"
"20230207","제주특별자치도","북제주군","9.7","12.1","8.2","3.6","6.0","8.6","3.6","0.0","0.5","1.0","5.1","2.0","4.0","11.36","6.66","0.0","64.8","65.4","68.2","7.0","8.9","0.0","0.0","0.0","0.0","13.2","13.7","9.5"
"20230207","제주특별자치도","서귀포시","11.3","15.9","8.8","5.0","7.3","10.9","4.0","0.3","3.9","1.6","5.0","2.2","5.2","0.0","0.0","0.0","69.8","75.6","62.6","7.0","8.5","5.6","0.0","0.0","0.0","7.0","6.0","2.5"
"20230206","제주특별자치도","제주시","8.2","11.2","4.6","4.5","6.1","8.8","3.5","5.3","0.1","1.4","0.0","3.0","3.1","2.27","9.3","0.0","70.8","61.4","63.1","9.8","7.5","6.7","0.0","0.0","0.0","6.8","15.7","3.9"
"20230206","제주특별자치도","북제주군","8.0","9.6","5.6","4.3","6.0","8.7","3.7","3.9","0.0","1.0","0.0","6.0","4.0","3.26","9.27","0.0","67.5","57.5","67.4","9.6","8.0","0.0","0.0","0.0","0.0","12.3","20.8","9.2"
"20230206","제주특별자치도","서귀포시","8.9","11.0","6.0","3.9","7.3","10.9","4.1","2.7","0.0","1.2","0.0","8.5","5.3","0.0","0.0","0.0","66.9","55.3","62.4","10.0","5.1","5.5","0.0","0.0","0.0","10.3","9.7","2.5"
"20230205","제주특별자치도","제주시","5.9","10.5","1.8","3.6","6.0","8.8","3.3","0.0","0.1","1.3","9.5","1.9","3.2","14.37","6.74","0.0","55.4","61.3","62.5","2.8","7.3","6.6","0.0","0.0","0.0","6.0","15.9","3.9"
"20230205","제주특별자치도","북제주군","6.4","9.4","2.9","2.9","5.9","8.6","3.6","0.0","0.1","0.9","8.8","4.8","4.1","15.16","8.32","0.0","56.1","67.8","66.4","3.5","9.4","0.0","0.0","0.0","0.0","0.0","22.8","9.2"
"20230205","제주특별자치도","서귀포시","7.7","12.1","4.4","2.7","7.2","10.9","3.9","0.0","0.0","1.1","7.5","8.1","5.6","0.0","0.0","0.0","64.0","57.0","61.5","4.4","6.0","5.3","0.0","0.0","0.0","5.6","13.5","2.5"
"20230204","제주특별자치도","제주시","5.8","9.0","4.0","4.4","5.7","8.4","3.2","0.0","0.0","1.2","8.4","1.1","3.2","13.61","4.91","0.0","60.5","60.6","62.1","3.6","7.0","6.5","0.0","0.0","0.0","7.8","13.6","3.9"
"20230204","제주특별자치도","북제주군","5.2","6.4","3.9","4.2","5.6","8.0","3.5","0.0","0.0","0.9","9.5","6.6","4.1","15.2","8.95","0.0","59.0","60.6","66.0","1.6","6.4","0.0","0.0","0.0","0.0","0.0","18.7","9.4"
"20230204","제주특별자치도","서귀포시","7.4","11.6","4.8","5.2","7.0","10.7","3.7","0.0","0.0","1.1","9.0","8.8","5.8","0.0","0.0","0.0","65.0","53.4","61.0","2.0","3.4","5.2","0.0","0.0","0.0","7.8","9.1","2.4"
"20230203","제주특별자치도","제주시","4.8","6.6","3.6","5.0","5.5","8.2","3.0","0.0","0.0","1.0","1.3","2.6","3.1","6.37","8.3","0.0","63.3","57.0","62.5","7.9","7.5","6.7","0.0","0.0","0.0","8.7","10.6","4.0"
"20230203","제주특별자치도","북제주군","4.4","5.1","3.4","4.2","5.4","7.8","3.2","0.0","0.0","0.8","2.4","5.0","4.0","9.39","8.2","0.0","63.5","58.3","66.0","8.1","7.3","0.0","0.0","0.0","0.0","0.0","14.6","9.8"
"20230203","제주특별자치도","서귀포시","7.9","11.0","5.7","6.5","6.9","10.5","3.5","0.0","0.0","1.1","7.2","5.3","5.9","0.0","0.0","0.0","66.5","54.6","61.0","6.8","6.3","5.2","0.0","0.0","0.0","7.6","6.4","2.4"
"20230202","제주특별자치도","제주시","5.0","8.3","3.4","5.0","5.5","8.2","3.0","0.0","0.0","1.2","8.0","0.8","2.9","13.42","5.53","0.0","57.6","61.9","63.0","5.8","9.0","6.8","0.0","0.0","0.0","10.4","8.4","4.0"
"20230202","제주특별자치도","북제주군","4.3","5.4","2.9","4.5","5.4","7.8","3.1","0.0","0.0","0.9","7.7","1.6","3.7","14.52","7.25","0.0","56.0","65.4","66.4","5.6","9.0","0.0","0.0","0.0","0.0","0.0","15.5","9.8"
"20230202","제주특별자치도","서귀포시","8.0","10.1","5.5","6.3","6.8","10.5","3.5","0.0","0.0","1.3","7.9","1.2","5.6","0.0","0.0","0.0","63.0","66.1","61.6","5.8","7.6","5.3","0.0","0.0","0.0","8.2","7.1","2.3"
"20230201","제주특별자치도","제주시","8.8","13.5","4.3","6.3","5.5","8.1","3.0","0.0","0.0","1.4","6.2","2.0","2.7","10.66","6.72","0.0","68.5","59.5","63.4","5.5","6.5","6.9","0.0","0.0","0.0","11.2","13.5","4.0"
"20230201","제주특별자치도","북제주군","8.9","12.8","4.3","6.0","5.4","7.7","3.1","0.0","0.0","0.9","7.7","6.5","3.5","13.04","9.07","0.0","70.6","61.5","66.7","5.3","7.0","0.0","0.0","0.0","0.0","0.0","19.9","9.9"
"20230201","제주특별자치도","서귀포시","12.2","15.5","8.4","6.4","6.8","10.5","3.5","0.0","0.0","1.4","8.5","9.1","5.5","0.0","0.0","0.0","61.3","55.5","62.0","5.8","3.0","5.4","0.0","0.0","0.0","8.3","10.7","2.3"
"20230131","제주특별자치도","제주시","7.2","14.4","1.1","5.9","5.6","8.2","3.3","0.0","0.0","1.9","9.1","4.9","2.6","14.29","10.88","0.0","55.9","59.5","64.0","0.9","5.4","6.9","0.0","0.0","0.0","7.8","8.8","4.0"
"20230131","제주특별자치도","북제주군","8.7","12.3","1.8","5.4","5.5","7.9","3.3","0.0","0.0","1.0","8.1","9.7","3.4","14.31","13.7","0.0","61.3","59.4","67.1","2.3","5.3","0.0","0.0","0.0","0.0","8.8","16.9","9.8"
"20230131","제주특별자치도","서귀포시","8.2","12.5","2.0","5.8","6.9","10.5","3.7","0.0","0.0","1.5","8.8","9.6","5.4","0.0","0.0","0.0","65.0","59.9","62.4","4.1","1.5","5.5","0.0","0.0","0.0","6.4","8.7","2.3"
"20230130","제주특별자치도","제주시","6.2","9.5","2.5","4.8","5.8","8.5","3.3","0.0","0.0","2.1","8.0","5.9","2.6","13.82","11.4","0.0","52.3","58.3","63.8","2.6","5.6","6.9","0.0","0.0","0.0","12.9","10.7","4.1"
"20230130","제주특별자치도","북제주군","5.6","8.1","3.1","4.2","5.7","8.2","3.3","0.0","0.0","1.2","9.2","6.0","3.5","15.0","9.63","0.0","51.0","63.5","67.0","2.4","6.6","0.0","0.0","0.0","0.0","0.0","19.8","9.6"
"20230130","제주특별자치도","서귀포시","5.8","10.5","2.5","7.4","7.0","10.6","3.7","0.0","0.0","1.7","9.6","8.2","5.3","0.0","0.0","0.0","50.1","56.8","62.6","0.3","5.5","5.4","0.0","0.0","0.0","7.3","7.6","2.4"
"20230129","제주특별자치도","제주시","6.7","8.3","4.4","4.6","5.8","8.4","3.3","0.0","0.0","2.4","0.1","1.5","2.7","3.19","6.2","0.0","57.0","62.6","62.9","8.0","8.4","6.7","0.0","0.0","0.0","13.1","9.6","4.0"
"20230129","제주특별자치도","북제주군","6.6","8.1","4.9","4.2","5.7","8.2","3.3","0.0","0.0","1.2","0.1","1.9","3.6","3.39","6.5","0.0","54.3","67.1","66.1","0.0","8.9","0.0","0.0","0.0","0.0","0.0","14.6","9.4"
"20230129","제주특별자치도","서귀포시","5.6","7.8","3.4","8.3","6.9","10.6","3.7","0.0","0.0","1.9","0.3","4.3","5.4","0.0","0.0","0.0","58.6","65.6","62.1","7.0","9.0","5.3","0.0","0.0","0.0","6.4","5.9","2.4"
"20230128","제주특별자치도","제주시","2.4","4.7","-0.7","5.2","5.7","8.2","3.3","0.8","0.0","2.7","0.7","2.4","2.7","4.17","7.59","0.0","68.8","65.9","62.7","8.8","6.8","6.6","1.5","0.0","0.0","16.9","8.6","4.1"
"20230128","제주특별자치도","북제주군","2.7","4.9","-0.3","4.8","5.7","8.1","3.3","0.9","0.0","1.2","0.5","5.7","3.6","4.15","10.99","0.0","63.4","70.3","65.5","8.0","8.6","0.0","0.0","0.0","0.0","22.7","16.4","9.6"
"20230128","제주특별자치도","서귀포시","2.2","4.5","-0.9","8.5","6.9","10.5","3.7","0.0","0.0","2.2","6.2","6.6","5.5","0.0","0.0","0.0","63.1","68.4","61.0","7.5","7.5","5.3","0.2","0.0","0.0","6.8","4.3","2.5"
"20230127","제주특별자치도","제주시","2.3","6.1","-0.1","5.9","5.7","8.1","3.2","4.8","0.0","2.7","0.3","0.4","2.7","2.44","4.82","0.0","82.6","67.5","62.9","9.3","7.1","6.7","3.7","0.0","0.0","19.6","8.9","4.2"
"20230127","제주특별자치도","북제주군","2.8","6.4","0.2","5.7","5.7","8.0","3.2","0.2","0.0","1.5","1.5","3.9","3.5","6.38","7.61","0.0","73.4","69.8","65.8","8.6","7.9","0.0","0.0","0.0","0.0","29.7","16.2","9.7"
"20230127","제주특별자치도","서귀포시","2.3","6.6","-0.2","9.4","6.8","10.4","3.5","1.4","0.0","2.3","3.6","4.1","5.3","0.0","0.0","0.0","70.1","73.8","61.1","8.1","8.5","5.2","0.5","0.0","0.0","8.9","4.6","2.5"
"20230126","제주특별자치도","제주시","5.8","9.6","0.4","7.5","5.4","7.9","3.0","0.5","0.0","2.2","1.8","0.8","2.7","6.61","5.19","0.0","69.4","66.9","62.9","9.4","8.4","6.7","0.0","0.0","0.0","10.5","9.4","4.3"
"20230126","제주특별자치도","북제주군","6.1","9.3","0.1","7.0","5.4","7.7","2.9","0.2","0.0","1.4","1.7","7.8","3.5","7.99","10.61","0.0","62.4","67.6","65.9","9.3","7.6","0.0","0.0","0.0","0.0","13.4","13.4","9.9"
"20230126","제주특별자치도","서귀포시","6.1","9.8","2.2","9.6","6.6","10.2","3.3","0.0","0.0","2.2","4.9","6.8","5.4","0.0","0.0","0.0","62.8","77.3","61.5","8.3","8.0","5.3","0.0","0.0","0.0","7.1","5.1","2.5"
"20230125","제주특별자치도","제주시","-0.7","1.8","-3.1","8.8","5.3","7.7","3.0","0.1","3.3","2.6","3.4","0.0","2.4","8.1","0.06","0.0","68.4","82.1","63.7","8.5","9.6","7.0","0.1","0.0","0.0","20.4","9.3","4.4"
"20230125","제주특별자치도","북제주군","-1.5","0.1","-4.5","8.6","5.3","7.6","2.9","3.6","0.6","1.6","2.5","0.0","3.2","9.26","3.69","0.0","76.1","85.6","66.5","0.0","8.4","0.0","0.0","0.0","0.0","24.6","11.0","10.3"
"20230125","제주특별자치도","서귀포시","-0.4","3.7","-4.4","9.3","6.5","10.1","3.3","0.0","0.2","2.4","8.9","0.0","5.3","0.0","0.0","0.0","64.6","86.9","61.5","5.8","9.4","5.5","0.0","0.0","0.0","5.9","4.4","2.5"
"20230124","제주특별자치도","제주시","-1.3","5.2","-3.4","10.3","5.4","7.8","3.1","2.3","0.0","2.8","0.4","1.3","2.1","2.78","5.79","0.0","75.8","73.6","64.9","8.8","8.1","7.3","1.6","0.0","0.0","24.3","11.2","4.3"
"20230124","제주특별자치도","북제주군","-1.5","5.0","-4.3","10.4","5.4","7.7","3.0","1.1","0.0","2.0","0.1","4.8","2.9","3.05","7.43","0.0","73.6","80.8","67.5","9.4","7.9","0.0","0.0","0.0","0.0","34.7","11.9","10.3"
"20230124","제주특별자치도","서귀포시","-2.1","6.2","-4.5","10.0","6.6","10.1","3.4","3.9","0.0","2.8","4.1","1.8","5.1","0.0","0.0","0.0","67.6","76.5","62.5","8.3","8.4","5.7","3.5","0.0","0.0","11.7","8.3","2.5"
"20230123","제주특별자치도","제주시","7.8","12.0","5.2","10.5","5.4","7.9","3.1","0.1","5.6","3.1","3.0","0.0","2.0","8.39","2.33","0.0","70.3","83.9","65.6","8.1","10.0","7.5","0.0","0.0","0.0","16.6","10.3","4.3"
"20230123","제주특별자치도","북제주군","7.3","9.1","4.6","9.9","5.4","7.8","3.0","0.0","6.7","2.2","3.2","0.0","2.8","9.68","4.04","0.0","67.3","89.5","68.4","7.5","9.6","0.0","0.0","0.0","0.0","21.8","12.6","10.2"
"20230123","제주특별자치도","서귀포시","9.1","13.0","6.1","10.1","6.7","10.2","3.5","0.0","6.8","2.8","6.5","0.0","5.0","0.0","0.0","0.0","62.1","87.8","63.4","7.0","10.0","5.8","0.0","0.0","0.0","9.5","10.3","2.5"
"20230122","제주특별자치도","제주시","7.0","9.5","2.0","10.6","5.6","8.1","3.3","5.8","1.3","3.3","0.0","2.0","2.0","1.3","8.39","0.0","78.9","70.0","65.8","9.3","8.6","7.5","0.0","0.0","0.0","10.0","10.1","4.3"
"20230122","제주특별자치도","북제주군","6.5","8.3","1.8","9.8","5.5","8.0","3.3","2.3","2.0","2.2","0.0","2.4","2.9","2.4","8.33","0.0","74.5","73.8","68.6","9.8","8.9","0.0","0.0","0.0","0.0","12.7","10.5","10.2"
"20230122","제주특별자치도","서귀포시","7.3","9.2","3.0","9.8","6.8","10.3","3.8","2.3","2.7","3.1","0.0","1.0","5.0","0.0","0.0","0.0","76.0","78.4","63.8","9.6","9.6","6.1","0.0","0.0","0.0","8.6","6.6","2.5"
"20230121","제주특별자치도","제주시","2.8","5.3","1.7","6.0","5.8","8.3","3.6","0.0","0.0","3.2","0.6","3.9","2.0","3.1","8.26","0.0","67.1","68.9","65.4","6.3","3.3","7.6","0.0","0.0","0.0","9.0","7.8","4.2"
"20230121","제주특별자치도","북제주군","2.9","4.9","1.4","6.2","5.8","8.2","3.5","0.0","0.0","2.2","5.9","1.8","2.9","11.37","6.2","0.0","65.6","66.9","68.2","6.4","7.3","0.0","0.0","0.0","0.0","11.4","6.8","10.0"
"20230121","제주특별자치도","서귀포시","3.9","7.0","1.8","7.5","7.1","10.5","4.0","0.0","0.0","3.1","0.7","3.3","4.9","0.0","0.0","0.0","69.5","65.4","63.8","5.9","7.6","6.2","0.0","0.0","0.0","5.2","5.9","2.5"
"20230120","제주특별자치도","제주시","6.2","9.8","2.3","2.9","6.0","8.4","3.6","0.0","0.0","2.7","1.7","2.3","2.0","6.02","6.76","0.0","58.3","61.8","64.9","7.5","6.3","7.5","0.0","0.0","0.0","14.5","16.3","4.1"
"20230120","제주특별자치도","북제주군","5.6","9.3","2.4","2.6","5.9","8.3","3.7","0.0","0.0","1.9","4.9","3.9","2.9","10.4","7.56","0.0","57.3","65.8","67.8","7.4","8.1","0.0","0.0","0.0","0.0","20.5","23.2","9.8"
"20230120","제주특별자치도","서귀포시","6.1","10.1","2.3","4.8","7.2","10.6","4.1","0.0","0.0","2.6","8.1","9.5","4.8","0.0","0.0","0.0","53.9","63.6","64.1","2.1","5.0","6.1","0.0","0.0","0.0","11.4","9.2","2.5"
"20230119","제주특별자치도","제주시","7.1","9.5","6.1","5.3","6.0","8.5","3.6","0.0","0.0","2.4","0.8","8.8","2.1","4.5","12.39","0.0","57.6","57.1","64.9","8.6","3.0","7.4","0.0","0.0","0.0","11.3","13.4","4.1"
"20230119","제주특별자치도","북제주군","7.1","9.4","5.9","5.2","6.0","8.3","3.7","0.0","0.4","1.5","1.6","8.9","3.0","5.86","12.57","0.0","55.1","59.5","67.8","8.6","3.3","0.0","0.0","0.0","0.0","15.7","18.2","9.6"
"20230119","제주특별자치도","서귀포시","6.8","9.7","5.3","6.2","7.3","10.7","4.2","0.0","0.2","2.1","2.9","7.0","4.9","0.0","0.0","0.0","55.5","65.0","63.8","7.0","5.6","6.0","0.0","0.0","0.0","8.2","9.1","2.5"
"20230118","제주특별자치도","제주시","6.1","7.9","4.7","3.8","6.1","8.5","3.8","0.0","0.0","2.2","0.5","6.6","2.0","3.16","10.87","0.0","60.4","56.8","64.9","8.9","3.0","7.4","0.0","0.0","0.0","10.4","15.0","4.0"
"20230118","제주특별자치도","북제주군","5.8","6.6","4.8","3.5","6.1","8.3","3.9","0.0","0.0","1.6","0.0","9.3","2.8","3.47","13.39","0.0","62.1","61.1","67.6","9.3","3.5","0.0","0.0","0.0","0.0","15.4","19.5","9.5"
"20230118","제주특별자치도","서귀포시","6.1","10.0","3.8","5.5","7.3","10.7","4.3","0.0","0.0","2.3","4.5","9.4","4.7","0.0","0.0","0.0","57.0","69.0","64.1","7.4","2.3","6.0","0.0","0.0","0.0","6.6","6.9","2.4"
"20230117","제주특별자치도","제주시","4.3","4.9","3.0","5.5","6.0","8.4","3.7","0.0","0.0","1.9","0.0","0.7","2.1","1.26","3.82","0.0","67.8","65.4","64.4","9.6","8.5","7.3","0.0","0.0","0.0","11.1","13.8","3.9"
"20230117","제주특별자치도","북제주군","4.4","5.1","2.9","5.3","6.0","8.2","3.8","0.0","0.0","1.3","0.0","4.3","3.0","1.36","6.86","0.0","64.8","66.6","66.9","9.6","8.1","0.0","0.0","0.0","0.0","18.3","20.9","9.4"
"20230117","제주특별자치도","서귀포시","5.9","8.5","3.5","6.9","7.2","10.7","4.2","0.0","0.0","1.8","2.9","4.6","4.8","0.0","0.0","0.0","63.9","62.8","63.4","7.6","7.1","5.9","0.0","0.0","0.0","5.6","8.2","2.4"
"20230116","제주특별자치도","제주시","3.4","4.0","2.9","7.0","6.0","8.4","3.7","0.0","0.3","2.3","0.0","1.1","2.0","2.08","4.84","0.0","67.3","68.4","64.8","9.3","8.4","7.2","0.0","0.0","0.0","14.1","12.2","3.9"
"20230116","제주특별자치도","북제주군","3.4","4.1","1.8","6.8","6.0","8.1","3.8","0.0","0.1","1.3","0.1","7.3","2.9","2.66","9.24","0.0","67.6","68.3","67.4","9.4","7.6","0.0","0.0","0.0","0.0","23.7","19.7","9.5"
"20230116","제주특별자치도","서귀포시","5.9","7.8","3.7","8.8","7.3","10.8","4.2","0.0","0.0","2.0","7.7","7.8","4.7","0.0","0.0","0.0","66.8","61.4","63.8","6.5","5.6","5.9","0.0","0.0","0.0","6.9","8.6","2.3"
"20230115","제주특별자치도","제주시","5.8","9.0","3.8","7.4","6.1","8.4","3.8","3.6","0.0","2.5","0.0","3.7","1.9","0.72","8.93","0.0","78.3","68.3","65.4","10.0","7.1","7.4","0.0","0.0","0.0","13.0","5.1","4.0"
"20230115","제주특별자치도","북제주군","5.5","8.6","3.3","6.9","6.0","8.2","3.8","1.5","0.0","1.6","0.0","1.1","2.8","1.63","6.49","0.0","77.9","72.8","67.8","9.0","8.3","0.0","0.0","0.0","0.0","25.5","9.4","9.5"
"20230115","제주특별자치도","서귀포시","9.6","13.4","6.1","7.8","7.2","10.7","4.2","2.0","0.0","2.5","0.0","1.6","4.5","0.0","0.0","0.0","85.0","65.9","64.4","10.0","7.8","6.1","0.0","0.0","0.0","4.2","7.2","2.3"
"20230114","제주특별자치도","제주시","10.9","14.5","8.9","4.3","6.2","8.4","3.9","2.2","0.0","2.1","0.0","2.6","1.9","0.61","6.64","0.0","94.4","65.8","64.8","9.9","8.0","7.5","0.0","0.0","0.0","9.4","13.3","4.1"
"20230114","제주특별자치도","북제주군","10.2","14.1","8.4","4.3","6.1","8.2","3.9","0.5","0.0","1.3","0.0","2.5","2.8","2.4","5.84","0.0","94.1","66.1","67.3","8.0","8.6","0.0","0.0","0.0","0.0","14.5","22.9","9.6"
"20230114","제주특별자치도","서귀포시","15.1","17.6","13.3","5.1","7.2","10.6","4.2","3.8","0.0","2.3","0.2","6.6","4.6","0.0","0.0","0.0","93.9","66.6","64.1","10.0","5.6","6.2","0.0","0.0","0.0","4.8","7.4","2.4"
"20230113","제주특별자치도","제주시","17.3","20.7","14.5","4.0","6.2","8.4","3.9","17.7","2.1","1.8","0.0","0.1","2.1","1.5","1.79","0.0","91.8","68.9","64.1","10.0","9.4","7.3","0.0","0.0","0.0","17.6","17.7","4.1"
"20230113","제주특별자치도","북제주군","16.0","17.8","14.0","4.2","6.1","8.3","4.0","34.1","2.8","0.9","0.0","1.9","3.0","1.16","4.52","0.0","98.1","70.3","67.0","9.5","9.1","0.0","0.0","0.0","0.0","18.0","27.3","9.6"
"20230113","제주특별자치도","서귀포시","16.6","17.8","15.4","4.3","7.2","10.8","4.2","45.7","2.1","1.7","0.0","7.6","4.6","0.0","0.0","0.0","99.0","62.3","63.4","10.0","7.1","6.0","0.0","0.0","0.0","13.7","12.1","2.4"
"20230112","제주특별자치도","제주시","13.1","17.7","7.4","3.8","6.2","8.4","4.0","2.5","0.0","1.7","1.5","0.3","2.0","3.57","3.75","0.0","70.9","68.4","64.0","5.6","8.6","7.3","0.0","0.0","0.0","7.2","14.5","4.1"
"20230112","제주특별자치도","북제주군","14.3","16.4","8.1","3.8","6.1","8.2","4.1","11.5","0.0","0.9","1.2","4.6","2.9","2.8","7.45","0.0","88.8","63.8","67.2","4.9","8.8","0.0","0.0","0.0","0.0","15.6","23.7","9.7"
"20230112","제주특별자치도","서귀포시","14.4","16.5","9.1","3.9","7.2","10.8","4.2","12.1","0.0","1.7","0.9","7.6","4.6","0.0","0.0","0.0","90.3","62.8","63.8","6.9","6.6","5.9","0.0","0.0","0.0","9.6","7.2","2.4"
"20230111","제주특별자치도","제주시","10.9","16.7","7.1","3.6","6.2","8.4","4.0","0.0","2.1","1.4","8.7","0.3","2.0","11.42","2.32","0.0","65.0","77.8","63.8","0.3","9.4","7.3","0.0","0.4","0.0","4.9","20.5","4.2"
"20230111","제주특별자치도","북제주군","10.6","16.3","7.2","3.5","6.2","8.4","4.1","0.0","1.6","0.9","9.6","4.0","2.8","12.19","6.37","0.0","63.4","77.1","66.8","1.1","8.9","0.0","0.0","0.0","0.0","6.8","31.5","9.7"
"20230111","제주특별자치도","서귀포시","10.7","15.0","7.2","3.6","7.2","10.8","4.1","0.0","0.2","1.4","9.3","5.1","4.8","0.0","0.0","0.0","68.1","66.4","63.3","0.9","8.3","5.7","0.0","0.0","0.0","4.2","9.9","2.4"
"20230110","제주특별자치도","제주시","8.8","15.3","3.6","7.6","6.2","8.5","4.0","0.0","0.1","1.9","7.8","1.2","1.9","11.49","5.36","0.0","71.9","70.4","63.7","1.8","8.6","7.3","0.0","0.0","0.0","10.7","10.1","4.2"
"20230110","제주특별자치도","북제주군","9.2","14.9","4.8","7.2","6.2","8.4","4.1","0.0","0.0","1.0","8.3","5.6","2.7","11.9","8.91","0.0","60.9","72.0","66.7","2.0","6.5","0.0","0.0","0.0","0.0","12.9","15.9","9.8"
"20230110","제주특별자치도","서귀포시","10.2","14.1","5.7","8.3","7.2","10.9","4.2","0.0","0.0","1.3","9.2","6.5","4.8","0.0","0.0","0.0","64.0","75.0","63.0","2.5","6.5","5.6","0.0","0.0","0.0","7.2","5.4","2.4"
"20230109","제주특별자치도","제주시","9.9","16.4","6.6","7.7","6.3","8.6","4.1","0.0","0.0","2.0","2.6","0.1","1.8","5.91","1.13","0.0","67.4","68.5","64.1","3.9","8.3","7.3","0.0","0.0","0.0","9.4","7.1","4.3"
"20230109","제주특별자치도","북제주군","11.4","17.5","7.3","8.0","6.3","8.6","4.2","0.0","0.0","1.2","3.8","3.4","2.6","6.33","5.35","0.0","67.6","66.0","67.2","4.5","5.1","0.0","0.0","0.0","0.0","15.4","11.9","10.1"
"20230109","제주특별자치도","서귀포시","11.8","16.9","8.5","8.3","7.3","11.0","4.3","0.0","0.0","1.8","6.2","4.4","4.6","0.0","0.0","0.0","71.5","69.8","63.5","1.8","6.0","5.6","0.0","0.0","0.0","8.5","6.6","2.4"
"20230108","제주특별자치도","제주시","8.6","14.6","3.8","6.6","6.5","8.9","4.2","0.0","0.0","1.9","8.4","0.0","1.9","11.01","2.71","0.0","62.1","69.4","64.1","0.0","7.5","7.4","0.0","0.0","0.0","4.8","7.6","4.3"
"20230108","제주특별자치도","북제주군","9.9","13.7","4.9","6.7","6.5","8.8","4.2","0.0","0.0","1.2","9.2","3.2","2.8","11.07","5.71","0.0","59.4","67.9","67.1","0.0","8.0","0.0","0.0","0.0","0.0","8.4","13.9","10.1"
"20230108","제주특별자치도","서귀포시","8.9","13.7","4.1","7.6","7.5","11.2","4.4","0.0","0.0","1.9","8.9","5.9","4.9","0.0","0.0","0.0","64.5","74.8","63.4","0.0","4.4","5.5","0.0","0.0","0.0","4.7","4.4","2.5"
"20230107","제주특별자치도","제주시","8.5","11.4","6.1","5.6","6.6","9.1","4.1","0.0","0.0","2.1","6.8","8.1","2.0","9.91","11.24","0.0","57.1","66.4","64.3","4.0","1.4","7.2","0.0","0.0","0.0","18.2","6.1","4.4"
"20230107","제주특별자치도","북제주군","8.7","11.4","7.4","6.2","6.6","9.0","4.2","0.0","0.0","1.4","8.6","8.8","2.8","11.09","10.85","0.0","54.3","68.6","67.1","2.0","2.9","0.0","0.0","0.0","0.0","26.6","11.2","10.0"
"20230107","제주특별자치도","서귀포시","8.4","12.4","6.4","7.2","7.6","11.3","4.5","0.0","0.0","2.1","9.1","8.2","4.8","0.0","0.0","0.0","51.4","60.0","63.4","0.8","3.1","5.6","0.0","0.0","0.0","12.0","5.2","2.5"
"20230106","제주특별자치도","제주시","9.2","12.3","5.6","7.3","6.6","9.3","4.0","1.7","0.0","2.0","1.0","7.1","2.4","5.01","10.97","0.0","69.6","64.6","63.8","8.0","4.9","6.8","0.0","0.0","0.0","14.8","13.3","4.3"
"20230106","제주특별자치도","북제주군","9.6","11.9","7.7","6.7","6.6","9.1","4.3","0.2","0.0","1.1","0.5","8.7","3.1","2.93","11.37","0.0","64.9","68.1","67.0","7.9","4.4","0.0","0.0","0.0","0.0","21.1","15.2","9.9"
"20230106","제주특별자치도","서귀포시","9.1","12.1","5.2","8.6","7.8","11.4","4.7","0.0","0.0","2.0","1.2","9.0","4.7","0.0","0.0","0.0","68.1","70.0","63.5","7.8","2.8","5.5","0.0","0.0","0.0","6.4","6.1","2.6"
"20230105","제주특별자치도","제주시","8.0","13.4","4.2","5.8","6.8","9.5","4.2","0.0","18.8","1.8","5.1","0.0","2.7","8.02","0.35","0.0","65.1","82.1","63.1","3.1","10.0","6.6","0.0","0.0","0.0","7.8","8.5","4.1"
"20230105","제주특별자치도","북제주군","8.6","12.8","3.7","5.1","6.8","9.3","4.4","0.0","17.4","1.0","5.6","0.0","3.4","8.1","1.64","0.0","62.9","87.5","66.7","3.1","9.6","0.0","0.0","0.0","0.0","9.8","11.5","9.5"
"20230105","제주특별자치도","서귀포시","7.9","13.1","4.1","6.7","8.0","11.6","4.9","0.0","21.6","1.7","8.8","0.0","4.9","0.0","0.0","0.0","62.4","89.6","63.3","1.1","9.9","5.4","0.0","0.0","0.0","7.7","6.3","2.5"
"20230104","제주특별자치도","제주시","6.2","9.9","4.1","6.8","6.9","9.6","4.2","0.0","0.0","1.5","7.6","0.9","2.9","10.91","3.36","0.0","63.4","62.9","62.5","2.4","6.8","6.3","0.0","0.0","0.0","8.9","10.8","4.0"
"20230104","제주특별자치도","북제주군","6.1","7.8","3.6","7.4","6.9","9.5","4.5","0.0","0.0","0.7","9.5","4.4","3.6","11.92","6.84","0.0","64.8","62.5","65.7","2.0","7.8","0.0","0.0","0.0","0.0","15.3","13.0","9.2"
"20230104","제주특별자치도","서귀포시","6.9","11.2","3.1","8.3","8.0","11.7","4.8","0.0","0.0","1.0","9.2","8.3","5.1","0.0","0.0","0.0","64.0","70.9","62.3","0.1","5.8","5.2","0.0","0.0","0.0","5.2","5.6","2.4"
"20230103","제주특별자치도","제주시","6.2","8.5","4.5","6.0","6.9","9.5","4.2","0.0","0.0","1.5","1.9","5.1","2.9","5.7","9.72","0.0","60.1","67.6","62.5","7.8","5.3","6.3","0.0","0.0","0.0","10.9","7.7","4.1"
"20230103","제주특별자치도","북제주군","6.0","8.1","4.6","6.3","6.9","9.4","4.5","0.0","0.0","0.7","5.7","9.0","3.4","8.57","11.94","0.0","58.9","68.5","65.6","10.0","3.3","0.0","0.0","0.0","0.0","19.1","11.8","9.4"
"20230103","제주특별자치도","서귀포시","6.1","10.1","3.4","8.5","7.9","11.6","4.7","0.0","0.0","0.9","7.5","8.4","5.1","0.0","0.0","0.0","64.3","70.8","62.2","2.5","2.8","5.1","0.0","0.0","0.0","5.5","5.1","2.4"
"20230102","제주특별자치도","제주시","5.2","7.8","3.7","7.2","6.9","9.5","4.3","0.0","0.0","1.6","3.2","1.3","2.8","6.42","4.4","0.0","61.5","67.1","62.6","7.5","5.1","6.4","0.0","0.0","0.0","11.5","11.2","4.2"
"20230102","제주특별자치도","북제주군","5.2","6.6","4.0","7.7","6.9","9.5","4.5","0.0","0.0","0.5","4.3","5.8","3.5","6.17","7.48","0.0","63.0","65.8","65.8","8.0","4.9","0.0","0.0","0.0","0.0","17.0","15.3","9.8"
"20230102","제주특별자치도","서귀포시","7.5","11.6","4.6","7.9","7.8","11.5","4.5","0.0","0.0","0.8","8.0","8.8","5.3","0.0","0.0","0.0","68.1","69.0","62.0","5.6","2.4","5.1","0.0","0.0","0.0","5.7","8.5","2.4"
"20230101","제주특별자치도","제주시","8.1","10.9","5.2","4.9","7.0","9.6","4.4","0.0","0.0","1.7","1.7","7.4","2.5","5.02","10.76","0.0","61.4","56.4","62.8","7.3","4.6","6.7","0.0","0.0","0.0","9.7","7.9","4.3"
"20230101","제주특별자치도","북제주군","8.4","10.5","6.2","4.8","7.0","9.6","4.5","0.0","0.0","0.6","4.2","8.5","3.3","6.09","11.12","0.0","58.5","61.8","65.9","7.0","4.8","0.0","0.0","0.0","0.0","15.1","10.5","10.0"
"20230101","제주특별자치도","서귀포시","8.2","12.7","3.6","7.0","7.8","11.6","4.5","0.0","0.0","0.8","7.7","5.8","5.2","0.0","0.0","0.0","61.0","72.3","62.2","4.3","5.0","5.2","0.0","0.0","0.0","5.6","7.3","2.4"
"20221231","제주특별자치도","제주시","7.0","9.8","5.4","4.9","7.0","9.5","4.3","0.0","0.0","1.3","5.6","0.2","2.4","8.77","2.3","0.0","58.0","62.9","63.1","6.0","8.5","6.7","0.0","0.0","0.0","10.9","16.4","4.4"
"20221231","제주특별자치도","북제주군","6.9","9.0","6.0","5.0","7.1","9.6","4.5","0.0","0.0","0.7","9.4","5.1","3.3","11.32","6.0","0.0","57.0","61.5","65.8","3.1","9.0","0.0","0.0","0.0","0.0","17.1","26.8","10.1"
"20221231","제주특별자치도","서귀포시","6.3","11.2","2.5","5.3","7.8","11.6","4.5","0.0","0.0","1.0","8.7","7.4","5.4","0.0","0.0","0.0","57.1","60.8","62.0","0.6","4.6","5.1","0.0","0.0","0.0","6.5","8.9","2.5"
"20221230","제주특별자치도","제주시","7.0","8.6","5.9","6.9","6.8","9.3","4.2","0.0","0.0","1.7","0.7","1.6","2.4","4.04","4.85","0.0","55.1","54.3","63.8","7.5","8.0","6.8","0.0","0.0","0.0","9.3","18.1","4.4"
"20221230","제주특별자치도","북제주군","6.9","8.8","5.6","6.7","6.9","9.4","4.4","0.0","0.0","0.9","5.7","5.0","3.2","7.49","6.38","0.0","55.1","60.5","66.6","7.8","8.8","0.0","0.0","0.0","0.0","16.1","25.5","10.1"
"20221230","제주특별자치도","서귀포시","5.9","10.1","2.7","6.5","7.7","11.4","4.5","0.0","0.0","1.2","3.9","8.6","5.2","0.0","0.0","0.0","61.1","52.4","62.6","6.1","5.0","5.3","0.0","0.0","0.0","5.4","12.3","2.5"
"20221229","제주특별자치도","제주시","6.0","7.7","4.9","9.3","6.8","9.3","4.2","0.0","0.4","1.8","0.3","1.6","2.3","3.09","4.94","0.0","63.9","63.3","63.8","8.0","8.5","6.7","0.0","0.0","0.0","11.8","12.8","4.3"
"20221229","제주특별자치도","북제주군","6.5","8.1","5.4","9.7","6.9","9.4","4.4","0.0","0.0","1.2","4.4","4.3","3.2","6.77","6.71","0.0","58.4","61.3","66.7","7.5","8.1","0.0","0.0","0.0","0.0","16.2","20.9","10.0"
"20221229","제주특별자치도","서귀포시","5.9","9.1","3.4","9.0","7.9","11.6","4.7","0.0","0.1","1.9","3.7","6.1","5.2","0.0","0.0","0.0","67.3","62.1","62.7","6.9","4.8","5.3","0.0","0.0","0.0","6.4","10.7","2.5"
"20221228","제주특별자치도","제주시","6.8","8.9","5.3","7.2","6.9","9.4","4.4","0.0","0.0","1.7","0.7","0.0","2.3","3.62","0.91","0.0","63.9","65.1","63.9","7.9","8.3","6.7","0.0","0.0","0.0","10.9","9.1","4.1"
"20221228","제주특별자치도","북제주군","6.9","8.2","5.9","8.0","7.0","9.5","4.6","0.0","0.0","1.5","2.1","0.5","3.2","4.69","2.33","0.0","57.3","62.0","66.9","7.8","8.8","0.0","0.0","0.0","0.0","16.2","13.4","9.6"
"20221228","제주특별자치도","서귀포시","6.7","11.3","4.3","7.0","8.1","11.8","5.0","0.0","0.0","2.1","2.4","4.0","5.3","0.0","0.0","0.0","61.5","63.3","63.2","5.9","7.6","5.2","0.0","0.0","0.0","6.8","6.1","2.4"
"20221227","제주특별자치도","제주시","6.5","8.1","5.6","4.1","7.0","9.5","4.5","0.0","0.1","1.6","0.6","0.1","2.3","3.75","1.37","0.0","65.8","71.8","64.3","6.9","8.1","6.8","0.0","0.5","0.0","10.7","12.8","4.2"
"20221227","제주특별자치도","북제주군","7.0","7.6","6.2","4.6","7.2","9.6","4.8","0.0","0.1","1.5","2.0","0.8","3.3","3.71","3.22","0.0","65.5","73.5","66.7","7.8","9.4","0.0","0.0","0.0","0.0","15.4","23.8","9.7"
"20221227","제주특별자치도","서귀포시","7.5","11.2","4.1","3.7","8.3","11.9","5.2","0.0","0.0","2.0","3.4","6.6","5.4","0.0","0.0","0.0","72.1","68.3","62.8","5.3","6.9","5.1","0.0","0.0","0.0","5.2","6.4","2.5"
"20221226","제주특별자치도","제주시","6.8","8.2","5.0","1.0","7.2","9.7","4.7","0.0","5.2","1.6","0.1","0.4","2.4","3.33","2.27","0.0","68.4","83.4","64.5","8.0","8.5","6.8","0.0","4.4","0.0","9.8","20.3","4.2"
"20221226","제주특별자치도","북제주군","7.2","8.0","5.7","1.7","7.3","9.8","4.9","0.0","0.9","1.3","0.1","2.8","3.3","3.68","5.02","0.0","63.1","74.5","67.0","8.9","8.9","0.0","0.0","0.0","0.0","15.9","26.5","9.6"
"20221226","제주특별자치도","서귀포시","6.8","11.6","3.6","0.6","8.4","12.1","5.3","0.0","1.0","1.7","4.9","6.2","5.4","0.0","0.0","0.0","72.3","79.9","62.8","4.3","8.1","5.2","0.0","1.0","0.0","4.6","6.2","2.4"
"20221225","제주특별자치도","제주시","5.7","7.8","3.9","2.5","7.5","10.1","5.1","0.0","0.0","1.4","0.1","0.0","2.4","2.8","0.52","0.0","69.4","68.4","64.5","6.5","9.0","6.7","0.0","0.0","0.0","13.5","18.4","4.1"
"20221225","제주특별자치도","북제주군","6.5","8.3","4.9","2.2","7.7","10.3","5.3","0.0","0.1","1.1","1.5","0.2","3.5","3.74","1.99","0.0","67.5","70.9","66.7","7.1","9.5","0.0","0.0","0.0","0.0","20.6","27.7","9.5"
"20221225","제주특별자치도","서귀포시","6.1","11.6","1.8","3.9","8.7","12.4","5.5","0.0","0.0","1.5","9.1","8.2","5.7","0.0","0.0","0.0","72.1","63.5","62.6","1.6","5.6","5.0","0.0","0.0","0.0","5.0","9.3","2.4"
"20221224","제주특별자치도","제주시","3.5","4.1","1.8","9.3","7.8","10.5","5.3","3.3","0.0","1.1","0.0","0.0","2.5","0.31","2.81","0.0","78.0","66.3","64.3","9.0","6.9","6.7","0.3","0.0","0.0","17.8","14.2","4.2"
"20221224","제주특별자치도","북제주군","4.3","5.6","1.7","9.9","8.0","10.7","5.5","1.9","0.0","0.8","0.2","2.1","3.7","2.21","5.91","0.0","74.8","66.9","66.4","9.1","6.8","0.0","0.0","0.0","0.0","27.9","24.5","9.4"
"20221224","제주특별자치도","서귀포시","3.6","7.5","0.1","11.3","8.9","12.6","5.6","0.6","0.0","0.8","6.4","0.7","5.7","0.0","0.0","0.0","70.0","65.3","62.6","6.4","6.1","4.9","0.9","0.0","0.0","10.0","6.7","2.5"
"20221223","제주특별자치도","제주시","1.7","2.8","-0.4","9.9","8.1","10.9","5.6","3.5","0.0","1.3","0.3","8.3","2.5","2.41","10.88","0.0","78.0","56.4","64.7","8.6","0.0","6.7","2.5","0.0","0.0","22.9","5.9","4.2"
"20221223","제주특별자치도","북제주군","2.0","3.5","-0.3","11.3","8.3","11.0","5.7","3.0","0.0","0.8","2.2","9.5","3.6","4.34","11.35","0.0","76.9","55.1","66.4","8.0","0.1","0.0","0.0","0.0","0.0","31.1","8.0","9.3"
"20221223","제주특별자치도","서귀포시","0.8","3.3","-1.3","11.0","9.1","12.8","5.8","3.9","0.0","0.9","4.3","9.1","5.4","0.0","0.0","0.0","71.1","49.8","62.7","7.8","0.0","5.0","2.0","0.0","0.0","9.5","4.1","2.5"
"20221222","제주특별자치도","제주시","3.4","7.7","0.4","10.0","8.3","11.0","5.8","4.5","0.0","1.4","0.0","8.6","2.5","0.32","11.58","0.0","72.0","58.4","64.8","9.3","0.0","6.7","0.2","0.0","0.0","22.2","5.5","4.0"
"20221222","제주특별자치도","북제주군","3.1","7.9","0.5","10.9","8.4","11.1","5.9","2.7","0.0","0.9","0.8","9.6","3.6","2.77","11.88","0.0","82.4","57.6","66.6","8.0","0.4","0.0","0.0","0.0","0.0","32.4","9.4","8.9"
"20221222","제주특별자치도","서귀포시","2.9","6.9","-0.9","11.6","9.2","13.1","5.9","2.6","0.0","1.1","5.7","9.1","5.2","0.0","0.0","0.0","68.9","44.9","63.1","8.0","0.0","5.1","2.4","0.0","0.0","8.9","5.8","2.5"
"20221221","제주특별자치도","제주시","9.3","10.9","7.7","12.4","8.3","11.0","5.7","17.7","0.0","1.5","0.0","3.0","2.4","0.97","7.24","0.0","79.9","65.1","64.5","9.5","3.5","6.7","0.0","0.0","0.0","15.7","9.3","4.0"
"20221221","제주특별자치도","북제주군","9.9","13.9","7.7","13.4","8.5","11.0","5.9","7.5","0.0","1.1","1.3","5.9","3.5","3.09","6.74","0.0","72.1","62.8","66.5","10.0","4.8","0.0","0.0","0.0","0.0","21.5","14.7","8.9"
"20221221","제주특별자치도","서귀포시","9.3","13.0","6.8","12.6","9.2","12.9","5.9","3.7","0.0","1.2","2.7","4.0","5.1","0.0","0.0","0.0","72.9","58.5","63.5","8.3","4.5","5.2","0.0","0.0","0.0","7.9","6.6","2.5"
"20221220","제주특별자치도","제주시","8.3","12.1","4.1","11.3","8.1","10.8","5.5","0.0","0.0","1.4","8.0","8.1","2.3","9.85","10.36","0.0","70.0","54.4","63.9","3.6","5.3","6.7","0.0","0.0","0.0","8.5","13.7","4.0"
"20221220","제주특별자치도","북제주군","10.0","13.6","5.4","12.1","8.3","10.7","5.8","0.0","0.0","1.1","8.6","8.1","3.3","11.24","8.47","0.0","56.9","55.1","66.6","6.3","5.3","0.0","0.0","0.0","0.0","10.7","15.4","9.0"
"20221220","제주특별자치도","서귀포시","8.5","12.1","3.6","10.3","9.0","12.7","5.7","0.0","0.0","1.2","8.2","5.9","4.9","0.0","0.0","0.0","63.1","59.6","63.5","3.5","6.9","5.3","0.0","0.0","0.0","3.7","7.9","2.4"
"20221219","제주특별자치도","제주시","6.3","8.5","2.5","8.0","8.0","10.6","5.5","0.3","0.1","1.6","0.8","2.6","2.2","3.8","6.24","0.0","59.4","56.8","64.4","8.0","5.6","6.8","0.0","0.0","0.0","14.7","15.1","4.1"
"20221219","제주특별자치도","북제주군","6.8","10.1","2.6","8.2","8.1","10.5","5.7","0.8","0.2","1.2","5.0","6.3","3.1","7.32","6.59","0.0","56.3","57.5","67.1","8.0","5.6","0.0","0.0","0.0","0.0","21.8","21.5","9.4"
"20221219","제주특별자치도","서귀포시","5.3","8.2","1.3","7.4","9.0","12.6","5.7","0.0","0.0","1.5","6.3","8.8","4.8","0.0","0.0","0.0","59.4","60.9","63.7","5.3","4.1","5.5","0.0","0.0","0.0","6.9","10.9","2.4"
"20221218","제주특별자치도","제주시","2.5","4.0","-0.3","4.0","7.9","10.5","5.3","1.0","0.7","1.5","0.9","0.1","2.2","3.71","2.24","0.0","70.5","72.5","64.2","8.5","9.3","6.8","1.2","0.0","0.0","22.3","15.7","4.1"
"20221218","제주특별자치도","북제주군","2.7","4.5","-0.4","4.5","8.0","10.5","5.6","2.3","0.6","1.1","3.0","0.1","3.0","5.11","1.8","0.0","71.6","70.3","67.1","8.4","9.4","0.0","0.0","0.0","0.0","31.2","24.4","9.5"
"20221218","제주특별자치도","서귀포시","0.7","3.4","-1.8","4.7","8.9","12.5","5.6","7.5","0.0","1.2","3.6","3.1","4.8","0.0","0.0","0.0","73.1","61.3","63.8","8.6","7.8","5.7","4.6","0.0","0.0","10.7","6.4","2.3"
"20221217","제주특별자치도","제주시","3.4","5.7","0.3","5.9","7.9","10.5","5.2","1.2","0.7","1.3","0.5","0.7","2.3","2.54","2.63","0.0","76.9","73.1","63.7","9.1","9.1","6.8","0.4","0.0","0.0","20.5","25.2","4.2"
"20221217","제주특별자치도","북제주군","3.6","5.6","0.4","5.9","8.0","10.5","5.5","0.9","0.1","0.9","1.2","1.9","3.0","2.99","3.9","0.0","76.0","69.9","66.9","9.3","9.1","0.0","0.0","0.0","0.0","29.2","34.9","9.7"
"20221217","제주특별자치도","서귀포시","3.6","7.8","-0.8","5.5","8.8","12.4","5.6","4.3","1.4","1.2","2.6","6.5","4.8","0.0","0.0","0.0","69.8","65.9","63.3","9.1","7.4","5.6","3.4","0.4","0.0","9.9","11.1","2.3"
"20221216","제주특별자치도","제주시","5.7","9.2","4.5","10.9","7.9","10.5","5.3","0.0","21.5","1.2","0.0","0.0","2.3","1.02","1.0","0.0","68.3","82.5","63.6","9.9","9.9","6.8","0.0","0.0","0.0","15.7","10.0","4.2"
"20221216","제주특별자치도","북제주군","6.0","10.6","4.3","11.0","8.0","10.6","5.6","0.6","13.7","0.9","0.0","0.1","3.1","1.45","2.65","0.0","69.4","86.4","66.4","9.5","9.4","0.0","0.0","0.0","0.0","13.8","17.4","9.8"
"20221216","제주특별자치도","서귀포시","9.2","11.8","6.8","11.9","8.9","12.5","5.7","0.0","11.7","1.4","0.2","0.0","4.9","0.0","0.0","0.0","63.6","93.0","62.5","9.4","10.0","5.5","0.0","0.0","0.0","5.2","3.4","2.3"
"20221215","제주특별자치도","제주시","7.0","11.0","2.4","11.3","8.1","10.8","5.4","0.0","0.1","1.6","4.5","1.2","2.5","8.88","3.7","0.0","60.9","74.9","63.9","4.1","6.5","6.8","0.0","0.0","0.0","8.3","6.5","4.2"
"20221215","제주특별자치도","북제주군","7.0","10.8","4.5","13.5","8.2","10.9","5.7","0.0","0.5","1.2","5.7","5.6","3.1","8.01","7.16","0.0","55.6","77.0","66.3","6.6","7.3","0.0","0.0","0.0","0.0","13.7","11.7","9.8"
"20221215","제주특별자치도","서귀포시","6.4","10.6","3.0","12.4","9.1","12.7","5.9","0.0","0.3","1.9","8.1","4.2","4.9","0.0","0.0","0.0","58.4","73.9","62.9","4.3","5.0","5.6","0.0","0.0","0.0","5.6","6.6","2.3"
"20221214","제주특별자치도","제주시","4.2","7.4","2.5","8.5","8.2","10.9","5.5","2.1","0.0","1.6","1.1","6.0","2.6","4.05","9.68","0.0","70.9","60.8","63.4","7.8","4.1","6.7","0.0","0.0","0.0","18.2","8.5","4.0"
"20221214","제주특별자치도","북제주군","4.8","7.3","3.1","8.8","8.4","11.0","5.8","0.2","0.0","1.4","4.4","7.9","3.1","7.0","9.03","0.0","64.6","62.4","65.8","8.8","4.4","0.0","0.0","0.0","0.0","27.4","12.3","9.3"
"20221214","제주특별자치도","서귀포시","4.5","7.3","2.8","8.3","9.2","12.8","6.1","0.0","0.0","1.9","6.6","6.4","4.8","0.0","0.0","0.0","58.6","66.0","62.8","6.8","3.6","5.7","0.0","0.0","0.0","9.8","8.3","2.3"
"20221213","제주특별자치도","제주시","9.6","12.0","7.4","6.6","8.3","11.0","5.6","0.0","0.0","1.8","2.3","0.0","2.6","5.68","1.91","0.0","53.6","62.8","63.4","7.0","9.0","6.7","0.0","0.0","0.0","18.1","14.4","4.0"
"20221213","제주특별자치도","북제주군","9.5","12.4","7.2","6.5","8.5","11.0","6.0","0.0","0.0","1.4","4.7","0.0","3.2","6.28","1.67","0.0","55.8","64.8","65.6","7.9","9.3","0.0","0.0","0.0","0.0","25.2","22.5","9.4"
"20221213","제주특별자치도","서귀포시","9.2","12.3","6.0","7.6","9.4","12.9","6.3","0.0","0.0","1.8","8.2","5.8","5.0","0.0","0.0","0.0","55.1","66.3","62.4","1.5","6.8","5.5","0.0","0.0","0.0","11.5","5.4","2.3"
"20221212","제주특별자치도","제주시","8.4","10.5","5.3","10.6","8.6","11.2","5.9","0.0","0.0","2.3","0.6","1.1","2.5","1.64","3.8","0.0","67.8","66.0","63.8","7.4","8.6","6.7","0.0","0.0","0.0","13.1","16.5","4.0"
"20221212","제주특별자치도","북제주군","8.9","11.3","4.9","10.4","8.7","11.3","6.3","0.0","0.0","1.9","1.1","3.6","3.1","4.21","5.26","0.0","64.3","67.6","66.1","7.6","8.5","0.0","0.0","0.0","0.0","18.1","22.9","9.2"
"20221212","제주특별자치도","서귀포시","9.8","14.3","5.8","11.4","9.7","13.2","6.6","0.0","0.0","2.2","2.3","3.6","4.9","0.0","0.0","0.0","61.0","67.4","63.1","7.4","6.0","5.6","0.0","0.0","0.0","10.2","7.9","2.3"
"20221211","제주특별자치도","제주시","9.1","10.7","5.7","12.3","8.7","11.4","5.9","0.0","0.0","2.4","3.6","0.2","2.6","6.46","2.24","0.0","62.1","70.4","64.1","5.3","9.4","6.7","0.0","0.0","0.0","18.7","6.6","3.9"
"20221211","제주특별자치도","북제주군","8.8","10.8","6.8","12.0","8.9","11.4","6.3","0.0","0.0","1.8","4.2","6.4","3.1","5.45","9.6","0.0","62.6","72.3","66.4","5.9","8.1","0.0","0.0","0.0","0.0","18.7","11.9","8.9"
"20221211","제주특별자치도","서귀포시","9.5","12.4","6.1","13.3","9.8","13.3","6.7","0.0","0.0","2.1","8.8","7.3","4.8","0.0","0.0","0.0","54.9","73.4","63.7","2.6","5.1","5.7","0.0","0.0","0.0","11.3","6.0","2.3"
"20221210","제주특별자치도","제주시","11.1","14.5","8.7","13.6","8.8","11.5","5.9","0.0","0.0","2.3","0.8","1.9","2.5","5.83","5.1","0.0","69.0","75.3","63.7","8.9","6.4","6.7","0.0","0.0","0.0","8.0","7.7","4.0"
"20221210","제주특별자치도","북제주군","11.4","14.2","9.9","13.3","9.0","11.4","6.4","0.0","1.3","1.6","1.9","8.3","3.0","6.99","10.1","0.0","68.8","78.6","66.1","8.3","3.4","0.0","0.0","0.0","0.0","13.0","12.7","8.9"
"20221210","제주특별자치도","서귀포시","12.5","16.9","8.8","14.3","9.9","13.3","6.7","0.4","0.0","1.9","2.1","8.7","4.9","0.0","0.0","0.0","70.0","66.6","63.3","8.0","1.3","5.7","0.0","0.0","0.0","5.5","7.0","2.3"
"20221209","제주특별자치도","제주시","11.2","14.6","8.1","12.6","8.9","11.7","6.1","0.0","0.5","2.2","0.7","1.0","2.5","4.25","2.61","0.0","59.4","80.1","64.2","8.0","7.8","6.7","0.0","0.0","0.0","6.3","8.8","4.0"
"20221209","제주특별자치도","북제주군","12.0","14.9","10.0","13.1","9.2","11.7","6.6","0.0","0.0","1.4","0.8","3.5","3.2","5.09","6.87","0.0","55.4","75.1","66.4","8.0","6.6","0.0","0.0","0.0","0.0","8.9","7.6","8.9"
"20221209","제주특별자치도","서귀포시","11.0","14.7","7.9","14.1","10.0","13.6","6.7","0.0","0.0","1.7","1.0","5.1","5.0","0.0","0.0","0.0","54.3","70.9","63.3","7.4","6.5","5.6","0.0","0.0","0.0","3.8","7.2","2.3"
"20221208","제주특별자치도","제주시","9.0","12.5","5.2","11.3","8.9","11.7","6.1","0.0","0.0","2.3","0.8","7.0","2.7","6.03","10.12","0.0","61.5","68.8","64.6","7.3","2.0","6.6","0.0","0.0","0.0","5.7","8.7","3.9"
"20221208","제주특별자치도","북제주군","10.4","14.6","7.2","11.8","9.2","11.7","6.5","0.0","0.0","1.5","2.8","9.6","3.3","7.01","11.87","0.0","52.9","62.4","66.5","6.8","0.1","0.0","0.0","0.0","0.0","9.6","8.8","8.7"
"20221208","제주특별자치도","서귀포시","10.7","14.2","8.1","12.4","10.0","13.7","6.7","0.0","0.0","2.6","1.2","9.2","4.9","0.0","0.0","0.0","61.3","62.8","63.7","8.1","1.1","5.7","0.0","0.0","0.0","3.3","9.0","2.3"
"20221207","제주특별자치도","제주시","10.2","14.1","6.4","11.5","8.9","11.7","6.0","0.0","0.0","2.0","5.9","8.2","2.8","8.55","10.8","0.0","57.5","65.0","64.2","4.3","0.8","6.6","0.0","0.0","0.0","9.2","10.5","4.1"
"20221207","제주특별자치도","북제주군","10.5","13.1","6.3","11.6","9.1","11.7","6.4","0.0","0.0","1.1","6.7","9.4","3.4","8.93","10.32","0.0","55.1","62.1","66.2","4.6","0.4","0.0","0.0","0.0","0.0","14.8","13.0","9.2"
"20221207","제주특별자치도","서귀포시","10.8","15.6","7.1","12.3","10.0","13.7","6.7","0.0","0.0","2.3","7.2","9.3","5.0","0.0","0.0","0.0","56.6","51.4","63.4","3.5","0.0","5.7","0.0","0.0","0.0","7.2","7.6","2.4"
"20221206","제주특별자치도","제주시","8.6","12.3","3.7","10.5","9.1","11.9","6.2","0.0","0.0","2.5","3.8","4.3","2.8","7.77","8.03","0.0","55.4","75.8","64.4","6.1","3.4","6.6","0.0","0.0","0.0","13.3","5.1","4.1"
"20221206","제주특별자치도","북제주군","9.0","12.7","4.7","11.6","9.2","11.9","6.6","0.0","0.0","1.6","7.5","9.7","3.6","9.75","11.35","0.0","55.8","73.8","66.5","4.6","2.5","0.0","0.0","0.0","0.0","19.0","9.0","9.5"
"20221206","제주특별자치도","서귀포시","8.0","12.0","4.2","12.0","10.1","13.9","6.8","0.0","0.0","3.0","9.1","9.3","5.0","0.0","0.0","0.0","57.6","74.9","63.5","2.6","1.8","5.6","0.0","0.0","0.0","9.5","5.8","2.4"
"20221205","제주특별자치도","제주시","5.8","7.8","4.6","9.7","9.3","12.1","6.6","0.0","0.0","2.5","1.7","8.4","2.9","5.33","11.93","0.0","61.0","62.0","64.9","7.1","2.4","6.5","0.0","0.0","0.0","12.7","7.8","4.1"
"20221205","제주특별자치도","북제주군","5.8","6.8","4.6","9.3","9.4","12.1","6.8","0.0","0.0","1.8","2.5","9.6","3.8","5.6","11.54","0.0","63.6","61.8","67.1","6.8","3.4","0.0","0.0","0.0","0.0","17.8","13.5","9.5"
"20221205","제주특별자치도","서귀포시","10.0","12.8","5.6","9.8","10.4","14.2","7.2","0.0","0.0","3.2","2.4","0.5","5.0","0.0","0.0","0.0","70.4","73.5","63.7","6.0","5.3","5.5","0.0","0.0","0.0","7.9","3.7","2.4"
"20221204","제주특별자치도","제주시","8.1","10.9","6.5","11.3","9.6","12.5","6.8","0.3","0.0","2.4","0.4","7.4","3.1","5.57","11.37","0.0","63.9","60.6","64.9","9.3","4.9","6.3","0.0","0.0","0.0","14.8","12.0","4.1"
"20221204","제주특별자치도","북제주군","7.7","10.6","6.3","10.7","9.7","12.4","7.1","0.6","0.1","1.9","1.0","4.0","4.0","5.27","6.92","0.0","65.6","66.6","67.1","7.9","5.9","0.0","0.0","0.0","0.0","18.0","18.1","9.4"
"20221204","제주특별자치도","서귀포시","12.0","13.7","9.8","10.3","10.8","14.6","7.5","0.2","0.0","3.2","0.0","7.9","5.1","0.0","0.0","0.0","72.8","58.0","63.8","9.9","4.8","5.4","0.0","0.0","0.0","4.1","9.6","2.5"
"20221203","제주특별자치도","제주시","10.4","12.3","5.9","11.2","9.9","12.9","7.1","1.3","0.0","2.2","0.0","3.2","3.4","1.64","6.78","0.0","85.4","56.0","64.1","10.0","7.6","6.1","0.0","0.0","0.0","7.3","14.5","4.0"
"20221203","제주특별자치도","북제주군","11.1","15.2","8.1","11.3","10.1","12.8","7.5","1.6","0.0","1.8","1.5","7.0","4.3","4.3","8.25","0.0","78.4","61.3","66.7","7.6","6.5","0.0","0.0","0.0","0.0","11.0","20.4","9.2"
"20221203","제주특별자치도","서귀포시","11.5","12.7","9.2","10.5","11.1","15.1","7.9","1.1","0.0","2.3","0.0","8.6","5.3","0.0","0.0","0.0","85.5","55.4","63.2","9.8","4.8","5.1","0.0","0.0","0.0","6.1","8.0","2.5"
"20221202","제주특별자치도","제주시","7.1","10.1","5.4","9.1","10.3","13.3","7.5","0.1","1.1","2.2","3.2","0.5","3.5","7.33","4.29","0.0","66.0","65.0","64.5","6.6","8.4","5.9","0.0","0.0","0.0","10.4","11.4","3.7"
"20221202","제주특별자치도","북제주군","7.1","10.0","4.6","9.2","10.5","13.1","8.0","0.0","0.4","1.8","6.3","1.5","4.5","9.87","4.55","0.0","62.4","68.3","66.9","7.0","8.6","0.0","0.0","0.0","0.0","15.7","19.4","8.6"
"20221202","제주특별자치도","서귀포시","7.3","10.7","4.6","8.6","11.6","15.5","8.3","0.0","0.0","2.3","8.9","2.9","5.4","0.0","0.0","0.0","63.5","61.5","63.3","6.0","6.6","4.8","0.0","0.0","0.0","7.0","5.9","2.4"
"20221201","제주특별자치도","제주시","5.5","7.0","4.0","8.0","10.6","13.6","7.8","0.0","1.0","1.8","0.7","0.2","3.7","3.68","2.5","0.0","63.9","63.8","64.5","7.6","9.4","5.8","0.0","0.0","0.0","13.1","19.6","3.5"
"20221201","제주특별자치도","북제주군","5.3","6.5","4.0","8.1","10.8","13.4","8.3","0.8","0.3","1.5","1.6","3.2","4.6","4.06","6.31","0.0","66.8","69.8","66.8","9.1","8.6","0.0","0.0","0.0","0.0","14.3","33.5","8.4"
"20221201","제주특별자치도","서귀포시","6.0","8.8","4.2","7.6","12.0","15.9","8.6","0.0","0.0","1.6","6.1","6.4","5.5","0.0","0.0","0.0","59.1","61.1","63.4","8.1","7.4","4.8","0.0","0.0","0.0","5.2","8.5","2.3"
"20221130","제주특별자치도","제주시","5.7","8.8","4.1","12.5","10.8","13.8","7.9","0.0","10.4","1.8","0.0","0.1","3.8","1.04","0.36","0.0","68.5","80.5","64.8","9.4","9.5","5.7","0.0","0.0","0.0","17.6","21.6","3.4"
"20221130","제주특별자치도","북제주군","5.8","8.7","4.0","12.6","11.1","13.7","8.5","0.0","17.6","1.4","0.0","1.2","4.7","2.1","2.18","0.0","69.9","86.0","66.9","10.0","8.1","0.0","0.0","0.0","0.0","22.9","33.0","8.2"
"20221130","제주특별자치도","서귀포시","8.3","14.8","5.2","12.6","12.2","16.2","8.9","0.0","36.7","1.9","0.0","1.4","5.5","0.0","0.0","0.0","66.0","82.4","64.0","9.9","9.1","4.8","0.0","0.0","0.0","7.7","14.4","2.3"
"20221129","제주특별자치도","제주시","14.1","21.0","8.7","13.9","10.9","13.8","8.0","18.6","0.0","2.2","0.0","7.4","3.8","0.99","10.55","0.0","80.5","70.1","64.6","10.0","2.5","5.8","0.0","0.0","0.0","13.7","10.5","3.4"
"20221129","제주특별자치도","북제주군","13.4","20.1","8.2","14.2","11.1","13.7","8.6","4.6","0.0","1.6","0.5","9.1","4.6","2.76","11.13","0.0","80.6","75.5","66.9","8.6","4.1","0.0","0.0","0.0","0.0","21.8","7.3","8.4"
"20221129","제주특별자치도","서귀포시","18.0","21.1","14.8","14.9","12.3","16.3","9.0","8.3","0.7","2.0","0.7","8.1","5.5","0.0","0.0","0.0","88.4","71.6","64.0","9.9","3.9","4.8","0.0","0.0","0.0","11.3","4.2","2.3"
"20221128","제주특별자치도","제주시","21.9","27.4","15.4","13.1","11.1","14.1","8.3","19.4","0.0","2.6","4.6","8.9","3.4","8.95","12.49","0.0","72.9","65.8","65.5","8.9","1.8","6.0","0.0","0.0","0.0","12.3","10.4","3.5"
"20221128","제주특별자치도","북제주군","20.6","23.9","17.6","12.6","11.4","14.0","8.7","46.4","0.0","1.7","4.0","7.8","4.3","6.65","9.49","0.0","82.6","65.9","67.5","9.0","2.5","0.0","0.0","0.0","0.0","15.8","6.4","8.4"
"20221128","제주특별자치도","서귀포시","20.7","23.3","17.4","13.7","12.5","16.3","9.1","41.1","0.0","2.3","0.7","8.8","5.2","0.0","0.0","0.0","87.9","64.5","64.8","9.8","4.6","5.1","0.0","0.0","0.0","13.0","5.7","2.3"
"20221127","제주특별자치도","제주시","14.3","19.8","8.8","10.6","11.3","14.2","8.4","0.0","0.0","3.1","6.5","8.4","3.4","9.7","12.52","0.0","60.1","60.6","65.6","5.8","1.9","6.1","0.0","0.0","0.0","9.7","10.9","3.5"
"20221127","제주특별자치도","북제주군","15.7","19.1","9.9","10.7","11.5","14.3","8.8","0.0","0.0","2.4","6.7","9.9","4.5","9.22","13.51","0.0","61.0","60.9","67.6","5.5","1.1","0.0","0.0","0.0","0.0","10.1","11.7","8.4"
"20221127","제주특별자치도","서귀포시","15.8","18.4","11.3","11.3","12.6","16.4","9.2","0.0","0.0","3.0","6.5","9.4","5.2","0.0","0.0","0.0","66.4","61.4","64.5","5.9","0.3","5.1","0.0","0.0","0.0","4.0","5.9","2.4"
"20221126","제주특별자치도","제주시","14.6","18.6","10.6","11.5","11.5","14.5","8.6","0.0","0.0","3.3","5.1","7.9","3.5","7.95","11.65","0.0","68.5","63.8","65.4","3.6","0.8","6.1","0.0","0.0","0.0","10.6","7.4","3.6"
"20221126","제주특별자치도","북제주군","15.0","17.4","12.1","11.8","11.7","14.7","8.9","0.0","0.0","2.7","9.1","9.6","4.6","10.73","12.88","0.0","64.8","66.8","67.5","1.3","0.0","0.0","0.0","0.0","0.0","12.1","11.5","8.2"
"20221126","제주특별자치도","서귀포시","16.3","20.7","13.1","12.7","12.7","16.6","9.3","0.0","0.0","3.4","9.4","9.4","5.4","0.0","0.0","0.0","62.6","55.1","64.5","1.8","0.0","5.0","0.0","0.0","0.0","4.5","7.7","2.4"
"20221125","제주특별자치도","제주시","15.1","21.6","9.2","13.6","11.7","14.7","8.7","0.0","0.0","3.3","8.4","7.0","3.6","11.88","10.51","0.0","55.3","60.9","65.3","4.4","1.8","5.9","0.0","0.0","0.0","5.3","11.1","3.6"
"20221125","제주특별자치도","북제주군","16.6","20.8","11.1","14.4","11.9","14.9","9.0","0.0","0.0","2.5","8.3","8.4","4.6","10.92","10.8","0.0","61.1","62.1","67.2","4.0","1.1","0.0","0.0","0.0","0.0","8.7","15.4","7.9"
"20221125","제주특별자치도","서귀포시","15.9","20.1","10.4","13.0","12.9","16.6","9.4","0.0","0.0","3.0","7.3","8.9","5.4","0.0","0.0","0.0","61.0","60.1","64.3","4.4","0.5","4.9","0.0","0.0","0.0","4.0","8.4","2.4"
"20221124","제주특별자치도","제주시","12.8","18.1","9.5","11.9","11.8","15.0","8.8","0.0","0.0","2.7","7.3","4.5","3.8","10.78","8.6","0.0","68.0","56.6","65.4","2.9","5.9","5.9","0.0","0.0","0.0","6.6","12.4","3.5"
"20221124","제주특별자치도","북제주군","13.9","15.7","11.9","12.0","12.1","15.3","9.1","0.0","0.0","2.2","9.6","6.7","4.8","11.7","8.21","0.0","67.3","62.4","67.2","2.3","5.6","0.0","0.0","0.0","0.0","12.4","17.3","7.4"
"20221124","제주특별자치도","서귀포시","15.4","20.1","12.0","11.0","13.0","16.8","9.5","0.0","0.0","2.7","9.5","6.8","5.6","0.0","0.0","0.0","53.5","59.1","64.3","1.6","5.0","4.8","0.0","0.0","0.0","5.6","8.2","2.4"
"20221123","제주특별자치도","제주시","14.2","16.2","10.9","10.2","11.8","15.0","8.7","6.9","0.0","2.2","0.7","0.1","4.1","4.82","2.83","0.0","76.8","53.9","64.6","6.1","8.9","5.7","0.0","0.0","0.0","10.7","14.6","3.4"
"20221123","제주특별자치도","북제주군","14.6","15.4","12.7","9.5","12.1","15.2","9.2","2.1","0.1","2.1","7.2","0.5","5.0","8.52","3.04","0.0","70.8","64.6","66.4","6.4","9.1","0.0","0.0","0.0","0.0","14.7","21.4","7.2"
"20221123","제주특별자치도","서귀포시","16.5","19.8","13.7","9.1","13.0","16.9","9.5","0.0","0.0","2.6","6.1","1.6","5.8","0.0","0.0","0.0","72.1","56.8","63.7","6.5","8.0","4.6","0.0","0.0","0.0","6.8","8.3","2.3"
"20221122","제주특별자치도","제주시","15.7","18.2","13.9","10.8","11.8","15.0","8.6","9.8","2.0","1.5","0.0","0.6","4.1","1.92","3.63","0.0","81.5","65.4","64.1","9.6","9.0","5.6","0.0","0.0","0.0","11.8","18.4","3.4"
"20221122","제주특별자치도","북제주군","16.2","18.3","13.9","10.7","12.1","15.1","9.2","0.6","1.8","1.3","0.0","3.1","4.9","2.08","5.89","0.0","69.0","67.0","66.0","9.5","9.0","0.0","0.0","0.0","0.0","8.5","27.5","7.3"
"20221122","제주특별자치도","서귀포시","16.3","17.8","13.9","11.6","13.0","16.9","9.6","0.5","0.0","1.8","0.0","3.2","5.8","0.0","0.0","0.0","72.1","57.0","63.8","9.9","7.8","4.5","0.0","0.0","0.0","7.5","14.8","2.2"
"20221121","제주특별자치도","제주시","16.2","20.0","13.9","15.8","11.8","14.9","8.8","0.0","0.0","1.5","8.1","0.2","4.0","12.22","4.77","0.0","78.3","84.6","64.4","4.5","8.5","5.8","0.0","0.0","0.0","7.3","7.0","3.4"
"20221121","제주특별자치도","북제주군","16.8","20.4","12.8","16.6","12.0","14.9","9.3","0.0","0.0","1.3","9.5","1.7","4.8","12.29","5.99","0.0","71.3","85.4","66.2","4.6","9.1","0.0","0.0","0.0","0.0","7.8","12.8","7.4"
"20221121","제주특별자치도","서귀포시","16.3","20.3","13.3","17.0","13.0","16.9","9.6","0.0","0.0","1.8","8.1","0.8","5.6","0.0","0.0","0.0","73.5","77.8","64.1","4.9","8.4","4.7","0.0","0.0","0.0","4.7","5.9","2.2"
"20221120","제주특별자치도","제주시","15.7","17.0","14.4","13.9","11.9","15.0","9.1","23.3","0.0","2.3","0.0","8.3","3.6","0.52","12.0","0.0","91.0","74.0","64.4","7.4","2.5","6.1","0.0","0.0","0.0","9.4","6.2","3.5"
"20221120","제주특별자치도","북제주군","15.4","17.7","13.8","15.1","12.1","14.9","9.4","6.9","0.0","1.7","0.0","9.4","4.4","1.21","12.03","0.0","87.6","81.4","66.9","8.1","2.5","0.0","0.0","0.0","0.0","7.8","8.7","7.8"
"20221120","제주특별자치도","서귀포시","16.2","17.8","15.1","15.5","13.1","16.9","9.8","6.7","0.0","2.9","0.0","9.2","5.4","0.0","0.0","0.0","87.3","58.5","64.2","7.6","2.4","4.8","0.0","0.0","0.0","7.7","5.7","2.3"
"20221119","제주특별자치도","제주시","17.1","19.9","14.9","13.4","12.2","15.3","9.4","0.0","0.0","2.6","3.4","8.9","3.4","7.18","13.26","0.0","76.9","62.0","64.1","6.6","0.0","6.1","0.0","0.0","0.0","11.8","5.8","3.7"
"20221119","제주특별자치도","북제주군","18.0","22.8","14.7","14.4","12.3","15.1","9.7","0.0","0.0","2.0","8.1","9.8","4.3","9.37","13.49","0.0","65.5","74.4","66.9","4.6","0.1","0.0","0.0","0.0","0.0","7.3","10.3","8.1"
"20221119","제주특별자치도","서귀포시","18.2","20.9","16.9","14.6","13.3","17.1","10.0","0.0","0.0","3.3","7.1","9.5","5.3","0.0","0.0","0.0","72.8","49.3","64.0","4.1","0.0","4.9","0.0","0.0","0.0","9.5","3.9","2.4"
"20221118","제주특별자치도","제주시","16.0","18.9","13.9","13.6","12.4","15.4","9.7","0.0","0.0","2.6","5.9","8.6","3.5","10.58","12.57","0.0","78.0","61.1","64.1","4.9","1.3","6.1","0.0","0.0","0.0","11.9","4.5","3.6"
"20221118","제주특별자치도","북제주군","17.1","23.0","14.7","14.4","12.6","15.3","10.0","0.0","0.0","2.1","8.4","9.6","4.3","11.63","12.94","0.0","63.1","61.5","67.4","4.0","2.0","0.0","0.0","0.0","0.0","7.5","7.7","8.1"
"20221118","제주특별자치도","서귀포시","17.2","20.2","15.8","14.6","13.6","17.3","10.4","0.0","0.0","3.3","8.0","9.4","5.2","0.0","0.0","0.0","70.9","64.8","64.8","5.0","2.5","5.0","0.0","0.0","0.0","9.8","3.9","2.4"
"20221117","제주특별자치도","제주시","14.2","18.2","11.4","13.0","12.7","15.6","10.0","0.0","0.0","2.3","0.9","7.7","3.7","5.13","12.24","0.0","73.6","62.9","63.8","8.4","4.3","5.9","0.0","0.0","0.0","8.5","5.5","3.6"
"20221117","제주특별자치도","북제주군","14.7","18.2","12.1","13.2","12.8","15.6","10.2","0.0","0.0","1.9","1.3","8.7","4.5","5.47","11.77","0.0","62.5","67.3","67.1","8.8","3.6","0.0","0.0","0.0","0.0","7.1","11.0","8.0"
"20221117","제주특별자치도","서귀포시","15.5","17.9","12.7","14.7","13.9","17.6","10.7","0.0","0.0","3.2","1.3","8.9","5.3","0.0","0.0","0.0","70.0","54.9","64.5","9.4","4.1","5.0","0.0","0.0","0.0","5.3","5.6","2.4"
"20221116","제주특별자치도","제주시","13.5","18.7","9.7","13.3","13.0","15.9","10.3","0.0","0.0","2.1","6.5","3.0","3.8","10.54","7.63","0.0","69.0","65.4","63.7","3.0","5.8","5.8","0.0","0.0","0.0","7.1","4.7","3.5"
"20221116","제주특별자치도","북제주군","14.6","19.6","10.3","13.8","13.1","15.9","10.6","0.0","0.0","1.5","9.1","2.0","4.6","11.47","6.98","0.0","61.3","66.5","66.9","2.9","5.6","0.0","0.0","0.0","0.0","9.5","9.3","8.0"
"20221116","제주특별자치도","서귀포시","14.4","18.9","9.4","13.9","14.2","18.0","11.0","0.0","0.0","2.6","9.6","2.8","5.4","0.0","0.0","0.0","65.4","67.4","64.3","2.1","5.5","4.9","0.0","0.0","0.0","7.3","4.8","2.4"
"20221115","제주특별자치도","제주시","13.1","16.7","10.2","14.2","13.3","16.3","10.5","0.0","0.0","1.9","6.6","8.9","4.1","12.56","12.9","0.0","61.4","63.9","63.9","3.9","1.6","5.6","0.0","0.0","0.0","9.1","5.2","3.3"
"20221115","제주특별자치도","북제주군","12.8","15.6","10.9","14.8","13.5","16.4","10.9","0.0","0.0","1.4","8.6","9.8","4.9","11.33","12.85","0.0","61.9","64.3","66.8","3.4","0.0","0.0","0.0","0.0","0.0","14.9","9.5","7.4"
"20221115","제주특별자치도","서귀포시","13.6","17.0","10.7","14.0","14.7","18.4","11.4","0.0","0.0","2.4","8.1","9.3","5.4","0.0","0.0","0.0","70.6","65.1","64.2","3.1","0.8","4.9","0.0","0.0","0.0","5.5","3.9","2.3"
"20221114","제주특별자치도","제주시","13.7","16.4","12.3","15.5","13.5","16.5","10.7","0.0","0.0","1.6","2.1","8.6","4.3","7.18","12.56","0.0","68.6","56.5","63.6","7.9","1.5","5.4","0.0","0.0","0.0","9.7","8.3","3.2"
"20221114","제주특별자치도","북제주군","13.4","15.8","12.5","16.1","13.7","16.6","11.1","0.0","0.0","1.1","8.8","9.0","5.2","12.0","12.45","0.0","65.9","57.9","66.7","6.5","0.5","0.0","0.0","0.0","0.0","16.2","15.0","7.3"
"20221114","제주특별자치도","서귀포시","15.1","18.6","12.8","15.2","14.9","18.6","11.6","0.0","0.0","2.0","7.3","9.2","5.7","0.0","0.0","0.0","65.3","55.9","64.1","6.3","0.6","4.5","0.0","0.0","0.0","4.0","8.0","2.4"
"20221113","제주특별자치도","제주시","14.9","21.2","12.9","14.1","13.9","16.8","11.1","0.6","0.0","2.0","0.0","6.1","4.2","1.12","11.08","0.0","79.6","58.0","64.3","9.9","6.1","5.5","0.0","0.0","0.0","13.2","9.6","3.4"
"20221113","제주특별자치도","북제주군","14.5","20.8","12.6","14.4","14.1","16.9","11.5","1.6","0.0","1.2","0.7","8.9","5.3","4.52","11.6","0.0","77.8","60.5","67.3","9.5","5.3","0.0","0.0","0.0","0.0","20.7","15.7","7.6"
"20221113","제주특별자치도","서귀포시","17.8","24.1","13.1","13.3","15.2","18.9","11.9","2.5","0.0","2.4","8.3","7.7","5.9","0.0","0.0","0.0","76.3","62.0","63.9","5.0","5.4","4.5","0.0","0.0","0.0","7.1","6.6","2.5"
"20221112","제주특별자치도","제주시","20.2","24.0","17.1","12.6","14.3","17.2","11.5","3.5","5.4","3.2","1.7","3.5","4.1","4.01","9.33","0.0","84.8","63.8","65.5","6.1","7.3","5.6","0.0","0.0","0.0","8.0","15.3","3.4"
"20221112","제주특별자치도","북제주군","21.3","24.2","19.3","12.7","14.5","17.3","11.9","1.2","0.1","2.4","4.3","6.1","5.1","8.72","8.97","0.0","86.4","61.8","68.5","6.1","6.4","0.0","0.0","0.0","0.0","10.7","25.2","7.5"
"20221112","제주특별자치도","서귀포시","21.1","22.6","19.6","11.6","15.4","19.1","12.2","18.9","0.7","3.6","0.4","6.6","5.6","0.0","0.0","0.0","95.1","62.1","65.2","9.6","6.1","4.6","0.0","0.0","0.0","6.9","9.2","2.6"
"20221111","제주특별자치도","제주시","20.4","24.0","18.1","13.2","14.5","17.4","11.6","0.0","4.4","3.5","8.8","3.4","4.1","12.9","8.25","0.0","77.3","72.9","65.4","3.3","7.9","5.6","0.0","0.0","0.0","11.5","22.5","3.5"
"20221111","제주특별자치도","북제주군","20.3","24.3","17.7","13.0","14.7","17.5","12.0","0.0","1.3","2.4","7.7","6.5","5.2","11.61","9.27","0.0","72.4","69.9","68.8","3.5","7.5","0.0","0.0","0.0","0.0","9.6","25.7","7.5"
"20221111","제주특별자치도","서귀포시","20.6","23.2","19.1","12.6","15.6","19.3","12.4","0.0","0.7","3.7","7.5","7.4","5.6","0.0","0.0","0.0","78.1","67.1","65.1","6.4","6.1","4.8","0.0","0.0","0.0","5.8","9.1","2.7"
"20221110","제주특별자치도","제주시","18.7","23.5","14.8","11.7","14.6","17.5","11.9","5.7","4.0","3.1","3.2","0.1","4.0","8.16","1.62","0.0","81.0","69.8","65.7","6.5","9.1","5.7","0.0","0.0","0.0","9.5","18.8","3.6"
"20221110","제주특별자치도","북제주군","18.9","24.2","14.1","11.6","14.8","17.6","12.1","5.0","5.5","2.7","3.6","1.4","5.1","7.78","3.89","0.0","73.6","75.6","69.5","7.5","8.4","0.0","0.0","0.0","0.0","7.9","28.2","7.8"
"20221110","제주특별자치도","서귀포시","19.3","22.6","15.8","10.9","15.8","19.5","12.5","1.9","3.1","3.6","4.1","3.6","5.6","0.0","0.0","0.0","78.4","72.3","65.7","9.4","7.3","4.9","0.0","0.0","0.0","5.7","9.9","2.7"
"20221109","제주특별자치도","제주시","16.5","21.4","12.1","12.3","15.0","18.0","12.2","0.0","3.1","3.4","9.1","1.3","4.1","13.08","4.69","0.0","66.0","61.0","66.9","2.1","8.8","5.8","0.0","0.0","0.0","7.5","17.3","3.5"
"20221109","제주특별자치도","북제주군","18.0","22.3","15.2","11.6","15.2","18.1","12.6","0.0","1.0","3.3","9.8","2.5","5.1","13.46","5.39","0.0","56.6","65.1","70.7","2.6","8.5","0.0","0.0","0.0","0.0","6.5","28.9","7.5"
"20221109","제주특별자치도","서귀포시","17.1","21.0","12.8","10.9","16.2","19.9","13.0","0.0","2.5","4.2","9.6","5.3","5.5","0.0","0.0","0.0","63.4","64.9","66.5","1.9","8.1","5.0","0.0","0.0","0.0","3.7","9.5","2.7"
"20221108","제주특별자치도","제주시","15.0","20.8","10.5","13.6","15.4","18.5","12.5","0.0","34.5","3.0","9.5","0.0","4.4","14.17","0.97","0.0","58.5","74.3","67.0","0.0","9.5","5.5","0.0","0.0","0.0","5.5","16.1","3.4"
"20221108","제주특별자치도","북제주군","15.7","19.6","12.9","13.0","15.6","18.6","12.9","0.0","21.4","3.0","9.9","0.3","5.3","13.3","2.45","0.0","55.9","81.0","71.0","0.1","9.5","0.0","0.0","0.0","0.0","7.8","27.5","7.1"
"20221108","제주특별자치도","서귀포시","16.0","21.1","11.5","14.1","16.6","20.4","13.4","0.0","10.6","3.7","9.6","2.7","5.6","0.0","0.0","0.0","50.9","73.9","66.6","0.0","7.9","4.9","0.0","0.0","0.0","4.1","10.5","2.7"
"20221107","제주특별자치도","제주시","13.7","18.3","9.5","19.1","15.6","18.8","12.5","0.0","0.0","2.5","9.4","4.2","4.5","13.92","10.09","0.0","66.1","68.9","67.2","0.6","6.9","5.4","0.0","0.0","0.0","6.0","12.2","3.1"
"20221107","제주특별자치도","북제주군","14.4","17.6","11.4","19.0","15.8","18.9","13.1","0.0","0.0","2.3","9.8","8.4","5.3","14.04","12.39","0.0","63.0","69.5","71.3","1.4","3.9","0.0","0.0","0.0","0.0","6.5","12.0","6.6"
"20221107","제주특별자치도","서귀포시","14.1","18.2","10.0","19.1","16.9","20.7","13.6","0.0","0.0","3.6","9.6","8.6","5.6","0.0","0.0","0.0","67.1","68.9","66.9","0.4","6.5","4.9","0.0","0.0","0.0","3.8","8.0","2.5"
"20221106","제주특별자치도","제주시","12.6","17.0","8.5","19.2","15.7","19.0","12.5","0.0","0.0","2.1","9.0","3.9","5.0","13.42","9.43","0.0","58.9","65.6","66.9","1.8","7.1","5.1","0.0","0.0","0.0","8.9","13.3","2.9"
"20221106","제주특별자치도","북제주군","12.6","15.5","9.2","18.8","15.9","19.0","13.2","0.0","0.0","2.9","10.0","2.6","5.6","14.07","5.97","0.0","59.0","66.8","70.9","1.5","6.6","0.0","0.0","0.0","0.0","10.2","10.2","6.2"
"20221106","제주특별자치도","서귀포시","13.7","17.9","10.8","18.7","16.9","20.7","13.6","0.0","0.0","3.9","9.6","0.8","5.7","0.0","0.0","0.0","67.3","68.4","66.7","3.6","8.3","4.7","0.0","0.0","0.0","5.5","10.0","2.4"
"20221105","제주특별자치도","제주시","12.7","16.2","10.8","17.5","15.8","19.1","12.5","0.0","0.0","1.7","4.9","2.9","5.2","11.07","6.34","0.0","59.3","64.3","65.9","5.5","6.9","4.8","0.0","0.0","0.0","11.9","7.6","2.8"
"20221105","제주특별자치도","북제주군","12.5","14.0","11.1","17.2","16.0","19.0","13.3","0.0","0.0","2.3","9.3","3.4","5.9","14.16","6.91","0.0","59.0","63.9","69.9","3.8","7.5","0.0","0.0","0.0","0.0","15.3","7.5","6.0"
"20221105","제주특별자치도","서귀포시","13.7","17.3","10.7","17.9","16.9","20.8","13.5","0.0","0.0","3.4","9.4","3.2","6.0","0.0","0.0","0.0","65.4","58.3","65.7","1.8","7.3","4.4","0.0","0.0","0.0","6.3","4.9","2.4"
"20221104","제주특별자치도","제주시","12.4","14.9","10.6","16.5","15.5","18.8","12.3","0.0","0.0","1.4","5.2","7.8","5.2","10.47","13.32","0.0","59.8","66.3","64.8","5.4","4.0","4.8","0.0","0.0","0.0","10.8","5.8","2.9"
"20221104","제주특별자치도","북제주군","12.0","15.1","10.9","16.5","15.8","18.8","13.1","0.0","0.0","1.8","9.3","7.9","6.0","12.72","12.2","0.0","64.0","73.9","68.7","4.4","2.4","0.0","0.0","0.0","0.0","19.1","8.3","6.3"
"20221104","제주특별자치도","서귀포시","15.7","18.4","13.2","17.1","16.6","20.5","13.2","0.0","0.0","2.8","9.7","9.6","6.1","0.0","0.0","0.0","65.4","64.3","65.0","1.8","2.4","4.5","0.0","0.0","0.0","8.9","5.4","2.3"
"20221103","제주특별자치도","제주시","15.9","20.5","11.3","16.1","15.3","18.6","12.1","0.0","0.0","1.6","9.1","8.2","5.2","15.69","14.08","0.0","60.6","65.6","64.3","3.0","4.3","4.9","0.0","0.0","0.0","13.1","8.2","3.0"
"20221103","제주특별자치도","북제주군","16.1","17.8","13.6","15.6","15.5","18.4","12.8","0.0","0.0","1.9","9.3","9.1","6.0","15.84","14.61","0.0","62.9","68.0","67.9","3.3","2.1","0.0","0.0","0.0","0.0","14.6","13.3","6.6"
"20221103","제주특별자치도","서귀포시","16.9","21.0","11.3","15.9","16.4","20.3","12.9","0.0","0.0","2.8","9.5","9.6","6.2","0.0","0.0","0.0","55.6","64.8","64.2","2.9","1.9","4.5","0.0","0.0","0.0","4.8","5.9","2.2"
"20221102","제주특별자치도","제주시","16.2","19.9","12.7","16.4","15.2","18.5","12.1","0.0","0.0","1.7","9.5","5.7","5.2","14.43","12.24","0.0","72.4","59.9","63.6","2.3","7.1","4.9","0.0","0.0","0.0","6.5","9.0","3.2"
"20221102","제주특별자치도","북제주군","16.2","18.9","13.8","15.6","15.3","18.3","12.7","0.0","0.0","2.0","10.1","9.0","6.1","15.62","12.53","0.0","72.4","61.8","67.3","0.4","5.0","0.0","0.0","0.0","0.0","11.2","15.4","6.9"
"20221102","제주특별자치도","서귀포시","17.3","21.8","13.3","15.8","16.3","20.2","12.8","0.0","0.0","2.4","7.0","9.0","6.4","0.0","0.0","0.0","61.9","65.3","63.3","1.3","4.4","4.4","0.0","0.0","0.0","5.1","5.4","2.3"
"20221101","제주특별자치도","제주시","17.5","21.5","14.5","17.6","15.3","18.5","12.4","0.0","0.0","1.6","9.1","5.0","5.1","14.88","10.65","0.0","74.9","72.3","63.3","2.9","6.0","5.1","0.0","0.0","0.0","7.9","8.4","3.3"
"20221101","제주특별자치도","북제주군","16.9","19.1","14.4","17.3","15.4","18.2","12.9","0.0","0.0","1.3","9.4","8.4","6.2","15.12","13.1","0.0","73.0","75.6","67.1","2.5","3.8","0.0","0.0","0.0","0.0","12.3","11.5","7.2"
"20221101","제주특별자치도","서귀포시","18.0","22.2","14.6","18.0","16.4","20.4","13.0","0.0","0.0","1.8","9.3","8.3","6.6","0.0","0.0","0.0","56.8","61.6","62.7","1.6","4.1","4.4","0.0","0.0","0.0","5.8","5.4","2.3"
"20221031","제주특별자치도","제주시","17.2","19.7","15.8","17.3","15.5","18.6","12.7","0.0","0.0","1.7","4.4","10.2","5.1","10.28","15.51","0.0","71.8","68.1","63.3","5.0","1.1","5.2","0.0","0.0","0.0","11.3","5.8","3.3"
"20221031","제주특별자치도","북제주군","17.5","20.7","14.6","17.6","15.5","18.4","13.1","0.0","0.0","1.1","9.1","10.4","6.1","14.22","15.45","0.0","66.5","70.0","67.3","2.6","1.5","0.0","0.0","0.0","0.0","11.2","9.5","7.3"
"20221031","제주특별자치도","서귀포시","17.8","21.0","15.8","17.6","16.7","20.6","13.3","0.0","0.0","1.5","9.1","9.7","6.5","0.0","0.0","0.0","66.5","61.4","63.0","2.3","1.5","4.4","0.0","0.0","0.0","9.4","5.4","2.3"
"20221030","제주특별자치도","제주시","17.6","20.0","15.7","17.3","15.9","18.9","13.0","0.0","0.2","2.0","5.6","1.1","5.1","12.08","5.77","0.0","73.0","73.8","64.0","4.3","6.1","5.3","0.0","0.0","0.0","10.5","7.4","3.3"
"20221030","제주특별자치도","북제주군","17.7","21.6","13.3","17.0","15.8","18.6","13.4","0.0","1.7","1.3","9.7","2.5","6.0","14.63","5.97","0.0","66.3","67.8","68.1","1.6","6.1","0.0","0.0","0.0","0.0","9.8","8.3","7.3"
"20221030","제주특별자치도","서귀포시","18.1","21.6","16.4","17.7","17.1","20.9","13.7","0.0","0.0","1.9","9.5","3.0","6.5","0.0","0.0","0.0","66.9","70.5","63.4","3.9","6.9","4.5","0.0","0.0","0.0","9.5","6.4","2.4"
"20221029","제주특별자치도","제주시","18.0","20.7","14.6","18.4","16.1","19.2","13.3","0.0","0.0","2.2","6.3","8.2","5.2","11.74","13.86","0.0","76.0","69.5","64.2","4.4","4.1","5.2","0.0","0.0","0.0","12.2","14.2","3.2"
"20221029","제주특별자치도","북제주군","18.1","23.2","12.7","18.2","16.1","18.9","13.6","0.0","0.0","1.4","7.9","9.5","6.3","11.75","13.92","0.0","69.9","64.5","68.0","1.9","1.8","0.0","0.0","0.0","0.0","10.3","8.8","7.1"
"20221029","제주특별자치도","서귀포시","18.7","22.2","17.2","18.3","17.3","21.1","14.0","0.0","0.0","2.2","8.0","9.5","6.7","0.0","0.0","0.0","68.5","69.0","63.7","2.3","3.3","4.3","0.0","0.0","0.0","9.9","9.7","2.5"
"20221028","제주특별자치도","제주시","16.5","20.8","12.5","16.7","16.3","19.3","13.5","0.0","0.0","1.5","9.2","9.9","5.2","14.91","16.36","0.0","73.3","63.0","64.1","4.4","3.0","5.2","0.0","0.0","0.0","6.5","6.0","3.2"
"20221028","제주특별자치도","북제주군","16.4","18.6","14.8","16.1","16.2","19.0","13.8","0.0","0.0","1.0","9.6","9.9","6.4","14.77","16.18","0.0","75.3","61.9","67.8","3.6","3.5","0.0","0.0","0.0","0.0","10.3","13.8","7.3"
"20221028","제주특별자치도","서귀포시","17.8","22.7","13.0","17.7","17.5","21.4","14.2","0.0","0.0","1.8","9.0","9.7","6.8","0.0","0.0","0.0","54.9","62.8","63.8","3.1","3.8","4.3","0.0","0.0","0.0","6.9","5.8","2.4"
"20221027","제주특별자치도","제주시","16.9","21.1","13.4","17.6","16.6","19.7","13.7","0.0","0.0","1.8","4.1","7.7","5.3","9.43","12.86","0.0","63.6","67.0","64.8","5.1","3.6","5.1","0.0","0.0","0.0","5.3","8.1","3.2"
"20221027","제주특별자치도","북제주군","16.7","19.0","15.0","17.5","16.5","19.4","14.0","0.0","0.0","1.4","4.6","9.7","6.4","9.92","13.74","0.0","63.9","65.8","68.4","7.0","1.6","0.0","0.0","0.0","0.0","9.5","13.7","7.2"
"20221027","제주특별자치도","서귀포시","17.5","21.5","14.7","17.6","17.8","21.7","14.4","0.0","0.0","2.8","3.5","9.8","6.8","0.0","0.0","0.0","59.8","55.1","64.6","5.6","1.4","4.2","0.0","0.0","0.0","5.4","6.5","2.4"
"20221026","제주특별자치도","제주시","17.6","20.6","13.8","16.3","16.8","19.9","13.9","0.0","0.0","2.2","6.9","9.5","5.4","14.23","16.16","0.0","65.1","62.9","65.9","7.4","3.9","5.0","0.0","0.0","0.0","12.3","6.4","3.2"
"20221026","제주특별자치도","북제주군","17.9","24.0","14.1","16.3","16.8","19.8","14.2","0.0","0.0","1.8","4.8","9.9","6.6","9.56","15.88","0.0","56.3","65.6","68.9","6.1","2.4","0.0","0.0","0.0","0.0","8.2","9.7","7.0"
"20221026","제주특별자치도","서귀포시","17.5","20.1","15.6","17.1","18.0","21.9","14.7","0.0","0.0","3.2","1.2","9.8","7.0","0.0","0.0","0.0","63.5","68.0","65.1","7.6","3.0","4.1","0.0","0.0","0.0","7.4","4.8","2.5"
"20221025","제주특별자치도","제주시","14.8","18.4","11.9","16.8","17.0","20.1","14.2","0.0","0.0","2.1","8.2","8.6","5.4","15.03","15.28","0.0","55.8","69.0","66.1","2.6","2.6","4.9","0.0","0.0","0.0","12.8","7.3","3.2"
"20221025","제주특별자치도","북제주군","14.1","17.3","10.7","16.5","17.0","20.0","14.4","0.0","0.0","1.7","10.2","10.3","6.7","16.44","16.34","0.0","54.3","69.6","68.8","0.6","2.1","0.0","0.0","0.0","0.0","13.4","10.6","6.9"
"20221025","제주특별자치도","서귀포시","14.9","18.3","11.5","17.7","18.1","22.0","14.9","0.0","0.0","3.0","10.0","10.0","7.1","0.0","0.0","0.0","52.3","66.1","64.9","0.5","1.8","4.0","0.0","0.0","0.0","8.8","5.8","2.6"
"20221024","제주특별자치도","제주시","15.4","17.8","13.1","17.4","17.3","20.3","14.7","0.0","0.0","2.1","8.4","1.1","5.1","15.52","8.0","0.0","54.9","69.8","66.6","2.6","8.9","5.2","0.0","0.0","0.0","14.7","8.1","3.3"
"20221024","제주특별자치도","북제주군","14.8","16.6","13.0","17.5","17.3","20.3","14.7","0.0","0.0","1.8","10.1","2.7","6.2","17.19","8.78","0.0","57.0","67.4","69.6","0.5","8.9","0.0","0.0","0.0","0.0","21.8","8.6","6.9"
"20221024","제주특별자치도","서귀포시","15.9","20.1","13.0","18.1","18.5","22.3","15.3","0.0","0.0","3.4","10.2","1.3","6.7","0.0","0.0","0.0","41.8","61.6","65.2","0.3","8.6","4.3","0.0","0.0","0.0","8.6","5.9","2.6"
"20221023","제주특별자치도","제주시","17.5","20.6","15.2","16.2","17.7","20.8","14.9","0.0","0.0","2.9","5.9","10.3","5.3","13.86","16.43","0.0","67.6","60.4","67.3","3.6","2.5","5.2","0.0","0.0","0.0","15.4","11.5","3.2"
"20221023","제주특별자치도","북제주군","16.7","18.1","15.1","15.5","17.7","20.8","15.0","0.0","0.0","2.3","10.0","10.2","6.4","15.91","15.89","0.0","69.9","56.9","70.3","2.5","1.9","0.0","0.0","0.0","0.0","16.5","11.3","6.5"
"20221023","제주특별자치도","서귀포시","19.3","23.2","15.9","16.5","18.7","22.6","15.6","0.0","0.0","4.0","10.3","9.5","6.7","0.0","0.0","0.0","60.1","52.3","65.1","0.3","2.1","4.3","0.0","0.0","0.0","5.0","9.1","2.7"
"20221022","제주특별자치도","제주시","20.0","24.3","17.5","16.5","17.9","21.0","15.2","0.0","0.0","2.6","2.2","6.0","5.2","9.43","12.7","0.0","75.8","57.5","67.3","6.1","3.3","5.2","0.0","0.0","0.0","7.1","14.5","3.2"
"20221022","제주특별자치도","북제주군","19.8","23.6","17.7","16.0","17.9","21.0","15.2","0.0","0.0","2.0","2.9","9.0","6.3","8.22","14.02","0.0","75.4","57.9","70.5","6.1","3.5","0.0","0.0","0.0","0.0","10.8","19.9","6.4"
"20221022","제주특별자치도","서귀포시","21.7","24.8","19.6","15.7","18.9","22.7","15.8","0.0","0.0","3.1","2.6","9.7","6.6","0.0","0.0","0.0","74.4","50.6","64.6","5.9","2.8","4.5","0.0","0.0","0.0","4.2","10.3","2.8"
"20221021","제주특별자치도","제주시","18.5","22.3","13.4","15.6","18.1","21.2","15.3","0.0","0.0","2.2","5.9","4.9","5.2","13.3","12.0","0.0","78.0","61.6","67.0","6.3","6.9","5.3","0.0","0.0","0.0","9.4","9.4","3.1"
"20221021","제주특별자치도","북제주군","19.8","24.5","14.8","15.1","18.0","21.1","15.3","0.0","0.0","1.8","6.5","8.0","6.3","12.19","14.71","0.0","73.3","62.3","70.3","7.8","7.1","0.0","0.0","0.0","0.0","7.1","17.0","6.3"
"20221021","제주특별자치도","서귀포시","20.1","23.6","16.3","16.0","19.0","22.9","15.9","0.0","0.0","2.6","5.7","7.9","6.5","0.0","0.0","0.0","75.8","62.8","63.8","6.6","5.9","4.6","0.0","0.0","0.0","4.5","7.4","2.9"
"20221020","제주특별자치도","제주시","15.9","20.2","11.5","14.4","18.2","21.4","15.4","0.0","0.0","2.2","10.5","0.2","5.4","17.62","5.6","0.0","67.1","60.4","66.5","0.1","8.6","5.1","0.0","0.0","0.0","8.3","11.9","3.1"
"20221020","제주특별자치도","북제주군","16.1","19.6","12.6","14.3","18.2","21.2","15.4","0.0","0.0","1.8","10.5","0.8","6.6","17.78","5.64","0.0","63.8","60.3","69.8","1.8","9.6","0.0","0.0","0.0","0.0","7.9","16.4","6.2"
"20221020","제주특별자치도","서귀포시","17.5","20.8","14.2","14.6","19.1","23.1","15.9","0.0","0.0","3.0","10.6","0.9","6.7","0.0","0.0","0.0","61.1","61.9","63.2","0.6","8.9","4.4","0.0","0.0","0.0","8.5","6.7","2.8"
"20221019","제주특별자치도","제주시","15.1","18.8","12.4","16.2","18.2","21.4","15.2","0.0","0.5","1.7","9.7","4.9","5.9","17.37","11.4","0.0","58.4","62.5","65.6","1.6","7.3","4.7","0.0","0.0","0.0","9.5","15.0","3.0"
"20221019","제주특별자치도","북제주군","14.6","15.9","13.4","16.6","18.2","21.2","15.4","0.0","0.3","1.2","10.5","5.1","7.0","18.33","8.82","0.0","57.1","63.0","68.9","0.6","6.0","0.0","0.0","0.0","0.0","14.2","19.9","6.1"
"20221019","제주특별자치도","서귀포시","15.8","20.2","11.5","16.2","19.1","23.1","15.7","0.0","0.0","2.1","10.6","8.7","7.0","0.0","0.0","0.0","56.9","57.6","62.3","0.0","5.5","4.2","0.0","0.0","0.0","6.0","8.1","2.7"
"20221018","제주특별자치도","제주시","14.7","17.8","13.1","14.0","18.2","21.3","15.2","0.0","0.0","0.9","9.0","8.4","6.0","16.69","16.57","0.0","54.1","59.9","64.5","2.9","3.4","4.7","0.0","0.0","0.0","15.2","5.8","3.0"
"20221018","제주특별자치도","북제주군","14.2","15.2","13.4","14.1","18.1","21.1","15.4","0.0","0.0","0.7","10.5","8.7","7.0","18.34","15.51","0.0","55.9","57.3","67.8","2.4","3.6","0.0","0.0","0.0","0.0","20.0","10.4","6.3"
"20221018","제주특별자치도","서귀포시","15.4","20.1","11.5","14.8","19.1","23.1","15.7","0.0","0.0","1.4","10.6","9.5","7.0","0.0","0.0","0.0","57.6","60.4","62.0","0.1","5.0","4.0","0.0","0.0","0.0","9.0","5.4","2.7"
"20221017","제주특별자치도","제주시","16.9","20.4","14.0","13.3","18.2","21.4","15.3","0.0","0.0","1.2","7.2","9.2","6.1","15.43","18.15","0.0","60.1","55.6","64.2","5.1","2.6","4.6","0.0","0.0","0.0","15.2","15.7","3.1"
"20221017","제주특별자치도","북제주군","16.1","19.0","14.0","12.6","18.2","21.1","15.5","0.0","0.0","0.8","8.4","10.4","7.1","14.46","18.12","0.0","62.0","60.3","67.0","5.8","3.0","0.0","0.0","0.0","0.0","21.4","21.1","6.5"
"20221017","제주특별자치도","서귀포시","19.0","23.6","14.3","14.4","19.2","23.2","15.7","0.0","0.0","1.5","7.0","10.6","7.2","0.0","0.0","0.0","67.0","58.5","61.8","3.0","2.0","3.9","0.0","0.0","0.0","6.4","6.8","2.6"
"20221016","제주특별자치도","제주시","20.4","23.1","18.3","17.0","18.4","21.6","15.5","0.0","7.6","1.5","3.8","0.0","6.2","11.46","1.94","0.0","78.1","76.3","64.1","5.3","9.9","4.6","0.0","0.0","0.0","7.9","16.7","3.0"
"20221016","제주특별자치도","북제주군","20.0","23.5","18.5","16.6","18.3","21.2","15.7","0.0","4.7","1.1","4.9","0.0","7.1","11.04","3.33","0.0","76.5","79.0","67.2","6.1","9.8","0.0","0.0","0.0","0.0","10.0","22.3","6.7"
"20221016","제주특별자치도","서귀포시","21.1","23.7","19.1","17.7","19.5","23.5","16.0","0.0","26.7","1.8","1.2","0.0","7.1","0.0","0.0","0.0","77.4","91.8","61.9","6.5","9.5","3.9","0.0","0.0","0.0","6.2","4.0","2.5"
"20221015","제주특별자치도","제주시","20.4","23.0","17.9","23.5","18.6","21.7","15.7","0.0","0.0","1.7","8.7","7.0","6.1","17.14","15.73","0.0","75.5","76.4","64.5","4.8","6.6","4.7","0.0","0.0","0.0","8.5","10.0","2.9"
"20221015","제주특별자치도","북제주군","19.8","23.2","15.3","22.8","18.5","21.3","15.9","0.0","0.0","1.1","9.8","8.2","7.0","16.56","15.45","0.0","74.3","80.4","67.8","3.3","6.1","0.0","0.0","0.0","0.0","11.0","11.6","6.6"
"20221015","제주특별자치도","서귀포시","20.5","24.5","16.8","23.1","19.7","23.7","16.3","0.0","0.0","1.3","9.3","6.6","7.0","0.0","0.0","0.0","68.4","82.5","62.7","1.3","7.5","4.0","0.0","0.0","0.0","7.7","3.8","2.5"
"20221014","제주특별자치도","제주시","19.5","22.1","17.7","24.0","18.8","21.9","16.0","0.0","0.0","2.0","6.3","6.7","6.0","14.34","14.01","0.0","76.3","86.3","65.1","3.8","5.6","4.7","0.0","0.0","0.0","9.4","9.0","2.9"
"20221014","제주특별자치도","북제주군","18.6","22.2","15.7","24.2","18.7","21.5","16.2","0.0","0.0","1.3","10.6","8.2","6.9","17.53","14.1","0.0","73.4","89.0","68.4","2.5","4.9","0.0","0.0","0.0","0.0","12.4","6.4","6.7"
"20221014","제주특별자치도","서귀포시","20.2","23.4","18.2","23.4","20.0","23.9","16.6","0.0","0.0","1.6","10.6","2.2","6.9","0.0","0.0","0.0","67.4","85.3","63.4","1.1","7.6","4.0","0.0","0.0","0.0","8.0","5.9","2.5"
"20221013","제주특별자치도","제주시","19.4","21.9","17.7","22.5","19.1","22.2","16.3","0.0","2.1","3.3","3.1","0.0","5.9","10.31","2.81","0.0","72.0","93.9","65.8","6.1","9.8","4.7","0.0","0.0","0.0","11.7","9.9","2.9"
"20221013","제주특별자치도","북제주군","18.9","21.8","16.2","23.6","19.0","21.8","16.5","0.0","0.0","1.5","10.9","2.0","6.9","17.7","8.59","0.0","69.3","93.0","69.0","1.6","6.1","0.0","0.0","0.0","0.0","12.9","6.1","6.6"
"20221013","제주특별자치도","서귀포시","19.9","23.1","18.0","22.8","20.3","24.2","17.1","0.0","0.2","2.3","10.5","0.7","7.0","0.0","0.0","0.0","68.1","91.8","63.9","2.4","8.5","4.0","0.0","0.0","0.0","10.5","9.2","2.5"
"20221012","제주특별자치도","제주시","18.2","20.6","12.9","22.2","19.5","22.5","16.6","0.0","16.4","2.8","9.2","0.0","5.9","18.48","1.7","0.0","70.4","96.9","66.7","2.3","10.0","4.8","0.0","0.0","0.0","10.8","11.8","2.9"
"20221012","제주특별자치도","북제주군","17.4","19.5","13.9","23.6","19.4","22.3","16.9","0.0","0.0","1.3","10.8","5.5","7.0","18.32","11.27","0.0","66.4","91.3","70.3","0.5","6.9","0.0","0.0","0.0","0.0","10.4","10.1","6.2"
"20221012","제주특별자치도","서귀포시","17.9","22.0","12.5","23.1","20.6","24.5","17.5","0.0","1.8","2.1","10.8","2.9","7.0","0.0","0.0","0.0","59.5","92.4","64.9","0.8","8.0","4.1","0.0","0.0","0.0","9.1","10.4","2.6"
"20221011","제주특별자치도","제주시","17.1","20.1","15.6","22.0","19.6","22.6","16.7","0.0","0.1","2.7","4.9","0.2","6.1","14.11","5.4","0.0","64.0","88.9","66.9","7.3","9.1","4.7","0.0","0.0","0.0","13.8","9.3","2.9"
"20221011","제주특별자치도","북제주군","16.2","17.6","15.2","21.2","19.5","22.5","16.9","0.0","0.0","1.1","7.8","8.5","7.3","14.84","16.19","0.0","63.8","94.4","70.4","5.5","7.3","0.0","0.0","0.0","0.0","23.8","12.3","5.8"
"20221011","제주특별자치도","서귀포시","16.8","21.0","13.7","25.1","20.7","24.6","17.5","0.0","0.2","2.0","8.9","7.0","7.3","0.0","0.0","0.0","62.5","84.6","65.3","2.9","7.3","4.0","0.0","0.0","0.0","12.1","5.1","2.7"
"20221010","제주특별자치도","제주시","16.2","18.3","14.4","26.1","19.7","22.8","16.8","1.9","0.0","3.4","2.9","5.5","6.0","9.82","12.52","0.0","63.8","78.8","67.1","7.1","5.4","4.7","0.0","0.0","0.0","15.0","6.3","3.0"
"20221010","제주특별자치도","북제주군","16.3","18.8","15.0","25.5","19.6","22.5","16.9","0.2","10.7","1.3","7.8","7.7","7.1","14.25","14.73","0.0","60.5","88.9","70.4","7.6","5.5","0.0","0.0","0.0","0.0","23.0","10.3","5.9"
"20221010","제주특별자치도","서귀포시","15.9","18.3","14.3","25.4","20.8","24.6","17.7","0.0","0.9","2.6","8.6","4.2","7.1","0.0","0.0","0.0","59.3","90.1","65.4","5.5","8.4","4.0","0.0","0.0","0.0","11.4","4.7","2.8"
"20221009","제주특별자치도","제주시","18.6","20.5","16.4","24.3","19.9","23.0","17.0","12.1","5.2","3.6","0.4","0.0","5.7","4.91","4.44","0.0","84.1","92.4","67.5","9.8","6.1","5.0","0.0","0.0","0.0","19.5","9.0","3.0"
"20221009","제주특별자치도","북제주군","17.8","20.3","15.8","24.4","19.8","22.8","17.1","5.9","2.4","1.3","0.1","1.0","6.8","5.03","7.98","0.0","80.3","88.8","70.6","9.9","5.9","0.0","0.0","0.0","0.0","23.7","7.4","5.7"
"20221009","제주특별자치도","서귀포시","18.6","20.2","16.9","24.5","20.9","24.6","18.0","7.1","3.6","2.6","0.0","2.9","6.6","0.0","0.0","0.0","78.8","88.1","66.0","9.9","6.8","4.5","0.0","0.0","0.0","12.2","5.2","2.8"
"20221008","제주특별자치도","제주시","18.0","20.6","15.5","24.5","19.9","23.0","17.1","5.4","0.0","2.7","0.3","7.4","5.8","5.15","15.08","0.0","80.3","82.6","67.7","9.8","4.5","5.1","0.0","0.0","0.0","13.1","11.5","2.9"
"20221008","제주특별자치도","북제주군","18.5","20.8","15.5","23.8","19.8","22.9","17.1","0.2","0.0","1.2","1.0","7.2","6.8","7.29","10.2","0.0","71.1","82.6","70.5","9.1","5.4","0.0","0.0","0.0","0.0","10.8","7.1","5.6"
"20221008","제주특별자치도","서귀포시","18.1","20.1","16.0","25.1","21.0","24.7","17.9","2.7","0.0","2.2","0.9","10.3","6.5","0.0","0.0","0.0","77.3","74.3","66.0","9.6","3.6","4.7","0.0","0.0","0.0","8.6","5.3","2.8"
"20221007","제주특별자치도","제주시","17.8","21.1","15.6","24.6","19.9","22.9","17.1","0.0","0.0","6.1","4.5","10.3","5.5","12.66","18.61","0.0","63.3","76.3","67.4","8.3","2.0","5.3","0.0","0.0","0.0","12.7","5.9","3.0"
"20221007","제주특별자치도","북제주군","17.1","18.6","15.6","23.7","19.7","22.7","17.1","0.1","0.0","2.1","4.8","9.8","6.6","13.82","15.5","0.0","60.4","79.5","69.9","8.3","4.3","0.0","0.0","0.0","0.0","17.9","6.3","5.9"
"20221007","제주특별자치도","서귀포시","17.9","21.1","15.5","24.4","20.9","24.6","17.9","0.7","0.0","5.3","4.9","9.5","6.3","0.0","0.0","0.0","68.4","70.8","65.9","8.4","2.6","4.9","0.0","0.0","0.0","6.1","3.9","2.8"
"20221006","제주특별자치도","제주시","18.7","21.6","16.7","25.1","20.0","23.0","17.4","0.9","0.0","6.0","1.0","8.3","5.1","8.76","16.74","0.0","70.6","80.1","67.8","9.4","2.8","5.6","0.0","0.0","0.0","7.9","10.7","3.0"
"20221006","제주특별자치도","북제주군","18.0","20.2","16.3","24.9","19.9","22.9","17.4","0.6","0.0","2.1","2.2","7.0","6.3","8.42","13.03","0.0","67.5","82.5","70.2","9.8","4.5","0.0","0.0","0.0","0.0","13.5","6.3","6.1"
"20221006","제주특별자치도","서귀포시","18.8","22.1","16.2","25.0","21.1","24.7","18.1","0.8","0.0","5.3","1.1","10.8","5.9","0.0","0.0","0.0","74.5","74.6","66.4","9.6","5.3","5.2","0.0","0.0","0.0","4.7","5.1","2.8"
"20221005","제주특별자치도","제주시","19.4","22.6","17.5","25.7","20.2","23.2","17.5","0.1","0.0","5.0","6.5","8.8","5.3","16.29","18.33","0.0","66.4","75.9","67.6","7.8","2.5","5.6","0.0","0.0","0.0","7.2","7.7","3.0"
"20221005","제주특별자치도","북제주군","17.9","19.0","16.8","25.0","20.1","23.1","17.6","0.6","0.0","1.9","9.6","10.4","6.5","18.65","18.26","0.0","70.3","86.4","70.6","7.6","2.4","0.0","0.0","0.0","0.0","15.4","8.6","6.1"
"20221005","제주특별자치도","서귀포시","21.3","24.1","17.8","25.4","21.2","25.0","18.2","0.1","0.0","4.8","8.6","10.0","6.2","0.0","0.0","0.0","72.8","78.4","66.3","8.0","5.6","5.2","0.0","0.0","0.0","5.1","4.8","2.7"
"20221004","제주특별자치도","제주시","21.3","27.8","18.2","25.5","20.4","23.5","17.6","1.7","0.0","6.3","0.5","10.0","5.7","3.02","17.79","0.0","81.8","71.0","67.8","7.1","4.3","5.4","0.0","0.0","0.0","15.9","5.2","3.0"
"20221004","제주특별자치도","북제주군","20.6","24.7","17.9","25.7","20.2","23.2","17.8","0.8","0.0","3.3","0.1","10.4","6.8","4.26","16.79","0.0","84.9","83.6","71.3","7.9","3.8","0.0","0.0","0.0","0.0","22.4","13.1","6.3"
"20221004","제주특별자치도","서귀포시","24.2","26.6","21.8","25.8","21.4","25.3","18.3","0.4","0.0","6.3","1.0","9.1","6.6","0.0","0.0","0.0","86.5","75.3","66.8","9.3","5.3","4.9","0.0","0.0","0.0","7.5","5.8","2.6"
"20221003","제주특별자치도","제주시","26.1","29.5","22.6","24.7","20.7","23.8","18.0","0.0","0.0","6.9","10.6","10.6","5.6","18.09","19.99","0.0","76.5","67.9","68.9","1.9","0.0","5.5","0.0","0.0","0.0","5.6","7.3","3.1"
"20221003","제주특별자치도","북제주군","25.3","27.7","23.5","24.3","20.5","23.5","18.1","0.0","0.0","4.1","10.9","10.9","6.7","18.12","18.7","0.0","88.4","81.1","72.8","2.3","0.4","0.0","0.0","0.0","0.0","11.6","12.4","6.4"
"20221003","제주특별자치도","서귀포시","25.6","27.9","24.3","24.2","21.7","25.5","18.7","0.0","0.0","7.7","6.9","10.7","6.6","0.0","0.0","0.0","89.5","73.3","68.3","7.9","2.1","4.9","0.0","0.0","0.0","4.8","5.2","2.6"
"20221002","제주특별자치도","제주시","24.9","30.6","18.9","23.5","20.9","24.0","18.3","0.0","0.0","5.4","10.8","9.7","5.4","19.0","18.67","0.0","64.0","74.5","70.7","1.1","0.4","5.7","0.0","0.0","0.0","4.8","5.6","3.0"
"20221002","제주특별자치도","북제주군","24.0","27.6","19.7","23.2","20.8","23.8","18.4","0.0","0.0","4.7","9.7","10.5","6.3","16.01","18.44","0.0","78.9","88.3","74.5","3.4","0.0","0.0","0.0","0.0","0.0","11.2","7.2","6.3"
"20221002","제주특별자치도","서귀포시","23.4","25.2","19.8","23.0","21.9","25.7","19.0","0.0","0.0","6.3","2.3","10.8","6.3","0.0","0.0","0.0","83.1","78.1","69.7","6.9","0.1","5.1","0.0","0.0","0.0","3.5","4.3","2.6"
"20221001","제주특별자치도","제주시","22.8","26.8","17.7","22.9","21.1","24.1","18.5","0.0","0.0","7.2","10.0","9.2","5.3","20.04","18.57","0.0","56.9","82.6","71.6","1.0","2.4","5.9","0.0","0.0","0.0","6.5","5.7","3.0"
"20221001","제주특별자치도","북제주군","22.5","26.3","19.5","22.6","21.0","24.0","18.6","0.0","0.0","6.1","11.3","11.2","6.0","18.81","17.87","0.0","68.8","90.9","75.4","2.3","0.0","0.0","0.0","0.0","0.0","8.1","10.6","6.0"
"20221001","제주특별자치도","서귀포시","22.0","25.8","17.8","23.3","22.1","25.7","19.2","0.0","0.0","8.6","11.3","11.2","6.0","0.0","0.0","0.0","62.9","75.1","71.1","0.3","0.0","5.5","0.0","0.0","0.0","3.8","7.8","2.7"
"20220930","제주특별자치도","제주시","21.7","26.2","17.2","23.0","21.4","24.3","18.8","0.0","27.9","7.9","10.9","0.7","4.9","20.57","6.24","0.0","66.6","93.0","72.6","0.8","7.1","6.1","0.0","0.0","0.0","5.9","10.1","3.0"
"20220930","제주특별자치도","북제주군","22.2","25.5","18.8","22.6","21.3","24.4","18.8","0.0","6.5","6.4","11.3","7.1","5.7","20.01","16.2","0.0","72.8","95.3","75.8","0.9","4.8","0.0","0.0","0.0","0.0","5.1","11.2","5.8"
"20220930","제주특별자치도","서귀포시","22.1","25.9","18.4","24.3","22.3","25.8","19.6","0.0","3.9","9.2","11.3","6.7","5.7","0.0","0.0","0.0","67.8","84.1","72.2","0.0","5.8","5.7","0.0","0.0","0.0","3.9","9.6","2.9"
"20220929","제주특별자치도","제주시","22.4","26.7","18.3","26.2","21.5","24.3","19.1","0.0","13.0","7.0","7.6","7.3","4.7","16.71","16.17","0.0","69.5","83.8","72.9","4.6","5.3","6.2","0.0","0.0","0.0","6.0","5.9","3.1"
"20220929","제주특별자치도","북제주군","22.0","25.3","19.9","25.5","21.5","24.7","18.9","0.3","8.9","5.6","7.6","10.7","5.7","15.08","17.37","0.0","72.8","95.1","75.5","4.8","4.5","0.0","0.0","0.0","0.0","8.2","8.7","5.5"
"20220929","제주특별자치도","서귀포시","22.7","26.6","20.2","25.8","22.4","25.9","19.7","0.0","0.4","8.0","6.5","8.6","5.7","0.0","0.0","0.0","69.5","91.1","72.0","4.9","7.1","5.7","0.0","0.0","0.0","5.4","4.4","3.0"
"20220928","제주특별자치도","제주시","23.2","26.1","21.1","25.3","21.6","24.4","19.2","0.0","0.0","6.0","0.5","3.4","4.9","8.29","14.68","0.0","79.1","85.3","72.2","9.3","7.0","6.0","0.0","0.0","0.0","8.7","10.9","3.0"
"20220928","제주특별자치도","북제주군","23.0","25.8","20.0","24.8","21.6","24.8","18.9","0.3","0.0","4.6","0.1","5.0","5.8","7.09","12.65","0.0","74.5","88.3","74.4","8.9","7.5","0.0","0.0","0.0","0.0","6.4","7.6","5.2"
"20220928","제주특별자치도","서귀포시","22.9","25.2","21.7","25.0","22.5","26.0","19.9","0.0","0.0","6.5","0.8","8.4","5.7","0.0","0.0","0.0","80.1","84.5","71.3","9.4","6.5","5.7","0.0","0.0","0.0","5.1","7.4","3.1"
"20220927","제주특별자치도","제주시","22.7","25.8","19.5","24.0","21.7","24.6","19.3","0.7","0.0","4.4","10.0","5.5","5.2","19.21","15.71","0.0","71.3","81.5","71.3","5.4","6.0","5.8","0.0","0.0","0.0","6.8","9.9","3.0"
"20220927","제주특별자치도","북제주군","21.8","24.0","19.3","23.8","21.7","25.0","18.9","1.0","0.0","3.4","10.1","9.5","6.2","17.45","18.23","0.0","69.0","78.8","73.3","5.1","6.0","0.0","0.0","0.0","0.0","8.7","6.8","5.0"
"20220927","제주특별자치도","서귀포시","23.0","27.0","20.0","23.8","22.7","26.2","20.0","0.0","0.0","5.4","9.6","9.9","6.1","0.0","0.0","0.0","64.5","79.6","70.2","5.6","5.3","5.5","0.0","0.0","0.0","5.0","7.7","3.0"
"20220926","제주특별자치도","제주시","22.7","26.4","20.6","24.4","21.9","24.7","19.4","0.0","0.0","2.8","3.3","5.6","5.5","14.15","15.92","0.0","69.0","78.4","70.7","8.5","6.9","5.5","0.0","0.0","0.0","6.7","13.0","3.0"
"20220926","제주특별자치도","북제주군","22.2","25.1","19.8","23.5","21.8","25.2","19.1","0.0","0.0","2.1","5.7","6.3","6.5","14.62","15.12","0.0","65.1","81.0","72.7","8.9","5.4","0.0","0.0","0.0","0.0","8.8","7.0","5.1"
"20220926","제주특별자치도","서귀포시","22.7","25.7","19.4","23.7","22.8","26.4","20.1","0.0","0.0","3.3","6.3","7.8","6.5","0.0","0.0","0.0","67.6","78.3","69.1","8.3","6.0","5.1","0.0","0.0","0.0","4.0","9.2","3.0"
"20220925","제주특별자치도","제주시","22.4","25.4","20.2","24.2","22.0","24.8","19.5","0.0","0.3","4.3","1.4","2.8","5.6","12.48","10.81","0.0","72.0","82.0","71.0","8.3","7.0","5.5","0.0","0.0","0.0","9.1","11.8","3.0"
"20220925","제주특별자치도","북제주군","22.4","27.1","18.3","23.6","21.9","25.1","19.3","0.0","0.0","2.5","3.6","5.7","6.6","11.15","10.37","0.0","65.0","80.0","73.0","9.3","4.6","0.0","0.0","0.0","0.0","8.0","10.7","5.2"
"20220925","제주특별자치도","서귀포시","22.1","25.7","19.0","23.8","22.8","26.3","20.1","0.0","0.0","4.4","4.6","6.1","6.3","0.0","0.0","0.0","66.1","77.6","69.4","8.4","6.1","5.1","0.0","0.0","0.0","6.5","8.4","2.9"
"20220924","제주특별자치도","제주시","21.4","24.4","19.0","23.4","22.0","24.9","19.6","0.0","0.0","5.0","6.4","8.3","5.5","18.93","16.35","0.0","56.6","74.8","71.0","6.6","3.9","5.7","0.0","0.0","0.0","8.6","11.6","3.0"
"20220924","제주특별자치도","북제주군","20.3","21.7","18.9","22.4","21.9","25.0","19.4","0.0","0.0","2.3","7.5","9.0","6.5","18.91","15.92","0.0","60.3","76.5","73.0","8.8","3.1","0.0","0.0","0.0","0.0","14.6","9.0","5.3"
"20220924","제주특별자치도","서귀포시","21.3","24.3","18.2","22.9","22.9","26.3","20.1","0.0","0.0","6.1","7.7","9.6","6.1","0.0","0.0","0.0","64.6","73.1","70.0","7.3","4.0","5.3","0.0","0.0","0.0","5.7","6.1","2.9"
"20220923","제주특별자치도","제주시","22.4","26.8","19.4","24.9","22.1","24.9","19.7","0.0","0.0","6.3","6.3","9.8","5.3","16.94","19.85","0.0","72.3","70.3","71.4","6.3","4.1","5.9","0.0","0.0","0.0","9.5","6.3","2.9"
"20220923","제주특별자치도","북제주군","21.4","24.7","19.1","23.3","22.0","24.9","19.6","0.0","0.0","2.8","7.2","10.4","6.3","16.69","18.23","0.0","71.3","79.5","73.5","6.8","3.8","0.0","0.0","0.0","0.0","14.1","9.1","5.4"
"20220923","제주특별자치도","서귀포시","22.7","25.8","19.4","23.8","23.0","26.4","20.3","0.0","0.0","6.8","6.1","10.2","5.9","0.0","0.0","0.0","68.1","79.1","70.3","7.0","4.3","5.6","0.0","0.0","0.0","5.5","4.5","2.8"
"20220922","제주특별자치도","제주시","22.2","25.2","20.1","27.3","22.4","25.2","19.8","0.0","0.0","6.6","3.2","10.9","5.3","13.12","21.26","0.0","77.0","72.3","71.4","6.4","0.4","5.9","0.0","0.0","0.0","9.8","10.2","3.0"
"20220922","제주특별자치도","북제주군","21.7","25.5","17.6","24.8","22.2","25.2","19.8","0.0","0.0","2.8","7.5","10.5","6.3","14.46","18.59","0.0","66.4","97.0","74.3","5.4","1.0","0.0","0.0","0.0","0.0","7.3","8.2","5.3"
"20220922","제주특별자치도","서귀포시","22.3","25.9","19.9","24.1","23.1","26.5","20.4","0.0","0.0","7.3","7.2","9.9","5.8","0.0","0.0","0.0","72.3","89.9","71.0","5.4","0.5","5.7","0.0","0.0","0.0","8.7","8.0","2.9"
"20220921","제주특별자치도","제주시","22.0","24.8","20.1","25.2","22.5","25.4","20.0","0.0","6.8","6.5","4.7","5.4","5.4","16.26","14.96","0.0","64.4","78.4","71.1","6.6","5.8","5.8","0.0","0.0","0.0","11.0","12.3","2.9"
"20220921","제주특별자치도","북제주군","21.3","25.6","17.6","24.2","22.4","25.4","19.9","0.0","13.6","2.5","7.1","6.7","6.6","15.64","14.61","0.0","58.1","92.0","74.2","6.5","5.8","0.0","0.0","0.0","0.0","8.6","16.1","5.3"
"20220921","제주특별자치도","서귀포시","21.1","24.1","19.8","23.4","23.3","26.6","20.6","0.0","26.3","7.0","6.7","5.9","5.9","0.0","0.0","0.0","66.0","87.9","71.3","7.3","5.6","5.7","0.0","0.0","0.0","9.7","9.6","2.9"
"20220920","제주특별자치도","제주시","22.9","25.3","21.4","26.5","22.8","25.6","20.2","0.0","0.0","4.9","4.1","9.4","5.6","14.91","19.93","0.0","65.3","76.8","71.1","7.1","3.0","5.7","0.0","0.0","0.0","12.7","8.4","2.9"
"20220920","제주특별자치도","북제주군","22.4","26.8","20.6","24.8","22.6","25.6","20.1","0.0","0.0","2.1","6.5","10.3","6.8","15.8","19.42","0.0","65.5","84.4","74.4","6.3","4.0","0.0","0.0","0.0","0.0","15.2","13.2","5.3"
"20220920","제주특별자치도","서귀포시","22.3","24.6","20.9","24.9","23.6","26.9","20.9","0.0","0.0","5.8","4.9","8.9","6.1","0.0","0.0","0.0","65.3","81.0","71.3","7.3","5.9","5.5","0.0","0.0","0.0","10.0","5.4","2.9"
"20220919","제주특별자치도","제주시","25.1","27.9","22.0","24.5","23.0","25.9","20.5","0.0","0.0","6.4","5.7","9.8","5.9","15.72","20.65","0.0","77.0","78.9","71.5","6.8","2.1","5.6","0.0","0.0","0.0","14.1","11.8","2.9"
"20220919","제주특별자치도","북제주군","23.1","24.7","21.1","24.0","22.8","25.8","20.3","0.0","0.0","2.5","9.6","7.7","7.0","19.89","14.24","0.0","79.1","81.9","75.7","6.0","3.3","0.0","0.0","0.0","0.0","25.8","5.9","5.4"
"20220919","제주특별자치도","서귀포시","28.7","34.8","24.0","23.8","23.8","27.2","21.1","0.0","0.0","5.1","11.3","11.1","6.4","0.0","0.0","0.0","53.8","77.0","71.6","2.6","1.8","5.3","0.0","0.0","0.0","16.7","7.5","2.9"
"20220918","제주특별자치도","제주시","27.1","30.5","25.2","24.7","23.1","26.0","20.6","0.0","0.0","10.7","5.1","6.3","5.8","17.18","17.98","0.0","84.1","82.1","72.4","8.4","5.5","5.5","0.0","0.0","0.0","11.6","8.4","3.0"
"20220918","제주특별자치도","북제주군","24.9","26.9","23.8","23.8","22.9","25.9","20.4","0.0","0.2","4.2","6.3","6.2","7.0","16.37","13.28","0.0","87.5","89.1","77.2","8.5","5.8","0.0","0.0","0.0","0.0","21.8","12.0","5.7"
"20220918","제주특별자치도","서귀포시","29.5","32.7","26.6","24.0","23.9","27.3","21.2","0.0","0.0","7.2","7.4","7.7","6.4","0.0","0.0","0.0","64.3","83.0","72.2","8.1","6.1","5.1","0.0","0.0","0.0","13.6","5.9","3.0"
"20220917","제주특별자치도","제주시","26.4","28.6","24.9","23.3","23.2","26.0","20.8","0.0","155.0","12.6","3.2","0.0","5.6","13.8","2.84","0.0","83.1","96.0","73.6","8.9","9.1","5.7","0.0","0.0","0.0","8.7","24.2","3.0"
"20220917","제주특별자치도","북제주군","26.5","30.4","24.4","23.5","22.9","25.8","20.5","0.0","49.4","6.4","8.1","3.0","6.7","18.03","10.88","0.0","76.1","97.0","77.8","6.3","8.4","0.0","0.0","0.0","0.0","11.5","24.1","5.8"
"20220917","제주특별자치도","서귀포시","26.8","31.0","23.7","25.3","24.0","27.4","21.3","0.0","108.2","8.1","5.2","5.9","6.1","0.0","0.0","0.0","74.9","86.8","73.0","7.5","7.3","5.1","0.0","0.0","0.0","9.6","15.2","3.0"
"20220916","제주특별자치도","제주시","28.7","32.8","25.4","22.9","23.2","26.0","20.9","0.3","63.8","13.5","7.0","0.0","5.2","15.71","0.13","0.0","76.3","95.3","75.1","5.0","10.0","5.9","0.0","0.0","0.0","10.1","18.5","3.0"
"20220916","제주특별자치도","북제주군","27.5","30.2","26.0","23.0","23.0","26.0","20.6","0.6","28.9","6.7","10.8","0.0","6.3","18.85","1.45","0.0","79.6","96.9","79.0","5.1","9.1","0.0","0.0","0.0","0.0","12.8","11.9","5.7"
"20220916","제주특별자치도","서귀포시","26.9","29.8","25.1","22.9","24.1","27.4","21.5","0.0","66.2","8.9","7.8","0.0","5.8","0.0","0.0","0.0","87.6","98.0","74.1","7.8","10.0","5.3","0.0","0.0","0.0","5.5","14.2","3.0"
"20220915","제주특별자치도","제주시","25.3","26.9","24.7","23.4","23.3","26.0","21.0","2.1","11.7","14.6","0.0","0.0","5.0","1.16","1.44","0.0","95.3","86.6","75.4","10.0","10.0","6.1","0.0","0.0","0.0","13.6","19.5","3.0"
"20220915","제주특별자치도","북제주군","27.0","29.4","25.8","23.7","23.1","26.1","20.7","0.4","12.8","7.2","1.4","3.8","6.1","5.46","10.1","0.0","87.9","91.5","79.4","8.4","7.1","0.0","0.0","0.0","0.0","15.7","14.1","5.6"
"20220915","제주특별자치도","서귀포시","25.7","28.0","25.0","22.9","24.1","27.4","21.5","0.0","44.3","10.3","1.1","0.0","5.6","0.0","0.0","0.0","94.8","91.3","74.5","9.8","10.0","5.6","0.0","0.0","0.0","10.2","12.5","3.1"
"20220914","제주특별자치도","제주시","24.8","25.2","24.4","23.9","23.4","26.0","21.2","0.5","89.6","13.8","0.0","0.0","4.5","1.03","1.82","0.0","92.9","99.3","75.9","10.0","10.0","6.4","0.0","0.0","0.0","13.8","17.6","2.9"
"20220914","제주특별자치도","북제주군","26.9","31.1","23.8","24.6","23.2","26.2","20.8","5.5","59.3","7.0","10.8","0.2","5.6","21.29","4.66","0.0","87.0","98.0","79.6","6.1","10.0","0.0","0.0","0.0","0.0","13.0","16.2","5.5"
"20220914","제주특별자치도","서귀포시","25.3","26.6","24.2","24.5","24.2","27.4","21.6","1.0","219.7","10.3","0.7","0.0","5.1","0.0","0.0","0.0","92.1","99.0","75.1","9.6","10.0","6.0","0.0","0.0","0.0","12.0","11.1","3.1"
"20220913","제주특별자치도","제주시","24.4","25.0","23.8","24.5","23.6","26.2","21.3","16.3","27.8","10.0","0.0","0.0","4.4","0.41","1.81","0.0","93.9","93.1","75.2","10.0","10.0","6.6","0.0","0.0","0.0","14.5","18.9","2.8"
"20220913","제주특별자치도","북제주군","24.3","25.3","23.4","24.1","23.4","26.5","21.0","35.9","14.1","5.2","0.0","0.0","5.4","2.67","2.01","0.0","97.8","96.1","79.1","9.8","10.0","0.0","0.0","0.0","0.0","11.6","18.1","5.1"
"20220913","제주특별자치도","서귀포시","24.5","25.7","23.4","23.2","24.3","27.6","21.8","27.7","72.7","8.8","0.0","0.0","5.0","0.0","0.0","0.0","93.6","98.8","74.9","9.5","10.0","6.3","0.0","0.0","0.0","10.7","12.2","3.0"
"20220912","제주특별자치도","제주시","24.5","24.9","23.9","25.8","23.7","26.4","21.3","2.4","0.0","8.0","0.0","3.9","4.7","2.24","13.71","0.0","91.3","87.5","74.7","10.0","9.3","6.4","0.0","0.0","0.0","8.5","9.1","2.7"
"20220912","제주특별자치도","북제주군","24.5","26.6","22.4","25.5","23.5","26.6","21.1","9.3","0.0","2.9","0.0","6.8","5.8","5.52","12.03","0.0","96.1","90.4","79.0","9.5","9.3","0.0","0.0","0.0","0.0","9.3","8.5","5.1"
"20220912","제주특별자치도","서귀포시","25.1","27.0","24.2","25.8","24.5","27.8","21.9","0.0","0.0","8.0","0.0","6.2","5.3","0.0","0.0","0.0","87.1","82.0","74.6","10.0","9.3","6.3","0.0","0.0","0.0","9.9","7.1","2.8"
"20220911","제주특별자치도","제주시","24.7","27.6","23.0","25.5","23.8","26.5","21.4","0.0","0.0","7.6","1.4","7.6","4.8","10.28","17.62","0.0","90.3","84.3","74.3","8.6","5.6","6.3","0.0","0.0","0.0","12.1","10.0","2.7"
"20220911","제주특별자치도","북제주군","25.6","29.3","23.1","25.1","23.5","26.6","21.2","0.0","0.0","3.6","4.7","8.1","5.9","12.57","17.45","0.0","87.3","89.5","79.4","7.5","6.3","0.0","0.0","0.0","0.0","7.1","7.2","5.0"
"20220911","제주특별자치도","서귀포시","24.9","28.1","22.5","25.0","24.7","28.0","22.0","0.3","0.0","7.8","4.7","5.9","5.5","0.0","0.0","0.0","87.8","84.0","74.4","9.0","6.9","6.3","0.0","0.0","0.0","7.0","5.7","2.7"
"20220910","제주특별자치도","제주시","23.9","27.4","22.2","24.0","24.0","26.7","21.5","0.5","8.9","6.5","1.2","0.1","5.1","9.31","5.29","0.0","86.1","89.0","74.3","9.4","8.6","6.1","0.0","0.0","0.0","12.2","8.8","2.6"
"20220910","제주특별자치도","북제주군","24.7","30.4","20.6","23.0","23.7","26.7","21.3","0.0","15.8","2.9","6.8","0.8","6.1","16.52","4.19","0.0","80.6","97.5","79.7","6.9","8.4","0.0","0.0","0.0","0.0","8.9","9.6","4.9"
"20220910","제주특별자치도","서귀포시","24.2","27.1","22.3","23.1","24.8","28.2","22.2","0.0","11.5","6.1","6.0","0.0","5.7","0.0","0.0","0.0","83.9","95.6","74.5","7.4","9.4","6.2","0.0","0.0","0.0","8.7","3.0","2.5"
"20220909","제주특별자치도","제주시","24.4","27.6","22.1","25.4","24.1","27.0","21.6","0.0","0.0","5.4","8.1","11.6","5.6","20.11","23.18","0.0","75.1","75.3","74.2","5.5","5.8","5.8","0.0","0.0","0.0","10.0","6.3","2.7"
"20220909","제주특별자치도","북제주군","23.6","27.4","20.8","24.1","23.8","26.8","21.4","0.0","0.0","2.8","9.3","11.2","6.6","16.62","20.24","0.0","77.0","85.9","80.0","5.8","5.8","0.0","0.0","0.0","0.0","9.3","6.6","5.1"
"20220909","제주특별자치도","서귀포시","23.9","27.6","19.8","24.3","25.0","28.4","22.3","0.0","0.0","5.1","8.4","11.3","6.2","0.0","0.0","0.0","70.5","74.1","74.5","5.9","5.1","5.8","0.0","0.0","0.0","9.3","4.2","2.5"
"20220908","제주특별자치도","제주시","24.3","27.6","20.5","25.2","24.2","26.9","21.8","0.0","0.0","6.3","11.3","7.4","5.5","22.81","20.08","0.0","70.1","73.8","75.1","5.4","5.5","5.9","0.0","0.0","0.0","6.9","8.4","2.7"
"20220908","제주특별자치도","북제주군","23.6","26.5","20.9","23.7","23.8","26.7","21.5","0.0","0.0","3.3","11.5","9.4","6.5","21.01","19.2","0.0","76.1","82.4","80.8","4.9","5.1","0.0","0.0","0.0","0.0","9.8","13.5","5.3"
"20220908","제주특별자치도","서귀포시","24.5","28.8","20.6","24.2","25.1","28.3","22.5","0.0","0.0","5.4","10.8","9.4","6.0","0.0","0.0","0.0","59.6","76.5","75.5","5.1","4.5","5.8","0.0","0.0","0.0","8.9","6.3","2.5"
"20220907","제주특별자치도","제주시","24.2","28.9","18.7","26.2","24.4","27.2","22.0","0.0","1.3","7.5","10.9","3.3","5.3","23.56","13.45","0.0","61.5","85.0","75.5","2.1","8.9","6.2","0.0","0.0","0.0","5.2","10.6","2.8"
"20220907","제주특별자치도","북제주군","23.3","25.7","20.7","25.2","24.0","26.8","21.6","0.0","15.6","4.6","11.3","2.3","6.2","21.64","10.77","0.0","78.4","93.3","81.3","3.3","7.6","0.0","0.0","0.0","0.0","7.5","11.7","5.2"
"20220907","제주특별자치도","서귀포시","24.6","28.6","20.6","25.3","25.2","28.4","22.6","0.0","3.1","6.3","11.3","5.2","5.7","0.0","0.0","0.0","63.3","87.0","76.3","1.5","7.3","6.0","0.0","0.0","0.0","6.3","8.5","2.6"
"20220906","제주특별자치도","제주시","23.4","26.6","21.0","25.5","24.6","27.3","22.2","2.9","5.3","7.7","3.4","0.7","5.5","12.22","9.04","0.0","81.1","82.4","75.5","6.3","8.9","6.1","0.0","0.0","0.0","27.8","11.9","2.8"
"20220906","제주특별자치도","북제주군","22.5","25.3","20.9","25.1","24.1","27.0","21.8","0.2","2.6","4.3","7.7","0.8","6.4","14.68","7.3","0.0","88.8","85.9","81.2","5.0","8.5","0.0","0.0","0.0","0.0","42.5","12.7","5.2"
"20220906","제주특별자치도","서귀포시","25.0","29.1","22.2","24.0","25.3","28.4","22.8","1.2","1.5","6.3","11.0","0.0","5.8","0.0","0.0","0.0","67.1","88.0","76.6","2.9","10.0","5.9","0.0","0.0","0.0","16.5","7.7","2.7"
"20220905","제주특별자치도","제주시","26.5","27.4","25.7","24.5","24.7","27.5","22.5","174.0","7.6","7.6","0.0","0.0","5.4","1.87","2.91","0.0","96.3","87.1","75.9","10.0","9.6","6.3","0.0","0.0","0.0","22.8","10.0","2.8"
"20220905","제주특별자치도","북제주군","26.1","27.5","23.5","24.4","24.3","27.1","22.0","83.0","1.8","4.3","0.3","0.0","6.2","5.38","3.0","0.0","98.4","87.1","81.6","10.0","9.6","0.0","0.0","0.0","0.0","41.0","13.2","5.3"
"20220905","제주특별자치도","서귀포시","26.2","28.1","24.6","23.6","25.4","28.5","23.0","108.1","18.1","6.1","0.0","0.0","5.6","0.0","0.0","0.0","95.5","89.4","77.1","10.0","9.8","5.9","0.0","0.0","0.0","20.3","6.2","2.7"
"20220904","제주특별자치도","제주시","26.4","30.2","24.0","25.3","24.9","27.8","22.7","10.4","0.0","8.1","2.2","3.1","5.4","6.73","15.85","0.0","91.8","82.5","76.1","9.8","7.9","6.3","0.0","0.0","0.0","10.8","11.3","2.8"
"20220904","제주특별자치도","북제주군","25.6","29.4","22.3","25.2","24.5","27.3","22.1","183.1","0.0","4.5","1.9","3.9","6.2","4.32","12.63","0.0","97.6","87.0","81.9","9.0","7.1","0.0","0.0","0.0","0.0","14.9","9.3","5.2"
"20220904","제주특별자치도","서귀포시","25.8","28.2","22.4","24.8","25.6","28.6","23.2","48.6","0.0","7.3","1.2","4.3","5.6","0.0","0.0","0.0","94.3","82.5","77.5","9.8","7.5","6.0","0.0","0.0","0.0","11.1","7.0","2.7"
"20220903","제주특별자치도","제주시","25.9","29.3","23.6","24.2","25.2","28.1","22.8","6.4","21.8","6.3","1.4","0.0","5.9","10.46","4.9","0.0","93.4","93.1","75.7","9.6","8.1","6.0","0.0","0.0","0.0","12.7","11.1","2.8"
"20220903","제주특별자치도","북제주군","26.5","29.5","23.6","24.7","24.7","27.6","22.2","0.5","14.2","3.9","4.2","9.6","6.5","11.65","19.95","0.0","90.8","94.4","81.7","7.1","5.8","0.0","0.0","0.0","0.0","11.7","9.6","5.0"
"20220903","제주특별자치도","서귀포시","25.1","26.8","23.9","24.3","25.7","28.8","23.3","18.2","87.0","7.0","1.0","5.4","5.9","0.0","0.0","0.0","96.9","90.1","77.4","9.9","7.8","5.9","0.0","0.0","0.0","8.8","7.6","2.7"
"20220902","제주특별자치도","제주시","23.2","25.0","21.9","25.0","25.3","28.1","22.9","49.3","37.8","6.7","0.0","1.1","6.1","1.44","6.75","0.0","95.4","87.1","75.5","10.0","9.5","5.9","0.0","0.0","0.0","12.2","5.9","3.0"
"20220902","제주특별자치도","북제주군","23.2","24.9","21.7","24.2","24.8","27.7","22.4","41.8","89.5","4.7","0.0","2.4","6.8","3.05","8.12","0.0","97.1","91.1","81.7","9.9","7.0","0.0","0.0","0.0","0.0","9.4","10.7","5.4"
"20220902","제주특별자치도","서귀포시","22.7","24.8","20.7","24.5","25.9","28.9","23.4","121.0","12.8","6.7","0.0","2.3","6.2","0.0","0.0","0.0","96.5","91.1","76.9","10.0","8.1","5.7","0.0","0.0","0.0","11.0","4.9","2.8"
"20220901","제주특별자치도","제주시","24.8","25.9","24.0","28.4","25.4","28.2","23.0","0.0","14.5","7.9","0.0","5.3","5.8","4.73","17.16","0.0","82.8","76.6","75.9","9.9","9.0","6.1","0.0","0.0","0.0","9.7","12.3","3.1"
"20220901","제주특별자치도","북제주군","24.4","26.2","23.2","26.9","24.8","27.7","22.5","0.0","14.8","6.1","0.6","4.1","6.6","7.74","13.14","0.0","85.4","96.9","82.0","9.6","8.4","0.0","0.0","0.0","0.0","13.0","11.4","5.6"
"20220901","제주특별자치도","서귀포시","25.3","27.2","23.8","26.6","26.0","29.0","23.4","0.0","16.7","7.8","1.2","3.1","6.1","0.0","0.0","0.0","76.1","93.0","77.3","9.5","9.0","5.9","0.0","0.0","0.0","10.6","8.2","2.9"
"20220831","제주특별자치도","제주시","25.9","29.1","24.4","27.9","25.5","28.3","23.1","1.2","0.0","8.6","3.0","9.5","5.8","14.68","21.77","0.0","80.8","72.3","75.8","8.8","4.6","6.1","0.0","0.0","0.0","7.8","5.2","3.1"
"20220831","제주특별자치도","북제주군","24.7","27.5","23.7","26.9","25.0","27.8","22.6","0.0","0.0","6.6","6.0","11.4","6.7","17.12","22.45","0.0","85.9","91.9","82.0","8.8","3.9","0.0","0.0","0.0","0.0","11.7","7.4","5.6"
"20220831","제주특별자치도","서귀포시","26.9","29.2","25.5","26.5","26.1","29.1","23.5","0.0","0.0","8.6","3.0","10.8","6.0","0.0","0.0","0.0","82.8","84.1","77.3","9.3","4.6","6.0","0.0","0.0","0.0","5.1","4.9","2.9"
"20220830","제주특별자치도","제주시","28.2","32.7","24.3","28.1","25.7","28.5","23.2","0.0","0.0","9.2","7.6","4.7","6.1","18.14","16.12","0.0","69.0","77.1","75.6","5.4","5.6","6.1","0.0","0.0","0.0","7.6","8.3","3.1"
"20220830","제주특별자치도","북제주군","28.2","32.1","24.9","27.3","25.1","28.0","22.7","0.0","0.0","7.5","7.5","8.6","7.1","16.86","18.84","0.0","85.9","94.9","81.9","5.8","5.3","0.0","0.0","0.0","0.0","7.0","5.1","5.5"
"20220830","제주특별자치도","서귀포시","27.9","31.1","26.3","26.8","26.1","29.3","23.6","0.4","0.0","9.6","8.1","10.1","6.3","0.0","0.0","0.0","79.9","89.0","77.4","6.5","4.5","6.0","0.0","0.0","0.0","6.5","5.3","2.9"
"20220829","제주특별자치도","제주시","25.9","28.0","22.7","29.3","25.8","28.7","23.3","0.0","0.0","11.1","7.1","11.6","6.1","19.01","23.79","0.0","76.4","65.6","75.6","6.1","2.5","6.0","0.0","0.0","0.0","11.4","10.7","3.0"
"20220829","제주특별자치도","북제주군","25.3","30.1","20.1","27.0","25.3","28.1","23.0","0.0","0.0","8.4","7.9","10.7","7.1","15.92","20.37","0.0","79.8","97.3","82.2","6.8","4.0","0.0","0.0","0.0","0.0","7.7","7.2","5.6"
"20220829","제주특별자치도","서귀포시","26.1","29.1","23.2","26.7","26.3","29.3","23.7","0.0","0.0","9.9","8.2","10.5","6.2","0.0","0.0","0.0","75.6","94.1","77.7","7.0","4.0","6.1","0.0","0.0","0.0","5.9","7.7","2.9"
"20220828","제주특별자치도","제주시","24.4","28.4","21.2","29.2","26.0","28.9","23.6","0.0","0.0","10.9","6.3","10.8","6.0","16.82","24.42","0.0","70.8","70.8","76.0","5.0","4.0","6.0","0.0","0.0","0.0","12.9","12.1","2.9"
"20220828","제주특별자치도","북제주군","24.3","28.3","20.8","26.8","25.5","28.3","23.1","0.0","0.0","7.7","9.1","8.6","6.9","15.22","19.33","0.0","73.3","97.9","82.5","3.6","4.6","0.0","0.0","0.0","0.0","13.4","9.0","5.5"
"20220828","제주특별자치도","서귀포시","25.0","28.1","21.4","26.8","26.4","29.4","23.9","0.0","0.0","10.3","10.4","9.8","6.0","0.0","0.0","0.0","67.3","94.9","78.6","4.6","4.8","6.3","0.0","0.0","0.0","8.2","6.6","2.7"
"20220827","제주특별자치도","제주시","26.1","30.4","22.7","29.5","26.2","29.1","23.8","0.0","0.9","9.3","6.3","11.9","6.0","19.31","24.85","0.0","66.4","68.4","76.1","5.8","3.4","6.1","0.0","0.0","0.0","7.9","13.7","2.8"
"20220827","제주특별자치도","북제주군","24.7","28.0","22.6","26.9","25.7","28.5","23.3","0.0","0.6","6.6","7.5","10.3","6.7","18.79","21.61","0.0","75.6","97.8","82.8","5.4","3.3","0.0","0.0","0.0","0.0","12.8","8.9","5.3"
"20220827","제주특별자치도","서귀포시","25.4","29.1","22.3","26.7","26.5","29.4","24.1","0.0","3.4","10.0","6.1","6.6","5.7","0.0","0.0","0.0","70.9","96.8","79.4","5.4","8.5","6.4","0.0","0.0","0.0","4.4","7.4","2.6"
"20220826","제주특별자치도","제주시","26.3","29.2","24.9","27.5","26.4","29.3","24.0","0.0","0.0","9.7","3.1","8.5","6.0","11.2","20.57","0.0","70.3","83.0","76.1","7.4","6.3","6.1","0.0","0.0","0.0","6.7","7.1","2.9"
"20220826","제주특별자치도","북제주군","25.1","28.2","24.1","26.4","25.8","28.7","23.4","0.0","0.0","7.1","4.0","10.4","6.6","11.24","18.18","0.0","76.4","96.8","83.2","6.1","6.3","0.0","0.0","0.0","0.0","10.3","7.0","5.2"
"20220826","제주특별자치도","서귀포시","24.9","27.4","22.2","25.9","26.6","29.5","24.2","0.0","9.7","12.6","2.0","8.1","5.7","0.0","0.0","0.0","76.0","94.9","80.1","6.5","6.5","6.4","0.0","0.0","0.0","4.7","5.5","2.7"
"20220825","제주특별자치도","제주시","26.8","30.7","22.8","27.8","26.5","29.3","24.1","0.0","25.6","11.5","10.1","1.9","5.6","23.44","11.15","0.0","67.9","84.5","76.1","4.5","8.1","6.2","0.0","0.0","0.0","7.6","11.7","2.8"
"20220825","제주특별자치도","북제주군","26.0","29.7","22.9","26.3","25.9","28.7","23.6","0.0","1.8","7.5","11.7","0.2","6.1","22.75","5.14","0.0","75.9","98.0","83.4","4.6","6.9","0.0","0.0","0.0","0.0","9.6","11.0","5.2"
"20220825","제주특별자치도","서귀포시","25.8","29.6","21.4","25.6","26.7","29.6","24.3","0.0","2.8","12.8","11.1","0.0","5.4","0.0","0.0","0.0","70.8","99.0","80.2","5.1","9.0","6.6","0.0","0.0","0.0","7.5","8.7","2.6"
"20220824","제주특별자치도","제주시","27.1","31.0","23.6","28.4","26.6","29.5","24.3","0.0","0.4","11.5","6.7","0.9","5.5","18.87","10.21","0.0","72.4","83.6","76.6","5.9","10.0","6.3","0.0","0.0","0.0","6.8","18.8","2.8"
"20220824","제주특별자치도","북제주군","25.6","28.0","23.4","26.6","26.0","28.9","23.6","0.0","5.2","8.8","7.4","0.8","6.1","18.31","7.92","0.0","81.5","98.0","83.6","7.1","8.7","0.0","0.0","0.0","0.0","10.7","15.4","5.2"
"20220824","제주특별자치도","서귀포시","27.4","30.2","23.9","26.1","26.8","29.8","24.4","7.2","0.6","15.6","4.6","0.0","5.5","0.0","0.0","0.0","79.8","99.0","80.5","7.0","10.0","6.5","0.0","0.0","0.0","5.7","11.6","2.5"
"20220823","제주특별자치도","제주시","29.8","33.4","25.8","27.0","26.7","29.7","24.3","0.0","1.3","10.9","6.7","1.3","5.7","19.39","11.25","0.0","73.1","84.0","76.5","8.0","9.9","6.2","0.0","0.0","0.0","5.4","11.6","2.8"
"20220823","제주특별자치도","북제주군","28.9","31.4","25.7","26.4","26.1","29.0","23.7","0.0","1.9","9.0","7.8","3.8","6.4","17.79","12.18","0.0","93.0","97.3","83.6","7.3","9.4","0.0","0.0","0.0","0.0","7.4","14.0","5.0"
"20220823","제주특별자치도","서귀포시","28.4","31.1","25.5","26.1","26.9","29.9","24.4","0.0","13.3","16.7","7.9","2.0","5.7","0.0","0.0","0.0","87.0","96.8","80.6","7.1","9.6","6.4","0.0","0.0","0.0","5.6","10.4","2.5"
"20220822","제주특별자치도","제주시","28.3","31.4","24.9","26.0","26.8","29.8","24.4","0.0","15.3","12.6","10.7","0.1","5.9","22.31","5.24","0.0","77.0","89.1","76.3","5.3","8.5","6.1","0.0","0.0","0.0","7.5","5.8","2.7"
"20220822","제주특별자치도","북제주군","27.7","30.6","24.8","25.1","26.2","29.1","23.7","0.0","63.4","9.7","11.9","0.0","6.7","23.38","2.74","0.0","87.8","98.0","83.6","5.4","9.0","0.0","0.0","0.0","0.0","6.9","7.0","4.9"
"20220822","제주특별자치도","서귀포시","27.4","30.2","25.3","25.1","27.0","30.0","24.5","0.0","69.9","17.8","10.6","0.0","6.0","0.0","0.0","0.0","79.3","97.5","80.4","6.1","9.6","6.2","0.0","0.0","0.0","4.5","4.7","2.5"
"20220821","제주특별자치도","제주시","27.9","30.8","26.0","27.0","26.8","29.8","24.5","0.0","13.4","12.5","8.7","0.5","5.9","21.88","4.71","0.0","80.5","81.0","76.5","5.3","9.5","6.0","0.0","0.0","0.0","9.7","22.9","2.6"
"20220821","제주특별자치도","북제주군","26.7","28.9","25.6","26.0","26.2","29.2","23.8","0.0","4.6","10.0","11.5","0.0","6.9","21.8","2.28","0.0","87.9","98.0","83.6","5.0","9.4","0.0","0.0","0.0","0.0","8.7","32.1","4.9"
"20220821","제주특별자치도","서귀포시","27.3","29.9","25.0","25.2","27.1","30.1","24.6","0.0","29.6","16.0","10.1","0.0","6.2","0.0","0.0","0.0","82.5","98.9","80.3","5.6","10.0","6.1","0.0","0.0","0.0","7.3","17.0","2.4"
"20220820","제주특별자치도","제주시","29.3","32.6","27.4","27.9","27.0","30.0","24.7","0.0","0.0","9.9","0.5","9.8","6.0","5.21","23.27","0.0","80.5","65.6","76.4","8.4","6.0","5.9","0.0","0.0","0.0","9.7","6.8","2.6"
"20220820","제주특별자치도","북제주군","27.9","29.9","26.3","26.4","26.3","29.4","23.9","0.9","0.0","9.5","0.2","9.2","7.2","5.95","17.95","0.0","96.6","89.8","83.4","7.3","7.3","0.0","0.0","0.0","0.0","11.4","11.4","4.8"
"20220820","제주특별자치도","서귀포시","27.8","30.5","26.5","26.3","27.2","30.2","24.7","0.0","0.0","14.0","0.5","7.8","6.2","0.0","0.0","0.0","92.3","85.8","80.3","8.1","6.5","5.9","0.0","0.0","0.0","7.6","5.8","2.4"
"20220819","제주특별자치도","제주시","30.9","35.4","26.7","25.6","27.1","30.1","24.8","0.0","0.0","7.8","11.6","7.2","6.2","24.37","16.41","0.0","71.0","70.8","76.2","5.9","5.3","5.8","0.0","0.0","0.0","14.1","6.3","2.6"
"20220819","제주특별자치도","북제주군","28.9","30.8","27.3","24.7","26.4","29.5","24.0","0.0","4.7","7.4","10.3","9.9","7.5","20.37","20.79","0.0","93.1","91.9","83.3","6.3","4.8","0.0","0.0","0.0","0.0","8.1","9.2","4.6"
"20220819","제주특별자치도","서귀포시","28.5","30.5","26.0","24.9","27.3","30.4","24.9","0.0","0.0","10.7","7.2","9.3","6.5","0.0","0.0","0.0","91.1","82.3","80.2","7.5","5.3","5.8","0.0","0.0","0.0","7.2","4.7","2.5"
"20220818","제주특별자치도","제주시","27.5","30.6","24.1","26.1","27.1","30.0","24.9","0.0","0.0","7.9","11.0","10.4","6.2","24.46","23.39","0.0","75.0","71.5","76.5","6.0","2.1","5.8","0.0","0.0","0.0","6.0","7.4","2.6"
"20220818","제주특별자치도","북제주군","26.7","29.6","24.3","25.6","26.5","29.5","24.1","0.0","0.0","6.3","8.2","11.5","7.5","19.4","22.82","0.0","82.6","88.4","83.6","6.9","3.0","0.0","0.0","0.0","0.0","9.5","6.8","4.5"
"20220818","제주특별자치도","서귀포시","26.4","28.5","23.0","24.4","27.3","30.3","25.0","0.0","2.9","8.8","8.9","8.4","6.5","0.0","0.0","0.0","82.6","85.6","80.5","6.6","4.6","5.9","0.0","0.0","0.0","4.3","4.9","2.5"
"20220817","제주특별자치도","제주시","26.8","28.4","25.2","25.5","27.2","30.1","24.9","94.3","0.5","6.0","0.1","6.5","6.2","2.09","18.43","0.0","94.1","74.6","76.4","9.4","5.5","5.8","0.0","0.0","0.0","12.0","8.9","2.7"
"20220817","제주특별자치도","북제주군","26.1","28.2","24.7","25.1","26.5","29.5","24.2","61.1","0.0","5.3","0.3","10.0","7.5","2.99","21.61","0.0","88.9","84.9","83.8","7.9","5.1","0.0","0.0","0.0","0.0","19.2","12.0","4.6"
"20220817","제주특별자치도","서귀포시","25.2","27.7","23.3","25.7","27.4","30.3","25.1","212.5","0.0","6.8","0.0","8.4","6.4","0.0","0.0","0.0","97.6","81.6","80.5","8.5","6.1","6.1","0.0","0.0","0.0","13.2","8.2","2.5"
"20220816","제주특별자치도","제주시","31.0","34.1","27.5","24.5","27.3","30.1","25.0","13.9","3.1","5.9","4.6","0.3","6.1","16.49","7.18","0.0","74.8","87.4","76.6","8.5","9.8","5.9","0.0","0.0","0.0","15.3","11.0","2.8"
"20220816","제주특별자치도","북제주군","28.6","29.7","27.2","25.3","26.6","29.5","24.3","4.6","0.7","4.9","0.5","3.7","7.3","5.81","11.61","0.0","91.1","90.3","84.0","9.0","9.9","0.0","0.0","0.0","0.0","15.3","10.4","4.6"
"20220816","제주특별자치도","서귀포시","28.0","30.1","26.3","24.2","27.4","30.2","25.1","10.9","10.9","7.6","2.3","3.2","6.1","0.0","0.0","0.0","94.9","93.1","80.9","9.6","10.0","6.3","0.0","0.0","0.0","9.4","8.4","2.6"
"20220815","제주특별자치도","제주시","32.2","36.7","28.2","24.9","27.3","30.2","25.1","0.0","0.2","5.1","11.7","0.0","6.2","23.58","6.75","0.0","63.8","82.5","76.9","5.9","9.8","5.9","0.0","0.0","0.0","17.5","9.1","2.8"
"20220815","제주특별자치도","북제주군","29.2","31.1","28.3","24.2","26.6","29.4","24.4","0.0","2.3","3.5","8.6","0.2","7.1","17.7","4.53","0.0","96.6","92.5","84.3","6.5","9.8","0.0","0.0","0.0","0.0","11.6","10.3","4.7"
"20220815","제주특별자치도","서귀포시","28.9","31.3","27.4","24.3","27.4","30.2","25.2","2.0","3.6","7.5","7.7","0.3","6.0","0.0","0.0","0.0","88.4","85.6","81.3","8.4","9.6","6.4","0.0","0.0","0.0","7.8","6.9","2.6"
"20220814","제주특별자치도","제주시","31.1","35.9","28.1","23.1","27.4","30.3","25.2","0.0","57.7","6.3","9.3","0.0","6.2","22.38","3.09","0.0","72.5","93.9","76.9","4.8","10.0","6.1","0.0","0.0","0.0","10.8","12.9","2.8"
"20220814","제주특별자치도","북제주군","29.2","31.4","28.1","23.3","26.6","29.3","24.4","0.0","31.1","3.9","10.0","0.0","6.7","19.2","4.28","0.0","96.1","96.3","84.8","5.6","9.6","0.0","0.0","0.0","0.0","10.5","16.8","5.0"
"20220814","제주특별자치도","서귀포시","29.1","31.4","27.7","23.4","27.4","30.2","25.2","0.0","27.7","7.8","9.5","0.0","5.6","0.0","0.0","0.0","87.6","91.9","81.8","6.8","9.9","6.7","0.0","0.0","0.0","7.9","9.0","2.6"
"20220813","제주특별자치도","제주시","31.1","34.5","27.7","24.4","27.5","30.4","25.2","0.0","34.8","7.8","10.1","0.0","5.9","22.39","7.46","0.0","75.1","88.4","77.1","5.3","10.0","6.3","0.0","0.0","0.0","7.3","8.4","2.8"
"20220813","제주특별자치도","북제주군","29.2","31.0","27.3","23.9","26.6","29.3","24.5","0.0","34.3","5.2","10.7","0.0","6.4","20.12","5.43","0.0","95.5","97.5","85.3","5.6","10.0","0.0","0.0","0.0","0.0","8.3","12.7","5.2"
"20220813","제주특별자치도","서귀포시","29.0","31.0","27.4","23.7","27.4","30.2","25.2","0.0","25.6","10.6","6.2","0.3","5.4","0.0","0.0","0.0","86.5","94.0","82.1","5.4","10.0","6.8","0.0","0.0","0.0","8.1","9.2","2.6"
"20220812","제주특별자치도","제주시","30.2","33.8","27.0","25.7","27.5","30.3","25.3","4.2","13.8","9.4","5.4","0.0","5.7","13.65","6.61","0.0","78.5","87.8","77.3","7.3","9.5","6.3","0.0","0.0","0.0","10.4","7.9","2.9"
"20220812","제주특별자치도","북제주군","28.6","31.3","27.0","25.8","26.6","29.4","24.5","0.0","1.8","6.0","5.3","0.0","6.2","13.28","7.6","0.0","96.9","97.3","85.3","7.5","9.6","0.0","0.0","0.0","0.0","11.0","7.9","5.4"
"20220812","제주특별자치도","서귀포시","28.6","30.4","27.7","25.1","27.5","30.2","25.3","0.0","45.0","11.2","6.0","0.1","5.3","0.0","0.0","0.0","89.0","95.0","82.6","7.1","9.6","6.9","0.0","0.0","0.0","8.4","5.1","2.7"
"20220811","제주특별자치도","제주시","31.6","35.8","28.3","25.5","27.6","30.5","25.3","0.0","32.0","9.4","3.8","0.6","5.8","16.69","8.29","0.0","67.3","90.4","77.0","8.8","9.8","6.3","0.0","0.0","0.0","12.8","10.3","2.9"
"20220811","제주특별자치도","북제주군","29.0","30.7","28.2","25.8","26.7","29.6","24.6","0.0","39.4","5.5","2.2","2.0","6.4","12.96","9.45","0.0","95.6","96.8","84.8","9.3","8.8","0.0","0.0","0.0","0.0","9.8","9.4","5.5"
"20220811","제주특별자치도","서귀포시","28.6","30.8","27.1","25.5","27.6","30.3","25.4","1.1","40.7","9.2","3.6","0.7","5.3","0.0","0.0","0.0","90.0","94.5","82.5","9.0","10.0","6.8","0.0","0.0","0.0","7.2","5.3","2.8"
"20220810","제주특별자치도","제주시","31.5","37.5","28.3","27.9","27.7","30.7","25.4","0.0","4.6","9.8","7.2","7.2","5.8","20.51","18.65","0.0","66.8","74.9","76.8","8.0","6.9","6.3","0.0","0.0","0.0","10.7","6.0","3.0"
"20220810","제주특별자치도","북제주군","29.3","31.8","28.3","27.5","26.8","29.7","24.6","0.0","0.0","6.3","9.0","10.9","6.6","21.02","20.84","0.0","92.9","88.1","84.8","7.4","7.1","0.0","0.0","0.0","0.0","10.7","9.3","5.6"
"20220810","제주특별자치도","서귀포시","29.0","31.8","27.5","27.3","27.6","30.3","25.5","0.1","0.0","10.0","7.0","10.8","5.3","0.0","0.0","0.0","86.5","82.6","82.7","8.5","7.3","6.8","0.0","0.0","0.0","7.4","6.0","2.8"
"20220809","제주특별자치도","제주시","31.1","36.0","27.2","28.3","27.8","30.7","25.4","0.0","0.0","12.2","7.4","7.4","5.9","22.17","21.97","0.0","65.1","78.3","76.6","7.4","6.3","6.1","0.0","0.0","0.0","13.6","7.9","3.1"
"20220809","제주특별자치도","북제주군","29.2","31.1","28.1","27.4","26.9","29.8","24.6","0.0","0.1","7.3","9.9","9.9","6.8","23.11","19.86","0.0","90.9","91.3","84.5","6.5","5.9","0.0","0.0","0.0","0.0","10.7","13.0","5.7"
"20220809","제주특별자치도","서귀포시","28.9","31.6","27.4","28.4","27.7","30.4","25.5","0.2","0.0","10.7","8.7","10.3","5.6","0.0","0.0","0.0","84.1","76.5","82.5","7.8","3.1","6.7","0.0","0.0","0.0","7.8","6.9","2.9"
"20220808","제주특별자치도","제주시","31.7","36.5","28.5","27.9","27.8","30.8","25.5","0.0","1.8","10.6","12.0","0.6","6.3","25.21","9.06","0.0","65.6","80.8","76.4","5.1","8.1","5.9","0.0","0.0","0.0","11.5","10.1","3.0"
"20220808","제주특별자치도","북제주군","29.4","31.1","28.4","27.1","27.0","30.0","24.7","0.0","0.0","6.3","12.0","4.4","7.2","22.45","12.41","0.0","90.9","94.1","84.1","4.3","7.4","0.0","0.0","0.0","0.0","10.7","10.1","5.6"
"20220808","제주특별자치도","서귀포시","29.1","31.5","27.8","28.0","27.7","30.5","25.6","0.0","0.4","8.5","10.4","1.7","5.8","0.0","0.0","0.0","82.9","79.8","82.1","5.3","7.6","6.5","0.0","0.0","0.0","6.6","7.5","2.8"
"20220807","제주특별자치도","제주시","31.4","34.6","28.8","28.9","27.9","30.9","25.5","0.0","0.0","8.8","11.0","11.7","6.7","23.75","25.69","0.0","74.5","75.0","76.3","3.9","3.8","5.7","0.0","0.0","0.0","14.0","6.0","3.0"
"20220807","제주특별자치도","북제주군","29.4","31.5","28.3","27.6","27.1","30.2","24.7","0.0","0.0","5.7","11.5","11.2","7.9","20.51","21.03","0.0","96.1","92.6","84.0","4.3","3.0","0.0","0.0","0.0","0.0","10.0","7.7","5.4"
"20220807","제주특별자치도","서귀포시","29.2","31.4","27.8","28.7","27.8","30.6","25.7","0.0","0.0","7.8","9.3","9.5","6.4","0.0","0.0","0.0","87.6","81.6","81.7","5.6","3.0","6.2","0.0","0.0","0.0","6.2","4.7","2.8"
"20220806","제주특별자치도","제주시","30.9","33.8","28.0","28.9","27.9","31.0","25.5","0.0","0.0","7.8","8.4","10.8","7.1","17.93","26.18","0.0","79.5","75.0","76.1","4.1","1.1","5.4","0.0","0.0","0.0","9.6","9.7","2.9"
"20220806","제주특별자치도","북제주군","29.2","31.2","28.1","28.4","27.1","30.2","24.7","0.0","0.0","5.6","12.4","12.4","8.0","23.79","24.91","0.0","96.4","88.1","84.4","3.3","1.3","0.0","0.0","0.0","0.0","8.9","9.4","5.2"
"20220806","제주특별자치도","서귀포시","29.2","31.4","27.4","28.5","27.8","30.6","25.7","0.0","0.0","9.1","12.0","12.4","6.7","0.0","0.0","0.0","86.1","76.9","81.8","4.3","0.0","6.0","0.0","0.0","0.0","6.6","5.1","2.7"
"20220805","제주특별자치도","제주시","31.3","35.7","27.8","29.8","28.0","31.0","25.5","0.0","0.0","8.2","12.1","10.2","7.2","25.67","22.83","0.0","71.9","65.6","75.9","2.0","2.8","5.3","0.0","0.0","0.0","12.4","9.9","2.9"
"20220805","제주특별자치도","북제주군","29.0","30.7","28.1","29.0","27.1","30.1","24.7","0.0","0.0","5.3","11.3","10.5","7.9","21.25","18.45","0.0","96.9","78.9","84.7","2.5","4.4","0.0","0.0","0.0","0.0","10.3","8.3","5.2"
"20220805","제주특별자치도","서귀포시","28.8","31.2","27.3","28.9","27.8","30.6","25.7","0.0","0.0","8.5","10.4","12.1","6.7","0.0","0.0","0.0","89.5","74.9","81.9","4.9","3.1","6.0","0.0","0.0","0.0","8.4","6.2","2.7"
"20220804","제주특별자치도","제주시","30.6","33.7","27.1","29.9","28.0","31.1","25.6","0.0","0.0","5.2","12.3","9.9","7.5","26.47","24.86","0.0","75.9","64.8","75.6","2.3","3.6","5.1","0.0","0.0","0.0","11.2","10.2","2.9"
"20220804","제주특별자치도","북제주군","29.0","31.2","27.0","28.9","27.1","30.1","24.8","0.0","0.0","4.0","12.3","11.0","8.1","24.28","22.27","0.0","96.0","82.3","85.0","3.1","4.7","0.0","0.0","0.0","0.0","7.1","10.6","5.1"
"20220804","제주특별자치도","서귀포시","28.8","31.0","27.2","28.1","27.8","30.6","25.8","0.7","1.5","7.6","12.2","7.6","6.7","0.0","0.0","0.0","88.4","83.1","82.1","3.3","5.9","5.9","0.0","0.0","0.0","7.3","6.4","2.6"
"20220803","제주특별자치도","제주시","29.8","32.9","27.5","29.1","28.1","31.2","25.6","0.0","1.4","4.2","9.1","7.8","7.7","24.56","22.89","0.0","83.8","74.6","75.1","5.6","6.9","4.9","0.0","0.0","0.0","7.9","9.0","2.9"
"20220803","제주특별자치도","북제주군","28.3","30.5","26.1","27.9","27.1","30.1","24.8","5.0","0.2","3.6","11.3","5.7","8.1","25.3","14.16","0.0","97.5","92.1","85.1","4.3","6.7","0.0","0.0","0.0","0.0","9.7","11.9","5.2"
"20220803","제주특별자치도","서귀포시","28.4","30.9","27.0","27.7","27.9","30.6","25.8","0.0","0.8","6.5","9.6","7.1","6.8","0.0","0.0","0.0","91.9","89.8","82.3","6.5","8.0","5.9","0.0","0.0","0.0","5.5","4.8","2.6"
"20220802","제주특별자치도","제주시","29.7","33.5","27.4","27.7","28.2","31.3","25.7","3.7","20.1","4.2","5.9","3.5","8.0","20.91","14.9","0.0","85.8","87.6","74.9","7.1","8.3","4.8","0.0","0.0","0.0","9.3","6.7","2.9"
"20220802","제주특별자치도","북제주군","27.5","29.5","25.7","27.6","27.1","30.0","24.9","51.7","1.3","2.8","5.9","7.1","7.9","12.93","15.96","0.0","98.0","95.1","85.0","7.0","7.3","0.0","0.0","0.0","0.0","14.2","8.1","5.3"
"20220802","제주특별자치도","서귀포시","28.1","30.8","24.9","27.2","27.9","30.6","25.8","17.2","30.0","6.1","5.0","5.6","6.8","0.0","0.0","0.0","95.0","93.9","82.3","8.5","8.1","6.0","0.0","0.0","0.0","10.3","6.5","2.6"
"20220801","제주특별자치도","제주시","29.3","30.8","27.0","28.4","28.2","31.4","25.7","7.0","0.9","4.3","2.6","4.9","8.0","14.51","18.54","0.0","83.0","84.9","75.0","9.5","7.9","4.8","0.0","0.0","0.0","13.8","6.1","2.8"
"20220801","제주특별자치도","북제주군","27.6","31.0","25.9","27.2","27.1","29.9","24.9","19.9","3.3","2.5","1.9","5.7","7.9","8.64","16.62","0.0","98.0","97.3","85.1","7.9","6.6","0.0","0.0","0.0","0.0","17.4","11.2","5.2"
"20220801","제주특별자치도","서귀포시","27.2","28.8","25.9","27.9","27.9","30.6","25.8","10.8","0.0","4.6","0.4","6.0","6.7","0.0","0.0","0.0","96.5","89.6","82.3","9.8","6.5","6.0","0.0","0.0","0.0","9.5","4.7","2.5"
"20220731","제주특별자치도","제주시","28.0","30.4","26.3","27.0","28.1","31.4","25.6","47.3","155.3","2.9","0.3","1.2","8.2","5.39","9.22","0.0","89.9","93.1","75.6","10.0","8.8","4.8","0.0","0.0","0.0","19.3","9.6","2.7"
"20220731","제주특별자치도","북제주군","27.2","29.4","25.6","27.3","27.0","29.9","24.8","25.4","7.6","2.0","4.1","5.5","8.1","13.75","15.29","0.0","97.9","98.0","85.6","8.4","6.4","0.0","0.0","0.0","0.0","18.3","8.6","5.1"
"20220731","제주특별자치도","서귀포시","26.9","27.4","25.4","27.2","27.9","30.7","25.8","70.3","8.2","4.4","0.0","5.3","7.0","0.0","0.0","0.0","97.6","97.8","82.4","10.0","8.0","5.8","0.0","0.0","0.0","15.1","8.9","2.4"
"20220730","제주특별자치도","제주시","27.2","28.1","26.3","28.0","28.0","31.3","25.4","48.3","1.8","2.5","0.0","5.8","8.1","2.42","17.2","0.0","94.5","77.4","76.1","9.8","7.3","4.9","0.0","0.0","0.0","11.3","4.8","2.6"
"20220730","제주특별자치도","북제주군","27.2","29.9","25.3","26.8","26.9","29.7","24.7","93.2","1.5","2.0","1.4","3.2","7.9","6.73","9.27","0.0","96.5","97.4","86.0","7.9","6.3","0.0","0.0","0.0","0.0","12.4","9.7","5.0"
"20220730","제주특별자치도","서귀포시","26.9","28.5","25.2","26.5","27.8","30.6","25.7","46.5","3.9","4.0","0.0","2.1","6.9","0.0","0.0","0.0","94.5","94.3","82.5","9.4","8.1","5.8","0.0","0.0","0.0","11.1","5.8","2.4"
"20220729","제주특별자치도","제주시","28.9","32.1","26.8","28.5","27.8","31.0","25.2","0.0","0.0","3.8","9.5","11.4","7.7","23.56","25.5","0.0","84.8","70.4","76.7","5.8","6.4","5.2","0.0","0.0","0.0","13.1","6.9","2.6"
"20220729","제주특별자치도","북제주군","29.5","34.3","26.6","26.9","26.7","29.6","24.5","0.0","0.0","2.5","12.7","11.9","7.6","24.99","24.09","0.0","83.1","84.5","86.5","5.0","4.6","0.0","0.0","0.0","0.0","8.0","10.2","4.9"
"20220729","제주특별자치도","서귀포시","29.2","32.4","27.1","26.9","27.6","30.4","25.5","0.0","0.0","4.4","11.9","11.2","6.7","0.0","0.0","0.0","80.9","84.1","82.8","3.3","5.5","5.9","0.0","0.0","0.0","10.1","5.6","2.4"
"20220728","제주특별자치도","제주시","30.3","36.0","26.5","29.4","27.5","30.7","25.0","0.0","0.0","4.9","9.7","12.1","7.5","24.18","27.14","0.0","72.6","62.6","77.4","3.5","1.5","5.3","0.0","0.0","0.0","10.7","11.2","2.6"
"20220728","제주특별자치도","북제주군","28.7","32.4","25.3","27.6","26.6","29.3","24.4","0.0","0.0","3.0","12.8","12.9","7.6","24.91","26.16","0.0","85.5","77.1","86.9","5.1","3.1","0.0","0.0","0.0","0.0","11.1","11.0","4.8"
"20220728","제주특별자치도","서귀포시","28.1","31.1","25.8","27.4","27.4","30.2","25.3","0.1","0.0","5.3","8.4","11.7","6.5","0.0","0.0","0.0","85.0","82.3","83.1","5.9","2.3","6.0","0.0","0.0","0.0","5.6","6.8","2.4"
"20220727","제주특별자치도","제주시","28.9","33.4","25.3","29.1","27.3","30.5","24.8","0.0","0.0","4.6","12.6","12.4","7.6","26.03","26.71","0.0","75.6","66.1","77.5","3.0","3.3","5.3","0.0","0.0","0.0","10.9","10.5","2.7"
"20220727","제주특별자치도","북제주군","27.6","31.0","24.8","27.8","26.4","29.2","24.3","0.0","0.0","3.0","12.8","12.4","7.6","24.77","24.72","0.0","85.1","80.4","87.1","3.6","4.1","0.0","0.0","0.0","0.0","10.0","11.9","4.9"
"20220727","제주특별자치도","서귀포시","26.8","29.0","25.1","27.3","27.3","30.2","25.2","0.0","0.0","5.2","5.4","12.1","6.6","0.0","0.0","0.0","85.0","82.1","83.1","5.3","4.8","5.9","0.0","0.0","0.0","5.3","6.4","2.4"
"20220726","제주특별자치도","제주시","27.6","32.7","23.3","27.9","27.2","30.3","24.8","0.0","0.0","6.1","12.5","0.5","7.4","27.43","11.52","0.0","75.5","73.5","77.2","0.5","8.9","5.4","0.0","0.0","0.0","10.5","13.2","2.8"
"20220726","제주특별자치도","북제주군","26.2","30.5","22.3","26.3","26.3","29.0","24.2","0.0","3.2","3.9","12.8","1.5","7.2","25.79","9.07","0.0","88.6","91.6","87.3","2.3","9.1","0.0","0.0","0.0","0.0","9.3","14.0","4.9"
"20220726","제주특별자치도","서귀포시","26.0","28.6","22.9","25.9","27.2","30.0","25.0","0.0","9.6","6.3","11.3","0.0","6.2","0.0","0.0","0.0","82.0","92.4","83.3","4.0","9.1","6.1","0.0","0.0","0.0","4.8","7.9","2.4"
"20220725","제주특별자치도","제주시","26.9","30.0","24.1","27.2","27.2","30.2","24.7","0.0","0.2","6.6","11.5","0.0","7.3","27.7","6.61","0.0","75.9","79.5","76.8","3.3","10.0","5.4","0.0","0.0","0.0","6.3","11.1","2.9"
"20220725","제주특별자치도","북제주군","25.4","28.0","23.3","27.5","26.2","28.9","24.1","0.0","0.2","3.5","12.6","0.0","6.9","26.45","6.84","0.0","89.8","79.3","87.2","2.4","10.0","0.0","0.0","0.0","0.0","7.8","15.7","5.0"
"20220725","제주특별자치도","서귀포시","25.9","29.2","24.0","26.8","27.0","29.8","24.9","0.0","0.3","6.2","9.5","0.0","6.1","0.0","0.0","0.0","83.0","85.5","83.4","5.1","10.0","6.2","0.0","0.0","0.0","4.2","9.5","2.5"
"20220724","제주특별자치도","제주시","27.4","29.8","25.0","27.9","27.2","30.3","24.7","10.7","0.0","6.5","6.0","2.5","7.4","19.62","15.71","0.0","82.4","80.8","76.7","7.4","8.9","5.3","0.0","0.0","0.0","11.1","10.9","2.9"
"20220724","제주특별자치도","북제주군","26.4","30.5","23.7","29.1","26.1","28.7","24.1","6.0","0.0","2.7","10.2","2.9","7.0","21.92","13.82","0.0","92.0","69.9","87.4","5.5","9.6","0.0","0.0","0.0","0.0","13.2","11.8","5.1"
"20220724","제주특별자치도","서귀포시","27.4","31.7","24.7","27.9","27.0","29.8","24.9","13.0","0.0","5.5","9.2","2.8","6.0","0.0","0.0","0.0","82.6","81.6","83.7","6.1","9.1","6.3","0.0","0.0","0.0","9.1","7.9","2.4"
"20220723","제주특별자치도","제주시","28.3","31.1","25.5","27.1","27.3","30.5","24.7","0.0","0.0","5.5","7.0","0.1","7.4","20.87","9.54","0.0","75.6","86.4","76.2","8.0","9.3","5.2","0.0","0.0","0.0","7.7","10.1","2.9"
"20220723","제주특별자치도","북제주군","27.0","29.6","23.6","27.7","26.0","28.7","24.0","3.5","0.0","2.4","6.5","1.2","6.9","18.83","10.49","0.0","93.5","80.8","87.8","6.5","8.4","0.0","0.0","0.0","0.0","11.5","8.3","5.1"
"20220723","제주특별자치도","서귀포시","26.6","29.3","23.5","27.3","26.9","29.6","24.9","0.0","0.0","4.4","6.9","0.2","5.8","0.0","0.0","0.0","86.1","83.9","84.3","6.3","8.8","6.4","0.0","0.0","0.0","4.4","8.1","2.4"
"20220722","제주특별자치도","제주시","27.2","30.5","24.6","27.6","27.2","30.4","24.8","0.0","0.0","6.0","9.9","4.8","7.2","25.63","16.7","0.0","75.4","83.8","76.3","4.4","6.6","5.4","0.0","0.0","0.0","7.9","10.3","2.9"
"20220722","제주특별자치도","북제주군","26.1","30.1","23.7","29.0","25.9","28.5","24.0","0.0","0.0","2.7","10.9","11.8","6.6","24.06","25.01","0.0","90.9","71.5","88.2","4.5","6.1","0.0","0.0","0.0","0.0","9.4","9.7","5.1"
"20220722","제주특별자치도","서귀포시","26.2","30.5","23.0","28.2","26.8","29.5","24.8","0.0","0.0","5.4","12.6","11.4","5.5","0.0","0.0","0.0","76.3","78.8","84.8","1.6","5.1","6.6","0.0","0.0","0.0","3.4","9.4","2.4"
"20220721","제주특별자치도","제주시","27.7","31.7","25.0","27.8","27.2","30.5","24.6","0.0","0.0","5.7","3.4","7.8","7.5","16.98","22.87","0.0","77.6","83.4","76.3","7.0","5.8","5.3","0.0","0.0","0.0","15.6","13.0","2.8"
"20220721","제주특별자치도","북제주군","26.4","29.3","24.5","27.7","25.9","28.5","23.9","0.4","0.0","2.2","8.6","12.2","6.7","18.95","20.99","0.0","92.4","78.5","88.3","7.1","1.4","0.0","0.0","0.0","0.0","16.9","7.7","5.1"
"20220721","제주특별자치도","서귀포시","27.4","31.7","24.2","28.3","26.8","29.5","24.7","0.0","0.0","4.9","10.8","11.4","5.5","0.0","0.0","0.0","78.4","77.6","84.9","4.8","2.3","6.6","0.0","0.0","0.0","10.4","9.2","2.4"
"20220720","제주특별자치도","제주시","27.4","30.1","24.6","27.7","27.0","30.3","24.4","0.0","0.0","5.4","7.1","8.9","7.2","21.56","22.02","0.0","75.6","82.1","76.6","7.1","6.6","5.4","0.0","0.0","0.0","6.5","9.8","2.8"
"20220720","제주특별자치도","북제주군","26.6","29.0","24.2","27.9","25.8","28.5","23.8","0.0","0.0","2.6","7.9","10.0","6.7","19.99","22.2","0.0","91.9","82.5","88.4","7.4","4.5","0.0","0.0","0.0","0.0","8.8","7.7","5.0"
"20220720","제주특별자치도","서귀포시","26.3","28.0","24.5","28.3","26.6","29.2","24.6","0.0","0.0","5.5","6.3","10.3","5.3","0.0","0.0","0.0","86.3","74.6","85.2","8.8","5.8","6.6","0.0","0.0","0.0","3.7","6.8","2.4"
"20220719","제주특별자치도","제주시","27.8","30.8","25.2","29.0","26.9","30.1","24.3","3.3","0.0","4.9","10.2","11.9","7.0","26.26","26.59","0.0","79.4","69.0","76.5","4.6","3.9","5.5","0.0","0.0","0.0","10.6","10.8","2.8"
"20220719","제주특별자치도","북제주군","26.1","28.9","24.1","27.3","25.6","28.3","23.6","0.4","0.0","2.8","11.7","13.1","6.6","25.49","25.6","0.0","92.5","83.3","88.3","4.3","3.0","0.0","0.0","0.0","0.0","13.7","11.3","4.9"
"20220719","제주특별자치도","서귀포시","26.5","28.6","24.7","27.3","26.4","29.0","24.5","2.6","3.4","5.6","11.0","10.7","5.2","0.0","0.0","0.0","85.6","85.0","85.3","4.5","5.0","6.7","0.0","0.0","0.0","6.7","5.8","2.3"
"20220718","제주특별자치도","제주시","29.1","32.6","26.8","27.0","26.6","29.8","24.2","4.1","12.9","5.0","1.2","5.6","6.8","10.38","18.57","0.0","81.9","78.1","76.6","9.6","7.4","5.7","0.0","0.0","0.0","13.5","13.1","2.8"
"20220718","제주특별자치도","북제주군","27.2","28.4","25.3","25.4","25.3","28.1","23.4","11.1","7.5","3.4","0.4","7.8","6.3","7.24","17.35","0.0","98.0","95.8","88.5","9.1","6.9","0.0","0.0","0.0","0.0","18.4","10.9","4.9"
"20220718","제주특별자치도","서귀포시","27.0","28.7","25.4","25.1","26.2","28.8","24.2","10.6","46.7","6.4","0.1","3.3","5.3","0.0","0.0","0.0","98.1","93.9","85.5","10.0","9.6","6.8","0.0","0.0","0.0","10.5","6.4","2.3"
"20220717","제주특별자치도","제주시","28.0","31.3","26.3","26.9","26.5","29.6","23.9","0.2","0.5","4.9","1.5","5.9","6.7","11.08","21.23","0.0","75.0","79.8","76.7","9.8","8.1","5.9","0.0","0.0","0.0","6.4","11.6","2.8"
"20220717","제주특별자치도","북제주군","27.0","29.4","25.4","26.2","25.1","27.9","23.2","0.1","1.4","3.4","2.2","5.9","6.1","12.81","14.37","0.0","94.3","92.0","88.8","9.6","8.4","0.0","0.0","0.0","0.0","11.3","9.9","5.0"
"20220717","제주특별자치도","서귀포시","26.7","29.2","24.4","26.8","26.0","28.5","24.0","6.2","7.8","6.8","1.5","9.9","5.0","0.0","0.0","0.0","81.8","83.1","86.3","9.4","7.9","7.0","0.0","0.0","0.0","5.0","8.5","2.2"
"20220716","제주특별자치도","제주시","27.2","31.1","23.2","28.5","26.2","29.3","23.8","0.0","0.0","4.2","7.1","11.0","6.2","21.72","24.19","0.0","83.0","74.3","77.0","7.3","6.4","6.2","0.0","0.0","0.0","8.3","10.9","2.8"
"20220716","제주특별자치도","북제주군","25.8","28.9","23.5","27.1","24.9","27.6","22.9","0.0","2.4","3.3","10.1","7.6","6.0","21.55","13.84","0.0","95.9","93.5","89.2","7.0","6.8","0.0","0.0","0.0","0.0","10.1","8.5","5.1"
"20220716","제주특별자치도","서귀포시","27.0","32.3","23.3","27.6","25.7","28.3","23.9","0.0","0.0","6.1","9.6","10.6","4.7","0.0","0.0","0.0","77.6","84.6","86.8","6.9","6.3","7.3","0.0","0.0","0.0","5.5","5.6","2.2"
"20220715","제주특별자치도","제주시","26.8","29.5","25.2","29.0","26.1","29.2","23.7","14.4","0.0","5.4","0.6","11.4","5.9","6.99","26.23","0.0","89.5","75.0","77.7","8.8","6.4","6.5","0.0","0.0","0.0","7.2","5.8","2.8"
"20220715","제주특별자치도","북제주군","25.2","26.8","23.6","27.7","24.6","27.2","22.8","48.4","0.0","4.4","1.1","12.0","5.7","3.79","25.18","0.0","97.6","91.1","90.0","8.0","5.3","0.0","0.0","0.0","0.0","10.5","9.9","5.2"
"20220715","제주특별자치도","서귀포시","25.7","27.9","24.2","27.3","25.6","28.2","23.7","31.4","0.0","8.7","0.3","11.8","4.5","0.0","0.0","0.0","93.4","87.0","87.5","8.1","5.5","7.6","0.0","0.0","0.0","4.1","3.3","2.3"
"20220714","제주특별자치도","제주시","28.8","33.2","26.6","29.0","26.0","29.1","23.5","6.2","0.0","5.4","2.4","3.1","5.7","13.65","16.86","0.0","82.5","75.3","78.4","6.9","8.6","6.7","0.0","0.0","0.0","11.5","6.3","2.8"
"20220714","제주특별자치도","북제주군","27.5","31.7","25.6","27.3","24.5","27.1","22.7","0.0","0.0","5.2","1.4","7.8","5.2","8.78","17.31","0.0","97.5","96.8","90.7","7.1","8.4","0.0","0.0","0.0","0.0","10.1","10.4","5.4"
"20220714","제주특별자치도","서귀포시","27.6","30.0","25.8","27.4","25.4","28.0","23.6","0.0","0.0","9.9","0.3","1.8","4.1","0.0","0.0","0.0","92.9","94.0","88.3","8.6","8.5","7.9","0.0","0.0","0.0","8.3","3.8","2.3"
"20220713","제주특별자치도","제주시","29.4","33.1","27.0","29.0","25.8","28.9","23.4","0.0","0.0","6.6","4.7","7.0","5.1","16.39","22.71","0.0","79.5","72.5","79.1","7.4","6.8","7.0","0.0","0.0","0.0","8.0","6.4","2.9"
"20220713","제주특별자치도","북제주군","27.6","29.6","26.0","27.3","24.4","26.8","22.6","0.0","0.0","5.8","3.2","6.2","4.8","13.44","16.27","0.0","97.8","97.9","91.1","7.6","7.6","0.0","0.0","0.0","0.0","9.5","11.0","5.5"
"20220713","제주특별자치도","서귀포시","27.7","30.1","25.2","27.2","25.3","27.7","23.5","0.1","0.0","11.3","1.4","3.2","3.4","0.0","0.0","0.0","91.9","96.0","88.9","9.0","9.0","8.1","0.0","0.0","0.0","5.5","4.3","2.3"
"20220712","제주특별자치도","제주시","29.3","32.6","26.6","29.0","25.6","28.6","23.2","0.0","0.0","8.9","8.0","7.2","4.7","22.68","22.85","0.0","80.8","76.0","79.8","7.3","6.3","7.2","0.0","0.0","0.0","8.8","6.6","3.0"
"20220712","제주특별자치도","북제주군","27.6","30.9","24.7","27.1","24.2","26.6","22.3","0.0","0.0","6.7","8.9","3.7","4.4","19.77","17.95","0.0","95.8","97.9","91.1","6.8","6.9","0.0","0.0","0.0","0.0","9.9","10.4","5.6"
"20220712","제주특별자치도","서귀포시","27.0","29.4","25.1","27.4","25.1","27.5","23.3","0.0","0.0","13.0","4.0","5.9","3.4","0.0","0.0","0.0","91.8","93.0","88.8","8.9","8.0","8.1","0.0","0.0","0.0","4.5","6.1","2.4"
"20220711","제주특별자치도","제주시","27.9","31.6","24.9","28.4","25.4","28.4","23.0","13.8","0.0","9.4","2.1","9.3","4.6","11.45","21.89","0.0","86.4","76.5","80.2","8.9","5.6","7.2","0.0","0.0","0.0","9.5","6.8","3.1"
"20220711","제주특별자치도","북제주군","25.9","28.6","23.1","26.4","24.1","26.5","22.1","69.9","0.0","7.6","3.3","0.7","4.3","9.85","8.81","0.0","97.9","98.0","90.7","8.5","6.8","0.0","0.0","0.0","0.0","15.9","7.7","5.6"
"20220711","제주특별자치도","서귀포시","25.9","28.3","23.0","26.3","25.0","27.3","23.2","85.2","0.9","14.4","1.5","1.0","3.4","0.0","0.0","0.0","94.1","98.6","88.7","9.4","9.9","8.1","0.0","0.0","0.0","6.3","5.6","2.5"
"20220710","제주특별자치도","제주시","28.6","32.5","25.6","28.0","25.2","28.2","22.8","0.0","0.0","8.7","8.5","7.0","4.8","18.59","18.45","0.0","79.6","71.9","80.3","5.3","6.0","7.2","0.0","0.0","0.0","5.5","11.7","3.0"
"20220710","제주특별자치도","북제주군","27.2","30.1","24.6","25.8","23.9","26.4","21.9","0.0","0.0","7.9","11.9","6.3","4.1","25.03","17.48","0.0","89.5","99.0","90.4","4.9","7.0","0.0","0.0","0.0","0.0","9.4","11.9","5.4"
"20220710","제주특별자치도","서귀포시","27.7","30.7","25.1","26.1","24.8","27.1","22.9","0.0","0.0","12.0","12.2","5.6","3.3","0.0","0.0","0.0","79.3","91.9","88.5","4.4","7.9","8.0","0.0","0.0","0.0","4.1","8.5","2.5"
"20220709","제주특별자치도","제주시","28.7","32.1","26.2","27.3","24.9","27.9","22.4","0.0","2.7","9.0","12.9","6.9","4.7","28.23","20.73","0.0","74.9","77.1","80.5","1.4","7.1","7.2","0.0","0.0","0.0","6.5","11.4","3.1"
"20220709","제주특별자치도","북제주군","26.6","28.7","25.2","25.4","23.7","26.2","21.6","0.0","2.9","8.2","13.1","6.0","4.1","27.17","17.62","0.0","88.8","99.9","90.2","0.9","7.4","0.0","0.0","0.0","0.0","9.4","9.8","5.2"
"20220709","제주특별자치도","서귀포시","27.4","30.2","24.8","25.5","24.5","26.8","22.7","0.0","0.1","13.6","12.6","4.3","3.4","0.0","0.0","0.0","78.4","94.8","88.3","0.4","7.8","8.0","0.0","0.0","0.0","5.9","8.7","2.5"
"20220708","제주특별자치도","제주시","29.5","32.8","27.5","27.8","24.6","27.6","22.1","0.0","0.1","10.0","6.3","1.3","4.9","18.69","11.26","0.0","81.5","81.0","80.9","5.1","9.8","7.2","0.0","0.0","0.0","11.8","10.7","3.0"
"20220708","제주특별자치도","북제주군","27.6","32.4","26.0","25.3","23.4","25.9","21.3","0.0","3.1","9.5","4.6","0.9","4.1","16.19","7.51","0.0","97.5","100.0","90.1","5.6","9.9","0.0","0.0","0.0","0.0","9.0","10.7","5.1"
"20220708","제주특별자치도","서귀포시","27.6","29.9","26.0","25.5","24.3","26.7","22.4","0.5","3.2","15.3","8.7","0.0","3.5","0.0","0.0","0.0","92.9","97.4","88.0","6.0","10.0","8.0","0.0","0.0","0.0","8.7","7.1","2.5"
"20220707","제주특별자치도","제주시","31.8","35.9","28.6","28.8","24.5","27.5","22.0","0.0","15.0","9.2","13.3","1.2","5.1","27.81","10.66","0.0","68.9","78.9","80.6","4.3","8.5","7.1","0.0","0.0","0.0","16.3","14.3","3.0"
"20220707","제주특별자치도","북제주군","27.8","29.9","26.6","26.1","23.2","25.8","21.2","0.0","37.0","9.0","3.5","0.5","4.2","11.64","6.51","0.0","98.0","100.0","90.2","6.3","8.5","0.0","0.0","0.0","0.0","11.7","14.1","4.9"
"20220707","제주특별자치도","서귀포시","27.6","28.8","26.8","25.8","24.1","26.6","22.2","0.4","1.0","13.4","1.1","0.0","3.6","0.0","0.0","0.0","95.8","99.0","87.3","9.0","10.0","7.9","0.0","0.0","0.0","8.0","10.4","2.5"
"20220706","제주특별자치도","제주시","30.3","33.9","26.9","29.5","24.4","27.4","21.9","0.0","0.0","9.6","11.4","2.8","4.9","25.45","16.69","0.0","75.4","68.0","80.7","6.5","8.1","7.3","0.0","0.0","0.0","7.2","17.8","3.0"
"20220706","제주특별자치도","북제주군","28.1","30.4","26.1","25.9","23.1","25.5","21.1","0.0","0.0","9.4","11.6","0.3","3.9","23.81","10.95","0.0","95.3","100.0","90.8","6.0","8.4","0.0","0.0","0.0","0.0","11.8","12.2","4.9"
"20220706","제주특별자치도","서귀포시","27.7","29.7","26.3","26.1","24.0","26.5","22.0","0.0","0.0","13.1","4.8","0.0","3.4","0.0","0.0","0.0","94.5","98.6","87.4","9.0","10.0","8.1","0.0","0.0","0.0","4.0","8.5","2.4"
"20220705","제주특별자치도","제주시","28.2","30.9","25.6","27.6","24.4","27.5","22.0","0.7","2.6","8.8","8.0","1.5","4.6","22.16","14.93","0.0","81.6","78.8","80.7","5.9","9.3","7.4","0.0","0.0","0.0","5.4","15.0","3.0"
"20220705","제주특별자치도","북제주군","27.1","29.3","24.9","25.6","23.0","25.4","21.2","0.0","0.7","8.0","11.4","0.2","3.7","25.22","7.79","0.0","95.3","100.0","91.2","4.5","8.6","0.0","0.0","0.0","0.0","7.8","12.3","5.0"
"20220705","제주특별자치도","서귀포시","27.2","29.3","25.4","25.5","24.0","26.6","22.0","0.0","1.1","12.2","9.4","0.0","3.3","0.0","0.0","0.0","89.9","99.0","87.4","7.0","10.0","8.1","0.0","0.0","0.0","5.6","7.3","2.4"
"20220704","제주특별자치도","제주시","28.0","31.2","26.1","24.4","24.5","27.7","22.1","0.0","35.7","9.0","10.3","0.0","4.5","23.42","4.23","0.0","81.3","90.6","80.4","6.1","10.0","7.5","0.0","0.0","0.0","10.6","17.2","2.9"
"20220704","제주특별자치도","북제주군","26.8","31.3","24.9","23.4","23.0","25.3","21.2","0.0","33.2","8.6","8.9","0.0","3.4","17.91","3.61","0.0","94.5","100.0","91.5","5.3","9.4","0.0","0.0","0.0","0.0","8.5","17.4","5.1"
"20220704","제주특별자치도","서귀포시","26.5","29.5","24.9","23.6","24.0","26.6","22.0","3.7","88.1","12.7","6.5","0.0","3.0","0.0","0.0","0.0","90.3","98.0","87.6","7.6","10.0","8.3","0.0","0.0","0.0","8.1","11.9","2.3"
"20220703","제주특별자치도","제주시","28.6","33.1","25.6","27.4","24.6","27.8","22.2","0.0","20.3","9.7","6.9","0.2","4.4","21.53","6.33","0.0","76.0","76.5","80.0","7.3","10.0","7.6","0.0","0.0","0.0","10.9","20.3","2.9"
"20220703","제주특별자치도","북제주군","27.6","32.0","25.1","25.1","22.9","25.2","21.3","0.0","22.0","9.3","11.7","0.0","3.3","25.0","5.7","0.0","86.8","100.0","91.9","5.6","10.0","0.0","0.0","0.0","0.0","10.4","15.9","5.1"
"20220703","제주특별자치도","서귀포시","27.3","30.7","25.0","24.9","23.9","26.5","22.0","1.4","43.7","12.0","3.4","0.0","2.9","0.0","0.0","0.0","83.9","99.0","87.9","8.6","10.0","8.4","0.0","0.0","0.0","6.4","10.6","2.3"
"20220702","제주특별자치도","제주시","27.6","30.7","24.5","24.8","24.6","27.8","22.1","0.0","0.0","10.4","12.2","0.4","4.1","25.55","9.77","0.0","77.1","85.1","80.6","3.4","9.1","7.7","0.0","0.0","0.0","11.7","8.4","2.8"
"20220702","제주특별자치도","북제주군","26.4","30.8","22.7","24.7","22.9","25.2","21.2","0.0","0.0","11.0","12.0","0.4","3.0","23.99","7.43","0.0","87.6","96.3","92.2","4.1","9.1","0.0","0.0","0.0","0.0","7.4","9.3","5.1"
"20220702","제주특별자치도","서귀포시","27.0","30.0","24.2","24.2","23.8","26.2","22.0","0.0","0.4","14.8","12.5","0.0","2.7","0.0","0.0","0.0","78.3","92.1","88.8","3.8","9.0","8.6","0.0","0.0","0.0","4.2","5.7","2.2"
"20220701","제주특별자치도","제주시","28.3","32.4","25.5","24.6","24.4","27.6","21.9","0.0","0.0","10.6","13.5","10.3","4.0","29.15","26.14","0.0","81.6","80.3","80.7","1.4","4.8","7.7","0.0","0.0","0.0","7.6","10.4","2.8"
"20220701","제주특별자치도","북제주군","26.7","29.1","24.5","24.7","22.7","25.0","21.0","0.0","0.0","11.3","12.5","10.3","3.0","23.92","24.54","0.0","93.1","96.8","92.2","1.0","5.1","0.0","0.0","0.0","0.0","11.7","6.2","5.1"
"20220701","제주특별자치도","서귀포시","26.3","29.0","24.5","25.9","23.6","25.9","21.8","0.0","0.0","15.5","9.5","11.2","2.6","0.0","0.0","0.0","90.8","80.6","88.9","4.5","3.6","8.5","0.0","0.0","0.0","3.4","5.7","2.2"
"20220630","제주특별자치도","제주시","28.7","32.1","26.4","24.9","24.2","27.3","21.6","0.0","0.0","12.0","13.1","7.2","4.1","28.86","19.91","0.0","76.9","75.1","80.8","4.3","5.3","7.6","0.0","0.0","0.0","9.0","11.2","2.8"
"20220630","제주특별자치도","북제주군","26.3","28.4","25.0","24.0","22.5","24.8","20.8","0.0","0.0","12.3","11.4","8.7","3.2","22.26","16.37","0.0","97.9","94.4","92.0","6.1","5.6","0.0","0.0","0.0","0.0","12.3","7.9","5.1"
"20220630","제주특별자치도","서귀포시","26.5","28.7","25.1","24.3","23.4","25.6","21.6","0.0","0.0","17.6","5.3","7.5","2.6","0.0","0.0","0.0","95.0","84.4","88.5","9.1","5.5","8.5","0.0","0.0","0.0","5.5","5.8","2.3"
"20220629","제주특별자치도","제주시","30.2","33.9","27.8","24.6","23.9","26.9","21.3","0.0","0.0","11.4","9.4","9.7","4.1","25.4","25.05","0.0","70.9","76.6","81.2","6.9","4.4","7.7","0.0","0.0","0.0","16.4","10.1","2.9"
"20220629","제주특별자치도","북제주군","25.7","27.4","24.7","23.5","22.3","24.6","20.5","0.2","0.0","11.1","4.3","10.2","3.3","15.31","20.81","0.0","98.0","95.5","91.6","6.3","4.0","0.0","0.0","0.0","0.0","11.7","6.3","5.0"
"20220629","제주특별자치도","서귀포시","25.4","26.7","24.7","24.4","23.2","25.5","21.4","0.1","0.0","15.2","0.0","10.3","2.8","0.0","0.0","0.0","98.4","81.5","88.1","9.4","4.9","8.4","0.0","0.0","0.0","5.2","6.7","2.4"
"20220628","제주특별자치도","제주시","30.5","33.3","28.9","24.3","23.6","26.6","21.1","0.0","0.0","9.8","4.5","9.8","4.0","18.45","25.79","0.0","64.6","81.3","81.3","7.8","6.1","7.7","0.0","0.0","0.0","16.2","11.9","2.9"
"20220628","제주특별자치도","북제주군","25.3","26.5","24.2","24.2","22.1","24.5","20.3","0.6","0.0","9.5","0.3","11.6","3.2","10.04","23.96","0.0","98.0","93.8","91.0","8.6","5.1","0.0","0.0","0.0","0.0","13.4","9.0","4.9"
"20220628","제주특별자치도","서귀포시","25.0","26.0","24.6","25.3","23.0","25.3","21.2","0.1","0.0","13.9","0.0","11.6","2.9","0.0","0.0","0.0","98.9","78.3","87.4","10.0","3.8","8.4","0.0","0.0","0.0","6.4","8.3","2.4"
"20220627","제주특별자치도","제주시","30.5","33.1","27.8","24.7","23.3","26.3","20.8","0.0","0.0","8.7","2.0","6.9","4.0","16.37","22.7","0.0","66.1","78.4","81.1","8.6","7.0","7.7","0.0","0.0","0.0","16.2","12.3","2.9"
"20220627","제주특별자치도","북제주군","24.8","26.2","24.0","23.8","21.9","24.4","20.1","0.7","0.1","8.1","0.4","5.1","3.3","9.45","14.27","0.0","98.0","98.0","90.3","7.8","7.6","0.0","0.0","0.0","0.0","14.8","8.2","4.8"
"20220627","제주특별자치도","서귀포시","25.0","26.3","24.1","24.7","22.9","25.2","21.0","0.2","0.7","12.2","0.0","8.4","2.8","0.0","0.0","0.0","98.8","86.0","86.6","9.9","7.5","8.4","0.0","0.0","0.0","5.6","5.4","2.5"
"20220626","제주특별자치도","제주시","30.0","34.4","25.3","25.7","23.1","26.0","20.6","0.0","0.0","8.8","10.9","2.8","4.1","24.37","15.95","0.0","68.0","67.4","81.1","5.9","9.0","7.7","0.0","0.0","0.0","17.6","9.0","2.9"
"20220626","제주특별자치도","북제주군","24.6","26.2","23.3","24.6","21.8","24.4","19.9","0.8","0.0","8.1","2.4","4.7","3.4","11.18","15.35","0.0","98.0","88.4","89.8","5.3","8.6","0.0","0.0","0.0","0.0","12.0","9.0","4.7"
"20220626","제주특별자치도","서귀포시","24.9","26.7","24.2","24.3","22.7","25.2","20.7","1.0","0.0","13.0","0.3","2.1","3.0","0.0","0.0","0.0","99.0","83.8","86.0","10.0","10.0","8.3","0.0","0.0","0.0","5.4","6.0","2.5"
"20220625","제주특별자치도","제주시","27.4","32.3","23.8","25.2","22.9","25.8","20.5","0.0","0.0","8.1","10.5","5.7","4.1","23.71","17.54","0.0","77.6","70.0","80.8","5.6","7.9","7.8","0.0","0.0","0.0","10.6","8.9","2.9"
"20220625","제주특별자치도","북제주군","24.1","26.1","22.2","23.4","21.7","24.3","19.8","3.9","0.0","7.6","8.7","7.3","3.5","20.41","18.14","0.0","98.0","90.8","89.3","6.6","7.8","0.0","0.0","0.0","0.0","11.8","9.7","4.6"
"20220625","제주특별자치도","서귀포시","24.4","27.9","22.4","23.6","22.6","25.1","20.5","16.5","0.0","11.8","4.8","8.3","3.1","0.0","0.0","0.0","95.0","83.3","85.5","9.5","8.5","8.2","0.0","0.0","0.0","8.7","4.8","2.4"
"20220624","제주특별자치도","제주시","26.1","29.5","23.8","24.7","22.6","25.6","20.3","71.4","0.0","8.7","4.1","7.1","4.0","11.46","22.39","0.0","87.8","70.1","80.7","7.1","8.0","7.7","0.0","0.0","0.0","22.3","7.9","2.8"
"20220624","제주특별자치도","북제주군","23.3","24.4","22.4","23.3","21.6","24.2","19.6","83.7","0.0","8.2","1.6","10.9","3.6","7.75","23.06","0.0","98.0","93.9","89.0","8.5","5.9","0.0","0.0","0.0","0.0","20.8","8.5","4.5"
"20220624","제주특별자치도","서귀포시","23.6","27.1","22.1","23.2","22.4","25.0","20.4","105.9","0.0","13.1","1.3","5.9","3.2","0.0","0.0","0.0","98.3","85.6","85.2","9.4","7.1","8.2","0.0","0.0","0.0","9.7","4.5","2.4"
"20220623","제주특별자치도","제주시","28.7","33.4","23.0","24.0","22.5","25.5","20.1","0.0","0.0","7.9","10.1","10.5","4.2","26.11","26.28","0.0","72.6","74.9","80.8","6.4","3.9","7.6","0.0","0.0","0.0","17.5","6.7","2.8"
"20220623","제주특별자치도","북제주군","23.8","25.5","23.0","23.0","21.6","24.3","19.5","0.0","0.0","7.2","3.8","12.5","4.1","14.94","25.83","0.0","98.0","97.0","88.6","7.3","2.8","0.0","0.0","0.0","0.0","12.4","6.6","4.4"
"20220623","제주특별자치도","서귀포시","24.1","24.8","23.6","23.1","22.4","25.1","20.3","1.6","0.0","12.8","0.0","6.0","3.4","0.0","0.0","0.0","98.6","85.1","84.7","10.0","6.5","8.0","0.0","0.0","0.0","8.3","4.8","2.4"
"20220622","제주특별자치도","제주시","23.7","26.8","20.7","24.0","22.4","25.4","19.9","0.0","0.0","7.0","10.9","12.0","4.7","27.39","28.5","0.0","89.1","74.9","80.6","2.0","3.6","7.4","0.0","0.0","0.0","9.3","10.9","2.7"
"20220622","제주특별자치도","북제주군","23.7","28.0","19.8","23.4","21.5","24.3","19.3","0.0","0.0","6.7","5.5","12.4","4.6","19.94","25.38","0.0","93.9","87.9","88.5","2.9","4.8","0.0","0.0","0.0","0.0","10.0","8.2","4.2"
"20220622","제주특별자치도","서귀포시","23.9","28.0","20.7","23.8","22.4","25.2","20.1","0.3","0.0","11.5","5.0","10.4","4.0","0.0","0.0","0.0","93.0","81.6","84.2","7.3","4.4","7.7","0.0","0.0","0.0","5.6","7.5","2.3"
"20220621","제주특별자치도","제주시","24.0","27.3","21.5","24.7","22.2","25.2","19.8","0.1","0.0","7.5","7.5","11.0","4.8","22.57","27.6","0.0","89.5","59.3","80.8","6.1","4.3","7.2","0.0","0.0","0.0","8.4","6.5","2.6"
"20220621","제주특별자치도","북제주군","21.8","24.6","19.9","23.4","21.3","24.1","19.2","0.0","0.0","6.0","10.3","12.9","4.8","24.33","25.72","0.0","97.5","85.6","88.7","3.4","4.6","0.0","0.0","0.0","0.0","11.8","6.9","4.3"
"20220621","제주특별자치도","서귀포시","24.8","28.7","22.0","24.4","22.3","25.2","20.1","2.7","0.0","10.2","8.8","12.2","4.3","0.0","0.0","0.0","87.4","61.6","83.9","4.1","4.9","7.5","0.0","0.0","0.0","9.0","4.0","2.2"
"20220620","제주특별자치도","제주시","23.7","27.4","21.3","23.6","22.1","25.1","19.7","0.0","0.0","8.9","1.5","11.5","4.8","14.29","27.81","0.0","88.3","52.0","81.0","8.3","3.0","7.2","0.0","0.0","0.0","8.3","6.2","2.5"
"20220620","제주특별자치도","북제주군","22.5","24.9","20.9","23.3","21.2","24.0","19.0","0.0","0.0","6.7","1.6","13.1","4.8","10.18","26.22","0.0","96.9","82.1","88.9","7.9","3.0","0.0","0.0","0.0","0.0","7.5","6.4","4.4"
"20220620","제주특별자치도","서귀포시","22.9","24.7","21.7","23.5","22.3","25.1","20.0","0.0","0.0","11.4","0.4","12.5","4.4","0.0","0.0","0.0","93.5","66.8","83.7","9.4","3.0","7.5","0.0","0.0","0.0","6.0","4.4","2.2"
"20220619","제주특별자치도","제주시","25.1","30.5","21.5","23.1","21.9","25.0","19.5","0.0","0.0","8.6","8.6","10.2","5.1","24.47","27.72","0.0","83.3","78.0","80.7","7.3","5.1","7.0","0.0","0.0","0.0","6.2","6.7","2.5"
"20220619","제주특별자치도","북제주군","23.4","28.3","21.3","21.6","21.0","24.0","18.8","0.0","0.0","6.4","6.2","6.4","5.1","18.23","22.33","0.0","96.5","98.9","88.4","6.1","4.3","0.0","0.0","0.0","0.0","9.5","8.7","4.3"
"20220619","제주특별자치도","서귀포시","23.9","26.9","21.6","23.0","22.2","25.1","19.8","1.0","0.0","11.0","6.7","11.1","4.6","0.0","0.0","0.0","93.0","88.6","82.9","8.6","4.9","7.4","0.0","0.0","0.0","4.5","5.0","2.2"
"20220618","제주특별자치도","제주시","23.9","26.9","21.7","22.1","21.8","24.9","19.3","0.0","0.0","7.7","11.8","0.0","5.3","27.19","11.33","0.0","85.4","88.8","79.8","3.0","9.9","6.8","0.0","0.0","0.0","8.0","4.9","2.5"
"20220618","제주특별자치도","북제주군","22.8","25.4","20.9","21.9","20.9","24.0","18.6","0.0","0.9","5.8","12.3","0.4","5.3","26.28","10.22","0.0","95.4","99.1","87.5","1.8","9.3","0.0","0.0","0.0","0.0","9.3","5.8","4.3"
"20220618","제주특별자치도","서귀포시","23.4","26.3","21.5","21.9","22.1","25.0","19.7","0.0","1.2","9.6","11.4","0.0","4.7","0.0","0.0","0.0","90.0","98.0","81.2","4.6","10.0","7.2","0.0","0.0","0.0","5.4","3.9","2.2"
"20220617","제주특별자치도","제주시","22.5","26.0","20.2","21.4","21.7","24.7","19.2","0.0","0.0","7.5","7.4","0.0","5.4","23.19","6.01","0.0","89.1","84.1","78.9","4.9","9.6","6.8","0.0","0.0","0.0","10.3","8.4","2.6"
"20220617","제주특별자치도","북제주군","22.4","25.1","19.9","22.4","20.8","23.9","18.5","0.1","0.0","5.6","1.8","2.5","5.6","13.93","14.83","0.0","95.1","94.6","86.7","4.4","8.0","0.0","0.0","0.0","0.0","10.9","11.1","4.3"
"20220617","제주특별자치도","서귀포시","22.7","25.4","20.8","21.8","21.9","24.9","19.5","0.0","0.0","9.1","1.2","0.9","5.0","0.0","0.0","0.0","92.1","90.3","79.9","8.4","9.3","7.2","0.0","0.0","0.0","4.1","8.3","2.3"
"20220616","제주특별자치도","제주시","22.3","25.7","19.4","21.1","21.5","24.6","19.0","0.0","7.1","6.1","7.4","0.0","5.5","21.94","5.54","0.0","85.8","89.0","77.9","4.8","9.9","6.7","0.0","0.0","0.0","8.4","12.8","2.6"
"20220616","제주특별자치도","북제주군","21.0","25.1","18.9","23.0","20.7","23.8","18.3","0.0","0.0","5.4","3.1","10.2","5.7","16.2","20.63","0.0","96.5","93.0","85.6","7.8","3.8","0.0","0.0","0.0","0.0","9.4","15.4","4.1"
"20220616","제주특별자치도","서귀포시","21.4","24.2","19.3","22.0","21.8","24.8","19.3","0.0","0.0","8.7","8.6","1.9","4.9","0.0","0.0","0.0","92.3","90.3","79.0","5.9","7.5","7.2","0.0","0.0","0.0","8.5","10.9","2.4"
"20220615","제주특별자치도","제주시","23.0","29.0","17.9","23.1","21.4","24.5","18.8","0.0","17.6","4.5","10.5","0.0","5.8","24.44","4.54","0.0","81.1","87.9","77.1","4.1","9.9","6.5","0.0","0.0","0.0","9.8","9.8","2.6"
"20220615","제주특별자치도","북제주군","21.1","23.5","19.1","22.5","20.6","23.8","18.1","0.0","46.0","5.0","4.3","0.0","6.1","16.48","3.01","0.0","98.0","99.1","84.8","5.3","9.4","0.0","0.0","0.0","0.0","8.8","12.5","4.0"
"20220615","제주특별자치도","서귀포시","21.1","23.9","19.3","22.5","21.8","24.8","19.2","0.0","63.4","7.4","3.2","0.0","5.2","0.0","0.0","0.0","96.3","98.5","78.0","8.4","9.8","7.0","0.0","0.0","0.0","5.5","5.0","2.3"
"20220614","제주특별자치도","제주시","19.0","19.6","18.7","21.4","21.4","24.5","18.8","13.6","0.0","4.0","0.0","4.3","6.1","2.65","18.76","0.0","98.3","85.3","76.6","9.9","8.5","6.4","0.0","0.0","0.0","12.7","5.6","2.7"
"20220614","제주특별자치도","북제주군","20.8","24.0","19.1","20.8","20.5","23.7","18.1","0.0","0.0","4.6","3.4","5.8","6.3","15.21","16.89","0.0","95.1","98.6","84.8","8.4","6.6","0.0","0.0","0.0","0.0","6.8","7.3","4.2"
"20220614","제주특별자치도","서귀포시","20.5","22.4","18.9","22.2","21.8","24.9","19.2","0.6","0.0","6.2","0.9","7.5","5.5","0.0","0.0","0.0","91.4","87.8","78.0","9.9","7.9","6.7","0.0","0.0","0.0","10.7","4.2","2.3"
"20220613","제주특별자치도","제주시","20.6","22.2","19.4","20.2","21.4","24.6","18.8","11.6","0.0","4.5","0.0","5.4","6.0","4.66","20.99","0.0","88.9","88.9","76.8","9.9","8.4","6.5","0.0","0.0","0.0","10.8","6.1","2.7"
"20220613","제주특별자치도","북제주군","20.0","22.3","18.9","19.3","20.4","23.5","18.1","11.2","0.0","4.9","0.0","7.4","6.0","6.75","20.97","0.0","94.1","99.5","85.3","9.6","6.1","0.0","0.0","0.0","0.0","13.0","8.2","4.2"
"20220613","제주특별자치도","서귀포시","20.1","21.8","19.0","20.7","21.7","24.8","19.2","12.9","0.0","6.8","0.0","3.2","5.4","0.0","0.0","0.0","92.6","97.6","79.1","10.0","8.4","6.7","0.0","0.0","0.0","11.2","3.7","2.3"
"20220612","제주특별자치도","제주시","22.0","25.9","19.5","22.7","21.4","24.8","18.8","0.0","1.2","4.4","8.2","7.5","5.7","20.56","24.2","0.0","77.4","89.9","77.0","7.5","8.0","6.6","0.0","0.0","0.0","11.0","5.1","2.7"
"20220612","제주특별자치도","북제주군","20.9","25.5","17.3","21.2","20.4","23.5","18.1","0.0","1.1","5.0","7.2","9.8","5.4","16.95","23.42","0.0","88.8","99.5","85.5","8.0","5.8","0.0","0.0","0.0","0.0","8.7","7.2","4.3"
"20220612","제주특별자치도","서귀포시","21.5","24.4","20.2","22.8","21.6","24.6","19.3","0.0","0.1","7.6","6.4","3.7","4.9","0.0","0.0","0.0","80.8","96.3","80.1","8.5","8.5","7.0","0.0","0.0","0.0","9.6","4.3","2.3"
"20220611","제주특별자치도","제주시","21.6","24.1","20.0","21.6","21.4","24.8","18.7","0.4","86.8","3.8","4.8","0.0","5.9","19.92","6.66","0.0","83.5","96.4","77.0","6.5","10.0","6.5","0.0","0.0","0.0","9.4","10.8","2.7"
"20220611","제주특별자치도","북제주군","20.4","24.1","17.5","21.5","20.4","23.5","18.0","7.5","100.3","4.1","9.3","0.6","5.5","22.59","5.38","0.0","91.8","100.0","85.5","5.1","8.0","0.0","0.0","0.0","0.0","11.4","15.5","4.4"
"20220611","제주특별자치도","서귀포시","22.5","26.3","18.3","22.2","21.6","24.5","19.2","5.6","92.8","6.4","8.9","0.0","4.9","0.0","0.0","0.0","74.4","99.0","80.3","5.4","9.9","6.9","0.0","0.0","0.0","10.3","9.2","2.3"
"20220610","제주특별자치도","제주시","23.0","27.4","18.2","25.7","21.2","24.6","18.6","0.0","5.3","3.6","2.5","1.5","5.7","13.25","8.51","0.0","72.8","69.5","77.3","8.8","7.9","6.7","0.0","0.0","0.0","7.7","14.4","2.7"
"20220610","제주특별자치도","북제주군","21.5","24.7","17.9","23.1","20.3","23.5","17.9","1.2","19.1","3.2","1.2","1.6","5.4","10.31","8.75","0.0","88.9","97.4","85.2","8.9","8.8","0.0","0.0","0.0","0.0","10.3","14.3","4.3"
"20220610","제주특별자치도","서귀포시","21.3","23.5","18.3","23.3","21.4","24.3","19.2","0.9","9.9","5.8","0.7","1.1","4.7","0.0","0.0","0.0","89.9","93.0","80.5","9.6","7.9","6.9","0.0","0.0","0.0","6.6","5.9","2.4"
"20220609","제주특별자치도","제주시","21.4","25.5","18.6","26.3","21.0","24.5","18.3","0.0","0.0","3.0","11.9","11.1","5.6","27.04","26.51","0.0","77.3","74.5","76.9","4.5","4.6","6.7","0.0","0.0","0.0","12.0","9.5","2.7"
"20220609","제주특별자치도","북제주군","20.5","25.7","16.3","25.3","20.2","23.5","17.7","0.0","0.0","2.5","12.3","9.4","5.4","25.63","22.59","0.0","87.5","90.1","84.3","4.4","6.9","0.0","0.0","0.0","0.0","7.3","10.2","4.2"
"20220609","제주특별자치도","서귀포시","20.5","23.5","18.1","23.8","21.3","24.2","18.9","0.0","0.0","5.2","10.8","2.7","4.8","0.0","0.0","0.0","81.5","90.6","79.6","5.5","8.4","6.9","0.0","0.0","0.0","7.0","4.9","2.3"
"20220608","제주특별자치도","제주시","21.4","25.3","18.9","24.2","20.8","24.4","18.1","0.0","0.0","2.5","10.5","11.7","5.9","27.2","26.87","0.0","76.3","75.3","76.7","4.0","5.3","6.4","0.0","0.0","0.0","11.1","7.9","2.7"
"20220608","제주특별자치도","북제주군","20.0","25.2","17.2","24.3","20.1","23.4","17.5","0.0","0.0","2.4","9.5","10.2","5.8","20.33","22.67","0.0","89.6","92.0","83.8","3.6","6.5","0.0","0.0","0.0","0.0","8.8","9.3","4.2"
"20220608","제주특별자치도","서귀포시","20.1","22.7","18.2","23.1","21.2","24.2","18.7","0.2","0.6","5.5","9.5","7.4","5.0","0.0","0.0","0.0","83.8","91.5","78.8","5.8","6.8","6.7","0.0","0.0","0.0","7.9","4.9","2.3"
"20220607","제주특별자치도","제주시","20.7","25.6","17.9","21.8","20.6","24.1","17.9","0.7","0.0","2.3","2.3","12.5","6.4","13.03","27.51","0.0","84.5","73.8","76.4","7.1","2.1","6.1","0.0","0.0","0.0","8.0","6.3","2.7"
"20220607","제주특별자치도","북제주군","20.3","23.9","17.8","21.2","19.8","23.3","17.2","0.0","0.0","2.0","5.6","11.6","6.5","19.2","25.5","0.0","93.9","93.8","83.0","6.0","1.9","0.0","0.0","0.0","0.0","7.3","8.8","4.0"
"20220607","제주특별자치도","서귀포시","20.2","21.7","18.2","21.5","21.1","24.2","18.5","8.8","0.0","4.4","0.3","10.5","5.6","0.0","0.0","0.0","91.3","89.1","77.1","8.0","3.4","6.2","0.0","0.0","0.0","3.8","3.5","2.2"
"20220606","제주특별자치도","제주시","20.3","24.1","17.9","22.1","20.4","23.9","17.7","0.8","0.0","1.9","7.2","12.4","6.5","21.81","27.39","0.0","86.5","72.3","75.7","6.5","1.8","6.1","0.0","0.0","0.0","8.1","6.3","2.6"
"20220606","제주특별자치도","북제주군","19.4","22.1","17.6","20.3","19.6","23.0","16.9","0.0","0.0","1.7","10.5","13.2","6.6","23.71","26.3","0.0","95.6","89.6","82.3","4.9","1.1","0.0","0.0","0.0","0.0","14.1","9.7","4.0"
"20220606","제주특별자치도","서귀포시","21.9","26.9","18.5","20.8","21.0","24.2","18.3","0.0","0.0","4.2","12.1","12.4","5.8","0.0","0.0","0.0","77.4","79.0","75.9","3.6","2.0","6.1","0.0","0.0","0.0","4.4","6.5","2.2"
"20220605","제주특별자치도","제주시","19.1","23.0","17.3","24.1","20.3","23.8","17.6","45.0","0.0","1.2","0.0","8.3","6.7","3.61","23.41","0.0","94.5","59.4","74.5","10.0","5.9","5.9","0.0","0.0","0.0","15.7","9.8","2.6"
"20220605","제주특별자치도","북제주군","19.5","23.0","17.2","20.4","19.4","22.9","16.8","60.7","0.0","1.4","0.0","10.0","6.9","5.61","21.5","0.0","97.9","98.5","82.0","8.9","5.1","0.0","0.0","0.0","0.0","17.2","8.3","4.1"
"20220605","제주특별자치도","서귀포시","19.7","21.7","17.3","20.5","20.9","24.3","18.2","110.8","0.0","3.9","0.0","9.5","6.2","0.0","0.0","0.0","94.1","89.5","74.5","10.0","7.3","5.9","0.0","0.0","0.0","11.4","9.2","2.2"
"20220604","제주특별자치도","제주시","23.5","26.6","19.8","20.6","20.3","23.7","17.5","0.0","2.9","1.6","7.1","6.8","6.6","20.8","24.39","0.0","70.3","69.4","73.6","6.8","8.3","5.9","0.0","0.0","0.0","14.5","8.2","2.7"
"20220604","제주특별자치도","북제주군","22.3","27.5","18.3","19.7","19.3","22.6","16.7","2.2","3.1","1.7","7.5","7.5","6.9","18.11","21.85","0.0","81.6","94.4","81.8","7.4","9.0","0.0","0.0","0.0","0.0","11.5","14.9","4.3"
"20220604","제주특별자치도","서귀포시","22.1","25.2","19.7","21.0","20.9","24.2","18.1","0.5","3.6","5.4","4.3","6.1","6.2","0.0","0.0","0.0","84.6","70.8","73.6","8.4","8.8","6.0","0.0","0.0","0.0","7.9","8.2","2.3"
"20220603","제주특별자치도","제주시","21.2","23.5","18.6","23.7","20.2","23.7","17.3","0.0","1.5","1.8","11.7","3.4","6.6","27.24","17.5","0.0","83.4","76.0","72.1","3.4","9.0","5.8","0.0","0.0","0.0","7.2","13.0","2.7"
"20220603","제주특별자치도","북제주군","21.0","24.2","17.6","20.7","19.1","22.5","16.5","0.0","3.9","1.9","11.1","1.4","6.8","25.59","11.59","0.0","91.8","99.5","81.2","3.3","8.8","0.0","0.0","0.0","0.0","6.6","15.3","4.4"
"20220603","제주특별자치도","서귀포시","21.1","24.3","18.0","21.5","20.8","24.1","17.9","0.0","28.5","4.9","12.3","1.2","6.2","0.0","0.0","0.0","84.6","97.9","72.7","3.6","9.5","6.1","0.0","0.0","0.0","4.1","7.5","2.3"
"20220602","제주특별자치도","제주시","21.7","25.5","17.8","24.5","20.0","23.6","17.0","0.0","0.0","1.7","9.3","0.4","6.7","25.92","11.72","0.0","77.8","57.0","70.9","5.1","8.3","5.7","0.0","0.0","0.0","6.2","13.5","2.6"
"20220602","제주특별자치도","북제주군","19.9","23.5","17.6","22.5","19.0","22.3","16.3","0.0","0.0","1.9","10.2","1.6","6.8","26.06","11.33","0.0","95.1","83.3","81.1","5.5","9.5","0.0","0.0","0.0","0.0","5.5","14.9","4.5"
"20220602","제주특별자치도","서귀포시","20.6","23.8","17.9","22.6","20.6","23.9","17.7","0.0","0.0","4.9","6.4","1.0","6.4","0.0","0.0","0.0","88.4","79.8","72.2","5.1","9.4","6.1","0.0","0.0","0.0","5.4","5.6","2.2"
"20220601","제주특별자치도","제주시","21.0","24.9","18.2","22.9","19.8","23.4","16.8","0.0","0.0","3.2","7.2","10.4","6.5","23.5","25.9","0.0","69.0","65.0","70.8","6.8","5.0","5.7","0.0","0.0","0.0","5.5","8.0","2.6"
"20220601","제주특별자치도","북제주군","19.7","23.0","16.8","22.2","18.7","22.1","16.1","0.0","0.0","3.2","7.5","10.9","6.6","22.69","24.49","0.0","85.5","80.6","81.6","7.9","4.8","0.0","0.0","0.0","0.0","8.5","9.2","4.5"
"20220601","제주특별자치도","서귀포시","20.0","23.4","18.0","22.3","20.4","23.7","17.5","0.0","0.0","6.3","6.9","10.7","6.3","0.0","0.0","0.0","74.6","76.8","72.6","7.1","4.3","6.1","0.0","0.0","0.0","4.5","4.0","2.3"
"20220531","제주특별자치도","제주시","20.9","24.7","17.6","22.0","19.7","23.4","16.7","0.0","0.0","3.3","11.7","11.7","6.8","26.78","27.27","0.0","59.9","67.0","70.4","6.9","2.6","5.5","0.0","0.0","0.0","6.9","7.4","2.6"
"20220531","제주특별자치도","북제주군","19.5","24.3","17.0","20.9","18.6","22.0","16.0","0.0","0.0","3.3","10.5","12.2","6.7","24.32","25.66","0.0","72.9","75.0","81.6","6.9","2.4","0.0","0.0","0.0","0.0","10.9","7.8","4.5"
"20220531","제주특별자치도","서귀포시","21.6","25.7","18.4","21.2","20.3","23.7","17.3","0.0","0.0","5.8","10.5","12.1","6.4","0.0","0.0","0.0","59.6","72.9","72.3","7.0","2.6","6.0","0.0","0.0","0.0","4.6","4.4","2.3"
"20220530","제주특별자치도","제주시","20.3","23.3","18.8","21.4","19.5","23.2","16.5","0.0","0.0","3.6","2.5","12.6","6.9","12.47","28.07","0.0","88.5","65.0","69.8","9.1","0.8","5.5","0.0","0.0","0.0","7.5","5.9","2.7"
"20220530","제주특별자치도","북제주군","19.6","23.5","17.9","19.9","18.5","21.8","15.8","0.0","0.0","3.5","3.7","13.0","6.8","14.77","26.77","0.0","96.6","73.5","81.1","8.4","1.1","0.0","0.0","0.0","0.0","12.9","9.8","4.5"
"20220530","제주특별자치도","서귀포시","20.1","23.5","19.0","20.3","20.2","23.7","17.2","0.0","0.0","4.7","0.7","12.6","6.6","0.0","0.0","0.0","97.0","65.1","71.6","9.1","1.3","5.8","0.0","0.0","0.0","6.9","4.3","2.3"
"20220529","제주특별자치도","제주시","21.1","24.0","18.0","19.7","19.4","23.1","16.4","0.0","0.0","3.4","2.6","12.6","6.8","12.27","29.22","0.0","76.0","66.1","69.0","8.1","2.0","5.6","0.0","0.0","0.0","11.5","7.0","2.7"
"20220529","제주특별자치도","북제주군","19.9","22.1","17.8","18.1","18.4","21.8","15.7","0.1","0.0","3.7","1.1","12.9","6.8","9.74","27.04","0.0","93.4","89.0","80.3","9.1","1.9","0.0","0.0","0.0","0.0","13.1","14.2","4.6"
"20220529","제주특별자치도","서귀포시","19.5","21.5","18.2","19.3","20.1","23.6","17.1","21.8","0.0","5.1","0.6","12.6","6.6","0.0","0.0","0.0","91.5","66.4","70.9","9.6","3.1","5.8","0.0","0.0","0.0","6.0","6.5","2.4"
"20220528","제주특별자치도","제주시","21.9","24.8","19.3","20.7","19.5","23.0","16.5","0.0","0.0","3.5","5.2","10.0","6.4","19.06","22.02","0.0","60.8","63.3","69.1","7.8","2.3","5.9","0.0","0.0","0.0","8.3","19.1","2.8"
"20220528","제주특별자치도","북제주군","19.5","22.1","17.2","18.3","18.3","21.7","15.7","0.0","0.0","3.9","5.6","5.2","6.5","17.54","12.32","0.0","95.4","94.6","80.3","8.3","3.8","0.0","0.0","0.0","0.0","7.8","18.1","4.8"
"20220528","제주특별자치도","서귀포시","21.1","25.8","19.0","20.0","20.1","23.6","17.2","0.0","0.0","5.8","7.4","4.9","6.3","0.0","0.0","0.0","64.9","74.3","71.1","8.3","5.5","6.0","0.0","0.0","0.0","7.4","9.7","2.4"
"20220527","제주특별자치도","제주시","23.2","29.0","16.5","19.1","19.5","23.1","16.5","0.0","2.8","2.3","13.4","7.5","6.7","28.75","22.8","0.0","37.6","80.9","68.8","1.5","5.6","5.7","0.0","0.0","0.0","10.6","11.1","2.8"
"20220527","제주특별자치도","북제주군","19.6","23.5","15.3","18.2","18.4","21.7","15.7","0.0","2.4","3.1","13.1","6.7","6.7","27.93","18.02","0.0","89.4","96.3","80.0","1.8","6.6","0.0","0.0","0.0","0.0","6.1","9.8","4.9"
"20220527","제주특별자치도","서귀포시","23.1","29.6","15.3","19.6","20.1","23.6","17.2","0.0","5.5","5.9","12.6","8.6","6.5","0.0","0.0","0.0","44.1","81.0","70.6","1.8","6.6","6.0","0.0","0.0","0.0","9.9","11.3","2.3"
"20220526","제주특별자치도","제주시","19.5","22.7","17.3","18.8","19.4","22.9","16.4","0.0","15.6","2.4","5.3","0.0","6.6","17.79","6.84","0.0","67.8","54.1","68.5","6.3","10.0","5.8","0.0","0.0","0.0","8.4","10.5","2.8"
"20220526","제주특별자치도","북제주군","17.6","19.8","15.9","17.8","18.3","21.5","15.7","0.0","17.1","3.4","5.2","0.0","6.5","16.82","5.89","0.0","87.5","76.5","79.7","6.8","10.0","0.0","0.0","0.0","0.0","9.4","13.3","5.2"
"20220526","제주특별자치도","서귀포시","19.9","22.4","17.9","18.4","20.0","23.5","17.1","0.0","29.3","6.8","3.8","0.0","6.5","0.0","0.0","0.0","72.6","68.8","70.2","7.0","9.9","5.9","0.0","0.0","0.0","4.6","7.4","2.3"
"20220525","제주특별자치도","제주시","21.2","24.7","18.2","20.2","19.4","23.0","16.4","0.0","0.0","2.1","12.3","10.0","6.8","25.71","25.84","0.0","71.4","59.3","68.8","3.8","5.3","5.7","0.0","0.0","0.0","6.2","19.0","2.7"
"20220525","제주특별자치도","북제주군","19.9","23.7","17.6","18.0","18.2","21.5","15.7","0.0","0.0","3.2","12.9","11.1","6.7","25.91","24.12","0.0","81.5","85.3","80.2","4.3","6.8","0.0","0.0","0.0","0.0","6.5","15.6","5.1"
"20220525","제주특별자치도","서귀포시","21.5","25.1","18.8","20.8","20.0","23.4","17.1","0.0","0.0","6.9","12.5","10.0","6.6","0.0","0.0","0.0","66.4","60.1","70.6","3.3","7.4","5.8","0.0","0.0","0.0","5.7","13.8","2.2"
"20220524","제주특별자치도","제주시","21.5","25.1","18.0","19.4","19.3","23.0","16.3","0.0","3.0","2.2","11.8","8.6","7.0","26.5","26.13","0.0","61.6","71.9","69.7","3.4","6.6","5.5","0.0","0.0","0.0","6.0","8.9","2.6"
"20220524","제주특별자치도","북제주군","19.8","22.8","17.8","18.0","18.1","21.4","15.6","0.0","2.2","2.6","10.5","9.0","6.8","24.49","23.63","0.0","74.3","90.9","80.6","5.9","7.4","0.0","0.0","0.0","0.0","7.6","12.5","5.1"
"20220524","제주특별자치도","서귀포시","21.8","25.3","18.3","20.2","19.9","23.3","17.0","0.0","2.1","6.0","9.9","8.9","6.8","0.0","0.0","0.0","58.4","77.6","71.1","5.4","6.6","5.6","0.0","0.0","0.0","4.5","4.2","2.1"
"20220523","제주특별자치도","제주시","22.4","26.6","19.8","19.8","19.2","23.0","16.1","0.0","0.0","2.3","7.5","9.3","7.2","21.35","26.25","0.0","50.0","69.1","69.2","7.8","5.9","5.3","0.0","0.0","0.0","8.4","4.5","2.7"
"20220523","제주특별자치도","북제주군","20.2","24.8","17.2","19.5","18.0","21.4","15.3","0.0","0.1","2.6","8.0","10.5","6.9","21.13","25.16","0.0","75.4","81.4","80.2","7.4","5.3","0.0","0.0","0.0","0.0","6.5","9.3","5.1"
"20220523","제주특별자치도","서귀포시","21.1","24.9","18.5","19.9","19.8","23.2","16.8","0.0","0.0","6.1","7.6","10.3","6.9","0.0","0.0","0.0","63.0","75.1","70.4","7.6","5.4","5.4","0.0","0.0","0.0","7.4","4.0","2.2"
"20220522","제주특별자치도","제주시","21.4","26.2","15.1","19.0","19.0","22.8","15.8","0.0","0.0","2.6","13.0","11.1","7.2","28.5","27.49","0.0","60.0","69.3","69.1","1.9","3.4","5.2","0.0","0.0","0.0","8.7","6.5","2.7"
"20220522","제주특별자치도","북제주군","18.2","23.1","14.4","17.6","17.9","21.3","15.1","0.0","0.0","3.7","12.6","11.7","7.0","27.21","24.94","0.0","90.3","91.5","80.2","2.3","3.8","0.0","0.0","0.0","0.0","8.0","9.5","5.1"
"20220522","제주특별자치도","서귀포시","21.4","25.1","17.1","19.2","19.6","23.1","16.5","0.0","0.0","7.0","12.5","11.1","7.1","0.0","0.0","0.0","62.1","74.3","69.9","3.0","3.3","5.2","0.0","0.0","0.0","3.9","4.4","2.2"
"20220521","제주특별자치도","제주시","20.4","24.9","16.3","18.2","18.7","22.5","15.6","0.0","0.0","3.3","13.1","10.6","7.1","27.89","24.79","0.0","70.0","66.3","69.5","0.1","5.8","5.3","0.0","0.0","0.0","7.4","10.1","2.7"
"20220521","제주특별자치도","북제주군","17.7","20.3","14.9","17.4","17.7","21.1","15.0","0.0","0.0","4.4","13.1","11.2","7.0","27.43","23.65","0.0","90.5","84.6","80.4","2.5","6.9","0.0","0.0","0.0","0.0","9.7","15.8","5.2"
"20220521","제주특별자치도","서귀포시","20.7","24.4","16.9","18.4","19.4","22.9","16.3","0.0","0.0","7.0","11.8","10.7","7.0","0.0","0.0","0.0","63.6","72.3","70.2","1.5","6.1","5.4","0.0","0.0","0.0","4.8","7.5","2.2"
"20220520","제주특별자치도","제주시","20.9","23.3","18.3","18.3","18.6","22.5","15.3","0.0","24.4","3.5","0.6","0.3","7.1","11.8","7.28","0.0","71.9","88.4","69.3","8.3","9.9","5.3","0.0","0.0","0.0","8.4","14.1","2.8"
"20220520","제주특별자치도","북제주군","20.2","25.2","17.6","17.0","17.5","21.0","14.7","0.0","21.2","5.4","1.2","0.0","6.9","11.95","4.82","0.0","77.0","98.3","80.5","9.1","9.9","0.0","0.0","0.0","0.0","9.9","15.8","5.3"
"20220520","제주특별자치도","서귀포시","20.8","24.6","18.4","17.6","19.2","22.8","16.0","0.0","26.8","8.4","2.9","0.0","6.9","0.0","0.0","0.0","75.4","93.0","69.9","9.0","9.9","5.5","0.0","0.0","0.0","7.1","9.5","2.2"
"20220519","제주특별자치도","제주시","20.6","23.7","17.7","19.7","18.5","22.4","15.2","0.0","0.0","3.5","2.0","8.6","6.9","14.63","24.12","0.0","48.6","68.4","68.4","8.9","7.8","5.5","0.0","0.0","0.0","6.1","6.0","2.8"
"20220519","제주특별자치도","북제주군","19.3","23.0","16.4","18.7","17.3","20.8","14.6","0.0","0.0","5.7","1.2","8.5","6.8","12.15","21.41","0.0","61.0","82.4","80.7","9.8","7.5","0.0","0.0","0.0","0.0","7.1","7.2","5.4"
"20220519","제주특별자치도","서귀포시","20.3","23.3","17.2","19.5","19.1","22.8","15.8","0.0","0.0","9.2","1.4","9.0","6.8","0.0","0.0","0.0","50.8","81.8","69.5","9.0","7.8","5.7","0.0","0.0","0.0","3.2","4.1","2.3"
"20220518","제주특별자치도","제주시","21.6","25.8","16.7","18.6","18.4","22.2","15.0","0.0","0.0","3.3","12.8","8.2","6.8","27.28","24.1","0.0","38.3","63.0","68.6","1.8","7.4","5.6","0.0","0.0","0.0","8.1","7.1","2.8"
"20220518","제주특별자치도","북제주군","18.7","21.7","15.0","17.5","17.2","20.5","14.5","0.0","0.0","5.6","12.9","9.0","6.7","26.81","21.96","0.0","78.1","82.6","81.4","1.8","7.9","0.0","0.0","0.0","0.0","6.4","8.6","5.3"
"20220518","제주특별자치도","서귀포시","20.5","22.6","16.9","18.5","18.9","22.6","15.8","0.0","0.0","8.5","12.5","8.8","6.7","0.0","0.0","0.0","49.8","82.8","70.2","2.4","7.3","5.8","0.0","0.0","0.0","6.4","3.5","2.3"
"20220517","제주특별자치도","제주시","21.0","26.5","14.7","16.7","18.3","22.2","15.0","0.0","2.4","3.7","12.9","1.7","6.5","27.67","8.89","0.0","44.0","85.4","69.3","0.3","8.0","6.0","0.0","0.0","0.0","9.6","10.3","2.8"
"20220517","제주특별자치도","북제주군","17.8","21.5","15.1","16.0","17.1","20.5","14.5","0.0","0.9","4.4","12.9","2.0","6.3","26.01","9.53","0.0","81.5","95.0","82.0","0.1","7.0","0.0","0.0","0.0","0.0","6.1","12.8","5.1"
"20220517","제주특별자치도","서귀포시","19.3","22.4","15.8","18.6","18.9","22.3","15.8","0.0","3.4","6.9","12.5","5.0","6.3","0.0","0.0","0.0","61.8","89.1","71.2","0.1","8.4","6.1","0.0","0.0","0.0","7.5","7.0","2.3"
"20220516","제주특별자치도","제주시","18.0","22.0","13.4","23.5","18.3","22.3","14.9","0.0","22.5","2.9","11.3","0.5","6.5","24.96","7.59","0.0","47.4","83.1","68.9","6.0","10.0","6.1","0.0","0.0","0.0","7.0","15.5","2.8"
"20220516","제주특별자치도","북제주군","16.8","22.0","13.3","19.5","17.1","20.5","14.3","0.0","23.1","3.5","12.2","0.1","6.3","24.39","3.54","0.0","64.5","100.0","81.5","6.1","10.0","0.0","0.0","0.0","0.0","8.4","15.2","4.9"
"20220516","제주특별자치도","서귀포시","17.6","21.4","14.3","20.4","18.8","22.3","15.7","0.0","6.8","7.2","11.2","0.0","6.2","0.0","0.0","0.0","53.5","99.0","71.2","6.4","10.0","6.2","0.0","0.0","0.0","6.6","7.5","2.3"
"20220515","제주특별자치도","제주시","16.3","19.7","14.4","23.7","18.1","22.0","14.8","0.0","6.1","2.9","6.7","7.2","6.6","20.5","23.4","0.0","55.5","79.6","68.9","8.9","8.5","5.9","0.0","0.0","0.0","9.2","15.9","2.8"
"20220515","제주특별자치도","북제주군","15.0","17.5","14.0","21.3","16.8","20.2","14.1","0.0","3.0","2.7","8.5","4.6","6.3","18.76","16.15","0.0","61.8","98.9","81.2","8.6","8.4","0.0","0.0","0.0","0.0","14.1","10.8","5.0"
"20220515","제주특별자치도","서귀포시","17.8","20.8","15.3","22.4","18.6","22.1","15.6","0.0","10.9","5.9","6.9","2.3","6.4","0.0","0.0","0.0","46.4","95.9","71.4","8.5","9.9","6.1","0.0","0.0","0.0","6.9","7.4","2.3"
"20220514","제주특별자치도","제주시","16.6","21.3","13.2","21.5","18.0","21.8","14.6","0.0","0.0","3.3","10.2","1.2","6.7","25.95","14.71","0.0","61.6","80.4","69.8","4.5","9.4","5.8","0.0","0.0","0.0","8.5","10.9","2.9"
"20220514","제주특별자치도","북제주군","15.6","18.0","14.5","20.4","16.7","20.0","13.9","0.0","0.3","2.9","10.8","2.4","6.3","24.91","13.43","0.0","67.3","93.5","81.6","5.5","9.6","0.0","0.0","0.0","0.0","15.1","10.6","5.1"
"20220514","제주특별자치도","서귀포시","18.8","22.5","15.3","20.9","18.5","21.8","15.5","0.0","0.1","5.7","10.7","2.4","6.4","0.0","0.0","0.0","58.9","93.5","72.4","4.1","9.8","5.9","0.0","0.0","0.0","7.8","6.5","2.3"
"20220513","제주특별자치도","제주시","16.9","18.8","14.8","19.6","17.8","21.7","14.4","8.9","0.0","3.8","0.0","11.8","7.0","2.41","27.46","0.0","95.5","76.4","69.1","8.5","4.5","5.5","0.0","0.0","0.0","13.7","10.7","3.0"
"20220513","제주특별자치도","북제주군","16.8","19.4","13.9","19.5","16.5","19.8","13.7","6.5","0.0","3.9","0.0","13.0","6.6","3.37","25.18","0.0","95.5","88.5","80.8","7.9","4.5","0.0","0.0","0.0","0.0","15.1","11.0","5.3"
"20220513","제주특별자치도","서귀포시","19.1","21.8","17.6","20.6","18.2","21.6","15.2","4.0","0.0","7.8","0.0","12.1","6.6","0.0","0.0","0.0","95.4","82.0","71.8","9.8","4.9","5.7","0.0","0.0","0.0","5.6","10.3","2.4"
"20220512","제주특별자치도","제주시","19.1","22.2","17.3","18.3","17.6","21.4","14.2","0.0","0.6","3.3","1.8","0.7","7.1","11.63","13.54","0.0","89.6","78.5","68.3","9.0","8.6","5.2","0.0","0.0","0.0","8.3","14.6","3.1"
"20220512","제주특별자치도","북제주군","18.8","23.2","16.7","19.2","16.3","19.6","13.4","0.0","0.0","3.9","6.8","13.0","6.8","19.45","25.53","0.0","91.9","88.3","79.9","8.4","3.6","0.0","0.0","0.0","0.0","9.7","12.2","5.7"
"20220512","제주특별자치도","서귀포시","20.7","25.0","18.3","18.9","18.1","21.7","14.9","0.3","0.0","7.7","3.2","8.5","6.8","0.0","0.0","0.0","90.6","84.1","70.8","9.1","7.5","5.5","0.0","0.0","0.0","7.7","13.2","2.5"
"20220511","제주특별자치도","제주시","18.7","20.8","17.6","18.6","17.5","21.3","14.1","0.0","0.4","3.3","0.0","0.0","6.9","5.87","4.32","0.0","92.5","85.4","67.7","9.4","9.4","5.2","0.0","0.0","0.0","10.1","14.7","3.1"
"20220511","제주특별자치도","북제주군","19.1","21.9","17.0","20.6","16.1","19.4","13.3","0.0","1.6","4.0","1.3","0.0","6.6","9.26","6.72","0.0","94.1","94.9","79.6","6.5","9.4","0.0","0.0","0.0","0.0","5.7","14.5","5.9"
"20220511","제주특별자치도","서귀포시","19.1","20.6","17.7","18.4","17.9","21.5","14.7","5.5","9.9","7.3","0.0","0.0","6.7","0.0","0.0","0.0","95.9","97.3","70.6","9.1","9.9","5.4","0.0","0.0","0.0","6.4","9.5","2.5"
"20220510","제주특별자치도","제주시","17.8","19.9","15.3","20.3","17.4","21.1","14.1","0.2","0.0","2.9","2.5","11.7","6.6","13.78","26.43","0.0","81.0","63.8","66.9","9.1","2.6","5.4","0.0","0.0","0.0","12.3","8.1","3.1"
"20220510","제주특별자치도","북제주군","17.7","22.2","13.3","19.9","16.1","19.4","13.3","0.5","0.0","3.7","4.8","3.2","6.4","16.29","14.98","0.0","81.3","92.8","78.9","9.3","6.0","0.0","0.0","0.0","0.0","6.2","10.3","5.8"
"20220510","제주특별자치도","서귀포시","18.2","21.8","15.4","20.1","17.8","21.4","14.7","0.0","0.0","6.6","2.8","2.9","6.3","0.0","0.0","0.0","79.4","84.6","70.3","9.1","7.1","5.5","0.0","0.0","0.0","8.5","4.8","2.5"
"20220509","제주특별자치도","제주시","17.6","19.8","15.7","18.9","17.5","21.2","14.1","0.0","0.0","2.9","8.1","11.1","6.7","21.45","25.63","0.0","71.9","54.6","65.9","6.8","1.4","5.4","0.0","0.0","0.0","11.8","6.9","3.1"
"20220509","제주특별자치도","북제주군","17.5","22.2","15.6","17.6","16.1","19.4","13.3","0.0","0.0","3.6","9.2","10.9","6.5","21.46","23.35","0.0","78.9","74.4","78.1","7.0","1.3","0.0","0.0","0.0","0.0","7.5","10.2","5.8"
"20220509","제주특별자치도","서귀포시","17.7","21.0","16.2","19.2","17.9","21.5","14.7","0.0","0.0","6.7","3.8","10.7","6.4","0.0","0.0","0.0","70.6","61.0","69.7","7.8","1.4","5.5","0.0","0.0","0.0","8.7","6.3","2.5"
"20220508","제주특별자치도","제주시","18.5","22.4","14.7","18.3","17.5","21.3","14.2","0.0","0.0","3.2","5.5","8.3","6.3","20.02","21.32","0.0","76.3","56.4","66.3","6.3","5.8","5.6","0.0","0.0","0.0","10.7","13.8","3.2"
"20220508","제주특별자치도","북제주군","17.9","23.3","14.1","16.4","16.1","19.3","13.4","0.0","0.0","4.1","9.2","8.4","6.1","19.9","18.86","0.0","76.4","81.4","78.6","5.0","7.1","0.0","0.0","0.0","0.0","10.3","8.7","5.8"
"20220508","제주특별자치도","서귀포시","18.3","20.8","17.0","17.2","17.9","21.4","14.8","0.2","0.0","9.6","2.8","4.6","6.1","0.0","0.0","0.0","83.6","75.6","70.5","6.3","8.0","5.7","0.0","0.0","0.0","6.9","8.6","2.5"
"20220507","제주특별자치도","제주시","19.3","23.6","15.9","19.5","17.6","21.4","14.1","0.0","0.0","2.9","8.4","7.5","6.6","20.43","21.62","0.0","73.9","54.9","65.2","2.5","5.3","5.5","0.0","0.0","0.0","6.7","16.8","3.1"
"20220507","제주특별자치도","북제주군","18.4","23.0","15.4","17.0","16.2","19.4","13.5","0.0","0.0","3.9","10.3","8.4","6.2","23.38","21.22","0.0","79.6","83.0","78.4","3.5","5.4","0.0","0.0","0.0","0.0","10.4","12.2","5.9"
"20220507","제주특별자치도","서귀포시","20.7","23.7","18.2","19.0","17.9","21.3","14.9","0.0","0.0","9.2","11.3","9.3","6.0","0.0","0.0","0.0","79.3","74.3","70.2","3.1","3.9","5.6","0.0","0.0","0.0","4.0","10.4","2.5"
"20220506","제주특별자치도","제주시","20.5","24.6","16.5","18.4","17.5","21.4","14.0","0.0","0.0","2.7","11.2","10.8","6.9","25.21","26.87","0.0","74.8","43.1","65.1","1.0","5.0","5.2","0.0","0.0","0.0","12.0","6.0","3.1"
"20220506","제주특별자치도","북제주군","20.1","25.8","16.5","17.1","16.1","19.3","13.4","0.0","0.0","3.6","12.6","11.2","6.5","25.03","24.03","0.0","79.3","66.1","78.2","0.8","5.6","0.0","0.0","0.0","0.0","6.3","9.6","6.0"
"20220506","제주특별자치도","서귀포시","21.2","24.4","18.1","17.5","17.9","21.3","14.9","0.0","0.0","8.7","11.3","11.6","6.3","0.0","0.0","0.0","72.0","56.5","69.4","3.5","5.0","5.5","0.0","0.0","0.0","4.9","4.2","2.5"
"20220505","제주특별자치도","제주시","20.7","27.5","13.2","17.1","17.5","21.5","13.9","0.0","0.0","3.2","12.3","11.2","7.2","26.66","27.24","0.0","60.3","51.4","65.8","0.6","3.5","4.9","0.0","0.0","0.0","11.3","10.4","3.1"
"20220505","제주특별자치도","북제주군","19.3","24.3","13.2","15.0","16.1","19.3","13.3","0.0","0.0","4.4","12.5","11.3","6.9","26.06","25.56","0.0","71.9","85.1","78.8","0.9","3.8","0.0","0.0","0.0","0.0","9.9","18.9","6.2"
"20220505","제주특별자치도","서귀포시","19.4","23.5","14.4","19.1","17.9","21.3","14.9","0.0","0.0","10.5","9.3","10.8","6.7","0.0","0.0","0.0","76.3","56.6","69.2","1.8","3.8","5.3","0.0","0.0","0.0","5.3","8.6","2.5"
"20220504","제주특별자치도","제주시","16.6","20.7","11.3","19.0","17.3","21.4","13.7","0.0","12.8","3.2","12.7","0.0","7.1","27.61","4.21","0.0","62.1","68.5","66.8","0.0","9.8","5.0","0.0","0.0","0.0","7.1","13.4","3.1"
"20220504","제주특별자치도","북제주군","15.3","19.1","11.2","17.6","16.1","19.4","13.3","0.0","45.4","4.6","12.8","0.1","6.7","27.08","2.88","0.0","74.6","95.9","79.3","0.0","9.8","0.0","0.0","0.0","0.0","8.6","17.1","6.3"
"20220504","제주특별자치도","서귀포시","16.1","20.2","12.2","18.5","17.9","21.2","14.8","0.0","52.6","11.3","12.6","0.0","6.5","0.0","0.0","0.0","65.8","93.3","69.4","0.0","9.6","5.3","0.0","0.0","0.0","4.6","17.0","2.4"
"20220503","제주특별자치도","제주시","14.8","18.8","9.5","15.0","17.1","21.1","13.7","0.0","0.0","2.8","12.7","10.1","7.1","27.25","24.82","0.0","56.9","68.3","67.5","0.0","5.0","4.9","0.0","0.0","0.0","6.4","5.4","3.0"
"20220503","제주특별자치도","북제주군","14.8","18.4","10.2","15.4","16.0","19.3","13.2","0.0","0.0","3.3","12.8","10.3","6.8","27.46","23.09","0.0","57.8","78.3","79.5","0.3","5.6","0.0","0.0","0.0","0.0","10.2","11.3","6.3"
"20220503","제주특별자치도","서귀포시","15.5","18.8","12.1","15.7","17.8","21.2","14.7","0.0","0.0","6.5","12.6","10.5","6.6","0.0","0.0","0.0","54.9","74.6","69.5","0.0","4.4","5.2","0.0","0.0","0.0","7.4","5.1","2.4"
"20220502","제주특별자치도","제주시","16.7","20.3","13.2","13.8","17.0","20.9","13.7","0.0","0.0","3.1","11.9","10.8","6.7","24.36","26.22","0.0","52.0","65.6","68.6","1.6","4.0","5.0","0.0","0.0","0.0","12.7","11.5","3.1"
"20220502","제주특별자치도","북제주군","15.9","20.4","12.0","13.1","15.9","19.1","13.1","0.0","0.0","3.6","12.2","12.5","6.4","23.66","24.47","0.0","64.6","77.5","80.3","2.5","2.0","0.0","0.0","0.0","0.0","13.5","19.6","6.1"
"20220502","제주특별자치도","서귀포시","17.0","21.2","13.4","15.0","17.6","21.1","14.6","0.0","0.0","7.5","12.2","12.4","6.3","0.0","0.0","0.0","46.0","60.5","70.5","3.4","1.8","5.5","0.0","0.0","0.0","10.4","11.7","2.4"
"20220501","제주특별자치도","제주시","14.8","18.3","12.2","13.3","17.0","20.9","13.7","0.0","10.1","3.5","11.2","5.8","6.6","26.95","19.04","0.0","59.9","71.0","69.2","7.3","4.1","5.2","0.0","0.0","0.0","8.1","13.3","3.1"
"20220501","제주특별자치도","북제주군","13.4","16.1","11.7","12.7","15.9","19.1","13.2","0.0","14.9","4.0","11.4","8.1","6.1","26.13","19.04","0.0","65.6","83.5","80.9","6.8","2.8","0.0","0.0","0.0","0.0","12.6","24.8","6.1"
"20220501","제주특별자치도","서귀포시","15.8","20.7","12.6","14.2","17.5","20.8","14.4","0.0","11.8","9.3","11.1","11.7","6.0","0.0","0.0","0.0","50.4","71.3","71.8","7.3","3.0","5.7","0.0","0.0","0.0","9.3","10.9","2.4"
"20220430","제주특별자치도","제주시","15.1","17.8","13.3","16.3","16.8","20.6","13.4","0.0","13.2","3.0","6.0","11.0","6.7","22.93","26.79","0.0","72.9","61.8","68.7","7.9","3.5","5.2","0.0","0.0","0.0","9.0","18.6","3.1"
"20220430","제주특별자치도","북제주군","14.9","18.9","12.5","16.3","15.7","18.9","12.9","0.0","6.7","3.2","5.7","11.1","6.0","17.36","25.0","0.0","75.6","79.5","80.8","8.5","4.8","0.0","0.0","0.0","0.0","11.7","29.4","6.1"
"20220430","제주특별자치도","서귀포시","15.2","17.6","13.5","17.3","17.2","20.5","14.0","0.0","5.5","8.7","3.2","10.8","5.9","0.0","0.0","0.0","72.9","65.9","71.7","8.5","4.3","5.8","0.0","0.0","0.0","6.6","9.2","2.5"
"20220429","제주특별자치도","제주시","13.6","17.6","11.7","18.8","16.4","20.2","13.0","26.0","0.0","2.6","0.0","9.8","6.8","6.23","25.17","0.0","88.6","61.6","67.5","9.4","4.1","5.1","0.0","0.0","0.0","14.8","22.9","3.2"
"20220429","제주특별자치도","북제주군","12.9","17.3","10.9","16.5","15.3","18.6","12.6","17.6","1.5","2.7","2.3","10.3","6.1","10.94","23.28","0.0","93.9","88.6","79.4","8.4","3.9","0.0","0.0","0.0","0.0","18.1","21.4","6.0"
"20220429","제주특별자치도","서귀포시","15.1","19.7","11.6","17.6","16.8","20.2","13.6","23.8","0.0","7.5","3.0","9.9","6.2","0.0","0.0","0.0","84.3","76.0","69.3","9.0","3.9","5.7","0.0","0.0","0.0","13.2","9.9","2.5"
"20220428","제주특별자치도","제주시","17.5","20.3","14.5","17.0","16.1","20.0","12.7","0.0","0.0","2.1","8.7","5.9","7.0","22.5","21.19","0.0","78.9","79.6","65.2","6.0","7.5","5.0","0.0","0.0","0.0","14.6","5.8","3.1"
"20220428","제주특별자치도","북제주군","17.9","22.2","13.0","16.4","15.1","18.3","12.3","0.0","0.0","2.8","8.8","4.8","6.5","21.01","16.91","0.0","76.9","91.6","77.5","8.0","8.1","0.0","0.0","0.0","0.0","7.2","8.3","6.1"
"20220428","제주특별자치도","서귀포시","18.8","23.4","15.4","17.1","16.6","20.0","13.3","0.0","0.0","8.0","9.3","5.8","6.5","0.0","0.0","0.0","66.3","85.0","67.0","6.0","7.6","5.5","0.0","0.0","0.0","8.8","3.7","2.5"
"20220427","제주특별자치도","제주시","17.1","22.3","14.0","17.1","15.7","19.7","12.2","0.0","0.8","1.7","10.1","1.4","7.4","24.54","13.47","0.0","71.9","67.3","63.7","6.0","9.0","4.8","0.0","0.0","0.0","10.5","7.4","3.1"
"20220427","제주특별자치도","북제주군","15.5","20.7","12.3","16.1","14.7","18.1","11.8","0.0","0.8","2.3","10.5","2.1","7.0","23.83","12.09","0.0","80.8","82.3","75.4","6.8","9.1","0.0","0.0","0.0","0.0","15.0","8.7","6.2"
"20220427","제주특별자치도","서귀포시","19.3","24.5","16.4","16.8","16.3","19.8","12.8","0.0","0.5","6.8","10.0","3.1","7.1","0.0","0.0","0.0","73.9","76.9","64.8","6.4","8.5","5.0","0.0","0.0","0.0","6.9","4.0","2.5"
"20220426","제주특별자치도","제주시","19.3","24.3","14.5","16.5","15.4","19.3","11.9","25.8","0.0","1.8","0.0","11.3","7.4","1.55","25.92","0.0","92.1","58.1","62.8","9.6","3.8","4.7","0.0","0.0","0.0","20.1","12.9","3.1"
"20220426","제주특별자치도","북제주군","16.5","19.0","13.8","16.7","14.4","17.8","11.4","35.9","0.0","2.1","0.0","11.0","7.1","1.39","24.2","0.0","98.0","68.6","73.9","9.5","3.1","0.0","0.0","0.0","0.0","15.1","10.8","6.2"
"20220426","제주특별자치도","서귀포시","18.1","20.5","16.6","16.3","16.1","19.9","12.6","62.1","0.0","4.9","0.0","11.4","7.4","0.0","0.0","0.0","99.0","65.8","63.3","10.0","3.0","4.8","0.0","0.0","0.0","10.6","8.0","2.4"
"20220425","제주특별자치도","제주시","21.2","26.7","14.6","16.9","15.2","19.1","11.7","14.8","0.0","2.2","7.6","11.8","7.3","20.21","25.82","0.0","81.9","69.0","63.1","7.1","2.0","4.8","0.0","0.0","0.0","19.5","13.5","3.1"
"20220425","제주특별자치도","북제주군","19.8","24.4","15.4","16.5","14.2","17.6","11.3","8.6","0.0","2.7","7.2","12.0","7.2","18.52","24.84","0.0","90.9","79.9","73.4","8.0","3.5","0.0","0.0","0.0","0.0","15.7","12.7","6.4"
"20220425","제주특별자치도","서귀포시","20.1","23.4","16.2","17.3","16.0","19.8","12.6","8.5","0.0","5.0","3.8","11.0","7.5","0.0","0.0","0.0","90.3","76.9","62.9","8.3","2.8","4.8","0.0","0.0","0.0","10.7","8.6","2.4"
"20220424","제주특별자치도","제주시","17.7","21.5","15.4","17.5","15.2","19.2","11.8","0.0","0.0","2.6","6.9","5.8","7.1","20.71","19.62","0.0","92.1","80.9","64.2","5.5","6.4","4.9","0.0","0.0","0.0","7.8","12.7","3.1"
"20220424","제주특별자치도","북제주군","17.5","20.6","14.7","18.7","14.2","17.7","11.3","0.0","0.0","3.1","10.2","8.4","6.9","23.12","19.28","0.0","95.4","76.5","74.3","3.5","5.4","0.0","0.0","0.0","0.0","8.1","10.2","6.4"
"20220424","제주특별자치도","서귀포시","18.8","21.6","16.9","18.3","16.1","19.8","12.7","0.0","0.0","5.7","11.4","7.5","7.1","0.0","0.0","0.0","91.1","82.6","64.9","3.4","4.6","5.1","0.0","0.0","0.0","3.8","9.8","2.4"
"20220423","제주특별자치도","제주시","18.0","21.5","16.2","19.3","15.2","19.1","11.8","0.0","0.0","4.1","0.2","5.3","6.7","9.71","20.41","0.0","90.5","67.0","66.2","9.8","7.6","5.2","0.0","0.0","0.0","11.2","13.8","3.1"
"20220423","제주특별자치도","북제주군","17.6","21.3","16.0","20.5","14.2","17.7","11.3","1.4","0.0","4.3","0.2","6.8","6.5","7.36","19.95","0.0","96.6","57.0","75.5","9.8","8.1","0.0","0.0","0.0","0.0","7.4","13.8","6.5"
"20220423","제주특별자치도","서귀포시","18.4","20.5","17.1","19.1","16.0","19.7","12.8","1.7","0.0","8.3","0.0","5.3","6.6","0.0","0.0","0.0","95.5","74.4","66.6","9.9","6.8","5.4","0.0","0.0","0.0","4.2","8.9","2.5"
"20220422","제주특별자치도","제주시","17.2","22.9","11.8","21.0","15.1","18.9","11.8","0.0","0.0","4.6","10.9","4.3","6.6","24.79","17.45","0.0","70.9","46.3","67.6","3.6","8.8","5.3","0.0","0.0","0.0","7.3","10.9","3.2"
"20220422","제주특별자치도","북제주군","15.9","19.1","11.5","19.8","14.2","17.7","11.3","0.0","0.0","5.1","10.7","2.6","6.3","23.01","12.79","0.0","89.5","63.8","76.2","4.0","9.6","0.0","0.0","0.0","0.0","10.0","13.4","6.5"
"20220422","제주특별자치도","서귀포시","17.7","21.5","13.2","20.4","15.9","19.5","12.7","0.0","0.0","9.3","11.1","4.8","6.2","0.0","0.0","0.0","75.9","60.9","68.0","4.3","8.4","5.6","0.0","0.0","0.0","6.8","6.6","2.6"
"20220421","제주특별자치도","제주시","14.7","18.1","12.8","17.5","15.1","18.9","11.8","2.7","0.0","4.5","5.2","5.9","6.6","12.84","20.16","0.0","69.6","53.1","68.2","4.9","7.1","5.4","0.0","0.0","0.0","8.3","6.1","3.3"
"20220421","제주특별자치도","북제주군","14.0","18.4","11.5","16.7","14.2","17.5","11.3","2.7","0.0","5.4","6.3","9.0","6.4","14.18","21.58","0.0","83.8","64.3","76.7","4.9","7.5","0.0","0.0","0.0","0.0","10.2","7.6","6.5"
"20220421","제주특별자치도","서귀포시","14.4","17.4","11.0","17.4","15.7","19.2","12.6","6.9","0.0","10.4","3.8","10.0","6.2","0.0","0.0","0.0","77.5","57.8","68.6","7.0","6.6","5.6","0.0","0.0","0.0","4.2","4.3","2.7"
"20220420","제주특별자치도","제주시","15.7","19.9","11.3","14.8","15.0","18.9","11.7","0.0","0.0","4.4","11.2","12.2","6.2","25.5","26.88","0.0","41.8","42.4","68.0","3.0","2.1","5.6","0.0","0.0","0.0","5.8","5.1","3.3"
"20220420","제주특별자치도","북제주군","15.3","18.8","11.9","14.6","14.1","17.6","11.2","0.0","0.0","5.4","12.1","12.2","6.1","24.02","24.51","0.0","55.5","54.4","77.2","2.9","2.1","0.0","0.0","0.0","0.0","6.8","7.3","6.5"
"20220420","제주특별자치도","서귀포시","17.2","21.5","12.6","15.5","15.6","19.1","12.5","0.0","0.0","10.3","11.0","11.2","5.9","0.0","0.0","0.0","54.4","53.1","69.3","2.4","2.4","5.8","0.0","0.0","0.0","4.9","4.7","2.8"
"20220419","제주특별자치도","제주시","15.6","19.5","12.3","14.5","15.0","18.8","11.6","0.0","0.0","4.2","11.2","12.0","6.3","24.28","27.33","0.0","46.8","33.8","67.4","4.1","0.0","5.6","0.0","0.0","0.0","5.5","7.9","3.3"
"20220419","제주특별자치도","북제주군","14.3","16.5","13.0","13.8","14.1","17.5","11.1","0.0","0.0","5.1","11.8","12.2","6.5","23.68","25.86","0.0","54.8","58.1","76.9","2.9","0.1","0.0","0.0","0.0","0.0","9.7","9.7","6.5"
"20220419","제주특별자치도","서귀포시","17.1","21.6","13.1","15.2","15.6","19.0","12.4","0.0","0.0","9.8","10.9","11.2","6.2","0.0","0.0","0.0","50.9","40.0","68.5","3.6","0.0","5.6","0.0","0.0","0.0","4.5","4.2","2.8"
"20220418","제주특별자치도","제주시","15.1","18.2","12.1","13.0","14.8","18.8","11.3","0.0","0.0","2.8","3.9","11.0","6.5","16.92","26.43","0.0","54.0","48.4","65.9","6.9","2.0","5.4","0.0","0.0","0.0","4.7","12.2","3.2"
"20220418","제주특별자치도","북제주군","14.1","16.8","12.1","12.3","13.9","17.4","10.8","0.0","0.0","3.6","3.9","11.6","6.8","15.72","25.11","0.0","70.3","58.6","75.8","8.3","1.1","0.0","0.0","0.0","0.0","7.6","24.0","6.3"
"20220418","제주특별자치도","서귀포시","16.2","19.1","14.1","14.0","15.4","18.9","12.1","0.0","0.0","6.5","3.1","11.3","6.5","0.0","0.0","0.0","52.4","37.3","67.4","6.1","1.6","5.3","0.0","0.0","0.0","3.5","11.8","2.6"
"20220417","제주특별자치도","제주시","14.3","18.9","9.6","13.7","14.7","18.7","11.1","0.0","0.0","2.2","11.3","9.0","6.6","26.98","22.77","0.0","49.0","60.8","64.4","2.4","2.3","5.4","0.0","0.0","0.0","6.5","13.8","3.1"
"20220417","제주특별자치도","북제주군","12.9","16.2","10.2","12.7","13.7","17.1","10.6","0.0","0.0","2.6","11.8","9.0","6.8","26.35","20.96","0.0","65.4","72.5","74.6","3.1","4.1","0.0","0.0","0.0","0.0","10.2","22.7","6.1"
"20220417","제주특별자치도","서귀포시","15.6","20.7","10.7","14.9","15.3","18.9","11.9","0.0","0.0","5.1","11.4","10.6","6.6","0.0","0.0","0.0","55.3","52.4","66.2","2.4","1.4","5.3","0.0","0.0","0.0","6.5","10.4","2.5"
"20220416","제주특별자치도","제주시","13.6","17.3","10.6","15.1","14.4","18.4","10.8","0.0","0.0","1.9","10.6","8.8","6.5","25.54","21.17","0.0","63.5","67.6","63.2","5.8","5.4","5.2","0.0","0.0","0.0","7.3","5.8","3.0"
"20220416","제주특별자치도","북제주군","12.3","15.4","10.4","14.9","13.5","16.9","10.4","0.0","0.0","2.0","11.1","11.1","6.7","24.69","22.02","0.0","72.5","77.6","73.9","5.0","4.4","0.0","0.0","0.0","0.0","12.4","8.9","6.1"
"20220416","제주특별자치도","서귀포시","14.4","17.5","11.3","16.3","15.1","18.8","11.7","0.0","0.0","4.0","11.0","10.8","6.6","0.0","0.0","0.0","61.3","73.5","65.0","4.6","5.1","5.2","0.0","0.0","0.0","9.7","5.9","2.5"
"20220415","제주특별자치도","제주시","14.0","17.6","11.6","13.1","14.1","17.9","10.4","0.0","0.0","1.9","4.5","9.2","6.7","17.65","22.57","0.0","72.8","55.8","62.5","7.9","5.3","5.1","0.0","0.0","0.0","10.3","10.4","3.1"
"20220415","제주특별자치도","북제주군","13.0","15.3","11.3","12.8","13.1","16.5","10.1","0.0","0.0","1.7","6.5","11.4","6.9","19.43","22.45","0.0","76.9","64.9","72.9","7.9","4.6","0.0","0.0","0.0","0.0","18.6","9.4","6.3"
"20220415","제주특별자치도","서귀포시","15.5","19.0","12.8","14.1","14.9","18.7","11.3","0.0","0.0","3.1","6.5","10.5","6.9","0.0","0.0","0.0","64.0","53.6","63.7","7.0","6.3","4.9","0.0","0.0","0.0","9.3","4.7","2.5"
"20220414","제주특별자치도","제주시","14.1","14.6","12.8","11.0","13.7","17.6","10.2","9.0","0.0","2.3","0.0","9.1","6.6","1.58","23.99","0.0","88.9","54.0","62.2","9.5","5.5","5.0","0.0","0.0","0.0","17.1","8.8","3.2"
"20220414","제주특별자치도","북제주군","15.3","19.1","13.3","9.7","12.8","16.2","9.9","5.8","0.0","2.0","3.6","8.7","6.7","13.46","21.84","0.0","87.3","66.5","72.0","8.5","6.6","0.0","0.0","0.0","0.0","14.4","18.2","6.4"
"20220414","제주특별자치도","서귀포시","14.1","15.3","13.6","12.8","14.5","18.5","11.0","5.9","0.0","3.3","0.2","6.9","6.8","0.0","0.0","0.0","89.9","52.6","63.4","9.4","7.0","4.9","0.0","0.0","0.0","13.2","9.6","2.5"
"20220413","제주특별자치도","제주시","17.9","22.9","14.5","11.8","13.4","17.3","10.1","5.7","0.0","2.8","4.4","0.3","6.5","15.72","7.32","0.0","89.5","76.8","63.3","8.8","8.6","5.2","0.0","0.0","0.0","11.5","12.1","3.3"
"20220413","제주특별자치도","북제주군","18.2","24.4","14.4","10.9","12.7","16.1","9.9","5.6","0.0","2.3","5.1","2.4","6.5","14.87","9.54","0.0","94.5","88.9","72.2","7.5","9.0","0.0","0.0","0.0","0.0","11.5","17.5","6.5"
"20220413","제주특별자치도","서귀포시","18.1","22.8","14.4","15.1","14.4","18.4","10.9","16.3","0.0","4.1","6.2","7.8","6.7","0.0","0.0","0.0","93.3","75.5","63.4","8.8","6.8","5.1","0.0","0.0","0.0","11.0","6.5","2.6"
"20220412","제주특별자치도","제주시","18.8","23.3","15.5","16.5","13.3","17.1","10.0","0.0","16.9","3.1","10.3","0.0","6.2","24.82","3.26","0.0","87.1","82.4","64.3","2.8","10.0","5.4","0.0","0.0","0.0","7.0","13.7","3.4"
"20220412","제주특별자치도","북제주군","18.3","20.8","16.8","15.3","12.6","16.0","9.8","0.0","51.7","2.7","4.5","0.0","6.3","17.79","2.53","0.0","97.5","96.5","73.1","4.4","9.9","0.0","0.0","0.0","0.0","8.5","16.4","6.7"
"20220412","제주특별자치도","서귀포시","18.5","21.5","17.4","15.7","14.3","18.3","10.9","0.0","117.9","5.4","2.7","0.0","6.5","0.0","0.0","0.0","95.9","95.8","63.8","9.6","9.6","5.2","0.0","0.0","0.0","5.8","13.0","2.7"
"20220411","제주특별자치도","제주시","19.8","25.3","16.5","16.6","13.3","17.0","10.2","0.0","0.0","3.8","10.6","10.4","6.1","24.67","24.87","0.0","76.1","51.5","65.2","3.8","4.4","5.6","0.0","0.0","0.0","5.3","12.6","3.5"
"20220411","제주특별자치도","북제주군","19.9","22.6","18.3","15.9","12.6","16.0","9.9","0.1","0.0","3.6","7.8","10.2","6.2","20.14","23.13","0.0","94.8","61.5","73.2","5.5","5.4","0.0","0.0","0.0","0.0","9.9","10.3","6.8"
"20220411","제주특별자치도","서귀포시","19.9","22.6","19.0","15.9","14.3","18.2","11.0","0.2","0.0","6.9","3.7","10.2","6.3","0.0","0.0","0.0","94.4","64.3","64.5","7.9","5.3","5.4","0.0","0.0","0.0","4.2","8.5","2.7"
"20220410","제주특별자치도","제주시","17.4","21.1","12.4","14.0","13.3","17.0","10.2","0.0","0.0","3.2","8.4","10.2","6.2","19.87","22.5","0.0","59.0","60.4","65.2","6.4","2.6","5.6","0.0","0.0","0.0","5.4","13.4","3.4"
"20220410","제주특별자치도","북제주군","18.5","22.4","12.5","14.2","12.7","16.0","9.9","0.0","0.0","3.1","8.6","11.2","6.3","18.66","21.71","0.0","67.9","66.1","73.1","6.9","1.8","0.0","0.0","0.0","0.0","11.2","9.2","6.6"
"20220410","제주특별자치도","서귀포시","19.2","22.6","14.7","14.4","14.3","18.1","11.1","0.0","0.0","6.3","6.6","10.5","6.4","0.0","0.0","0.0","65.3","65.4","64.9","7.1","1.9","5.4","0.0","0.0","0.0","4.2","10.1","2.7"
"20220409","제주특별자치도","제주시","17.2","21.7","12.5","13.8","13.2","16.8","10.1","0.0","0.0","2.7","12.0","10.3","6.2","25.48","24.43","0.0","52.8","57.1","65.5","0.0","2.6","5.6","0.0","0.0","0.0","7.6","11.3","3.4"
"20220409","제주특별자치도","북제주군","15.8","19.8","11.8","12.9","12.5","15.8","9.8","0.0","0.0","3.0","12.0","10.1","6.3","25.31","20.99","0.0","77.4","66.8","73.7","0.0","3.3","0.0","0.0","0.0","0.0","9.1","12.5","6.6"
"20220409","제주특별자치도","서귀포시","17.4","21.0","14.2","14.9","14.3","18.0","11.1","0.0","0.0","6.0","11.1","9.8","6.4","0.0","0.0","0.0","56.1","60.9","65.4","0.0","3.4","5.3","0.0","0.0","0.0","5.3","9.1","2.7"
"20220408","제주특별자치도","제주시","15.1","19.9","9.7","14.4","13.2","16.8","9.9","0.0","0.0","3.3","12.1","8.9","6.0","25.28","23.05","0.0","51.1","48.1","65.3","0.0","4.0","5.7","0.0","0.0","0.0","6.3","7.5","3.4"
"20220408","제주특별자치도","북제주군","14.9","19.8","9.6","12.6","12.5","15.7","9.6","0.0","0.0","3.7","12.1","9.1","6.1","25.14","21.2","0.0","66.0","69.4","74.1","0.0","4.6","0.0","0.0","0.0","0.0","6.2","13.6","6.6"
"20220408","제주특별자치도","서귀포시","15.8","20.0","11.4","16.1","14.2","17.9","10.9","0.0","0.0","6.9","11.1","7.1","6.2","0.0","0.0","0.0","57.0","53.5","65.9","0.0","4.1","5.2","0.0","0.0","0.0","5.2","5.3","2.6"
"20220407","제주특별자치도","제주시","13.1","19.4","10.1","14.8","13.2","16.8","9.8","0.0","0.0","3.0","9.9","10.9","6.2","21.75","23.13","0.0","79.4","52.6","64.9","2.1","4.5","5.5","0.0","0.0","0.0","9.4","6.3","3.3"
"20220407","제주특별자치도","북제주군","11.9","16.0","10.3","13.1","12.5","15.8","9.6","0.0","0.0","3.4","9.1","11.0","6.3","19.74","21.63","0.0","90.4","74.8","73.9","2.8","5.3","0.0","0.0","0.0","0.0","10.8","9.7","6.5"
"20220407","제주특별자치도","서귀포시","15.6","20.6","10.8","16.8","14.1","17.8","10.9","0.0","0.0","6.0","10.3","11.1","6.4","0.0","0.0","0.0","62.9","49.3","66.0","2.0","4.4","4.9","0.0","0.0","0.0","4.5","8.7","2.6"
"20220406","제주특별자치도","제주시","13.7","17.7","9.8","13.9","12.9","16.6","9.5","0.0","0.0","2.7","11.6","10.7","6.2","24.33","24.86","0.0","72.4","57.5","64.3","0.5","3.1","5.4","0.0","0.0","0.0","5.8","7.3","3.3"
"20220406","제주특별자치도","북제주군","12.9","18.3","10.7","13.1","12.3","15.6","9.3","0.0","0.0","2.6","11.6","11.0","6.4","23.81","24.01","0.0","82.0","67.3","73.2","0.3","4.3","0.0","0.0","0.0","0.0","7.7","12.1","6.4"
"20220406","제주특별자치도","서귀포시","14.4","18.2","9.9","14.7","13.8","17.6","10.5","0.0","0.0","4.4","10.9","9.9","6.4","0.0","0.0","0.0","63.8","62.1","65.2","0.5","2.5","4.8","0.0","0.0","0.0","6.6","5.7","2.6"
"20220405","제주특별자치도","제주시","13.0","17.8","7.9","12.6","12.6","16.3","9.2","0.0","4.1","2.9","7.1","9.2","6.2","17.99","23.37","0.0","52.3","64.3","64.3","5.5","3.6","5.3","0.0","0.0","0.0","8.4","11.4","3.3"
"20220405","제주특별자치도","북제주군","12.3","15.3","9.2","12.5","12.0","15.4","9.1","0.0","0.0","2.8","5.4","11.9","6.4","14.86","22.31","0.0","64.4","68.1","72.5","6.4","4.7","0.0","0.0","0.0","0.0","8.5","12.8","6.6"
"20220405","제주특별자치도","서귀포시","12.9","16.2","10.2","13.5","13.5","17.3","10.2","0.0","0.0","4.7","5.8","11.1","6.5","0.0","0.0","0.0","51.9","61.9","63.7","6.3","2.8","4.8","0.0","0.0","0.0","6.7","12.4","2.7"
"20220404","제주특별자치도","제주시","11.9","16.7","6.8","11.4","12.5","16.2","9.0","0.0","5.2","2.8","11.7","0.0","6.2","24.66","1.76","0.0","59.5","92.8","63.7","0.9","10.0","5.3","0.0","0.0","0.0","5.1","11.2","3.3"
"20220404","제주특별자치도","북제주군","11.5","15.4","8.4","10.8","11.9","15.3","9.0","0.0","0.0","2.3","11.8","0.0","6.5","24.98","3.24","0.0","66.9","96.8","71.5","1.1","0.0","0.0","0.0","0.0","0.0","6.7","19.8","6.8"
"20220404","제주특별자치도","서귀포시","12.6","16.8","7.5","14.6","13.4","17.3","9.9","0.0","0.0","4.1","11.3","0.2","6.5","0.0","0.0","0.0","49.3","89.4","62.1","1.0","9.3","4.9","0.0","0.0","0.0","5.1","5.0","2.7"
"20220403","제주특별자치도","제주시","10.4","14.8","5.6","18.0","12.2","16.0","8.8","0.0","0.0","3.0","11.7","1.0","6.6","24.92","6.78","0.0","60.0","85.3","62.9","0.0","9.4","5.0","0.0","0.0","0.0","6.0","12.3","3.3"
"20220403","제주특별자치도","북제주군","9.2","11.6","5.9","15.6","11.7","15.1","8.8","0.0","5.2","2.2","11.9","0.0","6.9","24.92","3.27","0.0","64.9","99.3","70.3","0.0","7.4","0.0","0.0","0.0","0.0","9.8","15.0","6.8"
"20220403","제주특별자치도","서귀포시","11.6","15.6","7.0","16.4","13.2","17.0","9.7","0.0","33.8","3.7","11.3","0.0","6.8","0.0","0.0","0.0","58.3","99.0","61.0","0.0","9.5","4.7","0.0","0.0","0.0","4.8","9.4","2.7"
"20220402","제주특별자치도","제주시","10.8","14.7","7.9","17.2","11.9","15.7","8.7","0.0","9.8","3.0","10.4","0.9","6.6","23.5","12.09","0.0","59.1","79.3","62.5","3.8","9.8","4.9","0.0","0.0","0.0","7.0","15.3","3.3"
"20220402","제주특별자치도","북제주군","9.5","11.6","7.9","18.6","11.5","14.7","8.5","0.0","16.7","2.3","10.5","1.5","7.0","23.75","9.6","0.0","64.0","77.3","69.6","2.3","7.0","0.0","0.0","0.0","0.0","10.8","16.1","7.2"
"20220402","제주특별자치도","서귀포시","11.4","15.6","7.7","17.1","13.0","16.8","9.5","0.0","0.4","4.1","9.3","0.0","6.9","0.0","0.0","0.0","50.1","85.4","60.3","3.9","9.9","4.7","0.0","0.0","0.0","4.7","11.6","2.7"
"20220401","제주특별자치도","제주시","11.9","14.6","9.3","15.2","11.8","15.6","8.5","0.0","8.8","3.1","8.1","0.1","6.5","21.82","4.75","0.0","67.9","76.9","63.0","5.6","9.8","5.0","0.0","0.0","0.0","10.4","15.0","3.4"
"20220401","제주특별자치도","북제주군","10.8","14.1","8.4","15.6","11.3","14.5","8.4","0.0","18.6","2.3","9.7","0.1","6.9","23.01","3.21","0.0","76.3","76.5","70.1","6.1","10.0","0.0","0.0","0.0","0.0","13.8","12.9","7.5"
"20220401","제주특별자치도","서귀포시","12.1","15.4","9.6","15.0","13.0","16.8","9.5","0.0","23.9","4.0","9.5","0.1","7.0","0.0","0.0","0.0","61.0","84.5","60.9","5.0","9.5","4.8","0.0","0.0","0.0","9.0","13.1","2.7"
"20220331","제주특별자치도","제주시","11.5","14.4","9.5","16.2","11.8","15.4","8.5","0.9","0.0","3.0","0.1","4.6","6.3","7.51","13.98","0.0","85.8","58.6","63.4","9.3","8.1","5.2","0.0","0.0","0.0","7.8","12.2","3.4"
"20220331","제주특별자치도","북제주군","9.9","13.0","8.5","16.2","11.2","14.3","8.4","0.0","0.0","2.6","0.6","5.4","6.5","7.77","13.17","0.0","94.0","56.6","70.8","9.1","9.0","0.0","0.0","0.0","0.0","15.1","6.1","7.6"
"20220331","제주특별자치도","서귀포시","15.5","18.4","12.8","16.3","12.9","16.6","9.5","0.0","0.0","4.7","1.1","5.2","6.6","0.0","0.0","0.0","77.9","59.5","62.5","9.1","8.1","5.0","0.0","0.0","0.0","5.6","8.0","2.6"
"20220330","제주특별자치도","제주시","15.4","19.8","11.5","14.3","11.5","15.2","8.3","0.0","0.0","2.9","3.7","10.0","6.0","14.14","22.27","0.0","85.3","48.9","63.5","8.4","2.1","5.4","0.0","0.0","0.0","6.8","6.7","3.3"
"20220330","제주특별자치도","북제주군","16.6","21.0","12.2","13.4","11.0","14.2","8.2","0.0","0.0","2.6","3.5","10.5","6.3","12.97","21.55","0.0","93.9","66.4","70.9","7.3","4.8","0.0","0.0","0.0","0.0","12.7","11.5","7.5"
"20220330","제주특별자치도","서귀포시","17.3","20.5","14.1","15.5","12.8","16.4","9.3","0.5","0.0","4.7","1.0","9.4","6.6","0.0","0.0","0.0","93.1","60.8","63.0","8.9","3.0","5.2","0.0","0.0","0.0","3.7","6.0","2.6"
"20220329","제주특별자치도","제주시","13.1","16.9","8.7","15.2","11.5","15.1","8.2","0.0","0.0","1.8","11.0","8.0","5.8","23.63","18.2","0.0","71.5","50.9","63.2","1.3","6.8","5.4","0.0","0.0","0.0","15.1","10.1","3.3"
"20220329","제주특별자치도","북제주군","12.8","17.9","8.3","13.6","10.9","14.0","8.1","0.0","0.0","1.8","11.3","8.5","6.1","23.25","17.95","0.0","69.4","75.8","71.0","2.0","4.8","0.0","0.0","0.0","0.0","7.6","10.7","7.3"
"20220329","제주특별자치도","서귀포시","13.5","16.7","10.2","15.5","12.7","16.4","9.2","0.0","0.0","3.4","9.9","9.0","6.5","0.0","0.0","0.0","68.3","74.4","63.1","2.9","2.4","5.3","0.0","0.0","0.0","6.2","9.0","2.5"
"20220328","제주특별자치도","제주시","10.8","14.5","7.3","14.5","11.3","14.8","8.0","0.0","0.0","1.9","2.8","7.5","5.7","14.6","18.95","0.0","56.4","76.4","63.0","7.5","4.3","5.5","0.0","0.0","0.0","10.4","12.3","3.3"
"20220328","제주특별자치도","북제주군","10.1","13.3","7.1","13.3","10.8","13.9","7.9","0.0","0.0","2.0","1.9","0.8","6.0","6.59","8.02","0.0","60.4","94.8","70.6","7.7","7.6","0.0","0.0","0.0","0.0","14.0","14.8","7.1"
"20220328","제주특별자치도","서귀포시","12.3","15.6","9.4","15.6","12.5","16.2","8.9","0.0","0.0","3.4","4.6","9.3","6.3","0.0","0.0","0.0","58.1","80.5","62.7","8.3","2.6","5.5","0.0","0.0","0.0","8.4","8.4","2.6"
"20220327","제주특별자치도","제주시","12.7","18.5","8.5","17.5","11.0","14.4","7.8","0.0","4.2","1.6","8.9","0.4","5.5","22.41","3.98","0.0","46.1","73.1","62.5","6.3","8.1","5.6","0.0","0.0","0.0","13.3","14.1","3.3"
"20220327","제주특별자치도","북제주군","11.4","17.4","7.9","16.3","10.4","13.5","7.6","0.0","25.7","2.0","8.8","0.6","5.9","21.39","3.59","0.0","63.9","92.3","69.9","6.9","8.0","0.0","0.0","0.0","0.0","14.8","14.2","7.1"
"20220327","제주특별자치도","서귀포시","14.8","19.6","12.0","16.7","12.1","15.8","8.6","0.0","27.1","3.4","9.6","0.0","6.0","0.0","0.0","0.0","54.5","91.1","62.1","6.6","8.4","5.6","0.0","0.0","0.0","8.3","11.5","2.5"
"20220326","제주특별자치도","제주시","12.1","21.4","9.0","14.6","10.7","14.1","7.5","4.4","0.0","2.0","0.0","10.9","5.6","2.14","23.25","0.0","85.6","54.4","62.1","9.5","1.4","5.5","0.0","0.0","0.0","18.3","7.9","3.4"
"20220326","제주특별자치도","북제주군","11.0","17.3","9.1","15.2","10.2","13.3","7.4","8.6","0.0","1.8","0.2","11.7","6.0","3.05","22.75","0.0","91.0","73.5","69.2","9.3","0.9","0.0","0.0","0.0","0.0","23.1","10.5","7.1"
"20220326","제주특별자치도","서귀포시","14.9","17.7","11.7","15.8","11.8","15.5","8.3","16.3","0.0","3.0","6.3","11.4","6.3","0.0","0.0","0.0","80.5","58.6","61.2","8.4","0.5","5.6","0.0","0.0","0.0","18.0","3.7","2.6"
"20220325","제주특별자치도","제주시","16.4","21.1","9.3","14.1","10.5","13.8","7.4","1.7","0.0","2.4","0.0","11.0","5.8","7.46","23.36","0.0","67.9","66.5","62.4","8.5","1.6","5.5","0.0","0.0","0.0","21.0","5.0","3.4"
"20220325","제주특별자치도","북제주군","16.1","18.4","12.6","13.7","10.0","13.1","7.2","15.9","0.0","2.1","0.0","11.5","6.1","7.25","22.19","0.0","88.1","85.4","68.9","7.5","0.8","0.0","0.0","0.0","0.0","19.5","10.1","7.2"
"20220325","제주특별자치도","서귀포시","16.0","18.5","10.6","14.8","11.6","15.3","8.1","13.2","0.0","3.6","0.0","11.3","6.1","0.0","0.0","0.0","87.8","73.1","60.8","9.0","1.3","5.6","0.0","0.0","0.0","16.1","6.4","2.6"
"20220324","제주특별자치도","제주시","11.2","15.4","5.3","13.3","10.2","13.5","7.2","0.0","0.0","3.0","10.7","6.0","5.6","22.09","19.23","0.0","60.0","58.6","63.5","0.0","7.0","5.6","0.0","0.0","0.0","8.2","6.5","3.5"
"20220324","제주특별자치도","북제주군","11.7","16.4","7.2","14.5","9.7","12.8","7.0","0.0","0.0","2.7","8.8","7.7","5.9","19.03","17.27","0.0","67.1","73.5","69.4","0.3","6.8","0.0","0.0","0.0","0.0","8.7","8.7","7.5"
"20220324","제주특별자치도","서귀포시","11.6","15.1","7.0","14.0","11.5","15.2","8.0","0.0","0.0","4.5","9.7","5.6","6.1","0.0","0.0","0.0","68.0","71.8","61.3","1.1","6.9","5.7","0.0","0.0","0.0","5.2","3.3","2.6"
"20220323","제주특별자치도","제주시","9.0","12.8","6.6","12.3","10.2","13.6","7.2","2.0","0.0","3.3","3.1","10.9","5.4","10.88","22.39","0.0","77.9","53.8","64.3","5.8","0.0","5.8","0.0","0.0","0.0","8.8","12.3","3.6"
"20220323","제주특별자치도","북제주군","8.8","13.0","7.6","11.9","9.7","12.8","6.9","0.1","0.0","2.7","5.9","11.2","5.8","13.65","21.6","0.0","79.1","62.3","70.3","5.3","0.3","0.0","0.0","0.0","0.0","11.0","15.8","7.7"
"20220323","제주특별자치도","서귀포시","10.8","13.7","8.4","11.2","11.5","15.1","8.1","0.7","0.0","4.6","4.0","11.1","5.9","0.0","0.0","0.0","72.9","57.5","62.3","6.3","0.0","5.9","0.0","0.0","0.0","5.4","9.3","2.7"
"20220322","제주특별자치도","제주시","9.4","12.5","7.1","9.8","10.4","13.9","7.3","4.4","0.0","3.6","6.8","10.1","5.5","16.89","23.09","0.0","64.3","46.4","64.5","7.5","2.1","5.7","0.0","0.0","0.0","7.3","15.1","3.6"
"20220322","제주특별자치도","북제주군","8.2","9.8","6.7","9.1","9.8","13.1","6.9","2.0","0.0","2.7","7.0","11.2","5.7","16.24","22.27","0.0","71.9","56.3","71.2","7.5","1.0","0.0","0.0","0.0","0.0","14.2","25.6","7.6"
"20220322","제주특별자치도","서귀포시","11.0","15.5","6.3","9.0","11.6","15.2","8.3","3.3","0.0","5.0","6.7","11.0","5.8","0.0","0.0","0.0","62.4","50.6","63.6","7.1","2.0","5.9","0.0","0.0","0.0","7.4","13.0","2.8"
"20220321","제주특별자치도","제주시","9.3","12.2","6.4","9.2","10.6","14.2","7.3","11.8","0.0","3.3","1.6","5.0","5.4","7.79","15.88","0.0","72.9","61.5","64.7","9.0","7.9","5.7","0.0","0.0","0.0","10.1","17.8","3.5"
"20220321","제주특별자치도","북제주군","8.5","11.4","5.9","8.6","9.9","13.2","7.0","15.5","0.0","2.6","0.7","9.0","5.6","5.65","17.74","0.0","75.8","69.8","72.1","10.0","6.8","0.0","0.0","0.0","0.0","11.3","27.2","7.5"
"20220321","제주특별자치도","서귀포시","9.9","12.9","6.7","10.7","11.8","15.5","8.4","19.0","2.2","5.0","0.1","6.0","5.7","0.0","0.0","0.0","73.3","69.4","64.5","9.4","6.0","5.8","0.0","0.0","0.0","8.8","13.2","2.7"
"20220320","제주특별자치도","제주시","7.9","10.2","6.6","12.8","10.7","14.4","7.3","0.0","7.6","3.8","0.0","0.0","5.1","5.84","2.41","0.0","72.4","92.5","65.0","9.3","10.0","5.7","0.0","0.0","0.0","7.4","10.4","3.5"
"20220320","제주특별자치도","북제주군","7.2","8.3","6.7","13.1","10.1","13.3","7.0","0.0","1.7","3.4","1.7","0.0","5.4","9.43","2.53","0.0","76.3","95.3","72.8","9.8","9.1","0.0","0.0","0.0","0.0","13.2","18.7","7.5"
"20220320","제주특별자치도","서귀포시","9.3","11.9","6.0","15.5","11.9","15.6","8.5","0.0","6.3","6.4","1.9","0.1","5.6","0.0","0.0","0.0","73.1","97.9","65.9","9.1","10.0","5.6","0.0","0.0","0.0","6.6","9.2","2.7"
"20220319","제주특별자치도","제주시","7.7","9.4","6.3","14.2","10.8","14.6","7.2","3.3","6.2","3.4","0.4","0.1","5.3","4.23","7.46","0.0","79.3","77.5","64.3","9.3","9.1","5.6","0.0","0.0","0.0","15.3","11.4","3.4"
"20220319","제주특별자치도","북제주군","7.2","8.9","5.4","14.5","10.1","13.4","7.0","0.4","13.3","3.1","0.6","5.2","5.5","4.62","14.67","0.0","84.0","85.0","72.5","9.5","8.0","0.0","0.0","0.0","0.0","22.4","8.5","7.4"
"20220319","제주특별자치도","서귀포시","8.5","10.9","6.4","14.4","11.9","15.6","8.3","0.0","8.2","5.9","4.8","5.2","5.7","0.0","0.0","0.0","75.9","84.5","65.8","8.1","8.4","5.5","0.0","0.0","0.0","12.9","10.0","2.7"
"20220318","제주특별자치도","제주시","10.3","11.8","8.9","13.7","10.7","14.4","7.2","32.1","0.0","3.3","0.0","5.7","5.3","1.75","18.94","0.0","94.0","74.6","64.0","9.8","6.6","5.7","0.0","0.0","0.0","16.2","12.5","3.3"
"20220318","제주특별자치도","북제주군","10.0","11.7","8.5","13.5","10.1","13.4","7.0","17.7","0.0","3.2","2.4","8.5","5.6","8.84","19.09","0.0","96.5","80.0","72.3","9.3","4.4","0.0","0.0","0.0","0.0","18.0","8.6","7.4"
"20220318","제주특별자치도","서귀포시","11.9","14.9","10.3","14.0","11.7","15.5","8.2","14.6","0.0","5.9","1.1","8.8","5.7","0.0","0.0","0.0","87.4","75.9","65.4","9.9","5.4","5.4","0.0","0.0","0.0","13.7","9.1","2.7"
"20220317","제주특별자치도","제주시","13.4","17.2","11.3","11.3","10.5","14.2","7.0","25.9","0.0","4.0","0.0","9.5","5.3","3.29","21.33","0.0","79.6","66.0","64.4","9.5","2.3","5.7","0.0","0.0","0.0","12.9","9.6","3.4"
"20220317","제주특별자치도","북제주군","13.4","18.8","10.9","11.3","10.0","13.1","6.8","31.3","0.0","3.8","0.0","10.0","5.6","4.15","20.34","0.0","88.6","75.0","72.2","9.3","2.6","0.0","0.0","0.0","0.0","13.4","11.7","7.5"
"20220317","제주특별자치도","서귀포시","13.8","17.1","11.2","13.7","11.6","15.3","7.9","26.2","0.0","6.8","0.0","10.0","5.9","0.0","0.0","0.0","83.8","70.8","64.8","9.5","2.6","5.3","0.0","0.0","0.0","12.3","6.0","2.7"
"20220316","제주특별자치도","제주시","13.7","18.4","9.0","12.6","10.3","14.0","6.9","0.0","3.1","4.1","9.4","6.1","5.1","20.37","13.61","0.0","74.8","75.8","64.2","2.3","4.8","5.6","0.0","0.0","0.0","5.6","13.5","3.5"
"20220316","제주특별자치도","북제주군","13.5","17.6","9.6","11.4","9.9","13.0","6.7","0.0","4.2","4.1","9.4","6.9","5.6","19.81","15.1","0.0","92.0","87.4","71.4","2.6","4.1","0.0","0.0","0.0","0.0","6.4","14.1","7.6"
"20220316","제주특별자치도","서귀포시","14.5","18.4","10.0","15.1","11.4","15.1","7.7","0.0","25.4","7.1","10.1","2.7","5.9","0.0","0.0","0.0","81.5","89.0","63.8","1.4","5.8","5.4","0.0","0.0","0.0","4.5","10.9","2.7"
"20220315","제주특별자치도","제주시","10.4","14.5","6.3","13.9","10.0","13.8","6.5","0.0","0.0","3.4","10.6","6.4","5.4","22.58","16.49","0.0","79.8","63.3","63.1","2.8","8.1","5.5","0.0","0.0","0.0","6.1","9.8","3.5"
"20220315","제주특별자치도","북제주군","9.2","13.8","6.3","14.2","9.7","13.0","6.6","0.0","0.0","3.2","11.1","6.4","5.9","21.89","13.77","0.0","90.3","80.6","70.2","1.4","7.5","0.0","0.0","0.0","0.0","13.0","12.0","7.5"
"20220315","제주특별자치도","서귀포시","14.0","17.4","11.6","14.6","11.1","14.9","7.4","0.0","0.6","5.9","10.8","4.8","6.1","0.0","0.0","0.0","73.0","78.8","62.5","1.3","7.9","5.3","0.0","0.0","0.0","5.0","9.8","2.8"
"20220314","제주특별자치도","제주시","13.8","17.1","9.6","11.4","9.8","13.4","6.3","0.0","0.0","3.3","0.6","10.4","5.5","5.12","20.32","0.0","94.9","64.1","62.2","9.5","0.6","5.4","0.0","0.0","0.0","11.7","4.9","3.6"
"20220314","제주특별자치도","북제주군","12.7","16.3","8.8","10.9","9.5","12.7","6.3","0.0","0.0","3.3","0.0","10.7","6.0","4.86","20.19","0.0","98.0","76.6","69.1","7.5","0.4","0.0","0.0","0.0","0.0","13.3","8.2","7.7"
"20220314","제주특별자치도","서귀포시","14.4","17.6","12.8","13.0","10.8","14.5","7.1","0.1","0.0","5.9","0.1","10.7","6.1","0.0","0.0","0.0","97.4","68.4","61.4","8.9","0.3","5.3","0.0","0.0","0.0","9.0","7.4","2.8"
"20220313","제주특별자치도","제주시","17.7","20.3","13.9","11.7","9.4","13.0","5.9","5.8","0.0","2.9","0.2","8.3","5.8","3.12","18.33","0.0","79.3","75.4","61.2","9.0","3.5","5.2","0.0","0.0","0.0","20.6","6.6","3.6"
"20220313","제주특별자치도","북제주군","14.6","16.1","12.5","10.9","9.1","12.4","6.0","8.1","0.0","2.9","0.1","10.8","6.1","2.33","18.32","0.0","96.8","84.5","67.6","9.1","4.3","0.0","0.0","0.0","0.0","12.8","11.1","7.7"
"20220313","제주특별자치도","서귀포시","15.7","17.2","13.5","11.8","10.5","14.3","6.8","9.4","0.0","4.9","0.0","7.8","6.3","0.0","0.0","0.0","94.4","80.1","60.2","9.6","3.5","5.2","0.0","0.0","0.0","5.9","4.8","2.7"
"20220312","제주특별자치도","제주시","17.0","22.3","12.9","11.3","9.2","12.7","5.7","0.0","14.2","2.3","10.0","0.0","5.9","20.24","2.0","0.0","72.9","88.3","60.7","2.6","9.6","5.1","0.0","0.0","0.0","6.9","11.4","3.6"
"20220312","제주특별자치도","북제주군","16.6","19.6","12.9","11.1","8.9","12.2","5.8","0.0","7.2","2.3","10.4","2.9","6.2","19.78","7.58","0.0","85.0","93.1","67.0","3.3","7.3","0.0","0.0","0.0","0.0","9.8","20.0","8.0"
"20220312","제주특별자치도","서귀포시","17.8","20.7","14.7","13.6","10.3","14.2","6.7","0.0","12.5","3.7","9.6","6.0","6.4","0.0","0.0","0.0","77.4","85.9","59.3","4.3","5.9","5.0","0.0","0.0","0.0","5.3","7.9","2.7"
"20220311","제주특별자치도","제주시","16.5","21.4","12.3","14.1","9.0","12.5","5.6","0.0","7.6","2.5","2.1","3.7","5.7","8.83","12.58","0.0","65.6","77.0","60.5","6.3","8.9","5.2","0.0","0.0","0.0","9.4","12.7","3.7"
"20220311","제주특별자치도","북제주군","15.7","18.3","13.9","13.8","8.6","11.9","5.6","0.0","12.0","2.2","1.1","4.2","6.0","6.66","10.55","0.0","79.1","83.1","67.1","8.0","9.0","0.0","0.0","0.0","0.0","9.6","9.1","8.2"
"20220311","제주특별자치도","서귀포시","16.5","18.0","14.7","14.3","10.1","14.0","6.5","0.0","21.7","3.7","0.0","4.2","6.3","0.0","0.0","0.0","73.6","82.1","59.8","8.8","9.1","5.1","0.0","0.0","0.0","3.0","6.4","2.7"
"20220310","제주특별자치도","제주시","12.5","17.7","6.5","11.5","8.8","12.2","5.5","0.0","0.0","2.7","10.2","10.2","5.6","20.29","19.45","0.0","55.0","62.1","60.5","5.6","0.8","5.3","0.0","0.0","0.0","5.7","11.2","3.8"
"20220310","제주특별자치도","북제주군","12.7","17.5","7.3","11.0","8.4","11.6","5.5","0.0","0.0","2.2","10.1","10.6","5.8","19.45","19.2","0.0","71.1","71.8","66.9","4.4","1.4","0.0","0.0","0.0","0.0","10.5","14.5","8.2"
"20220310","제주특별자치도","서귀포시","13.1","17.1","7.6","12.7","9.9","13.7","6.3","0.0","0.0","3.2","10.0","10.3","6.2","0.0","0.0","0.0","67.4","67.0","60.0","4.4","1.4","5.1","0.0","0.0","0.0","3.8","8.3","2.7"
"20220309","제주특별자치도","제주시","11.0","15.1","7.5","10.6","8.6","12.0","5.5","0.0","0.0","2.8","10.4","2.5","5.4","19.82","11.76","0.0","73.8","59.5","61.8","0.1","6.5","5.4","0.0","0.0","0.0","5.7","6.6","3.8"
"20220309","제주특별자치도","북제주군","9.8","13.6","8.3","10.1","8.2","11.3","5.5","0.0","0.0","1.9","10.5","3.8","5.6","19.73","11.37","0.0","90.5","71.6","68.0","0.8","6.3","0.0","0.0","0.0","0.0","9.7","12.1","8.4"
"20220309","제주특별자치도","서귀포시","11.8","16.3","6.8","11.6","9.8","13.5","6.4","0.0","0.0","2.8","10.8","3.0","6.2","0.0","0.0","0.0","67.8","72.6","60.6","0.0","6.4","5.0","0.0","0.0","0.0","4.2","4.3","2.7"
"20220308","제주특별자치도","제주시","9.5","14.1","5.0","10.4","8.7","12.0","5.6","0.0","0.0","3.5","10.4","6.9","5.0","19.6","16.14","0.0","55.3","72.5","63.0","0.0","6.6","5.6","0.0","0.0","0.0","6.9","7.0","3.9"
"20220308","제주특별자치도","북제주군","9.7","14.5","6.3","9.7","8.3","11.3","5.6","0.0","0.0","2.1","10.6","9.1","5.3","19.61","18.18","0.0","65.4","81.6","69.6","0.0","6.8","0.0","0.0","0.0","0.0","7.3","9.3","8.6"
"20220308","제주특별자치도","서귀포시","10.4","16.6","5.6","10.7","9.9","13.5","6.5","0.0","0.0","3.1","10.5","9.1","5.9","0.0","0.0","0.0","58.9","74.1","61.8","0.3","3.6","5.1","0.0","0.0","0.0","7.7","6.6","2.8"
"20220307","제주특별자치도","제주시","7.5","11.5","4.6","10.1","8.7","12.0","5.6","0.0","0.0","3.8","9.5","0.9","4.9","16.93","7.71","0.0","58.0","72.4","63.6","5.4","8.8","5.8","0.0","0.0","0.0","6.5","13.1","3.8"
"20220307","제주특별자치도","북제주군","6.4","8.9","4.0","9.9","8.4","11.3","5.6","0.0","0.0","2.5","9.3","2.1","5.1","16.54","9.71","0.0","62.3","76.9","70.2","4.4","7.9","0.0","0.0","0.0","0.0","12.1","10.7","8.4"
"20220307","제주특별자치도","서귀포시","8.9","11.9","6.6","9.6","9.9","13.5","6.4","0.0","0.0","3.7","7.7","0.9","5.8","0.0","0.0","0.0","62.6","78.4","63.0","5.6","7.1","5.2","0.0","0.0","0.0","4.2","9.1","2.8"
"20220306","제주특별자치도","제주시","6.4","10.0","4.5","11.3","8.7","11.9","5.5","0.0","0.0","3.8","9.8","0.0","4.8","20.19","7.39","0.0","53.5","75.3","64.2","5.1","9.1","5.8","0.0","0.0","0.0","11.1","13.3","3.9"
"20220306","제주특별자치도","북제주군","4.9","7.2","3.8","11.2","8.4","11.3","5.6","0.0","0.0","2.5","10.1","0.2","5.0","20.69","8.17","0.0","61.4","83.4","70.2","6.0","9.3","0.0","0.0","0.0","0.0","20.3","10.4","8.4"
"20220306","제주특별자치도","서귀포시","7.5","11.3","4.3","12.5","9.7","13.3","6.3","0.0","0.0","3.3","10.4","0.6","5.7","0.0","0.0","0.0","53.1","75.4","63.4","4.8","9.3","5.2","0.0","0.0","0.0","8.9","11.4","2.8"
"20220305","제주특별자치도","제주시","8.9","14.8","5.6","11.9","8.6","11.9","5.5","0.0","0.1","3.6","9.4","6.0","4.4","18.57","16.24","0.0","61.5","82.0","64.8","4.3","7.3","5.9","0.0","0.0","0.0","13.9","8.6","3.8"
"20220305","제주특별자치도","북제주군","7.5","11.6","5.2","11.0","8.3","11.2","5.6","0.0","0.0","2.3","10.4","8.2","4.8","19.34","16.65","0.0","68.8","88.4","70.3","3.4","8.0","0.0","0.0","0.0","0.0","20.4","11.7","8.4"
"20220305","제주특별자치도","서귀포시","11.1","16.6","7.4","13.4","9.7","13.2","6.4","0.0","0.1","3.6","10.2","6.7","5.5","0.0","0.0","0.0","55.9","86.0","63.4","2.9","8.8","5.4","0.0","0.0","0.0","10.9","5.5","2.8"
"20220304","제주특별자치도","제주시","12.6","16.6","7.0","10.9","8.5","11.8","5.4","0.0","26.9","3.2","6.0","0.0","4.7","13.44","2.58","0.0","54.6","82.4","64.0","4.6","9.9","5.8","0.0","0.0","0.0","12.7","11.8","3.7"
"20220304","제주특별자치도","북제주군","11.3","15.6","7.9","10.3","8.3","11.2","5.5","0.0","31.8","2.1","6.4","0.0","5.0","13.74","2.97","0.0","73.5","93.4","69.2","4.3","9.0","0.0","0.0","0.0","0.0","13.0","15.3","8.2"
"20220304","제주특별자치도","서귀포시","11.2","15.7","7.6","11.9","9.7","13.2","6.3","0.0","35.2","3.2","5.1","0.0","5.5","0.0","0.0","0.0","68.1","91.6","62.7","4.9","9.9","5.5","0.0","0.0","0.0","7.5","8.8","2.8"
"20220303","제주특별자치도","제주시","10.0","14.7","5.0","9.2","8.3","11.6","5.3","0.0","0.0","2.9","10.0","10.0","4.7","17.83","17.64","0.0","53.8","60.6","63.8","0.4","5.1","5.9","0.0","0.0","0.0","8.8","11.7","3.7"
"20220303","제주특별자치도","북제주군","10.0","13.1","4.5","8.7","8.0","10.9","5.4","0.0","0.0","2.1","9.7","9.2","5.1","16.65","16.12","0.0","64.3","70.9","68.5","1.1","4.9","0.0","0.0","0.0","0.0","12.2","9.4","8.4"
"20220303","제주특별자치도","서귀포시","9.2","13.7","3.6","9.4","9.6","13.1","6.2","0.0","0.0","3.1","8.4","9.8","5.5","0.0","0.0","0.0","60.1","63.6","62.2","1.0","5.1","5.6","0.0","0.0","0.0","9.3","8.0","2.7"
"20220302","제주특별자치도","제주시","6.4","8.9","4.8","7.5","8.3","11.6","5.3","0.0","0.0","2.9","5.6","5.8","4.4","13.6","14.26","0.0","58.6","67.4","64.0","3.9","6.9","6.1","0.0","0.0","0.0","11.0","13.9","3.7"
"20220302","제주특별자치도","북제주군","6.4","9.4","4.2","6.2","8.0","10.9","5.3","0.0","0.0","2.2","10.0","7.7","4.9","18.1","15.21","0.0","61.9","77.3","68.9","3.5","5.4","0.0","0.0","0.0","0.0","16.8","25.3","8.4"
"20220302","제주특별자치도","서귀포시","8.2","12.6","4.6","9.4","9.6","13.1","6.3","0.0","0.0","2.8","10.2","10.6","5.2","0.0","0.0","0.0","55.5","60.9","62.8","2.6","2.8","5.8","0.0","0.0","0.0","7.6","11.1","2.7"
"20220301","제주특별자치도","제주시","10.1","13.6","6.4","15.5","8.3","11.6","5.3","3.8","11.2","2.5","0.5","0.1","4.6","4.01","2.33","0.0","86.8","78.3","63.9","9.8","9.9","6.0","0.0","0.0","0.0","8.9","14.2","3.6"
"20220301","제주특별자치도","북제주군","9.8","14.5","5.8","13.7","8.0","10.9","5.3","1.0","15.9","2.0","0.2","0.0","5.2","4.46","2.25","0.0","91.3","97.6","69.0","9.0","9.1","0.0","0.0","0.0","0.0","17.4","23.0","8.3"
"20220301","제주특별자치도","서귀포시","13.4","17.9","9.6","14.9","9.7","13.2","6.4","1.5","17.0","2.8","5.2","0.0","5.4","0.0","0.0","0.0","74.9","96.1","62.8","7.1","9.9","5.7","0.0","0.0","0.0","9.3","12.9","2.6"
"20220228","제주특별자치도","제주시","8.7","13.2","3.1","14.4","8.2","11.5","5.3","0.0","0.1","3.0","1.5","1.1","4.7","7.34","10.34","0.0","57.0","72.5","64.4","6.4","8.6","6.0","0.0","0.0","0.0","4.5","12.8","3.5"
"20220228","제주특별자치도","북제주군","10.3","13.5","4.4","14.5","7.9","10.8","5.2","0.0","0.0","2.4","1.6","1.2","5.2","6.38","8.59","0.0","63.5","77.3","69.7","7.6","7.0","0.0","0.0","0.0","0.0","9.2","13.4","8.2"
"20220228","제주특별자치도","서귀포시","10.4","13.4","5.0","13.7","9.7","13.2","6.4","0.0","1.0","2.9","2.4","0.8","5.4","0.0","0.0","0.0","62.9","84.5","63.4","6.8","9.5","5.8","0.0","0.0","0.0","3.4","9.3","2.6"
"20220227","제주특별자치도","제주시","7.4","11.6","4.2","11.4","8.4","11.7","5.5","0.0","0.0","3.1","10.9","0.7","4.4","20.32","7.22","0.0","49.9","63.1","64.9","0.1","9.3","6.2","0.0","0.0","0.0","15.1","20.0","3.5"
"20220227","제주특별자치도","북제주군","6.4","9.8","4.6","11.7","8.0","10.9","5.3","0.0","0.0","2.5","10.9","3.8","4.9","20.45","8.95","0.0","56.1","63.4","70.5","0.0","8.9","0.0","0.0","0.0","0.0","21.0","16.5","8.1"
"20220227","제주특별자치도","서귀포시","9.1","13.0","6.3","11.2","9.8","13.2","6.5","0.0","0.0","3.2","10.8","2.2","5.1","0.0","0.0","0.0","47.3","71.3","64.5","0.0","9.1","5.9","0.0","0.0","0.0","8.7","17.1","2.5"
"20220226","제주특별자치도","제주시","9.8","16.2","3.6","11.2","8.3","11.6","5.3","0.0","5.4","2.7","10.5","0.0","4.4","19.04","3.21","0.0","51.8","74.0","64.4","1.8","9.9","6.1","0.0","0.0","0.0","13.6","22.2","3.4"
"20220226","제주특별자치도","북제주군","9.4","12.3","5.0","11.1","8.1","11.1","5.2","0.0","0.5","2.3","9.9","4.0","5.0","18.43","12.21","0.0","67.5","78.4","70.0","1.6","9.1","0.0","0.0","0.0","0.0","21.4","20.8","7.7"
"20220226","제주특별자치도","서귀포시","8.8","13.2","4.0","11.2","9.7","13.2","6.4","0.0","3.3","3.0","10.0","0.4","5.1","0.0","0.0","0.0","62.9","79.9","64.3","0.6","9.8","5.8","0.0","0.0","0.0","8.6","18.3","2.5"
"20220225","제주특별자치도","제주시","6.6","11.7","2.9","11.6","8.1","11.3","5.0","0.0","19.6","2.1","10.4","2.2","4.8","19.56","7.03","0.0","54.6","71.3","63.7","1.4","8.3","5.9","0.0","0.0","0.0","6.8","13.4","3.4"
"20220225","제주특별자치도","북제주군","6.5","10.6","4.3","10.7","7.8","10.8","5.1","0.0","9.1","1.6","10.5","2.3","5.5","18.43","6.1","0.0","55.5","81.5","69.0","0.8","7.9","0.0","0.0","0.0","0.0","15.1","12.6","7.8"
"20220225","제주특별자치도","서귀포시","6.9","11.1","2.6","11.6","9.4","13.0","6.1","0.0","7.1","2.3","9.7","1.7","5.7","0.0","0.0","0.0","63.4","79.1","62.8","2.6","7.4","5.5","0.0","0.0","0.0","6.9","12.6","2.5"
"20220224","제주특별자치도","제주시","3.4","6.7","0.5","9.9","7.9","11.2","4.8","0.0","0.0","2.4","0.2","9.6","4.5","3.91","16.95","0.0","59.4","62.0","64.0","6.4","2.4","6.0","0.0","0.0","0.0","10.0","8.8","3.5"
"20220224","제주특별자치도","북제주군","3.4","5.5","0.5","9.7","7.7","10.8","4.8","0.0","0.0","2.1","3.6","10.0","5.1","9.22","16.7","0.0","61.1","69.4","69.1","6.9","2.5","0.0","0.0","0.0","0.0","18.3","12.1","7.8"
"20220224","제주특별자치도","서귀포시","4.6","8.3","1.2","11.3","9.3","13.0","5.9","0.0","0.0","2.8","7.4","10.3","5.5","0.0","0.0","0.0","67.4","61.0","63.2","3.6","1.6","5.5","0.0","0.0","0.0","5.5","7.7","2.5"
"20220223","제주특별자치도","제주시","1.9","4.1","0.6","7.5","7.8","11.1","4.6","0.0","0.0","2.1","1.0","8.9","4.7","6.13","17.18","0.0","61.6","52.0","63.0","7.8","4.8","5.9","0.0","0.0","0.0","12.3","6.5","3.6"
"20220223","제주특별자치도","북제주군","1.6","3.8","0.6","6.8","7.6","10.6","4.7","0.0","0.0","2.1","2.2","9.2","5.3","5.72","16.08","0.0","65.9","65.9","68.2","8.4","5.5","0.0","0.0","0.0","0.0","17.3","15.2","8.0"
"20220223","제주특별자치도","서귀포시","4.5","7.4","2.2","11.9","9.1","12.7","5.7","0.0","0.0","3.4","5.8","9.5","5.7","0.0","0.0","0.0","64.6","51.1","62.6","5.9","5.4","5.3","0.0","0.0","0.0","6.8","6.6","2.6"
"20220222","제주특별자치도","제주시","4.4","7.1","3.1","15.3","7.5","10.9","4.3","0.0","0.0","1.9","4.3","9.2","5.0","11.93","16.44","0.0","57.6","47.8","62.5","7.3","0.9","5.6","0.0","0.0","0.0","11.0","14.1","3.7"
"20220222","제주특별자치도","북제주군","4.1","6.1","3.2","12.3","7.3","10.4","4.4","0.0","0.0","2.0","7.9","9.5","5.7","12.98","15.33","0.0","60.3","88.0","67.3","7.6","2.4","0.0","0.0","0.0","0.0","16.5","17.3","8.4"
"20220222","제주특별자치도","서귀포시","4.6","8.3","2.4","15.9","8.8","12.6","5.3","0.0","0.0","3.5","9.3","10.0","6.2","0.0","0.0","0.0","52.1","74.1","61.6","5.0","1.5","4.9","0.0","0.0","0.0","7.6","8.9","2.6"
"20220221","제주특별자치도","제주시","5.0","8.0","2.2","18.9","7.3","10.7","4.2","0.0","0.0","2.4","2.6","10.6","4.8","9.18","18.23","0.0","57.5","39.3","62.6","6.5","0.1","5.7","0.0","0.0","0.0","12.5","18.7","3.8"
"20220221","제주특별자치도","북제주군","5.0","8.2","2.2","15.2","7.1","10.1","4.3","0.0","0.0","2.4","5.2","10.5","5.5","9.82","16.9","0.0","55.8","83.4","67.3","7.8","1.0","0.0","0.0","0.0","0.0","18.3","18.0","8.6"
"20220221","제주특별자치도","서귀포시","4.2","7.7","0.6","15.7","8.6","12.4","5.2","0.0","0.0","4.6","8.2","10.2","6.1","0.0","0.0","0.0","53.9","73.4","61.7","4.6","2.0","4.9","0.0","0.0","0.0","6.9","8.8","2.6"
"20220220","제주특별자치도","제주시","1.8","3.4","0.0","15.6","7.1","10.4","4.1","0.1","0.0","2.3","2.6","10.2","4.4","9.18","16.43","0.0","68.4","45.1","62.2","7.9","0.0","5.9","0.3","0.0","0.0","20.0","16.2","3.8"
"20220220","제주특별자치도","북제주군","1.7","2.9","-0.5","13.9","6.9","9.9","4.1","0.0","0.0","2.3","7.3","10.2","5.1","11.66","15.55","0.0","65.6","76.4","66.7","8.4","0.0","0.0","0.0","0.0","0.0","27.6","18.9","8.6"
"20220220","제주특별자치도","서귀포시","1.9","4.7","-1.0","13.1","8.4","12.1","5.0","0.0","0.0","4.6","9.5","10.1","5.8","0.0","0.0","0.0","53.3","74.4","61.8","6.0","0.0","5.1","0.0","0.0","0.0","9.9","11.6","2.7"
"20220219","제주특별자치도","제주시","5.2","6.9","2.9","8.5","6.8","9.9","4.0","11.3","0.0","2.1","0.1","10.6","4.5","2.0","18.28","0.0","80.5","51.5","62.0","9.6","1.6","5.9","0.0","0.0","0.0","17.9","11.1","3.9"
"20220219","제주특별자치도","북제주군","4.7","7.3","2.4","8.3","6.6","9.5","4.0","1.3","0.0","1.6","1.0","10.3","5.3","5.61","17.11","0.0","82.5","72.0","66.2","8.6","0.9","0.0","0.0","0.0","0.0","24.6","18.2","8.9"
"20220219","제주특별자치도","서귀포시","6.4","10.3","2.6","7.2","8.2","11.9","4.9","3.7","0.0","3.9","2.9","10.3","6.1","0.0","0.0","0.0","76.1","74.3","61.1","8.8","1.0","5.2","0.0","0.0","0.0","8.3","10.5","2.7"
"20220218","제주특별자치도","제주시","6.0","11.1","0.2","2.5","6.6","9.7","3.8","2.6","1.9","1.9","1.1","0.4","4.0","7.73","4.06","0.0","71.3","68.3","62.4","8.8","8.8","6.2","0.0","1.6","0.0","11.8","20.6","4.0"
"20220218","제주특별자치도","북제주군","5.8","10.7","-0.7","2.1","6.4","9.3","3.9","0.1","0.0","1.5","3.1","2.9","4.9","8.37","6.42","0.0","66.1","79.0","66.6","7.9","9.1","0.0","0.0","0.0","0.0","9.1","28.9","9.2"
"20220218","제주특별자치도","서귀포시","5.8","9.1","1.8","2.0","8.2","11.9","4.8","2.8","0.7","3.3","0.6","9.1","5.9","0.0","0.0","0.0","72.4","69.6","61.2","9.3","5.6","5.5","0.0","0.9","0.0","6.7","13.5","2.7"
"20220217","제주특별자치도","제주시","1.1","2.6","0.2","1.3","6.6","9.6","3.9","0.0","0.9","2.5","1.8","1.5","3.7","6.97","6.94","0.0","60.9","61.8","63.2","8.3","8.4","6.4","0.0","0.4","0.0","13.6","20.8","3.9"
"20220217","제주특별자치도","북제주군","0.6","1.5","-0.3","1.1","6.4","9.2","3.9","0.0","0.0","1.8","3.0","4.0","4.5","7.5","7.53","0.0","64.3","75.9","66.9","8.6","7.9","0.0","0.0","0.0","0.0","23.6","32.1","9.2"
"20220217","제주특별자치도","서귀포시","1.9","4.5","-0.4","0.7","8.2","11.8","5.0","0.0","1.2","3.8","3.6","7.8","5.4","0.0","0.0","0.0","59.3","64.3","62.4","7.4","7.8","5.8","0.0","0.9","0.0","7.0","12.2","2.6"
"20220216","제주특별자치도","제주시","2.3","4.3","0.8","5.7","6.7","9.8","3.9","0.0","0.0","2.3","1.0","7.0","3.7","5.8","14.7","0.0","65.3","58.5","63.4","8.0","6.1","6.5","0.0","0.0","0.0","14.6","18.1","3.9"
"20220216","제주특별자치도","북제주군","1.9","4.1","0.7","5.8","6.6","9.4","3.9","0.0","0.1","1.6","4.4","7.2","4.5","8.22","13.02","0.0","69.0","68.9","67.4","7.8","6.4","0.0","0.0","0.0","0.0","22.4","25.9","9.1"
"20220216","제주특별자치도","서귀포시","2.0","5.4","0.1","6.2","8.3","11.9","5.1","0.0","0.2","3.0","9.5","8.7","5.3","0.0","0.0","0.0","58.0","63.4","62.7","3.8","4.0","6.0","0.0","0.0","0.0","9.0","11.6","2.6"
"20220215","제주특별자치도","제주시","3.9","7.5","1.9","7.5","6.9","10.0","4.0","0.0","0.0","2.2","2.3","0.5","4.0","8.17","3.33","0.0","62.6","70.4","63.1","8.3","8.9","6.3","0.0","0.0","0.0","12.5","14.8","3.9"
"20220215","제주특별자치도","북제주군","3.4","7.0","1.6","7.1","6.7","9.4","4.1","0.0","0.0","1.7","7.3","2.9","4.7","10.59","4.48","0.0","66.6","83.1","67.8","7.8","9.0","0.0","0.0","0.0","0.0","21.3","25.2","9.1"
"20220215","제주특별자치도","서귀포시","5.4","10.6","1.2","9.7","8.5","12.1","5.1","0.0","0.0","3.0","9.0","9.4","5.6","0.0","0.0","0.0","57.1","65.6","63.1","2.8","3.4","5.8","0.0","0.0","0.0","12.0","12.0","2.6"
"20220214","제주특별자치도","제주시","9.3","13.7","7.3","13.3","7.0","10.2","4.0","0.0","2.4","2.3","2.0","0.4","4.2","7.54","5.44","0.0","70.9","80.1","62.7","6.6","9.4","6.0","0.0","0.0","0.0","9.3","7.3","3.9"
"20220214","제주특별자치도","북제주군","9.0","13.5","6.7","13.8","6.8","9.5","4.1","0.0","7.4","2.2","9.8","1.5","4.8","14.71","6.52","0.0","71.3","86.8","67.7","3.3","8.0","0.0","0.0","0.0","0.0","16.8","15.4","9.2"
"20220214","제주특별자치도","서귀포시","9.8","14.0","6.5","15.6","8.5","12.1","5.0","0.0","10.6","3.7","4.9","1.6","5.6","0.0","0.0","0.0","64.4","80.6","62.7","4.9","7.9","5.5","0.0","0.0","0.0","6.2","6.2","2.5"
"20220213","제주특별자치도","제주시","10.1","11.9","8.1","13.0","7.0","10.1","4.0","0.0","0.0","2.5","0.0","5.3","4.4","3.55","12.72","0.0","69.6","56.0","62.7","9.9","5.4","5.9","0.0","0.0","0.0","11.7","7.4","3.9"
"20220213","제주특별자치도","북제주군","9.6","10.9","8.5","13.6","6.9","9.6","4.2","0.0","0.0","2.2","0.0","7.5","4.9","2.22","13.9","0.0","71.3","70.4","67.8","9.8","3.4","0.0","0.0","0.0","0.0","10.3","8.4","9.1"
"20220213","제주특별자치도","서귀포시","10.0","11.4","8.9","14.2","8.4","12.0","4.9","0.2","0.0","3.6","0.0","6.6","5.6","0.0","0.0","0.0","71.0","57.5","62.9","10.0","5.3","5.4","0.0","0.0","0.0","7.0","4.6","2.6"
"20220212","제주특별자치도","제주시","10.0","12.6","7.6","12.2","6.8","9.9","3.8","0.0","0.0","2.2","0.0","1.6","4.2","6.37","9.17","0.0","54.5","57.0","62.4","9.5","9.3","6.0","0.0","0.0","0.0","9.6","5.5","3.8"
"20220212","제주특별자치도","북제주군","9.6","12.6","7.1","12.3","6.6","9.4","4.0","0.0","0.0","1.8","0.3","0.5","4.9","5.43","6.38","0.0","51.6","57.8","67.8","9.4","6.9","0.0","0.0","0.0","0.0","8.8","9.7","9.1"
"20220212","제주특별자치도","서귀포시","10.0","12.3","7.4","11.9","8.1","11.8","4.6","0.0","0.0","2.8","0.2","0.0","5.8","0.0","0.0","0.0","53.4","62.0","62.2","9.8","10.0","5.3","0.0","0.0","0.0","6.3","5.0","2.6"
"20220211","제주특별자치도","제주시","7.5","11.4","2.8","9.7","6.4","9.4","3.5","0.0","0.0","1.7","9.9","0.0","4.0","15.62","6.8","0.0","50.4","69.8","62.4","2.4","9.0","6.0","0.0","0.0","0.0","7.5","7.0","4.0"
"20220211","제주특별자치도","북제주군","7.5","9.9","4.1","10.1","6.3","8.9","3.7","0.0","0.0","1.6","10.0","0.0","4.7","15.39","5.67","0.0","47.8","72.9","67.7","4.3","9.9","0.0","0.0","0.0","0.0","11.0","7.7","9.4"
"20220211","제주특별자치도","서귀포시","7.9","12.5","3.8","10.9","7.7","11.4","4.2","0.0","0.0","2.8","9.6","0.0","5.9","0.0","0.0","0.0","53.3","68.6","61.7","3.4","9.3","5.2","0.0","0.0","0.0","6.3","5.8","2.5"
"20220210","제주특별자치도","제주시","6.9","9.8","4.9","7.0","6.1","9.0","3.4","7.2","0.0","1.9","6.4","9.0","3.4","13.77","14.01","0.0","61.8","64.6","63.5","4.9","6.8","6.4","0.0","0.0","0.0","9.4","4.9","4.1"
"20220210","제주특별자치도","북제주군","5.9","7.3","3.4","7.4","6.0","8.7","3.6","1.5","0.0","1.7","9.8","9.0","4.2","15.43","13.7","0.0","63.5","70.8","68.4","3.5","6.4","0.0","0.0","0.0","0.0","15.7","8.4","9.8"
"20220210","제주특별자치도","서귀포시","6.8","11.2","4.8","9.1","7.4","11.1","4.1","2.8","0.0","2.9","4.2","7.7","5.4","0.0","0.0","0.0","79.1","73.8","61.8","6.3","6.8","5.5","0.0","0.0","0.0","4.6","5.5","2.5"
"20220209","제주특별자치도","제주시","5.9","9.9","1.6","4.8","6.0","8.9","3.3","3.7","0.0","1.6","3.1","7.8","3.2","6.94","14.77","0.0","73.4","59.4","63.8","5.9","4.1","6.7","0.0","0.0","0.0","7.4","9.1","4.1"
"20220209","제주특별자치도","북제주군","6.1","9.7","2.6","4.7","6.0","8.8","3.5","1.1","0.0","0.9","5.3","10.1","3.9","10.67","16.01","0.0","70.9","69.9","68.3","6.6","5.0","0.0","0.0","0.0","0.0","10.3","13.7","9.6"
"20220209","제주특별자치도","서귀포시","6.8","11.2","2.8","7.7","7.4","11.1","4.0","5.2","0.0","1.7","4.5","3.6","5.3","0.0","0.0","0.0","75.1","74.9","62.0","6.3","6.0","5.7","0.0","0.0","0.0","4.3","5.7","2.5"
"20220208","제주특별자치도","제주시","5.4","8.9","2.6","4.1","6.0","8.8","3.4","0.0","0.0","1.5","8.2","4.8","3.1","14.06","11.53","0.0","56.5","57.3","63.8","4.4","5.5","6.7","0.0","0.0","0.0","9.6","11.0","4.0"
"20220208","제주특별자치도","북제주군","4.6","5.8","2.1","3.8","5.9","8.6","3.6","0.0","0.0","0.9","9.9","8.4","3.9","15.45","13.35","0.0","58.6","70.1","68.4","4.3","6.6","0.0","0.0","0.0","0.0","15.5","18.5","9.4"
"20220208","제주특별자치도","서귀포시","5.7","9.8","2.0","8.2","7.3","11.0","4.1","0.0","0.0","1.5","8.1","8.1","5.2","0.0","0.0","0.0","74.1","62.1","62.2","5.3","4.0","5.6","0.0","0.0","0.0","7.3","9.8","2.5"
"20220207","제주특별자치도","제주시","4.4","6.6","3.0","11.0","6.0","8.8","3.4","0.0","0.0","1.5","1.0","8.0","3.1","6.45","12.89","0.0","60.6","68.8","63.6","8.5","1.9","6.7","0.0","0.0","0.0","9.2","8.8","4.0"
"20220207","제주특별자치도","북제주군","3.6","5.5","1.6","11.2","6.0","8.6","3.6","0.5","0.0","1.0","2.0","8.5","4.0","6.66","12.43","0.0","65.4","76.3","68.2","8.9","1.0","0.0","0.0","0.0","0.0","13.7","14.5","9.5"
"20220207","제주특별자치도","서귀포시","5.0","8.4","1.7","11.4","7.3","10.9","4.0","3.9","0.0","1.6","2.2","9.2","5.2","0.0","0.0","0.0","75.6","69.9","62.6","8.5","1.0","5.6","0.0","0.0","0.0","6.0","9.6","2.5"
"20220206","제주특별자치도","제주시","4.5","7.2","2.3","10.6","6.1","8.8","3.5","0.1","0.0","1.4","3.0","9.5","3.1","9.3","15.52","0.0","61.4","70.4","63.1","7.5","1.1","6.7","0.0","0.0","0.0","15.7","11.0","3.9"
"20220206","제주특별자치도","북제주군","4.3","6.7","2.6","10.6","6.0","8.7","3.7","0.0","0.0","1.0","6.0","6.2","4.0","9.27","9.79","0.0","57.5","80.9","67.4","8.0","5.6","0.0","0.0","0.0","0.0","20.8","13.4","9.2"
"20220206","제주특별자치도","서귀포시","3.9","7.3","1.7","10.1","7.3","10.9","4.1","0.0","0.0","1.2","8.5","9.6","5.3","0.0","0.0","0.0","55.3","80.3","62.4","5.1","1.1","5.5","0.0","0.0","0.0","9.7","10.4","2.5"
"20220205","제주특별자치도","제주시","3.6","4.6","1.9","7.1","6.0","8.8","3.3","0.1","0.0","1.3","1.9","0.0","3.2","6.74","4.26","0.0","61.3","57.6","62.5","7.3","8.1","6.6","0.0","0.0","0.0","15.9","6.2","3.9"
"20220205","제주특별자치도","북제주군","2.9","4.0","1.0","7.4","5.9","8.6","3.6","0.1","1.5","0.9","4.8","0.2","4.1","8.32","3.3","0.0","67.8","67.9","66.4","9.4","8.3","0.0","0.0","0.0","0.0","22.8","9.0","9.2"
"20220205","제주특별자치도","서귀포시","2.7","5.4","1.6","8.0","7.2","10.9","3.9","0.0","2.0","1.1","8.1","0.2","5.6","0.0","0.0","0.0","57.0","78.4","61.5","6.0","8.1","5.3","0.0","0.0","0.0","13.5","2.9","2.5"
"20220204","제주특별자치도","제주시","4.4","7.3","1.9","6.4","5.7","8.4","3.2","0.0","0.1","1.2","1.1","8.1","3.2","4.91","15.1","0.0","60.6","56.3","62.1","7.0","3.4","6.5","0.0","0.0","0.0","13.6","16.5","3.9"
"20220204","제주특별자치도","북제주군","4.2","7.2","2.2","6.3","5.6","8.0","3.5","0.0","0.1","0.9","6.6","9.7","4.1","8.95","14.97","0.0","60.6","70.1","66.0","6.4","3.8","0.0","0.0","0.0","0.0","18.7","23.4","9.4"
"20220204","제주특별자치도","서귀포시","5.2","9.5","2.3","9.0","7.0","10.7","3.7","0.0","0.1","1.1","8.8","9.6","5.8","0.0","0.0","0.0","53.4","67.6","61.0","3.4","2.0","5.2","0.0","0.0","0.0","9.1","7.4","2.4"
"20220203","제주특별자치도","제주시","5.0","8.3","3.2","5.8","5.5","8.2","3.0","0.0","0.0","1.0","2.6","8.6","3.1","8.3","14.72","0.0","57.0","49.5","62.5","7.5","3.1","6.7","0.0","0.0","0.0","10.6","11.9","4.0"
"20220203","제주특별자치도","북제주군","4.2","5.7","3.1","6.3","5.4","7.8","3.2","0.0","0.0","0.8","5.0","9.4","4.0","8.2","13.9","0.0","58.3","59.9","66.0","7.3","2.9","0.0","0.0","0.0","0.0","14.6","21.1","9.8"
"20220203","제주특별자치도","서귀포시","6.5","9.3","4.1","5.7","6.9","10.5","3.5","0.0","0.0","1.1","5.3","9.0","5.9","0.0","0.0","0.0","54.6","60.9","61.0","6.3","1.9","5.2","0.0","0.0","0.0","6.4","7.1","2.4"
"20220202","제주특별자치도","제주시","5.0","7.5","3.7","4.2","5.5","8.2","3.0","0.0","0.0","1.2","0.8","5.6","2.9","5.53","11.84","0.0","61.9","57.1","63.0","9.0","5.4","6.8","0.0","0.0","0.0","8.4","13.1","4.0"
"20220202","제주특별자치도","북제주군","4.5","5.7","3.5","3.7","5.4","7.8","3.1","0.0","0.0","0.9","1.6","8.3","3.7","7.25","12.01","0.0","65.4","66.8","66.4","9.0","3.6","0.0","0.0","0.0","0.0","15.5","21.1","9.8"
"20220202","제주특별자치도","서귀포시","6.3","8.8","2.8","6.6","6.8","10.5","3.5","0.0","0.0","1.3","1.2","9.6","5.6","0.0","0.0","0.0","66.1","54.8","61.6","7.6","1.1","5.3","0.0","0.0","0.0","7.1","9.7","2.3"
"20220201","제주특별자치도","제주시","6.3","8.4","4.3","11.6","5.5","8.1","3.0","0.0","22.4","1.4","2.0","0.0","2.7","6.72","2.03","0.0","59.5","80.8","63.4","6.5","9.9","6.9","0.0","0.0","0.0","13.5","14.1","4.0"
"20220201","제주특별자치도","북제주군","6.0","8.2","4.0","11.1","5.4","7.7","3.1","0.0","23.2","0.9","6.5","0.0","3.5","9.07","1.77","0.0","61.5","92.1","66.7","7.0","9.4","0.0","0.0","0.0","0.0","19.9","23.1","9.9"
"20220201","제주특별자치도","서귀포시","6.4","10.2","3.7","12.1","6.8","10.5","3.5","0.0","25.0","1.4","9.1","0.0","5.5","0.0","0.0","0.0","55.5","92.0","62.0","3.0","9.9","5.4","0.0","0.0","0.0","10.7","16.4","2.3"
"20220131","제주특별자치도","제주시","5.9","9.1","3.4","10.7","5.6","8.2","3.3","0.0","0.0","1.9","4.9","3.0","2.6","10.88","10.1","0.0","59.5","59.9","64.0","5.4","7.1","6.9","0.0","0.0","0.0","8.8","5.4","4.0"
"20220131","제주특별자치도","북제주군","5.4","7.4","3.8","11.5","5.5","7.9","3.3","0.0","2.0","1.0","9.7","4.0","3.4","13.7","9.67","0.0","59.4","73.9","67.1","5.3","7.5","0.0","0.0","0.0","0.0","16.9","15.2","9.8"
"20220131","제주특별자치도","서귀포시","5.8","10.0","1.8","11.2","6.9","10.5","3.7","0.0","3.3","1.5","9.6","2.5","5.4","0.0","0.0","0.0","59.9","73.8","62.4","1.5","7.6","5.5","0.0","0.0","0.0","8.7","12.7","2.3"
"20220130","제주특별자치도","제주시","4.8","7.9","3.5","7.8","5.8","8.5","3.3","0.0","0.0","2.1","5.9","7.4","2.6","11.4","12.94","0.0","58.3","54.5","63.8","5.6","3.6","6.9","0.0","0.0","0.0","10.7","10.2","4.1"
"20220130","제주특별자치도","북제주군","4.2","5.4","3.7","7.8","5.7","8.2","3.3","0.0","0.0","1.2","6.0","7.9","3.5","9.63","10.68","0.0","63.5","65.1","67.0","6.6","4.8","0.0","0.0","0.0","0.0","19.8","13.4","9.6"
"20220130","제주특별자치도","서귀포시","7.4","11.0","3.8","6.9","7.0","10.6","3.7","0.0","0.0","1.7","8.2","9.1","5.3","0.0","0.0","0.0","56.8","64.9","62.6","5.5","1.3","5.4","0.0","0.0","0.0","7.6","9.3","2.4"
"20220129","제주특별자치도","제주시","4.6","6.6","4.0","2.5","5.8","8.4","3.3","0.0","0.2","2.4","1.5","2.8","2.7","6.2","8.81","0.0","62.6","58.4","62.9","8.4","6.4","6.7","0.0","0.3","0.0","9.6","20.7","4.0"
"20220129","제주특별자치도","북제주군","4.2","4.8","3.6","2.7","5.7","8.2","3.3","0.0","0.0","1.2","1.9","7.2","3.6","6.5","11.02","0.0","67.1","64.5","66.1","8.9","6.6","0.0","0.0","0.0","0.0","14.6","30.2","9.4"
"20220129","제주특별자치도","서귀포시","8.3","10.4","7.3","2.7","6.9","10.6","3.7","0.0","0.0","1.9","4.3","8.9","5.4","0.0","0.0","0.0","65.6","60.1","62.1","9.0","2.5","5.3","0.0","0.0","0.0","5.9","10.7","2.4"
"20220128","제주특별자치도","제주시","5.2","7.9","4.2","6.2","5.7","8.2","3.3","0.0","0.5","2.7","2.4","2.1","2.7","7.59","6.49","0.0","65.9","60.3","62.7","6.8","6.9","6.6","0.0","0.5","0.0","8.6","22.2","4.1"
"20220128","제주특별자치도","북제주군","4.8","6.2","4.1","6.5","5.7","8.1","3.3","0.0","0.0","1.2","5.7","4.9","3.6","10.99","6.44","0.0","70.3","68.6","65.5","8.6","6.4","0.0","0.0","0.0","0.0","16.4","32.1","9.6"
"20220128","제주특별자치도","서귀포시","8.5","12.0","6.7","6.5","6.9","10.5","3.7","0.0","0.0","2.2","6.6","9.0","5.5","0.0","0.0","0.0","68.4","60.9","61.0","7.5","4.1","5.3","0.0","0.0","0.0","4.3","14.8","2.5"
"20220127","제주특별자치도","제주시","5.9","7.5","4.7","7.6","5.7","8.1","3.2","0.0","0.0","2.7","0.4","9.0","2.7","4.82","14.36","0.0","67.5","52.8","62.9","7.1","1.8","6.7","0.0","0.0","0.0","8.9","8.4","4.2"
"20220127","제주특별자치도","북제주군","5.7","7.0","5.0","7.1","5.7","8.0","3.2","0.0","0.0","1.5","3.9","9.9","3.5","7.61","14.48","0.0","69.8","59.6","65.8","7.9","2.0","0.0","0.0","0.0","0.0","16.2","17.4","9.7"
"20220127","제주특별자치도","서귀포시","9.4","11.7","7.7","9.5","6.8","10.4","3.5","0.0","0.0","2.3","4.1","9.6","5.3","0.0","0.0","0.0","73.8","60.9","61.1","8.5","1.5","5.2","0.0","0.0","0.0","4.6","5.6","2.5"
"20220126","제주특별자치도","제주시","7.5","9.6","6.5","10.4","5.4","7.9","3.0","0.0","19.7","2.2","0.8","0.0","2.7","5.19","1.41","0.0","66.9","84.6","62.9","8.4","9.4","6.7","0.0","0.0","0.0","9.4","12.1","4.3"
"20220126","제주특별자치도","북제주군","7.0","8.2","6.2","10.2","5.4","7.7","2.9","0.0","14.3","1.4","7.8","0.4","3.5","10.61","4.26","0.0","67.6","89.0","65.9","7.6","8.9","0.0","0.0","0.0","0.0","13.4","16.8","9.9"
"20220126","제주특별자치도","서귀포시","9.6","12.4","7.0","12.4","6.6","10.2","3.3","0.0","10.6","2.2","6.8","1.7","5.4","0.0","0.0","0.0","77.3","89.4","61.5","8.0","6.9","5.3","0.0","0.0","0.0","5.1","6.4","2.5"
"20220125","제주특별자치도","제주시","8.8","9.5","7.5","12.6","5.3","7.7","3.0","3.3","0.0","2.6","0.0","2.7","2.4","0.06","8.71","0.0","82.1","66.9","63.7","9.6","8.4","7.0","0.0","0.0","0.0","9.3","13.3","4.4"
"20220125","제주특별자치도","북제주군","8.6","9.7","7.8","12.1","5.3","7.6","2.9","0.6","0.0","1.6","0.0","8.3","3.2","3.69","12.26","0.0","85.6","71.4","66.5","8.4","6.6","0.0","0.0","0.0","0.0","11.0","13.1","10.3"
"20220125","제주특별자치도","서귀포시","9.3","10.6","8.5","12.4","6.5","10.1","3.3","0.2","0.0","2.4","0.0","5.2","5.3","0.0","0.0","0.0","86.9","73.4","61.5","9.4","8.0","5.5","0.0","0.0","0.0","4.4","10.6","2.5"
"20220124","제주특별자치도","제주시","10.3","12.4","9.0","11.8","5.4","7.8","3.1","0.0","0.2","2.8","1.3","6.0","2.1","5.79","11.27","0.0","73.6","64.3","64.9","8.1","6.8","7.3","0.0","0.0","0.0","11.2","13.1","4.3"
"20220124","제주특별자치도","북제주군","10.4","14.8","8.1","11.1","5.4","7.7","3.0","0.0","0.3","2.0","4.8","8.9","2.9","7.43","12.96","0.0","80.8","70.5","67.5","7.9","4.9","0.0","0.0","0.0","0.0","11.9","17.9","10.3"
"20220124","제주특별자치도","서귀포시","10.0","12.3","8.3","11.4","6.6","10.1","3.4","0.0","0.1","2.8","1.8","8.8","5.1","0.0","0.0","0.0","76.5","72.4","62.5","8.4","5.5","5.7","0.0","0.0","0.0","8.3","10.5","2.5"
"20220123","제주특별자치도","제주시","10.5","12.2","9.4","12.5","5.4","7.9","3.1","5.6","57.8","3.1","0.0","0.0","2.0","2.33","0.76","0.0","83.9","90.0","65.6","10.0","10.0","7.5","0.0","0.0","0.0","10.3","15.2","4.3"
"20220123","제주특별자치도","북제주군","9.9","11.2","8.0","12.3","5.4","7.8","3.0","6.7","24.2","2.2","0.0","0.1","2.8","4.04","2.18","0.0","89.5","94.9","68.4","9.6","8.0","0.0","0.0","0.0","0.0","12.6","15.6","10.2"
"20220123","제주특별자치도","서귀포시","10.1","11.5","8.9","12.7","6.7","10.2","3.5","6.8","21.6","2.8","0.0","0.0","5.0","0.0","0.0","0.0","87.8","94.1","63.4","10.0","10.0","5.8","0.0","0.0","0.0","10.3","11.4","2.5"
"20220122","제주특별자치도","제주시","10.6","14.4","7.2","12.7","5.6","8.1","3.3","1.3","8.2","3.3","2.0","0.0","2.0","8.39","1.68","0.0","70.0","91.4","65.8","8.6","10.0","7.5","0.0","0.0","0.0","10.1","6.7","4.3"
"20220122","제주특별자치도","북제주군","9.8","14.4","6.4","12.2","5.5","8.0","3.3","2.0","10.6","2.2","2.4","0.0","2.9","8.33","1.8","0.0","73.8","98.9","68.6","8.9","8.9","0.0","0.0","0.0","0.0","10.5","14.1","10.2"
"20220122","제주특별자치도","서귀포시","9.8","12.2","8.0","13.3","6.8","10.3","3.8","2.7","10.6","3.1","1.0","0.0","5.0","0.0","0.0","0.0","78.4","98.1","63.8","9.6","10.0","6.1","0.0","0.0","0.0","6.6","4.9","2.5"
"20220121","제주특별자치도","제주시","6.0","10.7","0.3","12.6","5.8","8.3","3.6","0.0","0.5","3.2","3.9","5.4","2.0","8.26","9.89","0.0","68.9","66.8","65.4","3.3","7.4","7.6","0.0","0.0","0.0","7.8","5.1","4.2"
"20220121","제주특별자치도","북제주군","6.2","9.8","1.5","13.1","5.8","8.2","3.5","0.0","0.3","2.2","1.8","5.5","2.9","6.2","8.38","0.0","66.9","84.1","68.2","7.3","7.5","0.0","0.0","0.0","0.0","6.8","9.3","10.0"
"20220121","제주특별자치도","서귀포시","7.5","10.4","2.6","13.4","7.1","10.5","4.0","0.0","1.0","3.1","3.3","6.4","4.9","0.0","0.0","0.0","65.4","84.9","63.8","7.6","7.5","6.2","0.0","0.0","0.0","5.9","4.2","2.5"
"20220120","제주특별자치도","제주시","2.9","5.9","0.8","9.2","6.0","8.4","3.6","0.0","0.0","2.7","2.3","7.3","2.0","6.76","12.79","0.0","61.8","58.3","64.9","6.3","1.8","7.5","0.0","0.0","0.0","16.3","8.7","4.1"
"20220120","제주특별자치도","북제주군","2.6","5.9","1.4","8.9","5.9","8.3","3.7","0.0","0.0","1.9","3.9","5.6","2.9","7.56","9.26","0.0","65.8","71.5","67.8","8.1","5.3","0.0","0.0","0.0","0.0","23.2","9.2","9.8"
"20220120","제주특별자치도","서귀포시","4.8","7.3","2.0","9.8","7.2","10.6","4.1","0.0","0.0","2.6","9.5","6.0","4.8","0.0","0.0","0.0","63.6","71.1","64.1","5.0","5.8","6.1","0.0","0.0","0.0","9.2","5.5","2.5"
"20220119","제주특별자치도","제주시","5.3","10.4","0.7","4.0","6.0","8.5","3.6","0.0","0.0","2.4","8.8","9.0","2.1","12.39","13.79","0.0","57.1","53.3","64.9","3.0","0.6","7.4","0.0","0.0","0.0","13.4","9.5","4.1"
"20220119","제주특별자치도","북제주군","5.2","8.2","2.4","3.8","6.0","8.3","3.7","0.4","0.0","1.5","8.9","9.9","3.0","12.57","13.95","0.0","59.5","59.8","67.8","3.3","1.1","0.0","0.0","0.0","0.0","18.2","18.6","9.6"
"20220119","제주특별자치도","서귀포시","6.2","10.0","3.3","5.6","7.3","10.7","4.2","0.2","0.0","2.1","7.0","9.4","4.9","0.0","0.0","0.0","65.0","66.0","63.8","5.6","0.5","6.0","0.0","0.0","0.0","9.1","6.7","2.5"
"20220118","제주특별자치도","제주시","3.8","7.0","1.4","6.6","6.1","8.5","3.8","0.0","0.0","2.2","6.6","3.1","2.0","10.87","7.57","0.0","56.8","50.6","64.9","3.0","6.1","7.4","0.0","0.0","0.0","15.0","18.6","4.0"
"20220118","제주특별자치도","북제주군","3.5","5.5","2.1","7.1","6.1","8.3","3.9","0.0","0.0","1.6","9.3","5.5","2.8","13.39","6.9","0.0","61.1","56.0","67.6","3.5","6.1","0.0","0.0","0.0","0.0","19.5","24.0","9.5"
"20220118","제주특별자치도","서귀포시","5.5","8.5","3.1","6.4","7.3","10.7","4.3","0.0","0.0","2.3","9.4","5.5","4.7","0.0","0.0","0.0","69.0","54.1","64.1","2.3","4.5","6.0","0.0","0.0","0.0","6.9","13.1","2.4"
"20220117","제주특별자치도","제주시","5.5","7.2","3.8","3.1","6.0","8.4","3.7","0.0","2.0","1.9","0.7","0.4","2.1","3.82","3.56","0.0","65.4","69.0","64.4","8.5","9.0","7.3","0.0","0.0","0.0","13.8","15.7","3.9"
"20220117","제주특별자치도","북제주군","5.3","7.2","3.7","3.4","6.0","8.2","3.8","0.0","0.0","1.3","4.3","2.5","3.0","6.86","5.73","0.0","66.6","61.9","66.9","8.1","9.3","0.0","0.0","0.0","0.0","20.9","25.4","9.4"
"20220117","제주특별자치도","서귀포시","6.9","10.2","5.2","3.0","7.2","10.7","4.2","0.0","0.0","1.8","4.6","7.2","4.8","0.0","0.0","0.0","62.8","62.6","63.4","7.1","6.1","5.9","0.0","0.0","0.0","8.2","9.4","2.4"
"20220116","제주특별자치도","제주시","7.0","9.5","3.9","5.1","6.0","8.4","3.7","0.3","0.0","2.3","1.1","1.3","2.0","4.84","5.63","0.0","68.4","64.6","64.8","8.4","9.0","7.2","0.0","0.0","0.0","12.2","14.2","3.9"
"20220116","제주특별자치도","북제주군","6.8","9.7","3.9","4.8","6.0","8.1","3.8","0.1","0.0","1.3","7.3","5.5","2.9","9.24","7.09","0.0","68.3","70.5","67.4","7.6","8.9","0.0","0.0","0.0","0.0","19.7","23.4","9.5"
"20220116","제주특별자치도","서귀포시","8.8","13.9","5.7","7.6","7.3","10.8","4.2","0.0","0.0","2.0","7.8","7.4","4.7","0.0","0.0","0.0","61.4","68.9","63.8","5.6","6.0","5.9","0.0","0.0","0.0","8.6","9.7","2.3"
"20220115","제주특별자치도","제주시","7.4","11.5","3.8","12.1","6.1","8.4","3.8","0.0","0.0","2.5","3.7","7.7","1.9","8.93","12.33","0.0","68.3","67.9","65.4","7.1","5.4","7.4","0.0","0.0","0.0","5.1","13.1","4.0"
"20220115","제주특별자치도","북제주군","6.9","9.2","4.4","13.6","6.0","8.2","3.8","0.0","0.0","1.6","1.1","6.6","2.8","6.49","9.45","0.0","72.8","76.3","67.8","8.3","5.5","0.0","0.0","0.0","0.0","9.4","17.0","9.5"
"20220115","제주특별자치도","서귀포시","7.8","11.4","5.4","14.1","7.2","10.7","4.2","0.0","0.0","2.5","1.6","4.0","4.5","0.0","0.0","0.0","65.9","72.6","64.4","7.8","5.5","6.1","0.0","0.0","0.0","7.2","8.9","2.3"
"20220114","제주특별자치도","제주시","4.3","7.6","3.0","10.8","6.2","8.4","3.9","0.0","0.0","2.1","2.6","8.5","1.9","6.64","11.67","0.0","65.8","62.5","64.8","8.0","0.3","7.5","0.0","0.0","0.0","13.3","7.7","4.1"
"20220114","제주특별자치도","북제주군","4.3","5.2","3.2","12.4","6.1","8.2","3.9","0.0","0.0","1.3","2.5","9.2","2.8","5.84","10.87","0.0","66.1","65.5","67.3","8.6","0.4","0.0","0.0","0.0","0.0","22.9","11.3","9.6"
"20220114","제주특별자치도","서귀포시","5.1","8.2","1.8","11.3","7.2","10.6","4.2","0.0","0.0","2.3","6.6","8.9","4.6","0.0","0.0","0.0","66.6","69.0","64.1","5.6","2.3","6.2","0.0","0.0","0.0","7.4","4.7","2.4"
"20220113","제주특별자치도","제주시","4.0","6.2","3.1","10.0","6.2","8.4","3.9","2.1","0.0","1.8","0.1","8.6","2.1","1.79","12.05","0.0","68.9","48.9","64.1","9.4","2.4","7.3","0.0","0.0","0.0","17.7","13.1","4.1"
"20220113","제주특별자치도","북제주군","4.2","7.3","2.9","10.9","6.1","8.3","4.0","2.8","0.0","0.9","1.9","9.0","3.0","4.52","10.56","0.0","70.3","55.6","67.0","9.1","1.9","0.0","0.0","0.0","0.0","27.3","18.1","9.6"
"20220113","제주특별자치도","서귀포시","4.3","6.7","1.9","9.7","7.2","10.8","4.2","2.1","0.0","1.7","7.6","7.6","4.6","0.0","0.0","0.0","62.3","56.9","63.4","7.1","3.0","6.0","0.0","0.0","0.0","12.1","9.3","2.4"
"20220112","제주특별자치도","제주시","3.8","5.5","1.6","4.7","6.2","8.4","4.0","0.0","1.2","1.7","0.3","1.0","2.0","3.75","3.74","0.0","68.4","62.3","64.0","8.6","7.9","7.3","0.0","0.0","0.0","14.5","13.6","4.1"
"20220112","제주특별자치도","북제주군","3.8","5.7","2.0","4.9","6.1","8.2","4.1","0.0","2.3","0.9","4.6","3.2","2.9","7.45","5.73","0.0","63.8","72.9","67.2","8.8","6.1","0.0","0.0","0.0","0.0","23.7","21.2","9.7"
"20220112","제주특별자치도","서귀포시","3.9","7.6","1.5","4.3","7.2","10.8","4.2","0.0","0.0","1.7","7.6","4.6","4.6","0.0","0.0","0.0","62.8","66.9","63.8","6.6","4.8","5.9","0.0","0.0","0.0","7.2","6.8","2.4"
"20220111","제주특별자치도","제주시","3.6","7.7","1.3","3.4","6.2","8.4","4.0","2.1","10.8","1.4","0.3","0.0","2.0","2.32","1.24","0.0","77.8","79.0","63.8","9.4","10.0","7.3","0.4","0.0","0.0","20.5","10.4","4.2"
"20220111","제주특별자치도","북제주군","3.5","7.5","1.5","3.7","6.2","8.4","4.1","1.6","11.0","0.9","4.0","0.1","2.8","6.37","2.58","0.0","77.1","83.3","66.8","8.9","9.8","0.0","0.0","0.0","0.0","31.5","19.5","9.7"
"20220111","제주특별자치도","서귀포시","3.6","7.7","0.8","4.2","7.2","10.8","4.1","0.2","0.1","1.4","5.1","0.0","4.8","0.0","0.0","0.0","66.4","73.4","63.3","8.3","10.0","5.7","0.0","0.0","0.0","9.9","4.7","2.4"
"20220110","제주특별자치도","제주시","7.6","10.3","5.5","3.6","6.2","8.5","4.0","0.1","0.0","1.9","1.2","0.0","1.9","5.36","2.63","0.0","70.4","62.9","63.7","8.6","8.9","7.3","0.0","0.0","0.0","10.1","13.9","4.2"
"20220110","제주특별자치도","북제주군","7.2","9.8","5.4","3.8","6.2","8.4","4.1","0.0","1.5","1.0","5.6","0.5","2.7","8.91","2.78","0.0","72.0","72.0","66.7","6.5","9.0","0.0","0.0","0.0","0.0","15.9","20.7","9.8"
"20220110","제주특별자치도","서귀포시","8.3","12.2","5.1","2.4","7.2","10.9","4.2","0.0","0.0","1.3","6.5","1.2","4.8","0.0","0.0","0.0","75.0","69.5","63.0","6.5","7.3","5.6","0.0","0.0","0.0","5.4","5.9","2.4"
"20220109","제주특별자치도","제주시","7.7","9.6","5.2","1.2","6.3","8.6","4.1","0.0","0.9","2.0","0.1","0.4","1.8","1.13","3.75","0.0","68.5","71.4","64.1","8.3","8.3","7.3","0.0","0.0","0.0","7.1","19.0","4.3"
"20220109","제주특별자치도","북제주군","8.0","10.4","4.9","1.0","6.3","8.6","4.2","0.0","5.0","1.2","3.4","1.8","2.6","5.35","4.17","0.0","66.0","82.4","67.2","5.1","8.4","0.0","0.0","0.0","0.0","11.9","28.5","10.1"
"20220109","제주특별자치도","서귀포시","8.3","12.6","5.7","0.0","7.3","11.0","4.3","0.0","2.6","1.8","4.4","4.5","4.6","0.0","0.0","0.0","69.8","74.8","63.5","6.0","7.6","5.6","0.0","1.9","0.0","6.6","9.5","2.4"
"20220108","제주특별자치도","제주시","6.6","8.3","3.5","-1.1","6.5","8.9","4.2","0.0","6.1","1.9","0.0","0.2","1.9","2.71","3.41","0.0","69.4","74.9","64.1","7.5","8.9","7.4","0.0","4.5","0.0","7.6","22.2","4.3"
"20220108","제주특별자치도","북제주군","6.7","8.6","5.8","-0.9","6.5","8.8","4.2","0.0","0.0","1.2","3.2","1.4","2.8","5.71","3.93","0.0","67.9","86.4","67.1","8.0","9.6","0.0","0.0","0.0","0.0","13.9","28.7","10.1"
"20220108","제주특별자치도","서귀포시","7.6","11.3","5.0","-1.7","7.5","11.2","4.4","0.0","3.0","1.9","5.9","4.4","4.9","0.0","0.0","0.0","74.8","76.8","63.4","4.4","8.5","5.5","0.0","2.5","0.0","4.4","9.3","2.5"
"20220107","제주특별자치도","제주시","5.6","10.4","2.2","-1.1","6.6","9.1","4.1","0.0","7.9","2.1","8.1","0.0","2.0","11.24","3.14","0.0","66.4","76.5","64.3","1.4","9.0","7.2","0.0","6.5","0.0","6.1","23.4","4.4"
"20220107","제주특별자치도","북제주군","6.2","7.7","3.8","-1.3","6.6","9.0","4.2","0.0","0.0","1.4","8.8","1.3","2.8","10.85","3.19","0.0","68.6","83.4","67.1","2.9","9.6","0.0","0.0","0.0","0.0","11.2","31.9","10.0"
"20220107","제주특별자치도","서귀포시","7.2","11.6","3.7","-1.9","7.6","11.3","4.5","0.0","1.3","2.1","8.2","4.4","4.8","0.0","0.0","0.0","60.0","76.1","63.4","3.1","8.3","5.6","0.0","0.6","0.0","5.2","10.7","2.5"
"20220106","제주특별자치도","제주시","7.3","10.1","5.3","4.0","6.6","9.3","4.0","0.0","0.6","2.0","7.1","1.6","2.4","10.97","5.71","0.0","64.6","60.8","63.8","4.9","9.0","6.8","0.0","0.0","0.0","13.3","20.2","4.3"
"20220106","제주특별자치도","북제주군","6.7","8.4","4.7","3.8","6.6","9.1","4.3","0.0","0.5","1.1","8.7","2.2","3.1","11.37","4.84","0.0","68.1","68.9","67.0","4.4","9.5","0.0","0.0","0.0","0.0","15.2","28.0","9.9"
"20220106","제주특별자치도","서귀포시","8.6","12.4","5.7","3.6","7.8","11.4","4.7","0.0","0.4","2.0","9.0","5.2","4.7","0.0","0.0","0.0","70.0","62.0","63.5","2.8","8.6","5.5","0.0","0.0","0.0","6.1","10.4","2.6"
"20220105","제주특별자치도","제주시","5.8","6.8","3.3","5.6","6.8","9.5","4.2","18.8","0.0","1.8","0.0","0.0","2.7","0.35","2.77","0.0","82.1","66.0","63.1","10.0","9.5","6.6","0.0","0.0","0.0","8.5","15.6","4.1"
"20220105","제주특별자치도","북제주군","5.1","6.3","2.8","5.9","6.8","9.3","4.4","17.4","0.0","1.0","0.0","0.8","3.4","1.64","4.81","0.0","87.5","72.0","66.7","9.6","8.9","0.0","0.0","0.0","0.0","11.5","18.2","9.5"
"20220105","제주특별자치도","서귀포시","6.7","9.2","5.1","7.2","8.0","11.6","4.9","21.6","0.0","1.7","0.0","2.4","4.9","0.0","0.0","0.0","89.6","60.8","63.3","9.9","7.4","5.4","0.0","0.0","0.0","6.3","5.3","2.5"
"20220104","제주특별자치도","제주시","6.8","9.3","4.8","5.9","6.9","9.6","4.2","0.0","0.0","1.5","0.9","4.4","2.9","3.36","8.38","0.0","62.9","57.8","62.5","6.8","6.0","6.3","0.0","0.0","0.0","10.8","5.9","4.0"
"20220104","제주특별자치도","북제주군","7.4","10.0","5.5","6.4","6.9","9.5","4.5","0.0","0.0","0.7","4.4","4.7","3.6","6.84","6.1","0.0","62.5","60.9","65.7","7.8","6.1","0.0","0.0","0.0","0.0","13.0","10.6","9.2"
"20220104","제주특별자치도","서귀포시","8.3","12.3","4.5","6.5","8.0","11.7","4.8","0.0","0.0","1.0","8.3","6.7","5.1","0.0","0.0","0.0","70.9","61.5","62.3","5.8","5.5","5.2","0.0","0.0","0.0","5.6","5.2","2.4"
"20220103","제주특별자치도","제주시","6.0","10.7","2.5","4.5","6.9","9.5","4.2","0.0","0.0","1.5","5.1","3.1","2.9","9.72","7.85","0.0","67.6","57.0","62.5","5.3","7.8","6.3","0.0","0.0","0.0","7.7","7.9","4.1"
"20220103","제주특별자치도","북제주군","6.3","8.3","4.0","3.5","6.9","9.4","4.5","0.0","0.0","0.7","9.0","4.4","3.4","11.94","6.95","0.0","68.5","69.4","65.6","3.3","7.5","0.0","0.0","0.0","0.0","11.8","10.8","9.4"
"20220103","제주특별자치도","서귀포시","8.5","12.7","5.4","6.3","7.9","11.6","4.7","0.0","0.0","0.9","8.4","4.9","5.1","0.0","0.0","0.0","70.8","69.3","62.2","2.8","7.3","5.1","0.0","0.0","0.0","5.1","6.1","2.4"
"20220102","제주특별자치도","제주시","7.2","11.4","4.2","5.9","6.9","9.5","4.3","0.0","0.0","1.6","1.3","1.4","2.8","4.4","5.45","0.0","67.1","56.4","62.6","5.1","6.8","6.4","0.0","0.0","0.0","11.2","11.8","4.2"
"20220102","제주특별자치도","북제주군","7.7","11.9","4.9","5.6","6.9","9.5","4.5","0.0","0.0","0.5","5.8","4.1","3.5","7.48","5.77","0.0","65.8","64.4","65.8","4.9","6.1","0.0","0.0","0.0","0.0","15.3","17.6","9.8"
"20220102","제주특별자치도","서귀포시","7.9","13.2","4.3","6.5","7.8","11.5","4.5","0.0","0.0","0.8","8.8","5.5","5.3","0.0","0.0","0.0","69.0","63.0","62.0","2.4","5.6","5.1","0.0","0.0","0.0","8.5","6.9","2.4"
"20220101","제주특별자치도","제주시","4.9","8.9","0.9","5.5","7.0","9.6","4.4","0.0","0.0","1.7","7.4","0.1","2.5","10.76","2.55","0.0","56.4","54.4","62.8","4.6","9.3","6.7","0.0","0.0","0.0","7.9","13.4","4.3"
"20220101","제주특별자치도","북제주군","4.8","7.2","1.2","5.6","7.0","9.6","4.5","0.0","0.0","0.6","8.5","0.0","3.3","11.12","1.69","0.0","61.8","63.9","65.9","4.8","9.1","0.0","0.0","0.0","0.0","10.5","19.5","10.0"
"20220101","제주특별자치도","서귀포시","7.0","11.6","3.5","4.7","7.8","11.6","4.5","0.0","0.0","0.8","5.8","1.5","5.2","0.0","0.0","0.0","72.3","61.4","62.2","5.0","7.9","5.2","0.0","0.0","0.0","7.3","9.5","2.4"
"20211231","제주특별자치도","제주시","4.9","6.4","3.5","2.9","7.0","9.5","4.3","0.0","3.8","1.3","0.2","0.2","2.4","2.3","3.0","0.0","62.9","67.9","63.1","8.5","8.8","6.7","0.0","1.6","0.0","16.4","18.1","4.4"
"20211231","제주특별자치도","북제주군","5.0","6.6","3.7","3.1","7.1","9.6","4.5","0.0","0.7","0.7","5.1","1.0","3.3","6.0","2.29","0.0","61.5","74.8","65.8","9.0","9.0","0.0","0.0","0.0","0.0","26.8","28.3","10.1"
"20211231","제주특별자치도","서귀포시","5.3","8.8","2.8","1.8","7.8","11.6","4.5","0.0","1.1","1.0","7.4","4.7","5.4","0.0","0.0","0.0","60.8","75.9","62.0","4.6","8.4","5.1","0.0","0.5","0.0","8.9","8.5","2.5"
"20211230","제주특별자치도","제주시","6.9","8.4","5.8","0.9","6.8","9.3","4.2","0.0","4.3","1.7","1.6","0.9","2.4","4.85","4.37","0.0","54.3","74.9","63.8","8.0","9.1","6.8","0.0","2.0","0.0","18.1","23.8","4.4"
"20211230","제주특별자치도","북제주군","6.7","8.3","5.3","1.3","6.9","9.4","4.4","0.0","0.2","0.9","5.0","2.3","3.2","6.38","4.27","0.0","60.5","77.5","66.6","8.8","9.0","0.0","0.0","0.0","0.0","25.5","32.5","10.1"
"20211230","제주특별자치도","서귀포시","6.5","9.1","4.6","0.7","7.7","11.4","4.5","0.0","3.9","1.2","8.6","4.4","5.2","0.0","0.0","0.0","52.4","70.5","62.6","5.0","9.3","5.3","0.0","3.5","0.0","12.3","12.5","2.5"
"20211229","제주특별자치도","제주시","9.3","11.5","6.6","9.6","6.8","9.3","4.2","0.4","5.4","1.8","1.6","0.9","2.3","4.94","3.91","0.0","63.3","79.0","63.8","8.5","8.9","6.7","0.0","0.0","0.0","12.8","17.4","4.3"
"20211229","제주특별자치도","북제주군","9.7","12.3","8.1","9.6","6.9","9.4","4.4","0.0","1.4","1.2","4.3","2.3","3.2","6.71","3.91","0.0","61.3","85.6","66.7","8.1","9.3","0.0","0.0","0.0","0.0","20.9","22.4","10.0"
"20211229","제주특별자치도","서귀포시","9.0","12.0","6.9","12.5","7.9","11.6","4.7","0.1","4.3","1.9","6.1","1.4","5.2","0.0","0.0","0.0","62.1","84.1","62.7","4.8","8.9","5.3","0.0","0.0","0.0","10.7","4.8","2.5"
"20211228","제주특별자치도","제주시","7.2","8.4","5.9","11.4","6.9","9.4","4.4","0.0","0.0","1.7","0.0","8.2","2.3","0.91","11.44","0.0","65.1","74.0","63.9","8.3","3.4","6.7","0.0","0.0","0.0","9.1","8.3","4.1"
"20211228","제주특별자치도","북제주군","8.0","9.7","6.0","11.8","7.0","9.5","4.6","0.0","0.0","1.5","0.5","9.2","3.2","2.33","11.48","0.0","62.0","78.1","66.9","8.8","2.4","0.0","0.0","0.0","0.0","13.4","9.5","9.6"
"20211228","제주특별자치도","서귀포시","7.0","11.0","3.5","11.7","8.1","11.8","5.0","0.0","0.0","2.1","4.0","9.2","5.3","0.0","0.0","0.0","63.3","77.5","63.2","7.6","2.0","5.2","0.0","0.0","0.0","6.1","6.2","2.4"
"20211227","제주특별자치도","제주시","4.1","6.5","0.8","10.1","7.0","9.5","4.5","0.1","14.4","1.6","0.1","0.0","2.3","1.37","1.09","0.0","71.8","78.6","64.3","8.1","9.8","6.8","0.5","0.0","0.0","12.8","12.8","4.2"
"20211227","제주특별자치도","북제주군","4.6","6.6","1.1","10.4","7.2","9.6","4.8","0.1","14.0","1.5","0.8","0.5","3.3","3.22","2.42","0.0","73.5","90.5","66.7","9.4","8.8","0.0","0.0","0.0","0.0","23.8","14.8","9.7"
"20211227","제주특별자치도","서귀포시","3.7","7.5","-0.4","10.9","8.3","11.9","5.2","0.0","53.2","2.0","6.6","0.0","5.4","0.0","0.0","0.0","68.3","89.8","62.8","6.9","9.6","5.1","0.0","0.0","0.0","6.4","8.6","2.5"
"20211226","제주특별자치도","제주시","1.0","3.0","-0.5","7.4","7.2","9.7","4.7","5.2","0.0","1.6","0.4","8.5","2.4","2.27","11.93","0.0","83.4","56.8","64.5","8.5","4.8","6.8","4.4","0.0","0.0","20.3","6.6","4.2"
"20211226","제주특별자치도","북제주군","1.7","3.3","-0.1","8.3","7.3","9.8","4.9","0.9","0.0","1.3","2.8","8.1","3.3","5.02","11.17","0.0","74.5","68.1","67.0","8.9","5.3","0.0","0.0","0.0","0.0","26.5","7.3","9.6"
"20211226","제주특별자치도","서귀포시","0.6","3.4","-1.1","8.4","8.4","12.1","5.3","1.0","0.0","1.7","6.2","8.5","5.4","0.0","0.0","0.0","79.9","69.8","62.8","8.1","4.9","5.2","1.0","0.0","0.0","6.2","3.8","2.4"
"20211225","제주특별자치도","제주시","2.5","5.5","1.3","6.8","7.5","10.1","5.1","0.0","0.0","1.4","0.0","1.9","2.4","0.52","6.14","0.0","68.4","53.5","64.5","9.0","6.6","6.7","0.0","0.0","0.0","18.4","15.4","4.1"
"20211225","제주특별자치도","북제주군","2.2","5.2","0.8","6.9","7.7","10.3","5.3","0.1","0.0","1.1","0.2","7.5","3.5","1.99","8.96","0.0","70.9","60.6","66.7","9.5","6.3","0.0","0.0","0.0","0.0","27.7","21.7","9.5"
"20211225","제주특별자치도","서귀포시","3.9","7.5","1.1","7.7","8.7","12.4","5.5","0.0","0.0","1.5","8.2","8.9","5.7","0.0","0.0","0.0","63.5","57.0","62.6","5.6","1.8","5.0","0.0","0.0","0.0","9.3","6.8","2.4"
"20211224","제주특별자치도","제주시","9.3","14.1","5.5","10.5","7.8","10.5","5.3","0.0","0.0","1.1","0.0","4.5","2.5","2.81","7.69","0.0","66.3","58.0","64.3","6.9","6.5","6.7","0.0","0.0","0.0","14.2","12.4","4.2"
"20211224","제주특별자치도","북제주군","9.9","12.9","4.8","10.1","8.0","10.7","5.5","0.0","0.0","0.8","2.1","7.2","3.7","5.91","9.02","0.0","66.9","66.3","66.4","6.8","5.6","0.0","0.0","0.0","0.0","24.5","20.7","9.4"
"20211224","제주특별자치도","서귀포시","11.3","15.4","6.9","12.1","8.9","12.6","5.6","0.0","0.0","0.8","0.7","7.4","5.7","0.0","0.0","0.0","65.3","61.6","62.6","6.1","4.9","4.9","0.0","0.0","0.0","6.7","13.2","2.5"
"20211223","제주특별자치도","제주시","9.9","16.2","5.9","10.1","8.1","10.9","5.6","0.0","0.0","1.3","8.3","4.2","2.5","10.88","8.97","0.0","56.4","53.4","64.7","0.0","7.1","6.7","0.0","0.0","0.0","5.9","4.7","4.2"
"20211223","제주특별자치도","북제주군","11.3","15.9","8.6","11.0","8.3","11.0","5.7","0.0","0.0","0.8","9.5","5.4","3.6","11.35","8.39","0.0","55.1","67.1","66.4","0.1","7.9","0.0","0.0","0.0","0.0","8.0","8.5","9.3"
"20211223","제주특별자치도","서귀포시","11.0","15.7","6.9","10.9","9.1","12.8","5.8","0.0","0.0","0.9","9.1","5.6","5.4","0.0","0.0","0.0","49.8","68.1","62.7","0.0","7.0","5.0","0.0","0.0","0.0","4.1","3.5","2.5"
"20211222","제주특별자치도","제주시","10.0","16.7","5.8","8.9","8.3","11.0","5.8","0.0","0.0","1.4","8.6","4.3","2.5","11.58","7.85","0.0","58.4","52.8","64.8","0.0","4.6","6.7","0.0","0.0","0.0","5.5","7.2","4.0"
"20211222","제주특별자치도","북제주군","10.9","13.3","9.0","9.7","8.4","11.1","5.9","0.0","0.0","0.9","9.6","7.4","3.6","11.88","8.97","0.0","57.6","60.4","66.6","0.4","4.1","0.0","0.0","0.0","0.0","9.4","11.5","8.9"
"20211222","제주특별자치도","서귀포시","11.6","17.3","7.4","8.5","9.2","13.1","5.9","0.0","0.0","1.1","9.1","6.9","5.2","0.0","0.0","0.0","44.9","56.0","63.1","0.0","3.3","5.1","0.0","0.0","0.0","5.8","6.6","2.5"
"20211221","제주특별자치도","제주시","12.4","17.4","8.4","7.9","8.3","11.0","5.7","0.0","0.0","1.5","3.0","0.5","2.4","7.24","3.54","0.0","65.1","54.4","64.5","3.5","7.9","6.7","0.0","0.0","0.0","9.3","10.6","4.0"
"20211221","제주특별자치도","북제주군","13.4","17.5","9.9","8.1","8.5","11.0","5.9","0.0","0.0","1.1","5.9","3.4","3.5","6.74","6.11","0.0","62.8","57.9","66.5","4.8","8.5","0.0","0.0","0.0","0.0","14.7","15.6","8.9"
"20211221","제주특별자치도","서귀포시","12.6","17.1","10.3","6.4","9.2","12.9","5.9","0.0","0.0","1.2","4.0","5.4","5.1","0.0","0.0","0.0","58.5","60.6","63.5","4.5","4.1","5.2","0.0","0.0","0.0","6.6","9.3","2.5"
"20211220","제주특별자치도","제주시","11.3","15.0","5.6","6.8","8.1","10.8","5.5","0.0","0.0","1.4","8.1","0.5","2.3","10.36","4.33","0.0","54.4","54.9","63.9","5.3","8.1","6.7","0.0","0.0","0.0","13.7","11.3","4.0"
"20211220","제주특별자치도","북제주군","12.1","14.0","6.4","6.7","8.3","10.7","5.8","0.0","1.3","1.1","8.1","1.9","3.3","8.47","4.01","0.0","55.1","65.0","66.6","5.3","8.8","0.0","0.0","0.0","0.0","15.4","16.4","9.0"
"20211220","제주특별자치도","서귀포시","10.3","14.1","5.6","5.4","9.0","12.7","5.7","0.0","0.0","1.2","5.9","5.6","4.9","0.0","0.0","0.0","59.6","62.6","63.5","6.9","4.5","5.3","0.0","0.0","0.0","7.9","7.8","2.4"
"20211219","제주특별자치도","제주시","8.0","10.5","5.4","4.4","8.0","10.6","5.5","0.1","0.0","1.6","2.6","5.8","2.2","6.24","9.82","0.0","56.8","54.5","64.4","5.6","5.4","6.8","0.0","0.0","0.0","15.1","14.8","4.1"
"20211219","제주특별자치도","북제주군","8.2","10.7","5.4","4.6","8.1","10.5","5.7","0.2","0.0","1.2","6.3","6.1","3.1","6.59","8.85","0.0","57.5","62.8","67.1","5.6","7.4","0.0","0.0","0.0","0.0","21.5","20.4","9.4"
"20211219","제주특별자치도","서귀포시","7.4","10.9","4.7","5.4","9.0","12.6","5.7","0.0","0.0","1.5","8.8","7.7","4.8","0.0","0.0","0.0","60.9","56.0","63.7","4.1","3.6","5.5","0.0","0.0","0.0","10.9","4.5","2.4"
"20211218","제주특별자치도","제주시","4.0","7.8","2.0","7.7","7.9","10.5","5.3","0.7","0.0","1.5","0.1","1.4","2.2","2.24","5.38","0.0","72.5","57.3","64.2","9.3","8.6","6.8","0.0","0.0","0.0","15.7","13.8","4.1"
"20211218","제주특별자치도","북제주군","4.5","7.6","1.6","7.9","8.0","10.5","5.6","0.6","0.0","1.1","0.1","1.7","3.0","1.8","5.06","0.0","70.3","62.6","67.1","9.4","9.1","0.0","0.0","0.0","0.0","24.4","17.5","9.5"
"20211218","제주특별자치도","서귀포시","4.7","7.5","2.0","6.5","8.9","12.5","5.6","0.0","0.0","1.2","3.1","3.3","4.8","0.0","0.0","0.0","61.3","64.9","63.8","7.8","7.8","5.7","0.0","0.0","0.0","6.4","7.5","2.3"
"20211217","제주특별자치도","제주시","5.9","11.8","2.6","5.7","7.9","10.5","5.2","0.7","0.0","1.3","0.7","0.5","2.3","2.63","4.06","0.0","73.1","65.1","63.7","9.1","8.8","6.8","0.0","0.0","0.0","25.2","11.1","4.2"
"20211217","제주특별자치도","북제주군","5.9","12.1","2.4","5.9","8.0","10.5","5.5","0.1","0.1","0.9","1.9","2.4","3.0","3.9","4.62","0.0","69.9","65.9","66.9","9.1","8.8","0.0","0.0","0.0","0.0","34.9","13.9","9.7"
"20211217","제주특별자치도","서귀포시","5.5","12.3","1.4","4.9","8.8","12.4","5.6","1.4","0.0","1.2","6.5","6.1","4.8","0.0","0.0","0.0","65.9","67.5","63.3","7.4","3.5","5.6","0.4","0.0","0.0","11.1","5.9","2.3"
"20211216","제주특별자치도","제주시","10.9","12.1","9.6","3.9","7.9","10.5","5.3","21.5","1.5","1.2","0.0","0.0","2.3","1.0","2.35","0.0","82.5","69.3","63.6","9.9","8.9","6.8","0.0","0.1","0.0","10.0","15.7","4.2"
"20211216","제주특별자치도","북제주군","11.0","12.7","8.8","4.5","8.0","10.6","5.6","13.7","0.9","0.9","0.1","2.9","3.1","2.65","4.78","0.0","86.4","73.6","66.4","9.4","9.0","0.0","0.0","0.0","0.0","17.4","21.5","9.8"
"20211216","제주특별자치도","서귀포시","11.9","12.9","10.8","3.9","8.9","12.5","5.7","11.7","0.0","1.4","0.0","6.7","4.9","0.0","0.0","0.0","93.0","65.6","62.5","10.0","5.8","5.5","0.0","0.0","0.0","3.4","9.5","2.3"
"20211215","제주특별자치도","제주시","11.3","16.2","7.4","3.0","8.1","10.8","5.4","0.1","0.0","1.6","1.2","0.2","2.5","3.7","3.78","0.0","74.9","63.8","63.9","6.5","8.9","6.8","0.0","0.0","0.0","6.5","14.1","4.2"
"20211215","제주특별자치도","북제주군","13.5","18.0","10.0","2.7","8.2","10.9","5.7","0.5","2.1","1.2","5.6","0.3","3.1","7.16","2.25","0.0","77.0","80.9","66.3","7.3","9.5","0.0","0.0","0.0","0.0","11.7","22.4","9.8"
"20211215","제주특별자치도","서귀포시","12.4","17.1","8.3","2.8","9.1","12.7","5.9","0.3","0.0","1.9","4.2","8.2","4.9","0.0","0.0","0.0","73.9","66.1","62.9","5.0","3.4","5.6","0.0","0.0","0.0","6.6","8.7","2.3"
"20211214","제주특별자치도","제주시","8.5","12.7","5.8","3.2","8.2","10.9","5.5","0.0","0.1","1.6","6.0","0.0","2.6","9.68","3.13","0.0","60.8","66.9","63.4","4.1","9.8","6.7","0.0","0.0","0.0","8.5","18.4","4.0"
"20211214","제주특별자치도","북제주군","8.8","13.7","5.4","3.5","8.4","11.0","5.8","0.0","0.1","1.4","7.9","1.3","3.1","9.03","3.77","0.0","62.4","76.3","65.8","4.4","9.8","0.0","0.0","0.0","0.0","12.3","24.1","9.3"
"20211214","제주특별자치도","서귀포시","8.3","12.0","4.6","3.3","9.2","12.8","6.1","0.0","0.0","1.9","6.4","3.6","4.8","0.0","0.0","0.0","66.0","67.6","62.8","3.6","8.4","5.7","0.0","0.0","0.0","8.3","7.8","2.3"
"20211213","제주특별자치도","제주시","6.6","7.4","6.0","8.7","8.3","11.0","5.6","0.0","0.0","1.8","0.0","2.4","2.6","1.91","6.76","0.0","62.8","57.6","63.4","9.0","7.6","6.7","0.0","0.0","0.0","14.4","18.1","4.0"
"20211213","제주특별자치도","북제주군","6.5","7.2","5.9","9.5","8.5","11.0","6.0","0.0","0.0","1.4","0.0","4.6","3.2","1.67","7.59","0.0","64.8","64.5","65.6","9.3","7.8","0.0","0.0","0.0","0.0","22.5","22.5","9.4"
"20211213","제주특별자치도","서귀포시","7.6","11.3","5.3","9.7","9.4","12.9","6.3","0.0","0.0","1.8","5.8","5.2","5.0","0.0","0.0","0.0","66.3","55.6","62.4","6.8","6.3","5.5","0.0","0.0","0.0","5.4","7.5","2.3"
"20211212","제주특별자치도","제주시","10.6","13.6","6.4","9.7","8.6","11.2","5.9","0.0","0.0","2.3","1.1","4.9","2.5","3.8","8.18","0.0","66.0","55.0","63.8","8.6","5.5","6.7","0.0","0.0","0.0","16.5","10.3","4.0"
"20211212","제주특별자치도","북제주군","10.4","13.1","6.2","9.9","8.7","11.3","6.3","0.0","0.0","1.9","3.6","8.6","3.1","5.26","9.42","0.0","67.6","61.6","66.1","8.5","5.3","0.0","0.0","0.0","0.0","22.9","14.3","9.2"
"20211212","제주특별자치도","서귀포시","11.4","15.6","7.5","10.9","9.7","13.2","6.6","0.0","0.0","2.2","3.6","9.1","4.9","0.0","0.0","0.0","67.4","66.1","63.1","6.0","3.3","5.6","0.0","0.0","0.0","7.9","6.9","2.3"
"20211211","제주특별자치도","제주시","12.3","13.3","11.2","11.1","8.7","11.4","5.9","0.0","0.0","2.4","0.2","0.0","2.6","2.24","1.91","0.0","70.4","67.8","64.1","9.4","9.3","6.7","0.0","0.0","0.0","6.6","3.6","3.9"
"20211211","제주특별자치도","북제주군","12.0","13.5","11.3","10.9","8.9","11.4","6.3","0.0","0.0","1.8","6.4","0.0","3.1","9.6","1.75","0.0","72.3","76.3","66.4","8.1","8.9","0.0","0.0","0.0","0.0","11.9","8.1","8.9"
"20211211","제주특별자치도","서귀포시","13.3","16.6","11.4","11.6","9.8","13.3","6.7","0.0","0.4","2.1","7.3","0.0","4.8","0.0","0.0","0.0","73.4","82.0","63.7","5.1","9.8","5.7","0.0","0.0","0.0","6.0","3.7","2.3"
"20211210","제주특별자치도","제주시","13.6","16.3","11.6","10.3","8.8","11.5","5.9","0.0","0.0","2.3","1.9","0.3","2.5","5.1","4.76","0.0","75.3","55.0","63.7","6.4","8.8","6.7","0.0","0.0","0.0","7.7","5.8","4.0"
"20211210","제주특별자치도","북제주군","13.3","16.0","11.6","10.3","9.0","11.4","6.4","1.3","0.0","1.6","8.3","0.4","3.0","10.1","5.25","0.0","78.6","62.3","66.1","3.4","8.8","0.0","0.0","0.0","0.0","12.7","10.4","8.9"
"20211210","제주특별자치도","서귀포시","14.3","18.6","11.6","12.2","9.9","13.3","6.7","0.0","0.0","1.9","8.7","3.3","4.9","0.0","0.0","0.0","66.6","66.9","63.3","1.3","8.0","5.7","0.0","0.0","0.0","7.0","3.7","2.3"
"20211209","제주특별자치도","제주시","12.6","15.4","9.9","7.7","8.9","11.7","6.1","0.5","0.0","2.2","1.0","8.5","2.5","2.61","11.61","0.0","80.1","62.4","64.2","7.8","2.6","6.7","0.0","0.0","0.0","8.8","6.5","4.0"
"20211209","제주특별자치도","북제주군","13.1","15.8","9.8","7.8","9.2","11.7","6.6","0.0","0.0","1.4","3.5","8.7","3.2","6.87","10.58","0.0","75.1","71.9","66.4","6.6","3.6","0.0","0.0","0.0","0.0","7.6","10.6","8.9"
"20211209","제주특별자치도","서귀포시","14.1","17.1","12.3","9.5","10.0","13.6","6.7","0.0","0.0","1.7","5.1","8.9","5.0","0.0","0.0","0.0","70.9","73.5","63.3","6.5","1.6","5.6","0.0","0.0","0.0","7.2","4.8","2.3"
"20211208","제주특별자치도","제주시","11.3","16.0","8.0","8.2","8.9","11.7","6.1","0.0","0.0","2.3","7.0","3.1","2.7","10.12","7.47","0.0","68.8","63.0","64.6","2.0","5.9","6.6","0.0","0.0","0.0","8.7","11.2","3.9"
"20211208","제주특별자치도","북제주군","11.8","16.3","8.2","8.4","9.2","11.7","6.5","0.0","0.0","1.5","9.6","5.8","3.3","11.87","7.49","0.0","62.4","72.6","66.5","0.1","7.0","0.0","0.0","0.0","0.0","8.8","13.0","8.7"
"20211208","제주특별자치도","서귀포시","12.4","16.0","9.9","9.5","10.0","13.7","6.7","0.0","0.0","2.6","9.2","9.0","4.9","0.0","0.0","0.0","62.8","64.9","63.7","1.1","2.1","5.7","0.0","0.0","0.0","9.0","6.5","2.3"
"20211207","제주특별자치도","제주시","11.5","15.3","7.8","10.1","8.9","11.7","6.0","0.0","0.0","2.0","8.2","2.6","2.8","10.8","7.76","0.0","65.0","60.4","64.2","0.8","7.8","6.6","0.0","0.0","0.0","10.5","9.4","4.1"
"20211207","제주특별자치도","북제주군","11.6","12.9","9.5","10.4","9.1","11.7","6.4","0.0","0.0","1.1","9.4","1.3","3.4","10.32","4.98","0.0","62.1","67.9","66.2","0.4","8.0","0.0","0.0","0.0","0.0","13.0","14.1","9.2"
"20211207","제주특별자치도","서귀포시","12.3","17.4","8.0","11.2","10.0","13.7","6.7","0.0","0.0","2.3","9.3","3.6","5.0","0.0","0.0","0.0","51.4","67.3","63.4","0.0","5.3","5.7","0.0","0.0","0.0","7.6","6.8","2.4"
"20211206","제주특별자치도","제주시","10.5","16.8","7.2","8.3","9.1","11.9","6.2","0.0","0.0","2.5","4.3","8.0","2.8","8.03","11.44","0.0","75.8","59.5","64.4","3.4","0.6","6.6","0.0","0.0","0.0","5.1","5.6","4.1"
"20211206","제주특별자치도","북제주군","11.6","15.4","8.5","8.7","9.2","11.9","6.6","0.0","0.0","1.6","9.7","9.7","3.6","11.35","12.13","0.0","73.8","66.0","66.5","2.5","0.5","0.0","0.0","0.0","0.0","9.0","11.3","9.5"
"20211206","제주특별자치도","서귀포시","12.0","16.3","7.9","10.2","10.1","13.9","6.8","0.0","0.0","3.0","9.3","7.7","5.0","0.0","0.0","0.0","74.9","72.6","63.5","1.8","2.1","5.6","0.0","0.0","0.0","5.8","5.8","2.4"
"20211205","제주특별자치도","제주시","9.7","14.3","7.1","8.8","9.3","12.1","6.6","0.0","0.0","2.5","8.4","5.1","2.9","11.93","9.51","0.0","62.0","56.6","64.9","2.4","5.6","6.5","0.0","0.0","0.0","7.8","7.0","4.1"
"20211205","제주특별자치도","북제주군","9.3","10.9","7.4","8.2","9.4","12.1","6.8","0.0","0.0","1.8","9.6","8.0","3.8","11.54","9.93","0.0","61.8","66.1","67.1","3.4","6.3","0.0","0.0","0.0","0.0","13.5","10.0","9.5"
"20211205","제주특별자치도","서귀포시","9.8","12.2","7.8","9.7","10.4","14.2","7.2","0.0","0.0","3.2","0.5","7.6","5.0","0.0","0.0","0.0","73.5","68.5","63.7","5.3","6.6","5.5","0.0","0.0","0.0","3.7","6.4","2.4"
"20211204","제주특별자치도","제주시","11.3","14.4","8.7","7.8","9.6","12.5","6.8","0.0","0.0","2.4","7.4","3.6","3.1","11.37","8.1","0.0","60.6","57.5","64.9","4.9","6.5","6.3","0.0","0.0","0.0","12.0","11.2","4.1"
"20211204","제주특별자치도","북제주군","10.7","13.8","8.3","7.7","9.7","12.4","7.1","0.1","0.0","1.9","4.0","3.2","4.0","6.92","5.71","0.0","66.6","66.9","67.1","5.9","8.4","0.0","0.0","0.0","0.0","18.1","18.2","9.4"
"20211204","제주특별자치도","서귀포시","10.3","14.1","6.8","8.7","10.8","14.6","7.5","0.0","0.0","3.2","7.9","5.7","5.1","0.0","0.0","0.0","58.0","65.3","63.8","4.8","6.1","5.4","0.0","0.0","0.0","9.6","9.1","2.5"
"20211203","제주특별자치도","제주시","11.2","14.5","8.6","8.2","9.9","12.9","7.1","0.0","0.0","2.2","3.2","2.5","3.4","6.78","5.8","0.0","56.0","58.5","64.1","7.6","5.6","6.1","0.0","0.0","0.0","14.5","11.9","4.0"
"20211203","제주특별자치도","북제주군","11.3","15.0","8.6","8.2","10.1","12.8","7.5","0.0","0.0","1.8","7.0","3.8","4.3","8.25","3.85","0.0","61.3","68.3","66.7","6.5","6.4","0.0","0.0","0.0","0.0","20.4","17.4","9.2"
"20211203","제주특별자치도","서귀포시","10.5","14.2","7.2","9.8","11.1","15.1","7.9","0.0","0.0","2.3","8.6","8.3","5.3","0.0","0.0","0.0","55.4","57.6","63.2","4.8","2.0","5.1","0.0","0.0","0.0","8.0","7.1","2.5"
"20211202","제주특별자치도","제주시","9.1","12.4","7.0","9.3","10.3","13.3","7.5","1.1","0.0","2.2","0.5","3.8","3.5","4.29","6.95","0.0","65.0","55.5","64.5","8.4","3.9","5.9","0.0","0.0","0.0","11.4","8.4","3.7"
"20211202","제주특별자치도","북제주군","9.2","11.3","6.1","9.3","10.5","13.1","8.0","0.4","0.0","1.8","1.5","6.8","4.5","4.55","9.12","0.0","68.3","62.9","66.9","8.6","2.9","0.0","0.0","0.0","0.0","19.4","13.0","8.6"
"20211202","제주특별자치도","서귀포시","8.6","11.6","5.8","10.9","11.6","15.5","8.3","0.0","0.0","2.3","2.9","3.8","5.4","0.0","0.0","0.0","61.5","71.8","63.3","6.6","3.8","4.8","0.0","0.0","0.0","5.9","4.2","2.4"
"20211201","제주특별자치도","제주시","8.0","9.4","7.0","7.8","10.6","13.6","7.8","1.0","0.0","1.8","0.2","8.9","3.7","2.5","12.61","0.0","63.8","52.1","64.5","9.4","2.5","5.8","0.0","0.0","0.0","19.6","10.3","3.5"
"20211201","제주특별자치도","북제주군","8.1","9.9","6.5","7.5","10.8","13.4","8.3","0.3","0.0","1.5","3.2","9.4","4.6","6.31","11.11","0.0","69.8","63.0","66.8","8.6","3.4","0.0","0.0","0.0","0.0","33.5","12.0","8.4"
"20211201","제주특별자치도","서귀포시","7.6","10.3","5.6","8.5","12.0","15.9","8.6","0.0","0.0","1.6","6.4","6.6","5.5","0.0","0.0","0.0","61.1","66.8","63.4","7.4","2.4","4.8","0.0","0.0","0.0","8.5","4.7","2.3"
"20211130","제주특별자치도","제주시","12.5","16.1","7.0","8.7","10.8","13.8","7.9","10.4","0.2","1.8","0.1","0.9","3.8","0.36","4.71","0.0","80.5","60.6","64.8","9.5","8.0","5.7","0.0","0.0","0.0","21.6","11.4","3.4"
"20211130","제주특별자치도","북제주군","12.6","17.8","7.9","8.0","11.1","13.7","8.5","17.6","0.1","1.4","1.2","0.0","4.7","2.18","1.35","0.0","86.0","74.5","66.9","8.1","8.0","0.0","0.0","0.0","0.0","33.0","12.3","8.2"
"20211130","제주특별자치도","서귀포시","12.6","18.7","6.4","9.1","12.2","16.2","8.9","36.7","0.0","1.9","1.4","7.2","5.5","0.0","0.0","0.0","82.4","66.5","64.0","9.1","5.1","4.8","0.0","0.0","0.0","14.4","6.9","2.3"
"20211129","제주특별자치도","제주시","13.9","19.9","9.0","9.2","10.9","13.8","8.0","0.0","0.0","2.2","7.4","0.3","3.8","10.55","3.18","0.0","70.1","63.4","64.6","2.5","8.6","5.8","0.0","0.0","0.0","10.5","11.1","3.4"
"20211129","제주특별자치도","북제주군","14.2","19.4","9.9","9.7","11.1","13.7","8.6","0.0","0.0","1.6","9.1","3.1","4.6","11.13","5.76","0.0","75.5","69.5","66.9","4.1","8.9","0.0","0.0","0.0","0.0","7.3","18.1","8.4"
"20211129","제주특별자치도","서귀포시","14.9","18.0","11.9","9.3","12.3","16.3","9.0","0.7","0.0","2.0","8.1","6.2","5.5","0.0","0.0","0.0","71.6","67.3","64.0","3.9","5.8","4.8","0.0","0.0","0.0","4.2","8.0","2.3"
"20211128","제주특별자치도","제주시","13.1","18.7","8.6","8.6","11.1","14.1","8.3","0.0","0.0","2.6","8.9","0.0","3.4","12.49","2.88","0.0","65.8","57.3","65.5","1.8","9.4","6.0","0.0","0.0","0.0","10.4","14.4","3.5"
"20211128","제주특별자치도","북제주군","12.6","17.5","6.8","8.6","11.4","14.0","8.7","0.0","0.0","1.7","7.8","0.5","4.3","9.49","3.16","0.0","65.9","66.0","67.5","2.5","9.4","0.0","0.0","0.0","0.0","6.4","22.0","8.4"
"20211128","제주특별자치도","서귀포시","13.7","17.0","10.5","8.5","12.5","16.3","9.1","0.0","0.0","2.3","8.8","6.4","5.2","0.0","0.0","0.0","64.5","62.4","64.8","4.6","7.1","5.1","0.0","0.0","0.0","5.7","9.5","2.3"
"20211127","제주특별자치도","제주시","10.6","14.4","8.3","11.0","11.3","14.2","8.4","0.0","0.0","3.1","8.4","0.0","3.4","12.52","3.15","0.0","60.6","62.1","65.6","1.9","9.8","6.1","0.0","0.0","0.0","10.9","15.1","3.5"
"20211127","제주특별자치도","북제주군","10.7","12.2","7.9","10.9","11.5","14.3","8.8","0.0","0.0","2.4","9.9","0.3","4.5","13.51","3.75","0.0","60.9","70.4","67.6","1.1","9.6","0.0","0.0","0.0","0.0","11.7","23.6","8.4"
"20211127","제주특별자치도","서귀포시","11.3","15.8","8.3","12.4","12.6","16.4","9.2","0.0","0.0","3.0","9.4","1.2","5.2","0.0","0.0","0.0","61.4","71.9","64.5","0.3","7.1","5.1","0.0","0.0","0.0","5.9","8.1","2.4"
"20211126","제주특별자치도","제주시","11.5","15.8","8.9","11.8","11.5","14.5","8.6","0.0","3.8","3.3","7.9","1.1","3.5","11.65","7.16","0.0","63.8","64.0","65.4","0.8","9.6","6.1","0.0","0.0","0.0","7.4","7.4","3.6"
"20211126","제주특별자치도","북제주군","11.8","13.3","10.4","11.0","11.7","14.7","8.9","0.0","3.3","2.7","9.6","0.4","4.6","12.88","5.31","0.0","66.8","75.0","67.5","0.0","9.8","0.0","0.0","0.0","0.0","11.5","11.0","8.2"
"20211126","제주특별자치도","서귀포시","12.7","18.7","9.0","13.5","12.7","16.6","9.3","0.0","2.4","3.4","9.4","0.2","5.4","0.0","0.0","0.0","55.1","83.3","64.5","0.0","9.9","5.0","0.0","0.0","0.0","7.7","4.7","2.4"
"20211125","제주특별자치도","제주시","13.6","17.9","10.3","12.1","11.7","14.7","8.7","0.0","0.0","3.3","7.0","8.7","3.6","10.51","12.59","0.0","60.9","54.8","65.3","1.8","4.3","5.9","0.0","0.0","0.0","11.1","6.6","3.6"
"20211125","제주특별자치도","북제주군","14.4","17.9","12.2","11.6","11.9","14.9","9.0","0.0","0.0","2.5","8.4","9.7","4.6","10.8","12.32","0.0","62.1","67.6","67.2","1.1","5.3","0.0","0.0","0.0","0.0","15.4","14.7","7.9"
"20211125","제주특별자치도","서귀포시","13.0","17.4","10.4","14.3","12.9","16.6","9.4","0.0","0.0","3.0","8.9","9.3","5.4","0.0","0.0","0.0","60.1","64.4","64.3","0.5","4.3","4.9","0.0","0.0","0.0","8.4","8.2","2.4"
"20211124","제주특별자치도","제주시","11.9","14.7","10.3","10.5","11.8","15.0","8.8","0.0","0.0","2.7","4.5","8.6","3.8","8.6","13.0","0.0","56.6","48.6","65.4","5.9","4.5","5.9","0.0","0.0","0.0","12.4","8.6","3.5"
"20211124","제주특별자치도","북제주군","12.0","14.8","9.6","10.0","12.1","15.3","9.1","0.0","0.0","2.2","6.7","8.9","4.8","8.21","12.56","0.0","62.4","58.3","67.2","5.6","5.5","0.0","0.0","0.0","0.0","17.3","11.8","7.4"
"20211124","제주특별자치도","서귀포시","11.0","14.0","8.9","13.0","13.0","16.8","9.5","0.0","0.0","2.7","6.8","7.9","5.6","0.0","0.0","0.0","59.1","72.8","64.3","5.0","7.5","4.8","0.0","0.0","0.0","8.2","5.5","2.4"
"20211123","제주특별자치도","제주시","10.2","11.2","8.0","10.0","11.8","15.0","8.7","0.0","0.0","2.2","0.1","0.0","4.1","2.83","3.23","0.0","53.9","61.3","64.6","8.9","9.3","5.7","0.0","0.0","0.0","14.6","12.8","3.4"
"20211123","제주특별자치도","북제주군","9.5","10.5","7.3","9.7","12.1","15.2","9.2","0.1","0.0","2.1","0.5","0.4","5.0","3.04","3.63","0.0","64.6","69.4","66.4","9.1","9.3","0.0","0.0","0.0","0.0","21.4","22.0","7.2"
"20211123","제주특별자치도","서귀포시","9.1","11.0","7.1","11.9","13.0","16.9","9.5","0.0","0.0","2.6","1.6","4.9","5.8","0.0","0.0","0.0","56.8","71.6","63.7","8.0","6.0","4.6","0.0","0.0","0.0","8.3","7.3","2.3"
"20211122","제주특별자치도","제주시","10.8","16.3","7.5","13.2","11.8","15.0","8.6","2.0","4.2","1.5","0.6","0.0","4.1","3.63","0.88","0.0","65.4","80.4","64.1","9.0","9.9","5.6","0.0","0.0","0.0","18.4","13.4","3.4"
"20211122","제주특별자치도","북제주군","10.7","15.9","8.4","13.2","12.1","15.1","9.2","1.8","5.0","1.3","3.1","0.1","4.9","5.89","2.73","0.0","67.0","84.8","66.0","9.0","9.4","0.0","0.0","0.0","0.0","27.5","21.5","7.3"
"20211122","제주특별자치도","서귀포시","11.6","16.1","7.3","15.4","13.0","16.9","9.6","0.0","0.4","1.8","3.2","0.2","5.8","0.0","0.0","0.0","57.0","82.6","63.8","7.8","8.8","4.5","0.0","0.0","0.0","14.8","5.6","2.2"
"20211121","제주특별자치도","제주시","15.8","18.7","12.2","13.7","11.8","14.9","8.8","0.0","0.0","1.5","0.2","3.6","4.0","4.77","8.79","0.0","84.6","75.0","64.4","8.5","6.8","5.8","0.0","0.0","0.0","7.0","10.8","3.4"
"20211121","제주특별자치도","북제주군","16.6","20.1","13.6","13.1","12.0","14.9","9.3","0.0","0.0","1.3","1.7","2.9","4.8","5.99","7.61","0.0","85.4","79.5","66.2","9.1","7.3","0.0","0.0","0.0","0.0","12.8","11.0","7.4"
"20211121","제주특별자치도","서귀포시","17.0","19.5","14.9","14.9","13.0","16.9","9.6","0.0","0.0","1.8","0.8","3.7","5.6","0.0","0.0","0.0","77.8","78.0","64.1","8.4","6.3","4.7","0.0","0.0","0.0","5.9","7.5","2.2"
"20211120","제주특별자치도","제주시","13.9","19.0","10.2","12.9","11.9","15.0","9.1","0.0","0.0","2.3","8.3","0.2","3.6","12.0","3.48","0.0","74.0","68.5","64.4","2.5","9.4","6.1","0.0","0.0","0.0","6.2","11.4","3.5"
"20211120","제주특별자치도","북제주군","15.1","19.0","12.3","12.6","12.1","14.9","9.4","0.0","0.0","1.7","9.4","3.9","4.4","12.03","6.87","0.0","81.4","77.9","66.9","2.5","8.5","0.0","0.0","0.0","0.0","8.7","20.5","7.8"
"20211120","제주특별자치도","서귀포시","15.5","19.8","11.2","15.8","13.1","16.9","9.8","0.0","0.0","2.9","9.2","8.7","5.4","0.0","0.0","0.0","58.5","75.8","64.2","2.4","6.3","4.8","0.0","0.0","0.0","5.7","7.1","2.3"
"20211119","제주특별자치도","제주시","13.4","19.5","9.1","20.4","12.2","15.3","9.4","0.0","12.2","2.6","8.9","1.0","3.4","13.26","4.46","0.0","62.0","78.0","64.1","0.0","9.0","6.1","0.0","0.0","0.0","5.8","17.2","3.7"
"20211119","제주특별자치도","북제주군","14.4","16.8","12.9","18.7","12.3","15.1","9.7","0.0","1.9","2.0","9.8","0.1","4.3","13.49","1.7","0.0","74.4","95.8","66.9","0.1","7.1","0.0","0.0","0.0","0.0","10.3","16.9","8.1"
"20211119","제주특별자치도","서귀포시","14.6","19.8","9.9","20.3","13.3","17.1","10.0","0.0","2.3","3.3","9.5","0.3","5.3","0.0","0.0","0.0","49.3","93.8","64.0","0.0","7.8","4.9","0.0","0.0","0.0","3.9","11.2","2.4"
"20211118","제주특별자치도","제주시","13.6","18.6","9.7","22.4","12.4","15.4","9.7","0.0","0.0","2.6","8.6","0.6","3.5","12.57","5.55","0.0","61.1","68.3","64.1","1.3","7.1","6.1","0.0","0.0","0.0","4.5","12.3","3.6"
"20211118","제주특별자치도","북제주군","14.4","18.9","11.7","21.4","12.6","15.3","10.0","0.0","0.0","2.1","9.6","4.4","4.3","12.94","8.47","0.0","61.5","94.0","67.4","2.0","8.4","0.0","0.0","0.0","0.0","7.7","15.0","8.1"
"20211118","제주특별자치도","서귀포시","14.6","18.5","11.9","21.7","13.6","17.3","10.4","0.0","0.0","3.3","9.4","0.6","5.2","0.0","0.0","0.0","64.8","93.9","64.8","2.5","9.3","5.0","0.0","0.0","0.0","3.9","8.2","2.4"
"20211117","제주특별자치도","제주시","13.0","18.3","8.7","21.0","12.7","15.6","10.0","0.0","0.0","2.3","7.7","7.1","3.7","12.24","11.79","0.0","62.9","70.6","63.8","4.3","2.4","5.9","0.0","0.0","0.0","5.5","6.6","3.6"
"20211117","제주특별자치도","북제주군","13.2","15.2","11.4","20.6","12.8","15.6","10.2","0.0","0.0","1.9","8.7","9.7","4.5","11.77","12.28","0.0","67.3","89.5","67.1","3.6","3.8","0.0","0.0","0.0","0.0","11.0","11.6","8.0"
"20211117","제주특별자치도","서귀포시","14.7","19.2","10.8","20.8","13.9","17.6","10.7","0.0","0.0","3.2","8.9","5.3","5.3","0.0","0.0","0.0","54.9","91.3","64.5","4.1","6.1","5.0","0.0","0.0","0.0","5.6","3.8","2.4"
"20211116","제주특별자치도","제주시","13.3","18.6","10.7","16.8","13.0","15.9","10.3","0.0","1.4","2.1","3.0","1.2","3.8","7.63","6.6","0.0","65.4","83.3","63.7","5.8","8.9","5.8","0.0","0.0","0.0","4.7","6.7","3.5"
"20211116","제주특별자치도","북제주군","13.8","15.7","11.9","17.1","13.1","15.9","10.6","0.0","2.2","1.5","2.0","3.8","4.6","6.98","8.22","0.0","66.5","88.5","66.9","5.6","6.6","0.0","0.0","0.0","0.0","9.3","9.8","8.0"
"20211116","제주특별자치도","서귀포시","13.9","17.8","11.4","18.1","14.2","18.0","11.0","0.0","0.9","2.6","2.8","1.4","5.4","0.0","0.0","0.0","67.4","93.3","64.3","5.5","8.3","4.9","0.0","0.0","0.0","4.8","4.6","2.4"
"20211115","제주특별자치도","제주시","14.2","19.4","11.2","16.6","13.3","16.3","10.5","0.0","0.0","1.9","8.9","4.4","4.1","12.9","10.57","0.0","63.9","72.0","63.9","1.6","5.6","5.6","0.0","0.0","0.0","5.2","7.4","3.3"
"20211115","제주특별자치도","북제주군","14.8","17.9","12.5","17.5","13.5","16.4","10.9","0.0","0.0","1.4","9.8","5.9","4.9","12.85","10.04","0.0","64.3","77.5","66.8","0.0","3.5","0.0","0.0","0.0","0.0","9.5","5.6","7.4"
"20211115","제주특별자치도","서귀포시","14.0","18.0","9.9","17.2","14.7","18.4","11.4","0.0","0.0","2.4","9.3","5.3","5.4","0.0","0.0","0.0","65.1","80.1","64.2","0.8","5.4","4.9","0.0","0.0","0.0","3.9","5.6","2.3"
"20211114","제주특별자치도","제주시","15.5","19.6","12.8","15.8","13.5","16.5","10.7","0.0","0.0","1.6","8.6","6.3","4.3","12.56","10.51","0.0","56.5","69.0","63.6","1.5","2.5","5.4","0.0","0.0","0.0","8.3","10.3","3.2"
"20211114","제주특별자치도","북제주군","16.1","20.0","13.7","16.6","13.7","16.6","11.1","0.0","0.0","1.1","9.0","9.0","5.2","12.45","12.31","0.0","57.9","61.1","66.7","0.5","1.1","0.0","0.0","0.0","0.0","15.0","9.8","7.3"
"20211114","제주특별자치도","서귀포시","15.2","19.2","12.2","17.3","14.9","18.6","11.6","0.0","0.0","2.0","9.2","8.0","5.7","0.0","0.0","0.0","55.9","63.6","64.1","0.6","2.0","4.5","0.0","0.0","0.0","8.0","8.5","2.4"
"20211113","제주특별자치도","제주시","14.1","17.1","12.0","14.4","13.9","16.8","11.1","0.0","0.0","2.0","6.1","9.3","4.2","11.08","14.12","0.0","58.0","60.3","64.3","6.1","0.0","5.5","0.0","0.0","0.0","9.6","5.2","3.4"
"20211113","제주특별자치도","북제주군","14.4","17.5","12.0","15.1","14.1","16.9","11.5","0.0","0.0","1.2","8.9","10.2","5.3","11.6","13.75","0.0","60.5","71.1","67.3","5.3","0.3","0.0","0.0","0.0","0.0","15.7","12.6","7.6"
"20211113","제주특별자치도","서귀포시","13.3","16.8","10.0","15.6","15.2","18.9","11.9","0.0","0.0","2.4","7.7","9.6","5.9","0.0","0.0","0.0","62.0","58.1","63.9","5.4","0.0","4.5","0.0","0.0","0.0","6.6","3.9","2.5"
"20211112","제주특별자치도","제주시","12.6","15.4","9.5","14.4","14.3","17.2","11.5","5.4","0.0","3.2","3.5","8.4","4.1","9.33","13.16","0.0","63.8","69.5","65.5","7.3","1.6","5.6","0.0","0.0","0.0","15.3","8.7","3.4"
"20211112","제주특별자치도","북제주군","12.7","15.2","9.9","15.1","14.5","17.3","11.9","0.1","0.0","2.4","6.1","9.9","5.1","8.97","13.74","0.0","61.8","70.1","68.5","6.4","0.9","0.0","0.0","0.0","0.0","25.2","8.6","7.5"
"20211112","제주특별자치도","서귀포시","11.6","14.9","8.6","15.1","15.4","19.1","12.2","0.7","0.0","3.6","6.6","9.5","5.6","0.0","0.0","0.0","62.1","71.1","65.2","6.1","0.9","4.6","0.0","0.0","0.0","9.2","6.2","2.6"
"20211111","제주특별자치도","제주시","13.2","17.2","10.8","12.4","14.5","17.4","11.6","4.4","0.0","3.5","3.4","9.3","4.1","8.25","14.17","0.0","72.9","60.5","65.4","7.9","0.0","5.6","0.0","0.0","0.0","22.5","6.8","3.5"
"20211111","제주특별자치도","북제주군","13.0","16.9","10.0","12.7","14.7","17.5","12.0","1.3","0.0","2.4","6.5","10.1","5.2","9.27","13.7","0.0","69.9","65.3","68.8","7.5","0.1","0.0","0.0","0.0","0.0","25.7","10.0","7.5"
"20211111","제주특별자치도","서귀포시","12.6","16.6","9.8","13.2","15.6","19.3","12.4","0.7","0.0","3.7","7.4","9.6","5.6","0.0","0.0","0.0","67.1","66.8","65.1","6.1","0.3","4.8","0.0","0.0","0.0","9.1","5.7","2.7"
"20211110","제주특별자치도","제주시","11.7","13.7","9.1","13.0","14.6","17.5","11.9","4.0","0.0","3.1","0.1","7.7","4.0","1.62","12.58","0.0","69.8","55.9","65.7","9.1","1.9","5.7","0.0","0.0","0.0","18.8","8.0","3.6"
"20211110","제주특별자치도","북제주군","11.6","13.9","8.2","13.4","14.8","17.6","12.1","5.5","0.0","2.7","1.4","9.2","5.1","3.89","12.11","0.0","75.6","61.4","69.5","8.4","2.5","0.0","0.0","0.0","0.0","28.2","10.2","7.8"
"20211110","제주특별자치도","서귀포시","10.9","13.5","7.7","13.8","15.8","19.5","12.5","3.1","0.0","3.6","3.6","9.3","5.6","0.0","0.0","0.0","72.3","58.5","65.7","7.3","0.6","4.9","0.0","0.0","0.0","9.9","6.5","2.7"
"20211109","제주특별자치도","제주시","12.3","14.6","9.1","12.0","15.0","18.0","12.2","3.1","0.0","3.4","1.3","8.9","4.1","4.69","14.78","0.0","61.0","48.3","66.9","8.8","1.5","5.8","0.0","0.0","0.0","17.3","11.3","3.5"
"20211109","제주특별자치도","북제주군","11.6","14.4","9.3","12.0","15.2","18.1","12.6","1.0","0.0","3.3","2.5","10.3","5.1","5.39","14.38","0.0","65.1","56.9","70.7","8.5","1.5","0.0","0.0","0.0","0.0","28.9","18.5","7.5"
"20211109","제주특별자치도","서귀포시","10.9","14.3","8.3","13.0","16.2","19.9","13.0","2.5","0.0","4.2","5.3","9.6","5.5","0.0","0.0","0.0","64.9","52.3","66.5","8.1","0.6","5.0","0.0","0.0","0.0","9.5","9.8","2.7"
"20211108","제주특별자치도","제주시","13.6","19.4","11.6","14.6","15.4","18.5","12.5","34.5","0.0","3.0","0.0","9.0","4.4","0.97","14.39","0.0","74.3","55.5","67.0","9.5","2.0","5.5","0.0","0.0","0.0","16.1","12.5","3.4"
"20211108","제주특별자치도","북제주군","13.0","21.0","10.6","14.7","15.6","18.6","12.9","21.4","0.0","3.0","0.3","9.7","5.3","2.45","13.4","0.0","81.0","65.5","71.0","9.5","1.8","0.0","0.0","0.0","0.0","27.5","20.0","7.1"
"20211108","제주특별자치도","서귀포시","14.1","21.0","10.2","15.7","16.6","20.4","13.4","10.6","0.0","3.7","2.7","9.6","5.6","0.0","0.0","0.0","73.9","48.6","66.6","7.9","0.1","4.9","0.0","0.0","0.0","10.5","8.9","2.7"
"20211107","제주특별자치도","제주시","19.1","23.2","16.3","17.6","15.6","18.8","12.5","0.0","0.0","2.5","4.2","2.8","4.5","10.09","7.83","0.0","68.9","77.9","67.2","6.9","5.8","5.4","0.0","0.0","0.0","12.2","6.5","3.1"
"20211107","제주특별자치도","북제주군","19.0","22.7","15.6","17.7","15.8","18.9","13.1","0.0","0.0","2.3","8.4","3.3","5.3","12.39","7.12","0.0","69.5","86.8","71.3","3.9","5.4","0.0","0.0","0.0","0.0","12.0","10.0","6.6"
"20211107","제주특별자치도","서귀포시","19.1","22.2","16.9","19.0","16.9","20.7","13.6","0.0","0.0","3.6","8.6","2.8","5.6","0.0","0.0","0.0","68.9","79.1","66.9","6.5","4.4","4.9","0.0","0.0","0.0","8.0","3.8","2.5"
"20211106","제주특별자치도","제주시","19.2","22.7","17.5","17.8","15.7","19.0","12.5","0.0","0.0","2.1","3.9","0.5","5.0","9.43","5.12","0.0","65.6","71.1","66.9","7.1","7.5","5.1","0.0","0.0","0.0","13.3","4.2","2.9"
"20211106","제주특별자치도","북제주군","18.8","22.3","16.9","18.6","15.9","19.0","13.2","0.0","0.0","2.9","2.6","2.3","5.6","5.97","6.01","0.0","66.8","83.6","70.9","6.6","7.4","0.0","0.0","0.0","0.0","10.2","6.3","6.2"
"20211106","제주특별자치도","서귀포시","18.7","20.4","17.6","18.2","16.9","20.7","13.6","0.0","0.3","3.9","0.8","0.3","5.7","0.0","0.0","0.0","68.4","86.8","66.7","8.3","6.5","4.7","0.0","0.0","0.0","10.0","3.0","2.4"
"20211105","제주특별자치도","제주시","17.5","20.9","13.0","14.0","15.8","19.1","12.5","0.0","0.0","1.7","2.9","6.7","5.2","6.34","13.31","0.0","64.3","58.9","65.9","6.9","6.3","4.8","0.0","0.0","0.0","7.6","8.2","2.8"
"20211105","제주특별자치도","북제주군","17.2","20.6","13.9","14.8","16.0","19.0","13.3","0.0","0.0","2.3","3.4","7.0","5.9","6.91","12.45","0.0","63.9","68.8","69.9","7.5","5.8","0.0","0.0","0.0","0.0","7.5","8.5","6.0"
"20211105","제주특별자치도","서귀포시","17.9","21.1","13.8","15.0","16.9","20.8","13.5","0.0","0.0","3.4","3.2","7.7","6.0","0.0","0.0","0.0","58.3","66.1","65.7","7.3","6.3","4.4","0.0","0.0","0.0","4.9","5.6","2.4"
"20211104","제주특별자치도","제주시","16.5","21.5","13.0","12.0","15.5","18.8","12.3","0.0","0.0","1.4","7.8","9.5","5.2","13.32","15.45","0.0","66.3","54.1","64.8","4.0","3.5","4.8","0.0","0.0","0.0","5.8","11.6","2.9"
"20211104","제주특별자치도","북제주군","16.5","19.9","13.4","11.8","15.8","18.8","13.1","0.0","0.0","1.8","7.9","10.2","6.0","12.2","15.3","0.0","73.9","62.1","68.7","2.4","3.6","0.0","0.0","0.0","0.0","8.3","16.7","6.3"
"20211104","제주특별자치도","서귀포시","17.1","21.9","13.1","12.4","16.6","20.5","13.2","0.0","0.0","2.8","9.6","9.7","6.1","0.0","0.0","0.0","64.3","64.8","65.0","2.4","2.5","4.5","0.0","0.0","0.0","5.4","6.0","2.3"
"20211103","제주특별자치도","제주시","16.1","19.5","14.1","13.1","15.3","18.6","12.1","0.0","0.0","1.6","8.2","4.1","5.2","14.08","11.31","0.0","65.6","55.0","64.3","4.3","5.3","4.9","0.0","0.0","0.0","8.2","15.8","3.0"
"20211103","제주특별자치도","북제주군","15.6","17.4","14.4","13.5","15.5","18.4","12.8","0.0","0.0","1.9","9.1","9.0","6.0","14.61","12.5","0.0","68.0","62.5","67.9","2.1","5.1","0.0","0.0","0.0","0.0","13.3","19.9","6.6"
"20211103","제주특별자치도","서귀포시","15.9","20.4","11.9","13.6","16.4","20.3","12.9","0.0","0.0","2.8","9.6","9.6","6.2","0.0","0.0","0.0","64.8","56.6","64.2","1.9","1.8","4.5","0.0","0.0","0.0","5.9","9.1","2.2"
"20211102","제주특별자치도","제주시","16.4","19.8","14.9","15.7","15.2","18.5","12.1","0.0","5.4","1.7","5.7","2.6","5.2","12.24","6.07","0.0","59.9","70.9","63.6","7.1","5.6","4.9","0.0","0.0","0.0","9.0","6.3","3.2"
"20211102","제주특별자치도","북제주군","15.6","17.5","14.9","15.6","15.3","18.3","12.7","0.0","5.9","2.0","9.0","3.4","6.1","12.53","5.81","0.0","61.8","73.5","67.3","5.0","6.4","0.0","0.0","0.0","0.0","15.4","12.6","6.9"
"20211102","제주특별자치도","서귀포시","15.8","19.7","12.9","16.0","16.3","20.2","12.8","0.0","3.8","2.4","9.0","2.2","6.4","0.0","0.0","0.0","65.3","87.4","63.3","4.4","6.8","4.4","0.0","0.0","0.0","5.4","3.8","2.3"
"20211101","제주특별자치도","제주시","17.6","21.5","14.4","18.1","15.3","18.5","12.4","0.0","1.0","1.6","5.0","7.5","5.1","10.65","14.1","0.0","72.3","66.3","63.3","6.0","7.0","5.1","0.0","0.0","0.0","8.4","8.5","3.3"
"20211101","제주특별자치도","북제주군","17.3","19.3","15.5","17.6","15.4","18.2","12.9","0.0","1.0","1.3","8.4","8.5","6.2","13.1","13.64","0.0","75.6","75.5","67.1","3.8","7.6","0.0","0.0","0.0","0.0","11.5","9.5","7.2"
"20211101","제주특별자치도","서귀포시","18.0","22.3","14.7","17.9","16.4","20.4","13.0","0.0","1.6","1.8","8.3","9.0","6.6","0.0","0.0","0.0","61.6","71.3","62.7","4.1","7.5","4.4","0.0","0.0","0.0","5.4","4.4","2.3"
"20211031","제주특별자치도","제주시","17.3","22.1","13.6","16.5","15.5","18.6","12.7","0.0","0.0","1.7","10.2","9.4","5.1","15.51","15.39","0.0","68.1","58.4","63.3","1.1","1.9","5.2","0.0","0.0","0.0","5.8","10.7","3.3"
"20211031","제주특별자치도","북제주군","17.6","19.8","15.4","16.3","15.5","18.4","13.1","0.0","0.0","1.1","10.4","10.1","6.1","15.45","14.74","0.0","70.0","65.9","67.3","1.5","2.1","0.0","0.0","0.0","0.0","9.5","9.5","7.3"
"20211031","제주특별자치도","서귀포시","17.6","22.4","13.1","16.5","16.7","20.6","13.3","0.0","0.0","1.5","9.7","9.2","6.5","0.0","0.0","0.0","61.4","66.1","63.0","1.5","2.0","4.4","0.0","0.0","0.0","5.4","6.7","2.3"
"20211030","제주특별자치도","제주시","17.3","21.5","14.8","16.1","15.9","18.9","13.0","0.2","0.0","2.0","1.1","9.5","5.1","5.77","15.19","0.0","73.8","52.8","64.0","6.1","2.8","5.3","0.0","0.0","0.0","7.4","6.6","3.3"
"20211030","제주특별자치도","북제주군","17.0","20.8","14.0","15.5","15.8","18.6","13.4","1.7","0.0","1.3","2.5","9.7","6.0","5.97","14.76","0.0","67.8","61.5","68.1","6.1","1.9","0.0","0.0","0.0","0.0","8.3","12.2","7.3"
"20211030","제주특별자치도","서귀포시","17.7","21.3","14.9","16.6","17.1","20.9","13.7","0.0","0.0","1.9","3.0","9.5","6.5","0.0","0.0","0.0","70.5","62.4","63.4","6.9","2.3","4.5","0.0","0.0","0.0","6.4","7.0","2.4"
"20211029","제주특별자치도","제주시","18.4","21.8","15.9","15.8","16.1","19.2","13.3","0.0","0.0","2.2","8.2","9.0","5.2","13.86","15.04","0.0","69.5","51.6","64.2","4.1","3.4","5.2","0.0","0.0","0.0","14.2","7.0","3.2"
"20211029","제주특별자치도","북제주군","18.2","23.9","13.5","15.2","16.1","18.9","13.6","0.0","0.0","1.4","9.5","10.0","6.3","13.92","15.81","0.0","64.5","60.4","68.0","1.8","4.5","0.0","0.0","0.0","0.0","8.8","13.3","7.1"
"20211029","제주특별자치도","서귀포시","18.3","21.5","16.8","17.4","17.3","21.1","14.0","0.0","0.0","2.2","9.5","9.3","6.7","0.0","0.0","0.0","69.0","66.6","63.7","3.3","3.6","4.3","0.0","0.0","0.0","9.7","6.5","2.5"
"20211028","제주특별자치도","제주시","16.7","20.9","13.3","17.4","16.3","19.3","13.5","0.0","0.0","1.5","9.9","0.1","5.2","16.36","6.14","0.0","63.0","67.3","64.1","3.0","8.5","5.2","0.0","0.0","0.0","6.0","6.1","3.2"
"20211028","제주특별자치도","북제주군","16.1","18.6","13.7","17.3","16.2","19.0","13.8","0.0","0.0","1.0","9.9","0.8","6.4","16.18","6.91","0.0","61.9","75.0","67.8","3.5","8.1","0.0","0.0","0.0","0.0","13.8","13.5","7.3"
"20211028","제주특별자치도","서귀포시","17.7","21.5","13.5","18.5","17.5","21.4","14.2","0.0","0.0","1.8","9.7","0.7","6.8","0.0","0.0","0.0","62.8","67.0","63.8","3.8","7.8","4.3","0.0","0.0","0.0","5.8","4.3","2.4"
"20211027","제주특별자치도","제주시","17.6","22.1","13.8","16.5","16.6","19.7","13.7","0.0","0.0","1.8","7.7","9.2","5.3","12.86","15.34","0.0","67.0","65.9","64.8","3.6","4.9","5.1","0.0","0.0","0.0","8.1","5.4","3.2"
"20211027","제주특별자치도","북제주군","17.5","20.2","15.9","16.7","16.5","19.4","14.0","0.0","0.0","1.4","9.7","9.0","6.4","13.74","13.81","0.0","65.8","73.9","68.4","1.6","5.4","0.0","0.0","0.0","0.0","13.7","7.5","7.2"
"20211027","제주특별자치도","서귀포시","17.6","22.5","13.3","17.2","17.8","21.7","14.4","0.0","0.0","2.8","9.8","9.2","6.8","0.0","0.0","0.0","55.1","77.9","64.6","1.4","5.5","4.2","0.0","0.0","0.0","6.5","5.1","2.4"
"20211026","제주특별자치도","제주시","16.3","21.1","12.2","15.6","16.8","19.9","13.9","0.0","0.0","2.2","9.5","9.3","5.4","16.16","15.52","0.0","62.9","63.6","65.9","3.9","2.0","5.0","0.0","0.0","0.0","6.4","5.3","3.2"
"20211026","제주특별자치도","북제주군","16.3","18.3","14.4","15.7","16.8","19.8","14.2","0.0","0.0","1.8","9.9","8.9","6.6","15.88","14.51","0.0","65.6","72.9","68.9","2.4","2.5","0.0","0.0","0.0","0.0","9.7","9.7","7.0"
"20211026","제주특별자치도","서귀포시","17.1","21.0","13.8","16.9","18.0","21.9","14.7","0.0","0.0","3.2","9.8","8.5","7.0","0.0","0.0","0.0","68.0","78.6","65.1","3.0","2.5","4.1","0.0","0.0","0.0","4.8","5.9","2.5"
"20211025","제주특별자치도","제주시","16.8","20.8","13.5","16.3","17.0","20.1","14.2","0.0","0.0","2.1","8.6","1.8","5.4","15.28","8.85","0.0","69.0","61.1","66.1","2.6","5.6","4.9","0.0","0.0","0.0","7.3","6.4","3.2"
"20211025","제주특별자치도","북제주군","16.5","18.1","14.5","16.8","17.0","20.0","14.4","0.0","0.0","1.7","10.3","7.1","6.7","16.34","12.98","0.0","69.6","66.9","68.8","2.1","5.9","0.0","0.0","0.0","0.0","10.6","13.5","6.9"
"20211025","제주특별자치도","서귀포시","17.7","21.6","14.6","16.0","18.1","22.0","14.9","0.0","0.0","3.0","10.0","7.3","7.1","0.0","0.0","0.0","66.1","72.1","64.9","1.8","2.0","4.0","0.0","0.0","0.0","5.8","4.6","2.6"
"20211024","제주특별자치도","제주시","17.4","20.5","13.6","15.4","17.3","20.3","14.7","0.0","0.0","2.1","1.1","5.3","5.1","8.0","12.83","0.0","69.8","55.4","66.6","8.9","4.5","5.2","0.0","0.0","0.0","8.1","13.8","3.3"
"20211024","제주특별자치도","북제주군","17.5","20.3","14.7","15.0","17.3","20.3","14.7","0.0","0.0","1.8","2.7","9.7","6.2","8.78","14.54","0.0","67.4","64.4","69.6","8.9","4.0","0.0","0.0","0.0","0.0","8.6","22.1","6.9"
"20211024","제주특별자치도","서귀포시","18.1","20.8","16.0","15.5","18.5","22.3","15.3","0.0","0.0","3.4","1.3","10.1","6.7","0.0","0.0","0.0","61.6","60.9","65.2","8.6","0.8","4.3","0.0","0.0","0.0","5.9","7.6","2.6"
"20211023","제주특별자치도","제주시","16.2","20.0","12.1","15.2","17.7","20.8","14.9","0.0","0.0","2.9","10.3","3.4","5.3","16.43","11.11","0.0","60.4","51.5","67.3","2.5","6.9","5.2","0.0","0.0","0.0","11.5","18.5","3.2"
"20211023","제주특별자치도","북제주군","15.5","18.3","11.6","14.8","17.7","20.8","15.0","0.0","0.0","2.3","10.2","6.3","6.4","15.89","10.27","0.0","56.9","60.4","70.3","1.9","7.3","0.0","0.0","0.0","0.0","11.3","23.5","6.5"
"20211023","제주특별자치도","서귀포시","16.5","20.5","11.9","15.5","18.7","22.6","15.6","0.0","0.0","4.0","9.5","10.2","6.7","0.0","0.0","0.0","52.3","52.6","65.1","2.1","2.3","4.3","0.0","0.0","0.0","9.1","11.7","2.7"
"20211022","제주특별자치도","제주시","16.5","19.6","14.8","17.5","17.9","21.0","15.2","0.0","2.2","2.6","6.0","0.2","5.2","12.7","6.24","0.0","57.5","69.8","67.3","3.3","9.1","5.2","0.0","0.0","0.0","14.5","13.7","3.2"
"20211022","제주특별자치도","북제주군","16.0","18.2","14.7","17.3","17.9","21.0","15.2","0.0","0.2","2.0","9.0","1.4","6.3","14.02","6.42","0.0","57.9","74.1","70.5","3.5","7.5","0.0","0.0","0.0","0.0","19.9","18.0","6.4"
"20211022","제주특별자치도","서귀포시","15.7","19.6","13.0","18.1","18.9","22.7","15.8","0.0","6.4","3.1","9.7","0.4","6.6","0.0","0.0","0.0","50.6","82.1","64.6","2.8","9.3","4.5","0.0","0.0","0.0","10.3","5.0","2.8"
"20211021","제주특별자치도","제주시","15.6","18.9","13.6","18.3","18.1","21.2","15.3","0.0","46.4","2.2","4.9","0.0","5.2","12.0","3.69","0.0","61.6","77.0","67.0","6.9","9.6","5.3","0.0","0.0","0.0","9.4","11.6","3.1"
"20211021","제주특별자치도","북제주군","15.1","16.8","12.9","17.9","18.0","21.1","15.3","0.0","30.9","1.8","8.0","0.0","6.3","14.71","2.2","0.0","62.3","85.6","70.3","7.1","9.8","0.0","0.0","0.0","0.0","17.0","13.4","6.3"
"20211021","제주특별자치도","서귀포시","16.0","19.7","13.2","18.9","19.0","22.9","15.9","0.0","25.0","2.6","7.9","0.0","6.5","0.0","0.0","0.0","62.8","86.3","63.8","5.9","9.6","4.6","0.0","0.0","0.0","7.4","5.3","2.9"
"20211020","제주특별자치도","제주시","14.4","16.3","13.7","18.7","18.2","21.4","15.4","0.0","0.0","2.2","0.2","7.1","5.4","5.6","14.27","0.0","60.4","66.0","66.5","8.6","3.1","5.1","0.0","0.0","0.0","11.9","11.8","3.1"
"20211020","제주특별자치도","북제주군","14.3","15.7","13.2","18.4","18.2","21.2","15.4","0.0","0.0","1.8","0.8","9.5","6.6","5.64","14.85","0.0","60.3","66.9","69.8","9.6","1.8","0.0","0.0","0.0","0.0","16.4","9.6","6.2"
"20211020","제주특별자치도","서귀포시","14.6","16.6","12.7","18.9","19.1","23.1","15.9","0.0","0.0","3.0","0.9","0.0","6.7","0.0","0.0","0.0","61.9","67.8","63.2","8.9","2.1","4.4","0.0","0.0","0.0","6.7","10.6","2.8"
"20211019","제주특별자치도","제주시","16.2","20.8","12.3","17.7","18.2","21.4","15.2","0.5","0.0","1.7","4.9","7.3","5.9","11.4","12.33","0.0","62.5","59.8","65.6","7.3","3.5","4.7","0.0","0.0","0.0","15.0","7.7","3.0"
"20211019","제주특별자치도","북제주군","16.6","19.7","14.3","17.5","18.2","21.2","15.4","0.3","0.0","1.2","5.1","9.8","7.0","8.82","16.58","0.0","63.0","66.9","68.9","6.0","4.4","0.0","0.0","0.0","0.0","19.9","10.5","6.1"
"20211019","제주특별자치도","서귀포시","16.2","21.1","12.5","17.9","19.1","23.1","15.7","0.0","0.0","2.1","8.7","8.3","7.0","0.0","0.0","0.0","57.6","57.5","62.3","5.5","5.1","4.2","0.0","0.0","0.0","8.1","6.4","2.7"
"20211018","제주특별자치도","제주시","14.0","18.4","9.0","17.7","18.2","21.3","15.2","0.0","0.0","0.9","8.4","5.5","6.0","16.57","12.47","0.0","59.9","62.5","64.5","3.4","6.0","4.7","0.0","0.0","0.0","5.8","6.5","3.0"
"20211018","제주특별자치도","북제주군","14.1","17.9","10.3","17.3","18.1","21.1","15.4","0.0","0.0","0.7","8.7","8.9","7.0","15.51","16.28","0.0","57.3","66.3","67.8","3.6","5.6","0.0","0.0","0.0","0.0","10.4","8.5","6.3"
"20211018","제주특별자치도","서귀포시","14.8","18.4","9.9","18.0","19.1","23.1","15.7","0.0","0.0","1.4","9.5","9.2","7.0","0.0","0.0","0.0","60.4","62.1","62.0","5.0","5.5","4.0","0.0","0.0","0.0","5.4","4.7","2.7"
"20211017","제주특별자치도","제주시","13.3","16.1","11.0","17.5","18.2","21.4","15.3","0.0","0.0","1.2","9.2","10.4","6.1","18.15","17.76","0.0","55.6","54.9","64.2","2.6","3.4","4.6","0.0","0.0","0.0","15.7","6.4","3.1"
"20211017","제주특별자치도","북제주군","12.6","14.5","11.3","17.4","18.2","21.1","15.5","0.0","0.0","0.8","10.4","10.5","7.1","18.12","17.24","0.0","60.3","59.5","67.0","3.0","4.0","0.0","0.0","0.0","0.0","21.1","9.6","6.5"
"20211017","제주특별자치도","서귀포시","14.4","17.7","11.6","17.3","19.2","23.2","15.7","0.0","0.0","1.5","10.6","10.5","7.2","0.0","0.0","0.0","58.5","65.8","61.8","2.0","3.8","3.9","0.0","0.0","0.0","6.8","5.3","2.6"
"20211016","제주특별자치도","제주시","17.0","21.1","14.4","17.2","18.4","21.6","15.5","7.6","4.0","1.5","0.0","0.1","6.2","1.94","3.88","0.0","76.3","63.3","64.1","9.9","9.5","4.6","0.0","0.0","0.0","16.7","10.5","3.0"
"20211016","제주특별자치도","북제주군","16.6","20.8","14.1","16.4","18.3","21.2","15.7","4.7","2.6","1.1","0.0","0.2","7.1","3.33","4.33","0.0","79.0","67.3","67.2","9.8","9.4","0.0","0.0","0.0","0.0","22.3","10.8","6.7"
"20211016","제주특별자치도","서귀포시","17.7","22.9","14.1","16.7","19.5","23.5","16.0","26.7","7.5","1.8","0.0","0.1","7.1","0.0","0.0","0.0","91.8","66.3","61.9","9.5","9.8","3.9","0.0","0.0","0.0","4.0","8.8","2.5"
"20211015","제주특별자치도","제주시","23.5","27.1","20.7","17.9","18.6","21.7","15.7","0.0","0.0","1.7","7.0","7.3","6.1","15.73","16.1","0.0","76.4","43.6","64.5","6.6","6.4","4.7","0.0","0.0","0.0","10.0","8.8","2.9"
"20211015","제주특별자치도","북제주군","22.8","26.0","20.5","17.1","18.5","21.3","15.9","0.0","0.0","1.1","8.2","6.8","7.0","15.45","14.6","0.0","80.4","52.6","67.8","6.1","7.8","0.0","0.0","0.0","0.0","11.6","11.5","6.6"
"20211015","제주특별자치도","서귀포시","23.1","26.0","20.8","18.8","19.7","23.7","16.3","0.0","0.0","1.3","6.6","6.5","7.0","0.0","0.0","0.0","82.5","48.4","62.7","7.5","6.3","4.0","0.0","0.0","0.0","3.8","5.5","2.5"
"20211014","제주특별자치도","제주시","24.0","28.0","22.3","19.1","18.8","21.9","16.0","0.0","0.0","2.0","6.7","10.4","6.0","14.01","18.01","0.0","86.3","48.8","65.1","5.6","2.0","4.7","0.0","0.0","0.0","9.0","11.4","2.9"
"20211014","제주특별자치도","북제주군","24.2","28.3","22.0","18.3","18.7","21.5","16.2","0.0","0.0","1.3","8.2","10.7","6.9","14.1","17.59","0.0","89.0","55.5","68.4","4.9","3.9","0.0","0.0","0.0","0.0","6.4","12.8","6.7"
"20211014","제주특별자치도","서귀포시","23.4","26.0","21.8","18.9","20.0","23.9","16.6","0.0","0.0","1.6","2.2","10.5","6.9","0.0","0.0","0.0","85.3","45.3","63.4","7.6","1.9","4.0","0.0","0.0","0.0","5.9","9.8","2.5"
"20211013","제주특별자치도","제주시","22.5","23.8","21.6","18.4","19.1","22.2","16.3","2.1","0.0","3.3","0.0","8.8","5.9","2.81","17.2","0.0","93.9","54.9","65.8","9.8","4.1","4.7","0.0","0.0","0.0","9.9","7.9","2.9"
"20211013","제주특별자치도","북제주군","23.6","26.8","21.4","17.8","19.0","21.8","16.5","0.0","0.0","1.5","2.0","10.3","6.9","8.59","17.19","0.0","93.0","59.1","69.0","6.1","5.6","0.0","0.0","0.0","0.0","6.1","14.8","6.6"
"20211013","제주특별자치도","서귀포시","22.8","24.3","21.6","19.2","20.3","24.2","17.1","0.2","0.0","2.3","0.7","10.0","7.0","0.0","0.0","0.0","91.8","65.4","63.9","8.5","3.9","4.0","0.0","0.0","0.0","9.2","7.2","2.5"
"20211012","제주특별자치도","제주시","22.2","22.9","21.3","20.4","19.5","22.5","16.6","16.4","0.0","2.8","0.0","7.9","5.9","1.7","16.79","0.0","96.9","67.1","66.7","10.0","4.1","4.8","0.0","0.0","0.0","11.8","8.5","2.9"
"20211012","제주특별자치도","북제주군","23.6","27.8","20.2","19.9","19.4","22.3","16.9","0.0","0.0","1.3","5.5","10.1","7.0","11.27","16.35","0.0","91.3","72.3","70.3","6.9","4.3","0.0","0.0","0.0","0.0","10.1","14.5","6.2"
"20211012","제주특별자치도","서귀포시","23.1","25.7","21.2","19.8","20.6","24.5","17.5","1.8","0.0","2.1","2.9","10.6","7.0","0.0","0.0","0.0","92.4","74.4","64.9","8.0","1.8","4.1","0.0","0.0","0.0","10.4","4.8","2.6"
"20211011","제주특별자치도","제주시","22.0","24.1","20.9","20.4","19.6","22.6","16.7","0.1","0.0","2.7","0.2","4.6","6.1","5.4","14.39","0.0","88.9","66.4","66.9","9.1","6.1","4.7","0.0","0.0","0.0","9.3","9.2","2.9"
"20211011","제주특별자치도","북제주군","21.2","24.9","19.7","20.6","19.5","22.5","16.9","0.0","0.0","1.1","8.5","1.1","7.3","16.19","2.84","0.0","94.4","70.8","70.4","7.3","7.5","0.0","0.0","0.0","0.0","12.3","4.9","5.8"
"20211011","제주특별자치도","서귀포시","25.1","27.5","23.8","19.6","20.7","24.6","17.5","0.2","0.0","2.0","7.0","3.2","7.3","0.0","0.0","0.0","84.6","76.6","65.3","7.3","6.4","4.0","0.0","0.0","0.0","5.1","6.6","2.7"
"20211010","제주특별자치도","제주시","26.1","31.8","22.2","20.3","19.7","22.8","16.8","0.0","0.0","3.4","5.5","2.7","6.0","12.52","9.96","0.0","78.8","64.6","67.1","5.4","7.1","4.7","0.0","0.0","0.0","6.3","9.1","3.0"
"20211010","제주특별자치도","북제주군","25.5","28.7","22.4","20.1","19.6","22.5","16.9","10.7","0.0","1.3","7.7","9.9","7.1","14.73","17.2","0.0","88.9","71.0","70.4","5.5","5.6","0.0","0.0","0.0","0.0","10.3","11.1","5.9"
"20211010","제주특별자치도","서귀포시","25.4","27.7","23.8","20.3","20.8","24.6","17.7","0.9","0.0","2.6","4.2","3.5","7.1","0.0","0.0","0.0","90.1","71.3","65.4","8.4","7.9","4.0","0.0","0.0","0.0","4.7","7.4","2.8"
"20211009","제주특별자치도","제주시","24.3","25.5","23.4","20.1","19.9","23.0","17.0","5.2","0.0","3.6","0.0","0.1","5.7","4.44","5.45","0.0","92.4","59.3","67.5","6.1","7.9","5.0","0.0","0.0","0.0","9.0","14.5","3.0"
"20211009","제주특별자치도","북제주군","24.4","28.7","22.1","19.7","19.8","22.8","17.1","2.4","0.0","1.3","1.0","10.1","6.8","7.98","17.76","0.0","88.8","66.6","70.6","5.9","6.3","0.0","0.0","0.0","0.0","7.4","15.4","5.7"
"20211009","제주특별자치도","서귀포시","24.5","27.3","21.7","19.5","20.9","24.6","18.0","3.6","0.0","2.6","2.9","4.9","6.6","0.0","0.0","0.0","88.1","66.3","66.0","6.8","6.0","4.5","0.0","0.0","0.0","5.2","11.2","2.8"
"20211008","제주특별자치도","제주시","24.5","27.8","21.8","20.3","19.9","23.0","17.1","0.0","0.0","2.7","7.4","4.0","5.8","15.08","12.15","0.0","82.6","59.4","67.7","4.5","5.6","5.1","0.0","0.0","0.0","11.5","16.3","2.9"
"20211008","제주특별자치도","북제주군","23.8","28.4","21.3","19.8","19.8","22.9","17.1","0.0","0.0","1.2","7.2","10.9","6.8","10.2","18.84","0.0","82.6","67.4","70.5","5.4","1.9","0.0","0.0","0.0","0.0","7.1","19.1","5.6"
"20211008","제주특별자치도","서귀포시","25.1","27.9","22.6","19.5","21.0","24.7","17.9","0.0","0.0","2.2","10.3","10.4","6.5","0.0","0.0","0.0","74.3","67.3","66.0","3.6","3.1","4.7","0.0","0.0","0.0","5.3","17.0","2.8"
"20211007","제주특별자치도","제주시","24.6","28.4","21.2","20.5","19.9","22.9","17.1","0.0","0.0","6.1","10.3","8.3","5.5","18.61","16.77","0.0","76.3","58.4","67.4","2.0","5.6","5.3","0.0","0.0","0.0","5.9","11.3","3.0"
"20211007","제주특별자치도","북제주군","23.7","28.1","20.8","19.7","19.7","22.7","17.1","0.0","0.0","2.1","9.8","9.8","6.6","15.5","16.83","0.0","79.5","65.4","69.9","4.3","5.9","0.0","0.0","0.0","0.0","6.3","15.1","5.9"
"20211007","제주특별자치도","서귀포시","24.4","27.3","21.9","19.9","20.9","24.6","17.9","0.0","0.0","5.3","9.5","9.3","6.3","0.0","0.0","0.0","70.8","63.3","65.9","2.6","6.3","4.9","0.0","0.0","0.0","3.9","11.4","2.8"
"20211006","제주특별자치도","제주시","25.1","27.7","22.5","18.6","20.0","23.0","17.4","0.0","0.0","6.0","8.3","9.6","5.1","16.74","19.6","0.0","80.1","53.5","67.8","2.8","2.8","5.6","0.0","0.0","0.0","10.7","8.9","3.0"
"20211006","제주특별자치도","북제주군","24.9","28.8","22.5","17.7","19.9","22.9","17.4","0.0","0.0","2.1","7.0","11.3","6.3","13.03","19.59","0.0","82.5","65.8","70.2","4.5","4.3","0.0","0.0","0.0","0.0","6.3","13.8","6.1"
"20211006","제주특별자치도","서귀포시","25.0","27.5","22.8","18.9","21.1","24.7","18.1","0.0","0.0","5.3","10.8","11.1","5.9","0.0","0.0","0.0","74.6","56.5","66.4","5.3","2.3","5.2","0.0","0.0","0.0","5.1","5.1","2.8"
"20211005","제주특별자치도","제주시","25.7","31.0","21.4","18.4","20.2","23.2","17.5","0.0","0.0","5.0","8.8","7.9","5.3","18.33","18.29","0.0","75.9","53.4","67.6","2.5","5.1","5.6","0.0","0.0","0.0","7.7","13.0","3.0"
"20211005","제주특별자치도","북제주군","25.0","28.9","21.8","17.9","20.1","23.1","17.6","0.0","0.0","1.9","10.4","10.9","6.5","18.26","18.37","0.0","86.4","63.9","70.6","2.4","5.3","0.0","0.0","0.0","0.0","8.6","16.0","6.1"
"20211005","제주특별자치도","서귀포시","25.4","28.5","23.2","18.9","21.2","25.0","18.2","0.0","0.0","4.8","10.0","11.0","6.2","0.0","0.0","0.0","78.4","62.1","66.3","5.6","4.6","5.2","0.0","0.0","0.0","4.8","7.4","2.7"
"20211004","제주특별자치도","제주시","25.5","30.1","21.6","21.4","20.4","23.5","17.6","0.0","1.1","6.3","10.0","0.0","5.7","17.79","6.23","0.0","71.0","76.5","67.8","4.3","10.0","5.4","0.0","0.0","0.0","5.2","14.8","3.0"
"20211004","제주특별자치도","북제주군","25.7","28.0","23.5","21.0","20.2","23.2","17.8","0.0","1.0","3.3","10.4","0.0","6.8","16.79","4.67","0.0","83.6","85.3","71.3","3.8","9.5","0.0","0.0","0.0","0.0","13.1","16.1","6.3"
"20211004","제주특별자치도","서귀포시","25.8","28.7","23.6","21.0","21.4","25.3","18.3","0.0","0.3","6.3","9.1","0.1","6.6","0.0","0.0","0.0","75.3","84.4","66.8","5.3","10.0","4.9","0.0","0.0","0.0","5.8","3.8","2.6"
"20211003","제주특별자치도","제주시","24.7","31.1","19.2","22.5","20.7","23.8","18.0","0.0","0.0","6.9","10.6","4.2","5.6","19.99","13.98","0.0","67.9","68.9","68.9","0.0","8.4","5.5","0.0","0.0","0.0","7.3","5.7","3.1"
"20211003","제주특별자치도","북제주군","24.3","27.7","19.0","22.1","20.5","23.5","18.1","0.0","0.0","4.1","10.9","6.0","6.7","18.7","10.44","0.0","81.1","80.3","72.8","0.4","8.3","0.0","0.0","0.0","0.0","12.4","5.6","6.4"
"20211003","제주특별자치도","서귀포시","24.2","27.5","19.3","21.8","21.7","25.5","18.7","0.0","0.0","7.7","10.7","6.1","6.6","0.0","0.0","0.0","73.3","75.9","68.3","2.1","7.8","4.9","0.0","0.0","0.0","5.2","4.1","2.6"
"20211002","제주특별자치도","제주시","23.5","28.0","19.6","21.7","20.9","24.0","18.3","0.0","0.0","5.4","9.7","9.8","5.4","18.67","18.62","0.0","74.5","62.3","70.7","0.4","3.8","5.7","0.0","0.0","0.0","5.6","4.9","3.0"
"20211002","제주특별자치도","북제주군","23.2","27.2","20.3","20.9","20.8","23.8","18.4","0.0","0.0","4.7","10.5","7.5","6.3","18.44","7.89","0.0","88.3","81.1","74.5","0.0","4.9","0.0","0.0","0.0","0.0","7.2","5.4","6.3"
"20211002","제주특별자치도","서귀포시","23.0","26.4","19.7","20.6","21.9","25.7","19.0","0.0","0.0","6.3","10.8","10.1","6.3","0.0","0.0","0.0","78.1","77.8","69.7","0.1","4.3","5.1","0.0","0.0","0.0","4.3","3.9","2.6"
"20211001","제주특별자치도","제주시","22.9","27.1","19.3","21.5","21.1","24.1","18.5","0.0","0.0","7.2","9.2","6.8","5.3","18.57","15.38","0.0","82.6","74.6","71.6","2.4","5.4","5.9","0.0","0.0","0.0","5.7","6.6","3.0"
"20211001","제주특별자치도","북제주군","22.6","24.9","21.3","20.8","21.0","24.0","18.6","0.0","0.0","6.1","11.2","9.0","6.0","17.87","15.93","0.0","90.9","83.9","75.4","0.0","3.5","0.0","0.0","0.0","0.0","10.6","7.4","6.0"
"20211001","제주특별자치도","서귀포시","23.3","27.6","19.3","20.5","22.1","25.7","19.2","0.0","0.0","8.6","11.2","7.6","6.0","0.0","0.0","0.0","75.1","76.9","71.1","0.0","3.3","5.5","0.0","0.0","0.0","7.8","4.5","2.7"
"20210930","제주특별자치도","제주시","23.0","25.4","21.8","21.9","21.4","24.3","18.8","27.9","0.0","7.9","0.7","8.5","4.9","6.24","18.43","0.0","93.0","70.6","72.6","7.1","4.8","6.1","0.0","0.0","0.0","10.1","7.8","3.0"
"20210930","제주특별자치도","북제주군","22.6","24.2","21.8","21.1","21.3","24.4","18.8","6.5","0.0","6.4","7.1","10.7","5.7","16.2","17.57","0.0","95.3","79.1","75.8","4.8","3.4","0.0","0.0","0.0","0.0","11.2","11.4","5.8"
"20210930","제주특별자치도","서귀포시","24.3","27.1","22.7","20.9","22.3","25.8","19.6","3.9","0.0","9.2","6.7","11.0","5.7","0.0","0.0","0.0","84.1","68.8","72.2","5.8","1.8","5.7","0.0","0.0","0.0","9.6","5.6","2.9"
"20210929","제주특별자치도","제주시","26.2","30.2","23.2","21.2","21.5","24.3","19.1","13.0","0.0","7.0","7.3","7.7","4.7","16.17","18.7","0.0","83.8","61.6","72.9","5.3","4.8","6.2","0.0","0.0","0.0","5.9","5.6","3.1"
"20210929","제주특별자치도","북제주군","25.5","28.3","22.4","20.6","21.5","24.7","18.9","8.9","0.0","5.6","10.7","9.6","5.7","17.37","18.23","0.0","95.1","70.1","75.5","4.5","5.3","0.0","0.0","0.0","0.0","8.7","10.0","5.5"
"20210929","제주특별자치도","서귀포시","25.8","28.5","23.9","20.4","22.4","25.9","19.7","0.4","0.0","8.0","8.6","9.6","5.7","0.0","0.0","0.0","91.1","67.9","72.0","7.1","6.3","5.7","0.0","0.0","0.0","4.4","7.9","3.0"
"20210928","제주특별자치도","제주시","25.3","28.1","23.2","20.9","21.6","24.4","19.2","0.0","0.0","6.0","3.4","7.5","4.9","14.68","17.45","0.0","85.3","67.0","72.2","7.0","3.4","6.0","0.0","0.0","0.0","10.9","10.9","3.0"
"20210928","제주특별자치도","북제주군","24.8","27.8","22.0","21.0","21.6","24.8","18.9","0.0","0.0","4.6","5.0","10.5","5.8","12.65","17.7","0.0","88.3","69.3","74.4","7.5","2.5","0.0","0.0","0.0","0.0","7.6","10.1","5.2"
"20210928","제주특별자치도","서귀포시","25.0","28.0","22.6","20.2","22.5","26.0","19.9","0.0","0.0","6.5","8.4","10.6","5.7","0.0","0.0","0.0","84.5","72.0","71.3","6.5","3.9","5.7","0.0","0.0","0.0","7.4","9.1","3.1"
"20210927","제주특별자치도","제주시","24.0","27.4","22.0","21.4","21.7","24.6","19.3","0.0","5.7","4.4","5.5","7.6","5.2","15.71","17.03","0.0","81.5","72.5","71.3","6.0","4.9","5.8","0.0","0.0","0.0","9.9","11.4","3.0"
"20210927","제주특별자치도","북제주군","23.8","27.8","19.6","21.3","21.7","25.0","18.9","0.0","0.0","3.4","9.5","10.0","6.2","18.23","16.5","0.0","78.8","73.4","73.3","6.0","3.0","0.0","0.0","0.0","0.0","6.8","9.7","5.0"
"20210927","제주특별자치도","서귀포시","23.8","27.1","21.5","20.7","22.7","26.2","20.0","0.0","1.4","5.4","9.9","10.8","6.1","0.0","0.0","0.0","79.6","78.4","70.2","5.3","4.5","5.5","0.0","0.0","0.0","7.7","9.1","3.0"
"20210926","제주특별자치도","제주시","24.4","28.4","22.6","22.1","21.9","24.7","19.4","0.0","0.0","2.8","5.6","8.1","5.5","15.92","18.44","0.0","78.4","69.9","70.7","6.9","4.0","5.5","0.0","0.0","0.0","13.0","8.6","3.0"
"20210926","제주특별자치도","북제주군","23.5","30.1","20.5","22.2","21.8","25.2","19.1","0.0","0.4","2.1","6.3","7.5","6.5","15.12","12.81","0.0","81.0","78.6","72.7","5.4","4.3","0.0","0.0","0.0","0.0","7.0","6.3","5.1"
"20210926","제주특별자치도","서귀포시","23.7","26.5","22.0","21.1","22.8","26.4","20.1","0.0","0.0","3.3","7.8","5.9","6.5","0.0","0.0","0.0","78.3","78.1","69.1","6.0","4.8","5.1","0.0","0.0","0.0","9.2","7.5","3.0"
"20210925","제주특별자치도","제주시","24.2","27.2","22.0","22.5","22.0","24.8","19.5","0.3","0.6","4.3","2.8","10.2","5.6","10.81","20.85","0.0","82.0","71.9","71.0","7.0","6.1","5.5","0.0","0.0","0.0","11.8","5.8","3.0"
"20210925","제주특별자치도","북제주군","23.6","27.8","20.1","21.9","21.9","25.1","19.3","0.0","0.0","2.5","5.7","10.4","6.6","10.37","19.27","0.0","80.0","84.8","73.0","4.6","5.5","0.0","0.0","0.0","0.0","10.7","10.5","5.2"
"20210925","제주특별자치도","서귀포시","23.8","26.9","21.6","21.9","22.8","26.3","20.1","0.0","0.0","4.4","6.1","10.1","6.3","0.0","0.0","0.0","77.6","79.0","69.4","6.1","5.3","5.1","0.0","0.0","0.0","8.4","5.6","2.9"
"20210924","제주특별자치도","제주시","23.4","28.1","19.0","21.3","22.0","24.9","19.6","0.0","0.0","5.0","8.3","0.1","5.5","16.35","4.55","0.0","74.8","78.5","71.0","3.9","10.0","5.7","0.0","0.0","0.0","11.6","9.4","3.0"
"20210924","제주특별자치도","북제주군","22.4","25.2","18.7","21.2","21.9","25.0","19.4","0.0","0.0","2.3","9.0","1.4","6.5","15.92","7.84","0.0","76.5","85.1","73.0","3.1","8.1","0.0","0.0","0.0","0.0","9.0","12.9","5.3"
"20210924","제주특별자치도","서귀포시","22.9","26.6","19.0","20.7","22.9","26.3","20.1","0.0","0.0","6.1","9.6","0.1","6.1","0.0","0.0","0.0","73.1","86.1","70.0","4.0","10.0","5.3","0.0","0.0","0.0","6.1","8.7","2.9"
"20210923","제주특별자치도","제주시","24.9","29.2","20.8","20.9","22.1","24.9","19.7","0.0","1.3","6.3","9.8","0.0","5.3","19.85","3.32","0.0","70.3","78.0","71.4","4.1","9.3","5.9","0.0","0.0","0.0","6.3","10.3","2.9"
"20210923","제주특별자치도","북제주군","23.3","26.0","20.2","21.0","22.0","24.9","19.6","0.0","1.8","2.8","10.4","1.2","6.3","18.23","7.7","0.0","79.5","83.1","73.5","3.8","8.8","0.0","0.0","0.0","0.0","9.1","12.0","5.4"
"20210923","제주특별자치도","서귀포시","23.8","27.2","21.5","20.2","23.0","26.4","20.3","0.0","3.0","6.8","10.2","0.8","5.9","0.0","0.0","0.0","79.1","87.1","70.3","4.3","9.1","5.6","0.0","0.0","0.0","4.5","7.9","2.8"
"20210922","제주특별자치도","제주시","27.3","32.2","21.4","21.2","22.4","25.2","19.8","0.0","0.0","6.6","10.9","0.4","5.3","21.26","7.53","0.0","72.3","69.0","71.4","0.4","7.9","5.9","0.0","0.0","0.0","10.2","12.4","3.0"
"20210922","제주특별자치도","북제주군","24.8","26.6","23.3","20.9","22.2","25.2","19.8","0.0","0.0","2.8","10.5","4.1","6.3","18.59","12.67","0.0","97.0","75.8","74.3","1.0","8.0","0.0","0.0","0.0","0.0","8.2","12.4","5.3"
"20210922","제주특별자치도","서귀포시","24.1","26.4","21.4","20.7","23.1","26.5","20.4","0.0","0.0","7.3","9.9","4.5","5.8","0.0","0.0","0.0","89.9","75.3","71.0","0.5","6.9","5.7","0.0","0.0","0.0","8.0","9.4","2.9"
"20210921","제주특별자치도","제주시","25.2","29.1","21.8","21.5","22.5","25.4","20.0","6.8","0.0","6.5","5.4","6.4","5.4","14.96","16.81","0.0","78.4","63.1","71.1","5.8","4.4","5.8","0.0","0.0","0.0","12.3","7.2","2.9"
"20210921","제주특별자치도","북제주군","24.2","27.1","20.7","21.3","22.4","25.4","19.9","13.6","0.0","2.5","6.7","9.3","6.6","14.61","16.09","0.0","92.0","66.5","74.2","5.8","5.0","0.0","0.0","0.0","0.0","16.1","7.9","5.3"
"20210921","제주특별자치도","서귀포시","23.4","26.4","21.5","21.5","23.3","26.6","20.6","26.3","0.0","7.0","5.9","9.7","5.9","0.0","0.0","0.0","87.9","59.1","71.3","5.6","5.0","5.7","0.0","0.0","0.0","9.6","6.6","2.9"
"20210920","제주특별자치도","제주시","26.5","31.9","22.4","22.0","22.8","25.6","20.2","0.0","0.0","4.9","9.4","11.0","5.6","19.93","21.5","0.0","76.8","57.4","71.1","3.0","0.8","5.7","0.0","0.0","0.0","8.4","5.1","2.9"
"20210920","제주특별자치도","북제주군","24.8","27.4","20.3","21.8","22.6","25.6","20.1","0.0","0.0","2.1","10.3","11.4","6.8","19.42","20.26","0.0","84.4","68.8","74.4","4.0","1.5","0.0","0.0","0.0","0.0","13.2","9.2","5.3"
"20210920","제주특별자치도","서귀포시","24.9","27.2","22.3","21.2","23.6","26.9","20.9","0.0","0.0","5.8","8.9","11.0","6.1","0.0","0.0","0.0","81.0","55.9","71.3","5.9","1.4","5.5","0.0","0.0","0.0","5.4","5.7","2.9"
"20210919","제주특별자치도","제주시","24.5","27.3","21.8","21.2","23.0","25.9","20.5","0.0","0.0","6.4","9.8","4.9","5.9","20.65","15.08","0.0","78.9","57.9","71.5","2.1","5.6","5.6","0.0","0.0","0.0","11.8","5.2","2.9"
"20210919","제주특별자치도","북제주군","24.0","28.1","20.6","21.8","22.8","25.8","20.3","0.0","0.0","2.5","7.7","6.3","7.0","14.24","14.11","0.0","81.9","68.9","75.7","3.3","6.1","0.0","0.0","0.0","0.0","5.9","5.8","5.4"
"20210919","제주특별자치도","서귀포시","23.8","26.9","21.6","20.3","23.8","27.2","21.1","0.0","0.0","5.1","11.1","6.1","6.4","0.0","0.0","0.0","77.0","62.8","71.6","1.8","6.0","5.3","0.0","0.0","0.0","7.5","4.2","2.9"
"20210918","제주특별자치도","제주시","24.7","29.0","22.7","20.5","23.1","26.0","20.6","0.0","11.3","10.7","6.3","0.0","5.8","17.98","5.82","0.0","82.1","76.9","72.4","5.5","8.1","5.5","0.0","0.0","0.0","8.4","8.4","3.0"
"20210918","제주특별자치도","북제주군","23.8","27.0","21.3","20.2","22.9","25.9","20.4","0.2","7.6","4.2","6.2","0.1","7.0","13.28","5.23","0.0","89.1","81.0","77.2","5.8","7.5","0.0","0.0","0.0","0.0","12.0","11.0","5.7"
"20210918","제주특별자치도","서귀포시","24.0","26.9","22.3","19.8","23.9","27.3","21.2","0.0","8.6","7.2","7.7","0.0","6.4","0.0","0.0","0.0","83.0","90.0","72.2","6.1","8.5","5.1","0.0","0.0","0.0","5.9","4.6","3.0"
"20210917","제주특별자치도","제주시","23.3","25.6","22.2","21.2","23.2","26.0","20.8","155.0","26.6","12.6","0.0","0.0","5.6","2.84","2.73","0.0","96.0","91.4","73.6","9.1","10.0","5.7","0.0","0.0","0.0","24.2","5.7","3.0"
"20210917","제주특별자치도","북제주군","23.5","26.2","22.4","20.7","22.9","25.8","20.5","49.4","27.9","6.4","3.0","0.0","6.7","10.88","2.14","0.0","97.0","97.9","77.8","8.4","10.0","0.0","0.0","0.0","0.0","24.1","10.6","5.8"
"20210917","제주특별자치도","서귀포시","25.3","29.5","23.6","20.4","24.0","27.4","21.3","108.2","43.6","8.1","5.9","0.0","6.1","0.0","0.0","0.0","86.8","99.0","73.0","7.3","10.0","5.1","0.0","0.0","0.0","15.2","5.2","3.0"
"20210916","제주특별자치도","제주시","22.9","23.5","21.8","23.5","23.2","26.0","20.9","63.8","6.1","13.5","0.0","2.5","5.2","0.13","12.13","0.0","95.3","90.3","75.1","10.0","9.1","5.9","0.0","0.0","0.0","18.5","6.1","3.0"
"20210916","제주특별자치도","북제주군","23.0","24.9","21.9","22.5","23.0","26.0","20.6","28.9","13.5","6.7","0.0","4.1","6.3","1.45","10.44","0.0","96.9","98.4","79.0","9.1","9.0","0.0","0.0","0.0","0.0","11.9","11.3","5.7"
"20210916","제주특별자치도","서귀포시","22.9","24.8","21.5","22.1","24.1","27.4","21.5","66.2","25.7","8.9","0.0","2.6","5.8","0.0","0.0","0.0","98.0","98.0","74.1","10.0","9.4","5.3","0.0","0.0","0.0","14.2","8.5","3.0"
"20210915","제주특별자치도","제주시","23.4","24.4","22.2","23.7","23.3","26.0","21.0","11.7","0.0","14.6","0.0","4.2","5.0","1.44","11.29","0.0","86.6","80.4","75.4","10.0","8.5","6.1","0.0","0.0","0.0","19.5","8.5","3.0"
"20210915","제주특별자치도","북제주군","23.7","25.8","22.4","23.3","23.1","26.1","20.7","12.8","0.0","7.2","3.8","4.6","6.1","10.1","12.2","0.0","91.5","88.1","79.4","7.1","8.4","0.0","0.0","0.0","0.0","14.1","7.0","5.6"
"20210915","제주특별자치도","서귀포시","22.9","24.5","21.9","22.6","24.1","27.4","21.5","44.3","0.0","10.3","0.0","4.6","5.6","0.0","0.0","0.0","91.3","86.5","74.5","10.0","8.6","5.6","0.0","0.0","0.0","12.5","3.9","3.1"
"20210914","제주특별자치도","제주시","23.9","25.3","23.1","23.3","23.4","26.0","21.2","89.6","0.0","13.8","0.0","3.2","4.5","1.82","14.38","0.0","99.3","83.3","75.9","10.0","7.5","6.4","0.0","0.0","0.0","17.6","8.4","2.9"
"20210914","제주특별자치도","북제주군","24.6","26.1","23.2","22.4","23.2","26.2","20.8","59.3","1.5","7.0","0.2","2.8","5.6","4.66","4.69","0.0","98.0","93.0","79.6","10.0","8.0","0.0","0.0","0.0","0.0","16.2","5.3","5.5"
"20210914","제주특별자치도","서귀포시","24.5","25.8","23.0","22.3","24.2","27.4","21.6","219.7","3.3","10.3","0.0","5.6","5.1","0.0","0.0","0.0","99.0","89.8","75.1","10.0","7.6","6.0","0.0","0.0","0.0","11.1","5.0","3.1"
"20210913","제주특별자치도","제주시","24.5","26.2","22.9","23.0","23.6","26.2","21.3","27.8","5.2","10.0","0.0","3.5","4.4","1.81","11.67","0.0","93.1","85.4","75.2","10.0","8.6","6.6","0.0","0.0","0.0","18.9","8.8","2.8"
"20210913","제주특별자치도","북제주군","24.1","25.6","22.4","23.2","23.4","26.5","21.0","14.1","1.7","5.2","0.0","5.5","5.4","2.01","14.8","0.0","96.1","90.9","79.1","10.0","6.3","0.0","0.0","0.0","0.0","18.1","7.8","5.1"
"20210913","제주특별자치도","서귀포시","23.2","25.7","21.8","22.3","24.3","27.6","21.8","72.7","37.7","8.8","0.0","5.2","5.0","0.0","0.0","0.0","98.8","92.6","74.9","10.0","7.5","6.3","0.0","0.0","0.0","12.2","7.3","3.0"
"20210912","제주특별자치도","제주시","25.8","27.6","23.7","23.1","23.7","26.4","21.3","0.0","0.0","8.0","3.9","2.0","4.7","13.71","10.78","0.0","87.5","81.1","74.7","9.3","7.8","6.4","0.0","0.0","0.0","9.1","6.8","2.7"
"20210912","제주특별자치도","북제주군","25.5","28.3","22.7","23.1","23.5","26.6","21.1","0.0","0.0","2.9","6.8","9.8","5.8","12.03","15.72","0.0","90.4","90.1","79.0","9.3","5.6","0.0","0.0","0.0","0.0","8.5","8.1","5.1"
"20210912","제주특별자치도","서귀포시","25.8","28.5","23.8","22.5","24.5","27.8","21.9","0.0","0.0","8.0","6.2","2.3","5.3","0.0","0.0","0.0","82.0","87.5","74.6","9.3","7.6","6.3","0.0","0.0","0.0","7.1","6.5","2.8"
"20210911","제주특별자치도","제주시","25.5","28.6","22.6","23.5","23.8","26.5","21.4","0.0","0.6","7.6","7.6","0.0","4.8","17.62","4.85","0.0","84.3","75.9","74.3","5.6","9.6","6.3","0.0","0.0","0.0","10.0","8.6","2.7"
"20210911","제주특별자치도","북제주군","25.1","29.3","22.4","22.6","23.5","26.6","21.2","0.0","2.6","3.6","8.1","0.0","5.9","17.45","3.81","0.0","89.5","87.6","79.4","6.3","9.5","0.0","0.0","0.0","0.0","7.2","7.8","5.0"
"20210911","제주특별자치도","서귀포시","25.0","28.1","22.2","22.6","24.7","28.0","22.0","0.0","9.0","7.8","5.9","0.0","5.5","0.0","0.0","0.0","84.0","88.0","74.4","6.9","9.9","6.3","0.0","0.0","0.0","5.7","6.3","2.7"
"20210910","제주특별자치도","제주시","24.0","27.4","21.7","24.5","24.0","26.7","21.5","8.9","0.0","6.5","0.1","6.1","5.1","5.29","18.33","0.0","89.0","67.3","74.3","8.6","7.9","6.1","0.0","0.0","0.0","8.8","9.0","2.6"
"20210910","제주특별자치도","북제주군","23.0","25.2","20.6","24.2","23.7","26.7","21.3","15.8","0.3","2.9","0.8","7.8","6.1","4.19","18.65","0.0","97.5","85.0","79.7","8.4","8.6","0.0","0.0","0.0","0.0","9.6","14.2","4.9"
"20210910","제주특별자치도","서귀포시","23.1","24.5","22.1","23.9","24.8","28.2","22.2","11.5","0.0","6.1","0.0","7.6","5.7","0.0","0.0","0.0","95.6","78.8","74.5","9.4","7.6","6.2","0.0","0.0","0.0","3.0","5.9","2.5"
"20210909","제주특별자치도","제주시","25.4","29.4","20.9","25.8","24.1","27.0","21.6","0.0","0.0","5.4","11.6","7.2","5.6","23.18","17.9","0.0","75.3","68.3","74.2","5.8","5.6","5.8","0.0","0.0","0.0","6.3","8.1","2.7"
"20210909","제주특별자치도","북제주군","24.1","26.9","20.4","24.5","23.8","26.8","21.4","0.0","0.0","2.8","11.2","10.3","6.6","20.24","19.45","0.0","85.9","91.9","80.0","5.8","5.6","0.0","0.0","0.0","0.0","6.6","13.9","5.1"
"20210909","제주특별자치도","서귀포시","24.3","26.8","21.0","24.5","25.0","28.4","22.3","0.0","0.0","5.1","11.3","10.1","6.2","0.0","0.0","0.0","74.1","84.6","74.5","5.1","6.1","5.8","0.0","0.0","0.0","4.2","6.3","2.5"
"20210908","제주특별자치도","제주시","25.2","28.7","21.9","26.7","24.2","26.9","21.8","0.0","0.0","6.3","7.4","10.8","5.5","20.08","21.46","0.0","73.8","66.9","75.1","5.5","0.6","5.9","0.0","0.0","0.0","8.4","9.5","2.7"
"20210908","제주특별자치도","북제주군","23.7","25.7","22.1","25.0","23.8","26.7","21.5","0.0","0.0","3.3","9.4","10.9","6.5","19.2","20.04","0.0","82.4","96.6","80.8","5.1","2.8","0.0","0.0","0.0","0.0","13.5","8.4","5.3"
"20210908","제주특별자치도","서귀포시","24.2","27.0","21.4","24.4","25.1","28.3","22.5","0.0","0.1","5.4","9.4","9.0","6.0","0.0","0.0","0.0","76.5","95.4","75.5","4.5","4.3","5.8","0.0","0.0","0.0","6.3","5.6","2.5"
"20210907","제주특별자치도","제주시","26.2","30.8","24.4","23.0","24.4","27.2","22.0","1.3","79.8","7.5","3.3","2.6","5.3","13.45","8.55","0.0","85.0","86.1","75.5","8.9","5.8","6.2","0.0","0.0","0.0","10.6","21.8","2.8"
"20210907","제주특별자치도","북제주군","25.2","29.9","23.3","22.9","24.0","26.8","21.6","15.6","13.6","4.6","2.3","6.4","6.2","10.77","14.88","0.0","93.3","95.8","81.3","7.6","6.0","0.0","0.0","0.0","0.0","11.7","31.2","5.2"
"20210907","제주특별자치도","서귀포시","25.3","29.3","23.3","23.2","25.2","28.4","22.6","3.1","25.5","6.3","5.2","5.4","5.7","0.0","0.0","0.0","87.0","87.5","76.3","7.3","6.0","6.0","0.0","0.0","0.0","8.5","13.9","2.6"
"20210906","제주특별자치도","제주시","25.5","28.2","23.5","21.7","24.6","27.3","22.2","5.3","71.7","7.7","0.7","0.0","5.5","9.04","1.36","0.0","82.4","94.4","75.5","8.9","10.0","6.1","0.0","0.0","0.0","11.9","17.1","2.8"
"20210906","제주특별자치도","북제주군","25.1","26.4","22.9","21.2","24.1","27.0","21.8","2.6","21.1","4.3","0.8","0.0","6.4","7.3","2.81","0.0","85.9","98.8","81.2","8.5","10.0","0.0","0.0","0.0","0.0","12.7","19.6","5.2"
"20210906","제주특별자치도","서귀포시","24.0","26.0","23.0","23.0","25.3","28.4","22.8","1.5","17.6","6.3","0.0","0.0","5.8","0.0","0.0","0.0","88.0","87.9","76.6","10.0","10.0","5.9","0.0","0.0","0.0","7.7","12.9","2.7"
"20210905","제주특별자치도","제주시","24.5","26.5","23.5","21.9","24.7","27.5","22.5","7.6","7.6","7.6","0.0","0.0","5.4","2.91","5.29","0.0","87.1","76.9","75.9","9.6","9.9","6.3","0.0","0.0","0.0","10.0","9.2","2.8"
"20210905","제주특별자치도","북제주군","24.4","25.2","22.8","21.2","24.3","27.1","22.0","1.8","3.6","4.3","0.0","0.0","6.2","3.0","3.69","0.0","87.1","87.4","81.6","9.6","9.9","0.0","0.0","0.0","0.0","13.2","10.9","5.3"
"20210905","제주특별자치도","서귀포시","23.6","25.3","22.2","20.4","25.4","28.5","23.0","18.1","13.2","6.1","0.0","0.1","5.6","0.0","0.0","0.0","89.4","84.3","77.1","9.8","9.9","5.9","0.0","0.0","0.0","6.2","10.3","2.7"
"20210904","제주특별자치도","제주시","25.3","28.7","23.1","25.5","24.9","27.8","22.7","0.0","0.0","8.1","3.1","10.6","5.4","15.85","22.21","0.0","82.5","63.4","76.1","7.9","2.5","6.3","0.0","0.0","0.0","11.3","5.7","2.8"
"20210904","제주특별자치도","북제주군","25.2","29.3","22.3","23.8","24.5","27.3","22.1","0.0","0.0","4.5","3.9","11.6","6.2","12.63","21.3","0.0","87.0","83.9","81.9","7.1","3.0","0.0","0.0","0.0","0.0","9.3","8.2","5.2"
"20210904","제주특별자치도","서귀포시","24.8","27.5","22.9","23.4","25.6","28.6","23.2","0.0","0.0","7.3","4.3","11.1","5.6","0.0","0.0","0.0","82.5","68.0","77.5","7.5","1.8","6.0","0.0","0.0","0.0","7.0","5.5","2.7"
"20210903","제주특별자치도","제주시","24.2","25.6","23.3","25.2","25.2","28.1","22.8","21.8","0.3","6.3","0.0","9.2","5.9","4.9","21.79","0.0","93.1","75.5","75.7","8.1","3.9","6.0","0.0","0.0","0.0","11.1","20.2","2.8"
"20210903","제주특별자치도","북제주군","24.7","27.5","22.7","24.6","24.7","27.6","22.2","14.2","0.0","3.9","9.6","11.1","6.5","19.95","22.02","0.0","94.4","91.0","81.7","5.8","2.3","0.0","0.0","0.0","0.0","9.6","12.4","5.0"
"20210903","제주특별자치도","서귀포시","24.3","27.6","22.5","24.1","25.7","28.8","23.3","87.0","1.2","7.0","5.4","10.2","5.9","0.0","0.0","0.0","90.1","82.1","77.4","7.8","3.3","5.9","0.0","0.0","0.0","7.6","14.2","2.7"
"20210902","제주특별자치도","제주시","25.0","27.5","23.0","25.1","25.3","28.1","22.9","37.8","183.6","6.7","1.1","0.0","6.1","6.75","1.39","0.0","87.1","96.0","75.5","9.5","10.0","5.9","0.0","0.0","0.0","5.9","37.1","3.0"
"20210902","제주특별자치도","북제주군","24.2","26.8","21.5","24.8","24.8","27.7","22.4","89.5","37.2","4.7","2.4","0.0","6.8","8.12","0.62","0.0","91.1","96.8","81.7","7.0","9.9","0.0","0.0","0.0","0.0","10.7","49.2","5.4"
"20210902","제주특별자치도","서귀포시","24.5","27.1","22.5","25.7","25.9","28.9","23.4","12.8","235.0","6.7","2.3","0.0","6.2","0.0","0.0","0.0","91.1","92.4","76.9","8.1","10.0","5.7","0.0","0.0","0.0","4.9","23.4","2.8"
"20210901","제주특별자치도","제주시","28.4","33.3","25.6","26.8","25.4","28.2","23.0","14.5","0.1","7.9","5.3","0.0","5.8","17.16","4.91","0.0","76.6","89.6","75.9","9.0","10.0","6.1","0.0","0.0","0.0","12.3","10.9","3.1"
"20210901","제주특별자치도","북제주군","26.9","29.3","24.5","27.9","24.8","27.7","22.5","14.8","0.0","6.1","4.1","2.9","6.6","13.14","12.02","0.0","96.9","85.0","82.0","8.4","6.5","0.0","0.0","0.0","0.0","11.4","8.1","5.6"
"20210901","제주특별자치도","서귀포시","26.6","28.8","23.4","27.4","26.0","29.0","23.4","16.7","0.0","7.8","3.1","0.6","6.1","0.0","0.0","0.0","93.0","89.8","77.3","9.0","8.1","5.9","0.0","0.0","0.0","8.2","9.2","2.9"
"20210831","제주특별자치도","제주시","27.9","30.5","24.8","27.8","25.5","28.3","23.1","0.0","0.0","8.6","9.5","5.7","5.8","21.77","17.91","0.0","72.3","82.1","75.8","4.6","5.6","6.1","0.0","0.0","0.0","5.2","11.7","3.1"
"20210831","제주특별자치도","북제주군","26.9","29.7","24.2","28.1","25.0","27.8","22.6","0.0","0.0","6.6","11.4","12.2","6.7","22.45","22.43","0.0","91.9","83.5","82.0","3.9","2.3","0.0","0.0","0.0","0.0","7.4","9.5","5.6"
"20210831","제주특별자치도","서귀포시","26.5","29.2","24.1","28.0","26.1","29.1","23.5","0.0","0.0","8.6","10.8","10.7","6.0","0.0","0.0","0.0","84.1","83.0","77.3","4.6","4.0","6.0","0.0","0.0","0.0","4.9","9.4","2.9"
"20210830","제주특별자치도","제주시","28.1","30.9","26.6","28.1","25.7","28.5","23.2","0.0","0.0","9.2","4.7","9.4","6.1","16.12","22.55","0.0","77.1","84.1","75.6","5.6","4.0","6.1","0.0","0.0","0.0","8.3","6.6","3.1"
"20210830","제주특별자치도","북제주군","27.3","29.6","25.6","27.6","25.1","28.0","22.7","0.0","0.0","7.5","8.6","11.1","7.1","18.84","21.81","0.0","94.9","91.4","81.9","5.3","5.0","0.0","0.0","0.0","0.0","5.1","6.4","5.5"
"20210830","제주특별자치도","서귀포시","26.8","29.3","25.3","27.1","26.1","29.3","23.6","0.0","0.0","9.6","10.1","11.1","6.3","0.0","0.0","0.0","89.0","91.8","77.4","4.5","2.3","6.0","0.0","0.0","0.0","5.3","4.1","2.9"
"20210829","제주특별자치도","제주시","29.3","33.6","25.1","28.4","25.8","28.7","23.3","0.0","1.5","11.1","11.6","5.3","6.1","23.79","18.62","0.0","65.6","83.3","75.6","2.5","6.1","6.0","0.0","0.0","0.0","10.7","5.4","3.0"
"20210829","제주특별자치도","북제주군","27.0","29.6","25.2","27.2","25.3","28.1","23.0","0.0","0.3","8.4","10.7","4.8","7.1","20.37","15.37","0.0","97.3","96.5","82.2","4.0","6.8","0.0","0.0","0.0","0.0","7.2","10.8","5.6"
"20210829","제주특별자치도","서귀포시","26.7","29.1","25.3","27.0","26.3","29.3","23.7","0.0","0.2","9.9","10.5","4.5","6.2","0.0","0.0","0.0","94.1","94.1","77.7","4.0","7.1","6.1","0.0","0.0","0.0","7.7","6.9","2.9"
"20210828","제주특별자치도","제주시","29.2","33.0","26.5","28.4","26.0","28.9","23.6","0.0","2.3","10.9","10.8","9.3","6.0","24.42","21.07","0.0","70.8","85.4","76.0","4.0","7.3","6.0","0.0","0.0","0.0","12.1","7.0","2.9"
"20210828","제주특별자치도","북제주군","26.8","29.5","25.3","27.6","25.5","28.3","23.1","0.0","2.0","7.7","8.6","11.5","6.9","19.33","20.51","0.0","97.9","94.0","82.5","4.6","6.4","0.0","0.0","0.0","0.0","9.0","10.5","5.5"
"20210828","제주특별자치도","서귀포시","26.8","29.7","25.3","26.8","26.4","29.4","23.9","0.0","2.8","10.3","9.8","6.6","6.0","0.0","0.0","0.0","94.9","94.9","78.6","4.8","7.8","6.3","0.0","0.0","0.0","6.6","8.8","2.7"
"20210827","제주특별자치도","제주시","29.5","33.2","25.9","28.7","26.2","29.1","23.8","0.9","0.7","9.3","11.9","6.6","6.0","24.85","18.99","0.0","68.4","81.9","76.1","3.4","6.1","6.1","0.0","0.0","0.0","13.7","13.4","2.8"
"20210827","제주특별자치도","북제주군","26.9","28.9","25.1","26.7","25.7","28.5","23.3","0.6","0.0","6.6","10.3","1.5","6.7","21.61","9.5","0.0","97.8","99.0","82.8","3.3","7.0","0.0","0.0","0.0","0.0","8.9","15.0","5.3"
"20210827","제주특별자치도","서귀포시","26.7","28.9","25.4","26.3","26.5","29.4","24.1","3.4","0.0","10.0","6.6","0.1","5.7","0.0","0.0","0.0","96.8","98.8","79.4","8.5","9.8","6.4","0.0","0.0","0.0","7.4","9.4","2.6"
"20210826","제주특별자치도","제주시","27.5","29.4","25.7","28.4","26.4","29.3","24.0","0.0","114.3","9.7","8.5","0.0","6.0","20.57","3.08","0.0","83.0","79.1","76.1","6.3","9.9","6.1","0.0","0.0","0.0","7.1","27.3","2.9"
"20210826","제주특별자치도","북제주군","26.4","28.6","24.6","26.8","25.8","28.7","23.4","0.0","67.4","7.1","10.4","0.0","6.6","18.18","2.5","0.0","96.8","95.8","83.2","6.3","9.1","0.0","0.0","0.0","0.0","7.0","27.7","5.2"
"20210826","제주특별자치도","서귀포시","25.9","28.6","23.4","26.4","26.6","29.5","24.2","9.7","67.4","12.6","8.1","0.0","5.7","0.0","0.0","0.0","94.9","97.5","80.1","6.5","10.0","6.4","0.0","0.0","0.0","5.5","17.2","2.7"
"20210825","제주특별자치도","제주시","27.8","31.2","24.1","29.8","26.5","29.3","24.1","25.6","2.9","11.5","1.9","6.0","5.6","11.15","16.87","0.0","84.5","76.9","76.1","8.1","7.9","6.2","0.0","0.0","0.0","11.7","13.3","2.8"
"20210825","제주특별자치도","북제주군","26.3","27.3","23.7","28.2","25.9","28.7","23.6","1.8","40.7","7.5","0.2","7.4","6.1","5.14","14.19","0.0","98.0","90.9","83.4","6.9","6.6","0.0","0.0","0.0","0.0","11.0","15.5","5.2"
"20210825","제주특별자치도","서귀포시","25.6","26.6","23.9","28.3","26.7","29.6","24.3","2.8","27.1","12.8","0.0","4.1","5.4","0.0","0.0","0.0","99.0","90.3","80.2","9.0","8.6","6.6","0.0","0.0","0.0","8.7","9.1","2.6"
"20210824","제주특별자치도","제주시","28.4","31.1","26.5","30.0","26.6","29.5","24.3","0.4","0.0","11.5","0.9","11.0","5.5","10.21","23.41","0.0","83.6","70.0","76.6","10.0","3.1","6.3","0.0","0.0","0.0","18.8","7.2","2.8"
"20210824","제주특별자치도","북제주군","26.6","27.8","25.3","28.7","26.0","28.9","23.6","5.2","0.0","8.8","0.8","9.4","6.1","7.92","14.84","0.0","98.0","81.9","83.6","8.7","3.9","0.0","0.0","0.0","0.0","15.4","8.4","5.2"
"20210824","제주특별자치도","서귀포시","26.1","26.8","25.4","28.7","26.8","29.8","24.4","0.6","0.0","15.6","0.0","9.6","5.5","0.0","0.0","0.0","99.0","83.5","80.5","10.0","5.4","6.5","0.0","0.0","0.0","11.6","4.4","2.5"
"20210823","제주특별자치도","제주시","27.0","31.6","25.1","28.3","26.7","29.7","24.3","1.3","0.0","10.9","1.3","9.4","5.7","11.25","22.22","0.0","84.0","77.8","76.5","9.9","5.1","6.2","0.0","0.0","0.0","11.6","9.7","2.8"
"20210823","제주특별자치도","북제주군","26.4","29.3","24.8","27.5","26.1","29.0","23.7","1.9","10.9","9.0","3.8","7.6","6.4","12.18","15.78","0.0","97.3","87.8","83.6","9.4","3.8","0.0","0.0","0.0","0.0","14.0","10.8","5.0"
"20210823","제주특별자치도","서귀포시","26.1","28.9","24.7","27.9","26.9","29.9","24.4","13.3","0.0","16.7","2.0","8.2","5.7","0.0","0.0","0.0","96.8","85.3","80.6","9.6","6.0","6.4","0.0","0.0","0.0","10.4","4.9","2.5"
"20210822","제주특별자치도","제주시","26.0","27.6","24.9","27.4","26.8","29.8","24.4","15.3","2.8","12.6","0.1","5.5","5.9","5.24","12.83","0.0","89.1","82.0","76.3","8.5","6.0","6.1","0.0","0.0","0.0","5.8","11.5","2.7"
"20210822","제주특별자치도","북제주군","25.1","26.6","23.5","26.7","26.2","29.1","23.7","63.4","53.7","9.7","0.0","5.4","6.7","2.74","10.6","0.0","98.0","84.9","83.6","9.0","5.3","0.0","0.0","0.0","0.0","7.0","14.1","4.9"
"20210822","제주특별자치도","서귀포시","25.1","26.7","23.6","27.5","27.0","30.0","24.5","69.9","0.0","17.8","0.0","6.4","6.0","0.0","0.0","0.0","97.5","85.3","80.4","9.6","5.8","6.2","0.0","0.0","0.0","4.7","6.4","2.5"
"20210821","제주특별자치도","제주시","27.0","29.4","24.7","28.0","26.8","29.8","24.5","13.4","0.0","12.5","0.5","10.5","5.9","4.71","22.81","0.0","81.0","76.4","76.5","9.5","0.8","6.0","0.0","0.0","0.0","22.9","8.7","2.6"
"20210821","제주특별자치도","북제주군","26.0","27.2","23.9","27.3","26.2","29.2","23.8","4.6","0.0","10.0","0.0","8.6","6.9","2.28","21.94","0.0","98.0","86.5","83.6","9.4","1.5","0.0","0.0","0.0","0.0","32.1","7.4","4.9"
"20210821","제주특별자치도","서귀포시","25.2","26.7","22.8","27.8","27.1","30.1","24.6","29.6","0.0","16.0","0.0","11.2","6.2","0.0","0.0","0.0","98.9","83.6","80.3","10.0","2.3","6.1","0.0","0.0","0.0","17.0","5.0","2.4"
"20210820","제주특별자치도","제주시","27.9","32.0","23.3","28.2","27.0","30.0","24.7","0.0","0.0","9.9","9.8","11.3","6.0","23.27","24.25","0.0","65.6","73.4","76.4","6.0","1.6","5.9","0.0","0.0","0.0","6.8","5.8","2.6"
"20210820","제주특별자치도","북제주군","26.4","29.7","23.4","27.7","26.3","29.4","23.9","0.0","0.0","9.5","9.2","12.4","7.2","17.95","23.02","0.0","89.8","87.3","83.4","7.3","2.4","0.0","0.0","0.0","0.0","11.4","6.9","4.8"
"20210820","제주특별자치도","서귀포시","26.3","28.9","24.0","27.6","27.2","30.2","24.7","0.0","0.0","14.0","7.8","11.5","6.2","0.0","0.0","0.0","85.8","78.5","80.3","6.5","1.8","5.9","0.0","0.0","0.0","5.8","4.1","2.4"
"20210819","제주특별자치도","제주시","25.6","28.6","23.3","28.3","27.1","30.1","24.8","0.0","0.0","7.8","7.2","12.2","6.2","16.41","25.24","0.0","70.8","74.5","76.2","5.3","1.8","5.8","0.0","0.0","0.0","6.3","5.2","2.6"
"20210819","제주특별자치도","북제주군","24.7","28.2","22.2","28.2","26.4","29.5","24.0","4.7","0.0","7.4","9.9","12.2","7.5","20.79","24.23","0.0","91.9","86.3","83.3","4.8","1.4","0.0","0.0","0.0","0.0","9.2","7.0","4.6"
"20210819","제주특별자치도","서귀포시","24.9","27.9","21.8","27.3","27.3","30.4","24.9","0.0","0.0","10.7","9.3","11.7","6.5","0.0","0.0","0.0","82.3","79.3","80.2","5.3","0.0","5.8","0.0","0.0","0.0","4.7","4.2","2.5"
"20210818","제주특별자치도","제주시","26.1","28.6","23.1","29.0","27.1","30.0","24.9","0.0","0.0","7.9","10.4","10.4","6.2","23.39","23.33","0.0","71.5","69.0","76.5","2.1","1.1","5.8","0.0","0.0","0.0","7.4","5.3","2.6"
"20210818","제주특별자치도","북제주군","25.6","28.9","22.6","28.3","26.5","29.5","24.1","0.0","0.0","6.3","11.5","12.4","7.5","22.82","23.65","0.0","88.4","84.4","83.6","3.0","1.8","0.0","0.0","0.0","0.0","6.8","6.9","4.5"
"20210818","제주특별자치도","서귀포시","24.4","28.0","22.9","27.4","27.3","30.3","25.0","2.9","0.0","8.8","8.4","11.8","6.5","0.0","0.0","0.0","85.6","81.6","80.5","4.6","0.1","5.9","0.0","0.0","0.0","4.9","4.2","2.5"
"20210817","제주특별자치도","제주시","25.5","28.3","23.3","29.4","27.2","30.1","24.9","0.5","0.0","6.0","6.5","10.5","6.2","18.43","24.6","0.0","74.6","73.6","76.4","5.5","1.6","5.8","0.0","0.0","0.0","8.9","5.7","2.7"
"20210817","제주특별자치도","북제주군","25.1","27.6","23.4","28.5","26.5","29.5","24.2","0.0","0.0","5.3","10.0","12.5","7.5","21.61","24.29","0.0","84.9","85.4","83.8","5.1","2.0","0.0","0.0","0.0","0.0","12.0","5.3","4.6"
"20210817","제주특별자치도","서귀포시","25.7","29.2","23.5","27.8","27.4","30.3","25.1","0.0","0.0","6.8","8.4","10.3","6.4","0.0","0.0","0.0","81.6","83.5","80.5","6.1","2.1","6.1","0.0","0.0","0.0","8.2","4.9","2.5"
"20210816","제주특별자치도","제주시","24.5","26.9","23.6","29.9","27.3","30.1","25.0","3.1","0.0","5.9","0.3","12.1","6.1","7.18","24.59","0.0","87.4","72.0","76.6","9.8","1.1","5.9","0.0","0.0","0.0","11.0","7.0","2.8"
"20210816","제주특별자치도","북제주군","25.3","29.4","22.7","28.5","26.6","29.5","24.3","0.7","0.0","4.9","3.7","11.5","7.3","11.61","23.47","0.0","90.3","90.0","84.0","9.9","2.4","0.0","0.0","0.0","0.0","10.4","7.2","4.6"
"20210816","제주특별자치도","서귀포시","24.2","27.4","23.0","28.1","27.4","30.2","25.1","10.9","0.0","7.6","3.2","11.6","6.1","0.0","0.0","0.0","93.1","88.9","80.9","10.0","2.5","6.3","0.0","0.0","0.0","8.4","6.0","2.6"
"20210815","제주특별자치도","제주시","24.9","26.8","22.8","31.1","27.3","30.2","25.1","0.2","0.0","5.1","0.0","12.5","6.2","6.75","25.54","0.0","82.5","65.5","76.9","9.8","2.1","5.9","0.0","0.0","0.0","9.1","9.0","2.8"
"20210815","제주특별자치도","북제주군","24.2","26.5","22.4","28.3","26.6","29.4","24.4","2.3","0.0","3.5","0.2","12.6","7.1","4.53","24.05","0.0","92.5","90.5","84.3","9.8","2.8","0.0","0.0","0.0","0.0","10.3","8.0","4.7"
"20210815","제주특별자치도","서귀포시","24.3","25.7","22.8","27.8","27.4","30.2","25.2","3.6","0.0","7.5","0.3","12.2","6.0","0.0","0.0","0.0","85.6","89.3","81.3","9.6","2.8","6.4","0.0","0.0","0.0","6.9","6.5","2.6"
"20210814","제주특별자치도","제주시","23.1","24.5","22.2","32.2","27.4","30.3","25.2","57.7","0.0","6.3","0.0","12.4","6.2","3.09","24.38","0.0","93.9","62.9","76.9","10.0","2.8","6.1","0.0","0.0","0.0","12.9","11.1","2.8"
"20210814","제주특별자치도","북제주군","23.3","25.2","21.6","28.3","26.6","29.3","24.4","31.1","0.0","3.9","0.0","9.1","6.7","4.28","19.48","0.0","96.3","93.0","84.8","9.6","4.3","0.0","0.0","0.0","0.0","16.8","9.3","5.0"
"20210814","제주특별자치도","서귀포시","23.4","24.8","21.8","27.8","27.4","30.2","25.2","27.7","0.0","7.8","0.0","6.3","5.6","0.0","0.0","0.0","91.9","94.0","81.8","9.9","7.0","6.7","0.0","0.0","0.0","9.0","5.7","2.6"
"20210813","제주특별자치도","제주시","24.4","26.3","23.1","31.3","27.5","30.4","25.2","34.8","0.0","7.8","0.0","12.0","5.9","7.46","25.77","0.0","88.4","67.6","77.1","10.0","2.0","6.3","0.0","0.0","0.0","8.4","13.4","2.8"
"20210813","제주특별자치도","북제주군","23.9","26.3","22.8","28.2","26.6","29.3","24.5","34.3","0.0","5.2","0.0","5.3","6.4","5.43","13.65","0.0","97.5","94.5","85.3","10.0","5.5","0.0","0.0","0.0","0.0","12.7","9.3","5.2"
"20210813","제주특별자치도","서귀포시","23.7","25.3","22.6","27.5","27.4","30.2","25.2","25.6","0.0","10.6","0.3","4.7","5.4","0.0","0.0","0.0","94.0","96.9","82.1","10.0","7.6","6.8","0.0","0.0","0.0","9.2","5.3","2.6"
"20210812","제주특별자치도","제주시","25.7","29.6","23.9","31.0","27.5","30.3","25.3","13.8","0.0","9.4","0.0","9.2","5.7","6.61","22.77","0.0","87.8","70.0","77.3","9.5","5.3","6.3","0.0","0.0","0.0","7.9","14.6","2.9"
"20210812","제주특별자치도","북제주군","25.8","28.4","23.7","28.2","26.6","29.4","24.5","1.8","0.0","6.0","0.0","8.7","6.2","7.6","19.6","0.0","97.3","96.0","85.3","9.6","5.0","0.0","0.0","0.0","0.0","7.9","10.7","5.4"
"20210812","제주특별자치도","서귀포시","25.1","27.2","23.4","27.4","27.5","30.2","25.3","45.0","2.3","11.2","0.1","1.7","5.3","0.0","0.0","0.0","95.0","97.6","82.6","9.6","8.6","6.9","0.0","0.0","0.0","5.1","5.7","2.7"
"20210811","제주특별자치도","제주시","25.5","27.3","23.3","30.4","27.6","30.5","25.3","32.0","2.0","9.4","0.6","4.8","5.8","8.29","16.2","0.0","90.4","70.9","77.0","9.8","7.4","6.3","0.0","0.0","0.0","10.3","15.3","2.9"
"20210811","제주특별자치도","북제주군","25.8","30.1","21.6","27.7","26.7","29.6","24.6","39.4","0.8","5.5","2.0","5.8","6.4","9.45","15.58","0.0","96.8","96.8","84.8","8.8","6.6","0.0","0.0","0.0","0.0","9.4","11.2","5.5"
"20210811","제주특별자치도","서귀포시","25.5","28.2","23.3","26.9","27.6","30.3","25.4","40.7","15.5","9.2","0.7","0.8","5.3","0.0","0.0","0.0","94.5","99.0","82.5","10.0","9.0","6.8","0.0","0.0","0.0","5.3","8.7","2.8"
"20210810","제주특별자치도","제주시","27.9","30.7","26.3","29.4","27.7","30.7","25.4","4.6","4.2","9.8","7.2","1.1","5.8","18.65","7.87","0.0","74.9","75.0","76.8","6.9","8.3","6.3","0.0","0.0","0.0","6.0","15.6","3.0"
"20210810","제주특별자치도","북제주군","27.5","30.4","25.1","27.5","26.8","29.7","24.6","0.0","0.2","6.3","10.9","1.6","6.6","20.84","9.66","0.0","88.1","94.4","84.8","7.1","7.3","0.0","0.0","0.0","0.0","9.3","12.4","5.6"
"20210810","제주특별자치도","서귀포시","27.3","29.3","25.7","26.5","27.6","30.3","25.5","0.0","22.8","10.0","10.8","0.1","5.3","0.0","0.0","0.0","82.6","98.6","82.7","7.3","10.0","6.8","0.0","0.0","0.0","6.0","5.5","2.8"
"20210809","제주특별자치도","제주시","28.3","31.2","26.3","30.4","27.8","30.7","25.4","0.0","0.0","12.2","7.4","10.9","5.9","21.97","23.77","0.0","78.3","64.5","76.6","6.3","6.0","6.1","0.0","0.0","0.0","7.9","12.5","3.1"
"20210809","제주특별자치도","북제주군","27.4","31.8","25.3","27.9","26.9","29.8","24.6","0.1","0.0","7.3","9.9","11.4","6.8","19.86","21.7","0.0","91.3","91.1","84.5","5.9","5.6","0.0","0.0","0.0","0.0","13.0","13.8","5.7"
"20210809","제주특별자치도","서귀포시","28.4","32.9","25.1","27.5","27.7","30.4","25.5","0.0","0.2","10.7","10.3","6.8","5.6","0.0","0.0","0.0","76.5","94.6","82.5","3.1","8.0","6.7","0.0","0.0","0.0","6.9","6.6","2.9"
"20210808","제주특별자치도","제주시","27.9","29.5","26.6","30.9","27.8","30.8","25.5","1.8","0.0","10.6","0.6","1.5","6.3","9.06","14.02","0.0","80.8","62.3","76.4","8.1","8.9","5.9","0.0","0.0","0.0","10.1","17.4","3.0"
"20210808","제주특별자치도","북제주군","27.1","29.9","25.6","27.1","27.0","30.0","24.7","0.0","0.0","6.3","4.4","4.6","7.2","12.41","15.86","0.0","94.1","96.3","84.1","7.4","8.6","0.0","0.0","0.0","0.0","10.1","12.0","5.6"
"20210808","제주특별자치도","서귀포시","28.0","30.4","26.0","26.6","27.7","30.5","25.6","0.4","0.0","8.5","1.7","0.0","5.8","0.0","0.0","0.0","79.8","98.9","82.1","7.6","9.8","6.5","0.0","0.0","0.0","7.5","7.6","2.8"
"20210807","제주특별자치도","제주시","28.9","31.4","26.9","30.6","27.9","30.9","25.5","0.0","0.0","8.8","11.7","0.0","6.7","25.69","10.92","0.0","75.0","63.9","76.3","3.8","9.6","5.7","0.0","0.0","0.0","6.0","12.9","3.0"
"20210807","제주특별자치도","북제주군","27.6","31.2","25.9","26.9","27.1","30.2","24.7","0.0","0.3","5.7","11.2","0.3","7.9","21.03","10.21","0.0","92.6","97.9","84.0","3.0","9.0","0.0","0.0","0.0","0.0","7.7","9.8","5.4"
"20210807","제주특별자치도","서귀포시","28.7","31.4","26.8","26.8","27.8","30.6","25.7","0.0","0.0","7.8","9.5","0.0","6.4","0.0","0.0","0.0","81.6","98.8","81.7","3.0","10.0","6.2","0.0","0.0","0.0","4.7","5.5","2.8"
"20210806","제주특별자치도","제주시","28.9","31.9","26.3","30.2","27.9","31.0","25.5","0.0","0.0","7.8","10.8","0.4","7.1","26.18","10.42","0.0","75.0","71.1","76.1","1.1","9.0","5.4","0.0","0.0","0.0","9.7","15.3","2.9"
"20210806","제주특별자치도","북제주군","28.4","32.1","25.4","26.8","27.1","30.2","24.7","0.0","3.6","5.6","12.4","0.8","8.0","24.91","9.26","0.0","88.1","99.3","84.4","1.3","8.8","0.0","0.0","0.0","0.0","9.4","12.6","5.2"
"20210806","제주특별자치도","서귀포시","28.5","32.9","24.8","26.4","27.8","30.6","25.7","0.0","15.8","9.1","12.4","0.0","6.7","0.0","0.0","0.0","76.9","99.0","81.8","0.0","10.0","6.0","0.0","0.0","0.0","5.1","8.1","2.7"
"20210805","제주특별자치도","제주시","29.8","33.7","27.4","30.3","28.0","31.0","25.5","0.0","9.7","8.2","10.2","3.2","7.2","22.83","11.66","0.0","65.6","68.8","75.9","2.8","8.0","5.3","0.0","0.0","0.0","9.9","11.1","2.9"
"20210805","제주특별자치도","북제주군","29.0","32.8","26.3","27.9","27.1","30.1","24.7","0.0","1.3","5.3","10.5","7.0","7.9","18.45","18.44","0.0","78.9","92.0","84.7","4.4","7.4","0.0","0.0","0.0","0.0","8.3","14.0","5.2"
"20210805","제주특별자치도","서귀포시","28.9","31.7","26.9","26.9","27.8","30.6","25.7","0.0","5.1","8.5","12.1","0.0","6.7","0.0","0.0","0.0","74.9","98.0","81.9","3.1","9.5","6.0","0.0","0.0","0.0","6.2","11.0","2.7"
"20210804","제주특별자치도","제주시","29.9","33.8","26.2","30.2","28.0","31.1","25.6","0.0","0.0","5.2","9.9","10.7","7.5","24.86","24.79","0.0","64.8","71.9","75.6","3.6","5.0","5.1","0.0","0.0","0.0","10.2","6.7","2.9"
"20210804","제주특별자치도","북제주군","28.9","33.4","25.7","28.5","27.1","30.1","24.8","0.0","0.0","4.0","11.0","9.9","8.1","22.27","22.56","0.0","82.3","90.6","85.0","4.7","5.8","0.0","0.0","0.0","0.0","10.6","14.6","5.1"
"20210804","제주특별자치도","서귀포시","28.1","31.0","25.6","27.9","27.8","30.6","25.8","1.5","0.0","7.6","7.6","7.2","6.7","0.0","0.0","0.0","83.1","94.9","82.1","5.9","7.5","5.9","0.0","0.0","0.0","6.4","4.4","2.6"
"20210803","제주특별자치도","제주시","29.1","33.0","25.8","28.8","28.1","31.2","25.6","1.4","0.0","4.2","7.8","7.7","7.7","22.89","23.52","0.0","74.6","74.5","75.1","6.9","6.4","4.9","0.0","0.0","0.0","9.0","8.7","2.9"
"20210803","제주특별자치도","북제주군","27.9","30.9","25.7","27.6","27.1","30.1","24.8","0.2","0.0","3.6","5.7","9.1","8.1","14.16","21.31","0.0","92.1","92.3","85.1","6.7","6.1","0.0","0.0","0.0","0.0","11.9","11.0","5.2"
"20210803","제주특별자치도","서귀포시","27.7","29.7","25.6","27.4","27.9","30.6","25.8","0.8","0.0","6.5","7.1","6.4","6.8","0.0","0.0","0.0","89.8","94.8","82.3","8.0","7.8","5.9","0.0","0.0","0.0","4.8","4.7","2.6"
"20210802","제주특별자치도","제주시","27.7","31.0","25.8","29.3","28.2","31.3","25.7","20.1","0.0","4.2","3.5","11.2","8.0","14.9","24.19","0.0","87.6","72.8","74.9","8.3","5.5","4.8","0.0","0.0","0.0","6.7","12.5","2.9"
"20210802","제주특별자치도","북제주군","27.6","30.8","25.2","27.6","27.1","30.0","24.9","1.3","0.0","2.8","7.1","7.9","7.9","15.96","20.91","0.0","95.1","95.6","85.0","7.3","4.8","0.0","0.0","0.0","0.0","8.1","10.2","5.3"
"20210802","제주특별자치도","서귀포시","27.2","30.1","25.0","27.3","27.9","30.6","25.8","30.0","0.0","6.1","5.6","2.8","6.8","0.0","0.0","0.0","93.9","97.3","82.3","8.1","8.8","6.0","0.0","0.0","0.0","6.5","4.8","2.6"
"20210801","제주특별자치도","제주시","28.4","31.8","26.1","28.2","28.2","31.4","25.7","0.9","0.0","4.3","4.9","6.7","8.0","18.54","21.56","0.0","84.9","74.9","75.0","7.9","6.6","4.8","0.0","0.0","0.0","6.1","6.3","2.8"
"20210801","제주특별자치도","북제주군","27.2","29.6","25.3","27.3","27.1","29.9","24.9","3.3","0.0","2.5","5.7","7.6","7.9","16.62","19.19","0.0","97.3","94.8","85.1","6.6","5.9","0.0","0.0","0.0","0.0","11.2","9.4","5.2"
"20210801","제주특별자치도","서귀포시","27.9","29.9","26.5","27.2","27.9","30.6","25.8","0.0","0.0","4.6","6.0","4.6","6.7","0.0","0.0","0.0","89.6","92.6","82.3","6.5","8.5","6.0","0.0","0.0","0.0","4.7","4.8","2.5"
"20210731","제주특별자치도","제주시","27.0","31.1","24.1","26.9","28.1","31.4","25.6","155.3","0.0","2.9","1.2","8.6","8.2","9.22","21.66","0.0","93.1","87.6","75.6","8.8","7.0","4.8","0.0","0.0","0.0","9.6","7.8","2.7"
"20210731","제주특별자치도","북제주군","27.3","29.5","26.5","26.8","27.0","29.9","24.8","7.6","0.0","2.0","5.5","10.7","8.1","15.29","20.92","0.0","98.0","92.5","85.6","6.4","6.4","0.0","0.0","0.0","0.0","8.6","8.0","5.1"
"20210731","제주특별자치도","서귀포시","27.2","29.3","25.7","26.7","27.9","30.7","25.8","8.2","0.0","4.4","5.3","9.6","7.0","0.0","0.0","0.0","97.8","90.8","82.4","8.0","6.3","5.8","0.0","0.0","0.0","8.9","3.3","2.4"
"20210730","제주특별자치도","제주시","28.0","30.6","25.4","27.8","28.0","31.3","25.4","1.8","0.0","2.5","5.8","7.7","8.1","17.2","20.44","0.0","77.4","83.8","76.1","7.3","5.3","4.9","0.0","0.0","0.0","4.8","5.9","2.6"
"20210730","제주특별자치도","북제주군","26.8","29.1","25.6","26.8","26.9","29.7","24.7","1.5","0.0","2.0","3.2","7.1","7.9","9.27","21.09","0.0","97.4","98.3","86.0","6.3","0.0","0.0","0.0","0.0","0.0","9.7","7.2","5.0"
"20210730","제주특별자치도","서귀포시","26.5","28.5","24.8","27.2","27.8","30.6","25.7","3.9","0.0","4.0","2.1","8.1","6.9","0.0","0.0","0.0","94.3","97.3","82.5","8.1","7.1","5.8","0.0","0.0","0.0","5.8","4.9","2.4"
"20210729","제주특별자치도","제주시","28.5","33.6","25.3","27.9","27.8","31.0","25.2","0.0","0.5","3.8","11.4","6.8","7.7","25.5","19.54","0.0","70.4","84.6","76.7","6.4","6.3","5.2","0.0","0.0","0.0","6.9","7.3","2.6"
"20210729","제주특별자치도","북제주군","26.9","31.6","23.4","26.4","26.7","29.6","24.5","0.0","0.0","2.5","11.9","7.7","7.6","24.09","20.64","0.0","84.5","98.4","86.5","4.6","6.1","0.0","0.0","0.0","0.0","10.2","7.8","4.9"
"20210729","제주특별자치도","서귀포시","26.9","29.1","25.3","26.5","27.6","30.4","25.5","0.0","0.1","4.4","11.2","3.3","6.7","0.0","0.0","0.0","84.1","98.4","82.8","5.5","8.6","5.9","0.0","0.0","0.0","5.6","4.9","2.4"
"20210728","제주특별자치도","제주시","29.4","34.2","26.1","28.7","27.5","30.7","25.0","0.0","2.0","4.9","12.1","6.5","7.5","27.14","20.31","0.0","62.6","79.1","77.4","1.5","7.8","5.3","0.0","0.0","0.0","11.2","10.2","2.6"
"20210728","제주특별자치도","북제주군","27.6","32.0","23.7","25.7","26.6","29.3","24.4","0.0","0.1","3.0","12.9","5.2","7.6","26.16","17.32","0.0","77.1","99.3","86.9","3.1","6.9","0.0","0.0","0.0","0.0","11.0","9.0","4.8"
"20210728","제주특별자치도","서귀포시","27.4","29.9","25.2","25.5","27.4","30.2","25.3","0.0","0.1","5.3","11.7","0.4","6.5","0.0","0.0","0.0","82.3","99.0","83.1","2.3","9.4","6.0","0.0","0.0","0.0","6.8","6.1","2.4"
"20210727","제주특별자치도","제주시","29.1","33.6","26.3","24.8","27.3","30.5","24.8","0.0","71.5","4.6","12.4","0.0","7.6","26.71","3.9","0.0","66.1","91.8","77.5","3.3","9.9","5.3","0.0","0.0","0.0","10.5","8.7","2.7"
"20210727","제주특별자치도","북제주군","27.8","31.9","25.6","23.8","26.4","29.2","24.3","0.0","41.1","3.0","12.4","0.0","7.6","24.72","2.68","0.0","80.4","97.3","87.1","4.1","9.3","0.0","0.0","0.0","0.0","11.9","11.0","4.9"
"20210727","제주특별자치도","서귀포시","27.3","29.7","25.6","24.1","27.3","30.2","25.2","0.0","40.6","5.2","12.1","0.0","6.6","0.0","0.0","0.0","82.1","96.3","83.1","4.8","10.0","5.9","0.0","0.0","0.0","6.4","6.7","2.4"
"20210726","제주특별자치도","제주시","27.9","30.5","26.4","23.4","27.2","30.3","24.8","0.0","0.0","6.1","0.5","9.8","7.4","11.52","24.68","0.0","73.5","82.0","77.2","8.9","4.1","5.4","0.0","0.0","0.0","13.2","8.6","2.8"
"20210726","제주특별자치도","북제주군","26.3","28.8","23.9","23.0","26.3","29.0","24.2","3.2","0.0","3.9","1.5","10.8","7.2","9.07","24.28","0.0","91.6","89.1","87.3","9.1","7.0","0.0","0.0","0.0","0.0","14.0","5.2","4.9"
"20210726","제주특별자치도","서귀포시","25.9","27.1","23.6","23.5","27.2","30.0","25.0","9.6","0.0","6.3","0.0","10.9","6.2","0.0","0.0","0.0","92.4","87.9","83.3","9.1","4.8","6.1","0.0","0.0","0.0","7.9","5.5","2.4"
"20210725","제주특별자치도","제주시","27.2","28.3","26.0","23.7","27.2","30.2","24.7","0.2","0.0","6.6","0.0","4.2","7.3","6.61","17.2","0.0","79.5","79.5","76.8","10.0","5.6","5.4","0.0","0.0","0.0","11.1","13.3","2.9"
"20210725","제주특별자치도","북제주군","27.5","29.0","26.2","22.7","26.2","28.9","24.1","0.2","0.0","3.5","0.0","8.3","6.9","6.84","20.77","0.0","79.3","90.6","87.2","10.0","3.9","0.0","0.0","0.0","0.0","15.7","15.8","5.0"
"20210725","제주특별자치도","서귀포시","26.8","27.2","26.0","21.5","27.0","29.8","24.9","0.3","0.0","6.2","0.0","5.6","6.1","0.0","0.0","0.0","85.5","94.4","83.4","10.0","5.0","6.2","0.0","0.0","0.0","9.5","7.9","2.5"
"20210724","제주특별자치도","제주시","27.9","31.8","26.0","23.0","27.2","30.3","24.7","0.0","2.4","6.5","2.5","1.6","7.4","15.71","12.22","0.0","80.8","84.3","76.7","8.9","9.6","5.3","0.0","0.0","0.0","10.9","16.6","2.9"
"20210724","제주특별자치도","북제주군","29.1","33.1","25.8","21.9","26.1","28.7","24.1","0.0","0.0","2.7","2.9","2.7","7.0","13.82","11.99","0.0","69.9","92.5","87.4","9.6","7.1","0.0","0.0","0.0","0.0","11.8","21.0","5.1"
"20210724","제주특별자치도","서귀포시","27.9","31.3","26.6","21.5","27.0","29.8","24.9","0.0","0.1","5.5","2.8","3.7","6.0","0.0","0.0","0.0","81.6","96.3","83.7","9.1","9.0","6.3","0.0","0.0","0.0","7.9","12.0","2.4"
"20210723","제주특별자치도","제주시","27.1","29.2","26.3","26.5","27.3","30.5","24.7","0.0","9.2","5.5","0.1","0.0","7.4","9.54","6.89","0.0","86.4","82.8","76.2","9.3","9.4","5.2","0.0","0.0","0.0","10.1","17.7","2.9"
"20210723","제주특별자치도","북제주군","27.7","30.5","25.4","24.7","26.0","28.7","24.0","0.0","5.7","2.4","1.2","0.0","6.9","10.49","4.16","0.0","80.8","98.6","87.8","8.4","9.4","0.0","0.0","0.0","0.0","8.3","22.3","5.1"
"20210723","제주특별자치도","서귀포시","27.3","29.2","26.2","24.5","26.9","29.6","24.9","0.0","8.0","4.4","0.2","0.0","5.8","0.0","0.0","0.0","83.9","98.8","84.3","8.8","10.0","6.4","0.0","0.0","0.0","8.1","12.3","2.4"
"20210722","제주특별자치도","제주시","27.6","30.5","26.3","26.8","27.2","30.4","24.8","0.0","0.0","6.0","4.8","2.1","7.2","16.7","15.0","0.0","83.8","85.8","76.3","6.6","9.8","5.4","0.0","0.0","0.0","10.3","10.4","2.9"
"20210722","제주특별자치도","북제주군","29.0","34.2","25.3","24.6","25.9","28.5","24.0","0.0","0.1","2.7","11.8","0.4","6.6","25.01","10.42","0.0","71.5","100.0","88.2","6.1","8.5","0.0","0.0","0.0","0.0","9.7","7.7","5.1"
"20210722","제주특별자치도","서귀포시","28.2","32.0","26.2","24.9","26.8","29.5","24.8","0.0","0.2","5.4","11.4","1.7","5.5","0.0","0.0","0.0","78.8","98.6","84.8","5.1","9.9","6.6","0.0","0.0","0.0","9.4","5.9","2.4"
"20210721","제주특별자치도","제주시","27.8","29.8","26.0","24.6","27.2","30.5","24.6","0.0","4.4","5.7","7.8","0.9","7.5","22.87","12.5","0.0","83.4","89.4","76.3","5.8","9.8","5.3","0.0","0.0","0.0","13.0","6.9","2.8"
"20210721","제주특별자치도","북제주군","27.7","32.4","24.1","24.2","25.9","28.5","23.9","0.0","3.4","2.2","12.2","0.0","6.7","20.99","5.14","0.0","78.5","98.6","88.3","1.4","9.5","0.0","0.0","0.0","0.0","7.7","7.2","5.1"
"20210721","제주특별자치도","서귀포시","28.3","32.0","26.1","23.7","26.8","29.5","24.7","0.0","1.9","4.9","11.4","0.0","5.5","0.0","0.0","0.0","77.6","98.5","84.9","2.3","10.0","6.6","0.0","0.0","0.0","9.2","3.8","2.4"
"20210720","제주특별자치도","제주시","27.7","29.8","26.5","26.4","27.0","30.3","24.4","0.0","1.2","5.4","8.9","3.8","7.2","22.02","13.71","0.0","82.1","84.1","76.6","6.6","8.9","5.4","0.0","0.0","0.0","9.8","18.0","2.8"
"20210720","제주특별자치도","북제주군","27.9","32.8","25.4","24.5","25.8","28.5","23.8","0.0","0.5","2.6","10.0","2.4","6.7","22.2","13.13","0.0","82.5","95.1","88.4","4.5","8.3","0.0","0.0","0.0","0.0","7.7","13.1","5.0"
"20210720","제주특별자치도","서귀포시","28.3","31.1","26.6","24.5","26.6","29.2","24.6","0.0","3.0","5.5","10.3","1.4","5.3","0.0","0.0","0.0","74.6","97.6","85.2","5.8","9.8","6.6","0.0","0.0","0.0","6.8","8.1","2.4"
"20210719","제주특별자치도","제주시","29.0","33.2","25.4","29.1","26.9","30.1","24.3","0.0","0.0","4.9","11.9","3.3","7.0","26.59","15.39","0.0","69.0","70.8","76.5","3.9","7.8","5.5","0.0","0.0","0.0","10.8","20.3","2.8"
"20210719","제주특별자치도","북제주군","27.3","30.9","24.3","25.8","25.6","28.3","23.6","0.0","0.3","2.8","13.1","2.4","6.6","25.6","12.81","0.0","83.3","98.4","88.3","3.0","8.0","0.0","0.0","0.0","0.0","11.3","14.3","4.9"
"20210719","제주특별자치도","서귀포시","27.3","30.1","24.3","25.7","26.4","29.0","24.5","3.4","5.2","5.6","10.7","0.0","5.2","0.0","0.0","0.0","85.0","99.0","85.3","5.0","9.9","6.7","0.0","0.0","0.0","5.8","5.9","2.3"
"20210718","제주특별자치도","제주시","27.0","31.1","23.7","24.2","26.6","29.8","24.2","12.9","0.2","5.0","5.6","0.0","6.8","18.57","7.87","0.0","78.1","75.4","76.6","7.4","9.3","5.7","0.0","0.0","0.0","13.1","8.7","2.8"
"20210718","제주특별자치도","북제주군","25.4","29.5","22.0","23.0","25.3","28.1","23.4","7.5","2.4","3.4","7.8","0.1","6.3","17.35","5.55","0.0","95.8","92.4","88.5","6.9","10.0","0.0","0.0","0.0","0.0","10.9","13.0","4.9"
"20210718","제주특별자치도","서귀포시","25.1","28.1","22.6","23.3","26.2","28.8","24.2","46.7","1.4","6.4","3.3","0.0","5.3","0.0","0.0","0.0","93.9","93.6","85.5","9.6","9.6","6.8","0.0","0.0","0.0","6.4","4.8","2.3"
"20210717","제주특별자치도","제주시","26.9","30.7","25.0","23.1","26.5","29.6","23.9","0.5","0.0","4.9","5.9","11.6","6.7","21.23","28.14","0.0","79.8","71.4","76.7","8.1","3.8","5.9","0.0","0.0","0.0","11.6","8.6","2.8"
"20210717","제주특별자치도","북제주군","26.2","29.4","22.5","22.1","25.1","27.9","23.2","1.4","0.0","3.4","5.9","11.7","6.1","14.37","24.85","0.0","92.0","83.0","88.8","8.4","3.6","0.0","0.0","0.0","0.0","9.9","6.3","5.0"
"20210717","제주특별자치도","서귀포시","26.8","29.7","23.0","22.5","26.0","28.5","24.0","7.8","0.0","6.8","9.9","12.3","5.0","0.0","0.0","0.0","83.1","80.6","86.3","7.9","3.0","7.0","0.0","0.0","0.0","8.5","4.7","2.2"
"20210716","제주특별자치도","제주시","28.5","31.9","26.4","22.2","26.2","29.3","23.8","0.0","0.4","4.2","11.0","7.6","6.2","24.19","22.85","0.0","74.3","81.3","77.0","6.4","5.1","6.2","0.0","0.0","0.0","10.9","8.8","2.8"
"20210716","제주특별자치도","북제주군","27.1","30.5","25.1","21.8","24.9","27.6","22.9","2.4","0.0","3.3","7.6","7.1","6.0","13.84","10.98","0.0","93.5","87.8","89.2","6.8","4.1","0.0","0.0","0.0","0.0","8.5","7.7","5.1"
"20210716","제주특별자치도","서귀포시","27.6","29.3","26.0","22.8","25.7","28.3","23.9","0.0","0.0","6.1","10.6","9.9","4.7","0.0","0.0","0.0","84.6","77.9","86.8","6.3","3.8","7.3","0.0","0.0","0.0","5.6","8.0","2.2"
"20210715","제주특별자치도","제주시","29.0","32.3","26.5","21.6","26.1","29.2","23.7","0.0","0.0","5.4","11.4","4.5","5.9","26.23","14.87","0.0","75.0","85.0","77.7","6.4","8.1","6.5","0.0","0.0","0.0","5.8","6.7","2.8"
"20210715","제주특별자치도","북제주군","27.7","30.8","24.8","21.2","24.6","27.2","22.8","0.0","0.0","4.4","12.0","8.2","5.7","25.18","18.31","0.0","91.1","90.0","90.0","5.3","7.8","0.0","0.0","0.0","0.0","9.9","10.4","5.2"
"20210715","제주특별자치도","서귀포시","27.3","29.4","24.8","21.4","25.6","28.2","23.7","0.0","0.0","8.7","11.8","5.0","4.5","0.0","0.0","0.0","87.0","87.9","87.5","5.5","7.8","7.6","0.0","0.0","0.0","3.3","3.5","2.3"
"20210714","제주특별자치도","제주시","29.0","30.9","27.2","21.6","26.0","29.1","23.5","0.0","0.5","5.4","3.1","0.2","5.7","16.86","11.82","0.0","75.3","85.8","78.4","8.6","9.9","6.7","0.0","0.0","0.0","6.3","11.6","2.8"
"20210714","제주특별자치도","북제주군","27.3","29.6","25.9","21.2","24.5","27.1","22.7","0.0","0.1","5.2","7.8","4.3","5.2","17.31","15.55","0.0","96.8","91.0","90.7","8.4","9.0","0.0","0.0","0.0","0.0","10.4","16.3","5.4"
"20210714","제주특별자치도","서귀포시","27.4","28.9","26.3","22.0","25.4","28.0","23.6","0.0","0.0","9.9","1.8","3.4","4.1","0.0","0.0","0.0","94.0","84.0","88.3","8.5","9.3","7.9","0.0","0.0","0.0","3.8","10.2","2.3"
"20210713","제주특별자치도","제주시","29.0","32.4","26.5","25.6","25.8","28.9","23.4","0.0","1.5","6.6","7.0","0.7","5.1","22.71","12.7","0.0","72.5","86.9","79.1","6.8","10.0","7.0","0.0","0.0","0.0","6.4","17.1","2.9"
"20210713","제주특별자치도","북제주군","27.3","29.3","25.8","23.0","24.4","26.8","22.6","0.0","0.3","5.8","6.2","0.3","4.8","16.27","5.75","0.0","97.9","99.4","91.1","7.6","7.7","0.0","0.0","0.0","0.0","11.0","14.3","5.5"
"20210713","제주특별자치도","서귀포시","27.2","29.6","26.2","23.0","25.3","27.7","23.5","0.0","17.7","11.3","3.2","0.3","3.4","0.0","0.0","0.0","96.0","98.9","88.9","9.0","10.0","8.1","0.0","0.0","0.0","4.3","10.2","2.3"
"20210712","제주특별자치도","제주시","29.0","32.4","26.1","24.6","25.6","28.6","23.2","0.0","4.3","8.9","7.2","0.0","4.7","22.85","7.76","0.0","76.0","89.4","79.8","6.3","10.0","7.2","0.0","0.0","0.0","6.6","11.2","3.0"
"20210712","제주특별자치도","북제주군","27.1","29.7","25.6","23.8","24.2","26.6","22.3","0.0","0.8","6.7","3.7","0.0","4.4","17.95","4.75","0.0","97.9","98.6","91.1","6.9","0.0","0.0","0.0","0.0","0.0","10.4","11.1","5.6"
"20210712","제주특별자치도","서귀포시","27.4","29.9","25.5","23.2","25.1","27.5","23.3","0.0","39.2","13.0","5.9","0.0","3.4","0.0","0.0","0.0","93.0","99.0","88.8","8.0","10.0","8.1","0.0","0.0","0.0","6.1","7.6","2.4"
"20210711","제주특별자치도","제주시","28.4","33.0","25.3","23.3","25.4","28.4","23.0","0.0","0.0","9.4","9.3","0.1","4.6","21.89","11.51","0.0","76.5","88.9","80.2","5.6","8.6","7.2","0.0","0.0","0.0","6.8","7.7","3.1"
"20210711","제주특별자치도","북제주군","26.4","28.1","24.3","22.8","24.1","26.5","22.1","0.0","0.0","7.6","0.7","0.9","4.3","8.81","10.54","0.0","98.0","97.1","90.7","6.8","0.0","0.0","0.0","0.0","0.0","7.7","7.0","5.6"
"20210711","제주특별자치도","서귀포시","26.3","27.9","24.7","22.6","25.0","27.3","23.2","0.9","0.4","14.4","1.0","0.3","3.4","0.0","0.0","0.0","98.6","96.8","88.7","9.9","8.4","8.1","0.0","0.0","0.0","5.6","3.8","2.5"
"20210710","제주특별자치도","제주시","28.0","32.6","25.5","25.6","25.2","28.2","22.8","0.0","16.4","8.7","7.0","7.5","4.8","18.45","23.16","0.0","71.9","88.3","80.3","6.0","6.5","7.2","0.0","0.0","0.0","11.7","12.9","3.0"
"20210710","제주특별자치도","북제주군","25.8","27.7","24.3","23.0","23.9","26.4","21.9","0.0","2.7","7.9","6.3","0.8","4.1","17.48","11.05","0.0","99.0","99.6","90.4","7.0","6.8","0.0","0.0","0.0","0.0","11.9","13.8","5.4"
"20210710","제주특별자치도","서귀포시","26.1","28.7","24.5","24.1","24.8","27.1","22.9","0.0","40.1","12.0","5.6","7.4","3.3","0.0","0.0","0.0","91.9","96.1","88.5","7.9","5.4","8.0","0.0","0.0","0.0","8.5","13.6","2.5"
"20210709","제주특별자치도","제주시","27.3","30.5","24.8","23.2","24.9","27.9","22.4","2.7","2.0","9.0","6.9","1.8","4.7","20.73","15.28","0.0","77.1","91.9","80.5","7.1","8.4","7.2","0.0","0.0","0.0","11.4","10.1","3.1"
"20210709","제주특별자치도","북제주군","25.4","28.8","24.0","24.2","23.7","26.2","21.6","2.9","25.4","8.2","6.0","8.2","4.1","17.62","21.92","0.0","99.9","91.4","90.2","7.4","7.4","0.0","0.0","0.0","0.0","9.8","11.9","5.2"
"20210709","제주특별자치도","서귀포시","25.5","27.5","24.3","24.8","24.5","26.8","22.7","0.1","5.6","13.6","4.3","4.8","3.4","0.0","0.0","0.0","94.8","91.1","88.3","7.8","8.1","8.0","0.0","0.0","0.0","8.7","7.8","2.5"
"20210708","제주특별자치도","제주시","27.8","32.0","26.4","22.3","24.6","27.6","22.1","0.1","0.0","10.0","1.3","7.4","4.9","11.26","22.85","0.0","81.0","90.3","80.9","9.8","7.8","7.2","0.0","0.0","0.0","10.7","4.9","3.0"
"20210708","제주특별자치도","북제주군","25.3","27.1","24.7","21.5","23.4","25.9","21.3","3.1","0.0","9.5","0.9","9.9","4.1","7.51","23.42","0.0","100.0","96.0","90.1","9.9","5.9","0.0","0.0","0.0","0.0","10.7","7.3","5.1"
"20210708","제주특별자치도","서귀포시","25.5","26.8","23.8","22.4","24.3","26.7","22.4","3.2","0.0","15.3","0.0","7.3","3.5","0.0","0.0","0.0","97.4","95.0","88.0","10.0","7.1","8.0","0.0","0.0","0.0","7.1","3.5","2.5"
"20210707","제주특별자치도","제주시","28.8","32.1","25.9","22.5","24.5","27.5","22.0","15.0","35.1","9.2","1.2","3.4","5.1","10.66","9.14","0.0","78.9","95.5","80.6","8.5","8.1","7.1","0.0","0.0","0.0","14.3","6.3","3.0"
"20210707","제주특별자치도","북제주군","26.1","27.3","24.6","21.7","23.2","25.8","21.2","37.0","92.4","9.0","0.5","2.8","4.2","6.51","5.67","0.0","100.0","99.3","90.2","8.5","8.4","0.0","0.0","0.0","0.0","14.1","8.4","4.9"
"20210707","제주특별자치도","서귀포시","25.8","26.4","24.9","21.5","24.1","26.6","22.2","1.0","70.8","13.4","0.0","0.1","3.6","0.0","0.0","0.0","99.0","99.0","87.3","10.0","8.9","7.9","0.0","0.0","0.0","10.4","5.8","2.5"
"20210706","제주특별자치도","제주시","29.5","32.0","28.1","22.5","24.4","27.4","21.9","0.0","15.7","9.6","2.8","0.0","4.9","16.69","6.47","0.0","68.0","95.5","80.7","8.1","9.4","7.3","0.0","0.0","0.0","17.8","10.2","3.0"
"20210706","제주특별자치도","북제주군","25.9","27.3","25.3","22.1","23.1","25.5","21.1","0.0","49.7","9.4","0.3","0.0","3.9","10.95","3.41","0.0","100.0","100.0","90.8","8.4","9.6","0.0","0.0","0.0","0.0","12.2","8.6","4.9"
"20210706","제주특별자치도","서귀포시","26.1","27.4","25.3","22.5","24.0","26.5","22.0","0.0","47.1","13.1","0.0","0.0","3.4","0.0","0.0","0.0","98.6","99.0","87.4","10.0","10.0","8.1","0.0","0.0","0.0","8.5","7.5","2.4"
"20210705","제주특별자치도","제주시","27.6","31.2","23.4","21.2","24.4","27.5","22.0","2.6","0.0","8.8","1.5","0.5","4.6","14.93","12.58","0.0","78.8","93.3","80.7","9.3","9.5","7.4","0.0","0.0","0.0","15.0","4.9","3.0"
"20210705","제주특별자치도","북제주군","25.6","27.0","24.4","20.4","23.0","25.4","21.2","0.7","0.0","8.0","0.2","2.8","3.7","7.79","10.61","0.0","100.0","99.1","91.2","8.6","8.5","0.0","0.0","0.0","0.0","12.3","4.5","5.0"
"20210705","제주특별자치도","서귀포시","25.5","26.8","23.3","22.5","24.0","26.6","22.0","1.1","0.4","12.2","0.0","1.5","3.3","0.0","0.0","0.0","99.0","97.0","87.4","10.0","9.8","8.1","0.0","0.0","0.0","7.3","2.9","2.4"
"20210704","제주특별자치도","제주시","24.4","28.4","22.7","20.2","24.5","27.7","22.1","35.7","0.4","9.0","0.0","0.0","4.5","4.23","7.13","0.0","90.6","91.6","80.4","10.0","9.9","7.5","0.0","0.0","0.0","17.2","9.0","2.9"
"20210704","제주특별자치도","북제주군","23.4","25.7","22.4","20.1","23.0","25.3","21.2","33.2","0.1","8.6","0.0","0.0","3.4","3.61","8.18","0.0","100.0","98.0","91.5","9.4","8.3","0.0","0.0","0.0","0.0","17.4","5.6","5.1"
"20210704","제주특별자치도","서귀포시","23.6","25.6","22.2","21.1","24.0","26.6","22.0","88.1","1.2","12.7","0.0","0.0","3.0","0.0","0.0","0.0","98.0","97.3","87.6","10.0","9.9","8.3","0.0","0.0","0.0","11.9","6.7","2.3"
"20210703","제주특별자치도","제주시","27.4","31.9","23.8","21.4","24.6","27.8","22.2","20.3","17.0","9.7","0.2","0.0","4.4","6.33","4.31","0.0","76.5","93.8","80.0","10.0","10.0","7.6","0.0","0.0","0.0","20.3","12.2","2.9"
"20210703","제주특별자치도","북제주군","25.1","26.7","23.1","21.3","22.9","25.2","21.3","22.0","22.7","9.3","0.0","0.1","3.3","5.7","4.29","0.0","100.0","92.6","91.9","10.0","9.1","0.0","0.0","0.0","0.0","15.9","12.4","5.1"
"20210703","제주특별자치도","서귀포시","24.9","25.9","23.1","21.5","23.9","26.5","22.0","43.7","38.9","12.0","0.0","0.0","2.9","0.0","0.0","0.0","99.0","97.0","87.9","10.0","10.0","8.4","0.0","0.0","0.0","10.6","8.4","2.3"
"20210702","제주특별자치도","제주시","24.8","26.9","23.2","23.0","24.6","27.8","22.1","0.0","0.0","10.4","0.4","3.0","4.1","9.77","16.53","0.0","85.1","66.4","80.6","9.1","7.8","7.7","0.0","0.0","0.0","8.4","7.8","2.8"
"20210702","제주특별자치도","북제주군","24.7","27.7","21.9","22.3","22.9","25.2","21.2","0.0","0.0","11.0","0.4","3.0","3.0","7.43","14.39","0.0","96.3","76.3","92.2","9.1","8.4","0.0","0.0","0.0","0.0","9.3","6.1","5.1"
"20210702","제주특별자치도","서귀포시","24.2","26.2","23.1","22.7","23.8","26.2","22.0","0.4","0.0","14.8","0.0","3.1","2.7","0.0","0.0","0.0","92.1","74.0","88.8","9.0","7.9","8.6","0.0","0.0","0.0","5.7","5.4","2.2"
"20210701","제주특별자치도","제주시","24.6","27.1","22.9","22.6","24.4","27.6","21.9","0.0","0.0","10.6","10.3","10.8","4.0","26.14","28.25","0.0","80.3","73.1","80.7","4.8","2.6","7.7","0.0","0.0","0.0","10.4","8.0","2.8"
"20210701","제주특별자치도","북제주군","24.7","29.3","22.0","21.1","22.7","25.0","21.0","0.0","0.0","11.3","10.3","12.7","3.0","24.54","26.19","0.0","96.8","87.4","92.2","5.1","3.1","0.0","0.0","0.0","0.0","6.2","13.6","5.1"
"20210701","제주특별자치도","서귀포시","25.9","29.3","23.1","22.4","23.6","25.9","21.8","0.0","0.0","15.5","11.2","12.8","2.6","0.0","0.0","0.0","80.6","76.0","88.9","3.6","1.8","8.5","0.0","0.0","0.0","5.7","3.6","2.2"
"20210630","제주특별자치도","제주시","24.9","28.5","22.3","21.8","24.2","27.3","21.6","0.0","0.0","12.0","7.2","2.2","4.1","19.91","15.77","0.0","75.1","84.3","80.8","5.3","9.0","7.6","0.0","0.0","0.0","11.2","21.9","2.8"
"20210630","제주특별자치도","북제주군","24.0","28.6","20.9","21.2","22.5","24.8","20.8","0.0","0.0","12.3","8.7","7.1","3.2","16.37","18.95","0.0","94.4","93.0","92.0","5.6","7.7","0.0","0.0","0.0","0.0","7.9","24.1","5.1"
"20210630","제주특별자치도","서귀포시","24.3","27.1","22.4","22.3","23.4","25.6","21.6","0.0","0.0","17.6","7.5","11.3","2.6","0.0","0.0","0.0","84.4","82.8","88.5","5.5","5.1","8.5","0.0","0.0","0.0","5.8","13.0","2.3"
"20210629","제주특별자치도","제주시","24.6","27.1","22.3","23.2","23.9","26.9","21.3","0.0","25.1","11.4","9.7","0.0","4.1","25.05","4.05","0.0","76.6","87.4","81.2","4.4","9.8","7.7","0.0","0.0","0.0","10.1","27.2","2.9"
"20210629","제주특별자치도","북제주군","23.5","28.2","19.9","21.9","22.3","24.6","20.5","0.0","35.1","11.1","10.2","0.0","3.3","20.81","2.55","0.0","95.5","98.3","91.6","4.0","9.6","0.0","0.0","0.0","0.0","6.3","25.5","5.0"
"20210629","제주특별자치도","서귀포시","24.4","27.4","22.7","22.4","23.2","25.5","21.4","0.0","47.1","15.2","10.3","0.0","2.8","0.0","0.0","0.0","81.5","96.9","88.1","4.9","9.8","8.4","0.0","0.0","0.0","6.7","15.5","2.4"
"20210628","제주특별자치도","제주시","24.3","27.1","22.7","23.5","23.6","26.6","21.1","0.0","0.0","9.8","9.8","6.3","4.0","25.79","20.95","0.0","81.3","80.4","81.3","6.1","8.1","7.7","0.0","0.0","0.0","11.9","6.4","2.9"
"20210628","제주특별자치도","북제주군","24.2","29.1","21.5","21.1","22.1","24.5","20.3","0.0","0.0","9.5","11.6","6.9","3.2","23.96","18.56","0.0","93.8","95.9","91.0","5.1","8.4","0.0","0.0","0.0","0.0","9.0","9.8","4.9"
"20210628","제주특별자치도","서귀포시","25.3","28.7","23.0","24.3","23.0","25.3","21.2","0.0","0.0","13.9","11.6","5.4","2.9","0.0","0.0","0.0","78.3","91.1","87.4","3.8","6.8","8.4","0.0","0.0","0.0","8.3","3.0","2.4"
"20210627","제주특별자치도","제주시","24.7","28.0","23.7","23.1","23.3","26.3","20.8","0.0","0.1","8.7","6.9","4.3","4.0","22.7","15.58","0.0","78.4","89.9","81.1","7.0","8.8","7.7","0.0","0.0","0.0","12.3","8.1","2.9"
"20210627","제주특별자치도","북제주군","23.8","28.0","22.4","23.0","21.9","24.4","20.1","0.1","1.3","8.1","5.1","1.5","3.3","14.27","9.72","0.0","98.0","93.9","90.3","7.6","8.0","0.0","0.0","0.0","0.0","8.2","6.5","4.8"
"20210627","제주특별자치도","서귀포시","24.7","28.4","22.8","23.9","22.9","25.2","21.0","0.7","1.8","12.2","8.4","1.8","2.8","0.0","0.0","0.0","86.0","97.8","86.6","7.5","9.4","8.4","0.0","0.0","0.0","5.4","4.6","2.5"
"20210626","제주특별자치도","제주시","25.7","30.8","22.1","22.9","23.1","26.0","20.6","0.0","0.0","8.8","2.8","12.1","4.1","15.95","29.06","0.0","67.4","82.0","81.1","9.0","1.9","7.7","0.0","0.0","0.0","9.0","5.4","2.9"
"20210626","제주특별자치도","북제주군","24.6","28.4","21.4","22.3","21.8","24.4","19.9","0.0","0.0","8.1","4.7","13.0","3.4","15.35","26.97","0.0","88.4","89.4","89.8","8.6","1.5","0.0","0.0","0.0","0.0","9.0","7.2","4.7"
"20210626","제주특별자치도","서귀포시","24.3","26.8","22.2","22.8","22.7","25.2","20.7","0.0","0.0","13.0","2.1","8.4","3.0","0.0","0.0","0.0","83.8","90.3","86.0","10.0","4.8","8.3","0.0","0.0","0.0","6.0","4.1","2.5"
"20210625","제주특별자치도","제주시","25.2","29.2","22.1","22.9","22.9","25.8","20.5","0.0","14.2","8.1","5.7","0.0","4.1","17.54","4.71","0.0","70.0","93.3","80.8","7.9","9.6","7.8","0.0","0.0","0.0","8.9","8.2","2.9"
"20210625","제주특별자치도","북제주군","23.4","27.2","21.1","21.7","21.7","24.3","19.8","0.0","21.4","7.6","7.3","0.0","3.5","18.14","3.53","0.0","90.8","100.0","89.3","7.8","9.5","0.0","0.0","0.0","0.0","9.7","6.0","4.6"
"20210625","제주특별자치도","서귀포시","23.6","25.9","21.5","22.1","22.6","25.1","20.5","0.0","27.0","11.8","8.3","0.0","3.1","0.0","0.0","0.0","83.3","98.6","85.5","8.5","9.6","8.2","0.0","0.0","0.0","4.8","7.0","2.4"
"20210624","제주특별자치도","제주시","24.7","28.5","21.7","24.9","22.6","25.6","20.3","0.0","38.3","8.7","7.1","0.0","4.0","22.39","3.81","0.0","70.1","83.1","80.7","8.0","9.8","7.7","0.0","0.0","0.0","7.9","7.6","2.8"
"20210624","제주특별자치도","북제주군","23.3","26.1","20.3","23.0","21.6","24.2","19.6","0.0","54.4","8.2","10.9","0.0","3.6","23.06","1.57","0.0","93.9","98.3","89.0","5.9","9.0","0.0","0.0","0.0","0.0","8.5","15.7","4.5"
"20210624","제주특별자치도","서귀포시","23.2","26.1","21.5","23.2","22.4","25.0","20.4","0.0","123.2","13.1","5.9","0.0","3.2","0.0","0.0","0.0","85.6","98.1","85.2","7.1","9.9","8.2","0.0","0.0","0.0","4.5","12.8","2.4"
"20210623","제주특별자치도","제주시","24.0","26.3","21.8","25.6","22.5","25.5","20.1","0.0","0.0","7.9","10.5","9.5","4.2","26.28","24.46","0.0","74.9","66.6","80.8","3.9","4.3","7.6","0.0","0.0","0.0","6.7","10.2","2.8"
"20210623","제주특별자치도","북제주군","23.0","25.8","20.3","24.4","21.6","24.3","19.5","0.0","0.0","7.2","12.5","9.1","4.1","25.83","22.66","0.0","97.0","79.1","88.6","2.8","5.3","0.0","0.0","0.0","0.0","6.6","12.5","4.4"
"20210623","제주특별자치도","서귀포시","23.1","25.9","20.9","24.6","22.4","25.1","20.3","0.0","0.0","12.8","6.0","10.0","3.4","0.0","0.0","0.0","85.1","83.0","84.7","6.5","4.8","8.0","0.0","0.0","0.0","4.8","5.5","2.4"
"20210622","제주특별자치도","제주시","24.0","28.1","21.6","22.7","22.4","25.4","19.9","0.0","0.0","7.0","12.0","11.0","4.7","28.5","28.6","0.0","74.9","82.6","80.6","3.6","1.8","7.4","0.0","0.0","0.0","10.9","13.5","2.7"
"20210622","제주특별자치도","북제주군","23.4","27.8","21.0","23.2","21.5","24.3","19.3","0.0","0.0","6.7","12.4","13.4","4.6","25.38","27.06","0.0","87.9","81.0","88.5","4.8","2.8","0.0","0.0","0.0","0.0","8.2","7.1","4.2"
"20210622","제주특별자치도","서귀포시","23.8","26.4","21.6","23.2","22.4","25.2","20.1","0.0","0.0","11.5","10.4","12.8","4.0","0.0","0.0","0.0","81.6","82.0","84.2","4.4","1.4","7.7","0.0","0.0","0.0","7.5","5.9","2.3"
"20210621","제주특별자치도","제주시","24.7","28.5","21.4","21.8","22.2","25.2","19.8","0.0","0.0","7.5","11.0","10.2","4.8","27.6","24.82","0.0","59.3","81.8","80.8","4.3","3.8","7.2","0.0","0.0","0.0","6.5","12.2","2.6"
"20210621","제주특별자치도","북제주군","23.4","25.5","20.9","21.3","21.3","24.1","19.2","0.0","0.0","6.0","12.9","11.7","4.8","25.72","22.59","0.0","85.6","85.6","88.7","4.6","4.6","0.0","0.0","0.0","0.0","6.9","9.0","4.3"
"20210621","제주특별자치도","서귀포시","24.4","29.0","20.6","22.1","22.3","25.2","20.1","0.0","0.0","10.2","12.2","10.2","4.3","0.0","0.0","0.0","61.6","82.6","83.9","4.9","4.6","7.5","0.0","0.0","0.0","4.0","9.4","2.2"
"20210620","제주특별자치도","제주시","23.6","26.9","19.5","21.9","22.1","25.1","19.7","0.0","0.0","8.9","11.5","9.3","4.8","27.81","25.41","0.0","52.0","78.9","81.0","3.0","7.0","7.2","0.0","0.0","0.0","6.2","11.7","2.5"
"20210620","제주특별자치도","북제주군","23.3","27.0","19.7","21.3","21.2","24.0","19.0","0.0","0.0","6.7","13.1","7.7","4.8","26.22","20.19","0.0","82.1","85.6","88.9","3.0","6.9","0.0","0.0","0.0","0.0","6.4","6.9","4.4"
"20210620","제주특별자치도","서귀포시","23.5","26.8","19.6","22.4","22.3","25.1","20.0","0.0","0.0","11.4","12.5","9.5","4.4","0.0","0.0","0.0","66.8","81.0","83.7","3.0","6.6","7.5","0.0","0.0","0.0","4.4","8.0","2.2"
"20210619","제주특별자치도","제주시","23.1","27.2","20.7","19.9","21.9","25.0","19.5","0.0","11.4","8.6","10.2","4.3","5.1","27.72","13.7","0.0","78.0","91.8","80.7","5.1","7.0","7.0","0.0","0.0","0.0","6.7","8.9","2.5"
"20210619","제주특별자치도","북제주군","21.6","25.1","19.7","20.0","21.0","24.0","18.8","0.0","0.2","6.4","6.4","4.9","5.1","22.33","14.87","0.0","98.9","93.4","88.4","4.3","6.0","0.0","0.0","0.0","0.0","8.7","12.1","4.3"
"20210619","제주특별자치도","서귀포시","23.0","27.4","20.0","21.0","22.2","25.1","19.8","0.0","0.4","11.0","11.1","2.0","4.6","0.0","0.0","0.0","88.6","91.9","82.9","4.9","8.4","7.4","0.0","0.0","0.0","5.0","6.9","2.2"
"20210618","제주특별자치도","제주시","22.1","24.4","21.0","19.5","21.8","24.9","19.3","0.0","49.3","7.7","0.0","0.0","5.3","11.33","3.72","0.0","88.8","95.8","79.8","9.9","10.0","6.8","0.0","0.0","0.0","4.9","12.8","2.5"
"20210618","제주특별자치도","북제주군","21.9","24.8","20.7","20.8","20.9","24.0","18.6","0.9","33.8","5.8","0.4","0.0","5.3","10.22","4.26","0.0","99.1","98.9","87.5","9.3","9.6","0.0","0.0","0.0","0.0","5.8","9.0","4.3"
"20210618","제주특별자치도","서귀포시","21.9","24.2","21.1","20.0","22.1","25.0","19.7","1.2","40.1","9.6","0.0","0.0","4.7","0.0","0.0","0.0","98.0","99.0","81.2","10.0","10.0","7.2","0.0","0.0","0.0","3.9","7.7","2.2"
"20210617","제주특별자치도","제주시","21.4","22.6","20.8","20.9","21.7","24.7","19.2","0.0","30.9","7.5","0.0","0.0","5.4","6.01","6.49","0.0","84.1","91.0","78.9","9.6","9.9","6.8","0.0","0.0","0.0","8.4","5.4","2.6"
"20210617","제주특별자치도","북제주군","22.4","25.8","19.9","20.1","20.8","23.9","18.5","0.0","8.8","5.6","2.5","0.0","5.6","14.83","4.44","0.0","94.6","89.8","86.7","8.0","10.0","0.0","0.0","0.0","0.0","11.1","7.6","4.3"
"20210617","제주특별자치도","서귀포시","21.8","24.1","20.6","20.9","21.9","24.9","19.5","0.0","13.2","9.1","0.9","0.0","5.0","0.0","0.0","0.0","90.3","83.0","79.9","9.3","9.9","7.2","0.0","0.0","0.0","8.3","5.8","2.3"
"20210616","제주특별자치도","제주시","21.1","22.0","20.1","23.3","21.5","24.6","19.0","7.1","0.0","6.1","0.0","8.9","5.5","5.54","25.88","0.0","89.0","82.8","77.9","9.9","7.1","6.7","0.0","0.0","0.0","12.8","5.8","2.6"
"20210616","제주특별자치도","북제주군","23.0","26.8","21.1","21.4","20.7","23.8","18.3","0.0","0.0","5.4","10.2","9.1","5.7","20.63","23.9","0.0","93.0","94.6","85.6","3.8","8.0","0.0","0.0","0.0","0.0","15.4","8.4","4.1"
"20210616","제주특별자치도","서귀포시","22.0","24.1","21.2","23.0","21.8","24.8","19.3","0.0","0.0","8.7","1.9","9.6","4.9","0.0","0.0","0.0","90.3","67.9","79.0","7.5","7.5","7.2","0.0","0.0","0.0","10.9","3.2","2.4"
"20210615","제주특별자치도","제주시","23.1","25.3","21.1","22.2","21.4","24.5","18.8","17.6","0.0","4.5","0.0","4.4","5.8","4.54","19.77","0.0","87.9","86.3","77.1","9.9","7.8","6.5","0.0","0.0","0.0","9.8","5.1","2.6"
"20210615","제주특별자치도","북제주군","22.5","23.5","21.5","20.9","20.6","23.8","18.1","46.0","0.0","5.0","0.0","4.4","6.1","3.01","16.9","0.0","99.1","96.1","84.8","9.4","8.8","0.0","0.0","0.0","0.0","12.5","6.2","4.0"
"20210615","제주특별자치도","서귀포시","22.5","23.6","21.6","21.4","21.8","24.8","19.2","63.4","0.0","7.4","0.0","2.1","5.2","0.0","0.0","0.0","98.5","92.6","78.0","9.8","8.6","7.0","0.0","0.0","0.0","5.0","3.5","2.3"
"20210614","제주특별자치도","제주시","21.4","24.3","19.3","24.2","21.4","24.5","18.8","0.0","26.0","4.0","4.3","0.0","6.1","18.76","5.74","0.0","85.3","91.9","76.6","8.5","9.9","6.4","0.0","0.0","0.0","5.6","13.7","2.7"
"20210614","제주특별자치도","북제주군","20.8","25.5","18.3","21.9","20.5","23.7","18.1","0.0","26.7","4.6","5.8","0.0","6.3","16.89","3.54","0.0","98.6","100.0","84.8","6.6","9.6","0.0","0.0","0.0","0.0","7.3","17.8","4.2"
"20210614","제주특별자치도","서귀포시","22.2","24.8","19.3","23.3","21.8","24.9","19.2","0.0","24.4","6.2","7.5","0.1","5.5","0.0","0.0","0.0","87.8","94.6","78.0","7.9","10.0","6.7","0.0","0.0","0.0","4.2","7.8","2.3"
"20210613","제주특별자치도","제주시","20.2","23.1","18.5","25.6","21.4","24.6","18.8","0.0","24.3","4.5","5.4","0.3","6.0","20.99","7.18","0.0","88.9","88.5","76.8","8.4","10.0","6.5","0.0","0.0","0.0","6.1","15.6","2.7"
"20210613","제주특별자치도","북제주군","19.3","22.5","17.7","22.8","20.4","23.5","18.1","0.0","100.0","4.9","7.4","0.0","6.0","20.97","3.52","0.0","99.5","100.0","85.3","6.1","9.6","0.0","0.0","0.0","0.0","8.2","15.4","4.2"
"20210613","제주특별자치도","서귀포시","20.7","23.0","18.9","23.4","21.7","24.8","19.2","0.0","73.5","6.8","3.2","0.0","5.4","0.0","0.0","0.0","97.6","98.0","79.1","8.4","10.0","6.7","0.0","0.0","0.0","3.7","7.6","2.3"
"20210612","제주특별자치도","제주시","22.7","26.4","20.7","22.7","21.4","24.8","18.8","1.2","1.1","4.4","7.5","0.3","5.7","24.2","9.46","0.0","89.9","92.1","77.0","8.0","9.4","6.6","0.0","0.0","0.0","5.1","6.7","2.7"
"20210612","제주특별자치도","북제주군","21.2","24.9","18.6","22.0","20.4","23.5","18.1","1.1","0.2","5.0","9.8","0.0","5.4","23.42","6.58","0.0","99.5","99.6","85.5","5.8","7.6","0.0","0.0","0.0","0.0","7.2","8.4","4.3"
"20210612","제주특별자치도","서귀포시","22.8","25.8","21.1","22.1","21.6","24.6","19.3","0.1","8.5","7.6","3.7","0.3","4.9","0.0","0.0","0.0","96.3","96.1","80.1","8.5","8.9","7.0","0.0","0.0","0.0","4.3","4.7","2.3"
"20210611","제주특별자치도","제주시","21.6","25.7","18.9","24.5","21.4","24.8","18.7","86.8","0.0","3.8","0.0","5.5","5.9","6.66","20.12","0.0","96.4","85.1","77.0","10.0","8.0","6.5","0.0","0.0","0.0","10.8","9.6","2.7"
"20210611","제주특별자치도","북제주군","21.5","24.4","18.0","21.6","20.4","23.5","18.0","100.3","0.0","4.1","0.6","0.5","5.5","5.38","11.01","0.0","100.0","99.6","85.5","8.0","6.4","0.0","0.0","0.0","0.0","15.5","7.0","4.4"
"20210611","제주특별자치도","서귀포시","22.2","23.1","21.1","22.4","21.6","24.5","19.2","92.8","3.0","6.4","0.0","7.1","4.9","0.0","0.0","0.0","99.0","94.3","80.3","9.9","7.6","6.9","0.0","0.0","0.0","9.2","8.1","2.3"
"20210610","제주특별자치도","제주시","25.7","28.2","22.2","24.7","21.2","24.6","18.6","5.3","0.4","3.6","1.5","4.6","5.7","8.51","14.34","0.0","69.5","76.5","77.3","7.9","6.5","6.7","0.0","0.0","0.0","14.4","8.9","2.7"
"20210610","제주특별자치도","북제주군","23.1","25.6","21.5","22.8","20.3","23.5","17.9","19.1","8.5","3.2","1.6","1.3","5.4","8.75","5.13","0.0","97.4","93.8","85.2","8.8","7.3","0.0","0.0","0.0","0.0","14.3","12.2","4.3"
"20210610","제주특별자치도","서귀포시","23.3","25.1","22.3","23.2","21.4","24.3","19.2","9.9","35.3","5.8","1.1","0.8","4.7","0.0","0.0","0.0","93.0","99.0","80.5","7.9","8.4","6.9","0.0","0.0","0.0","5.9","6.1","2.4"
"20210609","제주특별자치도","제주시","26.3","31.5","22.5","26.7","21.0","24.5","18.3","0.0","0.0","3.0","11.1","11.2","5.6","26.51","28.4","0.0","74.5","64.1","76.9","4.6","1.4","6.7","0.0","0.0","0.0","9.5","14.9","2.7"
"20210609","제주특별자치도","북제주군","25.3","29.6","22.0","25.4","20.2","23.5","17.7","0.0","0.0","2.5","9.4","9.8","5.4","22.59","23.75","0.0","90.1","76.6","84.3","6.9","4.1","0.0","0.0","0.0","0.0","10.2","13.9","4.2"
"20210609","제주특별자치도","서귀포시","23.8","26.9","22.4","24.9","21.3","24.2","18.9","0.0","0.0","5.2","2.7","2.6","4.8","0.0","0.0","0.0","90.6","94.9","79.6","8.4","7.8","6.9","0.0","0.0","0.0","4.9","8.6","2.3"
"20210608","제주특별자치도","제주시","24.2","30.5","20.2","23.4","20.8","24.4","18.1","0.0","0.0","2.5","11.7","13.0","5.9","26.87","28.91","0.0","75.3","62.8","76.7","5.3","0.3","6.4","0.0","0.0","0.0","7.9","11.5","2.7"
"20210608","제주특별자치도","북제주군","24.3","29.0","20.4","22.6","20.1","23.4","17.5","0.0","0.0","2.4","10.2","13.2","5.8","22.67","26.78","0.0","92.0","69.8","83.8","6.5","1.3","0.0","0.0","0.0","0.0","9.3","11.4","4.2"
"20210608","제주특별자치도","서귀포시","23.1","26.6","21.0","24.8","21.2","24.2","18.7","0.6","0.0","5.5","7.4","12.7","5.0","0.0","0.0","0.0","91.5","71.0","78.8","6.8","1.5","6.7","0.0","0.0","0.0","4.9","6.5","2.3"
"20210607","제주특별자치도","제주시","21.8","24.7","19.4","21.3","20.6","24.1","17.9","0.0","0.0","2.3","12.5","11.6","6.4","27.51","26.83","0.0","73.8","77.5","76.4","2.1","0.6","6.1","0.0","0.0","0.0","6.3","12.1","2.7"
"20210607","제주특별자치도","북제주군","21.2","24.9","17.5","20.5","19.8","23.3","17.2","0.0","0.0","2.0","11.6","12.4","6.5","25.5","24.99","0.0","93.8","89.9","83.0","1.9","2.4","0.0","0.0","0.0","0.0","8.8","4.9","4.0"
"20210607","제주특별자치도","서귀포시","21.5","24.6","18.7","22.4","21.1","24.2","18.5","0.0","0.0","4.4","10.5","12.1","5.6","0.0","0.0","0.0","89.1","82.0","77.1","3.4","1.1","6.2","0.0","0.0","0.0","3.5","5.0","2.2"
"20210606","제주특별자치도","제주시","22.1","26.3","19.4","21.2","20.4","23.9","17.7","0.0","0.0","1.9","12.4","7.5","6.5","27.39","21.63","0.0","72.3","85.8","75.7","1.8","6.8","6.1","0.0","0.0","0.0","6.3","11.5","2.6"
"20210606","제주특별자치도","북제주군","20.3","23.9","17.6","20.8","19.6","23.0","16.9","0.0","0.0","1.7","13.2","8.9","6.6","26.3","20.07","0.0","89.6","90.6","82.3","1.1","6.4","0.0","0.0","0.0","0.0","9.7","7.7","4.0"
"20210606","제주특별자치도","서귀포시","20.8","23.3","18.2","22.1","21.0","24.2","18.3","0.0","0.0","4.2","12.4","4.8","5.8","0.0","0.0","0.0","79.0","98.0","75.9","2.0","7.1","6.1","0.0","0.0","0.0","6.5","7.2","2.2"
"20210605","제주특별자치도","제주시","24.1","29.3","19.7","19.9","20.3","23.8","17.6","0.0","0.0","1.2","8.3","4.1","6.7","23.41","17.24","0.0","59.4","92.9","74.5","5.9","7.9","5.9","0.0","0.0","0.0","9.8","5.5","2.6"
"20210605","제주특별자치도","북제주군","20.4","22.9","18.7","20.1","19.4","22.9","16.8","0.0","0.0","1.4","10.0","1.3","6.9","21.5","12.35","0.0","98.5","98.0","82.0","5.1","8.5","0.0","0.0","0.0","0.0","8.3","8.0","4.1"
"20210605","제주특별자치도","서귀포시","20.5","23.0","18.6","21.3","20.9","24.3","18.2","0.0","0.0","3.9","9.5","0.9","6.2","0.0","0.0","0.0","89.5","98.4","74.5","7.3","8.8","5.9","0.0","0.0","0.0","9.2","3.8","2.2"
"20210604","제주특별자치도","제주시","20.6","23.4","18.4","21.2","20.3","23.7","17.5","2.9","0.0","1.6","6.8","7.5","6.6","24.39","20.49","0.0","69.4","86.4","73.6","8.3","8.4","5.9","0.0","0.0","0.0","8.2","4.9","2.7"
"20210604","제주특별자치도","북제주군","19.7","24.3","17.7","20.6","19.3","22.6","16.7","3.1","0.0","1.7","7.5","9.2","6.9","21.85","19.95","0.0","94.4","92.3","81.8","9.0","6.9","0.0","0.0","0.0","0.0","14.9","5.4","4.3"
"20210604","제주특별자치도","서귀포시","21.0","27.4","18.3","21.9","20.9","24.2","18.1","3.6","0.0","5.4","6.1","8.6","6.2","0.0","0.0","0.0","70.8","96.8","73.6","8.8","7.4","6.0","0.0","0.0","0.0","8.2","3.4","2.3"
"20210603","제주특별자치도","제주시","23.7","30.9","19.2","20.5","20.2","23.7","17.3","1.5","0.0","1.8","3.4","0.0","6.6","17.5","5.58","0.0","76.0","83.6","72.1","9.0","9.0","5.8","0.0","0.0","0.0","13.0","6.1","2.7"
"20210603","제주특별자치도","북제주군","20.7","25.6","18.4","20.3","19.1","22.5","16.5","3.9","0.1","1.9","1.4","0.0","6.8","11.59","7.32","0.0","99.5","98.1","81.2","8.8","9.4","0.0","0.0","0.0","0.0","15.3","10.0","4.4"
"20210603","제주특별자치도","서귀포시","21.5","24.0","18.5","21.1","20.8","24.1","17.9","28.5","8.6","4.9","1.2","0.0","6.2","0.0","0.0","0.0","97.9","98.8","72.7","9.5","9.9","6.1","0.0","0.0","0.0","7.5","6.5","2.3"
"20210602","제주특별자치도","제주시","24.5","29.1","21.4","18.6","20.0","23.6","17.0","0.0","0.0","1.7","0.4","12.2","6.7","11.72","28.38","0.0","57.0","69.3","70.9","8.3","2.4","5.7","0.0","0.0","0.0","13.5","6.0","2.6"
"20210602","제주특별자치도","북제주군","22.5","24.8","20.6","18.3","19.0","22.3","16.3","0.0","0.0","1.9","1.6","9.2","6.8","11.33","22.92","0.0","83.3","92.5","81.1","9.5","5.3","0.0","0.0","0.0","0.0","14.9","9.0","4.5"
"20210602","제주특별자치도","서귀포시","22.6","24.3","19.9","19.1","20.6","23.9","17.7","0.0","0.0","4.9","1.0","12.0","6.4","0.0","0.0","0.0","79.8","94.0","72.2","9.4","4.6","6.1","0.0","0.0","0.0","5.6","5.9","2.2"
"20210601","제주특별자치도","제주시","22.9","27.4","19.0","18.7","19.8","23.4","16.8","0.0","0.4","3.2","10.4","4.1","6.5","25.9","13.53","0.0","65.0","83.0","70.8","5.0","6.0","5.7","0.0","0.0","0.0","8.0","6.1","2.6"
"20210601","제주특별자치도","북제주군","22.2","27.3","18.3","17.6","18.7","22.1","16.1","0.0","0.0","3.2","10.9","3.7","6.6","24.49","13.16","0.0","80.6","97.1","81.6","4.8","6.4","0.0","0.0","0.0","0.0","9.2","9.3","4.5"
"20210601","제주특별자치도","서귀포시","22.3","25.0","19.6","20.1","20.4","23.7","17.5","0.0","0.0","6.3","10.7","6.5","6.3","0.0","0.0","0.0","76.8","98.8","72.6","4.3","5.5","6.1","0.0","0.0","0.0","4.0","5.4","2.3"
"20210531","제주특별자치도","제주시","22.0","27.5","19.2","19.7","19.7","23.4","16.7","0.0","3.7","3.3","11.7","2.1","6.8","27.27","16.42","0.0","67.0","88.1","70.4","2.6","8.9","5.5","0.0","0.0","0.0","7.4","12.4","2.6"
"20210531","제주특별자치도","북제주군","20.9","26.7","16.7","19.7","18.6","22.0","16.0","0.0","7.0","3.3","12.2","0.0","6.7","25.66","7.28","0.0","75.0","91.8","81.6","2.4","7.0","0.0","0.0","0.0","0.0","7.8","9.8","4.5"
"20210531","제주특별자치도","서귀포시","21.2","24.7","17.7","19.0","20.3","23.7","17.3","0.0","16.5","5.8","12.1","0.0","6.4","0.0","0.0","0.0","72.9","99.0","72.3","2.6","10.0","6.0","0.0","0.0","0.0","4.4","7.2","2.3"
"20210530","제주특별자치도","제주시","21.4","27.7","16.6","20.0","19.5","23.2","16.5","0.0","0.6","3.6","12.6","0.0","6.9","28.07","7.77","0.0","65.0","79.5","69.8","0.8","9.8","5.5","0.0","0.0","0.0","5.9","8.4","2.7"
"20210530","제주특별자치도","북제주군","19.9","24.4","15.4","18.7","18.5","21.8","15.8","0.0","0.7","3.5","13.0","0.0","6.8","26.77","6.56","0.0","73.5","88.8","81.1","1.1","9.9","0.0","0.0","0.0","0.0","9.8","7.9","4.5"
"20210530","제주특별자치도","서귀포시","20.3","22.7","16.7","19.8","20.2","23.7","17.2","0.0","0.8","4.7","12.6","0.1","6.6","0.0","0.0","0.0","65.1","95.8","71.6","1.3","9.9","5.8","0.0","0.0","0.0","4.3","5.7","2.3"
"20210529","제주특별자치도","제주시","19.7","23.8","16.5","18.5","19.4","23.1","16.4","0.0","0.0","3.4","12.6","8.3","6.8","29.22","21.98","0.0","66.1","78.3","69.0","2.0","6.6","5.6","0.0","0.0","0.0","7.0","5.9","2.7"
"20210529","제주특별자치도","북제주군","18.1","23.0","14.3","17.4","18.4","21.8","15.7","0.0","0.0","3.7","12.9","9.3","6.8","27.04","20.12","0.0","89.0","85.9","80.3","1.9","7.6","0.0","0.0","0.0","0.0","14.2","7.8","4.6"
"20210529","제주특별자치도","서귀포시","19.3","22.5","15.3","19.8","20.1","23.6","17.1","0.0","0.0","5.1","12.6","9.2","6.6","0.0","0.0","0.0","66.4","84.0","70.9","3.1","5.5","5.8","0.0","0.0","0.0","6.5","4.5","2.4"
"20210528","제주특별자치도","제주시","20.7","29.2","16.4","19.7","19.5","23.0","16.5","0.0","0.0","3.5","10.0","6.8","6.4","22.02","21.4","0.0","63.3","63.0","69.1","2.3","5.4","5.9","0.0","0.0","0.0","19.1","9.8","2.8"
"20210528","제주특별자치도","북제주군","18.3","22.3","15.9","18.2","18.3","21.7","15.7","0.0","0.0","3.9","5.2","11.1","6.5","12.32","24.13","0.0","94.6","83.8","80.3","3.8","5.1","0.0","0.0","0.0","0.0","18.1","7.6","4.8"
"20210528","제주특별자치도","서귀포시","20.0","24.9","17.4","20.0","20.1","23.6","17.2","0.0","0.0","5.8","4.9","9.7","6.3","0.0","0.0","0.0","74.3","78.0","71.1","5.5","5.5","6.0","0.0","0.0","0.0","9.7","9.6","2.4"
"20210527","제주특별자치도","제주시","19.1","24.0","15.5","18.2","19.5","23.1","16.5","2.8","0.0","2.3","7.5","7.3","6.7","22.8","23.46","0.0","80.9","73.0","68.8","5.6","6.4","5.7","0.0","0.0","0.0","11.1","8.5","2.8"
"20210527","제주특별자치도","북제주군","18.2","23.0","15.2","16.5","18.4","21.7","15.7","2.4","0.0","3.1","6.7","10.1","6.7","18.02","21.83","0.0","96.3","86.9","80.0","6.6","6.6","0.0","0.0","0.0","0.0","9.8","10.8","4.9"
"20210527","제주특별자치도","서귀포시","19.6","26.2","15.9","18.9","20.1","23.6","17.2","5.5","0.0","5.9","8.6","10.3","6.5","0.0","0.0","0.0","81.0","89.8","70.6","6.6","6.1","6.0","0.0","0.0","0.0","11.3","5.9","2.3"
"20210526","제주특별자치도","제주시","18.8","25.4","15.3","18.4","19.4","22.9","16.4","15.6","0.0","2.4","0.0","3.7","6.6","6.84","11.88","0.0","54.1","71.0","68.5","10.0","7.3","5.8","0.0","0.0","0.0","10.5","6.6","2.8"
"20210526","제주특별자치도","북제주군","17.8","21.6","15.4","16.8","18.3","21.5","15.7","17.1","0.8","3.4","0.0","3.9","6.5","5.89","10.59","0.0","76.5","93.8","79.7","10.0","8.4","0.0","0.0","0.0","0.0","13.3","7.6","5.2"
"20210526","제주특별자치도","서귀포시","18.4","21.9","15.3","18.1","20.0","23.5","17.1","29.3","0.8","6.8","0.0","3.6","6.5","0.0","0.0","0.0","68.8","97.6","70.2","9.9","7.3","5.9","0.0","0.0","0.0","7.4","5.3","2.3"
"20210525","제주특별자치도","제주시","20.2","25.0","16.1","17.7","19.4","23.0","16.4","0.0","0.0","2.1","10.0","0.9","6.8","25.84","11.34","0.0","59.3","85.5","68.8","5.3","9.3","5.7","0.0","0.0","0.0","19.0","6.4","2.7"
"20210525","제주특별자치도","북제주군","18.0","23.3","15.2","16.3","18.2","21.5","15.7","0.0","0.0","3.2","11.1","1.2","6.7","24.12","12.64","0.0","85.3","95.3","80.2","6.8","9.8","0.0","0.0","0.0","0.0","15.6","8.8","5.1"
"20210525","제주특별자치도","서귀포시","20.8","27.9","16.9","18.5","20.0","23.4","17.1","0.0","0.4","6.9","10.0","0.0","6.6","0.0","0.0","0.0","60.1","99.0","70.6","7.4","9.6","5.8","0.0","0.0","0.0","13.8","2.9","2.2"
"20210524","제주특별자치도","제주시","19.4","23.2","16.1","20.4","19.3","23.0","16.3","3.0","0.0","2.2","8.6","9.5","7.0","26.13","25.13","0.0","71.9","77.3","69.7","6.6","4.5","5.5","0.0","0.0","0.0","8.9","9.3","2.6"
"20210524","제주특별자치도","북제주군","18.0","21.3","15.2","20.0","18.1","21.4","15.6","2.2","0.8","2.6","9.0","4.1","6.8","23.63","11.76","0.0","90.9","87.9","80.6","7.4","0.0","0.0","0.0","0.0","0.0","12.5","7.6","5.1"
"20210524","제주특별자치도","서귀포시","20.2","25.1","15.8","21.7","19.9","23.3","17.0","2.1","0.0","6.0","8.9","10.3","6.8","0.0","0.0","0.0","77.6","93.8","71.1","6.6","3.6","5.6","0.0","0.0","0.0","4.2","6.0","2.1"
"20210523","제주특별자치도","제주시","19.8","23.3","17.3","19.6","19.2","23.0","16.1","0.0","0.0","2.3","9.3","9.9","7.2","26.25","24.83","0.0","69.1","73.1","69.2","5.9","2.5","5.3","0.0","0.0","0.0","4.5","10.9","2.7"
"20210523","제주특별자치도","북제주군","19.5","24.5","15.7","19.7","18.0","21.4","15.3","0.1","0.0","2.6","10.5","11.5","6.9","25.16","22.61","0.0","81.4","81.4","80.2","5.3","2.8","0.0","0.0","0.0","0.0","9.3","7.2","5.1"
"20210523","제주특별자치도","서귀포시","19.9","23.0","16.4","19.2","19.8","23.2","16.8","0.0","0.0","6.1","10.3","11.3","6.9","0.0","0.0","0.0","75.1","97.1","70.4","5.4","3.5","5.4","0.0","0.0","0.0","4.0","5.7","2.2"
"20210522","제주특별자치도","제주시","19.0","22.0","17.2","19.1","19.0","22.8","15.8","0.0","0.0","2.6","11.1","9.6","7.2","27.49","26.41","0.0","69.3","70.4","69.1","3.4","2.4","5.2","0.0","0.0","0.0","6.5","13.0","2.7"
"20210522","제주특별자치도","북제주군","17.6","19.7","16.1","18.3","17.9","21.3","15.1","0.0","0.0","3.7","11.7","11.3","7.0","24.94","25.47","0.0","91.5","81.3","80.2","3.8","3.9","0.0","0.0","0.0","0.0","9.5","10.2","5.1"
"20210522","제주특별자치도","서귀포시","19.2","22.5","15.6","18.5","19.6","23.1","16.5","0.0","0.0","7.0","11.1","9.7","7.1","0.0","0.0","0.0","74.3","94.5","69.9","3.3","5.1","5.2","0.0","0.0","0.0","4.4","8.9","2.2"
"20210521","제주특별자치도","제주시","18.2","21.9","16.1","18.8","18.7","22.5","15.6","0.0","0.0","3.3","10.6","12.1","7.1","24.79","27.53","0.0","66.3","66.9","69.5","5.8","3.1","5.3","0.0","0.0","0.0","10.1","11.3","2.7"
"20210521","제주특별자치도","북제주군","17.4","20.9","15.5","17.2","17.7","21.1","15.0","0.0","0.0","4.4","11.2","7.4","7.0","23.65","19.51","0.0","84.6","81.8","80.4","6.9","5.3","0.0","0.0","0.0","0.0","15.8","9.8","5.2"
"20210521","제주특별자치도","서귀포시","18.4","22.1","15.6","17.2","19.4","22.9","16.3","0.0","0.0","7.0","10.7","6.0","7.0","0.0","0.0","0.0","72.3","95.8","70.2","6.1","6.3","5.4","0.0","0.0","0.0","7.5","5.7","2.2"
"20210520","제주특별자치도","제주시","18.3","23.4","15.9","16.6","18.6","22.5","15.3","24.4","0.0","3.5","0.3","11.6","7.1","7.28","28.86","0.0","88.4","71.6","69.3","9.9","3.6","5.3","0.0","0.0","0.0","14.1","7.5","2.8"
"20210520","제주특별자치도","북제주군","17.0","21.1","14.7","15.1","17.5","21.0","14.7","21.2","0.0","5.4","0.0","12.1","6.9","4.82","27.05","0.0","98.3","87.8","80.5","9.9","4.0","0.0","0.0","0.0","0.0","15.8","10.4","5.3"
"20210520","제주특별자치도","서귀포시","17.6","19.8","16.2","16.3","19.2","22.8","16.0","26.8","0.0","8.4","0.0","12.5","6.9","0.0","0.0","0.0","93.0","90.8","69.9","9.9","3.3","5.5","0.0","0.0","0.0","9.5","5.1","2.2"
"20210519","제주특별자치도","제주시","19.7","21.8","17.2","17.2","18.5","22.4","15.2","0.0","0.0","3.5","8.6","11.0","6.9","24.12","27.3","0.0","68.4","67.1","68.4","7.8","1.3","5.5","0.0","0.0","0.0","6.0","19.0","2.8"
"20210519","제주특별자치도","북제주군","18.7","22.4","15.4","16.0","17.3","20.8","14.6","0.0","0.0","5.7","8.5","12.7","6.8","21.41","26.47","0.0","82.4","86.9","80.7","7.5","0.6","0.0","0.0","0.0","0.0","7.2","19.5","5.4"
"20210519","제주특별자치도","서귀포시","19.5","22.6","17.1","16.4","19.1","22.8","15.8","0.0","0.0","9.2","9.0","12.4","6.8","0.0","0.0","0.0","81.8","83.4","69.5","7.8","1.0","5.7","0.0","0.0","0.0","4.1","14.1","2.3"
"20210518","제주특별자치도","제주시","18.6","22.9","15.3","19.2","18.4","22.2","15.0","0.0","0.4","3.3","8.2","4.0","6.8","24.1","16.26","0.0","63.0","81.6","68.6","7.4","7.9","5.6","0.0","0.0","0.0","7.1","15.2","2.8"
"20210518","제주특별자치도","북제주군","17.5","21.2","14.8","18.6","17.2","20.5","14.5","0.0","0.0","5.6","9.0","2.7","6.7","21.96","11.45","0.0","82.6","97.8","81.4","7.9","6.8","0.0","0.0","0.0","0.0","8.6","16.2","5.3"
"20210518","제주특별자치도","서귀포시","18.5","22.1","16.3","19.4","18.9","22.6","15.8","0.0","10.2","8.5","8.8","0.0","6.7","0.0","0.0","0.0","82.8","92.8","70.2","7.3","8.8","5.8","0.0","0.0","0.0","3.5","7.4","2.3"
"20210517","제주특별자치도","제주시","16.7","18.8","15.7","17.0","18.3","22.2","15.0","2.4","0.0","3.7","1.7","6.3","6.5","8.89","20.25","0.0","85.4","87.1","69.3","8.0","8.3","6.0","0.0","0.0","0.0","10.3","7.3","2.8"
"20210517","제주특별자치도","북제주군","16.0","18.8","14.9","17.3","17.1","20.5","14.5","0.9","0.0","4.4","2.0","8.8","6.3","9.53","20.84","0.0","95.0","92.6","82.0","7.0","8.3","0.0","0.0","0.0","0.0","12.8","9.1","5.1"
"20210517","제주특별자치도","서귀포시","18.6","22.8","16.4","17.8","18.9","22.3","15.8","3.4","0.0","6.9","5.0","5.5","6.3","0.0","0.0","0.0","89.1","99.0","71.2","8.4","8.0","6.1","0.0","0.0","0.0","7.0","4.1","2.3"
"20210516","제주특별자치도","제주시","23.5","28.5","17.4","16.6","18.3","22.3","14.9","22.5","5.3","2.9","0.5","0.3","6.5","7.59","8.35","0.0","83.1","96.5","68.9","10.0","10.0","6.1","0.0","0.0","0.0","15.5","5.4","2.8"
"20210516","제주특별자치도","북제주군","19.5","21.2","16.7","15.6","17.1","20.5","14.3","23.1","2.0","3.5","0.1","1.0","6.3","3.54","9.55","0.0","100.0","100.0","81.5","10.0","9.0","0.0","0.0","0.0","0.0","15.2","7.9","4.9"
"20210516","제주특별자치도","서귀포시","20.4","21.4","18.3","18.3","18.8","22.3","15.7","6.8","4.2","7.2","0.0","2.6","6.2","0.0","0.0","0.0","99.0","99.0","71.2","10.0","9.6","6.2","0.0","0.0","0.0","7.5","5.3","2.3"
"20210515","제주특별자치도","제주시","23.7","30.9","19.6","22.1","18.1","22.0","14.8","6.1","2.9","2.9","7.2","2.4","6.6","23.4","11.26","0.0","79.6","78.5","68.9","8.5","9.4","5.9","0.0","0.0","0.0","15.9","14.4","2.8"
"20210515","제주특별자치도","북제주군","21.3","23.5","19.8","18.5","16.8","20.2","14.1","3.0","21.3","2.7","4.6","0.0","6.3","16.15","6.08","0.0","98.9","99.0","81.2","8.4","9.9","0.0","0.0","0.0","0.0","10.8","14.8","5.0"
"20210515","제주특별자치도","서귀포시","22.4","26.2","20.5","19.4","18.6","22.1","15.6","10.9","59.8","5.9","2.3","0.0","6.4","0.0","0.0","0.0","95.9","99.0","71.4","9.9","10.0","6.1","0.0","0.0","0.0","7.4","8.0","2.3"
"20210514","제주특별자치도","제주시","21.5","26.5","17.9","20.2","18.0","21.8","14.6","0.0","0.0","3.3","1.2","6.9","6.7","14.71","22.32","0.0","80.4","40.4","69.8","9.4","6.5","5.8","0.0","0.0","0.0","10.9","5.5","2.9"
"20210514","제주특별자치도","북제주군","20.4","24.7","17.4","18.9","16.7","20.0","13.9","0.3","0.0","2.9","2.4","7.4","6.3","13.43","18.62","0.0","93.5","58.1","81.6","9.6","7.5","0.0","0.0","0.0","0.0","10.6","12.7","5.1"
"20210514","제주특별자치도","서귀포시","20.9","23.6","18.7","19.6","18.5","21.8","15.5","0.1","0.0","5.7","2.4","6.2","6.4","0.0","0.0","0.0","93.5","66.4","72.4","9.8","7.5","5.9","0.0","0.0","0.0","6.5","4.4","2.3"
"20210513","제주특별자치도","제주시","19.6","22.2","17.7","17.0","17.8","21.7","14.4","0.0","0.0","3.8","11.8","12.9","7.0","27.46","29.3","0.0","76.4","47.4","69.1","4.5","0.1","5.5","0.0","0.0","0.0","10.7","6.2","3.0"
"20210513","제주특별자치도","북제주군","19.5","23.0","16.1","16.0","16.5","19.8","13.7","0.0","0.0","3.9","13.0","11.4","6.6","25.18","23.23","0.0","88.5","60.1","80.8","4.5","0.0","0.0","0.0","0.0","0.0","11.0","12.3","5.3"
"20210513","제주특별자치도","서귀포시","20.6","25.3","17.5","17.8","18.2","21.6","15.2","0.0","0.0","7.8","12.1","12.5","6.6","0.0","0.0","0.0","82.0","56.4","71.8","4.9","0.1","5.7","0.0","0.0","0.0","10.3","7.2","2.4"
"20210512","제주특별자치도","제주시","18.3","21.0","16.1","18.5","17.6","21.4","14.2","0.6","0.0","3.3","0.7","11.0","7.1","13.54","27.61","0.0","78.5","57.9","68.3","8.6","2.1","5.2","0.0","0.0","0.0","14.6","17.3","3.1"
"20210512","제주특별자치도","북제주군","19.2","25.1","15.8","15.9","16.3","19.6","13.4","0.0","0.0","3.9","13.0","11.2","6.8","25.53","25.89","0.0","88.3","83.9","79.9","3.6","4.3","0.0","0.0","0.0","0.0","12.2","12.8","5.7"
"20210512","제주특별자치도","서귀포시","18.9","21.7","16.5","18.1","18.1","21.7","14.9","0.0","0.0","7.7","8.5","11.2","6.8","0.0","0.0","0.0","84.1","71.0","70.8","7.5","2.8","5.5","0.0","0.0","0.0","13.2","11.1","2.5"
"20210511","제주특별자치도","제주시","18.6","20.6","17.4","17.3","17.5","21.3","14.1","0.4","0.0","3.3","0.0","12.0","6.9","4.32","28.01","0.0","85.4","77.0","67.7","9.4","0.8","5.2","0.0","0.0","0.0","14.7","7.7","3.1"
"20210511","제주특별자치도","북제주군","20.6","23.7","18.5","14.9","16.1","19.4","13.3","1.6","0.0","4.0","0.0","2.1","6.6","6.72","16.45","0.0","94.9","97.0","79.6","9.4","6.6","0.0","0.0","0.0","0.0","14.5","8.6","5.9"
"20210511","제주특별자치도","서귀포시","18.4","21.3","17.2","17.8","17.9","21.5","14.7","9.9","0.0","7.3","0.0","12.5","6.7","0.0","0.0","0.0","97.3","89.8","70.6","9.9","1.0","5.4","0.0","0.0","0.0","9.5","5.2","2.5"
"20210510","제주특별자치도","제주시","20.3","23.4","17.3","16.0","17.4","21.1","14.1","0.0","0.0","2.9","11.7","0.3","6.6","26.43","6.71","0.0","63.8","81.9","66.9","2.6","7.0","5.4","0.0","0.0","0.0","8.1","10.5","3.1"
"20210510","제주특별자치도","북제주군","19.9","24.9","16.1","14.6","16.1","19.4","13.3","0.0","0.0","3.7","3.2","2.7","6.4","14.98","10.12","0.0","92.8","96.3","78.9","6.0","7.0","0.0","0.0","0.0","0.0","10.3","13.0","5.8"
"20210510","제주특별자치도","서귀포시","20.1","25.7","16.9","16.4","17.8","21.4","14.7","0.0","0.0","6.6","2.9","2.1","6.3","0.0","0.0","0.0","84.6","99.0","70.3","7.1","6.6","5.5","0.0","0.0","0.0","4.8","8.1","2.5"
"20210509","제주특별자치도","제주시","18.9","23.9","14.9","21.3","17.5","21.2","14.1","0.0","3.4","2.9","11.1","2.5","6.7","25.63","13.69","0.0","54.6","71.8","65.9","1.4","8.8","5.4","0.0","0.0","0.0","6.9","21.5","3.1"
"20210509","제주특별자치도","북제주군","17.6","22.3","14.4","16.5","16.1","19.4","13.3","0.0","41.8","3.6","10.9","0.6","6.5","23.35","5.34","0.0","74.4","98.3","78.1","1.3","9.6","0.0","0.0","0.0","0.0","10.2","16.2","5.8"
"20210509","제주특별자치도","서귀포시","19.2","22.6","15.4","17.9","17.9","21.5","14.7","0.0","108.4","6.7","10.7","2.5","6.4","0.0","0.0","0.0","61.0","99.0","69.7","1.4","8.3","5.5","0.0","0.0","0.0","6.3","9.2","2.5"
"20210508","제주특별자치도","제주시","18.3","25.3","12.7","20.9","17.5","21.3","14.2","0.0","0.2","3.2","8.3","8.8","6.3","21.32","23.83","0.0","56.4","65.0","66.3","5.8","5.4","5.6","0.0","0.0","0.0","13.8","12.7","3.2"
"20210508","제주특별자치도","북제주군","16.4","19.5","12.4","19.5","16.1","19.3","13.4","0.0","2.9","4.1","8.4","7.5","6.1","18.86","21.67","0.0","81.4","78.5","78.6","7.1","7.1","0.0","0.0","0.0","0.0","8.7","17.2","5.8"
"20210508","제주특별자치도","서귀포시","17.2","20.5","13.8","19.4","17.9","21.4","14.8","0.0","1.4","9.6","4.6","2.1","6.1","0.0","0.0","0.0","75.6","94.8","70.5","8.0","8.3","5.7","0.0","0.0","0.0","8.6","6.4","2.5"
"20210507","제주특별자치도","제주시","19.5","26.6","14.4","17.8","17.6","21.4","14.1","0.0","0.0","2.9","7.5","12.3","6.6","21.62","27.87","0.0","54.9","65.1","65.2","5.3","1.6","5.5","0.0","0.0","0.0","16.8","14.8","3.1"
"20210507","제주특별자치도","북제주군","17.0","21.2","13.8","19.4","16.2","19.4","13.5","0.0","0.0","3.9","8.4","13.0","6.2","21.22","27.31","0.0","83.0","48.1","78.4","5.4","1.6","0.0","0.0","0.0","0.0","12.2","14.3","5.9"
"20210507","제주특별자치도","서귀포시","19.0","23.2","16.3","18.8","17.9","21.3","14.9","0.0","0.0","9.2","9.3","12.5","6.0","0.0","0.0","0.0","74.3","57.0","70.2","3.9","1.4","5.6","0.0","0.0","0.0","10.4","11.5","2.5"
"20210506","제주특별자치도","제주시","18.4","23.4","13.1","19.5","17.5","21.4","14.0","0.0","0.0","2.7","10.8","10.7","6.9","26.87","25.92","0.0","43.1","72.6","65.1","5.0","2.0","5.2","0.0","0.0","0.0","6.0","12.4","3.1"
"20210506","제주특별자치도","북제주군","17.1","20.5","11.6","18.1","16.1","19.3","13.4","0.0","0.0","3.6","11.2","11.6","6.5","24.03","24.53","0.0","66.1","83.0","78.2","5.6","1.8","0.0","0.0","0.0","0.0","9.6","10.8","6.0"
"20210506","제주특별자치도","서귀포시","17.5","21.4","12.7","20.5","17.9","21.3","14.9","0.0","0.0","8.7","11.6","12.0","6.3","0.0","0.0","0.0","56.5","72.6","69.4","5.0","1.5","5.5","0.0","0.0","0.0","4.2","11.9","2.5"
"20210505","제주특별자치도","제주시","17.1","22.6","12.9","17.6","17.5","21.5","13.9","0.0","0.0","3.2","11.2","6.7","7.2","27.24","18.85","0.0","51.4","86.0","65.8","3.5","6.1","4.9","0.0","0.0","0.0","10.4","10.9","3.1"
"20210505","제주특별자치도","북제주군","15.0","19.9","12.2","17.4","16.1","19.3","13.3","0.0","0.0","4.4","11.3","7.3","6.9","25.56","16.11","0.0","85.1","91.9","78.8","3.8","6.5","0.0","0.0","0.0","0.0","18.9","10.2","6.2"
"20210505","제주특별자치도","서귀포시","19.1","24.0","15.6","18.5","17.9","21.3","14.9","0.0","0.0","10.5","10.8","5.6","6.7","0.0","0.0","0.0","56.6","98.9","69.2","3.8","7.6","5.3","0.0","0.0","0.0","8.6","6.6","2.5"
"20210504","제주특별자치도","제주시","19.0","23.1","15.1","18.5","17.3","21.4","13.7","12.8","0.0","3.2","0.0","6.8","7.1","4.21","18.43","0.0","68.5","83.6","66.8","9.8","4.0","5.0","0.0","0.0","0.0","13.4","9.6","3.1"
"20210504","제주특별자치도","북제주군","17.6","19.8","14.9","15.7","16.1","19.4","13.3","45.4","0.0","4.6","0.1","6.4","6.7","2.88","17.56","0.0","95.9","96.3","79.3","9.8","5.4","0.0","0.0","0.0","0.0","17.1","10.0","6.3"
"20210504","제주특별자치도","서귀포시","18.5","20.0","17.1","18.1","17.9","21.2","14.8","52.6","0.0","11.3","0.0","9.0","6.5","0.0","0.0","0.0","93.3","99.0","69.4","9.6","4.6","5.3","0.0","0.0","0.0","17.0","4.1","2.4"
"20210503","제주특별자치도","제주시","15.0","18.9","9.4","19.2","17.1","21.1","13.7","0.0","0.9","2.8","10.1","1.8","7.1","24.82","10.92","0.0","68.3","88.8","67.5","5.0","8.9","4.9","0.0","0.0","0.0","5.4","9.2","3.0"
"20210503","제주특별자치도","북제주군","15.4","17.9","10.3","16.8","16.0","19.3","13.2","0.0","3.7","3.3","10.3","0.5","6.8","23.09","8.68","0.0","78.3","100.0","79.5","5.6","7.1","0.0","0.0","0.0","0.0","11.3","11.8","6.3"
"20210503","제주특별자치도","서귀포시","15.7","18.4","11.4","17.8","17.8","21.2","14.7","0.0","4.9","6.5","10.5","1.0","6.6","0.0","0.0","0.0","74.6","99.0","69.5","4.4","9.8","5.2","0.0","0.0","0.0","5.1","7.7","2.4"
"20210502","제주특별자치도","제주시","13.8","16.7","10.9","19.2","17.0","20.9","13.7","0.0","3.2","3.1","10.8","0.0","6.7","26.22","7.08","0.0","65.6","83.1","68.6","4.0","9.4","5.0","0.0","0.0","0.0","11.5","5.4","3.1"
"20210502","제주특별자치도","북제주군","13.1","15.0","10.5","18.6","15.9","19.1","13.1","0.0","9.3","3.6","12.5","0.3","6.4","24.47","6.68","0.0","77.5","93.3","80.3","2.0","9.4","0.0","0.0","0.0","0.0","19.6","11.2","6.1"
"20210502","제주특별자치도","서귀포시","15.0","18.9","10.8","19.3","17.6","21.1","14.6","0.0","36.6","7.5","12.4","0.1","6.3","0.0","0.0","0.0","60.5","99.0","70.5","1.8","9.6","5.5","0.0","0.0","0.0","11.7","5.1","2.4"
"20210501","제주특별자치도","제주시","13.3","16.3","11.5","20.5","17.0","20.9","13.7","10.1","0.0","3.5","5.8","11.5","6.6","19.04","24.01","0.0","71.0","71.4","69.2","4.1","3.8","5.2","0.0","0.0","0.0","13.3","7.0","3.1"
"20210501","제주특별자치도","북제주군","12.7","15.2","11.3","18.4","15.9","19.1","13.2","14.9","0.0","4.0","8.1","7.8","6.1","19.04","20.94","0.0","83.5","87.8","80.9","2.8","6.4","0.0","0.0","0.0","0.0","24.8","11.9","6.1"
"20210501","제주특별자치도","서귀포시","14.2","18.4","11.0","20.0","17.5","20.8","14.4","11.8","0.0","9.3","11.7","4.2","6.0","0.0","0.0","0.0","71.3","95.1","71.8","3.0","7.5","5.7","0.0","0.0","0.0","10.9","7.3","2.4"
"20210430","제주특별자치도","제주시","16.3","19.9","11.3","19.0","16.8","20.6","13.4","13.2","0.0","3.0","11.0","12.0","6.7","26.79","25.83","0.0","61.8","58.9","68.7","3.5","1.5","5.2","0.0","0.0","0.0","18.6","7.7","3.1"
"20210430","제주특별자치도","북제주군","16.3","21.2","10.5","17.6","15.7","18.9","12.9","6.7","0.0","3.2","11.1","9.3","6.0","25.0","21.42","0.0","79.5","81.8","80.8","4.8","3.6","0.0","0.0","0.0","0.0","29.4","12.3","6.1"
"20210430","제주특별자치도","서귀포시","17.3","22.7","12.4","18.3","17.2","20.5","14.0","5.5","0.0","8.7","10.8","3.5","5.9","0.0","0.0","0.0","65.9","85.6","71.7","4.3","7.0","5.8","0.0","0.0","0.0","9.2","8.5","2.5"
"20210429","제주특별자치도","제주시","18.8","23.3","14.7","15.9","16.4","20.2","13.0","0.0","0.0","2.6","9.8","12.6","6.8","25.17","26.97","0.0","61.6","39.9","67.5","4.1","0.0","5.1","0.0","0.0","0.0","22.9","6.6","3.2"
"20210429","제주특별자치도","북제주군","16.5","21.5","13.6","14.9","15.3","18.6","12.6","1.5","0.0","2.7","10.3","12.7","6.1","23.28","26.68","0.0","88.6","60.0","79.4","3.9","0.3","0.0","0.0","0.0","0.0","21.4","7.8","6.0"
"20210429","제주특별자치도","서귀포시","17.6","21.9","16.0","15.4","16.8","20.2","13.6","0.0","0.0","7.5","9.9","12.4","6.2","0.0","0.0","0.0","76.0","47.4","69.3","3.9","0.0","5.7","0.0","0.0","0.0","9.9","5.8","2.5"
"20210428","제주특별자치도","제주시","17.0","19.5","14.9","15.2","16.1","20.0","12.7","0.0","0.0","2.1","5.9","12.5","7.0","21.19","26.86","0.0","79.6","37.6","65.2","7.5","0.0","5.0","0.0","0.0","0.0","5.8","7.1","3.1"
"20210428","제주특별자치도","북제주군","16.4","20.9","14.7","13.9","15.1","18.3","12.3","0.0","0.0","2.8","4.8","12.7","6.5","16.91","25.68","0.0","91.6","64.1","77.5","8.1","0.1","0.0","0.0","0.0","0.0","8.3","10.1","6.1"
"20210428","제주특별자치도","서귀포시","17.1","20.5","15.3","15.0","16.6","20.0","13.3","0.0","0.0","8.0","5.8","12.3","6.5","0.0","0.0","0.0","85.0","40.1","67.0","7.6","0.0","5.5","0.0","0.0","0.0","3.7","7.6","2.5"
"20210427","제주특별자치도","제주시","17.1","21.5","14.0","14.3","15.7","19.7","12.2","0.8","0.0","1.7","1.4","11.2","7.4","13.47","25.57","0.0","67.3","53.1","63.7","9.0","2.1","4.8","0.0","0.0","0.0","7.4","8.2","3.1"
"20210427","제주특별자치도","북제주군","16.1","21.0","11.7","13.0","14.7","18.1","11.8","0.8","0.0","2.3","2.1","9.0","7.0","12.09","15.34","0.0","82.3","60.1","75.4","9.1","0.0","0.0","0.0","0.0","0.0","8.7","11.2","6.2"
"20210427","제주특별자치도","서귀포시","16.8","19.6","13.8","15.3","16.3","19.8","12.8","0.5","0.0","6.8","3.1","11.7","7.1","0.0","0.0","0.0","76.9","49.8","64.8","8.5","3.5","5.0","0.0","0.0","0.0","4.0","9.1","2.5"
"20210426","제주특별자치도","제주시","16.5","20.9","13.5","14.2","15.4","19.3","11.9","0.0","0.0","1.8","11.3","11.6","7.4","25.92","25.33","0.0","58.1","53.3","62.8","3.8","4.1","4.7","0.0","0.0","0.0","12.9","7.9","3.1"
"20210426","제주특별자치도","북제주군","16.7","21.6","12.9","12.9","14.4","17.8","11.4","0.0","0.0","2.1","11.0","11.4","7.1","24.2","23.14","0.0","68.6","62.5","73.9","3.1","4.5","0.0","0.0","0.0","0.0","10.8","14.9","6.2"
"20210426","제주특별자치도","서귀포시","16.3","20.1","13.8","15.1","16.1","19.9","12.6","0.0","0.0","4.9","11.4","11.4","7.4","0.0","0.0","0.0","65.8","68.0","63.3","3.0","4.5","4.8","0.0","0.0","0.0","8.0","7.4","2.4"
"20210425","제주특별자치도","제주시","16.9","20.7","14.7","18.3","15.2","19.1","11.7","0.0","0.0","2.2","11.8","12.0","7.3","25.82","26.24","0.0","69.0","39.9","63.1","2.0","1.0","4.8","0.0","0.0","0.0","13.5","19.5","3.1"
"20210425","제주특별자치도","북제주군","16.5","20.9","13.8","14.4","14.2","17.6","11.3","0.0","0.0","2.7","12.0","12.1","7.2","24.84","24.82","0.0","79.9","80.5","73.4","3.5","0.6","0.0","0.0","0.0","0.0","12.7","14.4","6.4"
"20210425","제주특별자치도","서귀포시","17.3","22.5","14.5","15.0","16.0","19.8","12.6","0.0","0.0","5.0","11.0","11.9","7.5","0.0","0.0","0.0","76.9","81.6","62.9","2.8","0.9","4.8","0.0","0.0","0.0","8.6","11.2","2.4"
"20210424","제주특별자치도","제주시","17.5","21.9","15.9","13.1","15.2","19.2","11.8","0.0","0.0","2.6","5.8","11.7","7.1","19.62","27.46","0.0","80.9","43.6","64.2","6.4","0.1","4.9","0.0","0.0","0.0","12.7","10.9","3.1"
"20210424","제주특별자치도","북제주군","18.7","24.6","14.8","13.0","14.2","17.7","11.3","0.0","0.0","3.1","8.4","12.0","6.9","19.28","25.39","0.0","76.5","60.8","74.3","5.4","0.1","0.0","0.0","0.0","0.0","10.2","15.7","6.4"
"20210424","제주특별자치도","서귀포시","18.3","22.7","15.8","12.3","16.1","19.8","12.7","0.0","0.0","5.7","7.5","11.9","7.1","0.0","0.0","0.0","82.6","56.5","64.9","4.6","0.0","5.1","0.0","0.0","0.0","9.8","10.0","2.4"
"20210423","제주특별자치도","제주시","19.3","25.0","16.5","11.1","15.2","19.1","11.8","0.0","0.0","4.1","5.3","8.1","6.7","20.41","21.99","0.0","67.0","50.6","66.2","7.6","3.0","5.2","0.0","0.0","0.0","13.8","14.8","3.1"
"20210423","제주특별자치도","북제주군","20.5","24.6","16.3","10.6","14.2","17.7","11.3","0.0","0.0","4.3","6.8","10.4","6.5","19.95","22.86","0.0","57.0","59.4","75.5","8.1","3.0","0.0","0.0","0.0","0.0","13.8","18.4","6.5"
"20210423","제주특별자치도","서귀포시","19.1","23.6","16.4","10.8","16.0","19.7","12.8","0.0","0.0","8.3","5.3","10.4","6.6","0.0","0.0","0.0","74.4","51.6","66.6","6.8","2.3","5.4","0.0","0.0","0.0","8.9","10.9","2.5"
"20210422","제주특별자치도","제주시","21.0","25.9","16.8","11.1","15.1","18.9","11.8","0.0","0.0","4.6","4.3","11.4","6.6","17.45","26.79","0.0","46.3","47.1","67.6","8.8","3.5","5.3","0.0","0.0","0.0","10.9","14.1","3.2"
"20210422","제주특별자치도","북제주군","19.8","22.5","15.6","10.6","14.2","17.7","11.3","0.0","0.0","5.1","2.6","11.2","6.3","12.79","25.23","0.0","63.8","57.4","76.2","9.6","4.5","0.0","0.0","0.0","0.0","13.4","19.6","6.5"
"20210422","제주특별자치도","서귀포시","20.4","23.7","17.4","10.5","15.9","19.5","12.7","0.0","0.0","9.3","4.8","11.0","6.2","0.0","0.0","0.0","60.9","52.6","68.0","8.4","3.3","5.6","0.0","0.0","0.0","6.6","11.8","2.6"
"20210421","제주특별자치도","제주시","17.5","22.8","12.3","12.8","15.1","18.9","11.8","0.0","0.0","4.5","5.9","6.8","6.6","20.16","22.96","0.0","53.1","42.3","68.2","7.1","7.1","5.4","0.0","0.0","0.0","6.1","10.3","3.3"
"20210421","제주특별자치도","북제주군","16.7","21.5","12.1","11.6","14.2","17.5","11.3","0.0","0.0","5.4","9.0","6.8","6.4","21.58","19.03","0.0","64.3","53.3","76.7","7.5","8.1","0.0","0.0","0.0","0.0","7.6","17.0","6.5"
"20210421","제주특별자치도","서귀포시","17.4","21.9","11.9","14.1","15.7","19.2","12.6","0.0","0.0","10.4","10.0","6.6","6.2","0.0","0.0","0.0","57.8","38.1","68.6","6.6","8.3","5.6","0.0","0.0","0.0","4.3","11.9","2.7"
"20210420","제주특별자치도","제주시","14.8","18.5","10.3","13.8","15.0","18.9","11.7","0.0","0.4","4.4","12.2","5.8","6.2","26.88","19.2","0.0","42.4","74.1","68.0","2.1","7.1","5.6","0.0","0.0","0.0","5.1","11.2","3.3"
"20210420","제주특별자치도","북제주군","14.6","18.5","11.3","13.1","14.1","17.6","11.2","0.0","0.0","5.4","12.2","7.4","6.1","24.51","17.5","0.0","54.4","82.1","77.2","2.1","9.0","0.0","0.0","0.0","0.0","7.3","15.3","6.5"
"20210420","제주특별자치도","서귀포시","15.5","20.1","10.8","15.0","15.6","19.1","12.5","0.0","0.0","10.3","11.2","11.1","5.9","0.0","0.0","0.0","53.1","86.0","69.3","2.4","4.8","5.8","0.0","0.0","0.0","4.7","9.7","2.8"
"20210419","제주특별자치도","제주시","14.5","19.1","9.9","13.3","15.0","18.8","11.6","0.0","19.5","4.2","12.0","0.0","6.3","27.33","2.55","0.0","33.8","85.4","67.4","0.0","9.9","5.6","0.0","0.0","0.0","7.9","19.0","3.3"
"20210419","제주특별자치도","북제주군","13.8","18.6","9.3","13.2","14.1","17.5","11.1","0.0","6.4","5.1","12.2","0.0","6.5","25.86","4.12","0.0","58.1","92.1","76.9","0.1","9.3","0.0","0.0","0.0","0.0","9.7","19.5","6.5"
"20210419","제주특별자치도","서귀포시","15.2","21.0","8.8","13.6","15.6","19.0","12.4","0.0","23.6","9.8","11.2","0.0","6.2","0.0","0.0","0.0","40.0","98.5","68.5","0.0","9.9","5.6","0.0","0.0","0.0","4.2","6.7","2.8"
"20210418","제주특별자치도","제주시","13.0","16.5","11.1","12.9","14.8","18.8","11.3","0.0","0.0","2.8","11.0","7.4","6.5","26.43","22.06","0.0","48.4","74.5","65.9","2.0","5.1","5.4","0.0","0.0","0.0","12.2","9.2","3.2"
"20210418","제주특별자치도","북제주군","12.3","15.0","10.5","11.8","13.9","17.4","10.8","0.0","0.0","3.6","11.6","10.8","6.8","25.11","21.25","0.0","58.6","83.9","75.8","1.1","5.9","0.0","0.0","0.0","0.0","24.0","15.6","6.3"
"20210418","제주특별자치도","서귀포시","14.0","19.8","9.6","14.7","15.4","18.9","12.1","0.0","0.0","6.5","11.3","11.2","6.5","0.0","0.0","0.0","37.3","78.5","67.4","1.6","2.5","5.3","0.0","0.0","0.0","11.8","5.3","2.6"
"20210417","제주특별자치도","제주시","13.7","16.3","11.3","16.0","14.7","18.7","11.1","0.0","9.7","2.2","9.0","1.0","6.6","22.77","5.65","0.0","60.8","72.8","64.4","2.3","8.4","5.4","0.0","0.0","0.0","13.8","12.6","3.1"
"20210417","제주특별자치도","북제주군","12.7","15.9","10.8","14.4","13.7","17.1","10.6","0.0","12.6","2.6","9.0","0.2","6.8","20.96","2.97","0.0","72.5","94.0","74.6","4.1","6.9","0.0","0.0","0.0","0.0","22.7","13.2","6.1"
"20210417","제주특별자치도","서귀포시","14.9","22.5","9.8","15.5","15.3","18.9","11.9","0.0","32.6","5.1","10.6","0.9","6.6","0.0","0.0","0.0","52.4","90.4","66.2","1.4","8.3","5.3","0.0","0.0","0.0","10.4","11.9","2.5"
"20210416","제주특별자치도","제주시","15.1","19.7","11.1","15.9","14.4","18.4","10.8","0.0","0.0","1.9","8.8","11.5","6.5","21.17","24.49","0.0","67.6","58.0","63.2","5.4","3.5","5.2","0.0","0.0","0.0","5.8","12.3","3.0"
"20210416","제주특별자치도","북제주군","14.9","20.9","11.2","15.4","13.5","16.9","10.4","0.0","0.0","2.0","11.1","11.8","6.7","22.02","22.97","0.0","77.6","68.9","73.9","4.4","4.0","0.0","0.0","0.0","0.0","8.9","13.0","6.1"
"20210416","제주특별자치도","서귀포시","16.3","19.0","13.7","14.8","15.1","18.8","11.7","0.0","0.0","4.0","10.8","11.2","6.6","0.0","0.0","0.0","73.5","75.0","65.0","5.1","3.8","5.2","0.0","0.0","0.0","5.9","4.9","2.5"
"20210415","제주특별자치도","제주시","13.1","17.9","8.6","13.4","14.1","17.9","10.4","0.0","0.0","1.9","9.2","5.0","6.7","22.57","17.52","0.0","55.8","52.5","62.5","5.3","6.5","5.1","0.0","0.0","0.0","10.4","5.5","3.1"
"20210415","제주특별자치도","북제주군","12.8","17.5","8.1","13.4","13.1","16.5","10.1","0.0","0.0","1.7","11.4","6.1","6.9","22.45","16.61","0.0","64.9","62.4","72.9","4.6","6.3","0.0","0.0","0.0","0.0","9.4","4.9","6.3"
"20210415","제주특별자치도","서귀포시","14.1","17.6","9.9","13.7","14.9","18.7","11.3","0.0","0.0","3.1","10.5","5.6","6.9","0.0","0.0","0.0","53.6","58.5","63.7","6.3","6.6","4.9","0.0","0.0","0.0","4.7","6.7","2.5"
"20210414","제주특별자치도","제주시","11.0","14.9","8.2","13.2","13.7","17.6","10.2","0.0","0.0","2.3","9.1","10.5","6.6","23.99","24.21","0.0","54.0","44.1","62.2","5.5","4.1","5.0","0.0","0.0","0.0","8.8","5.8","3.2"
"20210414","제주특별자치도","북제주군","9.7","11.7","7.9","12.1","12.8","16.2","9.9","0.0","0.0","2.0","8.7","10.3","6.7","21.84","23.12","0.0","66.5","57.4","72.0","6.6","5.0","0.0","0.0","0.0","0.0","18.2","9.0","6.4"
"20210414","제주특별자치도","서귀포시","12.8","17.0","10.4","13.8","14.5","18.5","11.0","0.0","0.0","3.3","6.9","10.4","6.8","0.0","0.0","0.0","52.6","46.3","63.4","7.0","4.6","4.9","0.0","0.0","0.0","9.6","5.8","2.5"
"20210413","제주특별자치도","제주시","11.8","14.4","8.5","11.6","13.4","17.3","10.1","0.0","0.0","2.8","0.3","11.9","6.5","7.32","25.58","0.0","76.8","60.4","63.3","8.6","1.8","5.2","0.0","0.0","0.0","12.1","13.9","3.3"
"20210413","제주특별자치도","북제주군","10.9","13.2","7.9","10.9","12.7","16.1","9.9","0.0","0.0","2.3","2.4","12.1","6.5","9.54","24.11","0.0","88.9","66.9","72.2","9.0","2.9","0.0","0.0","0.0","0.0","17.5","23.0","6.5"
"20210413","제주특별자치도","서귀포시","15.1","20.1","11.7","11.6","14.4","18.4","10.9","0.0","0.0","4.1","7.8","10.8","6.7","0.0","0.0","0.0","75.5","45.5","63.4","6.8","4.0","5.1","0.0","0.0","0.0","6.5","10.2","2.6"
"20210412","제주특별자치도","제주시","16.5","19.9","14.3","9.8","13.3","17.1","10.0","16.9","25.4","3.1","0.0","0.0","6.2","3.26","2.18","0.0","82.4","81.5","64.3","10.0","8.9","5.4","0.0","0.0","0.0","13.7","11.6","3.4"
"20210412","제주특별자치도","북제주군","15.3","16.8","12.9","9.9","12.6","16.0","9.8","51.7","0.4","2.7","0.0","4.3","6.3","2.53","14.3","0.0","96.5","78.4","73.1","9.9","8.3","0.0","0.0","0.0","0.0","16.4","14.4","6.7"
"20210412","제주특별자치도","서귀포시","15.7","16.9","14.4","11.1","14.3","18.3","10.9","117.9","8.5","5.4","0.0","1.2","6.5","0.0","0.0","0.0","95.8","85.0","63.8","9.6","9.6","5.2","0.0","0.0","0.0","13.0","8.5","2.7"
"20210411","제주특별자치도","제주시","16.6","21.5","12.2","12.3","13.3","17.0","10.2","0.0","23.9","3.8","10.4","0.4","6.1","24.87","6.86","0.0","51.5","80.1","65.2","4.4","9.1","5.6","0.0","0.0","0.0","12.6","12.7","3.5"
"20210411","제주특별자치도","북제주군","15.9","20.7","9.7","11.7","12.6","16.0","9.9","0.0","12.7","3.6","10.2","0.6","6.2","23.13","6.56","0.0","61.5","87.0","73.2","5.4","9.4","0.0","0.0","0.0","0.0","10.3","12.0","6.8"
"20210411","제주특별자치도","서귀포시","15.9","18.9","12.6","12.8","14.3","18.2","11.0","0.0","14.0","6.9","10.2","0.1","6.3","0.0","0.0","0.0","64.3","94.1","64.5","5.3","9.3","5.4","0.0","0.0","0.0","8.5","5.8","2.7"
"20210410","제주특별자치도","제주시","14.0","17.5","11.4","12.9","13.3","17.0","10.2","0.0","0.0","3.2","10.2","8.5","6.2","22.5","22.15","0.0","60.4","59.9","65.2","2.6","4.6","5.6","0.0","0.0","0.0","13.4","7.3","3.4"
"20210410","제주특별자치도","북제주군","14.2","20.3","8.0","11.7","12.7","16.0","9.9","0.0","0.0","3.1","11.2","7.6","6.3","21.71","19.32","0.0","66.1","68.1","73.1","1.8","6.0","0.0","0.0","0.0","0.0","9.2","11.0","6.6"
"20210410","제주특별자치도","서귀포시","14.4","18.1","11.8","14.3","14.3","18.1","11.1","0.0","0.0","6.3","10.5","9.3","6.4","0.0","0.0","0.0","65.4","72.8","64.9","1.9","5.6","5.4","0.0","0.0","0.0","10.1","5.1","2.7"
"20210409","제주특별자치도","제주시","13.8","17.5","9.7","12.1","13.2","16.8","10.1","0.0","0.0","2.7","10.3","11.1","6.2","24.43","23.12","0.0","57.1","42.8","65.5","2.6","0.4","5.6","0.0","0.0","0.0","11.3","7.3","3.4"
"20210409","제주특별자치도","북제주군","12.9","16.7","9.7","11.3","12.5","15.8","9.8","0.0","0.0","3.0","10.1","11.3","6.3","20.99","22.26","0.0","66.8","52.1","73.7","3.3","1.9","0.0","0.0","0.0","0.0","12.5","11.7","6.6"
"20210409","제주특별자치도","서귀포시","14.9","19.8","10.0","14.1","14.3","18.0","11.1","0.0","0.0","6.0","9.8","10.8","6.4","0.0","0.0","0.0","60.9","63.4","65.4","3.4","0.4","5.3","0.0","0.0","0.0","9.1","4.7","2.7"
"20210408","제주특별자치도","제주시","14.4","18.6","11.2","12.9","13.2","16.8","9.9","0.0","0.0","3.3","8.9","10.6","6.0","23.05","21.65","0.0","48.1","46.5","65.3","4.0","0.8","5.7","0.0","0.0","0.0","7.5","6.1","3.4"
"20210408","제주특별자치도","북제주군","12.6","15.1","10.8","11.9","12.5","15.7","9.6","0.0","0.0","3.7","9.1","10.9","6.1","21.2","20.76","0.0","69.4","58.6","74.1","4.6","1.6","0.0","0.0","0.0","0.0","13.6","11.9","6.6"
"20210408","제주특별자치도","서귀포시","16.1","19.5","13.1","14.6","14.2","17.9","10.9","0.0","0.0","6.9","7.1","10.6","6.2","0.0","0.0","0.0","53.5","63.1","65.9","4.1","0.8","5.2","0.0","0.0","0.0","5.3","7.1","2.6"
"20210407","제주특별자치도","제주시","14.8","18.3","11.2","13.4","13.2","16.8","9.8","0.0","0.0","3.0","10.9","11.4","6.2","23.13","23.91","0.0","52.6","45.5","64.9","4.5","0.8","5.5","0.0","0.0","0.0","6.3","8.7","3.3"
"20210407","제주특별자치도","북제주군","13.1","15.5","11.3","12.1","12.5","15.8","9.6","0.0","0.0","3.4","11.0","11.5","6.3","21.63","22.99","0.0","74.8","64.4","73.9","5.3","1.5","0.0","0.0","0.0","0.0","9.7","10.6","6.5"
"20210407","제주특별자치도","서귀포시","16.8","22.2","11.9","14.7","14.1","17.8","10.9","0.0","0.0","6.0","11.1","11.0","6.4","0.0","0.0","0.0","49.3","58.3","66.0","4.4","2.1","4.9","0.0","0.0","0.0","8.7","4.0","2.6"
"20210406","제주특별자치도","제주시","13.9","17.4","11.3","10.7","12.9","16.6","9.5","0.0","0.0","2.7","10.7","9.5","6.2","24.86","22.81","0.0","57.5","56.8","64.3","3.1","4.1","5.4","0.0","0.0","0.0","7.3","6.0","3.3"
"20210406","제주특별자치도","북제주군","13.1","15.5","11.2","9.8","12.3","15.6","9.3","0.0","0.0","2.6","11.0","9.8","6.4","24.01","21.52","0.0","67.3","66.3","73.2","4.3","4.9","0.0","0.0","0.0","0.0","12.1","9.9","6.4"
"20210406","제주특별자치도","서귀포시","14.7","18.2","11.2","12.0","13.8","17.6","10.5","0.0","0.0","4.4","9.9","9.8","6.4","0.0","0.0","0.0","62.1","55.1","65.2","2.5","4.9","4.8","0.0","0.0","0.0","5.7","5.6","2.6"
"20210405","제주특별자치도","제주시","12.6","14.6","10.6","9.7","12.6","16.3","9.2","4.1","0.0","2.9","9.2","11.1","6.2","23.37","25.57","0.0","64.3","49.6","64.3","3.6","2.4","5.3","0.0","0.0","0.0","11.4","8.3","3.3"
"20210405","제주특별자치도","북제주군","12.5","15.8","10.1","8.5","12.0","15.4","9.1","0.0","0.0","2.8","11.9","12.0","6.4","22.31","24.88","0.0","68.1","60.1","72.5","4.7","1.1","0.0","0.0","0.0","0.0","12.8","16.5","6.6"
"20210405","제주특별자치도","서귀포시","13.5","16.9","10.8","11.9","13.5","17.3","10.2","0.0","0.0","4.7","11.1","11.3","6.5","0.0","0.0","0.0","61.9","54.8","63.7","2.8","1.1","4.8","0.0","0.0","0.0","12.4","8.8","2.7"
"20210404","제주특별자치도","제주시","11.4","13.2","10.8","11.6","12.5","16.2","9.0","5.2","0.0","2.8","0.0","10.7","6.2","1.76","23.8","0.0","92.8","53.4","63.7","10.0","1.5","5.3","0.0","0.0","0.0","11.2","10.2","3.3"
"20210404","제주특별자치도","북제주군","10.8","12.2","10.3","10.8","11.9","15.3","9.0","0.0","0.0","2.3","0.0","10.7","6.5","3.24","21.84","0.0","96.8","65.6","71.5","0.0","2.0","0.0","0.0","0.0","0.0","19.8","16.5","6.8"
"20210404","제주특별자치도","서귀포시","14.6","17.3","13.3","14.2","13.4","17.3","9.9","0.0","0.0","4.1","0.2","10.9","6.5","0.0","0.0","0.0","89.4","55.5","62.1","9.3","2.4","4.9","0.0","0.0","0.0","5.0","8.5","2.7"
"20210403","제주특별자치도","제주시","18.0","22.8","13.0","12.8","12.2","16.0","8.8","0.0","0.0","3.0","1.0","8.1","6.6","6.78","21.36","0.0","85.3","49.4","62.9","9.4","4.0","5.0","0.0","0.0","0.0","12.3","6.6","3.3"
"20210403","제주특별자치도","북제주군","15.6","18.4","12.1","11.8","11.7","15.1","8.8","5.2","0.0","2.2","0.0","9.5","6.9","3.27","21.03","0.0","99.3","55.0","70.3","7.4","5.4","0.0","0.0","0.0","0.0","15.0","10.1","6.8"
"20210403","제주특별자치도","서귀포시","16.4","18.3","13.5","13.7","13.2","17.0","9.7","33.8","0.0","3.7","0.0","9.2","6.8","0.0","0.0","0.0","99.0","64.6","61.0","9.5","4.5","4.7","0.0","0.0","0.0","9.4","5.8","2.7"
"20210402","제주특별자치도","제주시","17.2","19.9","13.8","11.8","11.9","15.7","8.7","9.8","0.0","3.0","0.9","9.9","6.6","12.09","21.91","0.0","79.3","57.4","62.5","9.8","4.3","4.9","0.0","0.0","0.0","15.3","6.3","3.3"
"20210402","제주특별자치도","북제주군","18.6","21.6","13.6","11.3","11.5","14.7","8.5","16.7","0.0","2.3","1.5","10.1","7.0","9.6","20.28","0.0","77.3","64.5","69.6","7.0","4.6","0.0","0.0","0.0","0.0","16.1","14.1","7.2"
"20210402","제주특별자치도","서귀포시","17.1","19.3","14.0","13.4","13.0","16.8","9.5","0.4","0.0","4.1","0.0","10.5","6.9","0.0","0.0","0.0","85.4","59.3","60.3","9.9","4.9","4.7","0.0","0.0","0.0","11.6","6.6","2.7"
"20210401","제주특별자치도","제주시","15.2","17.5","13.8","11.6","11.8","15.6","8.5","8.8","3.4","3.1","0.1","7.4","6.5","4.75","19.03","0.0","76.9","62.8","63.0","9.8","6.4","5.0","0.0","0.0","0.0","15.0","10.5","3.4"
"20210401","제주특별자치도","북제주군","15.6","18.9","13.5","10.7","11.3","14.5","8.4","18.6","0.4","2.3","0.1","9.2","6.9","3.21","19.7","0.0","76.5","68.9","70.1","10.0","5.0","0.0","0.0","0.0","0.0","12.9","19.8","7.5"
"20210401","제주특별자치도","서귀포시","15.0","17.0","13.4","14.2","13.0","16.8","9.5","23.9","3.1","4.0","0.1","6.3","7.0","0.0","0.0","0.0","84.5","66.0","60.9","9.5","6.3","4.8","0.0","0.0","0.0","13.1","9.8","2.7"
"20210331","제주특별자치도","제주시","16.2","20.6","12.1","13.9","11.8","15.4","8.5","0.0","0.6","3.0","4.6","10.0","6.3","13.98","23.3","0.0","58.6","66.8","63.4","8.1","4.3","5.2","0.0","0.0","0.0","12.2","9.5","3.4"
"20210331","제주특별자치도","북제주군","16.2","19.8","11.3","13.5","11.2","14.3","8.4","0.0","0.0","2.6","5.4","10.2","6.5","13.17","20.55","0.0","56.6","74.5","70.8","9.0","5.3","0.0","0.0","0.0","0.0","6.1","11.6","7.6"
"20210331","제주특별자치도","서귀포시","16.3","20.0","13.1","14.5","12.9","16.6","9.5","0.0","0.2","4.7","5.2","10.7","6.6","0.0","0.0","0.0","59.5","70.4","62.5","8.1","5.0","5.0","0.0","0.0","0.0","8.0","8.8","2.6"
"20210330","제주특별자치도","제주시","14.3","19.1","11.4","13.5","11.5","15.2","8.3","0.0","0.0","2.9","10.0","4.3","6.0","22.27","15.65","0.0","48.9","65.3","63.5","2.1","8.3","5.4","0.0","0.0","0.0","6.7","10.1","3.3"
"20210330","제주특별자치도","북제주군","13.4","18.1","10.9","13.3","11.0","14.2","8.2","0.0","0.0","2.6","10.5","5.4","6.3","21.55","14.99","0.0","66.4","67.0","70.9","4.8","8.5","0.0","0.0","0.0","0.0","11.5","9.8","7.5"
"20210330","제주특별자치도","서귀포시","15.5","19.3","12.8","13.6","12.8","16.4","9.3","0.0","0.0","4.7","9.4","4.4","6.6","0.0","0.0","0.0","60.8","69.8","63.0","3.0","8.0","5.2","0.0","0.0","0.0","6.0","9.6","2.6"
"20210329","제주특별자치도","제주시","15.2","17.8","12.0","11.2","11.5","15.1","8.2","0.0","0.0","1.8","8.0","3.8","5.8","18.2","14.73","0.0","50.9","67.8","63.2","6.8","8.0","5.4","0.0","0.0","0.0","10.1","10.1","3.3"
"20210329","제주특별자치도","북제주군","13.6","16.7","11.5","11.6","10.9","14.0","8.1","0.0","0.0","1.8","8.5","6.3","6.1","17.95","14.13","0.0","75.8","70.4","71.0","4.8","7.5","0.0","0.0","0.0","0.0","10.7","10.1","7.3"
"20210329","제주특별자치도","서귀포시","15.5","19.8","12.2","11.5","12.7","16.4","9.2","0.0","0.0","3.4","9.0","5.2","6.5","0.0","0.0","0.0","74.4","76.3","63.1","2.4","7.0","5.3","0.0","0.0","0.0","9.0","7.5","2.5"
"20210328","제주특별자치도","제주시","14.5","17.5","12.7","9.0","11.3","14.8","8.0","0.0","3.9","1.9","7.5","0.0","5.7","18.95","4.19","0.0","76.4","61.6","63.0","4.3","9.3","5.5","0.0","0.0","0.0","12.3","7.8","3.3"
"20210328","제주특별자치도","북제주군","13.3","15.8","11.5","8.3","10.8","13.9","7.9","0.0","4.2","2.0","0.8","0.0","6.0","8.02","3.62","0.0","94.8","66.1","70.6","7.6","8.8","0.0","0.0","0.0","0.0","14.8","17.0","7.1"
"20210328","제주특별자치도","서귀포시","15.6","20.9","12.3","10.8","12.5","16.2","8.9","0.0","7.0","3.4","9.3","0.0","6.3","0.0","0.0","0.0","80.5","93.5","62.7","2.6","8.5","5.5","0.0","0.0","0.0","8.4","4.6","2.6"
"20210327","제주특별자치도","제주시","17.5","21.5","12.2","12.0","11.0","14.4","7.8","4.2","0.0","1.6","0.4","0.7","5.5","3.98","2.68","0.0","73.1","82.5","62.5","8.1","8.4","5.6","0.0","0.0","0.0","14.1","12.5","3.3"
"20210327","제주특별자치도","북제주군","16.3","19.0","14.3","10.5","10.4","13.5","7.6","25.7","1.7","2.0","0.6","2.9","5.9","3.59","6.9","0.0","92.3","89.3","69.9","8.0","8.4","0.0","0.0","0.0","0.0","14.2","18.8","7.1"
"20210327","제주특별자치도","서귀포시","16.7","18.7","13.9","15.8","12.1","15.8","8.6","27.1","5.0","3.4","0.0","0.4","6.0","0.0","0.0","0.0","91.1","95.6","62.1","8.4","9.3","5.6","0.0","0.0","0.0","11.5","6.6","2.5"
"20210326","제주특별자치도","제주시","14.6","21.2","9.7","17.9","10.7","14.1","7.5","0.0","17.0","2.0","10.9","0.1","5.6","23.25","3.09","0.0","54.4","85.5","62.1","1.4","9.9","5.5","0.0","0.0","0.0","7.9","13.6","3.4"
"20210326","제주특별자치도","북제주군","15.2","21.0","9.9","16.2","10.2","13.3","7.4","0.0","26.8","1.8","11.7","0.0","6.0","22.75","0.88","0.0","73.5","96.5","69.2","0.9","9.5","0.0","0.0","0.0","0.0","10.5","13.6","7.1"
"20210326","제주특별자치도","서귀포시","15.8","20.2","10.2","16.7","11.8","15.5","8.3","0.0","80.4","3.0","11.4","0.0","6.3","0.0","0.0","0.0","58.6","96.3","61.2","0.5","10.0","5.6","0.0","0.0","0.0","3.7","9.9","2.6"
"20210325","제주특별자치도","제주시","14.1","17.7","11.6","16.3","10.5","13.8","7.4","0.0","0.0","2.4","11.0","9.1","5.8","23.36","21.87","0.0","66.5","56.4","62.4","1.6","3.9","5.5","0.0","0.0","0.0","5.0","11.7","3.4"
"20210325","제주특별자치도","북제주군","13.7","17.0","11.2","14.8","10.0","13.1","7.2","0.0","0.2","2.1","11.5","9.7","6.1","22.19","20.7","0.0","85.4","72.1","68.9","0.8","3.1","0.0","0.0","0.0","0.0","10.1","11.0","7.2"
"20210325","제주특별자치도","서귀포시","14.8","18.8","11.0","15.5","11.6","15.3","8.1","0.0","0.1","3.6","11.3","10.2","6.1","0.0","0.0","0.0","73.1","77.9","60.8","1.3","4.5","5.6","0.0","0.0","0.0","6.4","5.9","2.6"
"20210324","제주특별자치도","제주시","13.3","17.3","8.8","12.6","10.2","13.5","7.2","0.0","0.0","3.0","6.0","10.9","5.6","19.23","23.21","0.0","58.6","62.8","63.5","7.0","0.0","5.6","0.0","0.0","0.0","6.5","9.4","3.5"
"20210324","제주특별자치도","북제주군","14.5","18.7","10.8","11.7","9.7","12.8","7.0","0.0","0.0","2.7","7.7","11.6","5.9","17.27","22.26","0.0","73.5","70.8","69.4","6.8","0.6","0.0","0.0","0.0","0.0","8.7","10.1","7.5"
"20210324","제주특별자치도","서귀포시","14.0","18.1","8.9","13.6","11.5","15.2","8.0","0.0","0.0","4.5","5.6","9.4","6.1","0.0","0.0","0.0","71.8","63.4","61.3","6.9","1.4","5.7","0.0","0.0","0.0","3.3","4.2","2.6"
"20210323","제주특별자치도","제주시","12.3","16.5","9.0","12.7","10.2","13.6","7.2","0.0","0.0","3.3","10.9","10.9","5.4","22.39","22.76","0.0","53.8","51.6","64.3","0.0","1.9","5.8","0.0","0.0","0.0","12.3","7.9","3.6"
"20210323","제주특별자치도","북제주군","11.9","16.1","9.5","11.8","9.7","12.8","6.9","0.0","0.0","2.7","11.2","11.8","5.8","21.6","21.56","0.0","62.3","61.5","70.3","0.3","2.5","0.0","0.0","0.0","0.0","15.8","14.8","7.7"
"20210323","제주특별자치도","서귀포시","11.2","15.4","7.1","15.4","11.5","15.1","8.1","0.0","0.0","4.6","11.1","11.4","5.9","0.0","0.0","0.0","57.5","59.8","62.3","0.0","2.6","5.9","0.0","0.0","0.0","9.3","7.9","2.7"
"20210322","제주특별자치도","제주시","9.8","12.8","6.4","14.4","10.4","13.9","7.3","0.0","1.0","3.6","10.1","3.6","5.5","23.09","10.22","0.0","46.4","71.3","64.5","2.1","7.1","5.7","0.0","0.0","0.0","15.1","9.2","3.6"
"20210322","제주특별자치도","북제주군","9.1","12.7","5.9","13.3","9.8","13.1","6.9","0.0","0.0","2.7","11.2","5.7","5.7","22.27","12.85","0.0","56.3","83.3","71.2","1.0","6.8","0.0","0.0","0.0","0.0","25.6","12.8","7.6"
"20210322","제주특별자치도","서귀포시","9.0","12.7","5.2","17.3","11.6","15.2","8.3","0.0","0.0","5.0","11.0","3.4","5.8","0.0","0.0","0.0","50.6","99.0","63.6","2.0","9.0","5.9","0.0","0.0","0.0","13.0","4.4","2.8"
"20210321","제주특별자치도","제주시","9.2","12.5","7.3","17.4","10.6","14.2","7.3","0.0","0.0","3.3","5.0","9.8","5.4","15.88","19.83","0.0","61.5","45.0","64.7","7.9","3.8","5.7","0.0","0.0","0.0","17.8","8.8","3.5"
"20210321","제주특별자치도","북제주군","8.6","12.0","6.7","15.3","9.9","13.2","7.0","0.0","0.0","2.6","9.0","9.4","5.6","17.74","18.24","0.0","69.8","83.1","72.1","6.8","3.8","0.0","0.0","0.0","0.0","27.2","11.1","7.5"
"20210321","제주특별자치도","서귀포시","10.7","15.6","6.5","16.1","11.8","15.5","8.4","2.2","0.0","5.0","6.0","9.6","5.7","0.0","0.0","0.0","69.4","78.4","64.5","6.0","3.9","5.8","0.0","0.0","0.0","13.2","7.7","2.7"
"20210320","제주특별자치도","제주시","12.8","15.7","9.6","12.0","10.7","14.4","7.3","7.6","0.0","3.8","0.0","10.9","5.1","2.41","22.86","0.0","92.5","37.4","65.0","10.0","0.0","5.7","0.0","0.0","0.0","10.4","10.5","3.5"
"20210320","제주특별자치도","북제주군","13.1","17.2","8.7","11.5","10.1","13.3","7.0","1.7","0.0","3.4","0.0","11.7","5.4","2.53","22.19","0.0","95.3","52.0","72.8","9.1","0.0","0.0","0.0","0.0","0.0","18.7","18.2","7.5"
"20210320","제주특별자치도","서귀포시","15.5","19.1","12.8","11.3","11.9","15.6","8.5","6.3","0.0","6.4","0.1","11.5","5.6","0.0","0.0","0.0","97.9","46.3","65.9","10.0","0.0","5.6","0.0","0.0","0.0","9.2","7.8","2.7"
"20210319","제주특별자치도","제주시","14.2","16.2","12.9","13.9","10.8","14.6","7.2","6.2","0.0","3.4","0.1","8.8","5.3","7.46","16.67","0.0","77.5","46.3","64.3","9.1","1.8","5.6","0.0","0.0","0.0","11.4","17.7","3.4"
"20210319","제주특별자치도","북제주군","14.5","19.8","11.1","11.5","10.1","13.4","7.0","13.3","0.0","3.1","5.2","8.5","5.5","14.67","15.9","0.0","85.0","74.6","72.5","8.0","2.8","0.0","0.0","0.0","0.0","8.5","20.7","7.4"
"20210319","제주특별자치도","서귀포시","14.4","17.1","13.2","13.4","11.9","15.6","8.3","8.2","0.0","5.9","5.2","10.2","5.7","0.0","0.0","0.0","84.5","66.4","65.8","8.4","2.9","5.5","0.0","0.0","0.0","10.0","12.7","2.7"
"20210318","제주특별자치도","제주시","13.7","17.1","10.8","14.0","10.7","14.4","7.2","0.0","0.0","3.3","5.7","10.4","5.3","18.94","19.36","0.0","74.6","69.9","64.0","6.6","0.9","5.7","0.0","0.0","0.0","12.5","6.7","3.3"
"20210318","제주특별자치도","북제주군","13.5","19.4","6.7","13.4","10.1","13.4","7.0","0.0","0.0","3.2","8.5","8.9","5.6","19.09","18.12","0.0","80.0","87.3","72.3","4.4","3.6","0.0","0.0","0.0","0.0","8.6","8.6","7.4"
"20210318","제주특별자치도","서귀포시","14.0","18.4","8.6","13.2","11.7","15.5","8.2","0.0","0.0","5.9","8.8","9.9","5.7","0.0","0.0","0.0","75.9","90.3","65.4","5.4","1.4","5.4","0.0","0.0","0.0","9.1","6.7","2.7"
"20210317","제주특별자치도","제주시","11.3","15.7","6.3","13.0","10.5","14.2","7.0","0.0","0.0","4.0","9.5","10.0","5.3","21.33","21.54","0.0","66.0","51.8","64.4","2.3","2.0","5.7","0.0","0.0","0.0","9.6","11.5","3.4"
"20210317","제주특별자치도","북제주군","11.3","14.5","7.6","11.5","10.0","13.1","6.8","0.0","0.0","3.8","10.0","10.7","5.6","20.34","20.97","0.0","75.0","77.6","72.2","2.6","3.6","0.0","0.0","0.0","0.0","11.7","9.8","7.5"
"20210317","제주특별자치도","서귀포시","13.7","17.9","9.0","11.4","11.6","15.3","7.9","0.0","0.0","6.8","10.0","11.1","5.9","0.0","0.0","0.0","70.8","80.1","64.8","2.6","3.1","5.3","0.0","0.0","0.0","6.0","8.5","2.7"
"20210316","제주특별자치도","제주시","12.6","19.1","7.9","7.3","10.3","14.0","6.9","3.1","0.0","4.1","6.1","8.8","5.1","13.61","20.51","0.0","75.8","53.5","64.2","4.8","5.3","5.6","0.0","0.0","0.0","13.5","14.8","3.5"
"20210316","제주특별자치도","북제주군","11.4","16.1","7.9","6.8","9.9","13.0","6.7","4.2","0.0","4.1","6.9","10.8","5.6","15.1","20.48","0.0","87.4","62.6","71.4","4.1","5.0","0.0","0.0","0.0","0.0","14.1","24.2","7.6"
"20210316","제주특별자치도","서귀포시","15.1","17.5","12.6","7.6","11.4","15.1","7.7","25.4","0.0","7.1","2.7","11.1","5.9","0.0","0.0","0.0","89.0","55.3","63.8","5.8","3.8","5.4","0.0","0.0","0.0","10.9","10.6","2.7"
"20210315","제주특별자치도","제주시","13.9","19.2","7.9","11.1","10.0","13.8","6.5","0.0","0.0","3.4","6.4","10.6","5.4","16.49","21.49","0.0","63.3","50.8","63.1","8.1","1.8","5.5","0.0","0.0","0.0","9.8","16.7","3.5"
"20210315","제주특별자치도","북제주군","14.2","17.5","8.2","11.0","9.7","13.0","6.6","0.0","0.0","3.2","6.4","11.0","5.9","13.77","20.16","0.0","80.6","59.5","70.2","7.5","1.4","0.0","0.0","0.0","0.0","12.0","25.3","7.5"
"20210315","제주특별자치도","서귀포시","14.6","17.3","10.1","10.9","11.1","14.9","7.4","0.6","0.0","5.9","4.8","10.7","6.1","0.0","0.0","0.0","78.8","50.5","62.5","7.9","1.8","5.3","0.0","0.0","0.0","9.8","11.2","2.8"
"20210314","제주특별자치도","제주시","11.4","15.2","8.5","8.4","9.8","13.4","6.3","0.0","0.0","3.3","10.4","7.0","5.5","20.32","18.2","0.0","64.1","48.6","62.2","0.6","2.1","5.4","0.0","0.0","0.0","4.9","14.2","3.6"
"20210314","제주특별자치도","북제주군","10.9","13.0","8.5","7.8","9.5","12.7","6.3","0.0","0.0","3.3","10.7","10.8","6.0","20.19","21.16","0.0","76.6","59.1","69.1","0.4","1.8","0.0","0.0","0.0","0.0","8.2","20.3","7.7"
"20210314","제주특별자치도","서귀포시","13.0","17.7","8.5","9.6","10.8","14.5","7.1","0.0","0.0","5.9","10.7","10.9","6.1","0.0","0.0","0.0","68.4","43.9","61.4","0.3","1.9","5.3","0.0","0.0","0.0","7.4","9.6","2.8"
"20210313","제주특별자치도","제주시","11.7","14.7","9.4","11.2","9.4","13.0","5.9","0.0","0.0","2.9","8.3","3.7","5.8","18.33","13.45","0.0","75.4","56.8","61.2","3.5","8.3","5.2","0.0","0.0","0.0","6.6","9.4","3.6"
"20210313","제주특별자치도","북제주군","10.9","13.9","9.0","10.4","9.1","12.4","6.0","0.0","0.0","2.9","10.8","1.9","6.1","18.32","9.18","0.0","84.5","67.3","67.6","4.3","9.4","0.0","0.0","0.0","0.0","11.1","14.2","7.7"
"20210313","제주특별자치도","서귀포시","11.8","15.2","8.2","12.8","10.5","14.3","6.8","0.0","0.0","4.9","7.8","0.8","6.3","0.0","0.0","0.0","80.1","69.7","60.2","3.5","9.4","5.2","0.0","0.0","0.0","4.8","4.1","2.7"
"20210312","제주특별자치도","제주시","11.3","13.4","10.3","9.4","9.2","12.7","5.7","14.2","0.0","2.3","0.0","9.9","5.9","2.0","21.34","0.0","88.3","58.9","60.7","9.6","2.5","5.1","0.0","0.0","0.0","11.4","5.1","3.6"
"20210312","제주특별자치도","북제주군","11.1","13.7","9.4","9.4","8.9","12.2","5.8","7.2","0.0","2.3","2.9","10.2","6.2","7.58","20.45","0.0","93.1","62.3","67.0","7.3","3.3","0.0","0.0","0.0","0.0","20.0","9.0","8.0"
"20210312","제주특별자치도","서귀포시","13.6","17.4","10.8","10.0","10.3","14.2","6.7","12.5","0.0","3.7","6.0","9.8","6.4","0.0","0.0","0.0","85.9","65.1","59.3","5.9","4.1","5.0","0.0","0.0","0.0","7.9","5.5","2.7"
"20210311","제주특별자치도","제주시","14.1","19.0","10.9","8.4","9.0","12.5","5.6","7.6","0.0","2.5","3.7","10.7","5.7","12.58","21.98","0.0","77.0","49.1","60.5","8.9","1.5","5.2","0.0","0.0","0.0","12.7","15.5","3.7"
"20210311","제주특별자치도","북제주군","13.8","19.2","7.5","7.9","8.6","11.9","5.6","12.0","0.0","2.2","4.2","11.3","6.0","10.55","21.21","0.0","83.1","56.8","67.1","9.0","1.3","0.0","0.0","0.0","0.0","9.1","24.1","8.2"
"20210311","제주특별자치도","서귀포시","14.3","18.2","11.1","9.0","10.1","14.0","6.5","21.7","0.0","3.7","4.2","11.2","6.3","0.0","0.0","0.0","82.1","46.3","59.8","9.1","0.8","5.1","0.0","0.0","0.0","6.4","9.3","2.7"
"20210310","제주특별자치도","제주시","11.5","16.5","7.0","9.6","8.8","12.2","5.5","0.0","21.5","2.7","10.2","0.0","5.6","19.45","1.38","0.0","62.1","79.9","60.5","0.8","8.0","5.3","0.0","0.0","0.0","11.2","16.6","3.8"
"20210310","제주특별자치도","북제주군","11.0","16.8","7.8","8.8","8.4","11.6","5.5","0.0","0.4","2.2","10.6","0.2","5.8","19.2","3.44","0.0","71.8","83.3","66.9","1.4","7.6","0.0","0.0","0.0","0.0","14.5","26.3","8.2"
"20210310","제주특별자치도","서귀포시","12.7","18.1","8.0","11.4","9.9","13.7","6.3","0.0","0.6","3.2","10.3","4.0","6.2","0.0","0.0","0.0","67.0","81.4","60.0","1.4","7.1","5.1","0.0","0.0","0.0","8.3","13.1","2.7"
"20210309","제주특별자치도","제주시","10.6","13.5","7.9","13.1","8.6","12.0","5.5","0.0","25.3","2.8","2.5","0.0","5.4","11.76","2.55","0.0","59.5","80.9","61.8","6.5","9.6","5.4","0.0","0.0","0.0","6.6","13.0","3.8"
"20210309","제주특별자치도","북제주군","10.1","11.9","8.5","12.0","8.2","11.3","5.5","0.0","22.1","1.9","3.8","0.0","5.6","11.37","2.97","0.0","71.6","89.1","68.0","6.3","9.5","0.0","0.0","0.0","0.0","12.1","11.0","8.4"
"20210309","제주특별자치도","서귀포시","11.6","14.5","8.9","13.0","9.8","13.5","6.4","0.0","30.0","2.8","3.0","0.0","6.2","0.0","0.0","0.0","72.6","94.1","60.6","6.4","9.8","5.0","0.0","0.0","0.0","4.3","11.9","2.7"
"20210308","제주특별자치도","제주시","10.4","12.7","8.7","12.0","8.7","12.0","5.6","0.0","0.0","3.5","6.9","10.7","5.0","16.14","20.69","0.0","72.5","70.6","63.0","6.6","1.9","5.6","0.0","0.0","0.0","7.0","10.6","3.9"
"20210308","제주특별자치도","북제주군","9.7","13.1","8.0","11.3","8.3","11.3","5.6","0.0","0.0","2.1","9.1","8.2","5.3","18.18","16.29","0.0","81.6","76.5","69.6","6.8","3.4","0.0","0.0","0.0","0.0","9.3","8.8","8.6"
"20210308","제주특별자치도","서귀포시","10.7","15.5","6.6","12.0","9.9","13.5","6.5","0.0","0.0","3.1","9.1","10.8","5.9","0.0","0.0","0.0","74.1","82.4","61.8","3.6","2.4","5.1","0.0","0.0","0.0","6.6","5.8","2.8"
"20210307","제주특별자치도","제주시","10.1","11.1","9.1","10.3","8.7","12.0","5.6","0.0","8.1","3.8","0.9","0.0","4.9","7.71","2.1","0.0","72.4","84.3","63.6","8.8","9.4","5.8","0.0","0.0","0.0","13.1","8.3","3.8"
"20210307","제주특별자치도","북제주군","9.9","12.5","8.2","10.2","8.4","11.3","5.6","0.0","5.6","2.5","2.1","0.6","5.1","9.71","4.48","0.0","76.9","89.6","70.2","7.9","7.9","0.0","0.0","0.0","0.0","10.7","10.3","8.4"
"20210307","제주특별자치도","서귀포시","9.6","12.1","7.3","11.3","9.9","13.5","6.4","0.0","8.9","3.7","0.9","0.1","5.8","0.0","0.0","0.0","78.4","94.4","63.0","7.1","8.9","5.2","0.0","0.0","0.0","9.1","3.0","2.8"
"20210306","제주특별자치도","제주시","11.3","14.2","9.2","7.4","8.7","11.9","5.5","0.0","0.0","3.8","0.0","9.4","4.8","7.39","18.62","0.0","75.3","65.3","64.2","9.1","3.3","5.8","0.0","0.0","0.0","13.3","5.2","3.9"
"20210306","제주특별자치도","북제주군","11.2","15.1","9.1","7.8","8.4","11.3","5.6","0.0","0.0","2.5","0.2","9.0","5.0","8.17","16.91","0.0","83.4","73.8","70.2","9.3","4.6","0.0","0.0","0.0","0.0","10.4","7.6","8.4"
"20210306","제주특별자치도","서귀포시","12.5","17.5","10.3","9.9","9.7","13.3","6.3","0.0","0.0","3.3","0.6","9.5","5.7","0.0","0.0","0.0","75.4","72.0","63.4","9.3","7.1","5.2","0.0","0.0","0.0","11.4","5.5","2.8"
"20210305","제주특별자치도","제주시","11.9","14.2","10.7","6.1","8.6","11.9","5.5","0.1","0.0","3.6","6.0","8.3","4.4","16.24","18.57","0.0","82.0","55.3","64.8","7.3","2.8","5.9","0.0","0.0","0.0","8.6","17.1","3.8"
"20210305","제주특별자치도","북제주군","11.0","12.6","10.1","5.5","8.3","11.2","5.6","0.0","0.0","2.3","8.2","9.0","4.8","16.65","17.15","0.0","88.4","60.8","70.3","8.0","4.5","0.0","0.0","0.0","0.0","11.7","23.6","8.4"
"20210305","제주특별자치도","서귀포시","13.4","16.0","11.2","7.4","9.7","13.2","6.4","0.1","0.0","3.6","6.7","10.9","5.5","0.0","0.0","0.0","86.0","54.9","63.4","8.8","1.8","5.4","0.0","0.0","0.0","5.5","6.4","2.8"
"20210304","제주특별자치도","제주시","10.9","12.0","9.2","8.0","8.5","11.8","5.4","26.9","0.0","3.2","0.0","5.0","4.7","2.58","13.9","0.0","82.4","58.6","64.0","9.9","7.9","5.8","0.0","0.0","0.0","11.8","17.0","3.7"
"20210304","제주특별자치도","북제주군","10.3","11.3","8.6","7.2","8.3","11.2","5.5","31.8","0.0","2.1","0.0","8.1","5.0","2.97","15.8","0.0","93.4","68.5","69.2","9.0","7.8","0.0","0.0","0.0","0.0","15.3","26.1","8.2"
"20210304","제주특별자치도","서귀포시","11.9","13.7","9.9","10.1","9.7","13.2","6.3","35.2","0.0","3.2","0.0","5.4","5.5","0.0","0.0","0.0","91.6","60.6","62.7","9.9","8.0","5.5","0.0","0.0","0.0","8.8","10.5","2.8"
"20210303","제주특별자치도","제주시","9.2","12.8","4.8","10.7","8.3","11.6","5.3","0.0","0.0","2.9","10.0","0.4","4.7","17.64","7.49","0.0","60.6","70.3","63.8","5.1","9.1","5.9","0.0","0.0","0.0","11.7","9.7","3.7"
"20210303","제주특별자치도","북제주군","8.7","13.8","4.8","9.5","8.0","10.9","5.4","0.0","0.0","2.1","9.2","1.0","5.1","16.12","4.17","0.0","70.9","79.8","68.5","4.9","9.5","0.0","0.0","0.0","0.0","9.4","12.5","8.4"
"20210303","제주특별자치도","서귀포시","9.4","12.7","4.7","11.8","9.6","13.1","6.2","0.0","0.0","3.1","9.8","0.2","5.5","0.0","0.0","0.0","63.6","74.9","62.2","5.1","9.5","5.6","0.0","0.0","0.0","8.0","5.1","2.7"
"20210302","제주특별자치도","제주시","7.5","9.8","6.2","8.0","8.3","11.6","5.3","0.0","0.0","2.9","5.8","8.5","4.4","14.26","18.16","0.0","67.4","61.9","64.0","6.9","4.1","6.1","0.0","0.0","0.0","13.9","11.6","3.7"
"20210302","제주특별자치도","북제주군","6.2","8.1","4.7","7.4","8.0","10.9","5.3","0.0","0.0","2.2","7.7","10.6","4.9","15.21","16.86","0.0","77.3","69.0","68.9","5.4","5.8","0.0","0.0","0.0","0.0","25.3","17.2","8.4"
"20210302","제주특별자치도","서귀포시","9.4","13.7","4.8","10.4","9.6","13.1","6.3","0.0","0.0","2.8","10.6","10.8","5.2","0.0","0.0","0.0","60.9","69.1","62.8","2.8","3.5","5.8","0.0","0.0","0.0","11.1","7.6","2.7"
"20210301","제주특별자치도","제주시","15.5","21.9","7.8","11.2","8.3","11.6","5.3","11.2","4.2","2.5","0.1","0.0","4.6","2.33","1.31","0.0","78.3","86.1","63.9","9.9","9.9","6.0","0.0","0.0","0.0","14.2","11.6","3.6"
"20210301","제주특별자치도","북제주군","13.7","17.0","7.3","11.1","8.0","10.9","5.3","15.9","0.2","2.0","0.0","0.0","5.2","2.25","2.22","0.0","97.6","89.1","69.0","9.1","10.0","0.0","0.0","0.0","0.0","23.0","14.9","8.3"
"20210301","제주특별자치도","서귀포시","14.9","16.9","10.8","12.5","9.7","13.2","6.4","17.0","0.0","2.8","0.0","0.0","5.4","0.0","0.0","0.0","96.1","97.1","62.8","9.9","10.0","5.7","0.0","0.0","0.0","12.9","5.9","2.6"
"20210228","제주특별자치도","제주시","14.4","17.1","11.3","10.4","8.2","11.5","5.3","0.1","3.7","3.0","1.1","0.0","4.7","10.34","2.08","0.0","72.5","75.4","64.4","8.6","9.6","6.0","0.0","0.0","0.0","12.8","10.3","3.5"
"20210228","제주특별자치도","북제주군","14.5","17.7","10.7","10.1","7.9","10.8","5.2","0.0","4.1","2.4","1.2","0.0","5.2","8.59","2.21","0.0","77.3","81.9","69.7","7.0","9.3","0.0","0.0","0.0","0.0","13.4","10.3","8.2"
"20210228","제주특별자치도","서귀포시","13.7","15.9","10.6","10.0","9.7","13.2","6.4","1.0","7.3","2.9","0.8","0.0","5.4","0.0","0.0","0.0","84.5","85.9","63.4","9.5","9.8","5.8","0.0","0.0","0.0","9.3","6.4","2.6"
"20210227","제주특별자치도","제주시","11.4","12.6","10.8","10.0","8.4","11.7","5.5","0.0","0.0","3.1","0.7","3.1","4.4","7.22","10.56","0.0","63.1","63.8","64.9","9.3","3.0","6.2","0.0","0.0","0.0","20.0","10.1","3.5"
"20210227","제주특별자치도","북제주군","11.7","16.3","10.0","9.5","8.0","10.9","5.3","0.0","0.0","2.5","3.8","8.1","4.9","8.95","16.37","0.0","63.4","72.1","70.5","8.9","4.9","0.0","0.0","0.0","0.0","16.5","12.3","8.1"
"20210227","제주특별자치도","서귀포시","11.2","12.5","10.5","11.2","9.8","13.2","6.5","0.0","0.0","3.2","2.2","9.0","5.1","0.0","0.0","0.0","71.3","74.1","64.5","9.1","3.9","5.9","0.0","0.0","0.0","17.1","7.4","2.5"
"20210226","제주특별자치도","제주시","11.2","13.0","9.8","11.4","8.3","11.6","5.3","5.4","0.1","2.7","0.0","0.0","4.4","3.21","3.7","0.0","74.0","82.0","64.4","9.9","7.1","6.1","0.0","0.0","0.0","22.2","6.4","3.4"
"20210226","제주특별자치도","북제주군","11.1","14.1","9.5","10.8","8.1","11.1","5.2","0.5","0.0","2.3","4.0","3.0","5.0","12.21","9.34","0.0","78.4","88.0","70.0","9.1","7.3","0.0","0.0","0.0","0.0","20.8","12.4","7.7"
"20210226","제주특별자치도","서귀포시","11.2","12.9","9.7","13.3","9.7","13.2","6.4","3.3","0.0","3.0","0.4","5.0","5.1","0.0","0.0","0.0","79.9","91.9","64.3","9.8","7.1","5.8","0.0","0.0","0.0","18.3","7.0","2.5"
"20210225","제주특별자치도","제주시","11.6","15.2","9.8","16.6","8.1","11.3","5.0","19.6","0.1","2.1","2.2","2.5","4.8","7.03","9.47","0.0","71.3","79.8","63.7","8.3","9.8","5.9","0.0","0.0","0.0","13.4","18.6","3.4"
"20210225","제주특별자치도","북제주군","10.7","16.1","7.7","14.8","7.8","10.8","5.1","9.1","0.0","1.6","2.3","0.0","5.5","6.1","2.55","0.0","81.5","96.1","69.0","7.9","9.6","0.0","0.0","0.0","0.0","12.6","15.4","7.8"
"20210225","제주특별자치도","서귀포시","11.6","13.8","9.9","16.0","9.4","13.0","6.1","7.1","0.2","2.3","1.7","0.1","5.7","0.0","0.0","0.0","79.1","99.0","62.8","7.4","9.5","5.5","0.0","0.0","0.0","12.6","8.8","2.5"
"20210224","제주특별자치도","제주시","9.9","13.2","5.2","11.5","7.9","11.2","4.8","0.0","0.0","2.4","9.6","9.0","4.5","16.95","14.76","0.0","62.0","52.1","64.0","2.4","5.5","6.0","0.0","0.0","0.0","8.8","5.3","3.5"
"20210224","제주특별자치도","북제주군","9.7","15.4","6.2","12.5","7.7","10.8","4.8","0.0","0.0","2.1","10.0","8.7","5.1","16.7","13.85","0.0","69.4","78.5","69.1","2.5","5.9","0.0","0.0","0.0","0.0","12.1","10.6","7.8"
"20210224","제주특별자치도","서귀포시","11.3","15.3","7.0","12.8","9.3","13.0","5.9","0.0","0.0","2.8","10.3","8.4","5.5","0.0","0.0","0.0","61.0","75.4","63.2","1.6","6.1","5.5","0.0","0.0","0.0","7.7","5.0","2.5"
"20210223","제주특별자치도","제주시","7.5","10.6","5.0","7.8","7.8","11.1","4.6","0.0","0.0","2.1","8.9","9.6","4.7","17.18","18.7","0.0","52.0","55.9","63.0","4.8","1.8","5.9","0.0","0.0","0.0","6.5","9.1","3.6"
"20210223","제주특별자치도","북제주군","6.8","8.2","5.2","7.5","7.6","10.6","4.7","0.0","0.0","2.1","9.2","10.6","5.3","16.08","18.54","0.0","65.9","63.8","68.2","5.5","0.9","0.0","0.0","0.0","0.0","15.2","15.5","8.0"
"20210223","제주특별자치도","서귀포시","11.9","14.4","9.6","8.2","9.1","12.7","5.7","0.0","0.0","3.4","9.5","10.7","5.7","0.0","0.0","0.0","51.1","66.5","62.6","5.4","0.6","5.3","0.0","0.0","0.0","6.6","4.8","2.6"
"20210222","제주특별자치도","제주시","15.3","23.4","8.7","10.8","7.5","10.9","4.3","0.0","0.0","1.9","9.2","7.0","5.0","16.44","14.07","0.0","47.8","58.3","62.5","0.9","5.0","5.6","0.0","0.0","0.0","14.1","13.7","3.7"
"20210222","제주특별자치도","북제주군","12.3","19.8","8.1","10.2","7.3","10.4","4.4","0.0","0.2","2.0","9.5","8.0","5.7","15.33","14.31","0.0","88.0","67.1","67.3","2.4","2.8","0.0","0.0","0.0","0.0","17.3","19.7","8.4"
"20210222","제주특별자치도","서귀포시","15.9","23.6","12.4","10.9","8.8","12.6","5.3","0.0","0.0","3.5","10.0","8.3","6.2","0.0","0.0","0.0","74.1","61.5","61.6","1.5","2.3","4.9","0.0","0.0","0.0","8.9","10.3","2.6"
"20210221","제주특별자치도","제주시","18.9","23.7","16.4","12.4","7.3","10.7","4.2","0.0","0.0","2.4","10.6","5.5","4.8","18.23","11.39","0.0","39.3","56.9","62.6","0.1","4.8","5.7","0.0","0.0","0.0","18.7","10.7","3.8"
"20210221","제주특별자치도","북제주군","15.2","16.3","13.9","12.6","7.1","10.1","4.3","0.0","0.1","2.4","10.5","5.6","5.5","16.9","10.5","0.0","83.4","74.4","67.3","1.0","4.3","0.0","0.0","0.0","0.0","18.0","16.3","8.6"
"20210221","제주특별자치도","서귀포시","15.7","18.4","12.8","12.7","8.6","12.4","5.2","0.0","1.7","4.6","10.2","5.3","6.1","0.0","0.0","0.0","73.4","79.6","61.7","2.0","5.4","4.9","0.0","0.0","0.0","8.8","7.8","2.6"
"20210220","제주특별자치도","제주시","15.6","17.7","11.7","10.0","7.1","10.4","4.1","0.0","0.0","2.3","10.2","10.1","4.4","16.43","17.29","0.0","45.1","59.5","62.2","0.0","2.4","5.9","0.0","0.0","0.0","16.2","7.1","3.8"
"20210220","제주특별자치도","북제주군","13.9","16.2","10.7","9.3","6.9","9.9","4.1","0.0","0.0","2.3","10.2","10.3","5.1","15.55","16.83","0.0","76.4","68.9","66.7","0.0","2.6","0.0","0.0","0.0","0.0","18.9","9.2","8.6"
"20210220","제주특별자치도","서귀포시","13.1","16.6","9.1","10.2","8.4","12.1","5.0","0.0","0.0","4.6","10.1","9.7","5.8","0.0","0.0","0.0","74.4","68.1","61.8","0.0","2.9","5.1","0.0","0.0","0.0","11.6","4.5","2.7"
"20210219","제주특별자치도","제주시","8.5","13.4","2.8","6.6","6.8","9.9","4.0","0.0","0.0","2.1","10.6","6.2","4.5","18.28","15.29","0.0","51.5","58.6","62.0","1.6","4.6","5.9","0.0","0.0","0.0","11.1","4.9","3.9"
"20210219","제주특별자치도","북제주군","8.3","12.8","3.1","6.8","6.6","9.5","4.0","0.0","0.0","1.6","10.3","9.8","5.3","17.11","16.12","0.0","72.0","65.4","66.2","0.9","5.9","0.0","0.0","0.0","0.0","18.2","9.4","8.9"
"20210219","제주특별자치도","서귀포시","7.2","11.5","1.3","7.7","8.2","11.9","4.9","0.0","0.0","3.9","10.3","2.0","6.1","0.0","0.0","0.0","74.3","74.8","61.1","1.0","6.8","5.2","0.0","0.0","0.0","10.5","5.2","2.7"
"20210218","제주특별자치도","제주시","2.5","3.8","-1.0","4.9","6.6","9.7","3.8","1.9","0.1","1.9","0.4","4.2","4.0","4.06","11.29","0.0","68.3","57.9","62.4","8.8","4.5","6.2","1.6","0.0","0.0","20.6","19.5","4.0"
"20210218","제주특별자치도","북제주군","2.1","3.7","-0.7","4.9","6.4","9.3","3.9","0.0","0.0","1.5","2.9","5.9","4.9","6.42","10.4","0.0","79.0","67.5","66.6","9.1","5.8","0.0","0.0","0.0","0.0","28.9","27.4","9.2"
"20210218","제주특별자치도","서귀포시","2.0","4.6","-2.1","5.3","8.2","11.9","4.8","0.7","0.5","3.3","9.1","9.9","5.9","0.0","0.0","0.0","69.6","62.6","61.2","5.6","3.0","5.5","0.9","0.2","0.0","13.5","17.8","2.7"
"20210217","제주특별자치도","제주시","1.3","3.8","-1.2","2.6","6.6","9.6","3.9","0.9","2.0","2.5","1.5","0.5","3.7","6.94","4.61","0.0","61.8","71.6","63.2","8.4","8.4","6.4","0.4","0.0","0.0","20.8","23.5","3.9"
"20210217","제주특별자치도","북제주군","1.1","3.7","-2.3","2.2","6.4","9.2","3.9","0.0","2.3","1.8","4.0","3.3","4.5","7.53","6.74","0.0","75.9","84.9","66.9","7.9","8.5","0.0","0.0","0.0","0.0","32.1","32.5","9.2"
"20210217","제주특별자치도","서귀포시","0.7","3.9","-2.3","1.5","8.2","11.8","5.0","1.2","5.9","3.8","7.8","4.4","5.4","0.0","0.0","0.0","64.3","78.4","62.4","7.8","7.8","5.8","0.9","1.6","0.0","12.2","11.8","2.6"
"20210216","제주특별자치도","제주시","5.7","9.1","3.3","5.4","6.7","9.8","3.9","0.0","7.0","2.3","7.0","0.0","3.7","14.7","2.7","0.0","58.5","74.4","63.4","6.1","9.6","6.5","0.0","0.0","0.0","18.1","18.1","3.9"
"20210216","제주특별자치도","북제주군","5.8","10.3","3.0","4.9","6.6","9.4","3.9","0.1","3.1","1.6","7.2","0.4","4.5","13.02","2.61","0.0","68.9","82.9","67.4","6.4","9.6","0.0","0.0","0.0","0.0","25.9","26.7","9.1"
"20210216","제주특별자치도","서귀포시","6.2","9.4","2.9","7.0","8.3","11.9","5.1","0.2","2.2","3.0","8.7","2.5","5.3","0.0","0.0","0.0","63.4","77.8","62.7","4.0","8.8","6.0","0.0","0.0","0.0","11.6","16.0","2.6"
"20210215","제주특별자치도","제주시","7.5","12.4","3.5","16.2","6.9","10.0","4.0","0.0","0.8","2.2","0.5","4.7","4.0","3.33","11.47","0.0","70.4","75.8","63.1","8.9","8.8","6.3","0.0","0.0","0.0","14.8","11.7","3.9"
"20210215","제주특별자치도","북제주군","7.1","12.0","2.8","15.0","6.7","9.4","4.1","0.0","2.7","1.7","2.9","3.3","4.7","4.48","9.7","0.0","83.1","82.6","67.8","9.0","8.3","0.0","0.0","0.0","0.0","25.2","13.4","9.1"
"20210215","제주특별자치도","서귀포시","9.7","14.3","3.4","15.6","8.5","12.1","5.1","0.0","2.2","3.0","9.4","3.0","5.6","0.0","0.0","0.0","65.6","95.8","63.1","3.4","9.1","5.8","0.0","0.0","0.0","12.0","7.5","2.6"
"20210214","제주특별자치도","제주시","13.3","16.0","10.8","13.6","7.0","10.2","4.0","2.4","0.0","2.3","0.4","9.1","4.2","5.44","16.04","0.0","80.1","75.8","62.7","9.4","5.0","6.0","0.0","0.0","0.0","7.3","5.0","3.9"
"20210214","제주특별자치도","북제주군","13.8","17.5","11.4","13.1","6.8","9.5","4.1","7.4","0.0","2.2","1.5","8.7","4.8","6.52","14.03","0.0","86.8","83.5","67.7","8.0","5.9","0.0","0.0","0.0","0.0","15.4","6.6","9.2"
"20210214","제주특별자치도","서귀포시","15.6","18.9","12.9","13.7","8.5","12.1","5.0","10.6","0.0","3.7","1.6","8.8","5.6","0.0","0.0","0.0","80.6","89.9","62.7","7.9","5.6","5.5","0.0","0.0","0.0","6.2","5.1","2.5"
"20210213","제주특별자치도","제주시","13.0","16.3","10.1","12.3","7.0","10.1","4.0","0.0","0.0","2.5","5.3","4.9","4.4","12.72","12.37","0.0","56.0","74.6","62.7","5.4","7.6","5.9","0.0","0.0","0.0","7.4","7.7","3.9"
"20210213","제주특별자치도","북제주군","13.6","18.3","11.3","11.7","6.9","9.6","4.2","0.0","0.0","2.2","7.5","7.9","4.9","13.9","14.95","0.0","70.4","80.6","67.8","3.4","7.5","0.0","0.0","0.0","0.0","8.4","12.5","9.1"
"20210213","제주특별자치도","서귀포시","14.2","18.6","10.6","12.1","8.4","12.0","4.9","0.0","0.0","3.6","6.6","9.1","5.6","0.0","0.0","0.0","57.5","91.0","62.9","5.3","6.5","5.4","0.0","0.0","0.0","4.6","5.6","2.6"
"20210212","제주특별자치도","제주시","12.2","14.1","10.2","13.3","6.8","9.9","3.8","0.0","1.1","2.2","1.6","0.4","4.2","9.17","5.5","0.0","57.0","83.5","62.4","9.3","9.3","6.0","0.0","0.0","0.0","5.5","10.7","3.8"
"20210212","제주특별자치도","북제주군","12.3","14.9","9.2","12.7","6.6","9.4","4.0","0.0","14.9","1.8","0.5","0.5","4.9","6.38","1.97","0.0","57.8","93.9","67.8","6.9","9.8","0.0","0.0","0.0","0.0","9.7","14.1","9.1"
"20210212","제주특별자치도","서귀포시","11.9","14.0","9.6","12.6","8.1","11.8","4.6","0.0","60.1","2.8","0.0","0.3","5.8","0.0","0.0","0.0","62.0","98.3","62.2","10.0","7.4","5.3","0.0","0.0","0.0","5.0","11.7","2.6"
"20210211","제주특별자치도","제주시","9.7","13.0","6.0","11.2","6.4","9.4","3.5","0.0","0.0","1.7","0.0","2.1","4.0","6.8","7.92","0.0","69.8","57.9","62.4","9.0","8.0","6.0","0.0","0.0","0.0","7.0","5.4","4.0"
"20210211","제주특별자치도","북제주군","10.1","12.8","7.0","11.0","6.3","8.9","3.7","0.0","1.9","1.6","0.0","1.6","4.7","5.67","5.4","0.0","72.9","74.8","67.7","9.9","7.4","0.0","0.0","0.0","0.0","7.7","10.8","9.4"
"20210211","제주특별자치도","서귀포시","10.9","13.3","8.1","10.9","7.7","11.4","4.2","0.0","3.7","2.8","0.0","1.1","5.9","0.0","0.0","0.0","68.6","74.0","61.7","9.3","8.6","5.2","0.0","0.0","0.0","5.8","4.0","2.5"
"20210210","제주특별자치도","제주시","7.0","10.9","3.1","10.6","6.1","9.0","3.4","0.0","0.0","1.9","9.0","6.2","3.4","14.01","12.39","0.0","64.6","66.4","63.5","6.8","2.9","6.4","0.0","0.0","0.0","4.9","11.3","4.1"
"20210210","제주특별자치도","북제주군","7.4","10.8","5.1","11.3","6.0","8.7","3.6","0.0","0.0","1.7","9.0","8.7","4.2","13.7","12.46","0.0","70.8","68.0","68.4","6.4","2.3","0.0","0.0","0.0","0.0","8.4","16.0","9.8"
"20210210","제주특별자치도","서귀포시","9.1","12.9","5.1","10.3","7.4","11.1","4.1","0.0","0.0","2.9","7.7","9.5","5.4","0.0","0.0","0.0","73.8","60.3","61.8","6.8","1.6","5.5","0.0","0.0","0.0","5.5","8.6","2.5"
"20210209","제주특별자치도","제주시","4.8","7.8","2.9","6.6","6.0","8.9","3.3","0.0","0.0","1.6","7.8","0.8","3.2","14.77","5.11","0.0","59.4","57.4","63.8","4.1","6.6","6.7","0.0","0.0","0.0","9.1","11.3","4.1"
"20210209","제주특별자치도","북제주군","4.7","6.3","2.8","7.0","6.0","8.8","3.5","0.0","0.0","0.9","10.1","1.7","3.9","16.01","4.46","0.0","69.9","64.0","68.3","5.0","6.1","0.0","0.0","0.0","0.0","13.7","17.8","9.6"
"20210209","제주특별자치도","서귀포시","7.7","10.5","5.1","6.1","7.4","11.1","4.0","0.0","0.0","1.7","3.6","6.7","5.3","0.0","0.0","0.0","74.9","60.9","62.0","6.0","4.0","5.7","0.0","0.0","0.0","5.7","10.1","2.5"
"20210208","제주특별자치도","제주시","4.1","7.5","2.3","6.9","6.0","8.8","3.4","0.0","0.0","1.5","4.8","0.1","3.1","11.53","3.23","0.0","57.3","58.8","63.8","5.5","8.3","6.7","0.0","0.0","0.0","11.0","13.4","4.0"
"20210208","제주특별자치도","북제주군","3.8","7.8","2.0","6.8","5.9","8.6","3.6","0.0","0.0","0.9","8.4","1.9","3.9","13.35","5.62","0.0","70.1","64.9","68.4","6.6","8.6","0.0","0.0","0.0","0.0","18.5","20.2","9.4"
"20210208","제주특별자치도","서귀포시","8.2","11.1","6.1","7.3","7.3","11.0","4.1","0.0","0.0","1.5","8.1","7.9","5.2","0.0","0.0","0.0","62.1","63.5","62.2","4.0","4.5","5.6","0.0","0.0","0.0","9.8","10.0","2.5"
"20210207","제주특별자치도","제주시","11.0","15.1","7.5","6.4","6.0","8.8","3.4","0.0","0.0","1.5","8.0","3.8","3.1","12.89","9.63","0.0","68.8","60.5","63.6","1.9","8.5","6.7","0.0","0.0","0.0","8.8","9.5","4.0"
"20210207","제주특별자치도","북제주군","11.2","15.8","7.6","6.2","6.0","8.6","3.6","0.0","0.0","1.0","8.5","6.8","4.0","12.43","12.4","0.0","76.3","65.5","68.2","1.0","7.5","0.0","0.0","0.0","0.0","14.5","13.7","9.5"
"20210207","제주특별자치도","서귀포시","11.4","16.2","6.5","8.3","7.3","10.9","4.0","0.0","0.0","1.6","9.2","5.6","5.2","0.0","0.0","0.0","69.9","63.5","62.6","1.0","7.5","5.6","0.0","0.0","0.0","9.6","4.9","2.5"
"20210206","제주특별자치도","제주시","10.6","14.6","7.5","3.3","6.1","8.8","3.5","0.0","0.0","1.4","9.5","5.1","3.1","15.52","12.62","0.0","70.4","53.8","63.1","1.1","6.3","6.7","0.0","0.0","0.0","11.0","7.7","3.9"
"20210206","제주특별자치도","북제주군","10.6","15.4","6.3","2.8","6.0","8.7","3.7","0.0","0.0","1.0","6.2","8.0","4.0","9.79","13.66","0.0","80.9","62.9","67.4","5.6","5.8","0.0","0.0","0.0","0.0","13.4","13.1","9.2"
"20210206","제주특별자치도","서귀포시","10.1","14.4","5.5","5.5","7.3","10.9","4.1","0.0","0.0","1.2","9.6","3.8","5.3","0.0","0.0","0.0","80.3","67.4","62.4","1.1","5.3","5.5","0.0","0.0","0.0","10.4","7.0","2.5"
"20210205","제주특별자치도","제주시","7.1","9.9","2.2","3.4","6.0","8.8","3.3","0.0","0.7","1.3","0.0","2.0","3.2","4.26","8.35","0.0","57.6","63.6","62.5","8.1","7.0","6.6","0.0","0.0","0.0","6.2","14.5","3.9"
"20210205","제주특별자치도","북제주군","7.4","10.9","3.8","3.3","5.9","8.6","3.6","1.5","0.2","0.9","0.2","6.0","4.1","3.3","9.33","0.0","67.9","72.0","66.4","8.3","7.8","0.0","0.0","0.0","0.0","9.0","17.8","9.2"
"20210205","제주특별자치도","서귀포시","8.0","10.9","5.3","6.6","7.2","10.9","3.9","2.0","0.0","1.1","0.2","9.5","5.6","0.0","0.0","0.0","78.4","67.0","61.5","8.1","1.8","5.3","0.0","0.0","0.0","2.9","8.2","2.5"
"20210204","제주특별자치도","제주시","6.4","9.5","3.6","5.6","5.7","8.4","3.2","0.1","0.0","1.2","8.1","8.2","3.2","15.1","15.17","0.0","56.3","60.3","62.1","3.4","1.4","6.5","0.0","0.0","0.0","16.5","6.1","3.9"
"20210204","제주특별자치도","북제주군","6.3","11.1","2.9","5.5","5.6","8.0","3.5","0.1","0.0","0.9","9.7","10.3","4.1","14.97","15.67","0.0","70.1","65.9","66.0","3.8","1.3","0.0","0.0","0.0","0.0","23.4","10.7","9.4"
"20210204","제주특별자치도","서귀포시","9.0","11.9","6.1","7.9","7.0","10.7","3.7","0.1","0.0","1.1","9.6","9.1","5.8","0.0","0.0","0.0","67.6","62.6","61.0","2.0","2.5","5.2","0.0","0.0","0.0","7.4","5.3","2.4"
"20210203","제주특별자치도","제주시","5.8","8.6","3.6","6.9","5.5","8.2","3.0","0.0","0.0","1.0","8.6","0.7","3.1","14.72","4.89","0.0","49.5","65.0","62.5","3.1","6.9","6.7","0.0","0.0","0.0","11.9","11.5","4.0"
"20210203","제주특별자치도","북제주군","6.3","9.1","3.7","7.2","5.4","7.8","3.2","0.0","0.0","0.8","9.4","6.4","4.0","13.9","10.5","0.0","59.9","68.5","66.0","2.9","6.1","0.0","0.0","0.0","0.0","21.1","16.1","9.8"
"20210203","제주특별자치도","서귀포시","5.7","8.7","2.3","8.8","6.9","10.5","3.5","0.0","0.0","1.1","9.0","8.3","5.9","0.0","0.0","0.0","60.9","59.1","61.0","1.9","4.6","5.2","0.0","0.0","0.0","7.1","7.6","2.4"
"20210202","제주특별자치도","제주시","4.2","10.0","2.9","7.7","5.5","8.2","3.0","0.0","0.0","1.2","5.6","5.3","2.9","11.84","12.06","0.0","57.1","61.8","63.0","5.4","3.0","6.8","0.0","0.0","0.0","13.1","7.0","4.0"
"20210202","제주특별자치도","북제주군","3.7","8.9","2.3","7.9","5.4","7.8","3.1","0.0","0.0","0.9","8.3","8.5","3.7","12.01","12.79","0.0","66.8","67.0","66.4","3.6","3.9","0.0","0.0","0.0","0.0","21.1","11.5","9.8"
"20210202","제주특별자치도","서귀포시","6.6","11.2","2.1","8.2","6.8","10.5","3.5","0.0","0.0","1.3","9.6","8.8","5.6","0.0","0.0","0.0","54.8","69.6","61.6","1.1","2.5","5.3","0.0","0.0","0.0","9.7","4.7","2.3"
"20210201","제주특별자치도","제주시","11.6","15.8","9.8","8.2","5.5","8.1","3.0","22.4","0.0","1.4","0.0","4.6","2.7","2.03","9.43","0.0","80.8","60.3","63.4","9.9","4.0","6.9","0.0","0.0","0.0","14.1","6.6","4.0"
"20210201","제주특별자치도","북제주군","11.1","15.1","8.8","8.5","5.4","7.7","3.1","23.2","0.0","0.9","0.0","9.7","3.5","1.77","12.7","0.0","92.1","65.8","66.7","9.4","2.9","0.0","0.0","0.0","0.0","23.1","13.7","9.9"
"20210201","제주특별자치도","서귀포시","12.1","15.1","10.1","8.3","6.8","10.5","3.5","25.0","0.0","1.4","0.0","9.6","5.5","0.0","0.0","0.0","92.0","68.0","62.0","9.9","0.8","5.4","0.0","0.0","0.0","16.4","4.7","2.3"
"20210131","제주특별자치도","제주시","10.7","14.9","5.6","7.2","5.6","8.2","3.3","0.0","0.0","1.9","3.0","0.0","2.6","10.1","3.41","0.0","59.9","56.9","64.0","7.1","8.4","6.9","0.0","0.0","0.0","5.4","10.1","4.0"
"20210131","제주특별자치도","북제주군","11.5","14.7","5.6","6.6","5.5","7.9","3.3","2.0","0.0","1.0","4.0","1.1","3.4","9.67","3.86","0.0","73.9","63.9","67.1","7.5","8.6","0.0","0.0","0.0","0.0","15.2","17.1","9.8"
"20210131","제주특별자치도","서귀포시","11.2","14.8","5.1","7.6","6.9","10.5","3.7","3.3","0.0","1.5","2.5","8.4","5.4","0.0","0.0","0.0","73.8","63.4","62.4","7.6","3.6","5.5","0.0","0.0","0.0","12.7","5.6","2.3"
"20210130","제주특별자치도","제주시","7.8","11.7","2.2","8.3","5.8","8.5","3.3","0.0","0.1","2.1","7.4","0.6","2.6","12.94","4.23","0.0","54.5","61.8","63.8","3.6","8.5","6.9","0.0","0.0","0.0","10.2","15.3","4.1"
"20210130","제주특별자치도","북제주군","7.8","11.1","1.8","7.6","5.7","8.2","3.3","0.0","0.3","1.2","7.9","2.7","3.5","10.68","6.54","0.0","65.1","69.6","67.0","4.8","8.4","0.0","0.0","0.0","0.0","13.4","22.3","9.6"
"20210130","제주특별자치도","서귀포시","6.9","11.2","1.4","8.1","7.0","10.6","3.7","0.0","0.1","1.7","9.1","6.9","5.3","0.0","0.0","0.0","64.9","70.0","62.6","1.3","5.8","5.4","0.0","0.0","0.0","9.3","7.5","2.4"
"20210129","제주특별자치도","제주시","2.5","5.3","0.3","9.6","5.8","8.4","3.3","0.2","0.0","2.4","2.8","0.7","2.7","8.81","6.41","0.0","58.4","67.8","62.9","6.4","7.6","6.7","0.3","0.0","0.0","20.7","11.0","4.0"
"20210129","제주특별자치도","북제주군","2.7","4.7","0.0","8.7","5.7","8.2","3.3","0.0","0.9","1.2","7.2","3.7","3.6","11.02","7.5","0.0","64.5","77.6","66.1","6.6","6.8","0.0","0.0","0.0","0.0","30.2","16.7","9.4"
"20210129","제주특별자치도","서귀포시","2.7","6.7","0.0","9.3","6.9","10.6","3.7","0.0","0.0","1.9","8.9","8.1","5.4","0.0","0.0","0.0","60.1","70.4","62.1","2.5","5.9","5.3","0.0","0.0","0.0","10.7","7.7","2.4"
"20210128","제주특별자치도","제주시","6.2","10.6","0.4","9.9","5.7","8.2","3.3","0.5","0.0","2.7","2.1","0.0","2.7","6.49","3.96","0.0","60.3","73.4","62.7","6.9","9.5","6.6","0.5","0.0","0.0","22.2","9.2","4.1"
"20210128","제주특별자치도","북제주군","6.5","11.3","1.2","9.3","5.7","8.1","3.3","0.0","0.1","1.2","4.9","2.1","3.6","6.44","6.62","0.0","68.6","79.3","65.5","6.4","8.0","0.0","0.0","0.0","0.0","32.1","14.8","9.6"
"20210128","제주특별자치도","서귀포시","6.5","11.7","0.8","9.9","6.9","10.5","3.7","0.0","0.0","2.2","9.0","4.3","5.5","0.0","0.0","0.0","60.9","86.9","61.0","4.1","7.1","5.3","0.0","0.0","0.0","14.8","5.8","2.5"
"20210127","제주특별자치도","제주시","7.6","10.0","5.8","9.8","5.7","8.1","3.2","0.0","60.3","2.7","9.0","0.0","2.7","14.36","1.44","0.0","52.8","84.1","62.9","1.8","10.0","6.7","0.0","0.0","0.0","8.4","22.2","4.2"
"20210127","제주특별자치도","북제주군","7.1","8.6","5.3","9.3","5.7","8.0","3.2","0.0","14.6","1.5","9.9","0.0","3.5","14.48","3.54","0.0","59.6","86.9","65.8","2.0","8.8","0.0","0.0","0.0","0.0","17.4","17.9","9.7"
"20210127","제주특별자치도","서귀포시","9.5","13.7","5.9","9.8","6.8","10.4","3.5","0.0","32.6","2.3","9.6","0.3","5.3","0.0","0.0","0.0","60.9","90.9","61.1","1.5","9.1","5.2","0.0","0.0","0.0","5.6","12.9","2.5"
"20210126","제주특별자치도","제주시","10.4","12.8","8.8","11.6","5.4","7.9","3.0","19.7","10.1","2.2","0.0","0.0","2.7","1.41","3.51","0.0","84.6","74.0","62.9","9.4","9.8","6.7","0.0","0.0","0.0","12.1","15.7","4.3"
"20210126","제주특별자치도","북제주군","10.2","12.3","8.3","10.9","5.4","7.7","2.9","14.3","5.2","1.4","0.4","0.0","3.5","4.26","3.73","0.0","89.0","77.5","65.9","8.9","10.0","0.0","0.0","0.0","0.0","16.8","13.0","9.9"
"20210126","제주특별자치도","서귀포시","12.4","15.5","9.4","11.3","6.6","10.2","3.3","10.6","7.8","2.2","1.7","0.3","5.4","0.0","0.0","0.0","89.4","86.6","61.5","6.9","9.9","5.3","0.0","0.0","0.0","6.4","12.1","2.5"
"20210125","제주특별자치도","제주시","12.6","15.3","11.3","11.9","5.3","7.7","3.0","0.0","1.0","2.6","2.7","0.0","2.4","8.71","1.57","0.0","66.9","77.9","63.7","8.4","10.0","7.0","0.0","0.0","0.0","13.3","11.5","4.4"
"20210125","제주특별자치도","북제주군","12.1","16.9","8.3","11.7","5.3","7.6","2.9","0.0","2.7","1.6","8.3","0.0","3.2","12.26","2.99","0.0","71.4","78.9","66.5","6.6","10.0","0.0","0.0","0.0","0.0","13.1","9.1","10.3"
"20210125","제주특별자치도","서귀포시","12.4","14.9","10.6","12.1","6.5","10.1","3.3","0.0","4.5","2.4","5.2","0.0","5.3","0.0","0.0","0.0","73.4","86.0","61.5","8.0","10.0","5.5","0.0","0.0","0.0","10.6","9.0","2.5"
"20210124","제주특별자치도","제주시","11.8","13.6","10.4","11.3","5.4","7.8","3.1","0.2","0.0","2.8","6.0","0.7","2.1","11.27","7.88","0.0","64.3","64.5","64.9","6.8","9.0","7.3","0.0","0.0","0.0","13.1","8.0","4.3"
"20210124","제주특별자치도","북제주군","11.1","14.2","9.3","10.3","5.4","7.7","3.0","0.3","0.0","2.0","8.9","1.5","2.9","12.96","7.31","0.0","70.5","73.8","67.5","4.9","9.3","0.0","0.0","0.0","0.0","17.9","12.3","10.3"
"20210124","제주특별자치도","서귀포시","11.4","13.9","9.9","12.8","6.6","10.1","3.4","0.1","0.0","2.8","8.8","1.8","5.1","0.0","0.0","0.0","72.4","77.0","62.5","5.5","9.3","5.7","0.0","0.0","0.0","10.5","8.4","2.5"
"20210123","제주특별자치도","제주시","12.5","13.5","11.1","11.2","5.4","7.9","3.1","57.8","0.7","3.1","0.0","0.1","2.0","0.76","4.34","0.0","90.0","87.3","65.6","10.0","9.3","7.5","0.0","0.0","0.0","15.2","7.2","4.3"
"20210123","제주특별자치도","북제주군","12.3","14.9","10.8","10.7","5.4","7.8","3.0","24.2","0.0","2.2","0.1","3.4","2.8","2.18","6.35","0.0","94.9","90.1","68.4","8.0","9.1","0.0","0.0","0.0","0.0","15.6","11.6","10.2"
"20210123","제주특별자치도","서귀포시","12.7","14.1","10.9","13.3","6.7","10.2","3.5","21.6","0.0","2.8","0.0","1.5","5.0","0.0","0.0","0.0","94.1","99.0","63.4","10.0","8.9","5.8","0.0","0.0","0.0","11.4","3.4","2.5"
"20210122","제주특별자치도","제주시","12.7","14.5","11.5","11.4","5.6","8.1","3.3","8.2","25.8","3.3","0.0","0.0","2.0","1.68","1.78","0.0","91.4","85.1","65.8","10.0","10.0","7.5","0.0","0.0","0.0","6.7","4.6","4.3"
"20210122","제주특별자치도","북제주군","12.2","15.7","11.0","11.6","5.5","8.0","3.3","10.6","37.0","2.2","0.0","0.0","2.9","1.8","1.16","0.0","98.9","95.3","68.6","8.9","10.0","0.0","0.0","0.0","0.0","14.1","9.9","10.2"
"20210122","제주특별자치도","서귀포시","13.3","15.2","11.1","11.9","6.8","10.3","3.8","10.6","32.4","3.1","0.0","0.0","5.0","0.0","0.0","0.0","98.1","95.6","63.8","10.0","10.0","6.1","0.0","0.0","0.0","4.9","3.1","2.5"
"20210121","제주특별자치도","제주시","12.6","17.9","7.3","7.4","5.8","8.3","3.6","0.5","0.0","3.2","5.4","8.9","2.0","9.89","13.61","0.0","66.8","57.8","65.4","7.4","3.1","7.6","0.0","0.0","0.0","5.1","7.8","4.2"
"20210121","제주특별자치도","북제주군","13.1","17.9","7.8","7.1","5.8","8.2","3.5","0.3","0.0","2.2","5.5","9.3","2.9","8.38","12.21","0.0","84.1","67.3","68.2","7.5","4.6","0.0","0.0","0.0","0.0","9.3","14.5","10.0"
"20210121","제주특별자치도","서귀포시","13.4","16.6","9.6","8.3","7.1","10.5","4.0","1.0","0.0","3.1","6.4","8.8","4.9","0.0","0.0","0.0","84.9","68.3","63.8","7.5","3.4","6.2","0.0","0.0","0.0","4.2","6.7","2.5"
"20210120","제주특별자치도","제주시","9.2","15.9","3.8","8.4","6.0","8.4","3.6","0.0","0.0","2.7","7.3","3.6","2.0","12.79","8.71","0.0","58.3","50.3","64.9","1.8","5.5","7.5","0.0","0.0","0.0","8.7","10.7","4.1"
"20210120","제주특별자치도","북제주군","8.9","14.4","2.3","8.1","5.9","8.3","3.7","0.0","0.0","1.9","5.6","6.6","2.9","9.26","8.63","0.0","71.5","58.8","67.8","5.3","5.8","0.0","0.0","0.0","0.0","9.2","16.7","9.8"
"20210120","제주특별자치도","서귀포시","9.8","13.6","4.5","8.2","7.2","10.6","4.1","0.0","0.0","2.6","6.0","8.0","4.8","0.0","0.0","0.0","71.1","53.0","64.1","5.8","3.1","6.1","0.0","0.0","0.0","5.5","10.1","2.5"
"20210119","제주특별자치도","제주시","4.0","6.3","2.0","8.6","6.0","8.5","3.6","0.0","0.0","2.4","9.0","0.0","2.1","13.79","1.88","0.0","53.3","58.0","64.9","0.6","8.8","7.4","0.0","0.0","0.0","9.5","11.0","4.1"
"20210119","제주특별자치도","북제주군","3.8","6.0","2.3","8.4","6.0","8.3","3.7","0.0","0.0","1.5","9.9","0.0","3.0","13.95","1.85","0.0","59.8","65.4","67.8","1.1","9.5","0.0","0.0","0.0","0.0","18.6","17.0","9.6"
"20210119","제주특별자치도","서귀포시","5.6","9.7","2.4","7.9","7.3","10.7","4.2","0.0","0.0","2.1","9.4","0.7","4.9","0.0","0.0","0.0","66.0","68.0","63.8","0.5","8.5","6.0","0.0","0.0","0.0","6.7","8.5","2.5"
"20210118","제주특별자치도","제주시","6.6","9.9","3.1","7.0","6.1","8.5","3.8","0.0","0.0","2.2","3.1","2.0","2.0","7.57","6.7","0.0","50.6","58.0","64.9","6.1","5.8","7.4","0.0","0.0","0.0","18.6","11.8","4.0"
"20210118","제주특별자치도","북제주군","7.1","10.0","4.1","6.8","6.1","8.3","3.9","0.0","0.0","1.6","5.5","3.4","2.8","6.9","5.69","0.0","56.0","65.0","67.6","6.1","7.1","0.0","0.0","0.0","0.0","24.0","18.5","9.5"
"20210118","제주특별자치도","서귀포시","6.4","9.4","2.4","7.1","7.3","10.7","4.3","0.0","0.0","2.3","5.5","9.2","4.7","0.0","0.0","0.0","54.1","63.8","64.1","4.5","1.5","6.0","0.0","0.0","0.0","13.1","6.8","2.4"
"20210117","제주특별자치도","제주시","3.1","4.4","1.2","6.9","6.0","8.4","3.7","2.0","0.0","1.9","0.4","5.6","2.1","3.56","10.62","0.0","69.0","52.0","64.4","9.0","5.5","7.3","0.0","0.0","0.0","15.7","8.4","3.9"
"20210117","제주특별자치도","북제주군","3.4","5.0","2.3","6.5","6.0","8.2","3.8","0.0","0.0","1.3","2.5","6.2","3.0","5.73","9.72","0.0","61.9","63.1","66.9","9.3","7.8","0.0","0.0","0.0","0.0","25.4","16.8","9.4"
"20210117","제주특별자치도","서귀포시","3.0","6.5","1.3","8.6","7.2","10.7","4.2","0.0","0.0","1.8","7.2","4.8","4.8","0.0","0.0","0.0","62.6","59.3","63.4","6.1","5.4","5.9","0.0","0.0","0.0","9.4","4.6","2.4"
"20210116","제주특별자치도","제주시","5.1","8.6","2.8","6.3","6.0","8.4","3.7","0.0","0.0","2.3","1.3","0.6","2.0","5.63","6.69","0.0","64.6","55.8","64.8","9.0","9.4","7.2","0.0","0.0","0.0","14.2","6.9","3.9"
"20210116","제주특별자치도","북제주군","4.8","8.6","2.7","5.9","6.0","8.1","3.8","0.0","0.0","1.3","5.5","0.2","2.9","7.09","5.41","0.0","70.5","65.0","67.4","8.9","9.4","0.0","0.0","0.0","0.0","23.4","12.0","9.5"
"20210116","제주특별자치도","서귀포시","7.6","11.5","2.8","8.2","7.3","10.8","4.2","0.0","0.0","2.0","7.4","0.8","4.7","0.0","0.0","0.0","68.9","78.9","63.8","6.0","9.6","5.9","0.0","0.0","0.0","9.7","4.8","2.3"
"20210115","제주특별자치도","제주시","12.1","18.2","7.7","5.6","6.1","8.4","3.8","0.0","0.0","2.5","7.7","0.0","1.9","12.33","3.5","0.0","67.9","61.8","65.4","5.4","8.9","7.4","0.0","0.0","0.0","13.1","11.5","4.0"
"20210115","제주특별자치도","북제주군","13.6","16.7","8.5","5.6","6.0","8.2","3.8","0.0","0.0","1.6","6.6","3.6","2.8","9.45","7.24","0.0","76.3","63.6","67.8","5.5","8.9","0.0","0.0","0.0","0.0","17.0","15.1","9.5"
"20210115","제주특별자치도","서귀포시","14.1","17.1","11.0","6.4","7.2","10.7","4.2","0.0","0.0","2.5","4.0","6.6","4.5","0.0","0.0","0.0","72.6","70.9","64.4","5.5","6.5","6.1","0.0","0.0","0.0","8.9","5.5","2.3"
"20210114","제주특별자치도","제주시","10.8","15.4","7.9","4.8","6.2","8.4","3.9","0.0","4.6","2.1","8.5","0.5","1.9","11.67","1.52","0.0","62.5","73.5","64.8","0.3","8.3","7.5","0.0","0.0","0.0","7.7","9.7","4.1"
"20210114","제주특별자치도","북제주군","12.4","15.3","9.2","4.6","6.1","8.2","3.9","0.0","0.7","1.3","9.2","3.0","2.8","10.87","4.55","0.0","65.5","78.1","67.3","0.4","8.6","0.0","0.0","0.0","0.0","11.3","13.2","9.6"
"20210114","제주특별자치도","서귀포시","11.3","14.7","7.2","5.4","7.2","10.6","4.2","0.0","12.4","2.3","8.9","2.2","4.6","0.0","0.0","0.0","69.0","88.5","64.1","2.3","7.3","6.2","0.0","0.0","0.0","4.7","4.1","2.4"
"20210113","제주특별자치도","제주시","10.0","13.6","5.2","7.1","6.2","8.4","3.9","0.0","0.0","1.8","8.6","1.2","2.1","12.05","5.47","0.0","48.9","56.6","64.1","2.4","9.0","7.3","0.0","0.0","0.0","13.1","10.8","4.1"
"20210113","제주특별자치도","북제주군","10.9","12.3","7.1","6.5","6.1","8.3","4.0","0.0","0.0","0.9","9.0","1.6","3.0","10.56","5.1","0.0","55.6","64.4","67.0","1.9","9.1","0.0","0.0","0.0","0.0","18.1","17.8","9.6"
"20210113","제주특별자치도","서귀포시","9.7","13.1","3.8","7.0","7.2","10.8","4.2","0.0","0.0","1.7","7.6","7.5","4.6","0.0","0.0","0.0","56.9","59.8","63.4","3.0","5.3","6.0","0.0","0.0","0.0","9.3","8.0","2.4"
"20210112","제주특별자치도","제주시","4.7","6.4","2.6","7.5","6.2","8.4","4.0","1.2","0.0","1.7","1.0","0.2","2.0","3.74","3.32","0.0","62.3","59.1","64.0","7.9","8.6","7.3","0.0","0.0","0.0","13.6","13.3","4.1"
"20210112","제주특별자치도","북제주군","4.9","7.4","1.2","7.1","6.1","8.2","4.1","2.3","0.0","0.9","3.2","3.0","2.9","5.73","4.87","0.0","72.9","65.9","67.2","6.1","8.1","0.0","0.0","0.0","0.0","21.2","18.7","9.7"
"20210112","제주특별자치도","서귀포시","4.3","7.4","1.6","7.5","7.2","10.8","4.2","0.0","0.0","1.7","4.6","8.2","4.6","0.0","0.0","0.0","66.9","62.8","63.8","4.8","4.8","5.9","0.0","0.0","0.0","6.8","11.9","2.4"
"20210111","제주특별자치도","제주시","3.4","5.1","1.5","8.0","6.2","8.4","4.0","10.8","0.0","1.4","0.0","0.4","2.0","1.24","4.78","0.0","79.0","60.4","63.8","10.0","9.1","7.3","0.0","0.0","0.0","10.4","9.0","4.2"
"20210111","제주특별자치도","북제주군","3.7","5.1","1.6","7.7","6.2","8.4","4.1","11.0","0.0","0.9","0.1","1.8","2.8","2.58","4.92","0.0","83.3","67.3","66.8","9.8","9.4","0.0","0.0","0.0","0.0","19.5","13.5","9.7"
"20210111","제주특별자치도","서귀포시","4.2","6.7","2.6","9.9","7.2","10.8","4.1","0.1","0.3","1.4","0.0","0.0","4.8","0.0","0.0","0.0","73.4","79.0","63.3","10.0","10.0","5.7","0.0","0.0","0.0","4.7","4.4","2.4"
"20210110","제주특별자치도","제주시","3.6","5.1","0.8","8.0","6.2","8.5","4.0","0.0","0.0","1.9","0.0","7.8","1.9","2.63","11.44","0.0","62.9","63.0","63.7","8.9","5.5","7.3","0.0","0.0","0.0","13.9","6.3","4.2"
"20210110","제주특별자치도","북제주군","3.8","5.2","0.6","7.7","6.2","8.4","4.1","1.5","0.0","1.0","0.5","7.6","2.7","2.78","11.07","0.0","72.0","70.9","66.7","9.0","6.0","0.0","0.0","0.0","0.0","20.7","12.0","9.8"
"20210110","제주특별자치도","서귀포시","2.4","5.6","-2.0","9.4","7.2","10.9","4.2","0.0","0.0","1.3","1.2","5.4","4.8","0.0","0.0","0.0","69.5","71.9","63.0","7.3","6.0","5.6","0.0","0.0","0.0","5.9","4.9","2.4"
"20210109","제주특별자치도","제주시","1.2","3.1","-2.1","7.3","6.3","8.6","4.1","0.9","0.0","2.0","0.4","0.0","1.8","3.75","3.75","0.0","71.4","65.5","64.1","8.3","9.4","7.3","0.0","0.0","0.0","19.0","9.2","4.3"
"20210109","제주특별자치도","북제주군","1.0","3.4","-1.3","6.8","6.3","8.6","4.2","5.0","0.0","1.2","1.8","0.0","2.6","4.17","2.65","0.0","82.4","72.6","67.2","8.4","9.1","0.0","0.0","0.0","0.0","28.5","16.6","10.1"
"20210109","제주특별자치도","서귀포시","0.0","2.8","-2.6","8.4","7.3","11.0","4.3","2.6","0.0","1.8","4.5","0.0","4.6","0.0","0.0","0.0","74.8","82.3","63.5","7.6","8.8","5.6","1.9","0.0","0.0","9.5","6.7","2.4"
"20210108","제주특별자치도","제주시","-1.1","1.0","-2.7","8.1","6.5","8.9","4.2","6.1","1.4","1.9","0.2","0.1","1.9","3.41","2.03","0.0","74.9","68.9","64.1","8.9","9.0","7.4","4.5","0.0","0.0","22.2","20.2","4.3"
"20210108","제주특별자치도","북제주군","-0.9","0.9","-2.8","7.8","6.5","8.8","4.2","0.0","0.7","1.2","1.4","1.0","2.8","3.93","2.33","0.0","86.4","75.6","67.1","9.6","9.4","0.0","0.0","0.0","0.0","28.7","29.6","10.1"
"20210108","제주특별자치도","서귀포시","-1.7","1.3","-3.4","7.8","7.5","11.2","4.4","3.0","2.4","1.9","4.4","7.1","4.9","0.0","0.0","0.0","76.8","80.5","63.4","8.5","5.9","5.5","2.5","0.0","0.0","9.3","16.0","2.5"
"20210107","제주특별자치도","제주시","-1.1","4.4","-3.1","19.2","6.6","9.1","4.1","7.9","12.4","2.1","0.0","2.6","2.0","3.14","8.37","0.0","76.5","69.8","64.3","9.0","8.9","7.2","6.5","0.0","0.0","23.4","23.5","4.4"
"20210107","제주특별자치도","북제주군","-1.3","3.6","-2.8","16.5","6.6","9.0","4.2","0.0","13.4","1.4","1.3","0.2","2.8","3.19","2.09","0.0","83.4","92.3","67.1","9.6","6.6","0.0","0.0","0.0","0.0","31.9","29.6","10.0"
"20210107","제주특별자치도","서귀포시","-1.9","2.9","-3.4","16.8","7.6","11.3","4.5","1.3","16.3","2.1","4.4","0.0","4.8","0.0","0.0","0.0","76.1","99.0","63.4","8.3","9.9","5.6","0.6","0.0","0.0","10.7","14.3","2.5"
"20210106","제주특별자치도","제주시","4.0","5.6","1.7","14.5","6.6","9.3","4.0","0.6","0.3","2.0","1.6","0.0","2.4","5.71","1.3","0.0","60.8","62.5","63.8","9.0","10.0","6.8","0.0","0.0","0.0","20.2","11.6","4.3"
"20210106","제주특별자치도","북제주군","3.8","5.7","2.0","15.0","6.6","9.1","4.3","0.5","0.5","1.1","2.2","0.0","3.1","4.84","1.21","0.0","68.9","79.5","67.0","9.5","9.9","0.0","0.0","0.0","0.0","28.0","11.8","9.9"
"20210106","제주특별자치도","서귀포시","3.6","5.9","2.5","14.6","7.8","11.4","4.7","0.4","1.3","2.0","5.2","0.0","4.7","0.0","0.0","0.0","62.0","88.1","63.5","8.6","10.0","5.5","0.0","0.0","0.0","10.4","6.9","2.6"
"20210105","제주특별자치도","제주시","5.6","9.0","2.6","8.5","6.8","9.5","4.2","0.0","0.0","1.8","0.0","5.2","2.7","2.77","9.79","0.0","66.0","61.9","63.1","9.5","6.0","6.6","0.0","0.0","0.0","15.6","5.8","4.1"
"20210105","제주특별자치도","북제주군","5.9","9.2","3.1","9.3","6.8","9.3","4.4","0.0","0.0","1.0","0.8","6.2","3.4","4.81","9.32","0.0","72.0","62.0","66.7","8.9","6.6","0.0","0.0","0.0","0.0","18.2","10.9","9.5"
"20210105","제주특별자치도","서귀포시","7.2","10.3","4.3","9.6","8.0","11.6","4.9","0.0","0.0","1.7","2.4","6.0","4.9","0.0","0.0","0.0","60.8","66.1","63.3","7.4","6.1","5.4","0.0","0.0","0.0","5.3","4.3","2.5"
"20210104","제주특별자치도","제주시","5.9","9.2","2.2","7.9","6.9","9.6","4.2","0.0","0.0","1.5","4.4","6.1","2.9","8.38","10.1","0.0","57.8","66.5","62.5","6.0","2.0","6.3","0.0","0.0","0.0","5.9","7.1","4.0"
"20210104","제주특별자치도","북제주군","6.4","9.0","3.4","8.2","6.9","9.5","4.5","0.0","0.0","0.7","4.7","9.2","3.6","6.1","11.33","0.0","60.9","71.3","65.7","6.1","2.1","0.0","0.0","0.0","0.0","10.6","12.1","9.2"
"20210104","제주특별자치도","서귀포시","6.5","10.8","3.2","9.7","8.0","11.7","4.8","0.0","0.0","1.0","6.7","9.1","5.1","0.0","0.0","0.0","61.5","74.9","62.3","5.5","1.0","5.2","0.0","0.0","0.0","5.2","4.8","2.4"
"20210103","제주특별자치도","제주시","4.5","6.3","2.7","8.8","6.9","9.5","4.2","0.0","0.0","1.5","3.1","0.5","2.9","7.85","4.96","0.0","57.0","66.9","62.5","7.8","6.4","6.3","0.0","0.0","0.0","7.9","8.5","4.1"
"20210103","제주특별자치도","북제주군","3.5","5.0","1.7","8.8","6.9","9.4","4.5","0.0","0.0","0.7","4.4","1.1","3.4","6.95","5.08","0.0","69.4","72.5","65.6","7.5","6.6","0.0","0.0","0.0","0.0","10.8","12.2","9.4"
"20210103","제주특별자치도","서귀포시","6.3","9.1","3.8","9.5","7.9","11.6","4.7","0.0","0.0","0.9","4.9","4.1","5.1","0.0","0.0","0.0","69.3","87.3","62.2","7.3","3.6","5.1","0.0","0.0","0.0","6.1","5.4","2.4"
"20210102","제주특별자치도","제주시","5.9","8.4","2.8","8.1","6.9","9.5","4.3","0.0","0.0","1.6","1.4","0.0","2.8","5.45","2.17","0.0","56.4","66.8","62.6","6.8","8.3","6.4","0.0","0.0","0.0","11.8","6.0","4.2"
"20210102","제주특별자치도","북제주군","5.6","8.9","2.4","8.0","6.9","9.5","4.5","0.0","0.0","0.5","4.1","0.7","3.5","5.77","3.31","0.0","64.4","70.9","65.8","6.1","7.4","0.0","0.0","0.0","0.0","17.6","10.4","9.8"
"20210102","제주특별자치도","서귀포시","6.5","10.2","3.7","8.7","7.8","11.5","4.5","0.0","0.0","0.8","5.5","1.6","5.3","0.0","0.0","0.0","63.0","85.1","62.0","5.6","5.8","5.1","0.0","0.0","0.0","6.9","3.6","2.4"
"20210101","제주특별자치도","제주시","5.5","7.2","4.0","5.2","7.0","9.6","4.4","0.0","0.0","1.7","0.1","0.1","2.5","2.55","3.86","0.0","54.4","62.9","62.8","9.3","9.0","6.7","0.0","0.0","0.0","13.4","8.2","4.3"
"20210101","제주특별자치도","북제주군","5.6","7.2","4.1","5.2","7.0","9.6","4.5","0.0","0.0","0.6","0.0","5.5","3.3","1.69","8.71","0.0","63.9","68.8","65.9","9.1","8.8","0.0","0.0","0.0","0.0","19.5","12.7","10.0"
"20210101","제주특별자치도","서귀포시","4.7","6.3","2.3","7.0","7.8","11.6","4.5","0.0","0.0","0.8","1.5","6.0","5.2","0.0","0.0","0.0","61.4","75.0","62.2","7.9","6.8","5.2","0.0","0.0","0.0","9.5","5.9","2.4"
